5000
-10   -9   -8   -7   -6   -5   -4   -3   -2   -1   0   1   2   3   4   5   6   7   8   9   10   11   12   13   14   15   16   17   18   
-0.300098   -0.267555   -0.233683   -0.196195   -0.154345   -0.10934   -0.0637942   -0.0222335   0.00748812   0.0140379   1.10598e-06   -0.0140332   -0.00745969   0.0223074   0.0639384   0.109574   0.154682   0.196651   0.234265   0.268236   0.300882   0.334257   0.369373   0.40635   0.444885   0.484563   0.525048   0.565968   0.607009   
0.113423   0.102329   0.0922264   0.0835274   0.0763796   0.0707158   0.066367   0.063228   0.0612632   0.0604281   0.0602885   0.0604252   0.061258   0.0632193   0.0663546   0.0706978   0.0763571   0.0834967   0.0921944   0.102303   0.113407   0.125089   0.137088   0.149297   0.161763   0.174476   0.187402   0.200563   0.213956   
0.00125642   -0.00504739   -0.0106422   -0.015217   -0.0185702   -0.0206362   -0.021341   -0.0203957   -0.0170467   -0.0100372   1.09843e-07   0.0100369   0.0170435   0.0203872   0.0213234   0.0206063   0.0185257   0.0151535   0.010555   0.0049387   -0.00139018   -0.00816712   -0.0152769   -0.0226482   -0.0302316   -0.0380063   -0.0459864   -0.0541786   -0.062585   

10000
-10   -9   -8   -7   -6   -5   -4   -3   -2   -1   0   1   2   3   4   5   6   7   8   9   10   11   12   13   15   16   
-0.292363   -0.258595   -0.224537   -0.18728   -0.144123   -0.095084   -0.0429454   0.00708163   0.0419875   0.0334817   9.84903e-07   -0.0334895   -0.0419586   -0.00697884   0.0431372   0.0953793   0.144539   0.187823   0.225207   0.259394   0.293275   0.328128   0.364626   0.402981   0.519432   0.592953   
0.105621   0.0932647   0.0818599   0.0719406   0.0638678   0.0575212   0.052668   0.0491816   0.0472213   0.0471209   0.0474296   0.047117   0.0472139   0.0491712   0.0526526   0.0575006   0.0638407   0.0719075   0.0818201   0.0932282   0.105591   0.118553   0.131838   0.145264   0.181675   0.202823   
0.00878188   0.00215025   -0.00422632   -0.00995076   -0.0145904   -0.0180719   -0.0204136   -0.021379   -0.0196293   -0.011496   -5.36518e-08   0.011497   0.0196261   0.0213658   0.0203881   0.0180315   0.0145309   0.00986867   0.00411775   -0.00228731   -0.00894578   -0.0157531   -0.0226966   -0.0297709   -0.0534252   -0.0668279   

15000
-10   -9   -6   -5   -4   -3   -2   -1   0   1   2   3   4   5   6   9   10   11   12   13   14   15   16   17   18   
-0.290731   -0.255715   -0.140349   -0.0897162   -0.0341868   0.0211002   0.059423   0.0379481   3.82358e-06   -0.0379598   -0.0594017   -0.0209798   0.0344054   0.0900438   0.140803   0.256571   0.291702   0.352795   0.309592   0.509836   0.375771   0.601385   0.640789   0.456027   0.476792   
0.103179   0.0902516   0.0590051   0.0522216   0.0470338   0.0432826   0.0413267   0.0418792   0.0423434   0.0418755   0.0413184   0.0432713   0.0470158   0.0521995   0.0589763   0.0902129   0.103141   0.121373   0.137463   0.162957   0.160064   0.193998   0.207806   0.192852   0.202468   
0.0129195   0.0063014   -0.0117018   -0.0158663   -0.0190581   -0.02121   -0.0206225   -0.0113853   -7.28305e-07   0.0113874   0.02062   0.0211936   0.0190274   0.0158196   0.0116344   -0.00645278   -0.0130978   -0.0259626   -0.0221989   -0.0508015   -0.0283217   -0.0607628   -0.0654023   -0.0366863   -0.0394327   

20000
-10   -9   -5   -4   -3   -2   -1   0   1   2   3   5   9   10   11   12   13   14   15   16   
-0.407229   -0.254534   -0.0870521   -0.0296312   0.0294103   0.0692049   0.0375197   3.20687e-06   -0.0375315   -0.0691924   -0.029278   0.0874033   0.255425   0.408438   0.463916   0.5037   0.546078   0.396524   0.424177   0.441877   
0.118073   0.088842   0.0493351   0.0439069   0.0399473   0.0380402   0.0391018   0.0395947   0.0390983   0.0380308   0.0399339   0.0493124   0.0888014   0.118118   0.135271   0.150141   0.165626   0.159558   0.170936   0.179139   
0.0369218   0.00905353   -0.0140976   -0.0178025   -0.0208152   -0.0210251   -0.0108808   -8.19416e-07   0.0108826   0.0210236   0.0207963   0.0140464   -0.00921374   -0.0371411   -0.0419651   -0.0450518   -0.0488797   -0.0265059   -0.029025   -0.0311014   

25000
-7   -4   -3   -2   -1   0   1   2   3   4   7   11   12   13   14   15   
-0.412296   -0.0266016   0.0350738   0.0743971   0.0356191   7.0188e-07   -0.0356291   -0.0744   -0.0349295   0.0268514   0.422236   0.489897   0.52263   0.393279   0.590325   0.437142   
0.0770995   0.0418878   0.0377746   0.0359947   0.0374042   0.0378844   0.0374005   0.0359835   0.0377614   0.0418711   0.0772611   0.135084   0.14937   0.149994   0.176902   0.169918   
0.0257229   -0.0167541   -0.0204189   -0.0210982   -0.0103265   -1.26677e-07   0.0103277   0.021099   0.0203976   0.0167178   -0.0262222   -0.0393585   -0.0421513   -0.0234085   -0.048806   -0.0270265   

30000
-9   -7   -6   -4   -3   -2   -1   0   1   2   3   4   6   7   8   12   13   16   17   
-0.592465   -0.512702   -0.417689   -0.150366   -0.0213087   0.0763506   0.0332608   6.34243e-07   -0.0332644   -0.076368   0.0214787   0.150578   0.417862   0.512865   0.575682   0.386313   0.567105   0.669006   0.477204   
0.0915025   0.0703812   0.0624694   0.0453121   0.0384366   0.0346558   0.0362752   0.0367232   0.0362703   0.0346439   0.0384239   0.0452996   0.0624553   0.0703711   0.0781898   0.13867   0.161662   0.202397   0.18606   
0.0138113   0.0205601   0.0238954   0.00625273   -0.00879461   -0.0209197   -0.00979681   -1.71949e-07   0.00979684   0.0209227   0.00876772   -0.00628331   -0.0239235   -0.0205997   -0.0148222   -0.0205437   -0.0425419   -0.0541009   -0.0304514   

35000
-10   -6   -5   -4   -3   -2   -1   0   1   2   3   4   5   6   9   10   12   17   
-0.632882   -0.509502   -0.375571   -0.241406   -0.143803   -0.127226   -0.0610789   3.84042e-07   0.0610585   0.12717   0.143897   0.241711   0.375709   0.509597   0.825031   0.633299   0.548893   0.487266   
0.0998557   0.0558522   0.0516713   0.0454135   0.0399517   0.0380144   0.0364348   0.0358917   0.0364295   0.0380041   0.0399429   0.0454056   0.0516616   0.0558451   0.0573428   0.0998808   0.146589   0.186275   
0.00985918   0.0217301   0.0237804   0.0173675   0.0103163   0.0134101   0.0069678   -1.51496e-07   -0.00696458   -0.0134016   -0.0103306   -0.0174095   -0.0238007   -0.0217508   0.0119788   -0.00996513   -0.0372331   -0.0291179   

40000
-10   -9   -8   -5   -4   -3   -2   -1   0   1   2   3   4   5   8   9   10   12   18   
-0.817369   -0.893664   -0.825039   -0.456468   -0.306918   -0.283718   -0.305597   -0.238565   1.56676e-05   0.238569   0.305572   0.283678   0.307085   0.456571   0.825067   0.893696   0.836824   0.557994   0.737666   
0.0695768   0.0477544   0.0382906   0.0471856   0.0436898   0.0399302   0.0374238   0.0353174   0.0350844   0.0353132   0.0374173   0.0399225   0.0436815   0.0471797   0.0382909   0.0477561   0.0680685   0.145016   0.225233   
-0.0146521   -0.0143107   -0.0100066   0.0252843   0.0221339   0.027607   0.0388988   0.0354952   -2.92238e-06   -0.0354963   -0.0388962   -0.027602   -0.0221564   -0.0252965   0.0100013   0.0143023   0.0153294   -0.0351119   -0.0613366   

45000
-10   -9   -8   -7   -5   -4   -3   -2   -1   0   1   2   3   4   5   7   8   9   10   11   14   
-0.91902   -0.905763   -0.833208   -0.752868   -0.508338   -0.437872   -0.462396   -0.446712   -0.267061   3.75899e-06   0.267052   0.446684   0.462303   0.437897   0.508433   0.752878   0.833237   0.905805   0.919108   0.628502   0.439838   
0.0582671   0.0440701   0.0349045   0.0318356   0.0420658   0.0403283   0.0375066   0.0342011   0.0335402   0.0337813   0.0335373   0.0341978   0.0375055   0.0403211   0.0420586   0.0318348   0.034904   0.044071   0.0582733   0.114562   0.153747   
-0.0184841   -0.0146303   -0.0106211   -0.00249891   0.0233855   0.032158   0.0476224   0.0557641   0.0360646   -6.24256e-07   -0.0360638   -0.055761   -0.0476121   -0.0321596   -0.0233941   0.00249731   0.0106172   0.0146218   0.0184611   -0.0138833   -0.0194028   

50000
-9   -8   -7   -5   -3   -2   -1   0   1   2   3   4   5   7   8   9   10   
-0.917745   -0.835188   -0.760313   -0.551551   -0.527059   -0.408408   -0.217174   -1.03944e-06   0.217154   0.408445   0.527006   0.546112   0.551541   0.760322   0.835215   0.917772   0.951876   
0.0410639   0.0327931   0.0283329   0.0370379   0.0338965   0.0326625   0.0321942   0.0321587   0.0321925   0.0326578   0.0338929   0.0354634   0.0370367   0.0283322   0.032793   0.0410646   0.0533589   
-0.0142999   -0.0108615   -0.00370321   0.0211852   0.0497497   0.0436736   0.0242994   3.78135e-07   -0.0242963   -0.0436807   -0.049744   -0.0367262   -0.0211833   0.00370167   0.0108572   0.0142942   0.0187188   

55000
-10   -9   -8   -7   -6   -5   -4   -3   -2   -1   0   1   2   3   4   5   7   8   9   10   13   15   
-0.981164   -0.919179   -0.835515   -0.762573   -0.674982   -0.585079   -0.575734   -0.516339   -0.339787   -0.168423   9.86585e-06   0.168418   0.339801   0.516352   0.575653   0.584972   0.762573   0.835544   0.91922   0.981211   0.454561   0.652954   
0.0495087   0.0390283   0.0312007   0.0261139   0.0297141   0.032798   0.0320124   0.0316896   0.0313461   0.0306532   0.0303767   0.0306524   0.0313429   0.0316858   0.0320125   0.0328024   0.0261138   0.0312004   0.0390285   0.0495112   0.144869   0.18108   
-0.017888   -0.0143114   -0.0109486   -0.00435096   0.00763624   0.0195137   0.0344724   0.0422826   0.0283565   0.01382   -1.63639e-06   -0.0138189   -0.0283595   -0.042288   -0.0344667   -0.0195045   0.00435096   0.0109435   0.0143045   0.0178764   -0.0159197   -0.0411429   

60000
-10   -9   -8   -7   -6   -5   -4   -3   -2   -1   0   1   2   3   4   5   6   7   8   9   10   11   
-0.984595   -0.923768   -0.834635   -0.762481   -0.683862   -0.60744   -0.586877   -0.453732   -0.276055   -0.128366   -1.08853e-06   0.128368   0.276067   0.453717   0.586825   0.60737   0.683873   0.762485   0.834658   0.923804   0.984665   0.974457   
0.0472623   0.0372527   0.0298911   0.0246234   0.0269102   0.029671   0.02954   0.0303849   0.0298561   0.0290044   0.0286685   0.029003   0.0298538   0.0303837   0.0295377   0.0296721   0.0269082   0.0246229   0.0298909   0.0372528   0.0472637   0.0618649   
-0.0178722   -0.0139067   -0.0110111   -0.0047117   0.00650496   0.0183666   0.0317707   0.0283583   0.0152076   0.00562197   2.18083e-07   -0.00562221   -0.0152094   -0.0283572   -0.0317648   -0.0183609   -0.00650624   0.00471084   0.0110072   0.013901   0.017858   0.0227705   

65000
-10   -9   -8   -7   -6   -5   -4   -3   -2   -1   0   1   2   3   4   5   6   7   8   9   10   11   15   
-0.991444   -0.925939   -0.834135   -0.762817   -0.68968   -0.623529   -0.582803   -0.405124   -0.237556   -0.105137   3.17745e-06   0.105134   0.237559   0.405113   0.582822   0.623462   0.689672   0.762824   0.834162   0.925978   0.991501   0.992867   0.47053   
0.0451617   0.035828   0.0287861   0.0234554   0.0247693   0.0273069   0.0275783   0.0289026   0.0280903   0.0274628   0.0271648   0.0274623   0.0280895   0.0289008   0.0275757   0.0273064   0.0247687   0.023455   0.0287861   0.0358281   0.0451632   0.0586086   0.159549   
-0.0174936   -0.0135885   -0.0109697   -0.00487448   0.00575322   0.0176356   0.0274858   0.0175388   0.00633167   0.000954596   -5.12396e-07   -0.000954287   -0.00633177   -0.0175387   -0.0274907   -0.0176289   -0.00575247   0.00487326   0.0109652   0.0135822   0.0174828   0.0228735   -0.0186267   

70000
-10   -9   -8   -7   -6   -5   -4   -3   -2   -1   0   1   2   3   4   5   6   7   8   9   10   11   12   14   
-0.99733   -0.925659   -0.83328   -0.763084   -0.694266   -0.635677   -0.542178   -0.357901   -0.207414   -0.0942601   1.05963e-05   0.0942618   0.207415   0.357904   0.542182   0.635624   0.694253   0.763087   0.833306   0.925693   0.997377   1.01367   0.891303   0.636045   
0.0433387   0.0346305   0.0278649   0.0225385   0.0230196   0.0253824   0.0262979   0.0274638   0.0266253   0.0260312   0.0257343   0.0260309   0.0266248   0.027463   0.026297   0.0253807   0.0230196   0.0225381   0.0278647   0.0346306   0.0433403   0.0556021   0.077143   0.163963   
-0.0170573   -0.0134795   -0.0109322   -0.0049259   0.00524254   0.0170416   0.018422   0.00775938   0.000288642   -0.00130527   -1.32977e-06   0.001305   -0.00028827   -0.00776048   -0.0184242   -0.0170366   -0.00524048   0.00492529   0.0109277   0.0134736   0.0170485   0.0225115   0.0218268   -0.0333716   

75000
-10   -9   -8   -7   -6   -5   -4   -3   -2   -1   0   1   2   3   4   5   6   7   8   9   10   11   12   
-1.00455   -0.92456   -0.832481   -0.763202   -0.698731   -0.644988   -0.509046   -0.328119   -0.194787   -0.092649   -6.94384e-08   0.0926488   0.194783   0.328112   0.509056   0.644921   0.698723   0.763207   0.83251   0.924593   1.0046   1.0295   0.947175   
0.0416598   0.0335971   0.0270798   0.0218004   0.0215001   0.0237797   0.0250076   0.0260576   0.0252108   0.0246616   0.0245709   0.0246612   0.0252102   0.0260562   0.025006   0.0237801   0.0214995   0.0218001   0.0270795   0.0335975   0.041661   0.0530419   0.0700557   
-0.0163877   -0.01345   -0.0108838   -0.00490682   0.00491516   0.0165288   0.0110288   0.00134623   -0.00285348   -0.00214091   -4.25967e-08   0.00214096   0.00285405   -0.00134517   -0.0110312   -0.0165206   -0.00491318   0.00490605   0.010879   0.0134445   0.0163791   0.0220259   0.0259319   

80000
-10   -9   -8   -7   -6   -5   -4   -3   -2   -1   0   1   2   4   5   6   7   8   9   10   11   12   
-1.00479   -0.924274   -0.831771   -0.76342   -0.70031   -0.653937   -0.479485   -0.311344   -0.190611   -0.0929006   3.95045e-07   0.0928998   0.190614   0.479499   0.6539   0.700294   0.763424   0.831797   0.924305   1.00486   1.04146   1.01422   
0.0402326   0.0326651   0.0263963   0.0211759   0.0203718   0.0222849   0.023932   0.0247787   0.0239759   0.023427   0.0234159   0.0234268   0.0239757   0.0239309   0.0222829   0.0203716   0.0211755   0.0263962   0.0326652   0.0402331   0.0508045   0.0647738   
-0.0163422   -0.0133124   -0.0108259   -0.00483592   0.00462082   0.0160562   0.00504612   -0.00248894   -0.00429019   -0.00252715   1.81107e-07   0.00252724   0.00428974   -0.00504909   -0.0160499   -0.00461854   0.00483515   0.0108214   0.0133067   0.0163314   0.0215276   0.0269985   

85000
-10   -9   -8   -7   -6   -5   -4   -3   -2   -1   0   1   2   3   4   5   6   7   8   9   10   11   12   
-1.00448   -0.926004   -0.83132   -0.763741   -0.701801   -0.655229   -0.458039   -0.301743   -0.190951   -0.0952807   -8.2086e-10   0.095281   0.190954   0.301741   0.45803   0.655253   0.701786   0.763746   0.831345   0.926034   1.00452   1.05711   1.0449   
0.0390777   0.0317897   0.025796   0.0206346   0.0193973   0.021236   0.0226911   0.0236079   0.0229245   0.0223984   0.022449   0.0223982   0.0229242   0.0236073   0.0226907   0.0212348   0.0193971   0.0206342   0.0257959   0.03179   0.0390783   0.0485398   0.0616176   
-0.0163036   -0.0129018   -0.0107333   -0.0047366   0.00442228   0.0151423   7.75701e-05   -0.00487146   -0.00477253   -0.00255548   -1.89793e-10   0.00255539   0.00477206   0.00487175   -7.6766e-05   -0.0151488   -0.00441993   0.00473575   0.0107289   0.0128962   0.0162955   0.0206033   0.0263474   

90000
-10   -9   -8   -7   -6   -5   -4   -3   -2   -1   0   1   2   3   4   5   6   7   8   9   10   11   12   
-1.01098   -0.92232   -0.831353   -0.764066   -0.703572   -0.635086   -0.439354   -0.298096   -0.191823   -0.0965922   -1.85081e-08   0.0965904   0.191824   0.298099   0.439358   0.635103   0.703557   0.76407   0.831376   0.922355   1.01102   1.05973   1.03764   
0.0377462   0.0309723   0.025272   0.0201652   0.0185249   0.0204587   0.0218018   0.0224564   0.0219878   0.0215176   0.0214816   0.0215174   0.0219876   0.0224561   0.0218013   0.0204572   0.0185246   0.0201649   0.0252717   0.0309724   0.0377474   0.0468864   0.0599623   
-0.0155123   -0.0132408   -0.01056   -0.00462358   0.00430389   0.0108772   -0.00345927   -0.00632928   -0.00496082   -0.00252337   6.45455e-09   0.00252369   0.00496064   0.00632886   0.00345832   -0.0108815   -0.0043014   0.00462291   0.0105559   0.0132346   0.0155046   0.0205273   0.027118   

95000
-10   -9   -8   -7   -6   -5   -4   -3   -2   -1   0   1   2   3   4   5   6   7   8   9   10   11   12   13   
-1.00643   -0.922484   -0.830618   -0.764417   -0.704995   -0.618395   -0.428168   -0.296604   -0.195081   -0.0977594   3.70375e-09   0.0977594   0.195084   0.296605   0.428169   0.618409   0.704977   0.764419   0.830641   0.922517   1.00648   1.06537   1.05723   0.914839   
0.0367976   0.0302573   0.0247569   0.0197524   0.0177901   0.0196924   0.0207938   0.0215027   0.0211092   0.0207478   0.0205774   0.0207478   0.021109   0.0215026   0.0207934   0.0196914   0.01779   0.0197522   0.0247565   0.0302573   0.036798   0.0454295   0.0575504   0.0811265   
-0.0159645   -0.0130446   -0.010525   -0.00449565   0.00423389   0.00733627   -0.00610899   -0.0070042   -0.00491115   -0.00243245   -3.52338e-10   0.00243246   0.00491082   0.00700392   0.00610856   -0.00733978   -0.00423128   0.0044952   0.0105207   0.0130387   0.015955   0.0201167   0.026553   0.0215622   

100000
-10   -9   -8   -7   -6   -5   -4   -3   -2   -1   0   1   2   3   4   5   6   7   8   9   10   11   12   13   
-1.01152   -0.92024   -0.830381   -0.764843   -0.706024   -0.603414   -0.419676   -0.296786   -0.196411   -0.0990102   -8.85239e-08   0.0990105   0.196412   0.296788   0.419673   0.603426   0.706007   0.764846   0.830407   0.92028   1.01156   1.07086   1.08902   1.04151   
0.0357288   0.0295548   0.0243191   0.0193821   0.0171919   0.0190559   0.0200402   0.020707   0.0204024   0.0200473   0.0197387   0.0200472   0.0204023   0.0207069   0.02004   0.0190554   0.0171916   0.0193816   0.024319   0.0295548   0.0357296   0.0438381   0.0545756   0.0672925   
-0.0152547   -0.0132175   -0.0104224   -0.00435507   0.0042145   0.00443745   -0.00774752   -0.00720898   -0.00473639   -0.00232591   2.03994e-08   0.00232587   0.00473625   0.00720852   0.00774786   -0.00444054   -0.00421183   0.00435446   0.0104177   0.0132106   0.0152474   0.0197362   0.0252964   0.0298651   

105000
-10   -9   -8   -7   -6   -5   -4   -3   -2   -1   0   1   2   3   4   5   6   7   8   9   10   11   12   13   
-1.00661   -0.920863   -0.830238   -0.765238   -0.707247   -0.59031   -0.416432   -0.299954   -0.197786   -0.100705   1.21384e-06   0.100705   0.197787   0.299956   0.416435   0.590327   0.707229   0.765242   0.830263   0.920897   1.00666   1.07379   1.08317   1.07412   
0.0349394   0.0289542   0.0239026   0.0190484   0.0166496   0.0184246   0.0192629   0.019845   0.0197792   0.0193738   0.0190643   0.0193738   0.0197791   0.0198447   0.0192626   0.0184238   0.0166491   0.019048   0.0239026   0.0289544   0.0349394   0.0426751   0.0534085   0.0630773   
-0.0157763   -0.0129536   -0.0102995   -0.00421732   0.00422032   0.00186982   -0.00862346   -0.00724865   -0.00451664   -0.00224222   -1.65404e-07   0.00224225   0.00451645   0.00724822   0.00862298   -0.00187359   -0.00421737   0.00421675   0.010295   0.0129476   0.0157678   0.0194833   0.0258342   0.030413   

110000
-10   -9   -8   -7   -6   -5   -4   -3   -2   -1   0   1   2   3   4   5   6   7   8   9   10   11   12   13   
-1.00838   -0.918183   -0.830085   -0.765544   -0.708154   -0.579327   -0.414605   -0.300635   -0.200974   -0.101159   -7.10965e-10   0.10116   0.200975   0.300637   0.414606   0.579336   0.708135   0.765547   0.830109   0.918223   1.00844   1.07315   1.11127   1.06187   
0.0339898   0.0283553   0.0235172   0.018748   0.0161946   0.0178002   0.0186054   0.0192296   0.0191207   0.0187911   0.0185173   0.0187912   0.0191204   0.0192295   0.0186051   0.0177998   0.0161944   0.0187476   0.0235168   0.0283554   0.03399   0.0415485   0.0506617   0.0624161   
-0.0154768   -0.0132212   -0.0102156   -0.00408754   0.00425053   -0.000361137   -0.0090518   -0.00712598   -0.00434505   -0.00210456   4.06765e-11   0.00210448   0.00434492   0.0071257   0.00905152   0.000359152   -0.00424764   0.00408696   0.0102113   0.0132141   0.0154664   0.0195945   0.0243466   0.030484   

115000
-10   -9   -8   -7   -6   -5   -4   -3   -2   -1   0   1   2   3   4   5   6   7   8   9   10   11   12   13   
-1.00725   -0.917819   -0.830084   -0.765981   -0.709018   -0.570786   -0.41319   -0.303974   -0.201908   -0.101227   -7.51127e-09   0.101227   0.201911   0.303976   0.413192   0.570795   0.708999   0.765983   0.830108   0.917862   1.0073   1.08484   1.10487   1.09927   
0.033326   0.0277854   0.0231533   0.0184624   0.0157944   0.0172014   0.018026   0.0185254   0.0186063   0.0182525   0.0180137   0.0182525   0.0186062   0.0185252   0.0180258   0.0172009   0.015794   0.0184621   0.0231533   0.0277852   0.0333264   0.0400928   0.0496641   0.0581402   
-0.0155108   -0.0131233   -0.0100932   -0.00394268   0.00429764   -0.00215454   -0.00927677   -0.00695079   -0.00412784   -0.00194223   1.71454e-09   0.00194217   0.00412733   0.00695041   0.00927637   0.00215258   -0.00429463   0.0039422   0.0100889   0.0131156   0.0155017   0.018435   0.024932   0.0305293   

120000
-10   -9   -8   -7   -6   -5   -4   -3   -2   -1   0   1   2   3   4   5   6   7   8   9   10   11   12   13   14   
-1.00517   -0.916647   -0.83017   -0.766562   -0.709836   -0.563918   -0.413215   -0.30477   -0.204327   -0.10227   -1.04554e-07   0.10227   0.204328   0.304772   0.413216   0.563922   0.709816   0.766561   0.830196   0.916688   1.00523   1.0776   1.13144   1.09254   1.00051   
0.0326078   0.0273192   0.022823   0.0181907   0.0154337   0.0166855   0.0174465   0.018034   0.0180452   0.0177366   0.017572   0.0177366   0.0180452   0.0180339   0.0174465   0.0166852   0.0154334   0.0181905   0.0228229   0.0273191   0.0326076   0.0394073   0.0470096   0.0571702   0.0764462   
-0.0157068   -0.0131745   -0.00998586   -0.00378583   0.00434116   -0.00349674   -0.0093911   -0.00675233   -0.0039644   -0.00183569   2.14974e-08   0.00183576   0.00396428   0.00675203   0.00939073   0.0034957   -0.00433801   0.00378615   0.00998133   0.0131672   0.0156967   0.0191922   0.02318   0.0307504   0.0253584   

125000
-10   -9   -8   -7   -6   -5   -4   -3   -2   -1   0   1   2   3   4   5   6   7   8   9   10   11   12   13   14   
-1.00628   -0.91536   -0.83035   -0.76682   -0.71059   -0.55753   -0.412931   -0.307713   -0.20505   -0.102349   1.2099e-08   0.102349   0.205051   0.307715   0.412933   0.557537   0.710569   0.766822   0.830376   0.915401   1.00634   1.07818   1.12216   1.12707   0.911564   
0.0318592   0.0268303   0.0224822   0.0179563   0.0151212   0.0162107   0.0170015   0.0174749   0.0175698   0.0173156   0.01721   0.0173156   0.0175698   0.0174748   0.0170014   0.0162106   0.015121   0.0179559   0.022482   0.0268304   0.0318595   0.038406   0.046325   0.0536078   0.0893869   
-0.0154748   -0.013255   -0.00987421   -0.00366159   0.00442042   -0.00470132   -0.00935608   -0.00652989   -0.00377832   -0.0017228   -2.3777e-09   0.0017228   0.00377816   0.00652952   0.00935569   0.00469981   -0.00441716   0.00366123   0.00986956   0.0132478   0.0154636   0.019169   0.0239982   0.0300684   0.0160705   

130000
-10   -9   -8   -7   -6   -5   -4   -3   -2   -1   0   1   2   3   4   5   6   7   8   9   10   11   12   13   14   
-1.00468   -0.915155   -0.830547   -0.767512   -0.711289   -0.551678   -0.413562   -0.308396   -0.207016   -0.102926   3.73202e-08   0.102927   0.207016   0.308397   0.413566   0.551684   0.711267   0.767514   0.830572   0.915202   1.00473   1.08427   1.1248   1.12216   1.10923   
0.0313178   0.02639   0.022212   0.0177113   0.0148367   0.0157491   0.0165628   0.0170709   0.0170583   0.0168897   0.0168506   0.0168896   0.0170583   0.0170708   0.0165627   0.0157487   0.0148363   0.0177109   0.0222117   0.0263898   0.0313182   0.0372323   0.0449907   0.052582   0.0621774   
-0.0155926   -0.0131498   -0.00973163   -0.00349607   0.00447768   -0.00585941   -0.00923414   -0.00635227   -0.00361046   -0.00163227   -9.16033e-09   0.00163219   0.0036103   0.00635198   0.00923348   0.0058581   -0.00447414   0.0034957   0.0097273   0.0131416   0.015583   0.018524   0.0239273   0.0303865   0.0314026   

135000
-10   -9   -8   -7   -6   -5   -4   -3   -2   -1   0   1   2   3   4   5   6   7   8   9   10   11   12   13   14   
-1.00229   -0.914371   -0.831025   -0.767863   -0.712034   -0.546681   -0.415116   -0.310532   -0.207537   -0.103263   -2.81873e-08   0.103263   0.207537   0.310533   0.415118   0.546686   0.712011   0.767866   0.831051   0.914416   1.00236   1.08247   1.1426   1.15396   0.819591   
0.0307506   0.026019   0.0218784   0.0175026   0.0145823   0.0153198   0.016133   0.016622   0.0166499   0.0165497   0.0165408   0.0165497   0.0166499   0.016622   0.016133   0.0153196   0.0145819   0.0175022   0.0218782   0.0260189   0.0307507   0.0366087   0.0431929   0.049702   0.107227   
-0.0158462   -0.0131743   -0.00962967   -0.00336737   0.00457555   -0.00686993   -0.00902202   -0.00614427   -0.00346301   -0.00156003   6.07556e-09   0.00156003   0.00346283   0.00614401   0.00902162   0.00686889   -0.00457198   0.00336685   0.00962489   0.0131663   0.0158345   0.0186858   0.0224686   0.029061   0.00273413   

140000
-10   -9   -8   -7   -6   -5   -4   -3   -2   -1   0   1   2   3   4   5   6   7   8   9   10   11   12   13   14   15   
-1.00159   -0.913364   -0.831425   -0.768456   -0.712715   -0.542444   -0.415837   -0.311359   -0.208606   -0.103666   2.50352e-08   0.103667   0.208607   0.31136   0.415839   0.542448   0.71269   0.76846   0.83145   0.913411   1.00166   1.07973   1.13456   1.14535   1.09958   1.07897   
0.030151   0.0256179   0.0215947   0.0172914   0.0143531   0.0149606   0.0157791   0.0162596   0.0162208   0.0162067   0.016241   0.0162067   0.0162208   0.0162595   0.015779   0.0149604   0.0143526   0.0172911   0.0215946   0.0256178   0.0301513   0.0359431   0.0425726   0.0489766   0.0610021   0.0736576   
-0.0158681   -0.0132491   -0.00949176   -0.00321657   0.00465646   -0.00763569   -0.00883354   -0.00597495   -0.00329945   -0.00150559   -6.11529e-09   0.0015055   0.00329933   0.00597469   0.00883317   0.00763492   -0.00465254   0.00321586   0.00948712   0.0132409   0.0158555   0.0189933   0.023245   0.029684   0.0307628   0.0267295   

145000
-10   -9   -8   -7   -6   -5   -4   -3   -2   -1   0   1   2   3   4   5   6   7   8   9   10   11   12   13   14   15   
-1.00217   -0.912946   -0.831782   -0.768711   -0.71346   -0.539634   -0.416318   -0.31284   -0.209991   -0.104361   -9.70565e-09   0.104361   0.209992   0.312842   0.41632   0.539635   0.713434   0.768712   0.831807   0.912995   1.00225   1.08058   1.13266   1.14294   1.13863   1.04489   
0.0296156   0.0252401   0.0213516   0.0171138   0.0141441   0.0146225   0.015449   0.0158817   0.0158416   0.0159061   0.0159549   0.015906   0.0158416   0.0158817   0.0154489   0.0146223   0.0141436   0.0171134   0.0213513   0.02524   0.0296159   0.0351217   0.0417194   0.0480417   0.0564234   0.0775312   
-0.0156925   -0.0132134   -0.00935773   -0.00310107   0.00476019   -0.00813535   -0.00866649   -0.00579439   -0.00316023   -0.0014512   2.02e-09   0.00145119   0.00316013   0.00579415   0.00866605   0.00813507   -0.00475619   0.00310088   0.00935323   0.0132047   0.0156797   0.0189082   0.0234867   0.0298975   0.0317859   0.0236156   

150000
-10   -9   -8   -7   -6   -5   -4   -3   -2   -1   0   1   2   3   4   5   6   7   8   9   10   11   12   13   14   
-1.00027   -0.91327   -0.832584   -0.769342   -0.714241   -0.538047   -0.417754   -0.314776   -0.21005   -0.104359   2.08574e-09   0.104359   0.210051   0.314778   0.417756   0.538049   0.714212   0.769343   0.832609   0.913321   1.00034   1.08333   1.13859   1.15619   1.13342   
0.0292003   0.0249553   0.0210628   0.0169224   0.0139553   0.0142945   0.0151172   0.0155116   0.0155274   0.0156239   0.0156802   0.0156239   0.0155274   0.0155116   0.0151172   0.0142943   0.0139547   0.0169221   0.0210625   0.0249555   0.0292005   0.0343299   0.0404746   0.0462534   0.0559826   
-0.015886   -0.0130561   -0.00921963   -0.00295096   0.00487104   -0.00843616   -0.00842201   -0.00559315   -0.00304769   -0.00141286   -2.39595e-10   0.00141283   0.00304747   0.00559292   0.00842166   0.00843578   -0.00486662   0.00295085   0.00921507   0.013047   0.0158743   0.0185717   0.0230358   0.029355   0.0315239   

155000
-10   -9   -8   -7   -6   -5   -4   -3   -2   -1   0   1   2   3   4   5   6   7   8   9   10   11   12   13   14   15   
-0.998399   -0.912505   -0.833213   -0.769589   -0.715008   -0.536641   -0.419379   -0.314986   -0.211122   -0.105482   -1.69047e-07   0.105482   0.211123   0.314987   0.419381   0.536643   0.714978   0.76959   0.833236   0.912555   0.998472   1.08294   1.14785   1.16734   1.13415   1.11885   
0.0287603   0.024619   0.0208105   0.0167652   0.0137868   0.0139939   0.0148116   0.015204   0.0152137   0.0153382   0.0154185   0.0153382   0.0152137   0.015204   0.0148115   0.0139937   0.0137863   0.0167649   0.0208102   0.0246188   0.0287604   0.0338497   0.0395718   0.0450194   0.0550918   0.0665403   
-0.0160922   -0.0131338   -0.00906957   -0.00283936   0.00498042   -0.00870301   -0.0081587   -0.00546198   -0.00294194   -0.00136761   2.52089e-08   0.00136758   0.00294172   0.00546175   0.00815831   0.00870261   -0.00497586   0.0028393   0.0090654   0.0131249   0.0160795   0.0185636   0.0220939   0.0287115   0.0313757   0.0284833   

160000
-10   -9   -8   -7   -6   -5   -4   -3   -2   -1   0   1   2   3   4   5   6   7   8   9   10   11   12   13   14   15   16   
-0.997287   -0.912217   -0.833611   -0.770082   -0.716032   -0.534616   -0.419534   -0.316142   -0.212101   -0.10535   1.42654e-08   0.10535   0.212102   0.316144   0.419536   0.534618   0.715998   0.770082   0.833634   0.912267   0.997365   1.07942   1.14069   1.16016   1.15163   1.11427   1.05317   
0.0283075   0.0242901   0.0206023   0.0166016   0.0136293   0.0137422   0.0145624   0.0148743   0.0149349   0.0150984   0.0151564   0.0150984   0.0149349   0.0148743   0.0145624   0.0137421   0.0136285   0.0166013   0.0206023   0.0242899   0.0283074   0.0333852   0.0390152   0.0444633   0.0526352   0.0664535   0.086736   
-0.0161837   -0.0131315   -0.00893093   -0.00270776   0.00513471   -0.0089862   -0.00801739   -0.0053082   -0.00282435   -0.00133645   -2.94297e-09   0.00133642   0.00282419   0.00530798   0.00801697   0.00898564   -0.0051296   0.00270789   0.00892654   0.0131226   0.0161702   0.0189617   0.0228354   0.0292242   0.0315648   0.0278537   0.0182349   

165000
-10   -9   -8   -7   -6   -5   -4   -3   -2   -1   0   1   2   3   4   5   7   8   9   10   11   12   13   14   15   16   
-0.996666   -0.912211   -0.834521   -0.770465   -0.712075   -0.533   -0.420319   -0.317402   -0.212212   -0.105949   2.12432e-07   0.105949   0.212213   0.317403   0.420321   0.533002   0.770465   0.834546   0.912263   0.996747   1.07816   1.13696   1.15583   1.16444   1.11326   0.938807   
0.0278635   0.0239817   0.0203624   0.0164524   0.0134379   0.0134994   0.0143068   0.0145668   0.0147059   0.0148443   0.0149229   0.0148443   0.0147059   0.0145668   0.0143067   0.0134993   0.016452   0.0203621   0.0239816   0.0278633   0.032869   0.0384068   0.0438731   0.0509353   0.0660296   0.108116   
-0.0161943   -0.0130689   -0.00878322   -0.00258688   0.004347   -0.00922962   -0.00783671   -0.00512336   -0.00278231   -0.00130105   -6.2211e-08   0.00130101   0.0027822   0.00512316   0.00783629   0.00922909   0.00258698   0.00877875   0.0130598   0.0161803   0.0190983   0.0232351   0.0294861   0.0316072   0.0274473   0.00329658   

170000
-10   -9   -8   -7   -6   -5   -4   -3   -2   -1   0   1   2   3   4   5   6   7   8   9   10   11   12   13   14   15   16   
-0.997021   -0.912439   -0.83538   -0.770615   -0.708073   -0.531679   -0.421514   -0.317878   -0.212649   -0.106521   -9.30655e-08   0.106521   0.212649   0.317878   0.421515   0.531682   0.708087   0.770614   0.835402   0.912492   0.997108   1.07811   1.13678   1.15448   1.15967   1.11925   1.04762   
0.0275035   0.0237235   0.0201347   0.0163268   0.0132734   0.0132723   0.0140549   0.0142977   0.0144803   0.0146031   0.0146693   0.0146031   0.0144802   0.0142978   0.0140548   0.0132722   0.0132731   0.0163264   0.0201345   0.0237235   0.0275036   0.0323252   0.0376765   0.0431727   0.0506438   0.0647786   0.086996   
-0.0160651   -0.0129583   -0.0086267   -0.00249154   0.00359435   -0.00943844   -0.00763218   -0.00499522   -0.00271865   -0.00126426   1.7454e-08   0.00126415   0.00271854   0.00499505   0.00763189   0.00943786   -0.00359788   0.00249184   0.00862278   0.0129488   0.0160501   0.01909   0.0232954   0.0295605   0.0313704   0.0274841   0.0166535   

175000
-10   -9   -8   -7   -6   -5   -4   -3   -2   -1   0   1   2   3   4   5   6   7   8   9   10   11   12   13   14   15   16   
-0.995975   -0.912565   -0.83605   -0.771233   -0.704374   -0.530595   -0.422576   -0.318319   -0.213627   -0.106737   4.41216e-08   0.106737   0.213628   0.31832   0.422578   0.530598   0.70439   0.771233   0.836073   0.912616   0.996053   1.07869   1.13972   1.15607   1.15704   1.14238   1.09051   
0.0271995   0.0234689   0.0199327   0.0161762   0.0131109   0.0130662   0.0138286   0.0140412   0.0142635   0.0143942   0.0144299   0.0143942   0.0142635   0.0140412   0.0138285   0.0130661   0.0131107   0.0161759   0.0199325   0.0234686   0.0271994   0.0318193   0.0368771   0.0423275   0.0502539   0.0615268   0.0798494   
-0.0161648   -0.0129119   -0.0084761   -0.00235312   0.00290709   -0.00961121   -0.00743842   -0.00486178   -0.00264069   -0.00123496   -7.27409e-09   0.00123493   0.0026406   0.00486156   0.00743803   0.0096106   -0.00291073   0.00235324   0.00847176   0.0129029   0.0161512   0.0189849   0.0230349   0.0294864   0.0311342   0.02858   0.0205575   

180000
-10   -9   -8   -7   -6   -5   -4   -3   -2   -1   0   1   2   3   4   5   6   7   8   9   10   11   12   13   14   15   
-0.994684   -0.912816   -0.83645   -0.771559   -0.700629   -0.529337   -0.422992   -0.319191   -0.213909   -0.107041   5.9672e-09   0.107041   0.21391   0.319192   0.422993   0.52934   0.700645   0.771559   0.836474   0.912869   0.994768   1.08214   1.14561   1.15873   1.15692   1.14941   
0.0268694   0.0231883   0.0197724   0.0160512   0.0129613   0.0128814   0.0136112   0.0137939   0.0140779   0.0141721   0.014214   0.0141721   0.0140779   0.0137939   0.0136112   0.0128813   0.0129611   0.0160509   0.0197718   0.0231881   0.0268693   0.031521   0.0363048   0.0414639   0.0496946   0.0603736   
-0.0163089   -0.0128707   -0.00835188   -0.00224374   0.00221403   -0.00976451   -0.00730971   -0.00473046   -0.00259616   -0.00120673   -2.13057e-09   0.0012067   0.00259605   0.00473029   0.00730935   0.00976385   -0.00221758   0.00224387   0.00834762   0.0128614   0.0162943   0.0185045   0.0223804   0.0293475   0.0309298   0.028761   

185000
-10   -9   -8   -6   -5   -4   -3   -2   -1   0   1   2   3   4   5   6   7   8   9   10   11   12   13   14   15   16   
-0.993908   -0.913217   -0.837625   -0.696975   -0.528867   -0.4236   -0.320049   -0.213909   -0.10733   -1.76953e-07   0.10733   0.213909   0.32005   0.423602   0.52887   0.696989   0.771673   0.837648   0.913271   0.993996   1.0785   1.13921   1.16328   0.711722   0.801192   1.08652   
0.0265398   0.0229205   0.0195547   0.0128224   0.0127043   0.0133995   0.0135709   0.0139052   0.0139646   0.0139889   0.0139646   0.0139052   0.0135709   0.0133994   0.0127042   0.0128222   0.0159467   0.0195544   0.0229201   0.0265395   0.031171   0.0358822   0.0406158   0.135708   0.125956   0.0799436   
-0.0163731   -0.0127897   -0.00818773   0.00153779   -0.00979221   -0.00717243   -0.00457975   -0.00258142   -0.00117904   2.5952e-08   0.00117898   0.00258129   0.00457954   0.00717201   0.00979158   -0.00154109   0.00215822   0.00818363   0.0127803   0.0163579   0.018927   0.023056   0.0291029   -0.0152658   -0.00935382   0.0191571   

190000
-10   -9   -8   -7   -6   -5   -4   -3   -2   -1   0   1   2   3   4   5   6   7   8   9   10   11   12   13   14   15   16   
-0.993492   -0.913689   -0.838528   -0.772298   -0.693417   -0.528658   -0.424531   -0.320494   -0.214563   -0.107746   -7.64658e-09   0.107747   0.214563   0.320495   0.424532   0.528661   0.69343   0.772297   0.838552   0.913742   0.993583   1.07599   1.13463   1.16576   1.16249   1.14517   1.094   
0.0262163   0.0226702   0.0193652   0.0158127   0.0126933   0.0125367   0.0131809   0.013376   0.013715   0.0137743   0.0137697   0.0137743   0.013715   0.013376   0.0131809   0.0125366   0.0126932   0.0158123   0.0193648   0.0226698   0.0262161   0.0308249   0.0354558   0.0400819   0.0481359   0.0600447   0.0785571   
-0.0163801   -0.0126844   -0.00803354   -0.00202449   0.000879147   -0.009787   -0.00701747   -0.00448197   -0.00252975   -0.00114433   1.81089e-09   0.00114431   0.0025297   0.00448179   0.00701713   0.00978637   -0.000882203   0.00202479   0.00802926   0.0126748   0.0163644   0.019216   0.0235509   0.0289455   0.0306089   0.0278052   0.0192998   

195000
-10   -9   -8   -7   -6   -5   -4   -3   -2   -1   0   1   2   3   4   5   6   7   8   9   10   11   12   13   14   15   16   
-0.993526   -0.914139   -0.839272   -0.772678   -0.690055   -0.528557   -0.42543   -0.320752   -0.215172   -0.108159   -5.90265e-09   0.108159   0.215173   0.320753   0.425432   0.52856   0.690068   0.772678   0.839294   0.914192   0.993618   1.0746   1.13138   1.16061   1.16623   1.14604   1.11392   
0.0259238   0.0224507   0.0191942   0.0156995   0.0125698   0.0123821   0.0129769   0.0131921   0.0135545   0.0135812   0.0135646   0.0135812   0.0135545   0.0131921   0.0129769   0.012382   0.0125696   0.0156992   0.0191939   0.0224505   0.0259236   0.0304787   0.0349995   0.0397869   0.0473281   0.0595986   0.0752555   
-0.0163216   -0.0125691   -0.0078866   -0.00191549   0.00025642   -0.00976662   -0.00686667   -0.00440559   -0.00246711   -0.00111017   1.50734e-09   0.00111019   0.00246698   0.00440538   0.00686628   0.009766   -0.000259337   0.00191552   0.00788253   0.0125596   0.0163057   0.0193686   0.0239542   0.0291241   0.0304617   0.0274925   0.0204477   

200000
-10   -9   -8   -7   -6   -5   -4   -3   -2   -1   0   1   2   3   4   5   6   7   8   9   10   11   12   13   14   15   16   17   
-0.994117   -0.914589   -0.839722   -0.77288   -0.686889   -0.528434   -0.425909   -0.321127   -0.215231   -0.108124   8.44975e-10   0.108124   0.215231   0.321128   0.425911   0.528438   0.686902   0.772879   0.839742   0.914643   0.994214   1.07375   1.12952   1.157   1.17159   1.14887   1.12361   0.819652   
0.025715   0.0222629   0.0190567   0.0156036   0.0124483   0.0122365   0.0127803   0.0130242   0.0134013   0.013403   0.0133775   0.013403   0.0134012   0.0130242   0.0127803   0.0122365   0.0124482   0.0156033   0.0190567   0.0222625   0.0257155   0.0301335   0.0345238   0.0394845   0.0464664   0.0589366   0.0736199   0.109884   
-0.0161828   -0.0124685   -0.00776731   -0.00182602   -0.000332369   -0.00972629   -0.00675666   -0.00432052   -0.00245483   -0.00109697   1.69933e-09   0.00109695   0.00245475   0.00432025   0.00675628   0.00972566   0.000329606   0.0018263   0.00776361   0.0124591   0.0161663   0.0194513   0.0242052   0.0291894   0.030385   0.0272825   0.0208099   0.0106965   

205000
-10   -9   -8   -7   -6   -5   -4   -3   -2   -1   0   1   2   3   4   5   6   7   8   9   10   11   12   13   14   15   16   17   
-0.993586   -0.915441   -0.840613   -0.773232   -0.683709   -0.528531   -0.426293   -0.321798   -0.215406   -0.108207   6.28373e-08   0.108207   0.215406   0.321799   0.426294   0.528535   0.683721   0.773229   0.840635   0.915494   0.993674   1.07317   1.12805   1.15472   1.17575   1.15236   1.12098   1.07403   
0.0254907   0.0220227   0.0188947   0.0155017   0.012335   0.0120942   0.0125899   0.0128566   0.0132284   0.0132371   0.0131818   0.0132371   0.0132284   0.0128566   0.0125898   0.0120942   0.0123348   0.0155013   0.0188943   0.0220223   0.0254905   0.0297989   0.0340557   0.0391514   0.0458635   0.0582138   0.0739252   0.0958543   
-0.0162372   -0.0123692   -0.00762803   -0.0017247   -0.000925035   -0.00964593   -0.00665776   -0.00423287   -0.00243982   -0.00107641   -9.65733e-09   0.00107638   0.00243974   0.00423265   0.00665736   0.00964524   0.000922512   0.00172527   0.00762406   0.0123599   0.0162221   0.0194922   0.0243961   0.0291774   0.0303577   0.0270948   0.0200543   0.00811026   

210000
-10   -9   -8   -7   -6   -5   -4   -3   -2   -1   0   1   2   3   4   5   6   7   8   9   10   12   13   14   15   16   
-0.993074   -0.916313   -0.841701   -0.773762   -0.680572   -0.528599   -0.426818   -0.322418   -0.215709   -0.108632   3.60279e-08   0.108632   0.215709   0.322419   0.42682   0.528602   0.680584   0.773759   0.84172   0.916366   0.993165   1.12731   1.15345   1.1725   1.15648   1.12018   
0.0252512   0.0217979   0.0187197   0.0153902   0.0122291   0.0119631   0.0124014   0.0127084   0.0130739   0.0130669   0.0129959   0.0130669   0.0130739   0.0127084   0.0124014   0.011963   0.012229   0.01539   0.0187193   0.0217975   0.025251   0.0336011   0.0387869   0.0457716   0.0574464   0.0739852   
-0.0162943   -0.0122495   -0.00746978   -0.00160626   -0.00150999   -0.00957606   -0.00655326   -0.00414154   -0.002407   -0.00104357   -4.65387e-09   0.00104355   0.00240688   0.00414133   0.00655285   0.00957539   0.00150735   0.00160693   0.00746627   0.0122401   0.0162787   0.0244889   0.0291158   0.0300735   0.0269396   0.0194679   

215000
-10   -9   -8   -7   -6   -5   -4   -3   -2   -1   0   1   2   3   4   5   6   7   8   9   10   11   12   13   14   15   
-0.992894   -0.917179   -0.842609   -0.774114   -0.677566   -0.528888   -0.427379   -0.322704   -0.216022   -0.109091   -4.93553e-09   0.109091   0.216023   0.322705   0.427381   0.528892   0.677576   0.774111   0.842629   0.917231   0.992991   1.0752   1.12786   1.15238   1.17013   1.16136   
0.0250194   0.021584   0.0185612   0.0152952   0.0121307   0.0118373   0.0122276   0.0125859   0.0129406   0.0129102   0.0128207   0.0129102   0.0129406   0.0125859   0.0122276   0.0118372   0.0121306   0.0152947   0.0185608   0.0215837   0.025019   0.0292809   0.0331873   0.0384318   0.0456576   0.0566201   
-0.0163   -0.0121181   -0.00732096   -0.00150659   -0.0020684   -0.00947786   -0.00643608   -0.0040793   -0.00237272   -0.00100008   8.2852e-10   0.00100007   0.00237265   0.0040791   0.00643569   0.00947716   0.002066   0.00150725   0.00731727   0.0121088   0.0162834   0.0191719   0.0244216   0.0290292   0.0297952   0.0268511   

220000
-10   -9   -8   -7   -6   -5   -4   -3   -2   -1   0   1   2   3   4   5   6   7   9   10   11   12   13   14   15   17   
-0.992954   -0.91802   -0.843394   -0.774338   -0.674975   -0.529105   -0.427974   -0.322922   -0.216563   -0.108987   -2.47967e-08   0.108988   0.216563   0.322924   0.427976   0.529109   0.674984   0.774336   0.918072   0.993049   1.07544   1.12971   1.1518   1.16858   0.716361   0.742233   
0.0247953   0.0213814   0.018416   0.0152126   0.012032   0.0117242   0.0120634   0.0124441   0.0127873   0.0127611   0.0126633   0.0127611   0.0127873   0.0124441   0.0120633   0.0117241   0.0120319   0.0152122   0.021381   0.024795   0.0291265   0.0329042   0.0380684   0.0455042   0.151843   0.183232   
-0.0162683   -0.0119803   -0.00717962   -0.00142132   -0.00254762   -0.00939361   -0.00632594   -0.00403825   -0.00232411   -0.000992762   4.51e-09   0.000992759   0.00232406   0.00403799   0.00632557   0.00939291   0.00254556   0.00142192   0.011971   0.0162519   0.0191092   0.0241977   0.0289168   0.0295278   -0.0226967   -0.0390852   

225000
-10   -9   -8   -7   -6   -5   -4   -3   -2   -1   0   1   2   3   4   5   6   7   8   9   10   11   12   13   14   15   17   
-0.993173   -0.918756   -0.843915   -0.774696   -0.672607   -0.529419   -0.428255   -0.323211   -0.216472   -0.108887   -4.30961e-08   0.108887   0.216472   0.323212   0.428257   0.529422   0.672614   0.774693   0.843935   0.918808   0.993269   1.07276   1.12488   1.15155   1.16778   1.16687   1.08795   
0.0245846   0.0212002   0.0182971   0.0151236   0.0119395   0.0116069   0.0119122   0.0123157   0.0126312   0.0126191   0.0125073   0.0126191   0.0126312   0.0123156   0.0119122   0.0116069   0.0119394   0.0151233   0.0182969   0.0211998   0.0245844   0.0288446   0.0326233   0.0377091   0.0453103   0.0555827   0.0938514   
-0.0162103   -0.0118473   -0.00706455   -0.00132545   -0.00297914   -0.00927782   -0.00622831   -0.00398815   -0.00232951   -0.000985254   8.7073e-09   0.000985236   0.00232941   0.00398795   0.00622796   0.00927712   0.00297761   0.00132604   0.00706083   0.0118378   0.0161937   0.0194256   0.0247027   0.0287864   0.0292736   0.0265382   0.00735665   

230000
-10   -9   -8   -7   -6   -5   -4   -3   -2   -1   0   1   2   3   4   5   6   7   8   9   10   11   12   13   14   15   16   
-0.993523   -0.919179   -0.844579   -0.775261   -0.669961   -0.529683   -0.428557   -0.323477   -0.216569   -0.109019   -4.3593e-09   0.109019   0.216569   0.323478   0.428559   0.529687   0.669971   0.775259   0.844599   0.919227   0.993621   1.07102   1.12121   1.15215   1.1673   1.16525   1.13211   
0.0244014   0.0210681   0.0181749   0.0150221   0.0118517   0.0114989   0.0117688   0.0122029   0.0124906   0.0124801   0.0123545   0.0124801   0.0124906   0.0122029   0.0117687   0.0114989   0.0118516   0.0150217   0.0181746   0.0210681   0.0244013   0.0285822   0.0323604   0.0373309   0.0451102   0.0556268   0.0721357   
-0.0161293   -0.0117445   -0.00694846   -0.00120915   -0.00346868   -0.0091783   -0.00613609   -0.00394243   -0.00231333   -0.000969308   1.00098e-09   0.000969305   0.00231325   0.00394222   0.00613569   0.0091776   0.00346662   0.00120965   0.00694495   0.0117357   0.0161123   0.0196243   0.0250386   0.028645   0.0290173   0.0260627   0.0183118   

235000
-10   -9   -8   -7   -6   -5   -4   -3   -2   -1   0   1   2   3   4   5   6   7   8   9   10   11   13   14   15   16   
-0.994017   -0.920166   -0.845784   -0.775676   -0.666741   -0.53009   -0.428939   -0.323928   -0.216707   -0.109303   -2.44147e-09   0.109303   0.216707   0.323929   0.428939   0.530094   0.666751   0.77567   0.845803   0.920216   0.994114   1.0699   1.15367   1.16714   1.16431   1.13672   
0.024275   0.020893   0.0180132   0.014934   0.0117653   0.0113922   0.011632   0.0120805   0.0123648   0.0123416   0.0122096   0.0123416   0.0123648   0.0120805   0.011632   0.0113922   0.0117653   0.0149338   0.0180129   0.0208926   0.0242755   0.0283274   0.0369519   0.0448932   0.0556187   0.0714668   
-0.0160235   -0.0116211   -0.0067863   -0.00110885   -0.00408482   -0.00906723   -0.00604902   -0.00388334   -0.00229605   -0.000943054   4.74654e-10   0.00094303   0.00229596   0.00388313   0.00604884   0.0090665   0.00408276   0.00111014   0.00678288   0.0116122   0.0160067   0.0197456   0.0285095   0.028762   0.0256318   0.0181598   

240000
-10   -9   -8   -7   -6   -5   -4   -3   -2   -1   0   1   2   3   4   5   6   7   8   10   11   12   13   14   15   16   
-0.994359   -0.921278   -0.846793   -0.775988   -0.663396   -0.53036   -0.429334   -0.324421   -0.217127   -0.109572   4.1747e-09   0.109572   0.217128   0.324422   0.429336   0.530364   0.663405   0.775986   0.846811   0.994452   1.06892   1.11638   1.15633   1.16732   1.16399   1.14118   
0.0241801   0.0207106   0.0178683   0.0148561   0.0116823   0.0112974   0.0115059   0.0119651   0.0122167   0.0122192   0.012075   0.0122192   0.0122167   0.0119651   0.011506   0.0112974   0.0116822   0.0148557   0.017868   0.0241796   0.0280789   0.0318483   0.0366141   0.0446647   0.0555567   0.0708315   
-0.015953   -0.0114829   -0.00663654   -0.00102024   -0.00473089   -0.00897835   -0.00595579   -0.00381527   -0.00226018   -0.000907093   -1.08918e-09   0.000907075   0.0022601   0.00381507   0.00595543   0.00897761   0.00472889   0.00102079   0.00663323   0.0159371   0.0198415   0.0253825   0.0284113   0.0285098   0.0252422   0.0180175   

245000
-10   -9   -8   -7   -6   -5   -4   -3   -2   -1   0   1   2   3   4   5   6   7   8   9   10   11   12   13   14   15   
-0.994343   -0.922312   -0.8477   -0.776198   -0.66001   -0.53076   -0.429711   -0.324684   -0.217506   -0.109595   -5.26306e-08   0.109595   0.217507   0.324685   0.429713   0.530764   0.660019   0.776195   0.847718   0.922361   0.994437   1.06828   1.11469   1.06076   1.07069   1.16435   
0.0239808   0.0205389   0.0177329   0.0147881   0.0115969   0.0112001   0.011393   0.0118648   0.0120874   0.0121   0.0119577   0.0121   0.0120874   0.0118648   0.011393   0.0112001   0.0115968   0.0147878   0.0177326   0.0205385   0.0239804   0.0278358   0.0315966   0.0263808   0.0352138   0.0554305   
-0.0159647   -0.0113437   -0.0064923   -0.000943931   -0.00539529   -0.00887502   -0.00586617   -0.00376825   -0.00221866   -0.000888001   1.00457e-08   0.000888001   0.00221856   0.0037681   0.00586577   0.00887425   0.0053933   0.000944831   0.00648912   0.0113349   0.0159486   0.0198935   0.0254587   0.0323795   0.0334463   0.0248946   

250000
-10   -9   -8   -7   -6   -5   -4   -3   -2   -1   0   1   2   3   4   5   6   7   8   9   10   11   12   13   14   15   16   
-0.994556   -0.923285   -0.848485   -0.776678   -0.65675   -0.531147   -0.430107   -0.324622   -0.217499   -0.109393   1.02873e-07   0.109394   0.217499   0.324623   0.430109   0.53115   0.656758   0.776675   0.848503   0.923333   0.994653   1.06815   1.1134   1.15111   1.16873   1.16523   1.14714   
0.0237987   0.0203761   0.0176094   0.0147023   0.0115149   0.0111058   0.0112872   0.0117665   0.0119589   0.0119767   0.0118476   0.0119767   0.0119589   0.0117665   0.0112872   0.0111057   0.0115149   0.014702   0.0176091   0.0203757   0.0237983   0.0276042   0.0313466   0.0364291   0.0441515   0.0552517   0.07003   
-0.0159423   -0.0112041   -0.00635793   -0.00084213   -0.00603653   -0.00876451   -0.00579441   -0.00376132   -0.00221027   -0.000895827   -1.6453e-08   0.000895813   0.00221019   0.00376111   0.00579401   0.00876386   0.00603469   0.000842796   0.00635449   0.0111954   0.0159256   0.0198825   0.0254874   0.0281823   0.0280417   0.0245818   0.0176437   

255000
-10   -9   -8   -7   -6   -5   -4   -3   -2   -1   0   1   2   3   4   5   6   7   8   9   10   11   12   13   14   15   16   
-0.99492   -0.924171   -0.849019   -0.777235   -0.653471   -0.531478   -0.430309   -0.324848   -0.217481   -0.109399   -3.33781e-08   0.109399   0.217481   0.324849   0.43031   0.531482   0.653479   0.777232   0.849034   0.924217   0.995017   1.0686   1.11247   1.14964   1.16993   1.03996   1.1471   
0.023628   0.0202243   0.0175088   0.0146125   0.0114368   0.0110172   0.0111858   0.0116438   0.0118377   0.0118588   0.0117278   0.0118588   0.0118377   0.0116438   0.0111858   0.0110171   0.0114368   0.0146122   0.0175086   0.0202242   0.0236276   0.0274047   0.0311008   0.0363113   0.0438687   0.0496825   0.0701552   
-0.0158956   -0.0110687   -0.00625015   -0.000732519   -0.00668356   -0.00866954   -0.00572884   -0.00372872   -0.00220349   -0.000891494   6.23027e-09   0.000891523   0.00220341   0.00372852   0.00572845   0.0086689   0.00668204   0.000733222   0.00624719   0.0110604   0.0158789   0.0197997   0.0254766   0.0280312   0.0278395   0.0312684   0.0172402   

260000
-10   -9   -8   -7   -6   -5   -4   -3   -2   -1   0   1   2   3   4   5   6   7   8   9   10   11   12   13   14   15   16   
-0.99536   -0.924887   -0.84988   -0.777688   -0.650705   -0.531887   -0.430533   -0.325077   -0.217587   -0.109542   7.21037e-08   0.109542   0.217588   0.325078   0.430535   0.531891   0.650712   0.777684   0.849896   0.924933   0.995457   1.07028   1.11206   1.14852   1.17133   1.168   1.14849   
0.0234653   0.0200927   0.0173884   0.0145324   0.0113665   0.0109243   0.0110957   0.011533   0.011717   0.0117409   0.0116163   0.0117409   0.011717   0.011533   0.0110956   0.0109243   0.0113664   0.0145321   0.017388   0.0200924   0.0234649   0.0272986   0.0308569   0.0361881   0.0435795   0.0548048   0.0700549   
-0.0158343   -0.0109482   -0.00612179   -0.000634254   -0.00722051   -0.00857247   -0.00566321   -0.0036946   -0.00218995   -0.000877466   -1.53546e-08   0.000877436   0.00218987   0.00369441   0.0056628   0.00857176   0.00721901   0.000635029   0.00611889   0.0109398   0.0158175   0.0195591   0.0254283   0.0278629   0.0276663   0.0240257   0.0169517   

265000
-10   -9   -8   -7   -6   -5   -4   -3   -2   -1   0   1   2   3   4   5   6   7   8   9   10   11   12   13   14   15   
-0.995844   -0.92528   -0.851005   -0.778055   -0.648383   -0.532186   -0.430768   -0.325302   -0.217813   -0.10968   -2.98009e-09   0.109681   0.217813   0.325303   0.43077   0.53219   0.64839   0.778052   0.851021   0.925323   0.995938   1.06869   1.112   1.14785   1.17302   1.16971   
0.0233105   0.0199958   0.0172498   0.0144605   0.0113039   0.0108432   0.0110095   0.011434   0.0115891   0.0116322   0.0115133   0.0116322   0.0115891   0.011434   0.0110095   0.0108432   0.0113038   0.0144602   0.0172495   0.0199958   0.0233102   0.0271018   0.0306252   0.0360502   0.0432794   0.0545605   
-0.0157629   -0.0108615   -0.00596952   -0.000545814   -0.00765986   -0.00849   -0.00560897   -0.00365957   -0.00216854   -0.000859022   5.93194e-10   0.000858995   0.00216845   0.00365941   0.00560857   0.00848925   0.00765846   0.000546564   0.00596664   0.0108535   0.0157465   0.019748   0.0253585   0.0276848   0.0275445   0.0237741   

270000
-10   -9   -8   -7   -6   -5   -4   -3   -2   -1   0   1   2   3   4   5   6   7   8   9   10   11   13   14   15   
-0.996332   -0.925693   -0.852006   -0.778339   -0.646322   -0.53255   -0.431038   -0.325518   -0.218028   -0.109842   5.4944e-09   0.109843   0.218029   0.325519   0.43104   0.532554   0.646328   0.778336   0.852022   0.925738   0.996429   1.06686   1.14753   1.17515   1.17163   
0.0231668   0.0199063   0.0171216   0.0143964   0.0112485   0.0107562   0.0109228   0.011346   0.0114717   0.0115348   0.0114213   0.0115348   0.0114717   0.011346   0.0109228   0.0107561   0.0112484   0.0143961   0.0171213   0.019906   0.0231666   0.0268852   0.0359001   0.042964   0.0542962   
-0.0156869   -0.0107875   -0.0058251   -0.000467405   -0.00804035   -0.00840413   -0.00555867   -0.00362487   -0.00214286   -0.000832084   -1.3609e-09   0.000832068   0.00214277   0.00362467   0.00555826   0.00840337   0.00803905   0.000468226   0.00582229   0.0107795   0.0156699   0.0199914   0.0275022   0.0275277   0.0235487   

275000
-10   -9   -8   -6   -5   -4   -3   -2   -1   0   1   2   3   4   5   6   7   8   9   10   11   12   13   14   15   16   17   
-0.996807   -0.926812   -0.852933   -0.64438   -0.53297   -0.431291   -0.325787   -0.218254   -0.109927   -4.35148e-08   0.109927   0.218255   0.325788   0.431293   0.532974   0.644387   0.778561   0.852948   0.926857   0.996903   1.06553   1.11368   1.14758   1.17534   1.17364   1.15729   1.12631   
0.0230394   0.0197591   0.0170003   0.0111889   0.0106695   0.0108478   0.011257   0.0113651   0.0114442   0.0113435   0.0114442   0.0113651   0.011257   0.0108478   0.0106695   0.0111889   0.0143385   0.017   0.0197587   0.0230395   0.0266798   0.0302581   0.0357327   0.0428497   0.0540266   0.0690761   0.0886096   
-0.0156077   -0.0106547   -0.00568491   -0.00840363   -0.00830175   -0.00550799   -0.00358596   -0.00211044   -0.000810206   8.59717e-09   0.000810195   0.00211037   0.00358576   0.0055076   0.00830101   0.0084023   0.000397439   0.00568222   0.0106466   0.0155909   0.0201723   0.025174   0.0273218   0.0273678   0.0233366   0.0163867   0.00682389   

280000
-10   -9   -8   -7   -6   -5   -4   -3   -2   -1   0   1   2   3   4   5   6   7   8   9   10   11   12   13   14   15   16   
-0.997205   -0.927796   -0.853764   -0.779155   -0.642206   -0.533315   -0.431516   -0.325941   -0.218478   -0.109712   1.42029e-08   0.109712   0.218478   0.325941   0.431517   0.533318   0.642212   0.779151   0.853781   0.927841   0.9973   1.06451   1.11216   1.14787   1.17432   1.1757   1.16085   
0.0229411   0.0196251   0.0168879   0.0142548   0.0111305   0.0105899   0.0107868   0.011151   0.0112697   0.0113366   0.0112799   0.0113366   0.0112697   0.011151   0.0107868   0.0105898   0.0111304   0.0142546   0.0168875   0.0196247   0.0229411   0.0264815   0.0301191   0.0355575   0.0428572   0.053756   0.0686649   
-0.0155331   -0.0105304   -0.00555235   -0.000288373   -0.00881781   -0.00821243   -0.00546039   -0.00356113   -0.00207412   -0.000828859   -2.76983e-09   0.000828847   0.00207405   0.00356094   0.00546   0.00821177   0.00881646   0.000289247   0.00554937   0.0105223   0.0155166   0.0203104   0.0251841   0.0271463   0.0270355   0.0231366   0.0162437   

285000
-10   -8   -7   -6   -5   -4   -3   -2   -1   0   1   2   3   4   5   6   7   8   10   11   13   14   15   16   
-0.997481   -0.854429   -0.779694   -0.639896   -0.533661   -0.431704   -0.325995   -0.21844   -0.109672   -8.40091e-08   0.109672   0.218441   0.325996   0.431705   0.533664   0.639902   0.77969   0.854442   0.997574   1.06379   1.14839   1.17371   1.17777   1.16432   
0.0228904   0.0167901   0.0141762   0.0110759   0.0105044   0.0107215   0.0110478   0.0111716   0.0112347   0.01118   0.0112347   0.0111716   0.0110478   0.0107214   0.0105044   0.0110758   0.0141758   0.0167898   0.0228909   0.0262866   0.0353768   0.0428414   0.0534902   0.0682574   
-0.0154687   -0.005437   -0.000185488   -0.0092597   -0.00813216   -0.00541829   -0.00354634   -0.00206762   -0.000834559   1.65861e-08   0.000834541   0.00206757   0.00354614   0.00541792   0.00813143   0.00925841   0.000186433   0.00543456   0.0154523   0.0204039   0.0269801   0.026728   0.02295   0.0161169   

290000
-10   -9   -8   -7   -6   -5   -4   -3   -2   -1   0   1   2   3   4   5   6   7   8   9   10   11   12   13   14   15   16   17   18   
-0.997755   -0.929522   -0.854915   -0.780149   -0.637683   -0.533935   -0.431903   -0.326087   -0.218477   -0.109734   2.50086e-08   0.109734   0.218477   0.326088   0.431905   0.533938   0.63769   0.780145   0.854927   0.929565   0.99785   1.06333   1.11023   1.14908   1.17353   1.17982   1.16754   1.13138   0.784056   
0.0228261   0.0193814   0.0167083   0.0141051   0.0110264   0.0104303   0.0106436   0.0109535   0.0110634   0.0111336   0.0110912   0.0111336   0.0110634   0.0109535   0.0106436   0.0104302   0.0110264   0.0141048   0.016708   0.019381   0.0228255   0.0260948   0.0298324   0.0351903   0.0427937   0.0532312   0.0678805   0.088067   0.188584   
-0.0154223   -0.0102951   -0.00534192   -9.23028e-05   -0.00967838   -0.00805807   -0.00537388   -0.00352636   -0.00206243   -0.000831484   -4.5878e-09   0.000831465   0.00206235   0.00352616   0.00537348   0.00805735   0.00967698   9.32196e-05   0.00533968   0.0102873   0.015406   0.0204605   0.025106   0.026829   0.0264493   0.0227792   0.0160051   0.00661024   -0.0442013   

295000
-9   -8   -7   -6   -5   -4   -3   -2   -1   0   1   2   3   4   5   6   7   8   9   10   11   12   13   14   15   16   17   18   
-0.930268   -0.855744   -0.780533   -0.635628   -0.534182   -0.432096   -0.326197   -0.218559   -0.109801   2.03974e-07   0.109801   0.21856   0.326198   0.432097   0.534185   0.635634   0.780528   0.855757   0.93031   0.998441   1.06317   1.10986   1.14994   1.17374   1.18177   1.17006   1.13371   1.08641   
0.019271   0.0166035   0.0140408   0.0109834   0.0103568   0.0105753   0.0108666   0.0109582   0.0110394   0.0110104   0.0110394   0.0109582   0.0108666   0.0105753   0.0103568   0.0109834   0.0140405   0.0166031   0.0192707   0.0226541   0.0259079   0.0296813   0.0350065   0.0427137   0.0529846   0.0675978   0.0877997   0.111662   
-0.0101853   -0.00522181   -7.04725e-06   -0.0100604   -0.00799118   -0.00532994   -0.00350427   -0.00205213   -0.000825646   -4.09928e-08   0.000825632   0.00205201   0.00350407   0.00532966   0.00799042   0.0100591   8.22997e-06   0.00521941   0.0101776   0.0153513   0.0204749   0.0250294   0.0267028   0.0261974   0.0226293   0.0159184   0.00658994   -0.00543623   

300000
-10   -9   -8   -7   -6   -5   -4   -3   -2   -1   0   1   2   3   4   5   6   7   8   9   10   12   13   14   15   16   17   18   
-0.999014   -0.930888   -0.856687   -0.780848   -0.63381   -0.534515   -0.432271   -0.326313   -0.218655   -0.109875   8.78401e-09   0.109875   0.218655   0.326314   0.432273   0.534518   0.633817   0.780844   0.8567   0.930929   0.999109   1.10984   1.15089   1.17429   1.18314   1.17236   1.13643   1.08665   
0.0224988   0.0191728   0.0164913   0.0139828   0.0109425   0.0102849   0.0105155   0.0107866   0.0108598   0.0109525   0.0109376   0.0109525   0.0108598   0.0107865   0.0105155   0.0102849   0.0109425   0.0139825   0.0164909   0.0191725   0.0224983   0.029522   0.0348279   0.0426076   0.0528396   0.0673528   0.0874518   0.111749   
-0.0152991   -0.0100871   -0.00509063   6.95227e-05   -0.0103942   -0.00790157   -0.00528898   -0.00348328   -0.0020379   -0.000817228   -1.81579e-09   0.00081721   0.00203782   0.00348307   0.00528855   0.00790084   0.0103928   -6.85927e-05   0.00508834   0.0100796   0.0152827   0.0249363   0.0266174   0.0259685   0.0224349   0.0158891   0.00660009   -0.00560129   

305000
-10   -9   -8   -7   -6   -5   -4   -3   -2   -1   0   1   2   3   4   5   6   7   8   9   10   12   13   14   15   16   17   18   
-0.999717   -0.931333   -0.857554   -0.781114   -0.632352   -0.534804   -0.432412   -0.326504   -0.218767   -0.109972   -6.72975e-09   0.109973   0.218767   0.326505   0.432414   0.534807   0.632358   0.78111   0.857567   0.931372   0.999811   1.11004   1.15198   1.17508   1.18441   1.17533   1.13939   1.08716   
0.0223541   0.0190908   0.0163855   0.0139299   0.0109031   0.0102201   0.010466   0.0106902   0.0107678   0.0108741   0.0108735   0.0108741   0.0107679   0.0106902   0.010466   0.0102201   0.0109031   0.0139295   0.0163853   0.0190906   0.0223536   0.0293585   0.0346689   0.0424773   0.0527402   0.0670132   0.0870574   0.111789   
-0.0152221   -0.0100068   -0.00496479   0.000139931   -0.0106549   -0.00781748   -0.00525523   -0.00345928   -0.00201956   -0.000802764   1.45075e-09   0.000802751   0.00201945   0.00345907   0.00525483   0.00781676   0.0106535   -0.000139017   0.00496249   0.00999946   0.0152057   0.0248323   0.0266121   0.0257614   0.0222034   0.0158696   0.0066285   -0.00573667   

310000
-10   -9   -8   -7   -5   -4   -3   -2   -1   0   1   2   3   4   5   7   8   9   10   11   12   13   14   15   16   17   18   
-1.00044   -0.931482   -0.858357   -0.781615   -0.535044   -0.432613   -0.326674   -0.218887   -0.110082   -1.79728e-09   0.110082   0.218887   0.326675   0.432615   0.535047   0.781612   0.858369   0.93152   1.00053   1.06381   1.11042   1.15201   1.17606   1.18621   1.17871   1.14231   1.08835   
0.0222163   0.0190356   0.0162859   0.01386   0.0101604   0.0103985   0.0106034   0.0106818   0.0108062   0.0108197   0.0108062   0.0106818   0.0106034   0.0103985   0.0101604   0.0138597   0.0162854   0.0190354   0.0222159   0.0254275   0.0291912   0.0345876   0.0423329   0.0525722   0.0666167   0.0866718   0.111682   
-0.0151387   -0.00995924   -0.00484351   0.000234523   -0.00774263   -0.00521881   -0.0034357   -0.00199847   -0.000784172   4.29583e-10   0.000784143   0.0019984   0.0034355   0.0052184   0.00774188   -0.000233725   0.00484137   0.00995206   0.0151226   0.0203513   0.0247197   0.0264955   0.0255685   0.0220134   0.0158592   0.00665725   -0.00578909   

315000
-10   -9   -8   -7   -6   -5   -4   -3   -2   -1   0   1   2   3   4   5   6   7   8   9   10   11   12   13   14   15   16   17   18   
-1.00116   -0.931254   -0.859078   -0.782146   -0.630064   -0.535254   -0.432791   -0.326835   -0.219011   -0.109923   -9.93307e-09   0.109923   0.219012   0.326836   0.432793   0.535257   0.63007   0.782141   0.85909   0.93129   1.00125   1.06438   1.11093   1.15174   1.17718   1.18839   1.18223   1.14492   1.09009   
0.0220849   0.019015   0.0161932   0.0137889   0.0108463   0.0101064   0.0103401   0.0105253   0.0106029   0.0107194   0.0107793   0.0107194   0.0106029   0.0105253   0.0103401   0.0101064   0.0108463   0.0137886   0.0161928   0.0190151   0.0220844   0.0253485   0.0290235   0.0345196   0.0421764   0.0523509   0.066189   0.0863275   0.111459   
-0.0150522   -0.00995602   -0.00472948   0.000332077   -0.0110317   -0.0076719   -0.00518366   -0.00341068   -0.00197568   -0.000803635   1.98333e-09   0.000803621   0.00197561   0.00341045   0.00518326   0.00767112   0.0110304   -0.000330988   0.00472736   0.00994915   0.0150357   0.0202566   0.0246027   0.0262891   0.0253903   0.021851   0.0158597   0.00667125   -0.00577868   

320000
-10   -9   -8   -7   -6   -5   -4   -3   -2   -1   0   1   2   3   4   5   6   7   8   9   10   11   12   13   14   15   17   
-1.00187   -0.932032   -0.859705   -0.782602   -0.629394   -0.535436   -0.432952   -0.326884   -0.219147   -0.109854   -5.49663e-08   0.109854   0.219148   0.326885   0.432954   0.535439   0.6294   0.782599   0.859716   0.932073   1.00196   1.0642   1.11154   1.15174   1.17842   1.19086   1.14682   
0.0219595   0.0189151   0.0161089   0.0137244   0.0108224   0.0100579   0.0102904   0.0104392   0.0105302   0.0106386   0.0107058   0.0106386   0.0105302   0.0104391   0.0102904   0.0100579   0.0108224   0.013724   0.0161086   0.0189146   0.021959   0.0252071   0.028859   0.0344419   0.0420115   0.0520982   0.0860769   
-0.0149632   -0.00985907   -0.00462491   0.000421265   -0.0111219   -0.0076052   -0.00514889   -0.00339426   -0.00195258   -0.000815641   1.08866e-08   0.000815626   0.00195251   0.00339406   0.00514847   0.00760444   0.0111206   -0.000420511   0.00462289   0.00985161   0.0149471   0.0202821   0.024486   0.0260952   0.0252255   0.021702   0.00665309   

325000
-10   -9   -8   -7   -6   -5   -4   -3   -2   -1   0   1   2   3   4   5   6   7   8   9   10   11   12   13   14   15   16   17   
-1.00256   -0.933062   -0.860241   -0.783005   -0.628803   -0.535739   -0.433121   -0.326955   -0.219285   -0.109895   2.08045e-09   0.109895   0.219285   0.326955   0.433123   0.535742   0.628809   0.783   0.860251   0.933103   1.00265   1.06404   1.11221   1.15206   1.17972   1.19355   1.18849   1.1478   
0.0218401   0.0187957   0.0160329   0.0136649   0.0107972   0.0100062   0.0102329   0.0103587   0.0104521   0.0105524   0.0106232   0.0105524   0.0104521   0.0103587   0.0102329   0.0100061   0.0107972   0.0136646   0.0160327   0.0187952   0.0218397   0.0250304   0.0287025   0.0343448   0.0418392   0.0518171   0.0654421   0.0859487   
-0.0148739   -0.00973586   -0.00453049   0.000504118   -0.0112001   -0.00751715   -0.00510578   -0.00337489   -0.0019343   -0.000816798   -4.11951e-10   0.000816834   0.00193421   0.0033747   0.00510543   0.00751644   0.0111987   -0.00050301   0.00452863   0.00972847   0.0148579   0.0203152   0.0243761   0.0259195   0.0250711   0.0215644   0.015831   0.00659658   

330000
-10   -9   -8   -7   -6   -5   -4   -3   -2   -1   0   1   2   3   4   5   6   7   8   9   10   11   12   13   14   15   16   17   
-1.00321   -0.933972   -0.860664   -0.783361   -0.628465   -0.536003   -0.433282   -0.327036   -0.219251   -0.109934   8.77784e-08   0.109934   0.219252   0.327037   0.433284   0.536007   0.628472   0.783356   0.860674   0.934011   1.0033   1.06421   1.11286   1.1526   1.18109   1.19644   1.19058   0.971253   
0.0217284   0.0186872   0.015967   0.01361   0.0107787   0.0099583   0.0101808   0.0102844   0.0103652   0.0104725   0.0105492   0.0104725   0.0103652   0.0102843   0.0101807   0.00995828   0.0107787   0.0136096   0.0159668   0.0186867   0.0217279   0.0248606   0.0285628   0.0342331   0.041666   0.0515129   0.0651888   0.0874077   
-0.0147861   -0.00962299   -0.00444946   0.000581416   -0.0112205   -0.00743819   -0.00506475   -0.00335539   -0.00193662   -0.000817611   -1.77491e-08   0.000817585   0.00193653   0.00335519   0.00506436   0.00743748   0.0112192   -0.000580265   0.00444769   0.00961587   0.0147703   0.0203037   0.0242834   0.0257574   0.0249249   0.0214361   0.0157924   0.0158148   

335000
-10   -9   -8   -7   -6   -5   -4   -3   -2   -1   0   1   2   3   4   5   6   7   8   9   10   11   12   13   15   16   17   18   
-1.00379   -0.934796   -0.861076   -0.783664   -0.628049   -0.536226   -0.433464   -0.32714   -0.21926   -0.109977   2.32586e-07   0.109977   0.219261   0.327141   0.433466   0.53623   0.628055   0.783658   0.861087   0.934835   1.00388   1.06464   1.11342   1.15331   1.19954   1.19302   1.15297   1.09889   
0.0216274   0.0185862   0.0159035   0.0135599   0.0107649   0.00991563   0.0101172   0.0102024   0.0102844   0.0103977   0.0104818   0.0103977   0.0102844   0.0102024   0.0101172   0.00991559   0.0107648   0.0135596   0.0159032   0.0185858   0.0216271   0.0246946   0.0284515   0.0341106   0.0511922   0.0648748   0.0852179   0.110191   
-0.0147038   -0.00951714   -0.00437396   0.000651984   -0.0112549   -0.00736685   -0.00502565   -0.00333985   -0.00193148   -0.000817213   -4.77798e-08   0.000817179   0.00193138   0.00333963   0.0050253   0.00736616   0.0112535   -0.000650783   0.00437214   0.00951013   0.014688   0.0202597   0.0242242   0.0256048   0.0213139   0.0158654   0.0068422   -0.00554825   

340000
-10   -9   -8   -7   -6   -5   -4   -3   -2   -1   0   1   2   3   4   5   6   7   8   9   10   11   12   13   14   15   16   17   
-1.00425   -0.935551   -0.861798   -0.783923   -0.627851   -0.536415   -0.433639   -0.327244   -0.2193   -0.110029   5.00859e-07   0.110029   0.2193   0.327245   0.433641   0.536418   0.627858   0.783918   0.86181   0.935589   1.00434   1.06525   1.11388   1.15413   1.18385   1.20272   1.19604   1.1558   
0.0215424   0.0184914   0.0158175   0.0135141   0.0107458   0.00987796   0.0100546   0.010122   0.0102088   0.0103288   0.0104206   0.0103288   0.0102088   0.010122   0.0100545   0.00987794   0.0107458   0.0135138   0.0158172   0.0184911   0.0215422   0.0245311   0.0283671   0.033979   0.0413178   0.0508554   0.0644934   0.0848082   
-0.0146321   -0.00941691   -0.00427069   0.000716833   -0.0112514   -0.00730184   -0.00498838   -0.00332538   -0.00192106   -0.000814344   -1.05937e-07   0.000814329   0.00192099   0.00332519   0.00498798   0.00730112   0.01125   -0.000715682   0.00426866   0.00940995   0.0146165   0.0201927   0.0241947   0.0254613   0.0246672   0.0212042   0.0159735   0.00697025   

345000
-10   -9   -8   -7   -6   -5   -4   -3   -2   -1   0   1   2   3   4   5   6   7   8   9   10   11   12   13   14   15   16   
-1.00454   -0.936257   -0.862451   -0.78437   -0.627552   -0.536562   -0.433799   -0.327345   -0.219355   -0.110085   -3.33941e-09   0.110085   0.219355   0.327345   0.4338   0.536566   0.627558   0.784364   0.862462   0.936292   1.00463   1.06599   1.11436   1.15506   1.1852   1.20591   1.19914   
0.0214802   0.0184017   0.0157375   0.0134545   0.0107342   0.00984547   0.00999788   0.0100468   0.0101377   0.0102657   0.0103651   0.0102656   0.0101377   0.0100468   0.00999787   0.00984546   0.0107342   0.0134543   0.0157371   0.0184012   0.0214803   0.0243693   0.0282335   0.0338436   0.041149   0.05052   0.0640945   
-0.0145785   -0.00932024   -0.0041733   0.000801366   -0.0112635   -0.00724522   -0.00495307   -0.00331008   -0.00190787   -0.000810338   7.06079e-10   0.000810295   0.00190781   0.00330994   0.00495274   0.00724451   0.0112622   -0.000800125   0.00417145   0.00931366   0.0145632   0.0201084   0.0240789   0.0253247   0.0245594   0.0211034   0.0160694   

350000
-10   -9   -8   -7   -6   -5   -4   -3   -2   -1   0   1   2   3   4   5   6   7   8   9   10   11   12   13   14   15   16   17   
-1.00456   -0.936904   -0.863063   -0.784835   -0.62728   -0.53678   -0.433943   -0.327443   -0.219419   -0.110142   3.14195e-10   0.110142   0.219419   0.327444   0.433945   0.536783   0.627287   0.784829   0.863073   0.936941   1.00464   1.06683   1.11507   1.15606   1.18642   1.20887   1.20226   1.16159   
0.0214555   0.0183165   0.0156612   0.0133943   0.0107271   0.00980818   0.00994661   0.00997642   0.0100713   0.0102093   0.0103152   0.0102093   0.0100713   0.00997641   0.0099466   0.00980816   0.0107271   0.013394   0.0156609   0.0183162   0.021456   0.0242091   0.0280952   0.0337027   0.0409877   0.0502072   0.0636958   0.0839643   
-0.0145548   -0.00922867   -0.00407911   0.000887543   -0.0112671   -0.00718199   -0.00491968   -0.00329371   -0.00189348   -0.000805296   -1.12402e-10   0.000805281   0.00189341   0.0032935   0.00491929   0.00718127   0.0112657   -0.000886187   0.00407738   0.00922189   0.0145399   0.0200102   0.0239682   0.0251962   0.0244713   0.0210125   0.0161541   0.00722116   

355000
-10   -9   -8   -7   -6   -5   -4   -3   -2   -1   0   1   2   3   4   5   6   7   8   9   10   11   12   13   14   15   16   17   
-1.00545   -0.93749   -0.863631   -0.785244   -0.627082   -0.53701   -0.434075   -0.32754   -0.219486   -0.110156   -7.44262e-08   0.110156   0.219486   0.327541   0.434077   0.537013   0.627088   0.785238   0.863642   0.937523   1.00554   1.06775   1.11593   1.1571   1.18754   1.21146   1.20519   1.1642   
0.0213269   0.0182377   0.0155889   0.013339   0.0107156   0.00977312   0.00990033   0.00991187   0.0100104   0.0101566   0.0102723   0.0101566   0.0100104   0.00991187   0.00990032   0.00977311   0.0107156   0.0133387   0.0155885   0.0182372   0.0213261   0.024052   0.027954   0.033559   0.0408429   0.0499294   0.0633191   0.0835948   
-0.0144612   -0.00914233   -0.00398865   0.00096723   -0.0112633   -0.00711626   -0.004888   -0.00327599   -0.00187905   -0.000805618   1.45821e-08   0.000805603   0.00187897   0.0032758   0.00488761   0.00711553   0.0112619   -0.000965946   0.00398686   0.00913614   0.0144455   0.019902   0.0238618   0.0250756   0.0244061   0.0209338   0.0162229   0.00731435   

360000
-10   -9   -8   -7   -6   -5   -4   -2   -1   0   1   2   4   5   6   7   8   9   10   11   12   13   14   15   16   17   18   
-1.00649   -0.937993   -0.864143   -0.785609   -0.626918   -0.537203   -0.434191   -0.219561   -0.110057   -3.96517e-08   0.110057   0.21956   0.434193   0.537206   0.626925   0.785603   0.864151   0.938026   1.00658   1.06868   1.11688   1.15817   1.18872   1.21492   1.20762   1.16616   1.10663   
0.0211887   0.0181656   0.0155217   0.0132878   0.0107075   0.00974323   0.0098594   0.00995013   0.0100979   0.0102379   0.0100979   0.0099501   0.00985939   0.00974321   0.0107075   0.0132875   0.0155214   0.0181651   0.0211881   0.0239012   0.027811   0.0334154   0.0407232   0.0495624   0.0630099   0.0833102   0.109037   
-0.0143529   -0.00906443   -0.00390355   0.00104158   -0.0112503   -0.00705715   -0.00485915   -0.0018678   -0.000823985   8.25146e-09   0.000823967   0.00186785   0.00485876   0.00705643   0.0112489   -0.00104029   0.00390205   0.00905821   0.0143375   0.0197885   0.0237581   0.0249633   0.0242587   0.0209332   0.0162609   0.00736463   -0.00525878   

365000
-10   -9   -8   -7   -6   -5   -4   -3   -2   -1   0   1   2   3   4   5   6   7   8   9   10   12   13   14   15   16   17   18   
-1.0075   -0.938378   -0.864585   -0.785937   -0.626724   -0.537357   -0.434293   -0.327726   -0.219645   -0.11008   -1.11705e-07   0.11008   0.219645   0.327727   0.434295   0.537361   0.62673   0.785931   0.864596   0.93841   1.00759   1.11789   1.15923   1.19016   1.21887   1.20943   1.16737   1.10879   
0.0210589   0.0181038   0.0154605   0.0132401   0.0107043   0.00971861   0.00981808   0.00978723   0.00988871   0.0100264   0.0101737   0.0100264   0.00988871   0.00978722   0.00981808   0.00971859   0.0107043   0.0132398   0.0154602   0.0181034   0.0210582   0.0276668   0.0332758   0.0405865   0.0491396   0.06278   0.0831583   0.108701   
-0.0142443   -0.00899925   -0.00382606   0.00111149   -0.0112407   -0.00700522   -0.00483424   -0.00323219   -0.00185737   -0.000826167   2.34481e-08   0.000826149   0.00185729   0.003232   0.00483383   0.00700438   0.0112393   -0.00111015   0.00382426   0.00899316   0.0142289   0.0236569   0.0248592   0.0240899   0.020947   0.0162678   0.00735198   -0.00513005   

370000
-10   -9   -8   -7   -6   -5   -4   -3   -2   -1   0   1   2   3   4   5   6   7   8   9   10   11   12   13   15   16   17   18   
-1.00849   -0.938562   -0.864962   -0.786235   -0.626587   -0.537468   -0.434484   -0.327814   -0.21973   -0.110114   -2.01298e-09   0.110114   0.219731   0.327815   0.434486   0.537471   0.626593   0.786229   0.864971   0.938596   1.00857   1.07038   1.11895   1.16026   1.22294   1.21051   1.16775   1.11105   
0.0209356   0.0180583   0.0154051   0.0131954   0.0106985   0.00969857   0.00975401   0.0097246   0.00983256   0.00995755   0.0100971   0.00995755   0.00983256   0.00972459   0.009754   0.00969855   0.0106985   0.0131951   0.0154049   0.0180581   0.020935   0.0236411   0.0275227   0.0331399   0.0487038   0.0626444   0.0831142   0.108344   
-0.0141357   -0.00895667   -0.00375599   0.00117751   -0.0112247   -0.00696214   -0.00479367   -0.00321171   -0.00184439   -0.000826813   4.47168e-10   0.000826795   0.00184432   0.00321152   0.00479328   0.00696142   0.0112234   -0.00117622   0.00375436   0.00895041   0.0141205   0.0195751   0.0235579   0.0247665   0.0209471   0.0162414   0.00729183   -0.0049924   

375000
-10   -9   -8   -7   -6   -5   -4   -3   -2   -1   0   1   2   3   4   5   6   7   8   9   10   11   12   13   14   15   16   17   18   
-1.00945   -0.938524   -0.865268   -0.7865   -0.626526   -0.537545   -0.434669   -0.327892   -0.219822   -0.110149   5.63387e-08   0.110149   0.219822   0.327892   0.43467   0.537548   0.626533   0.786494   0.865276   0.938555   1.00953   1.0709   1.12003   1.16122   1.19352   1.22705   1.21324   1.17096   1.11335   
0.0208172   0.0180319   0.0153561   0.0131539   0.0106908   0.00967277   0.00969444   0.00965636   0.00978255   0.00989416   0.0100278   0.00989416   0.00978254   0.00965635   0.00969443   0.00967275   0.0106908   0.0131536   0.0153559   0.0180319   0.0208166   0.0235531   0.0273783   0.0330104   0.0402561   0.0482601   0.0622745   0.0826155   0.107982   
-0.014027   -0.00894041   -0.00369431   0.00123915   -0.0111964   -0.00693193   -0.00475367   -0.0031984   -0.00182797   -0.000826957   -1.1613e-08   0.000826929   0.00182791   0.00319824   0.00475328   0.00693122   0.011195   -0.00123783   0.00369296   0.0089346   0.014012   0.0195012   0.0234613   0.0246871   0.0238193   0.0209442   0.0163799   0.00752481   -0.00485487   

380000
-10   -9   -8   -7   -6   -5   -4   -3   -2   -1   0   1   2   3   4   5   6   7   8   9   10   11   12   13   14   15   16   17   18   
-1.01039   -0.93823   -0.865493   -0.786723   -0.626422   -0.537753   -0.434841   -0.327969   -0.219814   -0.110183   1.24932e-07   0.110184   0.219814   0.32797   0.434843   0.537757   0.626428   0.786717   0.865501   0.938259   1.01048   1.07099   1.12112   1.1621   1.19536   1.23096   1.21608   1.174   1.11554   
0.0207022   0.0180273   0.0153142   0.0131163   0.0106879   0.00964272   0.00963971   0.00959216   0.00971878   0.00983519   0.00996364   0.00983519   0.00971878   0.00959215   0.00963971   0.0096427   0.010688   0.0131159   0.015314   0.0180273   0.0207015   0.0235165   0.0272376   0.0328906   0.0400717   0.0478398   0.0619015   0.0821537   0.107633   
-0.0139174   -0.00895552   -0.00364311   0.00129519   -0.0111741   -0.00687842   -0.0047153   -0.00318422   -0.00182585   -0.000826821   -2.575e-08   0.000826731   0.00182579   0.00318403   0.00471486   0.00687769   0.0111726   -0.00129394   0.00364171   0.00894993   0.0139025   0.0194742   0.0233679   0.0246236   0.0237044   0.0209335   0.0165073   0.00773042   -0.00472539   

385000
-10   -9   -8   -7   -6   -5   -4   -3   -2   -1   0   1   2   3   4   5   6   7   8   9   10   11   12   13   14   15   16   17   18   
-1.01132   -0.938973   -0.865644   -0.7871   -0.626278   -0.537928   -0.435002   -0.328046   -0.21982   -0.110218   4.00895e-07   0.110218   0.21982   0.328047   0.435004   0.537931   0.626285   0.787094   0.865652   0.939009   1.01141   1.07213   1.12219   1.16284   1.19728   1.23433   1.21877   1.17686   1.11753   
0.0205902   0.0179429   0.0152788   0.013067   0.0106897   0.00961775   0.00958899   0.00953136   0.00965788   0.00978002   0.00990389   0.00978002   0.00965787   0.00953135   0.00958898   0.00961774   0.0106898   0.0130668   0.0152786   0.0179423   0.0205894   0.0233764   0.0271007   0.0327826   0.0398778   0.0474729   0.0615444   0.0817091   0.10731   
-0.0138072   -0.00886272   -0.00360219   0.00136754   -0.0111571   -0.00683015   -0.00467879   -0.00316918   -0.00182112   -0.000826417   -8.56064e-08   0.000826404   0.00182108   0.00316899   0.0046784   0.00682942   0.0111556   -0.00136626   0.00360098   0.00885624   0.0137923   0.0193593   0.0232787   0.0245816   0.0235982   0.0209189   0.0166168   0.00791888   -0.00461089   

390000
-10   -9   -8   -7   -6   -5   -4   -3   -2   -1   0   1   2   3   4   5   6   7   8   9   10   11   12   13   14   15   16   17   18   
-1.01224   -0.940014   -0.866198   -0.787486   -0.626324   -0.538071   -0.435151   -0.328123   -0.219845   -0.11025   7.45674e-10   0.11025   0.219845   0.328124   0.435153   0.538074   0.62633   0.78748   0.866206   0.940047   1.01232   1.07359   1.12321   1.16341   1.19925   1.23711   1.22138   1.17963   1.1191   
0.0204809   0.0178365   0.0152132   0.0130176   0.0106781   0.0095976   0.00954186   0.00947382   0.00960154   0.00972871   0.00984828   0.00972872   0.00960154   0.00947382   0.00954185   0.00959758   0.0106781   0.0130173   0.0152129   0.0178358   0.0204803   0.023217   0.0269698   0.0326929   0.0396727   0.0471637   0.0611995   0.0812807   0.107057   
-0.0136966   -0.00873719   -0.00352116   0.00144052   -0.0111162   -0.00678689   -0.00464429   -0.00315359   -0.00181357   -0.000826119   -2.25504e-10   0.000826084   0.00181349   0.0031534   0.00464393   0.00678618   0.0111147   -0.0014392   0.00351985   0.00873116   0.013682   0.0192134   0.023195   0.0245688   0.0235018   0.0209058   0.0167137   0.00809311   -0.00453607   

395000
-10   -9   -8   -7   -6   -5   -4   -3   -2   -1   0   1   2   3   4   5   6   7   8   9   10   11   12   13   14   15   16   17   18   
-1.01314   -0.940945   -0.866699   -0.787837   -0.626321   -0.538175   -0.43529   -0.328198   -0.219879   -0.110279   -4.01092e-08   0.110279   0.21988   0.328199   0.435292   0.538179   0.626328   0.787829   0.866708   0.940977   1.01322   1.07504   1.12415   1.16378   1.2013   1.24064   1.22373   1.18235   1.12011   
0.0203744   0.017739   0.015152   0.0129715   0.0106717   0.00958237   0.00949821   0.00941984   0.00954972   0.00968177   0.00979595   0.00968178   0.00954972   0.00941983   0.0094982   0.00958238   0.0106718   0.0129712   0.0151517   0.0177384   0.0203738   0.0230668   0.0268482   0.0326193   0.0394637   0.0467684   0.0608915   0.0808983   0.10689   
-0.0135859   -0.00862267   -0.00344513   0.00150949   -0.0110813   -0.00675035   -0.00461163   -0.00313788   -0.00180496   -0.000826027   7.97688e-09   0.000825977   0.00180487   0.00313765   0.00461123   0.00674956   0.0110798   -0.0015079   0.00344371   0.00861669   0.0135715   0.019065   0.0231196   0.0245967   0.0234083   0.0209922   0.0167881   0.00823748   -0.00450634   

400000
-10   -9   -8   -7   -6   -5   -4   -3   -2   -1   0   1   2   3   4   5   6   7   8   9   10   11   12   13   14   15   16   17   18   
-1.01401   -0.941792   -0.867164   -0.788153   -0.626273   -0.538231   -0.435418   -0.328271   -0.219917   -0.110305   -7.13364e-09   0.110305   0.219917   0.328271   0.43542   0.538235   0.62628   0.788146   0.867171   0.941824   1.01409   1.07647   1.12497   1.16478   1.2034   1.24398   1.22566   1.18479   1.12061   
0.0202715   0.0176485   0.0150941   0.0129284   0.0106704   0.009566   0.009458   0.00936951   0.00950269   0.00963972   0.00974695   0.00963973   0.00950267   0.00936951   0.00945799   0.009566   0.0106704   0.0129281   0.0150938   0.017648   0.0202707   0.0229233   0.0267405   0.0325038   0.0392479   0.0463969   0.0606425   0.0805104   0.106831   
-0.0134763   -0.00851608   -0.00337247   0.00157406   -0.0110527   -0.0067246   -0.00458125   -0.00312184   -0.00179698   -0.000826304   1.63829e-09   0.000826277   0.00179691   0.00312174   0.00458086   0.00672387   0.0110512   -0.00157264   0.0033713   0.00851022   0.0134621   0.0189143   0.0230556   0.0245073   0.0233203   0.0210424   0.0168351   0.00838375   -0.00453072   

405000
-10   -9   -8   -7   -5   -4   -3   -2   -1   0   1   2   3   4   5   7   8   9   10   11   12   13   14   15   16   17   18   
-1.01485   -0.94257   -0.867601   -0.787512   -0.538284   -0.435521   -0.328342   -0.219952   -0.110327   -4.5758e-09   0.110327   0.219952   0.328343   0.435523   0.538288   0.787527   0.867608   0.942603   1.01492   1.0779   1.12557   1.16614   1.20555   1.24714   1.22716   1.1869   1.12053   
0.020173   0.0175637   0.0150387   0.012854   0.00954174   0.00941135   0.00932324   0.00945968   0.00960383   0.00970143   0.00960383   0.00945969   0.00932324   0.00941135   0.00954173   0.0128539   0.0150384   0.0175633   0.0201724   0.0227847   0.0266528   0.0323596   0.0390283   0.0460407   0.0604473   0.0802037   0.106844   
-0.0133698   -0.00841586   -0.00330231   0.00143229   -0.00670234   -0.0045585   -0.00310569   -0.00179099   -0.000827061   1.16968e-09   0.000827044   0.00179096   0.0031055   0.00455811   0.00670161   -0.00143557   0.00330118   0.00841002   0.0133557   0.0187614   0.0230089   0.0243807   0.0232357   0.0210759   0.0168596   0.00848362   -0.00459113   

410000
-10   -9   -8   -7   -6   -5   -4   -3   -2   -1   0   1   2   3   4   5   6   7   8   9   10   11   12   13   14   15   16   17   18   
-1.01562   -0.943301   -0.868013   -0.785935   -0.626321   -0.538446   -0.435606   -0.328411   -0.219997   -0.11032   1.10187e-08   0.11032   0.219997   0.328412   0.435608   0.53845   0.626328   0.785951   0.86802   0.943332   1.01569   1.07931   1.1259   1.16755   1.20773   1.24998   1.22813   1.1885   1.12217   
0.0200809   0.0174831   0.0149857   0.0128039   0.0106565   0.00951422   0.009364   0.00928108   0.00940731   0.0095712   0.00965984   0.0095712   0.00940731   0.00928108   0.00936399   0.00951422   0.0106565   0.0128038   0.0149854   0.0174827   0.0200804   0.0226505   0.0265905   0.0322104   0.0388045   0.0457232   0.0603215   0.0799724   0.106577   
-0.0132689   -0.0083199   -0.00323456   0.00108496   -0.0109796   -0.00666137   -0.00453929   -0.00308953   -0.00178725   -0.00083243   -2.33057e-09   0.000832412   0.00178722   0.00308934   0.00453893   0.0066606   0.0109781   -0.00108858   0.00323347   0.00831415   0.0132551   0.018607   0.0229877   0.024271   0.0231558   0.0210964   0.0168548   0.0085449   -0.00447237   

415000
-10   -9   -8   -6   -5   -4   -3   -2   -1   0   1   2   3   4   5   6   8   9   10   11   12   13   14   15   16   17   
-1.01628   -0.943991   -0.868387   -0.626382   -0.538582   -0.435687   -0.328458   -0.220042   -0.110349   1.17269e-08   0.11035   0.220042   0.328459   0.435689   0.538586   0.626389   0.868394   0.944022   1.01636   1.0807   1.12593   1.169   1.20992   1.25242   1.22956   1.1896   
0.0199984   0.0174059   0.0149361   0.010648   0.00949138   0.00932014   0.00923556   0.0093585   0.00950904   0.00962301   0.00950904   0.00935849   0.00923555   0.00932014   0.00949137   0.010648   0.0149358   0.0174055   0.019998   0.0225203   0.0265571   0.0320591   0.0385761   0.0454486   0.0601321   0.0798169   
-0.0131784   -0.00822746   -0.00317068   -0.0109389   -0.00662394   -0.00452008   -0.00307987   -0.00178264   -0.000829007   -2.4934e-09   0.000828989   0.00178256   0.00307968   0.00451974   0.00662323   0.0109374   0.00316952   0.00822173   0.0131649   0.0184512   0.022996   0.0241732   0.0230816   0.0211071   0.0168972   0.00856562   

420000
-10   -9   -8   -7   -6   -5   -4   -3   -2   -1   0   1   2   3   4   5   6   7   8   9   10   11   12   13   14   15   16   17   18   
-1.01677   -0.944648   -0.868719   -0.783119   -0.626398   -0.538692   -0.435858   -0.328527   -0.220088   -0.110381   -2.81681e-08   0.110381   0.220089   0.328528   0.435859   0.538695   0.626405   0.783136   0.868725   0.944678   1.01685   1.08206   1.12637   1.17046   1.21214   1.25434   1.23221   1.19014   1.12741   
0.0199312   0.0173319   0.0148902   0.0126977   0.0106445   0.00947254   0.00927065   0.0091822   0.00931289   0.00945131   0.00957177   0.0094513   0.00931289   0.00918219   0.00927063   0.00947252   0.0106445   0.0126977   0.0148899   0.0173314   0.019931   0.0223949   0.0264909   0.0319049   0.0383483   0.045231   0.0597824   0.0797351   0.105682   
-0.013107   -0.00813773   -0.00311132   0.000469292   -0.0109042   -0.00659049   -0.0044831   -0.00306457   -0.00177708   -0.000825508   6.00138e-09   0.00082549   0.00177701   0.00306439   0.00448272   0.00658978   0.0109027   -0.000472838   0.00311033   0.00813221   0.0130936   0.0182962   0.0229766   0.0240859   0.0230095   0.0211067   0.0170281   0.00855158   -0.00403224   

425000
-10   -9   -8   -7   -5   -4   -3   -2   -1   0   1   2   3   4   5   7   8   9   10   11   12   13   14   15   16   17   18   
-1.01699   -0.945266   -0.869005   -0.781252   -0.538775   -0.43603   -0.3286   -0.220136   -0.11041   2.00792e-09   0.11041   0.220136   0.328601   0.436031   0.538778   0.781269   0.869011   0.945296   1.01705   1.08336   1.1279   1.17193   1.21435   1.25644   1.23456   1.19014   1.12984   
0.019888   0.0172609   0.0148483   0.0126468   0.00945738   0.00922322   0.00913186   0.00927055   0.00939795   0.0095053   0.00939795   0.00927055   0.00913185   0.00922321   0.00945737   0.0126467   0.014848   0.0172605   0.019888   0.0222764   0.0263324   0.03175   0.0381199   0.0449909   0.0594778   0.0797516   0.105268   
-0.0130667   -0.00805161   -0.00305743   5.95845e-05   -0.00656123   -0.00444547   -0.00304818   -0.0017706   -0.00082263   -4.58476e-10   0.000822586   0.00177054   0.003048   0.00444516   0.00656052   -6.34352e-05   0.00305636   0.00804605   0.0130538   0.0181459   0.0228749   0.0240056   0.0229424   0.021148   0.0171299   0.00848719   -0.00383465   

430000
-10   -9   -8   -7   -6   -5   -4   -3   -2   -1   0   1   2   3   4   5   6   7   8   9   10   11   12   13   14   15   16   17   18   
-1.01691   -0.945855   -0.869246   -0.779314   -0.626512   -0.538831   -0.436191   -0.328673   -0.220184   -0.110437   3.62738e-08   0.110437   0.220184   0.328674   0.436193   0.538834   0.626519   0.779331   0.869252   0.945883   1.01697   1.08456   1.12939   1.17341   1.21647   1.25874   1.23678   1.19244   1.13224   
0.0198699   0.0171931   0.0148104   0.012596   0.0106259   0.00944606   0.00917874   0.0090842   0.00923188   0.00934805   0.00944361   0.00934805   0.00923187   0.00908419   0.00917873   0.00944605   0.0106259   0.0125959   0.0148102   0.0171926   0.0198702   0.0221664   0.0261798   0.0315945   0.0378962   0.0447277   0.0591924   0.079398   0.104873   
-0.0130601   -0.00796806   -0.00300877   -0.000365591   -0.0108277   -0.00653659   -0.00440954   -0.00303137   -0.00176299   -0.000819989   -7.54124e-09   0.000819947   0.00176297   0.00303118   0.00440916   0.00653588   0.0108262   0.000361771   0.00300778   0.00796289   0.0130475   0.0180037   0.0227831   0.0239306   0.0228825   0.0212025   0.0172183   0.00864465   -0.00364907   

435000
-10   -9   -8   -7   -6   -5   -4   -3   -2   -1   0   1   2   3   4   5   6   7   8   9   10   11   12   13   15   16   17   18   
-1.01796   -0.946403   -0.86944   -0.77733   -0.626602   -0.53884   -0.436345   -0.328746   -0.220237   -0.110463   8.64316e-08   0.110463   0.220237   0.328747   0.436347   0.538843   0.626609   0.777347   0.869445   0.946433   1.01803   1.0856   1.13084   1.17489   1.26088   1.23888   1.19525   1.1346   
0.0197646   0.0171283   0.0147767   0.0125452   0.010615   0.00942684   0.00913717   0.00903888   0.00919794   0.00930113   0.00938578   0.00930113   0.00919794   0.00903887   0.00913716   0.00942684   0.010615   0.0125452   0.0147764   0.0171279   0.0197637   0.0220684   0.0260332   0.0314379   0.0444777   0.0589135   0.0789736   0.104466   
-0.0129427   -0.00788882   -0.00296591   -0.0008009   -0.0107857   -0.00652232   -0.004375   -0.00301419   -0.00175356   -0.000817596   -1.80579e-08   0.000817562   0.00175348   0.003014   0.00437462   0.00652164   0.0107843   0.00079717   0.00296498   0.00788343   0.012929   0.0178768   0.0226991   0.0238601   0.021243   0.0173021   0.00883991   -0.00346024   

440000
-10   -9   -8   -7   -6   -5   -4   -3   -2   -1   0   1   2   3   4   5   6   7   8   9   10   11   12   13   15   16   17   18   
-1.01923   -0.946904   -0.869585   -0.775216   -0.626654   -0.538948   -0.43649   -0.32882   -0.220265   -0.110487   -2.69934e-09   0.110487   0.220265   0.328821   0.436492   0.538951   0.626661   0.775233   0.869591   0.946933   1.01931   1.08637   1.13223   1.17638   1.2628   1.24082   1.19785   1.13688   
0.019643   0.0170679   0.0147472   0.0124942   0.0106095   0.0093992   0.00909804   0.00899594   0.00915045   0.00925687   0.00933139   0.00925687   0.00915044   0.00899594   0.00909803   0.00939919   0.0106095   0.0124941   0.0147469   0.0170676   0.0196421   0.0219904   0.025892   0.0312809   0.0442553   0.0586637   0.0785763   0.104078   
-0.0128011   -0.00781468   -0.00292944   -0.00126534   -0.0107478   -0.00649289   -0.00434226   -0.00299674   -0.00174755   -0.000815461   6.40231e-10   0.000815421   0.00174749   0.00299656   0.00434189   0.00649216   0.0107463   0.00126159   0.00292858   0.00780932   0.0127877   0.0177799   0.0226203   0.0237929   0.021269   0.017369   0.00901854   -0.00328266   

445000
-10   -9   -8   -7   -6   -5   -4   -3   -2   -1   0   1   2   3   4   5   6   7   8   9   10   11   12   13   14   15   16   17   18   
-1.02043   -0.947316   -0.86967   -0.773005   -0.626669   -0.539073   -0.436626   -0.328893   -0.220302   -0.110509   -8.64645e-10   0.110509   0.220303   0.328894   0.436628   0.539076   0.626676   0.773022   0.869675   0.947344   1.0205   1.08676   1.13359   1.17786   1.2217   1.26453   1.24252   1.20033   1.1391   
0.0195292   0.0170147   0.0147229   0.0124429   0.0106002   0.00937292   0.00906137   0.00895566   0.0091065   0.00921507   0.00927949   0.00921507   0.00910649   0.00895565   0.00906136   0.0093729   0.0106002   0.0124429   0.0147226   0.0170144   0.0195283   0.0219372   0.0257547   0.0311222   0.0373405   0.044055   0.0584398   0.078199   0.1037   
-0.0126669   -0.00775059   -0.00290106   -0.00175149   -0.0107178   -0.00646039   -0.00431138   -0.00297926   -0.00174028   -0.00081355   3.65665e-10   0.000813539   0.00174021   0.00297907   0.00431103   0.00645968   0.0107163   0.00174783   0.00290027   0.00774542   0.0126535   0.0177236   0.0225456   0.0237295   0.0227353   0.0212872   0.0174248   0.00918314   -0.00311309   

450000
-10   -9   -8   -7   -6   -5   -4   -3   -2   -1   0   1   2   3   4   5   6   7   8   9   10   11   12   13   14   15   16   17   18   
-1.02156   -0.947597   -0.869678   -0.770689   -0.62677   -0.539172   -0.436711   -0.328964   -0.220343   -0.110529   6.92904e-09   0.110529   0.220344   0.328965   0.436713   0.539176   0.626777   0.770705   0.869683   0.94762   1.02164   1.08679   1.13492   1.17934   1.22441   1.26602   1.24403   1.20266   1.14123   
0.0194209   0.0169723   0.0147049   0.0123913   0.0105826   0.00935069   0.00901795   0.00891824   0.00906668   0.00917573   0.00922974   0.00917573   0.00906668   0.00891823   0.00901794   0.00935066   0.0105826   0.0123913   0.0147046   0.0169719   0.01942   0.0219093   0.0256215   0.0309643   0.0370627   0.0438828   0.0582531   0.0778406   0.103339   
-0.0125372   -0.00770167   -0.00288286   -0.00226164   -0.0106783   -0.0064313   -0.00429312   -0.00296226   -0.00173301   -0.000811964   -1.23265e-09   0.000811951   0.00173293   0.00296208   0.00429275   0.00643061   0.0106768   0.00225807   0.00288207   0.00769722   0.012524   0.0177094   0.022474   0.023668   0.0227158   0.0212968   0.0174617   0.00933603   -0.002954   

455000
-10   -9   -8   -7   -6   -5   -4   -3   -2   -1   0   1   2   3   4   5   6   7   8   9   10   11   12   13   14   15   16   17   18   
-1.02266   -0.947734   -0.869877   -0.768303   -0.62688   -0.53925   -0.436785   -0.329031   -0.220383   -0.110547   2.28031e-08   0.110547   0.220384   0.329032   0.436787   0.539254   0.626887   0.76832   0.869882   0.94776   1.02273   1.08687   1.13621   1.18084   1.22748   1.26724   1.24526   1.20493   1.14311   
0.0193164   0.0169405   0.0146727   0.0123398   0.0105681   0.00933201   0.00897606   0.00888341   0.00903085   0.00913898   0.009182   0.00913898   0.00903084   0.0088834   0.00897605   0.009332   0.0105681   0.0123398   0.0146724   0.0169403   0.0193157   0.0218811   0.0254917   0.0308083   0.0367503   0.04374   0.0580939   0.0774989   0.103024   
-0.0124102   -0.00767027   -0.0028443   -0.00278749   -0.0106357   -0.00640523   -0.00427669   -0.0029458   -0.00172687   -0.00081072   -4.71805e-09   0.000810702   0.0017268   0.00294563   0.00427632   0.00640452   0.0106343   0.0027839   0.00284343   0.00766532   0.0123973   0.0176951   0.0224046   0.0236079   0.0227061   0.0213008   0.017489   0.00947787   -0.00282181   

460000
-10   -9   -8   -7   -6   -5   -4   -3   -2   -1   0   1   2   3   4   5   6   7   8   9   10   11   12   13   14   15   16   17   18   
-1.02372   -0.947723   -0.870383   -0.765921   -0.626935   -0.539307   -0.436853   -0.329095   -0.220419   -0.110562   3.03152e-08   0.110562   0.220419   0.329096   0.436855   0.53931   0.626942   0.765937   0.87039   0.947749   1.02379   1.08865   1.13747   1.18231   1.23043   1.26833   1.2462   1.20713   1.14466   
0.0192151   0.016921   0.0146169   0.0122889   0.0105531   0.00931649   0.00893665   0.00885132   0.00899898   0.00910518   0.00913618   0.00910518   0.00899897   0.00885131   0.00893664   0.00931648   0.0105531   0.0122889   0.0146166   0.0169208   0.0192143   0.0217486   0.0253645   0.0306513   0.0364495   0.0436055   0.0579731   0.0771756   0.102756   
-0.0122848   -0.00765698   -0.00276992   -0.00331272   -0.0106035   -0.00638229   -0.00426068   -0.00293014   -0.0017227   -0.000809873   -6.27486e-09   0.000809855   0.00172264   0.00292999   0.00426026   0.00638158   0.0106021   0.00330937   0.00276888   0.00765216   0.0122724   0.0175033   0.0223374   0.0235512   0.0226961   0.0213102   0.0175003   0.00960789   -0.00271524   

465000
-10   -9   -8   -7   -6   -5   -4   -3   -2   -1   0   1   2   3   4   5   6   7   8   9   10   11   12   13   14   15   16   17   18   
-1.02476   -0.948012   -0.870848   -0.763601   -0.626944   -0.539342   -0.436917   -0.329127   -0.220462   -0.110575   2.00407e-08   0.110575   0.220462   0.329127   0.436918   0.539346   0.626951   0.763613   0.870853   0.948041   1.02483   1.09029   1.13871   1.18378   1.23332   1.27005   1.24677   1.20919   1.14586   
0.0191159   0.0168798   0.0145646   0.0122391   0.0105396   0.00930407   0.00889949   0.00881781   0.00895588   0.00907512   0.00909232   0.00907511   0.00895587   0.0088178   0.00889949   0.00930406   0.0105396   0.0122391   0.0145643   0.0168794   0.0191152   0.0216272   0.0252418   0.0304977   0.0361529   0.0434048   0.0578921   0.0768666   0.102566   
-0.0121607   -0.00761285   -0.00270014   -0.00382413   -0.0105781   -0.00636252   -0.00424509   -0.00292257   -0.00171804   -0.000809443   -4.11406e-09   0.000809423   0.00171798   0.0029224   0.00424471   0.00636183   0.0105766   0.00382158   0.00269936   0.00760775   0.0121482   0.0173242   0.0222715   0.0234959   0.0226866   0.0213522   0.0174973   0.00972993   -0.00265193   

470000
-10   -9   -8   -7   -6   -5   -4   -3   -2   -1   0   1   2   3   4   5   6   7   8   9   10   11   12   13   14   15   16   17   18   
-1.02578   -0.948919   -0.871277   -0.761828   -0.627008   -0.539367   -0.437005   -0.329137   -0.220504   -0.110587   2.36731e-08   0.110587   0.220504   0.329138   0.437006   0.53937   0.627015   0.76184   0.871283   0.948947   1.02584   1.09182   1.13993   1.18521   1.23617   1.27164   1.24725   1.21103   1.1467   
0.0190187   0.0167933   0.0145154   0.0121945   0.0105265   0.0092937   0.00886283   0.00878397   0.00891292   0.0090498   0.00905063   0.0090498   0.00891292   0.00878396   0.00886282   0.00929369   0.0105265   0.0121944   0.0145151   0.0167928   0.019018   0.021514   0.0251213   0.0303448   0.0358546   0.0432231   0.057833   0.0765827   0.102425   
-0.0120369   -0.00750066   -0.0026343   -0.00421212   -0.0105425   -0.00634478   -0.00422436   -0.00291957   -0.00171348   -0.00080943   -4.86112e-09   0.000809413   0.00171337   0.00291939   0.00422399   0.00634405   0.010541   0.00420968   0.00263334   0.00749568   0.0120246   0.0171546   0.0222069   0.023444   0.0226801   0.0213814   0.0174854   0.00983798   -0.00261418   

475000
-10   -9   -8   -7   -6   -5   -4   -3   -2   -1   0   1   2   3   4   5   6   7   8   9   10   11   12   13   14   15   16   17   18   
-1.02678   -0.949749   -0.871681   -0.759794   -0.627102   -0.53947   -0.437149   -0.329147   -0.220543   -0.110628   2.70797e-08   0.110628   0.220543   0.329148   0.437151   0.539474   0.627109   0.759807   0.871687   0.949777   1.02685   1.09325   1.14112   1.1866   1.23907   1.27307   1.24946   1.21261   1.14716   
0.0189232   0.0167126   0.0144684   0.0121484   0.0105127   0.00926701   0.00882478   0.00875278   0.00887244   0.00901572   0.00901152   0.00901572   0.00887243   0.00875278   0.00882477   0.009267   0.0105128   0.0121484   0.0144681   0.0167122   0.0189225   0.0214074   0.025003   0.0301958   0.0355561   0.0430504   0.0575496   0.0763438   0.102357   
-0.0119136   -0.00739656   -0.00257104   -0.00465839   -0.0105021   -0.00631785   -0.00419273   -0.00291588   -0.00170924   -0.000802772   -5.61359e-09   0.000802762   0.0017092   0.00291569   0.00419233   0.00631716   0.0105006   0.00465551   0.00257012   0.00739158   0.0119014   0.0169929   0.0221427   0.0233953   0.0226718   0.0214087   0.0175816   0.00992206   -0.00261603   

480000
-10   -9   -8   -7   -6   -5   -4   -2   -1   0   1   2   4   5   6   7   8   9   10   11   12   13   14   15   16   17   18   
-1.02776   -0.950522   -0.872066   -0.756837   -0.62721   -0.539544   -0.437285   -0.22058   -0.110659   -7.63745e-08   0.110659   0.220581   0.437286   0.539548   0.627217   0.756852   0.872072   0.950549   1.02782   1.09461   1.14229   1.18796   1.24196   1.27439   1.25147   1.21396   1.14719   
0.0188296   0.0166367   0.0144232   0.0120956   0.0105053   0.00924123   0.00878868   0.0088342   0.00897236   0.00897594   0.00897236   0.0088342   0.00878867   0.00924122   0.0105053   0.0120956   0.0144228   0.0166363   0.0188292   0.021306   0.0248876   0.0300522   0.0352548   0.0428953   0.0572999   0.0761522   0.102374   
-0.0117914   -0.0072983   -0.00250981   -0.00531216   -0.0104538   -0.00629574   -0.00416257   -0.00170517   -0.000796494   1.65233e-08   0.000796495   0.00170508   0.0041622   0.00629503   0.0104523   0.00530882   0.00250887   0.00729357   0.0117795   0.0168375   0.0220792   0.0233488   0.0226668   0.0214273   0.0176575   0.00998066   -0.00266272   

485000
-10   -9   -8   -7   -6   -5   -4   -3   -2   -1   0   1   2   3   4   5   6   7   8   9   10   11   12   13   14   15   16   17   18   
-1.02871   -0.951247   -0.872435   -0.753777   -0.627311   -0.5396   -0.437413   -0.329245   -0.220616   -0.11067   3.0638e-08   0.11067   0.220616   0.329246   0.437415   0.539603   0.627318   0.753793   0.87244   0.951274   1.02878   1.09591   1.14342   1.18924   1.24484   1.27558   1.25333   1.21502   1.14682   
0.0187391   0.0165645   0.0143795   0.0120427   0.0105055   0.0092186   0.00875445   0.00868688   0.00879807   0.00892458   0.00894538   0.00892458   0.00879805   0.00868687   0.00875444   0.00921859   0.0105055   0.0120427   0.0143792   0.0165641   0.0187383   0.0212089   0.0247758   0.0299141   0.0349539   0.0427563   0.0570647   0.0759902   0.102451   
-0.011671   -0.00720508   -0.00245016   -0.005989   -0.0104014   -0.00627604   -0.0041337   -0.00289167   -0.00170121   -0.000794095   -6.74259e-09   0.000794079   0.00170118   0.00289154   0.00413334   0.00627535   0.0104   0.00598572   0.00244953   0.00720028   0.0116592   0.0166873   0.0220171   0.0233065   0.0226614   0.0214401   0.0177267   0.0100258   -0.00274148   

490000
-10   -9   -8   -7   -6   -5   -4   -3   -2   -1   0   1   2   3   4   5   6   7   8   9   10   11   12   13   14   15   16   17   18   
-1.02963   -0.951935   -0.872787   -0.750637   -0.627444   -0.539638   -0.437534   -0.329335   -0.220649   -0.110682   -6.76338e-08   0.110682   0.22065   0.329336   0.437535   0.539642   0.627451   0.750652   0.872792   0.951961   1.02969   1.09716   1.14452   1.19042   1.24763   1.2766   1.25514   1.21581   1.14607   
0.0186512   0.0164954   0.0143374   0.0119902   0.0105038   0.00919901   0.008722   0.00865161   0.00876421   0.00887997   0.00889511   0.00887996   0.00876421   0.00865161   0.00872198   0.009199   0.0105038   0.0119901   0.014337   0.016495   0.0186506   0.0211154   0.0246679   0.0297852   0.0346611   0.0426292   0.0568373   0.0758853   0.102592   
-0.0115537   -0.00711541   -0.00239238   -0.00668409   -0.0103451   -0.00625845   -0.00410622   -0.0028713   -0.00169742   -0.000791592   1.48145e-08   0.00079156   0.00169735   0.00287111   0.00410595   0.00625776   0.0103436   0.00668086   0.0023916   0.00711075   0.0115419   0.016542   0.0219562   0.0232683   0.0226561   0.0214529   0.0177922   0.0100408   -0.00285317   

495000
-10   -9   -8   -7   -6   -5   -4   -3   -2   -1   0   1   2   3   4   5   6   7   8   9   10   11   12   13   14   15   16   17   18   
-1.03048   -0.952594   -0.873118   -0.747451   -0.627626   -0.539662   -0.437647   -0.329427   -0.220679   -0.110695   -2.80882e-08   0.110695   0.22068   0.329427   0.437648   0.539665   0.627633   0.747466   0.873123   0.952619   1.03054   1.09835   1.14558   1.19145   1.2503   1.27746   1.25689   1.21623   1.14782   
0.018569   0.0164288   0.0142971   0.0119383   0.0104982   0.00918227   0.00869126   0.00861858   0.0087332   0.00883789   0.00884556   0.00883789   0.0087332   0.00861857   0.00869125   0.00918226   0.0104982   0.0119382   0.0142968   0.0164285   0.0185686   0.0210253   0.0245635   0.0296722   0.0343812   0.0425234   0.0566181   0.0758283   0.102313   
-0.0114431   -0.00702868   -0.00233688   -0.00738928   -0.0102833   -0.0062428   -0.00408019   -0.00285058   -0.00169384   -0.000789059   5.11448e-09   0.00078902   0.00169377   0.0028504   0.00407986   0.0062421   0.0102819   0.0073861   0.00233616   0.00702411   0.0114318   0.0164014   0.0218968   0.0232348   0.0226501   0.021458   0.0178522   0.0100318   -0.00272124   

500000
-10   -9   -8   -6   -5   -4   -3   -2   -1   0   1   2   3   4   5   8   9   10   11   12   13   14   15   16   17   18   
-1.0312   -0.953228   -0.873421   -0.627786   -0.53967   -0.437707   -0.329517   -0.220707   -0.110707   7.46486e-10   0.110707   0.220707   0.329517   0.437709   0.539673   0.873426   0.953253   1.03126   1.09949   1.14659   1.1923   1.25285   1.27817   1.25857   1.21628   1.15067   
0.0184966   0.0163643   0.0142593   0.010495   0.00916813   0.00865706   0.00858746   0.00870465   0.00879793   0.00879861   0.00879792   0.00870464   0.00858745   0.00865705   0.00916812   0.014259   0.016364   0.0184962   0.0209387   0.0244644   0.0295718   0.0341152   0.0424389   0.0564114   0.0758297   0.101825   
-0.0113462   -0.0069442   -0.00228464   -0.0102244   -0.00622917   -0.00406627   -0.00283012   -0.00169028   -0.000786523   -4.7089e-11   0.000786506   0.0016902   0.00282994   0.00406591   0.00622848   0.00228391   0.0069397   0.0113353   0.0162662   0.0218391   0.0232093   0.0226432   0.0214572   0.0179057   0.00999274   -0.00247519   

505000
-10   -9   -8   -7   -6   -5   -4   -3   -2   -1   0   1   2   3   4   5   6   7   8   9   10   11   12   13   14   15   16   17   18   
-1.03174   -0.953842   -0.873694   -0.741241   -0.627907   -0.539679   -0.437748   -0.329605   -0.220734   -0.11072   -6.61275e-09   0.11072   0.220735   0.329606   0.43775   0.539683   0.627914   0.741255   0.873698   0.953866   1.0318   1.10057   1.14754   1.19299   1.25519   1.27917   1.26013   1.21593   1.15331   
0.0184375   0.0163016   0.0142242   0.0118399   0.0104948   0.00915538   0.00862296   0.00855823   0.00867785   0.00875979   0.00875384   0.00875979   0.00867785   0.00855823   0.00862295   0.00915536   0.0104948   0.0118398   0.0142239   0.0163012   0.0184372   0.0208559   0.0243694   0.0294889   0.0338669   0.0423175   0.0562099   0.075893   0.101371   
-0.0112696   -0.00686164   -0.00223597   -0.00876314   -0.0101719   -0.00621522   -0.00405633   -0.00281014   -0.00168617   -0.000784041   1.56471e-09   0.000784024   0.0016861   0.00280996   0.00405597   0.00621444   0.0101705   0.00876016   0.0022354   0.00685722   0.0112588   0.0161377   0.0217851   0.0231879   0.022637   0.0214731   0.0179595   0.00992185   -0.00225006   

510000
-10   -9   -8   -7   -6   -5   -4   -3   -2   -1   0   1   2   3   4   5   6   7   8   9   10   11   12   13   14   15   16   17   18   
-1.03211   -0.954436   -0.873936   -0.738245   -0.628013   -0.539796   -0.437785   -0.329691   -0.220798   -0.110732   -8.65893e-09   0.110732   0.220798   0.329691   0.437787   0.539799   0.62802   0.738259   0.87394   0.95446   1.03216   1.10158   1.14841   1.1935   1.25733   1.28054   1.26159   1.21604   1.15578   
0.0183919   0.0162406   0.0141917   0.0117937   0.0104958   0.00913605   0.00859083   0.00853089   0.0086429   0.00872328   0.00871089   0.00872328   0.0086429   0.00853088   0.00859083   0.00913604   0.0104958   0.0117936   0.0141915   0.0162402   0.0183917   0.0207774   0.0242819   0.0294214   0.0336409   0.0421608   0.0560311   0.0758839   0.100937   
-0.0112132   -0.00678088   -0.00219114   -0.00942535   -0.0101224   -0.00618533   -0.00404652   -0.00279074   -0.00167482   -0.000781633   1.9848e-09   0.000781615   0.00167477   0.00279058   0.00404616   0.00618463   0.0101209   0.00942242   0.00219055   0.00677654   0.0112031   0.0160166   0.0217348   0.0231738   0.0226295   0.0214991   0.0180013   0.00989288   -0.00203596   

515000
-10   -9   -8   -7   -6   -5   -4   -3   -2   -1   0   1   2   3   4   5   6   7   8   9   10   11   12   13   14   15   16   17   18   
-1.03226   -0.955014   -0.874154   -0.73568   -0.628192   -0.539889   -0.43782   -0.329772   -0.220861   -0.110743   -6.607e-09   0.110743   0.220861   0.329773   0.437822   0.539893   0.628199   0.735693   0.874157   0.955037   1.03231   1.10253   1.14915   1.19549   1.25922   1.28179   1.26289   1.21868   1.15816   
0.0183617   0.0161811   0.0141615   0.0117517   0.0104906   0.00911929   0.00856051   0.00850554   0.00861074   0.00868826   0.00866949   0.00868826   0.00861074   0.00850552   0.0085605   0.00911927   0.0104906   0.0117517   0.0141612   0.0161808   0.0183617   0.0207025   0.024205   0.0292242   0.03344   0.0420153   0.0558674   0.0754791   0.100539   
-0.011182   -0.00670173   -0.00214926   -0.00999177   -0.0100649   -0.00615885   -0.00403663   -0.00277229   -0.00166397   -0.000779304   1.52647e-09   0.000779287   0.0016639   0.00277218   0.00403624   0.00615815   0.0100634   0.0099891   0.00214882   0.00669746   0.0111719   0.0159023   0.0216918   0.0231348   0.0226214   0.0215214   0.0180378   0.0100816   -0.00184271   

520000
-10   -9   -8   -7   -6   -4   -3   -2   -1   0   1   2   3   4   5   6   7   8   9   10   11   12   13   14   15   16   17   18   
-1.03219   -0.955577   -0.874344   -0.733293   -0.628351   -0.437852   -0.329849   -0.220921   -0.110754   -5.63596e-09   0.110754   0.220921   0.32985   0.437854   0.539964   0.628358   0.733307   0.874347   0.9556   1.03224   1.1034   1.14974   1.19763   1.26168   1.28296   1.26407   1.22109   1.16046   
0.0183488   0.016123   0.0141336   0.0117124   0.0104873   0.0085319   0.00848246   0.00858162   0.00865466   0.00862952   0.00865466   0.0085816   0.00848245   0.00853189   0.00910514   0.0104874   0.0117124   0.0141333   0.0161226   0.018349   0.0206319   0.0241394   0.0290167   0.0331768   0.041878   0.0557188   0.0751167   0.10016   
-0.0111783   -0.00662387   -0.00211088   -0.0105179   -0.0100105   -0.00402672   -0.00275506   -0.00165427   -0.000777072   1.35773e-09   0.000777052   0.00165429   0.00275487   0.00402642   0.00613512   0.0100091   0.0105152   0.00211042   0.00661968   0.0111685   0.0157962   0.0216575   0.023096   0.0226493   0.0215408   0.0180686   0.0102449   -0.00166135   

525000
-10   -9   -8   -7   -6   -5   -4   -3   -2   -1   0   1   2   3   4   5   6   7   8   9   10   11   12   13   14   15   16   17   18   
-1.03293   -0.956126   -0.874506   -0.73175   -0.62849   -0.539967   -0.437934   -0.329913   -0.220977   -0.110764   -6.24395e-08   0.110765   0.220977   0.329914   0.437936   0.53997   0.628497   0.731763   0.874509   0.956149   1.03299   1.10419   1.15019   1.19967   1.26411   1.28404   1.26511   1.22331   1.16264   
0.0182794   0.0160662   0.0141081   0.0116792   0.0104865   0.00908416   0.00850235   0.00846016   0.00855525   0.00862259   0.00859088   0.00862259   0.00855524   0.00846015   0.00850234   0.00908414   0.0104865   0.0116791   0.0141079   0.0160658   0.0182784   0.0205665   0.0240848   0.0288143   0.0329204   0.0417516   0.0555875   0.0747822   0.0997881   
-0.0110887   -0.00654732   -0.00207629   -0.0108568   -0.00995918   -0.00612602   -0.00400727   -0.00274083   -0.0016461   -0.000775003   1.36299e-08   0.000774973   0.00164604   0.00274065   0.00400694   0.00612536   0.00995772   0.0108543   0.00207588   0.00654319   0.0110775   0.0157001   0.0216314   0.0230638   0.0226715   0.0215574   0.0180924   0.0103916   -0.0014858   

530000
-10   -9   -8   -7   -6   -5   -4   -3   -2   -1   0   1   2   3   4   5   7   8   9   10   11   12   13   14   15   16   17   18   
-1.03407   -0.956661   -0.874639   -0.730339   -0.628596   -0.539955   -0.438034   -0.329933   -0.221027   -0.110774   -9.08395e-09   0.110774   0.221027   0.329934   0.438036   0.539958   0.730352   0.874642   0.956684   1.03413   1.10486   1.15049   1.20165   1.26647   1.28503   1.266   1.22544   1.16468   
0.0181817   0.0160107   0.0140853   0.011648   0.0104868   0.00906549   0.0084731   0.00843274   0.00852932   0.00859207   0.00855353   0.00859207   0.00852932   0.00843274   0.00847308   0.00906548   0.0116479   0.014085   0.0160103   0.0181808   0.0205083   0.0240415   0.02862   0.0326714   0.0416343   0.0554769   0.0744791   0.0994477   
-0.0109547   -0.00647218   -0.00204582   -0.0111654   -0.0099147   -0.00611876   -0.00398435   -0.00273623   -0.00163958   -0.000773014   2.06756e-09   0.000772997   0.00163951   0.00273605   0.00398399   0.00611811   0.0111628   0.00204544   0.00646814   0.0109437   0.0156178   0.0216148   0.0230329   0.0226878   0.0215711   0.0181078   0.0105209   -0.00132776   

535000
-10   -9   -8   -7   -6   -5   -4   -3   -2   -1   0   1   2   3   4   5   6   7   8   9   10   11   12   13   14   15   16   17   18   
-1.03512   -0.957179   -0.874734   -0.72879   -0.628687   -0.539925   -0.438128   -0.329952   -0.221074   -0.110783   -1.11549e-08   0.110783   0.221074   0.329953   0.43813   0.539928   0.628694   0.728802   0.874737   0.957201   1.03518   1.10536   1.15063   1.20357   1.26876   1.28595   1.26671   1.22745   1.16665   
0.0180908   0.0159567   0.0140656   0.0116175   0.0104871   0.00904975   0.00844526   0.00840708   0.00849029   0.00856323   0.00851751   0.00856323   0.00849029   0.00840707   0.00844525   0.00904974   0.0104871   0.0116174   0.0140654   0.0159564   0.01809   0.0204598   0.0240114   0.0284309   0.0324265   0.0415255   0.0553882   0.0741756   0.0991105   
-0.01083   -0.00639884   -0.00202039   -0.0115036   -0.00987461   -0.00611366   -0.00396241   -0.00273148   -0.00163223   -0.000771208   2.51809e-09   0.000771192   0.00163219   0.00273134   0.00396206   0.00611298   0.00987314   0.011501   0.00202002   0.0063949   0.0108193   0.0155541   0.0216084   0.0230041   0.0227028   0.0215817   0.0181148   0.0106502   -0.00117272   

540000
-10   -9   -8   -7   -6   -5   -4   -3   -2   -1   0   1   2   3   4   5   6   7   8   9   10   11   12   13   14   15   16   17   18   
-1.0361   -0.957663   -0.874788   -0.726853   -0.628833   -0.539937   -0.438216   -0.32997   -0.221115   -0.110791   3.07098e-10   0.110791   0.221116   0.32997   0.438217   0.53994   0.62884   0.726866   0.874791   0.957684   1.03616   1.10574   1.15059   1.20543   1.27102   1.28679   1.2672   1.22934   1.16858   
0.0180053   0.0159056   0.0140495   0.0115871   0.0104826   0.00903243   0.00841877   0.008383   0.00845346   0.00853647   0.00848307   0.00853647   0.00845345   0.008383   0.00841876   0.00903242   0.0104826   0.0115871   0.0140492   0.0159053   0.0180045   0.0204194   0.0239945   0.0282456   0.0321908   0.0414255   0.0553151   0.0738957   0.0987867   
-0.0107124   -0.00632936   -0.00200078   -0.0119262   -0.00982919   -0.00610209   -0.0039415   -0.00272676   -0.00162604   -0.000769674   -5.74352e-11   0.000769657   0.00162596   0.00272658   0.00394115   0.0061014   0.00982773   0.0119236   0.00200043   0.00632549   0.0107019   0.0155057   0.0216137   0.0229772   0.0227099   0.0215905   0.0181204   0.0107661   -0.00102522   

545000
-10   -9   -8   -7   -6   -5   -4   -3   -2   -1   0   1   2   3   4   5   6   7   8   9   10   11   12   13   14   15   16   17   18   
-1.03702   -0.958089   -0.87479   -0.725011   -0.628961   -0.540003   -0.438297   -0.329986   -0.221153   -0.110798   2.4698e-10   0.110798   0.221154   0.329987   0.438299   0.540006   0.628968   0.725024   0.874793   0.95811   1.03708   1.10597   1.15065   1.20726   1.27316   1.28755   1.26748   1.23118   1.17043   
0.017924   0.0158591   0.0140376   0.0115596   0.0104803   0.00901264   0.00839362   0.00836048   0.00841852   0.00851262   0.00845034   0.00851262   0.00841852   0.00836048   0.00839361   0.00901264   0.0104803   0.0115595   0.0140373   0.0158588   0.0179232   0.0203877   0.023971   0.028063   0.0319641   0.0413384   0.0552756   0.0736206   0.0984761   
-0.0106   -0.00626663   -0.00198841   -0.0123269   -0.00978657   -0.00608243   -0.00392165   -0.00272198   -0.00162063   -0.000768633   -4.45404e-11   0.000768616   0.00162051   0.00272181   0.00392131   0.00608173   0.00978512   0.0123243   0.00198808   0.0062628   0.0105899   0.0154735   0.021615   0.0229518   0.0227169   0.0215948   0.0181115   0.01088   -0.000885444   

550000
-10   -9   -8   -7   -6   -5   -4   -3   -2   -1   0   1   2   3   4   5   6   7   8   9   10   11   12   13   14   15   16   17   18   
-1.03789   -0.958476   -0.875046   -0.723347   -0.629075   -0.540051   -0.43837   -0.330001   -0.221187   -0.110801   2.96903e-10   0.110801   0.221187   0.330002   0.438372   0.540054   0.629082   0.72336   0.875049   0.958496   1.03795   1.10606   1.15248   1.20907   1.2752   1.28818   1.26756   1.23297   1.17214   
0.0178459   0.0158159   0.0140063   0.0115352   0.0104796   0.00899545   0.00837002   0.00833947   0.00838538   0.00849035   0.00841991   0.00849034   0.00838536   0.00833946   0.00837001   0.00899544   0.0104796   0.0115352   0.014006   0.0158155   0.0178452   0.0203646   0.0238207   0.0278844   0.0317486   0.0412581   0.055282   0.0733553   0.0981852   
-0.0104922   -0.00620858   -0.0019454   -0.0126873   -0.00974628   -0.00606495   -0.0039032   -0.00271713   -0.00161593   -0.000768101   -5.74329e-11   0.000768083   0.00161589   0.00271695   0.00390285   0.00606427   0.00974483   0.0126847   0.00194506   0.0062048   0.010482   0.0154572   0.0215146   0.0229254   0.0227212   0.0215998   0.0180787   0.0109878   -0.000756844   

555000
-10   -9   -8   -7   -6   -5   -4   -3   -2   -1   0   1   2   3   4   5   6   7   8   9   10   11   12   13   14   15   16   17   18   
-1.03873   -0.958822   -0.875525   -0.721913   -0.629177   -0.540083   -0.438416   -0.330015   -0.221216   -0.110799   1.75124e-09   0.110799   0.221216   0.330016   0.438417   0.540086   0.629184   0.721926   0.875528   0.958842   1.03878   1.106   1.15422   1.21085   1.27711   1.28873   1.26796   1.23471   1.17363   
0.0177707   0.0157759   0.0139577   0.0115141   0.0104805   0.00898047   0.00834617   0.00832013   0.00835403   0.00845963   0.00839255   0.00845964   0.00835401   0.00832014   0.00834616   0.00898046   0.0104806   0.0115141   0.0139574   0.0157756   0.01777   0.0203513   0.0236781   0.0277072   0.0315467   0.0411907   0.0552226   0.0730981   0.0979353   
-0.0103874   -0.00615542   -0.00187448   -0.012996   -0.00970829   -0.00604974   -0.0038907   -0.00271211   -0.0016121   -0.000767595   -3.62785e-10   0.000767604   0.00161206   0.00271191   0.00389036   0.00604907   0.00970684   0.0129934   0.00187416   0.00615171   0.0103775   0.0154591   0.0214178   0.0228998   0.0227235   0.0216014   0.0180807   0.011091   -0.000651113   

560000
-10   -9   -8   -7   -6   -5   -4   -3   -2   -1   0   1   2   3   4   5   6   7   8   9   10   11   12   13   14   16   17   18   
-1.03953   -0.959122   -0.875973   -0.720784   -0.629268   -0.540097   -0.43842   -0.330029   -0.221239   -0.110795   2.63196e-09   0.110794   0.22124   0.33003   0.438422   0.540101   0.629274   0.720796   0.875976   0.959142   1.03958   1.10579   1.15588   1.21261   1.27888   1.26986   1.23638   1.17491   
0.0176983   0.0157396   0.0139118   0.0114958   0.0104831   0.00896761   0.00832086   0.00830251   0.0083244   0.00843183   0.00836802   0.00843183   0.0083244   0.0083025   0.00832086   0.0089676   0.0104831   0.0114958   0.0139115   0.0157394   0.0176977   0.020348   0.023543   0.0275309   0.0313606   0.0549935   0.072852   0.0977296   
-0.0102863   -0.00610809   -0.00180727   -0.0132371   -0.00967212   -0.00603679   -0.00388695   -0.0027068   -0.00160905   -0.000767015   -5.73155e-10   0.000767029   0.00160897   0.00270665   0.00388664   0.00603612   0.00967068   0.0132346   0.00180698   0.00610442   0.0102765   0.0154798   0.0213242   0.022875   0.0227233   0.0181485   0.0111881   -0.000569568   

565000
-10   -9   -8   -7   -6   -5   -4   -3   -2   -1   0   1   2   3   4   5   6   7   8   9   10   11   12   13   14   15   16   17   18   
-1.04029   -0.959368   -0.876393   -0.719891   -0.629362   -0.540093   -0.438423   -0.330121   -0.22126   -0.110794   6.83655e-09   0.110794   0.22126   0.330122   0.438425   0.540096   0.629369   0.719904   0.876396   0.959387   1.04034   1.106   1.15746   1.21438   1.28046   1.29027   1.27159   1.2379   1.17592   
0.0176288   0.0157077   0.0138681   0.01148   0.010481   0.00895705   0.00829724   0.00827764   0.00829622   0.00839904   0.00834644   0.00839904   0.00829621   0.00827763   0.00829723   0.00895705   0.010481   0.0114799   0.0138679   0.0157075   0.0176282   0.0203199   0.0234142   0.0273573   0.0311904   0.0410088   0.054779   0.0726289   0.0975654   
-0.0101887   -0.00606746   -0.00174336   -0.0134256   -0.00964009   -0.00602641   -0.00388302   -0.00268757   -0.00160649   -0.000766015   -1.50704e-09   0.00076602   0.00160642   0.0026874   0.00388267   0.00602577   0.00963862   0.0134231   0.00174312   0.00606397   0.0101791   0.0154552   0.0212333   0.0228481   0.0227244   0.021618   0.0182108   0.0112726   -0.00050952   

570000
-10   -9   -8   -7   -6   -5   -4   -3   -2   -1   0   1   2   3   4   5   6   7   8   9   10   11   12   13   14   15   16   17   18   
-1.04102   -0.959556   -0.876791   -0.719273   -0.629444   -0.540071   -0.438423   -0.330232   -0.221277   -0.1108   4.73956e-09   0.1108   0.221277   0.330233   0.438424   0.540074   0.629451   0.719285   0.876795   0.959574   1.04107   1.10733   1.15898   1.21612   1.28203   1.29138   1.27318   1.23927   1.17666   
0.0175619   0.0156806   0.0138264   0.0114657   0.0104747   0.00894868   0.00827506   0.00825214   0.00826941   0.00836097   0.00832421   0.00836097   0.00826941   0.00825213   0.00827505   0.00894867   0.0104747   0.0114657   0.0138261   0.0156803   0.0175612   0.0202249   0.0232917   0.0271854   0.0310249   0.040878   0.0545838   0.0724304   0.0974482   
-0.0100941   -0.00603443   -0.00168207   -0.0135541   -0.0096141   -0.00601866   -0.00387922   -0.00266509   -0.00160435   -0.000764577   -1.04991e-09   0.000764561   0.00160427   0.00266491   0.00387888   0.00601795   0.00961264   0.0135515   0.00168165   0.00603107   0.0100848   0.0153088   0.0211442   0.0228206   0.0227302   0.0216387   0.0182643   0.0113439   -0.000475271   

575000
-10   -9   -8   -7   -6   -5   -4   -3   -2   -1   0   1   2   3   4   5   6   7   8   9   10   11   12   13   14   15   16   17   18   
-1.04171   -0.959675   -0.877171   -0.718798   -0.629519   -0.54014   -0.438432   -0.330341   -0.221291   -0.110807   -1.11367e-07   0.110807   0.221291   0.330342   0.438433   0.540143   0.629526   0.71881   0.877174   0.959694   1.04177   1.10855   1.16044   1.21787   1.28359   1.29245   1.27469   1.24044   1.17714   
0.0174975   0.0156587   0.0137863   0.0114533   0.0104697   0.00893424   0.00825354   0.00822833   0.00824402   0.00832481   0.00828671   0.00832481   0.00824402   0.00822833   0.00825353   0.00893422   0.0104697   0.0114533   0.013786   0.0156585   0.0174968   0.0201357   0.0231738   0.0270154   0.0308572   0.0407581   0.0543996   0.0722601   0.0973768   
-0.0100031   -0.0060103   -0.00162285   -0.0136508   -0.00958871   -0.00599795   -0.00387343   -0.00264306   -0.00160258   -0.000762685   2.41525e-08   0.000762669   0.0016025   0.00264286   0.00387305   0.00599727   0.00958726   0.0136482   0.00162268   0.00600681   0.00999389   0.0151773   0.0210564   0.0227909   0.0227403   0.0216527   0.0183124   0.0114006   -0.000465689   

580000
-10   -8   -7   -6   -5   -4   -3   -2   -1   0   1   2   3   4   5   6   7   8   9   10   11   12   13   14   15   16   17   18   
-1.04237   -0.877537   -0.718512   -0.629591   -0.540161   -0.4385   -0.330447   -0.221302   -0.110816   7.1912e-09   0.110816   0.221302   0.330448   0.438502   0.540164   0.629597   0.718524   0.877539   0.95974   1.04242   1.10967   1.16186   1.2196   1.28509   1.29349   1.27615   1.24145   1.17733   
0.0174362   0.0137474   0.0114416   0.0104661   0.00891845   0.00823011   0.00820605   0.00822009   0.00829027   0.00825119   0.00829027   0.00822008   0.00820604   0.0082301   0.00891844   0.0104661   0.0114416   0.0137472   0.0156424   0.0174355   0.0200514   0.0230598   0.0268459   0.0306993   0.0406432   0.0542221   0.0721149   0.0973555   
-0.00991612   -0.00156531   -0.0137063   -0.00956357   -0.00598625   -0.00385688   -0.00262164   -0.00160112   -0.000760516   -1.85208e-09   0.0007605   0.00160104   0.00262151   0.00385655   0.00598556   0.00956212   0.0137037   0.00156517   0.00599234   0.0099072   0.0150589   0.0209692   0.0227605   0.0227454   0.0216648   0.0183574   0.0114444   -0.000482986   

585000
-10   -9   -8   -7   -6   -5   -4   -3   -2   -1   0   1   2   3   4   5   6   7   8   9   10   11   12   13   14   15   16   17   18   
-1.04297   -0.960256   -0.877889   -0.718315   -0.629656   -0.540142   -0.438562   -0.33055   -0.22131   -0.110825   8.22342e-10   0.110826   0.221311   0.330551   0.438563   0.540145   0.629663   0.718328   0.877891   0.960276   1.04301   1.1107   1.16324   1.22134   1.28651   1.29442   1.27756   1.2423   1.1772   
0.0173792   0.0155906   0.0137097   0.0114314   0.0104639   0.00890161   0.00820798   0.00818528   0.00819772   0.00825709   0.00821732   0.00825709   0.00819771   0.00818526   0.00820797   0.0089016   0.0104639   0.0114314   0.0137094   0.0155902   0.0173786   0.019971   0.0229498   0.0266785   0.0305462   0.0405327   0.0540482   0.0719945   0.0973911   
-0.00983567   -0.0059245   -0.0015092   -0.0137418   -0.00953909   -0.00598197   -0.00384133   -0.00260092   -0.00159991   -0.000758156   -1.70954e-10   0.000758139   0.00159983   0.00260082   0.003841   0.00598132   0.00953764   0.0137392   0.00150908   0.00592096   0.00982704   0.01495   0.0208822   0.0227273   0.0227508   0.0216784   0.0184017   0.0114755   -0.00053088   

590000
-10   -9   -8   -7   -6   -5   -4   -3   -2   -1   0   1   2   3   4   5   6   7   8   9   10   11   12   13   14   15   16   17   18   
-1.04346   -0.96087   -0.878231   -0.718186   -0.629709   -0.540112   -0.438618   -0.33065   -0.221373   -0.110835   -8.84148e-10   0.110835   0.221374   0.330651   0.43862   0.540115   0.629716   0.718198   0.878233   0.960889   1.04351   1.11168   1.16458   1.22306   1.28788   1.29533   1.27893   1.24298   1.17679   
0.0173292   0.0155327   0.013673   0.0114222   0.0104634   0.00888704   0.00818699   0.00816608   0.00817056   0.00822512   0.00818487   0.00822511   0.00817056   0.00816607   0.00818698   0.00888703   0.0104634   0.0114222   0.0136728   0.0155323   0.0173289   0.0198938   0.0228433   0.0265139   0.0303999   0.0404285   0.0538789   0.0718949   0.0974742   
-0.00976677   -0.00584381   -0.0014543   -0.0137623   -0.00951611   -0.00597889   -0.00382658   -0.00258109   -0.0015878   -0.00075568   1.77512e-10   0.000755666   0.00158772   0.00258091   0.00382624   0.00597823   0.00951468   0.0137597   0.00145422   0.00584033   0.00975796   0.0148461   0.0207953   0.0226919   0.0227538   0.0216893   0.018444   0.0114978   -0.00060354   

595000
-10   -9   -8   -7   -6   -5   -4   -3   -2   -1   0   1   2   3   4   5   7   8   9   10   11   12   13   14   15   16   17   18   
-1.04388   -0.961456   -0.878563   -0.718136   -0.629752   -0.540068   -0.438669   -0.330745   -0.221438   -0.110845   -4.04069e-09   0.110845   0.221438   0.330746   0.43867   0.540071   0.718149   0.878565   0.961475   1.04393   1.11262   1.16589   1.22474   1.28919   1.29617   1.28028   1.24348   1.17612   
0.0172857   0.0154771   0.0136372   0.0114131   0.0104645   0.00887495   0.00816713   0.00814852   0.00814433   0.00819421   0.00815366   0.00819421   0.00814432   0.00814851   0.00816712   0.00887494   0.0114131   0.0136369   0.0154767   0.0172853   0.0198196   0.0227401   0.026355   0.030261   0.0403308   0.0537143   0.0718306   0.0976032   
-0.00970694   -0.00576615   -0.00140048   -0.0137652   -0.00949476   -0.00597726   -0.00381262   -0.0025624   -0.00157549   -0.000753157   9.02963e-10   0.000753125   0.00157544   0.00256222   0.00381228   0.00597663   0.0137626   0.00140039   0.00576269   0.00969844   0.0147463   0.0207079   0.0226543   0.0227554   0.0216982   0.0184847   0.0115022   -0.000700737   

600000
-10   -9   -8   -6   -5   -4   -2   -1   0   1   2   4   5   6   8   9   10   11   12   13   14   15   16   17   18   
-1.04421   -0.962017   -0.878887   -0.629847   -0.54001   -0.438714   -0.2215   -0.110855   -1.46574e-09   0.110855   0.2215   0.438716   0.540013   0.629854   0.878889   0.962036   1.04426   1.11352   1.16718   1.22633   1.2904   1.29696   1.28156   1.24375   1.17525   
0.0172482   0.0154235   0.0136023   0.0104613   0.00886515   0.00814844   0.00811957   0.00816431   0.00812356   0.00816431   0.00811957   0.00814842   0.00886514   0.0104613   0.013602   0.0154232   0.017248   0.019748   0.0226389   0.0262038   0.0301296   0.0402383   0.0535575   0.0717959   0.0977841   
-0.00965729   -0.00569114   -0.00134769   -0.00946754   -0.00597721   -0.00379955   -0.00156382   -0.000750606   2.99113e-10   0.000750591   0.00156375   0.00379922   0.00597654   0.00946608   0.00134752   0.00568779   0.00964894   0.01465   0.0206202   0.0226173   0.0227575   0.0217069   0.018522   0.0114919   -0.00082439   

605000
-10   -9   -8   -7   -6   -5   -4   -3   -2   -1   0   1   2   3   4   5   6   7   8   9   10   11   12   13   14   15   16   17   
-1.04445   -0.962557   -0.879197   -0.718117   -0.629952   -0.540005   -0.438754   -0.330871   -0.22156   -0.110865   -1.79654e-09   0.110865   0.22156   0.330872   0.438755   0.540008   0.629959   0.71813   0.879198   0.962576   1.04449   1.11439   1.16845   1.22783   1.29153   1.2977   1.28276   1.24381   
0.0172178   0.0153716   0.0135685   0.0113961   0.0104575   0.00885212   0.00813106   0.00810811   0.00809662   0.00813536   0.00809458   0.00813536   0.00809661   0.0081081   0.00813105   0.00885212   0.0104575   0.0113961   0.0135682   0.0153713   0.0172176   0.0196786   0.02254   0.0260616   0.0300091   0.0401514   0.0534108   0.0717954   
-0.00961898   -0.00561843   -0.00129647   -0.0137555   -0.00943954   -0.00596948   -0.00378732   -0.00253768   -0.00155288   -0.000748026   3.67486e-10   0.000748012   0.0015528   0.00253751   0.00378699   0.0059688   0.00943812   0.0137528   0.00129644   0.00561513   0.00961081   0.014557   0.0205316   0.0225804   0.0227569   0.0217139   0.0185552   0.0114643   

610000
-10   -9   -8   -7   -6   -5   -4   -3   -2   -1   0   1   2   3   4   5   6   8   9   10   11   12   13   14   15   16   17   18   
-1.04459   -0.963081   -0.879488   -0.718209   -0.630012   -0.540014   -0.438788   -0.330904   -0.221617   -0.110875   -4.67707e-09   0.110875   0.221617   0.330905   0.438789   0.540017   0.630019   0.879489   0.963099   1.04463   1.11523   1.1697   1.22926   1.29252   1.2984   1.28388   1.24361   1.17734   
0.0171951   0.0153211   0.0135363   0.0113832   0.0104506   0.00883898   0.00811485   0.0080848   0.00807523   0.00810728   0.00806657   0.00810728   0.00807522   0.00808479   0.00811484   0.00883897   0.0104506   0.0135361   0.0153208   0.0171948   0.0196113   0.0224432   0.0259258   0.0298994   0.0400708   0.0532672   0.0718331   0.0974332   
-0.0095928   -0.0055474   -0.0012476   -0.0137352   -0.00942117   -0.00595974   -0.00377595   -0.00253078   -0.00154283   -0.000745444   1.04892e-09   0.000745428   0.00154276   0.00253061   0.00377561   0.00595907   0.00941972   0.00124761   0.00554413   0.00958519   0.0144664   0.0204424   0.022544   0.0227575   0.0217188   0.0185898   0.0114177   -0.000675699   

615000
-10   -9   -8   -7   -6   -5   -4   -3   -2   -1   0   1   2   3   4   5   6   7   8   9   10   11   12   13   14   15   16   17   18   
-1.04462   -0.963591   -0.87976   -0.718306   -0.630044   -0.54001   -0.438817   -0.330937   -0.221671   -0.110886   -7.41388e-09   0.110886   0.221671   0.330937   0.438818   0.540013   0.630051   0.718319   0.879762   0.963609   1.04466   1.11604   1.17093   1.23062   1.29341   1.29905   1.28492   1.24317   1.17991   
0.0171799   0.0152719   0.0135058   0.0113706   0.0104419   0.00882756   0.0080998   0.00806263   0.00805531   0.00808009   0.00803949   0.00808009   0.0080553   0.00806262   0.00809979   0.00882756   0.0104419   0.0113706   0.0135056   0.0152715   0.0171798   0.0195457   0.0223485   0.0257972   0.0298009   0.039996   0.053146   0.0719061   0.0970055   
-0.00958041   -0.00547765   -0.0012011   -0.0137136   -0.0094087   -0.00595142   -0.00376545   -0.00252404   -0.0015338   -0.000742856   1.63751e-09   0.000742841   0.00153372   0.00252387   0.00376512   0.00595081   0.00940725   0.013711   0.00120112   0.0054744   0.00957284   0.0143783   0.0203525   0.0225081   0.0227571   0.0217225   0.0186117   0.0113534   -0.000463073   

620000
-10   -9   -8   -7   -6   -5   -4   -3   -2   -1   0   1   2   3   4   5   6   7   8   9   10   11   12   13   14   15   16   17   18   
-1.04454   -0.964088   -0.880019   -0.718419   -0.630071   -0.539994   -0.438836   -0.330967   -0.22171   -0.110897   -7.18034e-09   0.110897   0.22171   0.330968   0.438838   0.539997   0.630078   0.718431   0.88002   0.964107   1.04458   1.11683   1.17215   1.23189   1.29427   1.29963   1.28587   1.24254   1.18226   
0.0171729   0.0152235   0.0134765   0.0113594   0.0104347   0.00881784   0.00808574   0.0080415   0.00803183   0.00805388   0.00801333   0.00805388   0.00803182   0.0080415   0.00808573   0.00881784   0.0104347   0.0113594   0.0134763   0.0152232   0.0171728   0.0194818   0.0222557   0.025676   0.029708   0.0399258   0.0530313   0.0720105   0.0966148   
-0.00958195   -0.0054091   -0.00115632   -0.0136878   -0.00939631   -0.00594467   -0.00375666   -0.00251744   -0.00152722   -0.000740264   1.59085e-09   0.000740235   0.00152714   0.00251726   0.00375633   0.00594402   0.00939487   0.0136852   0.00115635   0.00540585   0.0095743   0.0142923   0.0202619   0.0224735   0.0227558   0.021727   0.0186328   0.0112732   -0.00027192   

625000
-10   -9   -8   -7   -6   -5   -4   -3   -2   -1   0   1   2   3   4   5   6   8   9   10   11   12   13   14   15   16   17   18   
-1.04465   -0.964575   -0.880265   -0.718542   -0.630095   -0.539962   -0.438804   -0.330997   -0.221728   -0.110908   9.10243e-10   0.110908   0.221729   0.330998   0.438806   0.539965   0.630102   0.880266   0.964592   1.0447   1.11759   1.17335   1.23308   1.29532   1.30016   1.28672   1.2431   1.18448   
0.0171528   0.0151762   0.0134484   0.0113498   0.0104288   0.00881027   0.00807009   0.00802134   0.00800222   0.00802887   0.00798811   0.00802887   0.00800222   0.00802134   0.00807008   0.00881026   0.0104288   0.0134482   0.0151759   0.0171521   0.0194195   0.0221647   0.0255632   0.0295956   0.039863   0.0529287   0.0719334   0.0962468   
-0.00956314   -0.00534146   -0.0011132   -0.0136587   -0.00938395   -0.00594011   -0.00375867   -0.00251103   -0.00152371   -0.000737629   -1.85043e-10   0.000737612   0.00152361   0.00251086   0.00375835   0.00593948   0.0093825   0.00111326   0.00533843   0.0095543   0.0142082   0.0201707   0.0224404   0.0227602   0.0217293   0.0186492   0.0112884   -9.33764e-05   

630000
-10   -9   -8   -7   -6   -5   -4   -3   -2   -1   0   1   2   3   4   5   6   7   8   9   10   11   12   13   14   15   16   17   18   
-1.04544   -0.965052   -0.880497   -0.718669   -0.630117   -0.539916   -0.4388   -0.331025   -0.221741   -0.11092   -1.667e-09   0.11092   0.221742   0.331026   0.438801   0.539919   0.630123   0.718682   0.880498   0.965069   1.04549   1.11833   1.17454   1.23416   1.29629   1.30062   1.28748   1.24523   1.18662   
0.0170846   0.0151298   0.0134215   0.0113395   0.010424   0.0088044   0.00805396   0.00800208   0.00797421   0.00800525   0.00796391   0.00800525   0.00797421   0.00800208   0.00805395   0.0088044   0.010424   0.0113395   0.0134213   0.0151295   0.0170839   0.0193587   0.0220757   0.0254596   0.0294903   0.0398061   0.0528355   0.0716207   0.0958961   
-0.0094665   -0.0052748   -0.00107178   -0.0136292   -0.00937158   -0.00593719   -0.00375567   -0.00250478   -0.0015213   -0.000735086   3.38758e-10   0.00073507   0.00152121   0.0025046   0.00375533   0.00593654   0.00937014   0.0136266   0.00107193   0.00527183   0.00945772   0.0141261   0.0200789   0.0224094   0.0227635   0.0217321   0.018663   0.0114261   7.55272e-05   

635000
-10   -9   -8   -7   -6   -5   -4   -3   -2   -1   0   1   2   3   4   5   6   7   8   9   10   11   12   13   14   15   16   17   18   
-1.04618   -0.96552   -0.880714   -0.718803   -0.630137   -0.5399   -0.438847   -0.331052   -0.22175   -0.110932   -1.42599e-09   0.110932   0.221751   0.331053   0.438849   0.539903   0.630144   0.718815   0.880715   0.965536   1.04623   1.11906   1.17571   1.23514   1.2972   1.30102   1.28813   1.24724   1.18866   
0.017021   0.0150843   0.013396   0.0113304   0.0104202   0.00879692   0.00803557   0.00798372   0.00794746   0.00798296   0.00794104   0.00798295   0.00794745   0.00798372   0.00803556   0.00879691   0.0104202   0.0113303   0.0133957   0.0150838   0.0170203   0.0192989   0.0219878   0.0253651   0.0293907   0.0397591   0.0527507   0.0713271   0.0955582   
-0.00937645   -0.0052088   -0.00103248   -0.0135974   -0.00935929   -0.00593031   -0.00374361   -0.00249865   -0.00151955   -0.000732772   2.8646e-10   0.000732795   0.00151947   0.00249848   0.00374327   0.00592961   0.00935782   0.0135949   0.00103259   0.00520592   0.009368   0.0140453   0.0199866   0.0223816   0.0227665   0.0217315   0.0186754   0.0115539   0.000237074   

640000
-10   -9   -8   -7   -6   -5   -4   -3   -2   -1   0   1   2   3   4   5   6   7   8   9   10   11   12   13   14   15   16   17   18   
-1.04687   -0.965979   -0.88091   -0.718941   -0.630157   -0.539916   -0.43889   -0.331077   -0.221757   -0.110942   -7.10578e-10   0.110942   0.221757   0.331078   0.438892   0.539919   0.630163   0.718953   0.880911   0.965995   1.04691   1.11977   1.17686   1.23624   1.29806   1.30133   1.28871   1.24913   1.19062   
0.0169609   0.0150393   0.0133722   0.0113225   0.0104171   0.00878752   0.00801818   0.00796629   0.00792185   0.00796214   0.00791985   0.00796213   0.00792184   0.00796629   0.00801818   0.00878751   0.0104171   0.0113225   0.013372   0.015039   0.0169603   0.0192404   0.0219018   0.0252605   0.0292977   0.0397213   0.0526872   0.0710483   0.0952338   
-0.00929222   -0.00514377   -0.000995977   -0.013564   -0.00934692   -0.00591892   -0.0037323   -0.00249271   -0.00151836   -0.0007308   1.31793e-10   0.000730823   0.00151828   0.00249253   0.00373198   0.00591826   0.00934549   0.0135614   0.000996113   0.00514085   0.0092838   0.0139658   0.0198937   0.0223522   0.0227677   0.0217292   0.0186758   0.011674   0.000391054   

645000
-10   -9   -8   -7   -6   -5   -4   -3   -2   -1   0   1   2   3   4   5   6   7   8   9   10   11   12   13   14   16   17   18   
-1.04751   -0.966428   -0.881089   -0.719081   -0.630237   -0.539884   -0.438927   -0.331101   -0.22176   -0.11095   4.16294e-10   0.11095   0.221761   0.331101   0.438928   0.539887   0.630244   0.719094   0.88109   0.966444   1.04755   1.12047   1.17801   1.2381   1.29885   1.28914   1.25095   1.1925   
0.016904   0.0149953   0.0133499   0.0113151   0.010409   0.00877625   0.00800191   0.00794977   0.00789729   0.0079431   0.00790047   0.0079431   0.00789729   0.00794975   0.0080019   0.00877625   0.010409   0.0113152   0.0133497   0.014995   0.0169034   0.0191831   0.0218174   0.0250955   0.0292105   0.0526289   0.070791   0.0949232   
-0.0092124   -0.00507955   -0.000961924   -0.0135296   -0.00932722   -0.00591695   -0.00372182   -0.00248696   -0.00151767   -0.000729288   -1.05537e-10   0.000729302   0.00151759   0.00248684   0.0037215   0.00591629   0.00932577   0.0135271   0.000961945   0.00507668   0.00920417   0.013888   0.0198002   0.022311   0.022769   0.0186795   0.0117816   0.000537236   

650000
-10   -9   -8   -7   -6   -5   -4   -3   -2   -1   0   2   3   4   5   6   7   8   9   10   11   12   13   14   15   16   17   18   
-1.04811   -0.96687   -0.881249   -0.719211   -0.630323   -0.539826   -0.438958   -0.331123   -0.221761   -0.110945   2.67442e-09   0.221761   0.331124   0.43896   0.539829   0.63033   0.719224   0.88125   0.966886   1.04816   1.12114   1.17913   1.23986   1.29958   1.30236   1.28947   1.25269   1.19429   
0.0168498   0.014952   0.0133293   0.0113069   0.0104011   0.00876531   0.00798666   0.00793415   0.00787373   0.00792306   0.00788255   0.00787372   0.00793414   0.00798665   0.00876531   0.0104011   0.0113069   0.0133291   0.0149517   0.0168492   0.0191269   0.021735   0.0249384   0.0291295   0.0396046   0.0525888   0.070545   0.0946278   
-0.00913645   -0.00501593   -0.00093025   -0.0134981   -0.00930671   -0.00591955   -0.00371213   -0.00248136   -0.00151745   -0.000730189   -5.54843e-10   0.00151741   0.00248119   0.00371181   0.00591889   0.00930527   0.0134956   0.000930347   0.00501313   0.00912835   0.0138116   0.0197065   0.0222701   0.0227705   0.0217334   0.0186752   0.011884   0.000674794   

655000
-10   -9   -8   -7   -6   -5   -4   -3   -2   -1   0   1   2   3   4   5   6   7   8   9   10   11   12   13   14   15   16   17   18   
-1.04869   -0.967305   -0.881389   -0.719345   -0.630402   -0.539759   -0.438985   -0.331145   -0.221758   -0.110918   5.45942e-09   0.110918   0.221759   0.331146   0.438986   0.539762   0.630409   0.719358   0.88139   0.967321   1.04873   1.12181   1.18023   1.24155   1.30023   1.30337   1.28967   1.25433   1.19601   
0.0167977   0.0149094   0.0133104   0.0112997   0.0103943   0.00875626   0.00797236   0.00791952   0.00785118   0.00789961   0.00786618   0.00789961   0.00785117   0.00791952   0.00797235   0.00875626   0.0103943   0.0112998   0.0133101   0.014909   0.0167972   0.0190719   0.021655   0.0247881   0.0290547   0.0394876   0.0525654   0.0703018   0.0943347   
-0.00906366   -0.00495297   -0.000901595   -0.0134651   -0.0092871   -0.00592311   -0.00370315   -0.00247582   -0.00151766   -0.000735021   -1.369e-09   0.000735006   0.00151759   0.00247562   0.00370281   0.00592244   0.00928567   0.0134624   0.000901722   0.00495022   0.00905569   0.0137365   0.0196132   0.022229   0.0227719   0.0217502   0.0186649   0.011985   0.000810334   

660000
-10   -9   -8   -7   -6   -5   -4   -3   -2   -1   0   1   2   3   4   5   6   7   8   9   10   11   12   13   14   15   16   17   18   
-1.04924   -0.967731   -0.881508   -0.719479   -0.630478   -0.539683   -0.439007   -0.331199   -0.221753   -0.11089   1.12989e-08   0.11089   0.221753   0.331199   0.439008   0.539686   0.630485   0.719491   0.881508   0.967746   1.04928   1.12245   1.18129   1.24317   1.30082   1.30436   1.28974   1.25591   1.19766   
0.0167476   0.0148675   0.0132933   0.0112938   0.0103885   0.00874885   0.00795898   0.0079033   0.00782963   0.00787759   0.00785149   0.00787759   0.00782962   0.0079033   0.00795897   0.00874885   0.0103885   0.0112939   0.0132931   0.0148672   0.0167471   0.019018   0.0215775   0.0246444   0.0289874   0.0393791   0.0525636   0.0700731   0.0940649   
-0.0089936   -0.00489087   -0.000875922   -0.0134313   -0.00926786   -0.00592753   -0.00369487   -0.00246458   -0.00151827   -0.000739873   -2.51538e-09   0.000739857   0.00151816   0.00246441   0.00369455   0.00592689   0.00926644   0.0134288   0.000876102   0.00488816   0.0089857   0.0136628   0.0195212   0.0221874   0.022772   0.0217612   0.0186446   0.0120772   0.000933141   

665000
-10   -9   -8   -7   -6   -5   -4   -3   -2   -1   0   1   2   3   4   6   8   9   10   11   12   13   14   15   16   17   18   
-1.04977   -0.968144   -0.881602   -0.719612   -0.630521   -0.539595   -0.439024   -0.331309   -0.221745   -0.11086   1.80654e-08   0.11086   0.221745   0.33131   0.439025   0.630528   0.881603   0.96816   1.04981   1.12309   1.18229   1.24474   1.30135   1.30529   1.28965   1.25744   1.19926   
0.0166993   0.0148268   0.0132782   0.011289   0.01038   0.00874324   0.00794652   0.00788325   0.007809   0.00785697   0.0078386   0.00785697   0.007809   0.00788324   0.00794651   0.01038   0.013278   0.0148264   0.0166988   0.0189651   0.0215047   0.0245051   0.0289274   0.0392734   0.0525767   0.0698542   0.0938056   
-0.00892601   -0.00483019   -0.000854055   -0.0133974   -0.00925534   -0.00593328   -0.00368731   -0.00244352   -0.00151926   -0.000744643   -3.93235e-09   0.000744628   0.00151919   0.00244336   0.00368699   0.00925392   0.000854053   0.00482728   0.00891825   0.0135903   0.0194333   0.0221465   0.022771   0.0217732   0.0186211   0.0121641   0.00105026   

670000
-10   -9   -8   -7   -6   -5   -4   -3   -2   -1   0   1   2   3   4   5   6   7   8   9   10   11   12   13   14   15   17   18   
-1.05027   -0.968533   -0.881803   -0.719726   -0.630535   -0.539583   -0.439034   -0.331416   -0.221734   -0.110868   2.99502e-08   0.110868   0.221734   0.331416   0.439036   0.539586   0.630542   0.719738   0.881803   0.968548   1.05031   1.1237   1.18321   1.24627   1.30181   1.30618   1.25892   1.20085   
0.0166527   0.014788   0.0132551   0.0112823   0.0103692   0.00873223   0.00793511   0.00786431   0.00778928   0.00782939   0.00782765   0.00782939   0.00778928   0.0078643   0.00793509   0.00873223   0.0103692   0.0112823   0.0132548   0.0147876   0.0166522   0.0189134   0.0214375   0.0243698   0.0288732   0.0391719   0.0696445   0.0935608   
-0.00886074   -0.00477224   -0.0008187   -0.0133683   -0.00924876   -0.00592859   -0.00368064   -0.00242312   -0.00152065   -0.000743197   -6.45828e-09   0.000743179   0.00152058   0.00242295   0.0036803   0.00592792   0.00924734   0.0133658   0.000818883   0.00476963   0.00885307   0.0135195   0.0193511   0.0221045   0.022771   0.0217842   0.0122459   0.00115952   

675000
-10   -9   -8   -7   -6   -5   -4   -3   -2   -1   0   1   2   3   4   5   6   8   9   10   11   12   13   14   15   16   17   18   
-1.05076   -0.968899   -0.882183   -0.719835   -0.630548   -0.539568   -0.43904   -0.331519   -0.22172   -0.110887   -2.91961e-09   0.110887   0.221721   0.33152   0.439042   0.539571   0.630555   0.882183   0.968914   1.0508   1.12431   1.18406   1.24777   1.30244   1.30704   1.2903   1.26033   1.20238   
0.0166074   0.014751   0.0132179   0.0112761   0.0103595   0.00872216   0.00792481   0.00784641   0.00777047   0.00780054   0.00781003   0.00780054   0.00777046   0.0078464   0.0079248   0.00872216   0.0103595   0.0132176   0.0147507   0.0166069   0.0188628   0.0213743   0.0242377   0.0288027   0.0390762   0.052497   0.0694446   0.0933121   
-0.0087974   -0.00471702   -0.000760455   -0.0133401   -0.0092419   -0.00592402   -0.0036747   -0.0024034   -0.00152241   -0.000739794   5.89672e-10   0.000739766   0.00152234   0.00240326   0.00367438   0.00592336   0.00924047   0.000760687   0.00471442   0.00878981   0.0134501   0.0192735   0.0220617   0.022772   0.0217926   0.018615   0.0123228   0.0012708   

680000
-10   -9   -8   -7   -6   -5   -4   -3   -2   -1   0   1   2   3   4   5   6   7   8   9   10   11   12   13   14   15   16   17   18   
-1.05123   -0.969249   -0.882547   -0.719986   -0.63056   -0.539541   -0.439041   -0.331619   -0.221704   -0.110905   -1.38227e-09   0.110906   0.221704   0.331619   0.439043   0.539544   0.630567   0.719999   0.882547   0.969263   1.05127   1.12489   1.18485   1.24925   1.3031   1.30787   1.29182   1.26171   1.20386   
0.0165635   0.0147155   0.0131822   0.0112673   0.0103507   0.00871378   0.00791548   0.00782956   0.00775257   0.00777276   0.00778268   0.00777277   0.00775257   0.00782955   0.00791547   0.00871378   0.0103507   0.0112673   0.0131819   0.0147152   0.016563   0.0188136   0.0213154   0.0241085   0.0287307   0.0389839   0.0523144   0.06925   0.0930627   
-0.00873581   -0.00466366   -0.000704361   -0.0133065   -0.0092348   -0.00592084   -0.00366944   -0.00238442   -0.00152451   -0.000736325   2.86361e-10   0.000736289   0.00152443   0.0023843   0.00366911   0.00592021   0.00923338   0.013304   0.000704586   0.00466114   0.00872834   0.0133826   0.0192002   0.0220179   0.0227729   0.021801   0.0186646   0.0123967   0.00138211   

685000
-10   -9   -8   -7   -6   -5   -3   -2   -1   0   1   2   3   4   5   6   7   8   9   10   11   12   13   14   15   16   17   18   
-1.05168   -0.969581   -0.882895   -0.720201   -0.630572   -0.539504   -0.331715   -0.22171   -0.110924   -1.57403e-09   0.110924   0.221711   0.331715   0.439046   0.539507   0.630579   0.720213   0.882896   0.969594   1.05172   1.12545   1.18558   1.2507   1.30369   1.30866   1.29323   1.26304   1.20533   
0.0165208   0.0146814   0.0131477   0.0112541   0.0103427   0.00870692   0.00781378   0.00773345   0.00774598   0.00775663   0.00774598   0.00773344   0.00781377   0.00790668   0.00870692   0.0103427   0.011254   0.0131474   0.0146811   0.0165204   0.018766   0.0212606   0.0239821   0.0286644   0.0388941   0.0521411   0.0690619   0.0928283   
-0.00867591   -0.00461252   -0.000650236   -0.0132649   -0.00922763   -0.00591887   -0.00236627   -0.00152209   -0.000732839   3.27151e-10   0.00073283   0.00152202   0.0023661   0.00366347   0.00591823   0.00922621   0.0132624   0.000650279   0.00461008   0.00866853   0.0133175   0.0191323   0.021973   0.0227738   0.0218092   0.018711   0.0124676   0.00148574   

690000
-10   -9   -8   -7   -6   -5   -4   -3   -2   -1   0   1   2   3   4   5   6   7   8   9   10   11   12   13   14   15   16   17   18   
-1.05212   -0.969892   -0.883233   -0.720411   -0.630582   -0.539458   -0.439119   -0.331807   -0.221759   -0.110942   -2.24101e-09   0.110942   0.221759   0.331808   0.439121   0.539461   0.630589   0.720423   0.883233   0.969905   1.05216   1.12598   1.18623   1.25212   1.30423   1.30941   1.29461   1.26434   1.20676   
0.0164794   0.0146491   0.0131141   0.0112423   0.0103356   0.0087015   0.00789399   0.00779902   0.00771145   0.00772003   0.00773169   0.00772002   0.00771144   0.00779901   0.00789398   0.0087015   0.0103356   0.0112422   0.0131139   0.0146488   0.0164789   0.0187209   0.0212104   0.0238589   0.0286036   0.0388104   0.0519805   0.0688781   0.0925902   
-0.00861754   -0.00456398   -0.0005972   -0.0132233   -0.00922039   -0.00591801   -0.00364642   -0.00234888   -0.00151185   -0.000729378   4.67257e-10   0.000729349   0.00151178   0.00234872   0.00364609   0.00591737   0.00921898   0.0132208   0.000597489   0.00456155   0.00861029   0.0132562   0.0190703   0.0219272   0.0227743   0.0218155   0.01875   0.0125364   0.00159218   

695000
-10   -9   -8   -7   -6   -5   -4   -3   -2   -1   0   1   2   3   4   5   7   8   9   10   11   12   13   14   15   16   17   18   
-1.05254   -0.970181   -0.883559   -0.720604   -0.630589   -0.539399   -0.439189   -0.331897   -0.221804   -0.110961   -3.67537e-09   0.110961   0.221805   0.331898   0.43919   0.539402   0.720617   0.883559   0.970195   1.05258   1.12646   1.1868   1.25352   1.30471   1.31012   1.29593   1.26561   1.20814   
0.0164391   0.0146185   0.0130816   0.0112307   0.0103295   0.00869775   0.00788234   0.00778529   0.00769029   0.00769482   0.00770773   0.00769482   0.00769028   0.00778528   0.00788233   0.00869775   0.0112307   0.0130813   0.0146182   0.0164387   0.0186783   0.0211656   0.0237394   0.0285478   0.0387297   0.0518256   0.068699   0.092377   
-0.00856112   -0.0045181   -0.000545707   -0.0131848   -0.00921342   -0.0059188   -0.00362997   -0.00233228   -0.00150211   -0.000725876   7.67398e-10   0.000725873   0.00150204   0.00233212   0.00362964   0.00591817   0.0131823   0.000546017   0.00451574   0.0085539   0.0131985   0.0190159   0.0218797   0.0227746   0.0218221   0.018787   0.0126028   0.00168478   

700000
-10   -9   -8   -7   -6   -5   -4   -3   -2   -1   0   1   2   3   4   5   6   7   8   9   10   11   12   13   14   15   16   17   18   
-1.05295   -0.970447   -0.883876   -0.720765   -0.630643   -0.539338   -0.439253   -0.331956   -0.221848   -0.110979   -7.66555e-09   0.110979   0.221848   0.331956   0.439254   0.539342   0.63065   0.720777   0.883875   0.97046   1.05299   1.12691   1.18727   1.25486   1.30515   1.3108   1.29719   1.26686   1.20936   
0.0164   0.0145899   0.0130499   0.0112168   0.0103196   0.00869469   0.00787166   0.00776698   0.00767003   0.00767029   0.00768461   0.00767029   0.00767003   0.00776697   0.00787165   0.00869469   0.0103196   0.0112168   0.0130496   0.0145896   0.0163995   0.0186385   0.0211265   0.0236227   0.0284971   0.038652   0.0516746   0.0685237   0.0921694   
-0.00850619   -0.0044753   -0.000495359   -0.0131538   -0.00920047   -0.00591969   -0.0036144   -0.00232109   -0.00149277   -0.000722429   1.65273e-09   0.000722413   0.0014927   0.00232093   0.00361406   0.00591899   0.00919905   0.0131513   0.000495695   0.00447299   0.00849894   0.0131455   0.0189699   0.0218331   0.0227744   0.0218283   0.0188236   0.0126672   0.00177468   

705000
-10   -9   -8   -7   -6   -5   -4   -3   -2   -1   0   1   2   3   4   5   6   7   8   9   10   11   12   13   14   15   16   17   18   
-1.05335   -0.970686   -0.884184   -0.720923   -0.630715   -0.539356   -0.439303   -0.33199   -0.221891   -0.110997   -3.15882e-09   0.110997   0.221891   0.331991   0.439305   0.539359   0.630721   0.720935   0.884184   0.970699   1.05339   1.12732   1.18766   1.25618   1.30554   1.31145   1.29842   1.26808   1.21048   
0.0163621   0.0145635   0.0130189   0.0112042   0.0103087   0.00868568   0.00786122   0.00774515   0.00765081   0.0076464   0.00766227   0.0076464   0.00765081   0.00774515   0.00786121   0.00868568   0.0103087   0.0112042   0.0130187   0.0145632   0.0163616   0.0186008   0.0210926   0.0235104   0.0284513   0.0385779   0.0515269   0.0683523   0.0919998   
-0.00845288   -0.00443604   -0.000446094   -0.0131225   -0.00918526   -0.00590992   -0.00360155   -0.00231415   -0.00148372   -0.000718937   6.50815e-10   0.000718922   0.00148365   0.00231398   0.00360123   0.00590924   0.00918385   0.01312   0.000446412   0.00443374   0.00844581   0.0130958   0.0189321   0.0217849   0.0227735   0.0218335   0.0188602   0.0127298   0.00184356   

710000
-10   -9   -8   -7   -6   -5   -4   -3   -2   -1   0   1   2   3   4   5   6   7   8   9   10   11   12   13   14   15   16   17   18   
-1.05372   -0.970895   -0.884485   -0.721079   -0.630784   -0.539359   -0.439302   -0.332022   -0.221933   -0.111015   -2.73431e-09   0.111015   0.221933   0.332023   0.439304   0.539362   0.63079   0.721091   0.884484   0.970908   1.05376   1.12771   1.18795   1.25747   1.30588   1.31207   1.29959   1.26925   1.21143   
0.0163255   0.0145395   0.0129886   0.0111929   0.0102986   0.00867849   0.00784818   0.00772425   0.00763251   0.00762313   0.00764062   0.00762312   0.0076325   0.00772425   0.00784817   0.00867849   0.0102985   0.0111929   0.0129884   0.0145392   0.016325   0.0185655   0.0210644   0.0234009   0.0284099   0.038507   0.0513874   0.0681896   0.0918468   
-0.00840154   -0.00440073   -0.000397696   -0.0130908   -0.00917021   -0.00590201   -0.00359905   -0.00230753   -0.00147503   -0.000715445   5.68792e-10   0.000715424   0.00147496   0.00230737   0.00359872   0.00590134   0.00916885   0.0130883   0.000398042   0.00439848   0.00839448   0.0130497   0.0189033   0.021736   0.022773   0.0218384   0.0188928   0.0127878   0.0019036   

715000
-10   -9   -8   -7   -6   -5   -4   -3   -2   -1   0   1   2   3   4   5   6   7   8   9   10   11   12   13   14   15   16   17   18   
-1.05408   -0.971072   -0.884779   -0.721234   -0.630851   -0.539322   -0.439299   -0.332053   -0.221972   -0.111033   -2.66243e-09   0.111033   0.221972   0.332054   0.439301   0.539325   0.630857   0.721246   0.884778   0.971085   1.05412   1.12805   1.18871   1.25873   1.30618   1.31265   1.30073   1.27033   1.21225   
0.0162906   0.014518   0.0129589   0.0111828   0.0102891   0.00867094   0.00783596   0.0077042   0.00761501   0.00760048   0.00761961   0.00760047   0.00761501   0.00770419   0.00783595   0.00867094   0.0102891   0.0111828   0.0129587   0.0145178   0.0162902   0.0185327   0.0210104   0.0232941   0.0283728   0.0384412   0.0512509   0.0680375   0.0917161   
-0.00835282   -0.00436976   -0.000350138   -0.0130586   -0.00915536   -0.00590169   -0.00359678   -0.0023012   -0.00146687   -0.000711886   5.60771e-10   0.000711851   0.00146679   0.00230104   0.00359645   0.00590104   0.00915395   0.0130561   0.000350517   0.00436759   0.00834591   0.0130077   0.0188321   0.0216861   0.0227727   0.0218415   0.0189249   0.0128406   0.00195193   

720000
-10   -9   -8   -7   -6   -5   -4   -3   -2   -1   0   1   2   3   4   5   6   7   8   9   10   11   12   13   14   15   16   17   18   
-1.0544   -0.971216   -0.885066   -0.721389   -0.630915   -0.539254   -0.439293   -0.332082   -0.222008   -0.111052   -2.83957e-09   0.111052   0.222008   0.332083   0.439295   0.539257   0.630922   0.721401   0.885065   0.971228   1.05444   1.12835   1.19025   1.25997   1.30644   1.31318   1.30185   1.27135   1.21296   
0.0162583   0.0144993   0.0129299   0.0111739   0.0102803   0.00866353   0.00782462   0.00768492   0.00759838   0.00757852   0.00759919   0.00757852   0.00759838   0.00768491   0.00782461   0.00866353   0.0102803   0.0111739   0.0129297   0.0144991   0.0162579   0.0185032   0.0209129   0.0231912   0.0283395   0.0383801   0.0511189   0.0679009   0.0916076   
-0.00830797   -0.00434344   -0.000303455   -0.0130259   -0.00914063   -0.00590689   -0.00359484   -0.00229515   -0.00145931   -0.000708164   6.1744e-10   0.000708148   0.00145924   0.00229499   0.00359453   0.00590624   0.00913927   0.0130234   0.000303837   0.00434128   0.00830116   0.012971   0.0186862   0.0216351   0.0227727   0.0218444   0.0189545   0.012885   0.00198841   

725000
-10   -9   -8   -7   -6   -5   -4   -3   -2   -1   0   1   2   3   4   5   6   7   8   9   10   11   12   13   14   15   16   17   18   
-1.0547   -0.97132   -0.885346   -0.721542   -0.630978   -0.539176   -0.439284   -0.33211   -0.222041   -0.111073   -2.43342e-09   0.111073   0.222041   0.33211   0.439285   0.539178   0.630985   0.721553   0.885345   0.971332   1.05474   1.12861   1.19173   1.26117   1.30686   1.31368   1.30293   1.2723   1.2135   
0.0162277   0.0144837   0.0129015   0.0111664   0.0102722   0.0086579   0.00781423   0.00766633   0.00758267   0.0075574   0.00757934   0.0075574   0.00758266   0.00766633   0.00781422   0.0086579   0.0102722   0.0111664   0.0129013   0.0144835   0.0162273   0.0184764   0.0208198   0.0230907   0.0282912   0.0383233   0.0509874   0.0677737   0.0915175   
-0.00826588   -0.00432251   -0.000257635   -0.0129929   -0.00912608   -0.00591336   -0.00359325   -0.00228939   -0.00145253   -0.000704193   5.33002e-10   0.000704192   0.00145246   0.00228923   0.00359293   0.00591273   0.00912467   0.0129905   0.000257995   0.00432039   0.00825911   0.0129387   0.0185437   0.021584   0.0227735   0.021846   0.0189853   0.0129252   0.00201496   

730000
-10   -9   -8   -7   -6   -5   -4   -3   -2   -1   0   1   2   3   4   5   6   7   8   9   10   11   12   13   14   15   16   17   18   
-1.05498   -0.971374   -0.885617   -0.721649   -0.63104   -0.539086   -0.439272   -0.332135   -0.222071   -0.111095   -2.79588e-09   0.111095   0.222072   0.332136   0.439274   0.539089   0.631047   0.721661   0.885616   0.971386   1.05502   1.12882   1.19315   1.26234   1.30742   1.31413   1.30401   1.27314   1.21391   
0.0161986   0.0144721   0.0128739   0.0111546   0.0102645   0.00865388   0.00780469   0.0076484   0.0075678   0.00753702   0.00756011   0.00753702   0.00756779   0.00764839   0.00780468   0.00865388   0.0102645   0.0111547   0.0128737   0.0144719   0.0161982   0.0184526   0.0207309   0.0229937   0.0282312   0.0382701   0.0508626   0.0676542   0.0914581   
-0.00822602   -0.00430843   -0.000213   -0.0129704   -0.00911162   -0.00592095   -0.00359176   -0.00228392   -0.00144624   -0.000700118   6.15696e-10   0.000700114   0.00144617   0.00228376   0.00359144   0.00592031   0.00911023   0.0129679   0.000213427   0.00430634   0.00821932   0.0129114   0.0184043   0.0215323   0.0227731   0.0218477   0.0190112   0.0129632   0.00202618   

735000
-10   -9   -8   -7   -6   -5   -4   -3   -2   -1   0   1   2   3   4   5   6   7   8   9   10   11   12   13   14   15   16   17   18   
-1.05524   -0.971541   -0.885876   -0.72175   -0.631069   -0.539032   -0.439258   -0.332159   -0.222083   -0.111117   -2.75231e-09   0.111116   0.222084   0.33216   0.43926   0.539035   0.631076   0.721761   0.885875   0.971554   1.05528   1.12899   1.19451   1.26348   1.30791   1.31455   1.30506   1.2739   1.21418   
0.0161712   0.014452   0.0128473   0.0111432   0.0102544   0.00864759   0.00779596   0.00763107   0.00755089   0.00751739   0.00754141   0.00751739   0.00755088   0.00763106   0.00779595   0.00864758   0.0102544   0.0111432   0.0128471   0.0144517   0.0161708   0.0184319   0.0206458   0.0229004   0.0281766   0.0382217   0.0507389   0.0675452   0.0914279   
-0.00818898   -0.00428067   -0.000169834   -0.012949   -0.00910379   -0.00592362   -0.00359054   -0.00227874   -0.00144341   -0.000696087   6.09622e-10   0.000696159   0.00144334   0.00227856   0.00359022   0.00592297   0.00910236   0.0129466   0.000170264   0.00427838   0.00818222   0.0128894   0.0182676   0.0214798   0.0227732   0.0218482   0.0190378   0.0129962   0.00202115   

740000
-10   -9   -8   -7   -6   -5   -4   -3   -2   -1   0   1   2   3   4   5   6   7   8   9   10   11   12   13   14   15   16   17   18   
-1.05548   -0.971983   -0.886127   -0.721854   -0.631074   -0.539014   -0.439242   -0.332182   -0.222069   -0.111137   -2.31007e-09   0.111137   0.222069   0.332182   0.439243   0.539017   0.631081   0.721866   0.886125   0.971996   1.05551   1.12911   1.19583   1.26457   1.30834   1.31494   1.30608   1.27459   1.2143   
0.0161455   0.0144112   0.0128215   0.0111333   0.0102429   0.00863886   0.00778796   0.00761433   0.00753063   0.00749861   0.00752326   0.00749861   0.00753062   0.00761432   0.00778796   0.00863886   0.0102429   0.0111333   0.0128213   0.0144108   0.0161452   0.0184145   0.0205641   0.0228103   0.0281275   0.0381798   0.0506184   0.0674538   0.0914146   
-0.0081544   -0.00421806   -0.000127852   -0.0129258   -0.00910069   -0.00592119   -0.00358971   -0.00227384   -0.0014453   -0.000692221   5.15562e-10   0.000692264   0.00144534   0.00227369   0.00358939   0.00592054   0.00909929   0.0129234   0.000128327   0.00421577   0.00814788   0.0128729   0.0181335   0.021428   0.0227735   0.0218458   0.0190629   0.0130192   0.00200732   

745000
-10   -9   -8   -7   -6   -5   -3   -2   -1   0   1   2   3   4   5   6   7   8   9   10   11   12   13   14   15   16   17   18   
-1.05569   -0.972407   -0.886369   -0.721958   -0.631076   -0.538981   -0.332202   -0.222053   -0.111156   -1.59586e-09   0.111156   0.222053   0.332203   0.439222   0.538985   0.631083   0.721969   0.886368   0.972419   1.05573   1.12918   1.19711   1.26562   1.30873   1.31527   1.30708   1.2752   1.21429   
0.0161216   0.0143717   0.0127964   0.0111254   0.0102325   0.00863194   0.00759818   0.00751116   0.00748081   0.00750568   0.00748081   0.00751116   0.00759818   0.00778084   0.00863194   0.0102325   0.0111254   0.0127961   0.0143714   0.0161212   0.0184005   0.0204849   0.0227247   0.0280829   0.038141   0.0505004   0.0673728   0.0914314   
-0.00812282   -0.00415761   -8.68781e-05   -0.0129018   -0.00909766   -0.00592041   -0.00226926   -0.00144748   -0.000688696   3.61216e-10   0.000688715   0.00144748   0.00226908   0.00358912   0.00591976   0.00909627   0.0128993   8.73592e-05   0.00415543   0.00811634   0.0128621   0.0180012   0.0213775   0.0227732   0.0218451   0.0190875   0.0130378   0.0019773   

750000
-10   -9   -7   -6   -5   -4   -3   -2   -1   0   1   2   3   4   5   6   7   9   10   11   12   13   14   15   16   17   18   
-1.05588   -0.972812   -0.722065   -0.631078   -0.538937   -0.439249   -0.33222   -0.222035   -0.111174   5.10821e-09   0.111174   0.222035   0.332221   0.439251   0.538941   0.631084   0.722076   0.972825   1.05592   1.1292   1.19835   1.26662   1.30908   1.31555   1.30804   1.27572   1.21412   
0.0160994   0.0143338   0.0111189   0.0102229   0.00862662   0.00777078   0.0075826   0.00749243   0.00746387   0.00748875   0.00746386   0.00749243   0.00758259   0.00777077   0.00862662   0.0102229   0.0111189   0.0143334   0.0160991   0.0183901   0.0204086   0.0226429   0.0280422   0.0381075   0.0503864   0.0673021   0.0914633   
-0.00809422   -0.00409924   -0.0128761   -0.00909448   -0.005921   -0.00358118   -0.00226499   -0.00144991   -0.000685332   -1.1054e-09   0.000685389   0.0014499   0.00226483   0.00358086   0.00592035   0.00909314   0.0128737   0.00409712   0.00808777   0.0128575   0.017871   0.0213275   0.0227727   0.0218438   0.0191103   0.0130519   0.00194004   

755000
-10   -9   -8   -7   -6   -5   -4   -3   -2   -1   0   1   2   3   4   5   6   7   8   9   10   11   12   13   14   15   16   17   18   
-1.05605   -0.973201   -0.887204   -0.722175   -0.631079   -0.53888   -0.4393   -0.332236   -0.222016   -0.111192   3.5013e-08   0.111192   0.222016   0.332237   0.439302   0.538883   0.631085   0.722187   0.887229   0.973213   1.05608   1.12915   1.19955   1.26758   1.30939   1.31579   1.30896   1.27615   1.21384   
0.0160795   0.0142972   0.0127232   0.0111139   0.0102139   0.00862299   0.00775966   0.00756755   0.00747441   0.00744773   0.00747261   0.00744773   0.0074744   0.00756754   0.00775965   0.00862299   0.0102139   0.0111139   0.0127231   0.0142968   0.0160792   0.018384   0.0203346   0.0225645   0.0280051   0.0380792   0.0502798   0.0672458   0.0915142   
-0.00806916   -0.00404289   8.30165e-05   -0.0128492   -0.00909112   -0.00592316   -0.0035693   -0.00226101   -0.00145258   -0.000681995   -7.63858e-09   0.000681984   0.00145257   0.00226085   0.00356898   0.00592253   0.00908977   0.0128467   -8.83369e-05   0.00404082   0.00806281   0.0128603   0.0177425   0.0212789   0.0227717   0.0218419   0.0191302   0.0130593   0.00189301   

760000
-10   -9   -8   -7   -6   -5   -4   -3   -2   -1   0   1   2   3   4   5   6   7   9   10   11   12   13   14   15   16   17   18   
-1.05618   -0.973575   -0.885374   -0.72226   -0.63108   -0.538809   -0.439347   -0.332251   -0.221995   -0.11121   1.07252e-09   0.11121   0.221996   0.332251   0.439349   0.538812   0.631086   0.722272   0.973587   1.05621   1.12904   1.20073   1.2685   1.30967   1.31597   1.30983   1.27646   1.21349   
0.0160619   0.0142617   0.0126913   0.0110983   0.0102055   0.00862114   0.00774924   0.00755303   0.00745703   0.00743244   0.00745751   0.00743243   0.00745703   0.00755302   0.00774923   0.00862114   0.0102055   0.0110982   0.0142614   0.0160616   0.0183819   0.0202628   0.0224897   0.0279711   0.0380569   0.0501814   0.0672115   0.0916184   
-0.00804799   -0.00398812   -0.000328531   -0.012834   -0.00908767   -0.0059271   -0.00355793   -0.00225731   -0.00145548   -0.000678766   -2.2305e-10   0.000678758   0.00145542   0.00225716   0.00355762   0.00592646   0.00908629   0.0128316   0.00398608   0.0080417   0.0128702   0.0176154   0.0212317   0.0227712   0.0218393   0.019146   0.0130556   0.00181866   

765000
-10   -9   -8   -7   -6   -5   -4   -3   -2   -1   0   1   2   3   4   5   7   8   9   10   11   12   13   14   15   16   17   18   
-1.05628   -0.973938   -0.883557   -0.722392   -0.631081   -0.538748   -0.439391   -0.332263   -0.221973   -0.111228   1.13921e-09   0.111228   0.221973   0.332264   0.439392   0.538751   0.722404   0.883582   0.973949   1.05632   1.12954   1.20188   1.26937   1.30991   1.3161   1.31064   1.27664   1.21291   
0.0160464   0.0142272   0.0126594   0.0110781   0.0101976   0.00861891   0.00773956   0.00753907   0.00744029   0.00741807   0.00744344   0.00741806   0.00744028   0.00753907   0.00773955   0.00861891   0.0110781   0.0126593   0.0142269   0.0160461   0.0183405   0.0201927   0.0224193   0.0279401   0.0380407   0.0500826   0.0671869   0.0916959   
-0.00803034   -0.00393473   -0.000737299   -0.0128132   -0.00908397   -0.0059295   -0.0035471   -0.00225387   -0.00145865   -0.000675611   -2.37523e-10   0.0006756   0.00145859   0.00225371   0.00354682   0.00592882   0.0128108   0.000732163   0.00393274   0.00802411   0.0128132   0.0174893   0.0211855   0.0227707   0.0218357   0.0191648   0.0130486   0.00175748   

770000
-10   -9   -8   -7   -6   -5   -4   -3   -2   -1   0   1   2   3   4   5   6   7   8   9   10   11   12   13   14   16   17   18   
-1.05636   -0.97429   -0.88158   -0.722534   -0.631098   -0.538725   -0.439432   -0.332339   -0.221949   -0.111245   -3.68739e-08   0.111246   0.22195   0.33234   0.439433   0.538728   0.631105   0.722546   0.881603   0.974301   1.05639   1.13039   1.203   1.27019   1.31013   1.3114   1.27674   1.21229   
0.016033   0.0141936   0.012627   0.0110599   0.0101888   0.00861381   0.00773058   0.00752142   0.00742413   0.00740469   0.00743013   0.00740468   0.00742413   0.00752141   0.00773057   0.00861381   0.0101887   0.0110599   0.0126269   0.0141933   0.0160329   0.0182769   0.0201243   0.0223525   0.0279128   0.0499926   0.067183   0.091843   
-0.0080164   -0.00388254   -0.00118143   -0.0127891   -0.00907819   -0.00592656   -0.00353671   -0.00223927   -0.00146204   -0.00067254   7.92641e-09   0.000672516   0.00146197   0.00223912   0.00353639   0.00592592   0.00907672   0.0127867   0.00117655   0.00388059   0.00801024   0.0127183   0.0173643   0.0211413   0.0227696   0.0191798   0.0130306   0.00166041   

775000
-10   -9   -8   -7   -6   -5   -4   -3   -2   0   2   3   4   5   6   7   8   9   10   11   12   13   14   15   16   17   18   
-1.0564   -0.974632   -0.879561   -0.722693   -0.631165   -0.538691   -0.439469   -0.332413   -0.221924   -2.2961e-08   0.221924   0.332413   0.43947   0.538694   0.631171   0.722705   0.879585   0.974643   1.05644   1.1312   1.20411   1.2712   1.31031   1.31706   1.31213   1.27674   1.2115   
0.0160221   0.0141608   0.0125945   0.011044   0.0101759   0.00861036   0.00772232   0.00750443   0.00740855   0.00741763   0.00740855   0.00750443   0.00772231   0.00861036   0.0101759   0.011044   0.0125944   0.0141605   0.0160219   0.0182153   0.0200573   0.0222726   0.0278878   0.0379329   0.0499096   0.0671982   0.0919874   
-0.00800628   -0.00383144   -0.00163456   -0.01276   -0.00906609   -0.00592507   -0.00352687   -0.00222501   -0.00146567   4.93521e-09   0.0014656   0.00222485   0.00352656   0.00592443   0.00906471   0.0127576   0.0016295   0.00382954   0.00800029   0.0126268   0.0172402   0.0210894   0.0227696   0.0218409   0.0191911   0.0130028   0.00156533   

780000
-10   -9   -8   -7   -6   -5   -4   -3   -2   -1   0   1   2   3   4   5   6   7   8   9   10   11   12   13   14   15   16   17   18   
-1.05642   -0.974965   -0.877392   -0.722805   -0.631229   -0.538648   -0.439502   -0.332485   -0.221897   -0.111224   -5.42606e-11   0.111224   0.221897   0.332486   0.439503   0.538651   0.631236   0.722817   0.877415   0.974976   1.05645   1.13198   1.2052   1.27219   1.31052   1.31794   1.31282   1.27661   1.21058   
0.0160134   0.0141288   0.0125613   0.0110264   0.0101637   0.00860819   0.00771484   0.0074882   0.00739354   0.00737332   0.00740597   0.00737332   0.00739353   0.00748819   0.00771484   0.0086082   0.0101637   0.0110264   0.0125613   0.0141285   0.0160133   0.0181559   0.0199917   0.0221942   0.0278617   0.0378359   0.0498314   0.0672211   0.0921526   
-0.00800045   -0.00378134   -0.00212107   -0.012741   -0.00905406   -0.00592458   -0.00351766   -0.00221097   -0.00146952   -0.000676928   7.75593e-11   0.00067691   0.00146946   0.00221081   0.00351735   0.00592394   0.00905267   0.0127386   0.00211618   0.00377945   0.00799435   0.0125385   0.0171168   0.0210367   0.022769   0.0218503   0.0192007   0.0129734   0.00145728   

785000
-10   -9   -7   -6   -5   -4   -3   -2   -1   0   1   2   3   4   6   7   8   9   10   11   12   13   14   15   16   17   18   
-1.0564   -0.97529   -0.72287   -0.631292   -0.538595   -0.439531   -0.332556   -0.221867   -0.111195   3.75273e-09   0.111195   0.221868   0.332557   0.439532   0.631299   0.722882   0.875261   0.9753   1.05643   1.13273   1.20627   1.27317   1.31092   1.31879   1.31346   1.27637   1.20955   
0.0160072   0.0140975   0.0110066   0.0101521   0.0086074   0.00770807   0.00747265   0.00737913   0.00735663   0.00739519   0.00735663   0.00737913   0.00747264   0.00770807   0.0101521   0.0110066   0.0125283   0.0140972   0.016007   0.0180985   0.0199274   0.0221175   0.0278169   0.0377413   0.0497553   0.0672533   0.0923332   
-0.00799862   -0.00373214   -0.0127319   -0.00904204   -0.00592531   -0.00350898   -0.0021972   -0.00147369   -0.000682351   -7.744e-10   0.000682334   0.00147362   0.00219704   0.00350866   0.00904066   0.0127295   0.00259932   0.00373031   0.0079926   0.0124534   0.0169943   0.0209836   0.0227686   0.0218603   0.0192114   0.0129398   0.00134239   

790000
-10   -9   -8   -7   -6   -5   -4   -3   -2   -1   0   1   2   3   4   5   6   7   8   9   10   11   12   13   14   15   16   17   
-1.05635   -0.975607   -0.873185   -0.722976   -0.631354   -0.538501   -0.439557   -0.332625   -0.221836   -0.111201   -8.99274e-10   0.111201   0.221836   0.332626   0.439558   0.538504   0.631361   0.722988   0.873208   0.975617   1.05638   1.13346   1.20733   1.27413   1.3113   1.31963   1.31405   1.27607   
0.0160034   0.0140668   0.012496   0.01099   0.010141   0.0086063   0.00770202   0.00745766   0.00736532   0.00733707   0.00738546   0.00733707   0.00736532   0.00745766   0.00770201   0.00860631   0.010141   0.01099   0.0124959   0.0140665   0.0160033   0.0180428   0.0198642   0.0220425   0.0277742   0.0376508   0.0496831   0.0673093   
-0.00800113   -0.00368381   -0.00306502   -0.0127122   -0.00903002   -0.00593404   -0.00350085   -0.00218382   -0.00147814   -0.000681127   2.43522e-10   0.000681119   0.00147807   0.00218366   0.00350053   0.0059334   0.00902865   0.0127098   0.00306024   0.00368201   0.00799524   0.012371   0.0168723   0.0209302   0.0227682   0.0218682   0.0192218   0.0128944   

795000
-10   -9   -8   -7   -6   -5   -4   -3   -2   -1   0   1   2   3   4   5   6   7   8   9   10   11   12   13   14   15   16   17   18   
-1.05626   -0.975916   -0.871124   -0.723178   -0.631415   -0.538407   -0.439579   -0.332692   -0.221803   -0.111229   -7.65149e-13   0.111229   0.221803   0.332693   0.43958   0.53841   0.631421   0.723189   0.871147   0.975927   1.05629   1.13416   1.20837   1.27506   1.31167   1.32043   1.31463   1.27565   1.21055   
0.0160023   0.0140368   0.0124638   0.0109799   0.0101305   0.00860457   0.00769667   0.00744322   0.00735208   0.00731602   0.00737678   0.00731602   0.00735208   0.00744322   0.00769666   0.00860457   0.0101305   0.0109799   0.0124637   0.0140365   0.0160022   0.0179888   0.0198023   0.0219702   0.0277336   0.0375623   0.0496168   0.0673758   0.0921713   
-0.00800839   -0.00363629   -0.00352795   -0.0126689   -0.00901805   -0.00594302   -0.00349329   -0.00217081   -0.00148281   -0.000675961   3.91591e-11   0.000675957   0.00148274   0.00217065   0.00349297   0.00594238   0.00901667   0.0126666   0.00352314   0.00363454   0.00800241   0.0122913   0.0167515   0.0208769   0.0227673   0.0218764   0.0192294   0.0128437   0.00139526   

800000
-10   -9   -8   -7   -6   -5   -4   -3   -1   0   1   3   4   5   6   7   8   9   10   11   12   13   14   15   16   17   18   
-1.05672   -0.976217   -0.868891   -0.723477   -0.631472   -0.53835   -0.439597   -0.332757   -0.111256   3.2207e-10   0.111256   0.332758   0.439598   0.538353   0.631479   0.723489   0.868913   0.976228   1.05676   1.13484   1.20939   1.27597   1.31201   1.32123   1.31515   1.27512   1.21313   
0.0159621   0.0140075   0.0124309   0.0109762   0.0101206   0.00860023   0.00769209   0.00742935   0.0072956   0.00736918   0.0072956   0.00742935   0.00769208   0.00860023   0.0101206   0.0109762   0.0124308   0.0140072   0.0159615   0.0179362   0.0197409   0.0218998   0.0276944   0.0374774   0.049555   0.0674558   0.0917507   
-0.0079497   -0.00358984   -0.00402899   -0.0126017   -0.00900639   -0.00594703   -0.00348641   -0.00215819   -0.000670892   -3.93078e-11   0.000670877   0.00215803   0.00348608   0.00594639   0.00900504   0.0125994   0.00402432   0.00358802   0.00794307   0.0122135   0.0166309   0.0208235   0.022767   0.0218821   0.0192362   0.0127874   0.00160445   

805000
-10   -9   -8   -7   -6   -5   -4   -3   -2   -1   0   1   3   4   5   6   7   8   9   10   11   12   13   14   15   16   17   18   
-1.05722   -0.976509   -0.866647   -0.723763   -0.631526   -0.538287   -0.43961   -0.33282   -0.221751   -0.111283   1.26187e-09   0.111283   0.332821   0.439611   0.53829   0.631533   0.723775   0.866669   0.976519   1.05725   1.13549   1.21041   1.27686   1.31233   1.322   1.31564   1.27452   1.2155   
0.0159194   0.013979   0.0123982   0.0109726   0.0101114   0.00859694   0.00768835   0.00741604   0.00732578   0.00727577   0.00736274   0.00727576   0.00741604   0.00768834   0.00859694   0.0101114   0.0109726   0.0123981   0.0139787   0.0159188   0.0178852   0.0196808   0.021831   0.0276572   0.0373932   0.0495021   0.067559   0.0913531   
-0.00788659   -0.00354445   -0.00453274   -0.0125369   -0.00899499   -0.00595166   -0.00348033   -0.00214595   -0.00148919   -0.000665924   -2.41266e-10   0.000665907   0.00214579   0.00348   0.00595102   0.00899367   0.0125346   0.00452802   0.00354276   0.00788006   0.0121382   0.0165114   0.0207697   0.0227665   0.0218893   0.0192383   0.0127186   0.00179993   

810000
-10   -9   -8   -7   -6   -5   -3   -2   -1   0   1   2   3   4   5   6   7   8   9   10   11   12   13   14   15   16   17   18   
-1.0577   -0.976789   -0.864383   -0.724042   -0.63158   -0.53822   -0.332881   -0.221789   -0.111309   -4.50168e-10   0.111309   0.22179   0.332882   0.439622   0.538223   0.631587   0.724054   0.864405   0.976798   1.05773   1.13613   1.2114   1.27774   1.31264   1.32274   1.31605   1.27381   1.2178   
0.015878   0.0139515   0.0123655   0.0109692   0.0101027   0.0085945   0.00740328   0.0073081   0.00725645   0.0073481   0.00725645   0.00730809   0.00740328   0.00768538   0.0085945   0.0101026   0.0109692   0.0123654   0.0139512   0.0158774   0.0178354   0.0196215   0.0217638   0.0276226   0.0373105   0.049451   0.0676712   0.0909749   
-0.00782546   -0.00350055   -0.005041   -0.012473   -0.0089836   -0.00595667   -0.00213407   -0.00148102   -0.000661032   9.25013e-11   0.000661018   0.00148093   0.00213391   0.00347447   0.00595602   0.00898225   0.0124707   0.00503637   0.0034989   0.00781901   0.0120648   0.0163928   0.0207155   0.0227652   0.0218967   0.0192426   0.0126455   0.00198488   

815000
-10   -9   -8   -7   -6   -5   -4   -3   -2   -1   0   1   2   3   4   5   6   7   8   9   10   11   12   13   14   15   16   17   18   
-1.05816   -0.977049   -0.862084   -0.724286   -0.631632   -0.538146   -0.439587   -0.332941   -0.221827   -0.111335   9.68741e-09   0.111335   0.221827   0.332942   0.439588   0.538149   0.631639   0.724297   0.862105   0.977059   1.05819   1.13675   1.21239   1.2786   1.31293   1.32347   1.31642   1.27393   1.22006   
0.0158378   0.0139255   0.0123329   0.010966   0.0100944   0.0085931   0.0076778   0.00739107   0.00729108   0.00723763   0.00732603   0.00723763   0.00729107   0.00739107   0.00767779   0.0085931   0.0100944   0.010966   0.0123328   0.0139252   0.0158373   0.0177868   0.019563   0.021698   0.0275896   0.0372291   0.049408   0.0676435   0.0906133   
-0.00776618   -0.00345904   -0.00555717   -0.0124162   -0.00897234   -0.00596243   -0.003478   -0.00212255   -0.00147294   -0.00065621   -2.17429e-09   0.000656204   0.00147286   0.00212239   0.00347769   0.0059618   0.008971   0.0124139   0.0055527   0.0034574   0.00775981   0.0119932   0.0162752   0.0206611   0.022764   0.0219043   0.0192435   0.0126439   0.00216228   

820000
-10   -9   -8   -7   -6   -5   -4   -3   -2   -1   0   1   2   3   4   5   6   7   8   9   10   11   12   13   14   15   16   17   18   
-1.05861   -0.977298   -0.859534   -0.724507   -0.631666   -0.538066   -0.439597   -0.332999   -0.221864   -0.11136   -1.821e-07   0.11136   0.221864   0.332999   0.439598   0.538069   0.631672   0.724518   0.859556   0.977308   1.05864   1.13735   1.21336   1.27945   1.3132   1.32419   1.31673   1.27591   1.22223   
0.0157988   0.0139005   0.0122991   0.010963   0.0100852   0.00859265   0.00766578   0.00737945   0.0072747   0.00721931   0.00730481   0.0072193   0.00727469   0.00737944   0.00766578   0.00859266   0.0100852   0.010963   0.012299   0.0139002   0.0157983   0.0177393   0.0195056   0.0216337   0.0275581   0.0371503   0.0493718   0.0673663   0.0902687   
-0.00770862   -0.00341898   -0.00612881   -0.0123644   -0.00896467   -0.00596884   -0.00347465   -0.00211138   -0.00146487   -0.000651491   3.91194e-08   0.000651475   0.0014648   0.00211123   0.00347435   0.00596822   0.00896343   0.0123622   0.00612433   0.00341738   0.00770234   0.0119232   0.016159   0.0206063   0.0227632   0.0219104   0.0192422   0.0127612   0.00232947   

825000
-10   -9   -7   -6   -4   -3   -2   -1   0   1   2   3   4   5   6   7   9   10   11   12   13   14   15   16   17   18   
-1.05904   -0.977537   -0.724719   -0.631667   -0.439605   -0.333055   -0.2219   -0.111384   -4.53557e-10   0.111384   0.221901   0.333056   0.439606   0.537985   0.631673   0.72473   0.977546   1.05907   1.13793   1.2143   1.28029   1.31345   1.3249   1.31698   1.27781   1.22433   
0.0157608   0.0138764   0.0109604   0.0100739   0.00765441   0.00736843   0.00725882   0.00720142   0.00728436   0.00720142   0.00725882   0.00736841   0.0076544   0.00859303   0.0100739   0.0109604   0.0138761   0.0157603   0.0176929   0.0194494   0.0215709   0.0275283   0.0370744   0.0493476   0.0671095   0.0899343   
-0.00765265   -0.0033803   -0.0123142   -0.00896381   -0.00347162   -0.00210056   -0.00145701   -0.000646822   1.36287e-10   0.000646806   0.00145694   0.00210045   0.00347133   0.00597503   0.00896247   0.0123119   0.00337871   0.00764646   0.0118548   0.0160451   0.020551   0.0227624   0.0219146   0.0192355   0.0128664   0.00249191   

830000
-10   -9   -8   -7   -6   -5   -4   -3   -2   -1   0   1   2   3   4   5   6   7   8   9   10   11   12   13   14   15   16   17   18   
-1.05946   -0.977764   -0.855417   -0.724992   -0.631667   -0.537934   -0.43961   -0.333073   -0.221936   -0.111409   -4.46902e-09   0.111409   0.221936   0.333074   0.439612   0.537937   0.631674   0.725003   0.855438   0.977773   1.05949   1.13851   1.21522   1.2811   1.31368   1.32559   1.31714   1.27962   1.22629   
0.0157239   0.0138533   0.0122383   0.0109524   0.0100632   0.00859059   0.00764365   0.00735317   0.00724342   0.00718396   0.00726458   0.00718396   0.00724342   0.00735316   0.00764364   0.00859059   0.0100632   0.0109524   0.0122382   0.013853   0.0157234   0.0176473   0.0193941   0.0215091   0.0275003   0.0369992   0.0493302   0.0668556   0.089602   
-0.00759812   -0.00334305   -0.00705354   -0.012257   -0.00896279   -0.00597758   -0.00346895   -0.00209663   -0.00144935   -0.000642215   9.54047e-10   0.000642202   0.00144928   0.00209648   0.00346861   0.00597693   0.00896143   0.0122547   0.00704933   0.00334148   0.00759206   0.0117876   0.0159332   0.0204963   0.0227613   0.0219203   0.0192281   0.012972   0.0026521   

835000
-10   -9   -8   -7   -6   -5   -4   -3   -2   -1   0   1   2   3   4   5   6   7   9   10   11   12   13   14   15   16   17   18   
-1.05987   -0.977979   -0.85232   -0.725281   -0.631667   -0.537897   -0.439612   -0.333075   -0.22197   -0.111433   -1.70319e-09   0.111433   0.22197   0.333075   0.439614   0.5379   0.631674   0.725292   0.977988   1.0599   1.13907   1.21611   1.28191   1.3139   1.32625   1.31724   1.28138   1.22816   
0.0156878   0.0138311   0.0122023   0.010943   0.0100532   0.0085877   0.00763355   0.00733645   0.00722853   0.00716695   0.00724542   0.00716695   0.00722852   0.00733644   0.00763355   0.0085877   0.0100532   0.010943   0.0138308   0.0156874   0.0176025   0.0193411   0.0214491   0.027474   0.036927   0.0493213   0.0666102   0.0892853   
-0.00754517   -0.00330729   -0.00774687   -0.0121983   -0.00896155   -0.00597794   -0.00346665   -0.00209577   -0.00144189   -0.000637675   3.63365e-10   0.000637662   0.00144182   0.00209562   0.00346634   0.0059773   0.00896021   0.012196   0.00330576   0.00753904   0.0117214   0.0158261   0.0204411   0.02276   0.0219248   0.0192177   0.0130736   0.00280403   

840000
-10   -9   -8   -7   -6   -5   -4   -3   -2   -1   0   1   2   3   4   5   6   7   8   9   10   11   12   13   14   15   16   17   18   
-1.06027   -0.978183   -0.849077   -0.725557   -0.631667   -0.537858   -0.439611   -0.333074   -0.222003   -0.111456   -1.60946e-09   0.111457   0.222003   0.333075   0.439613   0.537861   0.631674   0.725568   0.849098   0.978192   1.0603   1.13962   1.21696   1.2827   1.3141   1.32688   1.31726   1.28307   1.22996   
0.0156527   0.0138099   0.0121659   0.0109346   0.0100437   0.00858544   0.00762405   0.00732031   0.00721411   0.0071504   0.00722683   0.0071504   0.0072141   0.00732031   0.00762404   0.00858544   0.0100437   0.0109346   0.0121659   0.0138096   0.0156522   0.0175586   0.0192897   0.0213904   0.0274494   0.0368568   0.0493182   0.0663743   0.0889945   
-0.00749323   -0.00327314   -0.00847284   -0.0121418   -0.0089601   -0.00597845   -0.00346473   -0.00209518   -0.00143461   -0.000633199   3.4403e-10   0.000633183   0.00143456   0.00209503   0.00346442   0.0059778   0.00895876   0.0121395   0.00846833   0.00327161   0.00748719   0.0116566   0.0157226   0.0203861   0.0227589   0.0219297   0.0192065   0.0131704   0.00294136   

845000
-10   -9   -8   -7   -6   -5   -4   -3   -2   -1   0   1   2   3   4   5   6   7   8   9   10   11   12   13   14   15   16   17   18   
-1.06065   -0.978373   -0.845808   -0.725821   -0.631668   -0.537814   -0.439608   -0.333072   -0.222035   -0.11148   -2.11884e-09   0.11148   0.222035   0.333073   0.43961   0.537817   0.631674   0.725832   0.845829   0.978382   1.06068   1.14016   1.21778   1.28347   1.31429   1.32751   1.31723   1.28471   1.23175   
0.0156184   0.0137898   0.0121299   0.0109272   0.0100346   0.00858402   0.00761509   0.00730479   0.00720016   0.0071344   0.00720877   0.0071344   0.00720016   0.00730479   0.00761509   0.00858402   0.0100346   0.0109271   0.0121298   0.0137895   0.0156179   0.0175154   0.0192393   0.0213333   0.0274266   0.0367888   0.049327   0.0661448   0.0887194   
-0.00744263   -0.00324069   -0.00920466   -0.0120871   -0.0089584   -0.00597958   -0.00346312   -0.00209492   -0.00142753   -0.000628781   4.5266e-10   0.000628762   0.00142746   0.00209477   0.00346281   0.00597895   0.00895709   0.0120849   0.00920033   0.0032392   0.00743672   0.0115927   0.0156218   0.0203311   0.022758   0.0219329   0.0191896   0.0132645   0.00307096   

850000
-10   -9   -8   -7   -6   -5   -4   -3   -2   -1   0   1   2   3   4   5   6   7   8   9   10   11   12   13   14   15   16   17   18   
-1.06103   -0.978551   -0.842684   -0.726044   -0.631669   -0.537766   -0.439603   -0.333068   -0.222066   -0.111503   -3.99737e-07   0.111503   0.222066   0.333069   0.439604   0.537769   0.631676   0.726055   0.842705   0.97856   1.06106   1.14069   1.21859   1.28422   1.31446   1.32812   1.31713   1.28629   1.23352   
0.0155849   0.0137708   0.0120951   0.0109199   0.010026   0.00858333   0.0076067   0.0072898   0.0071867   0.00711904   0.0071912   0.00711904   0.0071867   0.00728979   0.00760669   0.00858333   0.010026   0.0109199   0.0120951   0.0137705   0.0155844   0.0174729   0.01919   0.0212776   0.0274049   0.0367224   0.0493415   0.0659236   0.088448   
-0.00739316   -0.00321001   -0.00990461   -0.0120413   -0.00895649   -0.00598111   -0.0034618   -0.00209495   -0.00142068   -0.00062441   8.60173e-08   0.000624394   0.00142061   0.0020948   0.00346153   0.00598047   0.00895516   0.0120391   0.00990033   0.00320855   0.00738732   0.0115297   0.0155238   0.0202768   0.0227574   0.0219366   0.0191717   0.0133544   0.00319841   

855000
-10   -9   -8   -7   -6   -5   -4   -3   -2   -1   0   1   2   3   4   5   6   7   8   9   10   11   12   13   15   16   17   18   
-1.0614   -0.978717   -0.839533   -0.726246   -0.631671   -0.537714   -0.439595   -0.333062   -0.222095   -0.111526   -2.96867e-08   0.111526   0.222096   0.333063   0.439596   0.537717   0.631678   0.726257   0.839554   0.978726   1.06143   1.14122   1.21936   1.28495   1.32869   1.31696   1.28783   1.23517   
0.0155521   0.0137527   0.0120608   0.0109132   0.0100177   0.00858332   0.00759887   0.00727531   0.00717377   0.00710433   0.00717407   0.00710432   0.00717377   0.0072753   0.00759886   0.00858332   0.0100177   0.0109132   0.0120608   0.0137524   0.0155516   0.017431   0.0191418   0.0212232   0.0366589   0.0493607   0.0657121   0.0881614   
-0.00734472   -0.00318104   -0.0106109   -0.0119993   -0.0089543   -0.00598293   -0.00346075   -0.00209527   -0.00141414   -0.000619996   6.17396e-09   0.000619985   0.00141407   0.00209512   0.00346044   0.00598229   0.00895297   0.0119971   0.0106066   0.00317955   0.00733896   0.0114677   0.0154291   0.0202232   0.0219404   0.0191537   0.0134391   0.0033339   

860000
-10   -9   -8   -7   -5   -4   -3   -2   -1   0   1   2   3   4   5   6   7   8   9   10   11   12   13   15   16   17   18   
-1.06175   -0.978868   -0.836353   -0.726436   -0.537658   -0.439585   -0.333055   -0.222123   -0.111549   -6.9033e-09   0.111549   0.222123   0.333055   0.439587   0.537661   0.631681   0.726447   0.836373   0.978876   1.06179   1.14173   1.22012   1.28567   1.32925   1.31675   1.28931   1.23682   
0.01552   0.0137359   0.0120273   0.0109074   0.0085842   0.00759165   0.00726129   0.00716139   0.00709006   0.00715734   0.00709006   0.00716139   0.00726128   0.00759164   0.0085842   0.0100098   0.0109074   0.0120272   0.0137356   0.0155195   0.0173898   0.0190947   0.0211707   0.0365985   0.049392   0.0655075   0.0878913   
-0.00729721   -0.00315409   -0.0113236   -0.0119592   -0.00598533   -0.0034599   -0.00209589   -0.00140796   -0.000615559   1.50661e-09   0.000615545   0.00140789   0.00209574   0.00345961   0.00598469   0.00895047   0.0119569   0.0113194   0.0031527   0.00729149   0.0114064   0.0153373   0.0201699   0.0219421   0.0191291   0.0135205   0.00346037   

865000
-10   -9   -8   -7   -6   -4   -3   -2   -1   0   1   2   3   4   5   6   7   8   9   10   11   12   13   15   16   17   18   
-1.06211   -0.978997   -0.833584   -0.726617   -0.631732   -0.439573   -0.333045   -0.22215   -0.111573   -2.57592e-07   0.111573   0.222151   0.333046   0.439574   0.537608   0.631738   0.726627   0.833604   0.979005   1.06214   1.14223   1.22084   1.28636   1.32978   1.31646   1.29074   1.23849   
0.0154885   0.0137209   0.0119966   0.0109024   0.00999743   0.00758518   0.00724773   0.00714954   0.00707623   0.00714097   0.00707623   0.00714954   0.00724772   0.00758517   0.00858532   0.00999741   0.0109024   0.0119966   0.0137206   0.015488   0.0173491   0.0190488   0.0211199   0.0365409   0.0494276   0.0653109   0.0876375   
-0.00725047   -0.00313026   -0.011945   -0.0119206   -0.00894227   -0.00345944   -0.00209681   -0.00140194   -0.000611108   5.58677e-08   0.000611093   0.00140187   0.00209666   0.00345913   0.00598675   0.00894093   0.0119184   0.0119409   0.00312887   0.00724482   0.0113459   0.015249   0.0201175   0.0219437   0.0191049   0.0135974   0.00357882   

870000
-10   -9   -8   -7   -6   -4   -3   -2   -1   0   1   2   3   4   5   6   7   8   9   10   11   12   13   15   17   18   
-1.06245   -0.979108   -0.831136   -0.726786   -0.631791   -0.439559   -0.333061   -0.222177   -0.111596   -1.55499e-08   0.111597   0.222177   0.333062   0.43956   0.537596   0.631797   0.726797   0.831156   0.979117   1.06248   1.14273   1.22155   1.28703   1.33028   1.29212   1.24008   
0.0154576   0.0137073   0.0119683   0.0108983   0.00998531   0.00757934   0.0072331   0.00713817   0.00706285   0.00712496   0.00706285   0.00713816   0.0072331   0.00757934   0.0085816   0.00998529   0.0108983   0.0119683   0.013707   0.015457   0.017309   0.0190038   0.0210707   0.0364849   0.0651227   0.0873781   
-0.00720448   -0.00310887   -0.0124954   -0.0118837   -0.00893234   -0.00345913   -0.00209322   -0.00139601   -0.000606647   3.34252e-09   0.000606625   0.00139594   0.00209307   0.00345888   0.00598402   0.00893101   0.0118815   0.0124913   0.0031075   0.00719901   0.0112862   0.0151638   0.0200661   0.0219462   0.0136699   0.00369948   

875000
-10   -9   -8   -7   -6   -5   -4   -3   -1   0   1   3   4   5   6   7   8   9   10   11   12   13   14   15   16   17   18   
-1.06279   -0.979203   -0.828799   -0.726946   -0.631849   -0.537561   -0.439541   -0.333088   -0.11162   -1.36698e-08   0.11162   0.333089   0.439543   0.537564   0.631855   0.726957   0.828819   0.979211   1.06282   1.14322   1.22222   1.28768   1.31589   1.33078   1.31692   1.29346   1.24169   
0.015427   0.0136951   0.0119414   0.0108949   0.0099737   0.00857758   0.00757404   0.00721812   0.00704992   0.00710928   0.00704991   0.00721811   0.00757403   0.00857758   0.00997369   0.0108949   0.0119414   0.0136949   0.0154266   0.0172694   0.0189601   0.0210233   0.0272451   0.0364316   0.0493811   0.0649382   0.0871298   
-0.00715947   -0.00309001   -0.0130208   -0.0118485   -0.00892246   -0.00598604   -0.00345926   -0.00208757   -0.000602165   2.9773e-09   0.000602152   0.00208742   0.00345896   0.0059854   0.00892112   0.0118463   0.0130167   0.00308866   0.00715386   0.0112271   0.0150824   0.0200159   0.0227532   0.0219471   0.019094   0.0137408   0.00381387   

880000
-10   -9   -8   -7   -6   -5   -4   -3   -2   -1   0   1   2   3   4   5   6   7   8   9   10   11   12   13   15   16   17   18   
-1.06312   -0.979279   -0.826716   -0.727093   -0.631905   -0.537523   -0.439522   -0.333113   -0.222191   -0.111644   -5.13649e-09   0.111644   0.222191   0.333114   0.439523   0.537526   0.631911   0.727104   0.826736   0.979286   1.06315   1.1437   1.22287   1.2883   1.33125   1.31831   1.29478   1.24323   
0.0153971   0.0136844   0.0119167   0.0108926   0.00996258   0.00857432   0.00756924   0.00720352   0.00711328   0.00703745   0.00709392   0.00703745   0.00711328   0.00720352   0.00756923   0.00857432   0.00996257   0.0108926   0.0119167   0.0136842   0.0153967   0.0172303   0.0189176   0.0209782   0.0363796   0.0492172   0.0647585   0.0868812   
-0.00711497   -0.00307379   -0.0134896   -0.0118152   -0.00891258   -0.00598811   -0.00345968   -0.00208229   -0.00139185   -0.000597666   1.14956e-09   0.000597653   0.00139179   0.00208214   0.00345938   0.00598747   0.00891132   0.011813   0.0134856   0.0030725   0.00710939   0.0111686   0.0150045   0.0199675   0.0219485   0.0191364   0.0138093   0.00392867   

885000
-10   -9   -8   -7   -6   -5   -4   -3   -2   -1   0   1   2   3   4   5   6   7   8   9   10   11   12   13   14   15   16   17   18   
-1.06345   -0.979336   -0.824888   -0.727255   -0.63196   -0.537482   -0.4395   -0.333136   -0.222175   -0.111669   4.36833e-08   0.111669   0.222175   0.333137   0.439502   0.537485   0.631967   0.727266   0.824907   0.979344   1.06348   1.14418   1.22349   1.28889   1.31661   1.33171   1.31967   1.29607   1.24476   
0.0153676   0.0136752   0.0118943   0.0108889   0.00995192   0.0085716   0.0075649   0.00718932   0.00709941   0.00702548   0.00707887   0.00702548   0.00709941   0.00718931   0.00756489   0.0085716   0.00995191   0.0108889   0.0118942   0.013675   0.0153672   0.0171916   0.0188761   0.0209351   0.0271665   0.0363299   0.0490587   0.0645829   0.0866472   
-0.00707102   -0.00306027   -0.0139014   -0.0117808   -0.00890272   -0.00599053   -0.00346039   -0.00207739   -0.00139418   -0.000593132   -9.61676e-09   0.000593117   0.00139413   0.00207724   0.00346008   0.00598986   0.00890138   0.0117786   0.0138975   0.00305896   0.00706554   0.0111105   0.0149301   0.0199209   0.0227516   0.0219491   0.0191766   0.0138755   0.00403533   

890000
-10   -9   -8   -7   -6   -5   -4   -3   -2   -1   0   1   2   3   4   5   6   7   8   9   10   11   12   13   14   15   16   17   18   
-1.06377   -0.979375   -0.823233   -0.727434   -0.632014   -0.537438   -0.439516   -0.333157   -0.222159   -0.111693   7.04155e-08   0.111694   0.222159   0.333157   0.439518   0.537441   0.632021   0.727445   0.823252   0.979383   1.0638   1.14465   1.22408   1.28945   1.31695   1.33214   1.32098   1.29735   1.24628   
0.0153387   0.0136675   0.0118738   0.0108835   0.00994172   0.00856943   0.00755807   0.00717547   0.00708592   0.00701403   0.00706416   0.00701403   0.00708592   0.00717546   0.00755807   0.00856943   0.00994171   0.0108835   0.0118737   0.0136673   0.0153383   0.0171535   0.0188359   0.0208938   0.0271294   0.0362815   0.0489042   0.06441   0.0864102   
-0.00702773   -0.00304947   -0.014274   -0.0117447   -0.00889286   -0.00599321   -0.00345517   -0.00207281   -0.00139653   -0.000588544   -1.55048e-08   0.000588527   0.00139648   0.00207269   0.00345487   0.00599258   0.00889153   0.0117425   0.0142703   0.00304816   0.00702235   0.0110535   0.0148593   0.0198758   0.0227499   0.0219502   0.0192161   0.0139407   0.00414351   

895000
-10   -9   -8   -7   -6   -5   -4   -3   -2   -1   0   1   2   3   4   5   6   7   8   9   10   11   12   13   14   15   16   17   18   
-1.06408   -0.979396   -0.822084   -0.727596   -0.632067   -0.537391   -0.439554   -0.333176   -0.222142   -0.111719   1.64807e-07   0.111719   0.222142   0.333177   0.439555   0.537394   0.632073   0.727606   0.822103   0.979404   1.06411   1.14512   1.22465   1.29009   1.31729   1.33256   1.32225   1.29859   1.24778   
0.0153102   0.0136613   0.0118564   0.0108785   0.00993198   0.00856788   0.00755001   0.00716198   0.00707279   0.00700309   0.0070498   0.00700309   0.00707279   0.00716198   0.00755   0.00856788   0.00993197   0.0108785   0.0118563   0.013661   0.0153097   0.0171158   0.0187968   0.0208475   0.0270932   0.0362358   0.0487559   0.0642396   0.0861706   
-0.0069849   -0.00304146   -0.0145337   -0.0117119   -0.00888302   -0.00599627   -0.00344664   -0.00206854   -0.00139889   -0.000583936   -3.62467e-08   0.000583921   0.00139889   0.0020684   0.00344633   0.00599563   0.00888171   0.0117097   0.01453   0.00304012   0.00697957   0.0109969   0.0147921   0.0198265   0.0227482   0.0219502   0.0192526   0.0140048   0.00425342   

900000
-10   -9   -8   -7   -6   -5   -4   -3   -2   -1   0   1   2   3   4   5   6   7   8   9   10   11   12   13   14   15   16   17   18   
-1.06439   -0.979397   -0.820938   -0.727699   -0.632119   -0.537338   -0.439588   -0.333193   -0.222124   -0.111744   3.31989e-10   0.111744   0.222125   0.333194   0.43959   0.537341   0.632125   0.727709   0.820957   0.979405   1.06442   1.14558   1.22519   1.29072   1.31761   1.33296   1.32348   1.29983   1.24926   
0.015282   0.0136566   0.0118402   0.0108718   0.00992269   0.00856723   0.00754247   0.00714885   0.00706002   0.00699268   0.00703585   0.00699268   0.00706002   0.00714884   0.00754246   0.00856723   0.00992268   0.0108718   0.0118401   0.0136564   0.0152815   0.0170785   0.0187591   0.0208023   0.0270579   0.0361912   0.048612   0.0640702   0.0859403   
-0.00694261   -0.00303635   -0.014792   -0.0116915   -0.00887318   -0.00600017   -0.00343856   -0.00206456   -0.00140141   -0.000579323   -5.89992e-11   0.000579307   0.00140141   0.00206442   0.00343825   0.00599954   0.0088719   0.0116893   0.0147882   0.0030351   0.0069374   0.0109408   0.0147286   0.0197774   0.0227468   0.0219513   0.0192876   0.0140689   0.00435813   

905000
-10   -9   -8   -7   -6   -5   -4   -3   -2   -1   0   1   2   3   4   5   6   7   8   9   10   11   12   13   14   15   16   17   18   
-1.0647   -0.97966   -0.819332   -0.727796   -0.632169   -0.537279   -0.43962   -0.333209   -0.222106   -0.111769   1.9395e-09   0.111769   0.222106   0.33321   0.439621   0.537282   0.632176   0.727807   0.819352   0.979668   1.06473   1.14603   1.22569   1.29133   1.31793   1.33335   1.32468   1.30106   1.25071   
0.0152542   0.013632   0.0118249   0.0108657   0.00991387   0.00856726   0.00753546   0.00713607   0.00704758   0.00698285   0.0070224   0.00698285   0.00704758   0.00713607   0.00753545   0.00856726   0.00991385   0.0108657   0.0118249   0.0136317   0.0152538   0.0170417   0.0187231   0.0207581   0.0270237   0.0361495   0.0484726   0.0639067   0.0857111   
-0.00690098   -0.00299664   -0.0151507   -0.0116718   -0.00886352   -0.00600461   -0.0034309   -0.00206082   -0.00140407   -0.000574771   -4.15535e-10   0.000574753   0.00140399   0.00206068   0.00343059   0.00600398   0.00886222   0.0116696   0.0151466   0.00299533   0.0068957   0.0108852   0.0146696   0.0197288   0.0227455   0.0219509   0.0193209   0.014129   0.00446244   

910000
-10   -9   -8   -7   -6   -4   -3   -2   -1   0   1   2   3   4   5   6   7   8   9   10   11   12   13   14   15   16   17   18   
-1.065   -0.979965   -0.817345   -0.727887   -0.632218   -0.439648   -0.333224   -0.222087   -0.111794   1.33286e-08   0.111795   0.222088   0.333224   0.43965   0.537222   0.632224   0.727898   0.817365   0.979974   1.06503   1.14648   1.22617   1.29193   1.31823   1.33372   1.32584   1.30225   1.25215   
0.0152268   0.0136041   0.0118134   0.0108602   0.00990551   0.00752896   0.00712367   0.00703548   0.0069736   0.00700958   0.0069736   0.00703547   0.00712366   0.00752895   0.00856779   0.00990549   0.0108602   0.0118134   0.0136037   0.0152264   0.0170053   0.0186884   0.0207151   0.0269906   0.0361095   0.0483393   0.063742   0.0854837   
-0.00685971   -0.0029511   -0.0155912   -0.0116529   -0.00885397   -0.00342365   -0.0020573   -0.00140674   -0.000570258   -2.79867e-09   0.000570236   0.00140668   0.00205717   0.00342335   0.00600872   0.00885265   0.0116507   0.0155872   0.00294967   0.00685446   0.0108301   0.0146141   0.01968   0.0227442   0.0219504   0.0193509   0.0141907   0.00456573   

915000
-10   -9   -8   -7   -6   -5   -4   -3   -2   -1   0   1   2   3   4   5   6   7   8   9   10   11   12   13   14   15   16   17   18   
-1.0653   -0.98026   -0.815909   -0.727974   -0.632241   -0.537219   -0.439674   -0.333237   -0.222068   -0.11182   2.20657e-08   0.11182   0.222068   0.333238   0.439675   0.537222   0.632248   0.727985   0.815929   0.980268   1.06533   1.14692   1.22662   1.29252   1.31851   1.33406   1.32696   1.30343   1.25359   
0.0151997   0.013577   0.0118058   0.0108554   0.00989598   0.0085632   0.00752297   0.00711167   0.00702374   0.00696495   0.00699743   0.00696494   0.00702374   0.00711166   0.00752296   0.0085632   0.00989597   0.0108554   0.0118058   0.0135767   0.0151993   0.0169693   0.0186551   0.0206726   0.0269587   0.0360708   0.0482117   0.0635832   0.0852618   
-0.00681895   -0.00290693   -0.0159085   -0.0116344   -0.00884946   -0.00600591   -0.00341683   -0.00205392   -0.00140958   -0.000565778   -4.72083e-09   0.000565766   0.00140952   0.00205375   0.00341652   0.00600528   0.00884816   0.0116323   0.0159046   0.0029056   0.00681372   0.0107756   0.0145621   0.0196325   0.0227431   0.021951   0.0193785   0.0142488   0.0046659   

920000
-10   -9   -8   -7   -6   -5   -4   -3   -2   0   2   3   4   5   6   7   8   9   10   11   12   13   14   15   16   17   18   
-1.06559   -0.980543   -0.814944   -0.728057   -0.632243   -0.537218   -0.439697   -0.33325   -0.222047   -5.71954e-08   0.222048   0.333251   0.439698   0.537221   0.632249   0.728067   0.814964   0.980551   1.06562   1.14735   1.22704   1.2931   1.31879   1.33439   1.32804   1.30456   1.255   
0.015173   0.0135509   0.0118005   0.010851   0.00988547   0.00855891   0.0075175   0.00710014   0.00701234   0.00698568   0.00701234   0.00710014   0.00751749   0.00855891   0.00988546   0.0108511   0.0118005   0.0135506   0.0151726   0.0169338   0.0186231   0.0206315   0.0269283   0.036036   0.0480851   0.0634222   0.0850411   
-0.00677855   -0.00286428   -0.0161216   -0.0116165   -0.00884938   -0.00600253   -0.00341042   -0.00205068   -0.00141252   1.23522e-08   0.00141246   0.00205049   0.00341011   0.00600189   0.00884807   0.0116144   0.0161176   0.00286301   0.00677338   0.0107218   0.0145136   0.0195847   0.0227414   0.0219491   0.0194072   0.0143094   0.00476544   

925000
-10   -9   -8   -7   -6   -5   -4   -3   -2   -1   0   1   2   3   4   5   6   7   8   9   10   11   12   13   14   15   16   17   18   
-1.06588   -0.980816   -0.814333   -0.728134   -0.632245   -0.537213   -0.439717   -0.333261   -0.222026   -0.111838   -4.45357e-08   0.111838   0.222026   0.333262   0.439719   0.537216   0.632251   0.728145   0.814352   0.980824   1.06591   1.14778   1.22744   1.29366   1.31906   1.33469   1.3291   1.30572   1.25638   
0.0151467   0.0135256   0.0117961   0.0108473   0.00987544   0.00855536   0.00751258   0.00708909   0.00700128   0.00694593   0.00697435   0.00694593   0.00700128   0.00708908   0.00751257   0.00855536   0.00987543   0.0108473   0.0117961   0.0135253   0.0151463   0.0168986   0.0185926   0.0205913   0.026899   0.0360017   0.0479621   0.0632732   0.0848244   
-0.00673862   -0.0028229   -0.0162568   -0.0115992   -0.00884901   -0.0059997   -0.00340437   -0.00204761   -0.00141555   -0.000562891   9.74034e-09   0.000562873   0.00141548   0.00204745   0.00340407   0.00599907   0.0088477   0.011597   0.0162528   0.00282165   0.00673347   0.0106683   0.0144684   0.0195374   0.0227392   0.0219498   0.0194343   0.0143617   0.00486276   

930000
-10   -9   -8   -7   -6   -5   -4   -3   -2   -1   0   1   2   3   4   5   6   7   8   9   10   11   12   13   14   15   16   17   18   
-1.06617   -0.98108   -0.813926   -0.728208   -0.632248   -0.537202   -0.439733   -0.333271   -0.222005   -0.111808   -3.06536e-08   0.111808   0.222005   0.333272   0.439735   0.537205   0.632254   0.728219   0.813945   0.981088   1.0662   1.1482   1.22781   1.29422   1.31932   1.33497   1.33013   1.30685   1.25773   
0.0151206   0.013501   0.011793   0.0108441   0.00986586   0.00855255   0.00750831   0.00707838   0.00699056   0.00693305   0.00696345   0.00693304   0.00699056   0.00707838   0.0075083   0.00855255   0.00986586   0.0108442   0.011793   0.0135007   0.0151202   0.0168643   0.0185635   0.020552   0.026871   0.0359716   0.0478411   0.0631272   0.0846135   
-0.00669902   -0.00278273   -0.0163465   -0.0115823   -0.0088484   -0.0059975   -0.00339896   -0.00204487   -0.00141863   -0.000568395   6.68051e-09   0.000568376   0.00141857   0.00204473   0.00339865   0.00599685   0.0088471   0.0115801   0.0163426   0.0027813   0.00669393   0.0106163   0.0144257   0.0194909   0.0227372   0.021948   0.0194613   0.014412   0.00495702   

935000
-10   -9   -8   -7   -6   -5   -4   -3   -2   -1   0   1   2   3   4   5   6   8   9   10   11   12   13   14   15   16   17   18   
-1.06645   -0.981336   -0.813693   -0.728279   -0.632251   -0.537187   -0.439746   -0.333279   -0.221983   -0.1118   -1.74445e-08   0.1118   0.221983   0.333279   0.439748   0.53719   0.632257   0.813712   0.981345   1.06648   1.14861   1.22828   1.29475   1.31956   1.33522   1.33117   1.30794   1.25905   
0.015095   0.0134771   0.0117899   0.0108415   0.00985668   0.00855046   0.0075046   0.00706804   0.00698019   0.00691918   0.00695305   0.00691918   0.00698019   0.00706804   0.00750459   0.00855046   0.00985667   0.0117899   0.0134768   0.0150945   0.0168308   0.0185281   0.0205137   0.0268439   0.0359437   0.0477256   0.06298   0.0844114   
-0.00666007   -0.00274344   -0.0163983   -0.0115658   -0.00884751   -0.00599587   -0.00339404   -0.00204244   -0.00142175   -0.000569689   3.78251e-09   0.000569676   0.00142169   0.0020423   0.00339373   0.00599524   0.00884621   0.0163943   0.00274211   0.00665481   0.0105653   0.0143726   0.0194449   0.0227357   0.0219467   0.0194843   0.0144639   0.00504587   

940000
-10   -9   -8   -7   -6   -5   -4   -3   -2   -1   0   1   2   3   4   5   6   7   8   9   10   11   12   13   14   15   16   17   18   
-1.06673   -0.981585   -0.813573   -0.728358   -0.632254   -0.537167   -0.439756   -0.333284   -0.221961   -0.111815   -9.35968e-09   0.111815   0.221961   0.333285   0.439758   0.53717   0.632261   0.728368   0.813592   0.981593   1.06676   1.14901   1.22893   1.29528   1.31979   1.33545   1.33217   1.30902   1.26036   
0.0150697   0.0134539   0.0117869   0.0108383   0.00984785   0.00854908   0.00750145   0.00705806   0.00697018   0.00690425   0.0069431   0.00690425   0.00697018   0.00705806   0.00750144   0.00854908   0.00984784   0.0108383   0.0117869   0.0134535   0.0150691   0.016798   0.018482   0.0204765   0.026818   0.0359189   0.0476101   0.0628328   0.0842077   
-0.00662082   -0.00270528   -0.0164253   -0.0115485   -0.00884633   -0.00599487   -0.00338961   -0.00204031   -0.00142485   -0.000566759   2.00554e-09   0.00056673   0.00142478   0.00204019   0.00338931   0.00599423   0.00884504   0.0115464   0.0164214   0.00270394   0.006616   0.0105156   0.0143019   0.0193994   0.0227339   0.0219452   0.0195089   0.0145163   0.00513573   

945000
-10   -9   -8   -7   -6   -5   -4   -3   -2   -1   0   1   2   3   4   5   6   7   8   9   10   11   12   13   14   15   16   17   18   
-1.06701   -0.981827   -0.81352   -0.728444   -0.632259   -0.537137   -0.439763   -0.333288   -0.221939   -0.111829   -1.79916e-09   0.11183   0.221939   0.333289   0.439764   0.53714   0.632265   0.728454   0.81354   0.981835   1.06703   1.14939   1.22956   1.29579   1.32001   1.33562   1.33315   1.31011   1.26168   
0.0150445   0.0134311   0.0117845   0.0108346   0.00983942   0.00854875   0.00749885   0.00704846   0.00696056   0.00688971   0.00693361   0.0068897   0.00696055   0.00704846   0.00749884   0.00854876   0.00983942   0.0108346   0.0117845   0.0134308   0.015044   0.0167662   0.018437   0.0204404   0.026793   0.0358993   0.0474969   0.0626908   0.0840138   
-0.00658261   -0.00266779   -0.0164374   -0.0115304   -0.00884492   -0.00599506   -0.0033857   -0.0020385   -0.00142783   -0.000563901   3.48685e-10   0.000563886   0.00142778   0.00203836   0.0033854   0.0059944   0.00884363   0.0115283   0.0164335   0.00266659   0.00657767   0.0104672   0.0142328   0.019355   0.0227326   0.0219428   0.0195327   0.014565   0.00522038   

950000
-10   -9   -8   -7   -6   -5   -3   -2   -1   0   1   2   3   5   6   7   8   9   10   11   12   13   14   15   16   17   18   
-1.06728   -0.982063   -0.813546   -0.728529   -0.632262   -0.537102   -0.33329   -0.221918   -0.111844   6.59252e-09   0.111844   0.221918   0.333291   0.537105   0.632268   0.728539   0.813566   0.98207   1.0673   1.14976   1.23017   1.29628   1.32023   1.33577   1.33412   1.31119   1.26294   
0.0150197   0.0134089   0.0117802   0.0108312   0.00983152   0.00854921   0.00703924   0.00695132   0.00687553   0.0069246   0.00687553   0.00695131   0.00703923   0.00854921   0.00983151   0.0108312   0.0117802   0.0134086   0.0150192   0.0167356   0.0183931   0.0204056   0.0267694   0.0358829   0.0473869   0.0625482   0.0838076   
-0.00654458   -0.00263114   -0.0164332   -0.0115125   -0.00884353   -0.00599594   -0.00203701   -0.00143071   -0.000561112   -1.47805e-09   0.000561099   0.00143065   0.00203684   0.00599532   0.00884226   0.0115104   0.0164293   0.00263   0.0065397   0.0104206   0.0141653   0.0193112   0.0227302   0.02194   0.0195547   0.0146147   0.00531202   

955000
-10   -9   -8   -7   -6   -5   -4   -3   -2   -1   0   1   2   3   4   5   6   7   8   9   10   11   12   13   14   15   16   17   18   
-1.06755   -0.982293   -0.813596   -0.728613   -0.632263   -0.537062   -0.439725   -0.333289   -0.221896   -0.111857   1.54213e-08   0.111857   0.221896   0.33329   0.439726   0.537065   0.63227   0.728623   0.813617   0.9823   1.06757   1.15012   1.23076   1.29676   1.32042   1.33589   1.33508   1.31224   1.26422   
0.0149952   0.0133872   0.0117773   0.010828   0.00982409   0.00855038   0.0074912   0.00703047   0.00694241   0.00686173   0.00691609   0.00686173   0.0069424   0.00703046   0.0074912   0.00855038   0.00982408   0.010828   0.0117774   0.0133869   0.0149948   0.0167055   0.0183501   0.0203716   0.0267476   0.0358696   0.0472777   0.0624049   0.0836128   
-0.00650709   -0.00259524   -0.0164232   -0.0114948   -0.00884217   -0.00599748   -0.0033873   -0.00203594   -0.00143366   -0.000558419   -3.38865e-09   0.000558406   0.0014336   0.00203579   0.00338711   0.00599685   0.00884089   0.0114927   0.0164189   0.00259413   0.00650222   0.0103748   0.0140993   0.0192687   0.022729   0.0219368   0.0195767   0.0146652   0.00539756   

960000
-10   -9   -8   -7   -5   -2   -1   0   1   2   3   5   7   8   9   10   11   12   13   14   15   16   17   18   
-1.06781   -0.982518   -0.813672   -0.728695   -0.537056   -0.221874   -0.11187   2.54669e-08   0.11187   0.221874   0.333287   0.537059   0.728705   0.813693   0.982526   1.06784   1.15047   1.23134   1.29722   1.3206   1.33598   1.33601   1.3133   1.26545   
0.0149713   0.0133659   0.0117741   0.0108251   0.00854875   0.00693384   0.00684826   0.00690809   0.00684826   0.00693383   0.00702208   0.00854875   0.0108252   0.0117741   0.0133656   0.0149707   0.0166762   0.018308   0.0203389   0.0267273   0.0358599   0.047169   0.0622652   0.0834215   
-0.00646994   -0.00256003   -0.0164076   -0.0114773   -0.00599442   -0.00143666   -0.000555798   -5.55327e-09   0.00055582   0.0014366   0.00203501   0.00599378   0.0114753   0.0164034   0.00255882   0.00646513   0.0103304   0.0140346   0.0192268   0.0227273   0.0219329   0.0195997   0.0147135   0.0054815   

965000
-10   -9   -7   -6   -5   -4   -3   -2   -1   0   1   2   3   4   5   6   7   9   10   11   12   13   14   15   16   17   18   
-1.06807   -0.982737   -0.728752   -0.63231   -0.537069   -0.439649   -0.333317   -0.221851   -0.111883   3.77424e-08   0.111883   0.221851   0.333317   0.43965   0.537072   0.632316   0.728763   0.982745   1.06809   1.15082   1.23191   1.29767   1.32077   1.33604   1.33693   1.31434   1.26665   
0.0149476   0.0133451   0.0108212   0.00980648   0.00854576   0.00747523   0.00701217   0.00692563   0.00683512   0.00690062   0.00683511   0.00692563   0.00701216   0.00747521   0.00854575   0.00980647   0.0108212   0.0133448   0.0149471   0.0166474   0.0182667   0.0203073   0.0267072   0.0358534   0.0470661   0.0621255   0.0832454   
-0.00643355   -0.00252556   -0.011465   -0.00883347   -0.0059888   -0.00339726   -0.00202868   -0.00143974   -0.00055337   -8.19218e-09   0.000553353   0.00143969   0.00202854   0.00339701   0.00598813   0.00883221   0.0114629   0.00252437   0.00642883   0.0102865   0.0139711   0.0191861   0.0227269   0.0219289   0.0196191   0.0147622   0.00555708   

970000
-10   -9   -7   -6   -5   -4   -3   -2   -1   0   1   2   3   4   6   7   9   10   11   12   13   14   15   16   17   18   
-1.06832   -0.982953   -0.728772   -0.63236   -0.537076   -0.43964   -0.333345   -0.221878   -0.111894   5.51974e-08   0.111894   0.221878   0.333346   0.439641   0.632367   0.728782   0.98296   1.06835   1.15115   1.23247   1.29809   1.32093   1.33608   1.33782   1.31538   1.26773   
0.0149245   0.0133246   0.0108151   0.00979571   0.00854349   0.00746558   0.00700261   0.00691375   0.00682229   0.0068937   0.00682228   0.00691375   0.0070026   0.00746558   0.00979569   0.0108152   0.0133243   0.014924   0.0166196   0.0182262   0.0202769   0.0266901   0.0358495   0.0469639   0.0619874   0.0830785   
-0.00639806   -0.00249151   -0.0114609   -0.00882531   -0.00598387   -0.00339784   -0.00202247   -0.00143395   -0.000551068   -1.19403e-08   0.000551048   0.00143389   0.00202233   0.00339754   0.00882402   0.0114587   0.00249042   0.00639334   0.0102443   0.0139089   0.0191464   0.0227246   0.0219245   0.019639   0.0148102   0.00562837   

975000
-10   -9   -8   -7   -6   -4   -3   -2   -1   0   1   2   3   4   6   7   8   9   10   11   12   13   15   16   17   18   
-1.06856   -0.983165   -0.814017   -0.728792   -0.632411   -0.439628   -0.333372   -0.221923   -0.111905   2.52482e-08   0.111905   0.221923   0.333373   0.439629   0.632417   0.728802   0.814037   0.983172   1.06859   1.15147   1.23302   1.2985   1.33609   1.3387   1.31641   1.26876   
0.0149018   0.0133044   0.0117633   0.0108095   0.00978534   0.00745642   0.00699339   0.0069008   0.00680977   0.00688578   0.00680977   0.0069008   0.00699339   0.00745641   0.00978532   0.0108095   0.0117632   0.0133041   0.0149015   0.0165923   0.0181864   0.0202477   0.0358487   0.0468643   0.0618534   0.0829248   
-0.0063634   -0.00245794   -0.0163367   -0.0114565   -0.00881704   -0.00339872   -0.00201652   -0.00142513   -0.000548962   -3.17252e-09   0.00054897   0.00142506   0.00201638   0.00339842   0.0088158   0.0114543   0.0163327   0.00245681   0.00635859   0.0102028   0.0138477   0.019108   0.0219186   0.0196573   0.0148555   0.00569277   

980000
-10   -9   -8   -7   -6   -5   -4   -3   -2   -1   0   1   2   3   4   5   6   7   8   9   10   11   12   13   16   17   18   
-1.0688   -0.983374   -0.814232   -0.728813   -0.63246   -0.537041   -0.439614   -0.333398   -0.221967   -0.111914   -1.91282e-09   0.111914   0.221967   0.333398   0.439615   0.537044   0.632466   0.728823   0.814251   0.98338   1.06883   1.15178   1.23355   1.2989   1.33957   1.31742   1.2697   
0.0148802   0.0132846   0.0117538   0.0108041   0.00977535   0.00853908   0.00744771   0.00698452   0.00688819   0.00679758   0.00686869   0.00679757   0.00688818   0.00698451   0.00744771   0.00853908   0.00977533   0.0108041   0.0117538   0.0132843   0.0148796   0.0165658   0.0181473   0.0202197   0.0467674   0.0617191   0.0827813   
-0.00632945   -0.00242486   -0.016298   -0.0114518   -0.0088088   -0.00598322   -0.0033999   -0.00201083   -0.00141643   -0.000547096   4.1514e-10   0.000547104   0.00141637   0.00201069   0.00339961   0.0059826   0.00880752   0.0114496   0.0162941   0.00242377   0.0063248   0.0101626   0.0137875   0.0190708   0.019674   0.0149016   0.0057519   

985000
-10   -9   -8   -7   -6   -5   -4   -3   -2   -1   0   1   2   3   4   5   6   7   8   9   10   11   12   13   14   16   17   18   
-1.06903   -0.983577   -0.814464   -0.728833   -0.632509   -0.536998   -0.439598   -0.333422   -0.22201   -0.111923   3.60297e-09   0.111922   0.22201   0.333423   0.439599   0.537001   0.632515   0.728843   0.814484   0.983584   1.06906   1.15209   1.23408   1.29928   1.32133   1.34042   1.31842   1.27057   
0.0148587   0.0132652   0.0117456   0.0107991   0.00976576   0.00853692   0.00743944   0.00697598   0.00687591   0.00678565   0.00685213   0.00678564   0.0068759   0.00697597   0.00743943   0.00853691   0.00976574   0.0107992   0.0117456   0.0132649   0.0148583   0.0165399   0.0181088   0.0201929   0.026642   0.0466719   0.0615899   0.0826406   
-0.00629669   -0.00239239   -0.0162547   -0.0114469   -0.00880044   -0.00598738   -0.00340138   -0.00200539   -0.00140785   -0.000545325   -7.8437e-10   0.000545334   0.00140779   0.00200524   0.00340108   0.00598678   0.00879916   0.0114448   0.0162508   0.0023913   0.00629206   0.0101233   0.0137282   0.0190349   0.0227233   0.0196903   0.0149445   0.00581017   

990000
-10   -9   -8   -7   -6   -5   -4   -3   -2   -1   0   1   2   4   5   6   7   8   9   10   11   12   13   14   15   16   17   18   
-1.06925   -0.983778   -0.814684   -0.728854   -0.632558   -0.536948   -0.439579   -0.333444   -0.222053   -0.111931   3.56134e-09   0.111931   0.222053   0.439581   0.536951   0.632564   0.728864   0.814704   0.983785   1.06928   1.15239   1.2346   1.29964   1.3217   1.33679   1.34125   1.31938   1.27142   
0.014838   0.013246   0.0117369   0.0107945   0.00975653   0.00853566   0.00743159   0.00696786   0.00686394   0.00677396   0.00683604   0.00677396   0.00686394   0.00743159   0.00853566   0.00975651   0.0107945   0.0117369   0.0132457   0.0148376   0.0165146   0.0180709   0.0201671   0.0266022   0.0357753   0.0465758   0.0614616   0.0825211   
-0.00626454   -0.00236032   -0.0162143   -0.011442   -0.00879202   -0.0059925   -0.00340315   -0.00200032   -0.00139939   -0.000543607   -7.75805e-10   0.000543602   0.00139933   0.00340286   0.00599189   0.00879075   0.0114398   0.0162104   0.00235923   0.00625998   0.0100848   0.0136698   0.0190004   0.0227225   0.021913   0.0197084   0.0149882   0.00585666   

995000
-10   -9   -8   -7   -6   -5   -4   -3   -2   -1   0   1   2   3   4   5   6   7   8   9   10   11   12   13   14   15   16   17   18   
-1.06947   -0.983975   -0.814915   -0.72887   -0.632605   -0.536891   -0.439558   -0.333433   -0.222095   -0.111939   -2.5792e-09   0.111939   0.222095   0.333434   0.43956   0.536894   0.632611   0.728881   0.814934   0.983981   1.0695   1.15267   1.2351   1.29997   1.32215   1.33764   1.34209   1.3203   1.27218   
0.0148176   0.0132272   0.0117289   0.0107906   0.00974773   0.00853524   0.00742421   0.00695752   0.0068523   0.00676254   0.00682036   0.00676253   0.00685229   0.00695752   0.0074242   0.00853524   0.00974772   0.0107906   0.0117288   0.0132269   0.0148172   0.0164903   0.0180336   0.0201434   0.0265576   0.0356832   0.0464828   0.0613402   0.0824027   
-0.00623306   -0.00232878   -0.0161713   -0.0114374   -0.00878366   -0.0059985   -0.00340534   -0.00200152   -0.001391   -0.00054192   5.61313e-10   0.000541913   0.00139094   0.00200138   0.00340504   0.00599784   0.00878239   0.0114352   0.0161674   0.00232781   0.00622848   0.0100479   0.0136122   0.0189683   0.0227193   0.0219223   0.0197239   0.0150282   0.0059028   

1000000
-10   -9   -8   -7   -6   -5   -4   -3   -2   -1   0   1   2   3   4   5   6   8   9   10   11   12   13   14   15   16   17   18   
-1.06969   -0.984167   -0.815157   -0.728887   -0.632651   -0.536829   -0.439534   -0.333409   -0.222137   -0.111947   -2.33193e-09   0.111947   0.222137   0.33341   0.439535   0.536832   0.632657   0.815177   0.984174   1.06971   1.15294   1.2356   1.30029   1.32257   1.33847   1.3429   1.32118   1.2729   
0.0147979   0.0132088   0.0117214   0.0107869   0.00973929   0.00853553   0.0074173   0.00694661   0.00684098   0.00675136   0.00680506   0.00675136   0.00684097   0.0069466   0.0074173   0.00853553   0.00973927   0.0117213   0.0132085   0.0147972   0.0164666   0.0179969   0.0201206   0.0265139   0.0355939   0.0463894   0.0612251   0.0822993   
-0.00620206   -0.00229778   -0.0161252   -0.0114327   -0.00877526   -0.00600512   -0.00340798   -0.00200511   -0.00138265   -0.000540244   5.07928e-10   0.000540234   0.00138259   0.00200497   0.00340769   0.00600448   0.008774   0.0161213   0.00229674   0.00619751   0.0100122   0.0135555   0.0189373   0.0227167   0.0219303   0.0197405   0.0150651   0.0059412   

1005000
-10   -9   -8   -6   -5   -4   -3   -2   -1   0   1   2   3   4   5   6   8   9   10   11   12   13   14   15   16   17   18   
-1.06989   -0.984355   -0.815394   -0.632697   -0.536784   -0.439507   -0.333384   -0.222179   -0.111955   -3.67722e-08   0.111955   0.222179   0.333385   0.439508   0.536787   0.632703   0.815413   0.984361   1.06992   1.1532   1.2361   1.30059   1.32299   1.33929   1.34372   1.32202   1.27355   
0.0147781   0.0131907   0.0117138   0.00973119   0.00853456   0.00741082   0.00693606   0.00682997   0.00674047   0.00679011   0.00674046   0.00682997   0.00693605   0.00741081   0.00853456   0.00973118   0.0117137   0.0131905   0.0147777   0.016444   0.0179607   0.0200981   0.0264714   0.0355067   0.0462975   0.0611146   0.0822061   
-0.00617189   -0.00226747   -0.0160804   -0.00876681   -0.00600934   -0.00341099   -0.00200893   -0.00137435   -0.000538539   8.13062e-09   0.000538526   0.00137429   0.00200879   0.00341069   0.0060087   0.00876555   0.0160766   0.00226652   0.00616742   0.00997813   0.0134994   0.0189075   0.0227135   0.0219378   0.0197562   0.0151001   0.00597427   

1010000
-10   -9   -8   -7   -6   -5   -4   -3   -2   -1   0   1   2   3   4   5   6   7   8   9   10   11   12   13   14   15   16   17   18   
-1.0701   -0.984536   -0.815612   -0.728953   -0.632728   -0.536773   -0.439477   -0.333357   -0.22222   -0.111964   5.6685e-11   0.111964   0.222221   0.333358   0.439478   0.536776   0.632734   0.728963   0.815632   0.984543   1.07012   1.15345   1.23658   1.30106   1.3234   1.34008   1.34453   1.32282   1.27413   
0.014759   0.0131732   0.0117054   0.0107779   0.00972262   0.00853085   0.00740475   0.00692587   0.00681927   0.00672987   0.00677549   0.00672986   0.00681927   0.00692586   0.00740475   0.00853085   0.00972261   0.0107778   0.0117054   0.0131729   0.0147586   0.0164222   0.0179251   0.0200664   0.0264297   0.0354216   0.0462057   0.0610116   0.082121   
-0.00614229   -0.00223803   -0.0160397   -0.011419   -0.00876147   -0.00600908   -0.00341435   -0.00201292   -0.00136611   -0.000536751   -6.88186e-12   0.000536735   0.00136605   0.0020128   0.00341404   0.00600844   0.0087602   0.0114169   0.0160359   0.00223702   0.00613782   0.00994539   0.0134444   0.0188643   0.0227106   0.0219449   0.0197719   0.0151314   0.00600333   

1015000
-10   -9   -8   -7   -6   -5   -4   -3   -2   -1   0   1   2   3   4   5   6   7   8   9   10   11   12   13   14   15   16   17   18   
-1.0703   -0.984711   -0.815837   -0.729001   -0.632732   -0.536755   -0.439445   -0.333329   -0.222262   -0.111974   -1.81344e-09   0.111974   0.222262   0.33333   0.439446   0.536758   0.632738   0.729011   0.815856   0.984717   1.07032   1.15369   1.23705   1.30152   1.3238   1.34086   1.34534   1.32357   1.27465   
0.0147403   0.0131562   0.0116974   0.0107724   0.00971298   0.00852788   0.00739911   0.00691603   0.00680887   0.0067196   0.00676117   0.0067196   0.00680887   0.00691602   0.0073991   0.00852788   0.00971297   0.0107724   0.0116974   0.013156   0.01474   0.0164013   0.0178901   0.0200354   0.0263886   0.0353392   0.046115   0.0609145   0.0820474   
-0.00611332   -0.00220935   -0.0159975   -0.0114102   -0.00876151   -0.00600957   -0.00341807   -0.00201719   -0.00135792   -0.000534789   3.97075e-10   0.000534768   0.00135786   0.00201706   0.00341783   0.00600894   0.00876025   0.011408   0.0159937   0.00220858   0.00610884   0.00991401   0.0133901   0.0188214   0.0227079   0.0219506   0.019787   0.0151599   0.00602649   

1020000
-10   -9   -8   -7   -6   -5   -4   -3   -2   -1   0   1   2   3   4   5   6   7   8   9   10   11   12   13   14   15   16   17   18   
-1.07049   -0.98488   -0.816066   -0.729051   -0.632738   -0.536731   -0.43941   -0.333299   -0.222303   -0.111985   -2.07349e-07   0.111985   0.222303   0.3333   0.439411   0.536734   0.632744   0.729061   0.816085   0.984886   1.07051   1.15392   1.23752   1.30196   1.32419   1.34163   1.34614   1.32428   1.27509   
0.0147221   0.0131398   0.0116898   0.0107671   0.00970362   0.00852566   0.00739389   0.00690654   0.00679878   0.00670969   0.00674714   0.00670969   0.00679877   0.00690653   0.00739388   0.00852565   0.00970361   0.0107671   0.0116897   0.0131395   0.0147218   0.0163813   0.0178558   0.0200052   0.0263488   0.0352586   0.0460246   0.0608234   0.0819801   
-0.00608504   -0.00218159   -0.0159541   -0.011401   -0.00876116   -0.00601082   -0.00342213   -0.00202171   -0.00134981   -0.00053262   4.543e-08   0.000532608   0.00134975   0.00202157   0.00342185   0.0060102   0.00875988   0.0113989   0.0159503   0.00218069   0.00608065   0.0098842   0.0133367   0.0187799   0.0227051   0.0219559   0.0198026   0.0151859   0.00604695   

1025000
-10   -9   -8   -7   -6   -5   -4   -3   -2   -1   0   1   2   3   4   5   6   7   8   9   10   11   12   13   14   15   16   17   18   
-1.07068   -0.985045   -0.816299   -0.729101   -0.632744   -0.536701   -0.439373   -0.333267   -0.222343   -0.111996   -4.67891e-08   0.111996   0.222343   0.333268   0.439374   0.536704   0.63275   0.729111   0.816318   0.985051   1.0707   1.15413   1.23797   1.30238   1.32457   1.34238   1.34695   1.32496   1.27548   
0.0147044   0.0131238   0.0116825   0.0107619   0.00969463   0.00852414   0.00738909   0.00689743   0.00678899   0.00670003   0.00673338   0.00670003   0.00678898   0.00689743   0.00738909   0.00852414   0.00969463   0.0107619   0.0116825   0.0131235   0.0147039   0.0163622   0.0178218   0.0199761   0.0263102   0.03518   0.0459363   0.060736   0.0819302   
-0.00605724   -0.00215444   -0.0159097   -0.0113917   -0.0087605   -0.00601284   -0.00342652   -0.00202656   -0.00134177   -0.000530447   1.04453e-08   0.000530435   0.00134171   0.00202642   0.00342623   0.0060122   0.00875925   0.0113896   0.0159059   0.00215353   0.00605298   0.00985593   0.013284   0.0187392   0.022702   0.0219605   0.0198163   0.0152106   0.00605802   

1030000
-10   -9   -8   -7   -6   -5   -4   -3   -2   -1   0   1   2   3   4   5   6   7   8   9   10   11   12   13   14   15   16   17   18   
-1.07086   -0.985205   -0.816514   -0.729152   -0.632751   -0.536665   -0.439332   -0.333233   -0.222383   -0.112006   -1.19195e-08   0.112006   0.222384   0.333233   0.439334   0.536668   0.632757   0.729163   0.816533   0.985211   1.07089   1.15433   1.23843   1.30279   1.32494   1.34311   1.34773   1.32561   1.27581   
0.0146868   0.013108   0.0116746   0.010757   0.00968602   0.00852335   0.00738484   0.0068887   0.00677953   0.00669064   0.00671988   0.00669063   0.00677953   0.0068887   0.00738484   0.00852335   0.00968601   0.010757   0.0116746   0.0131078   0.0146865   0.0163442   0.0177883   0.019948   0.0262724   0.0351022   0.0458469   0.0606529   0.0818872   
-0.00603016   -0.00212778   -0.0158692   -0.0113822   -0.00875959   -0.00601558   -0.00343137   -0.00203168   -0.00133382   -0.000528281   2.73472e-09   0.000528271   0.00133374   0.00203162   0.00343108   0.00601494   0.00875836   0.0113801   0.0158654   0.00212694   0.00602586   0.00982932   0.0132318   0.0186995   0.0226987   0.0219659   0.0198321   0.0152334   0.00606616   

1035000
-10   -9   -8   -7   -6   -5   -4   -3   -2   -1   0   1   2   3   4   5   6   7   8   9   10   11   12   13   14   15   16   17   18   
-1.07104   -0.985362   -0.81671   -0.729204   -0.632758   -0.53662   -0.43929   -0.333197   -0.222423   -0.112017   1.42343e-09   0.112017   0.222423   0.333197   0.439291   0.536623   0.632764   0.729214   0.816729   0.985368   1.07106   1.15451   1.23887   1.30319   1.3253   1.34383   1.34851   1.32623   1.27606   
0.0146698   0.0130926   0.0116659   0.0107522   0.00967775   0.00852359   0.00738102   0.00688032   0.0067704   0.00668151   0.00670661   0.00668151   0.0067704   0.00688033   0.00738101   0.00852359   0.00967774   0.0107522   0.0116659   0.0130924   0.0146695   0.0163271   0.0177552   0.0199209   0.0262355   0.0350257   0.0457599   0.0605741   0.0818535   
-0.00600384   -0.00210174   -0.0158331   -0.0113726   -0.0087585   -0.00601956   -0.00343641   -0.00203716   -0.00132597   -0.000526124   -2.7998e-10   0.00052611   0.00132591   0.0020371   0.00343612   0.00601893   0.00875725   0.0113704   0.0158293   0.00210088   0.00599956   0.00980434   0.0131802   0.018661   0.0226954   0.0219713   0.019846   0.0152544   0.0060696   

1040000
-10   -9   -8   -7   -6   -5   -4   -3   -2   -1   0   1   2   3   4   5   6   7   8   9   10   11   12   13   14   15   16   17   18   
-1.07121   -0.985513   -0.816908   -0.729256   -0.632765   -0.536567   -0.439271   -0.333158   -0.222462   -0.112028   -8.24568e-11   0.112028   0.222462   0.333159   0.439273   0.53657   0.632771   0.729266   0.816927   0.985518   1.07123   1.15468   1.23931   1.30357   1.32566   1.34454   1.34927   1.32681   1.27625   
0.0146535   0.0130777   0.0116576   0.0107476   0.00966982   0.00852469   0.00737571   0.00687231   0.00676162   0.00667271   0.00669358   0.0066727   0.00676162   0.0068723   0.0073757   0.00852469   0.00966981   0.0107476   0.0116575   0.0130775   0.0146532   0.0163112   0.0177225   0.0198947   0.0261999   0.0349506   0.0456731   0.0605001   0.081834   
-0.00597851   -0.00207646   -0.0157963   -0.0113628   -0.00875719   -0.00602451   -0.00343782   -0.00204301   -0.00131833   -0.000523997   3.06348e-11   0.000523985   0.00131823   0.00204288   0.00343753   0.00602388   0.00875595   0.0113607   0.0157926   0.00207564   0.00597426   0.00978134   0.0131292   0.0186235   0.0226912   0.0219765   0.0198607   0.0152735   0.0060659   

1045000
-10   -9   -8   -7   -6   -5   -4   -2   -1   0   1   2   3   4   5   6   7   8   9   10   11   12   13   14   15   16   17   18   
-1.07137   -0.985657   -0.817108   -0.729308   -0.632772   -0.536508   -0.439281   -0.222501   -0.112038   -1.7123e-09   0.112038   0.222501   0.333119   0.439283   0.536511   0.632778   0.729319   0.817127   0.985663   1.0714   1.15484   1.23974   1.30394   1.326   1.34523   1.35003   1.32736   1.27634   
0.0146376   0.0130634   0.0116496   0.0107432   0.00966221   0.00852656   0.00736845   0.00675322   0.00666417   0.00668078   0.00666417   0.00675321   0.00686461   0.00736845   0.00852656   0.00966221   0.0107432   0.0116496   0.0130631   0.0146373   0.0162963   0.0176904   0.0198696   0.0261644   0.034877   0.0455889   0.0604306   0.0818191   
-0.00595392   -0.0020521   -0.015759   -0.0113529   -0.0087557   -0.00603029   -0.00343489   -0.00131068   -0.000521901   3.76949e-10   0.00052189   0.00131061   0.0020489   0.00343459   0.00602969   0.00875445   0.0113508   0.0157553   0.00205134   0.0059497   0.0097602   0.013079   0.018587   0.0226884   0.0219816   0.0198739   0.0152909   0.00606029   

1050000
-10   -9   -8   -7   -6   -5   -4   -3   -2   -1   0   1   2   3   4   5   6   7   8   9   10   11   12   13   14   15   16   17   18   
-1.07153   -0.985798   -0.817309   -0.729361   -0.632778   -0.53648   -0.439288   -0.333085   -0.22254   -0.112049   -1.91962e-09   0.112049   0.22254   0.333086   0.43929   0.536483   0.632784   0.729371   0.817328   0.985803   1.07156   1.15497   1.24017   1.30429   1.32634   1.3459   1.35076   1.32787   1.2764   
0.0146221   0.0130493   0.011642   0.010739   0.0096551   0.0085258   0.00736161   0.00685675   0.00674512   0.00665591   0.00666822   0.00665591   0.00674511   0.00685674   0.0073616   0.0085258   0.0096551   0.010739   0.011642   0.0130491   0.0146219   0.0162827   0.0176586   0.0198455   0.0261307   0.0348052   0.0455064   0.0603659   0.0818292   
-0.00593022   -0.00202835   -0.0157212   -0.011343   -0.00875429   -0.00603179   -0.00343235   -0.00205392   -0.00130304   -0.000519837   4.18576e-10   0.000519828   0.00130296   0.00205378   0.00343205   0.00603115   0.00875307   0.0113409   0.0157175   0.00202751   0.00592592   0.00974119   0.0130294   0.0185518   0.0226845   0.0219866   0.0198867   0.0153064   0.00604196   

1055000
-10   -9   -8   -6   -5   -4   -3   -2   -1   0   1   2   3   4   5   6   7   8   9   10   11   12   13   14   15   16   17   18   
-1.07169   -0.985934   -0.817512   -0.632783   -0.536458   -0.439292   -0.333078   -0.222542   -0.112059   -2.45333e-09   0.112059   0.222542   0.333078   0.439294   0.536461   0.632789   0.729422   0.817531   0.98594   1.07171   1.15509   1.24059   1.30463   1.32666   1.34656   1.35148   1.32834   1.27636   
0.0146073   0.0130357   0.0116348   0.00964838   0.00852472   0.00735516   0.00684753   0.00673459   0.00664793   0.0066559   0.00664793   0.00673459   0.00684752   0.00735515   0.00852471   0.00964837   0.0107351   0.0116348   0.0130354   0.014607   0.0162703   0.0176273   0.0198223   0.026098   0.0347352   0.0454265   0.0603067   0.081846   
-0.0059071   -0.00200509   -0.0156828   -0.00875285   -0.00603251   -0.0034302   -0.00205444   -0.00130244   -0.00051781   5.29109e-10   0.000517802   0.00130238   0.0020543   0.0034299   0.00603188   0.00875163   0.0113311   0.0156791   0.0020043   0.00590295   0.00972411   0.0129803   0.0185182   0.0226811   0.0219912   0.019899   0.0153195   0.00601985   

1060000
-10   -9   -8   -7   -6   -5   -4   -3   -2   -1   0   1   2   3   4   5   6   7   8   9   10   11   12   13   14   15   16   17   18   
-1.07183   -0.986067   -0.817714   -0.729418   -0.632788   -0.536431   -0.439294   -0.333068   -0.222539   -0.112069   -3.38402e-09   0.112069   0.222539   0.333069   0.439295   0.536434   0.632794   0.729428   0.817733   0.986072   1.07186   1.1552   1.241   1.30494   1.32697   1.34721   1.35217   1.32878   1.27624   
0.0145928   0.0130224   0.0116278   0.0107288   0.00964194   0.00852425   0.00734912   0.00683867   0.00672396   0.00664023   0.00664385   0.00664023   0.00672396   0.00683867   0.00734911   0.00852425   0.00964194   0.0107289   0.0116278   0.0130221   0.0145925   0.016259   0.0175963   0.0198004   0.0260661   0.0346667   0.0453492   0.0602532   0.081873   
-0.00588492   -0.00198244   -0.0156446   -0.0113328   -0.00875123   -0.00603385   -0.00342845   -0.00205523   -0.00130274   -0.000515824   7.24127e-10   0.000515818   0.00130269   0.0020551   0.00342815   0.00603323   0.00875001   0.0113307   0.0156409   0.00198167   0.0058808   0.00970912   0.0129317   0.0184858   0.0226773   0.0219951   0.0199102   0.0153302   0.00599292   

1065000
-10   -9   -8   -7   -6   -5   -4   -3   -2   -1   0   1   2   3   4   5   6   7   8   9   10   11   12   13   14   15   16   17   18   
-1.07197   -0.986196   -0.817871   -0.729418   -0.632794   -0.5364   -0.439291   -0.333058   -0.222536   -0.112079   -4.99002e-09   0.112079   0.222537   0.333059   0.439293   0.536403   0.6328   0.729428   0.81789   0.986201   1.072   1.15554   1.24141   1.30524   1.32728   1.34784   1.35285   1.32916   1.27604   
0.0145789   0.0130094   0.0116188   0.0107225   0.00963576   0.00852438   0.00734356   0.00683013   0.00671355   0.00663282   0.00663209   0.00663281   0.00671355   0.00683012   0.00734355   0.00852438   0.00963575   0.0107225   0.0116188   0.0130091   0.0145787   0.0162312   0.0175657   0.0197794   0.026035   0.034598   0.0452738   0.0602053   0.0819058   
-0.00586357   -0.00196039   -0.0156166   -0.0113334   -0.00874939   -0.0060358   -0.00342727   -0.00205615   -0.00130303   -0.00051388   1.05849e-09   0.000513877   0.00130297   0.00205601   0.00342698   0.00603517   0.00874816   0.0113313   0.0156129   0.00195966   0.00585954   0.00966563   0.0128836   0.0184553   0.0226735   0.0220007   0.0199208   0.0153387   0.00596375   

1070000
-10   -9   -8   -7   -5   -4   -3   -2   -1   0   1   2   3   4   5   7   8   9   10   11   12   13   14   15   16   17   18   
-1.07211   -0.98632   -0.818029   -0.729419   -0.536363   -0.439286   -0.333047   -0.222534   -0.112088   3.03117e-08   0.112088   0.222534   0.333048   0.439287   0.536366   0.729429   0.818047   0.986325   1.07213   1.15599   1.24182   1.30553   1.32758   1.34848   1.3535   1.32951   1.27577   
0.0145656   0.0129968   0.0116102   0.0107163   0.00852513   0.00733841   0.00682189   0.00670337   0.0066257   0.00662067   0.00662569   0.00670336   0.00682189   0.00733841   0.00852513   0.0107164   0.0116101   0.0129965   0.0145653   0.016196   0.0175355   0.0197597   0.0260045   0.0345318   0.045203   0.0601646   0.0819552   
-0.00584317   -0.00193892   -0.0155882   -0.0113338   -0.00603828   -0.00342651   -0.00205713   -0.00130329   -0.000511984   -6.99801e-09   0.000511982   0.00130323   0.00205699   0.00342622   0.00603765   0.0113317   0.0155845   0.00193818   0.00583906   0.00960991   0.0128361   0.0184258   0.02267   0.0220041   0.0199291   0.0153442   0.00592553   

1075000
-10   -9   -8   -7   -6   -5   -4   -3   -2   -1   0   1   2   3   4   5   6   7   8   9   10   11   12   13   14   15   16   17   18   
-1.07223   -0.986441   -0.818188   -0.729421   -0.632834   -0.536319   -0.439277   -0.333035   -0.222531   -0.112098   -1.04343e-08   0.112098   0.222531   0.333036   0.439279   0.536321   0.63284   0.729431   0.818206   0.986446   1.07226   1.15643   1.24221   1.30579   1.32787   1.34909   1.35413   1.32981   1.27544   
0.0145528   0.0129845   0.0116019   0.0107105   0.00962192   0.00852684   0.00733368   0.00681393   0.00669339   0.00661887   0.00660964   0.00661887   0.00669339   0.00681393   0.00733367   0.00852685   0.00962191   0.0107105   0.0116018   0.0129842   0.0145525   0.0161614   0.0175056   0.019741   0.0259748   0.0344648   0.0451321   0.0601299   0.0820199   
-0.00582367   -0.00191804   -0.0155593   -0.0113339   -0.00874164   -0.00604192   -0.00342617   -0.0020583   -0.00130354   -0.000510137   2.20205e-09   0.000510137   0.0013035   0.00205816   0.00342588   0.00604129   0.00874039   0.0113317   0.0155557   0.00191734   0.00581959   0.00955512   0.0127892   0.0183976   0.022666   0.02201   0.0199392   0.0153469   0.00587956   

1080000
-10   -9   -8   -7   -6   -5   -4   -3   -2   -1   0   1   2   3   4   5   6   7   8   9   10   11   12   13   14   15   16   17   18   
-1.07235   -0.986557   -0.818348   -0.729423   -0.632878   -0.536267   -0.439266   -0.333022   -0.222528   -0.112107   -8.71797e-10   0.112107   0.222529   0.333022   0.439267   0.53627   0.632884   0.729433   0.818367   0.986562   1.07237   1.15686   1.24261   1.30604   1.32816   1.34971   1.35474   1.33007   1.27502   
0.0145405   0.0129726   0.0115939   0.0107049   0.00961332   0.0085293   0.00732936   0.00680623   0.00668362   0.00661235   0.0065989   0.00661234   0.00668362   0.00680622   0.00732935   0.0085293   0.0096133   0.0107049   0.0115939   0.0129723   0.0145403   0.0161275   0.0174761   0.019723   0.0259458   0.034401   0.0450641   0.0600983   0.0820948   
-0.00580516   -0.00189775   -0.0155301   -0.0113339   -0.0087344   -0.00604639   -0.00342625   -0.0020597   -0.00130379   -0.000508342   1.81004e-10   0.000508344   0.00130374   0.00205959   0.00342596   0.0060458   0.00873321   0.0113317   0.0155264   0.00189703   0.00580112   0.00950135   0.0127426   0.0183718   0.022662   0.0220124   0.0199474   0.0153492   0.00582839   

1085000
-10   -9   -8   -7   -6   -5   -4   -3   -2   -1   0   1   2   3   4   5   6   7   8   9   10   11   12   13   14   15   16   17   18   
-1.07246   -0.986669   -0.81851   -0.729426   -0.632923   -0.53621   -0.439252   -0.333007   -0.222525   -0.112116   -7.94036e-10   0.112116   0.222526   0.333007   0.439253   0.536213   0.632928   0.729436   0.818528   0.986674   1.07249   1.15729   1.243   1.30627   1.32844   1.3503   1.35534   1.33027   1.27454   
0.0145289   0.012961   0.0115864   0.0106996   0.00960499   0.00853243   0.00732549   0.00679878   0.00667406   0.00660613   0.00658837   0.00660614   0.00667406   0.00679878   0.00732548   0.00853243   0.00960497   0.0106996   0.0115863   0.0129607   0.0145286   0.0160942   0.0174469   0.0197064   0.0259174   0.0343366   0.0449984   0.0600738   0.0821802   
-0.00578768   -0.00187808   -0.0155003   -0.0113336   -0.00872701   -0.0060516   -0.00342674   -0.00206131   -0.00130407   -0.000506602   1.6463e-10   0.000506605   0.00130402   0.00206117   0.00342645   0.00605098   0.00872584   0.0113315   0.0154967   0.00187736   0.00578358   0.00944855   0.0126965   0.0183472   0.0226583   0.022017   0.0199548   0.015348   0.00577195   

1090000
-10   -9   -8   -7   -6   -5   -4   -3   -2   -1   0   1   2   3   4   5   6   7   8   9   10   11   12   13   14   15   16   17   18   
-1.07257   -0.986777   -0.818673   -0.729428   -0.632966   -0.53619   -0.439234   -0.33299   -0.222522   -0.112124   -1.35827e-07   0.112124   0.222522   0.332991   0.439235   0.536193   0.632972   0.729439   0.818691   0.986782   1.07259   1.1577   1.24338   1.30649   1.32871   1.35089   1.35593   1.33044   1.27398   
0.0145179   0.0129498   0.0115791   0.0106945   0.00959701   0.00853248   0.00732204   0.00679159   0.00666471   0.0066003   0.00657805   0.0066003   0.00666471   0.00679159   0.00732203   0.00853248   0.009597   0.0106945   0.0115791   0.0129495   0.0145176   0.0160615   0.0174182   0.019691   0.0258897   0.0342733   0.0449345   0.0600569   0.0822784   
-0.00577115   -0.00185905   -0.0154702   -0.0113333   -0.00871955   -0.00605191   -0.00342768   -0.00206316   -0.00130438   -0.000505004   3.00805e-08   0.000504984   0.00130434   0.00206302   0.00342741   0.00605128   0.00871832   0.0113312   0.0154665   0.00185832   0.00576717   0.00939663   0.0126512   0.0183237   0.0226545   0.0220211   0.0199615   0.0153436   0.00570884   

1095000
-10   -9   -8   -7   -6   -5   -4   -3   -2   -1   0   1   2   3   4   5   6   7   8   9   10   11   12   13   14   15   16   17   18   
-1.07267   -0.986881   -0.818836   -0.729432   -0.63301   -0.536169   -0.439213   -0.332972   -0.222519   -0.112132   -1.04848e-07   0.112132   0.222519   0.332973   0.439215   0.536172   0.633016   0.729442   0.818854   0.986886   1.07269   1.15811   1.24376   1.30668   1.32898   1.35148   1.3565   1.33054   1.27333   
0.0145075   0.0129389   0.0115723   0.0106896   0.0095893   0.00853267   0.00731905   0.00678466   0.00665555   0.00659484   0.00656794   0.00659484   0.00665556   0.00678465   0.00731905   0.00853267   0.00958929   0.0106896   0.0115723   0.0129387   0.0145072   0.0160293   0.0173897   0.0196763   0.0258629   0.0342111   0.0448717   0.0600465   0.0823816   
-0.00575578   -0.00184061   -0.0154396   -0.0113327   -0.00871197   -0.00605218   -0.00342911   -0.00206524   -0.0013047   -0.000503432   2.31575e-08   0.000503409   0.00130462   0.00206509   0.00342883   0.00605155   0.00871074   0.0113306   0.015436   0.00183992   0.0057518   0.00934555   0.012606   0.0183025   0.0226502   0.0220246   0.0199687   0.0153368   0.00564274   

1100000
-10   -9   -8   -7   -6   -5   -4   -3   -2   -1   0   1   2   3   4   5   6   7   8   9   10   11   12   13   14   15   16   17   18   
-1.07275   -0.986981   -0.819001   -0.729437   -0.633054   -0.536144   -0.439188   -0.332952   -0.222515   -0.11214   -7.87255e-08   0.11214   0.222516   0.332953   0.439189   0.536147   0.63306   0.729447   0.819019   0.986985   1.07278   1.15851   1.24413   1.30687   1.32924   1.35206   1.35705   1.33061   1.27263   
0.0144977   0.0129285   0.0115658   0.0106849   0.00958186   0.00853343   0.00731659   0.00677801   0.0066466   0.00658972   0.00655806   0.00658972   0.00664659   0.00677801   0.00731659   0.00853343   0.00958185   0.0106849   0.0115658   0.0129282   0.0144975   0.0159977   0.0173617   0.0196626   0.0258366   0.0341499   0.04481   0.0600434   0.0825033   
-0.00574151   -0.00182287   -0.0154088   -0.0113319   -0.00870423   -0.00605306   -0.00343118   -0.00206761   -0.00130503   -0.000501933   1.73196e-08   0.0005019   0.00130498   0.00206747   0.0034309   0.00605243   0.00870301   0.0113298   0.0154052   0.0018223   0.00573764   0.00929538   0.0125616   0.0182822   0.0226462   0.0220277   0.0199762   0.015327   0.00556865   

1105000
-10   -9   -8   -7   -6   -5   -4   -3   -2   0   2   3   4   5   6   8   9   10   11   12   13   14   15   16   17   18   
-1.07283   -0.987074   -0.819155   -0.729444   -0.633081   -0.536115   -0.43916   -0.33293   -0.222512   -5.89162e-08   0.222512   0.332931   0.439161   0.536118   0.633087   0.819173   0.987079   1.07286   1.1589   1.2445   1.30704   1.3295   1.35263   1.35757   1.33061   1.27184   
0.0144886   0.0129185   0.0115591   0.0106803   0.00957382   0.00853474   0.00731456   0.00677168   0.00663783   0.00654843   0.00663783   0.00677167   0.00731455   0.00853474   0.00957382   0.0115591   0.0129183   0.0144884   0.0159667   0.017334   0.0196499   0.0258109   0.0340898   0.0447522   0.0600475   0.0826395   
-0.00572838   -0.00180605   -0.0153801   -0.0113307   -0.00870005   -0.00605451   -0.00343371   -0.0020703   -0.00130537   1.28999e-08   0.00130531   0.00207017   0.00343342   0.00605387   0.00869882   0.0153766   0.00180549   0.00572446   0.00924597   0.0125177   0.0182627   0.0226421   0.0220304   0.0199826   0.0153135   0.00548565   

1110000
-10   -9   -8   -6   -5   -4   -3   -2   0   2   3   4   5   6   8   9   10   11   12   13   14   15   16   17   18   
-1.07291   -0.987165   -0.819267   -0.633093   -0.53608   -0.439129   -0.332907   -0.222508   -6.50161e-10   0.222509   0.332907   0.43913   0.536083   0.633099   0.819285   0.98717   1.07293   1.15928   1.24486   1.30719   1.32975   1.35319   1.35807   1.33057   1.27096   
0.0144802   0.0129088   0.0115503   0.00956528   0.00853667   0.00731292   0.00676561   0.00662926   0.006539   0.00662926   0.00676561   0.00731292   0.00853668   0.00956527   0.0115503   0.0129085   0.01448   0.0159361   0.0173065   0.019638   0.0257859   0.0340305   0.0446975   0.0600592   0.0827763   
-0.00571645   -0.00178966   -0.0153609   -0.00869888   -0.00605668   -0.00343664   -0.00207327   -0.0013057   2.54722e-10   0.00130565   0.00207314   0.00343635   0.00605604   0.00869764   0.0153573   0.00178905   0.0057126   0.00919736   0.0124739   0.0182461   0.0226376   0.022033   0.0199879   0.0152974   0.00540305   

1115000
-10   -9   -8   -6   -4   -3   -2   0   2   3   4   6   8   9   10   11   12   13   14   15   16   17   18   
-1.07297   -0.987252   -0.819381   -0.633106   -0.439144   -0.332881   -0.222505   1.43294e-09   0.222505   0.332882   0.439146   0.633112   0.819399   0.987256   1.07299   1.15966   1.24522   1.30749   1.32999   1.35375   1.35856   1.33048   1.27005   
0.0144725   0.0128994   0.0115419   0.00955701   0.0073077   0.00675983   0.0066209   0.00652978   0.00662089   0.00675982   0.00730768   0.009557   0.0115419   0.0128992   0.0144722   0.0159061   0.0172796   0.0196181   0.0257614   0.0339716   0.0446464   0.0600809   0.0829366   
-0.00570576   -0.00177396   -0.0153411   -0.00869739   -0.0034325   -0.00207651   -0.00130599   -2.88143e-10   0.00130594   0.00207637   0.00343224   0.00869617   0.0153375   0.0017733   0.0057019   0.00914944   0.0124312   0.0182157   0.0226336   0.0220357   0.0199909   0.0152757   0.00530752   

1120000
-10   -9   -8   -6   -4   -3   -2   -1   0   1   2   3   4   6   8   9   10   11   12   13   14   15   16   17   18   
-1.07302   -0.987333   -0.819496   -0.63312   -0.439157   -0.332854   -0.222502   -0.112136   1.36085e-09   0.112136   0.222502   0.332855   0.439159   0.633126   0.819514   0.987338   1.07304   1.16003   1.24557   1.30779   1.33023   1.35429   1.35901   1.33031   1.2691   
0.0144654   0.0128905   0.0115339   0.009549   0.00730287   0.00675432   0.00661274   0.00656261   0.00652078   0.00656261   0.00661274   0.00675431   0.00730286   0.00954899   0.0115339   0.0128902   0.0144652   0.0158765   0.0172529   0.0195977   0.0257374   0.0339125   0.0445942   0.060102   0.083102   
-0.00569634   -0.00175911   -0.0153208   -0.00869563   -0.00342882   -0.00208004   -0.00130623   -0.000502188   -2.74572e-10   0.000502175   0.00130617   0.00207988   0.0034285   0.00869441   0.0153173   0.00175829   0.00569245   0.00910229   0.0123886   0.0181842   0.0226298   0.0220397   0.0199972   0.0152566   0.00521029   

1125000
-10   -9   -8   -6   -5   -4   -3   -2   -1   0   1   2   3   4   5   6   7   8   9   10   11   12   13   14   15   16   17   18   
-1.07307   -0.98741   -0.819614   -0.633134   -0.535903   -0.439167   -0.332825   -0.222499   -0.112133   1.16906e-09   0.112133   0.222499   0.332826   0.439169   0.535906   0.63314   0.729538   0.819632   0.987415   1.07309   1.1604   1.24592   1.30808   1.33046   1.35483   1.35946   1.3301   1.27067   
0.0144591   0.0128819   0.0115263   0.00954126   0.00854458   0.00729845   0.00674909   0.00660482   0.00655136   0.00651199   0.00655136   0.00660481   0.00674908   0.00729845   0.00854458   0.00954125   0.0106592   0.0115263   0.0128817   0.0144589   0.0158473   0.0172265   0.0195783   0.0257142   0.0338546   0.0445476   0.0601346   0.082858   
-0.00568798   -0.00174487   -0.0152999   -0.00869364   -0.00607529   -0.00342552   -0.00208382   -0.00130637   -0.000502486   -2.34865e-10   0.000502486   0.00130631   0.00208369   0.00342522   0.00607467   0.00869242   0.0113159   0.0152963   0.00174418   0.0056842   0.00905578   0.0123464   0.0181541   0.0226257   0.0220425   0.0199993   0.0152316   0.00532419   

1130000
-10   -9   -8   -7   -6   -5   -4   -3   -2   -1   0   1   2   3   4   5   6   7   8   9   10   11   12   13   14   15   16   17   18   
-1.0731   -0.987484   -0.819732   -0.729584   -0.633149   -0.535841   -0.439174   -0.332795   -0.222497   -0.11213   8.72446e-10   0.11213   0.222497   0.332796   0.439175   0.535844   0.633155   0.729594   0.81975   0.987488   1.07312   1.16076   1.24626   1.30835   1.33069   1.35538   1.35987   1.32986   1.27309   
0.0144534   0.0128737   0.011519   0.0106514   0.00953378   0.0085427   0.0072945   0.00674414   0.00659712   0.00654038   0.00650342   0.00654038   0.00659712   0.00674414   0.00729449   0.0085427   0.00953377   0.0106514   0.011519   0.0128734   0.0144532   0.0158186   0.0172006   0.01956   0.0256916   0.0337982   0.0445001   0.0601779   0.0824787   
-0.00568106   -0.00173106   -0.0152786   -0.01131   -0.0086914   -0.00608409   -0.00342276   -0.00208781   -0.00130636   -0.000502844   -1.71686e-10   0.000502847   0.00130631   0.00208763   0.00342248   0.00608347   0.00869019   0.0113079   0.0152751   0.00173039   0.00567715   0.00900994   0.012305   0.0181255   0.0226215   0.0220441   0.0200045   0.0152009   0.00550814   

1135000
-10   -9   -8   -7   -6   -5   -4   -3   -2   -1   0   1   2   3   4   5   6   7   8   9   10   11   12   13   14   15   16   17   18   
-1.07313   -0.987552   -0.819851   -0.729638   -0.633165   -0.535776   -0.439177   -0.332763   -0.222494   -0.112127   1.03036e-09   0.112127   0.222494   0.332763   0.439178   0.535779   0.633171   0.729648   0.819868   0.987557   1.07315   1.16111   1.2466   1.3086   1.3309   1.35591   1.36028   1.32954   1.27539   
0.0144486   0.0128659   0.011512   0.010644   0.00952655   0.00854124   0.007291   0.00673949   0.00658962   0.00652966   0.00649506   0.00652966   0.00658961   0.00673949   0.007291   0.00854123   0.00952653   0.010644   0.011512   0.0128656   0.0144484   0.0157903   0.017175   0.0195426   0.0256697   0.0337417   0.0444571   0.0602253   0.0821181   
-0.00567525   -0.00171812   -0.0152572   -0.0113021   -0.00868893   -0.00609313   -0.00342054   -0.00209211   -0.00130637   -0.000503262   -2.06183e-10   0.000503268   0.00130632   0.00209199   0.00342024   0.00609256   0.00868773   0.0113   0.0152536   0.00171748   0.00567168   0.0089647   0.012264   0.0180984   0.0226175   0.0220465   0.0200067   0.0151692   0.00568168   

1140000
-10   -9   -8   -7   -6   -5   -4   -3   -2   -1   0   1   2   4   5   6   7   8   9   10   11   12   13   14   15   16   17   18   
-1.07314   -0.987616   -0.81997   -0.729691   -0.633181   -0.535711   -0.439177   -0.332729   -0.222492   -0.112124   5.39689e-10   0.112124   0.222492   0.439178   0.535713   0.633187   0.729702   0.819987   0.98762   1.07316   1.16146   1.24693   1.30884   1.33112   1.35643   1.36065   1.32918   1.27754   
0.0144443   0.0128584   0.0115054   0.0106368   0.00951955   0.00854016   0.00728796   0.00673516   0.00658229   0.00651917   0.00648691   0.00651918   0.00658229   0.00728795   0.00854016   0.00951954   0.0106368   0.0115054   0.0128582   0.014444   0.0157624   0.0171497   0.0195263   0.0256482   0.0336848   0.0444155   0.0602802   0.0817792   
-0.00567053   -0.00170594   -0.0152355   -0.0112942   -0.00868625   -0.00610228   -0.00341874   -0.00209674   -0.0013064   -0.000503749   -1.01212e-10   0.000503758   0.00130635   0.00341844   0.00610168   0.00868504   0.0112921   0.015232   0.00170532   0.0056668   0.00892003   0.0122237   0.0180726   0.0226137   0.0220504   0.0200097   0.0151342   0.00584308   

1145000
-10   -9   -8   -7   -6   -5   -4   -3   -2   -1   0   1   2   3   4   5   6   7   8   9   10   11   12   13   14   15   16   17   18   
-1.07333   -0.987675   -0.820089   -0.729745   -0.633198   -0.535643   -0.439146   -0.332719   -0.222489   -0.11212   -3.02817e-09   0.11212   0.222489   0.33272   0.439147   0.535646   0.633204   0.729755   0.820106   0.987679   1.07336   1.1618   1.24726   1.30906   1.33132   1.35696   1.36101   1.32876   1.27966   
0.0144273   0.0128514   0.011499   0.0106299   0.0095128   0.00853946   0.00728317   0.00672932   0.00657515   0.00650893   0.00647899   0.00650893   0.00657514   0.00672932   0.00728317   0.00853946   0.00951279   0.0106299   0.011499   0.0128512   0.0144269   0.0157349   0.0171248   0.0195109   0.0256275   0.0336303   0.0443781   0.060339   0.0814514   
-0.00564351   -0.0016945   -0.0152137   -0.0112862   -0.00868333   -0.00611167   -0.00342276   -0.00209728   -0.00130647   -0.000504349   6.60565e-10   0.000504336   0.00130641   0.00209716   0.00342243   0.00611102   0.00868213   0.0112842   0.0152101   0.00169388   0.00563947   0.00887595   0.0121837   0.0180485   0.0226097   0.0220517   0.0200103   0.0150985   0.00599852   

1150000
-10   -9   -8   -7   -6   -5   -4   -3   -2   -1   0   1   2   3   4   5   6   7   8   9   10   11   12   13   14   15   16   17   18   
-1.07364   -0.987728   -0.820208   -0.729798   -0.633215   -0.535571   -0.439094   -0.332723   -0.222486   -0.112115   -2.79047e-09   0.112115   0.222486   0.332724   0.439096   0.535574   0.633221   0.729808   0.820226   0.987733   1.07366   1.16214   1.24759   1.30927   1.33153   1.35747   1.36134   1.32828   1.28178   
0.0144019   0.0128448   0.011493   0.0106232   0.00950635   0.0085393   0.00727749   0.0067227   0.00656818   0.00649891   0.00647129   0.00649891   0.00656818   0.00672269   0.00727748   0.00853931   0.00950634   0.0106232   0.011493   0.0128445   0.0144015   0.0157077   0.0171002   0.0194964   0.0256074   0.0335755   0.0443415   0.0604075   0.0811373   
-0.00560142   -0.00168395   -0.0151916   -0.0112783   -0.00868023   -0.0061214   -0.00343051   -0.00209554   -0.00130655   -0.000505036   6.09545e-10   0.000505023   0.0013065   0.0020954   0.00343022   0.00612077   0.00867904   0.0112762   0.0151881   0.00168317   0.0055974   0.00883238   0.0121442   0.0180261   0.0226059   0.0220547   0.0200125   0.0150581   0.00614632   

1155000
-10   -9   -8   -7   -6   -5   -4   -3   -2   -1   0   1   2   3   4   5   6   7   8   9   10   11   12   13   14   15   16   17   18   
-1.07394   -0.987778   -0.820325   -0.729851   -0.633231   -0.535495   -0.43904   -0.332726   -0.222483   -0.11211   3.59239e-10   0.11211   0.222483   0.332727   0.439042   0.535498   0.633237   0.729861   0.820342   0.987783   1.07396   1.16248   1.24791   1.30946   1.33171   1.35798   1.36165   1.32774   1.28382   
0.014377   0.0128385   0.0114876   0.0106167   0.00950033   0.00853982   0.00727225   0.00671632   0.00656142   0.00648911   0.00646381   0.00648911   0.00656142   0.00671632   0.00727225   0.00853982   0.00950032   0.0106167   0.0114876   0.0128383   0.0143764   0.0156809   0.0170759   0.019483   0.025589   0.0335216   0.04431   0.0604845   0.0808248   
-0.00555998   -0.00167386   -0.0151699   -0.0112702   -0.00867721   -0.00613172   -0.00343864   -0.002094   -0.0013067   -0.000505856   -7.40941e-11   0.000505843   0.00130665   0.00209387   0.00343834   0.0061311   0.00867603   0.0112681   0.0151664   0.00167317   0.00555588   0.00878936   0.0121051   0.0180051   0.0226023   0.0220569   0.0200114   0.0150141   0.00629426   

1160000
-10   -9   -8   -7   -6   -5   -4   -3   -2   -1   0   1   2   3   4   5   6   7   8   9   10   11   12   13   14   15   16   17   18   
-1.07423   -0.987824   -0.820427   -0.729903   -0.633247   -0.535417   -0.438983   -0.332728   -0.222479   -0.112104   8.79656e-10   0.112104   0.222479   0.332728   0.438984   0.535419   0.633252   0.729914   0.820444   0.987828   1.07426   1.16281   1.24822   1.30963   1.33189   1.35848   1.36192   1.32716   1.28579   
0.0143523   0.0128326   0.0114815   0.0106104   0.00949455   0.00854084   0.00726751   0.00671019   0.00655488   0.00647955   0.0064566   0.00647955   0.00655487   0.00671019   0.0072675   0.00854084   0.00949455   0.0106104   0.0114815   0.0128324   0.0143518   0.0156545   0.017052   0.0194706   0.0255714   0.0334684   0.0442788   0.0605696   0.0805172   
-0.00551909   -0.00166447   -0.0151514   -0.0112621   -0.00867405   -0.00614234   -0.00344725   -0.00209269   -0.00130689   -0.000506843   -1.87461e-10   0.00050683   0.00130683   0.00209256   0.003447   0.00614175   0.00867284   0.01126   0.015148   0.00166387   0.00551516   0.00874679   0.0120666   0.0179856   0.0225988   0.0220596   0.0200128   0.0149661   0.00644029   

1165000
-10   -9   -8   -7   -6   -5   -4   -3   -2   -1   0   1   2   3   4   5   6   7   8   9   10   11   12   13   14   15   16   17   18   
-1.07452   -0.987865   -0.820484   -0.729956   -0.633263   -0.535335   -0.438921   -0.332728   -0.222475   -0.112096   7.77938e-11   0.112096   0.222475   0.332729   0.438922   0.535338   0.633269   0.729966   0.820501   0.987869   1.07455   1.16313   1.24853   1.30978   1.33205   1.35897   1.36218   1.32714   1.28773   
0.0143281   0.0128271   0.011473   0.0106043   0.00948903   0.00854237   0.0072633   0.0067043   0.00654852   0.00647021   0.00644968   0.00647021   0.00654852   0.0067043   0.0072633   0.00854237   0.00948902   0.0106043   0.011473   0.0128269   0.0143275   0.0156283   0.0170284   0.0194593   0.0255544   0.0334164   0.0442522   0.0605795   0.0802242   
-0.00547877   -0.00165585   -0.0151429   -0.011254   -0.00867068   -0.00615327   -0.00345642   -0.00209158   -0.00130707   -0.000508022   -2.93417e-12   0.000508015   0.00130702   0.00209145   0.00345616   0.00615268   0.00866949   0.0112519   0.0151394   0.00165527   0.00547472   0.00870468   0.0120287   0.0179683   0.0225955   0.0220619   0.0200116   0.0149502   0.00657803   

1170000
-10   -9   -8   -7   -6   -5   -4   -3   -2   -1   0   1   2   3   4   5   6   7   8   9   10   11   12   13   14   15   16   17   18   
-1.07481   -0.987901   -0.820545   -0.730008   -0.633279   -0.53527   -0.438856   -0.332727   -0.222471   -0.112088   1.00555e-09   0.112088   0.222472   0.332728   0.438857   0.535273   0.633285   0.730018   0.820562   0.987906   1.07483   1.16345   1.24883   1.30992   1.33222   1.35945   1.36241   1.32877   1.28957   
0.0143041   0.0128219   0.0114649   0.0105984   0.00948374   0.00854259   0.00725956   0.00669866   0.00654235   0.0064611   0.006443   0.0064611   0.00654235   0.00669865   0.00725955   0.00854259   0.00948372   0.0105983   0.0114649   0.0128217   0.0143036   0.0156025   0.0170052   0.019449   0.0255382   0.0333654   0.0442275   0.0603626   0.0799395   
-0.00543893   -0.00164788   -0.0151335   -0.0112459   -0.00866718   -0.00616195   -0.00346609   -0.00209067   -0.00130728   -0.00050943   -2.26489e-10   0.000509414   0.00130719   0.00209054   0.00346581   0.00616131   0.00866597   0.0112438   0.01513   0.00164729   0.00543494   0.00866304   0.0119913   0.0179526   0.0225922   0.0220637   0.0200102   0.0150338   0.00671173   

1175000
-10   -9   -8   -7   -6   -5   -4   -3   -2   -1   1   2   3   4   5   6   7   8   9   10   11   12   13   14   15   16   17   18   
-1.07509   -0.987934   -0.820608   -0.730045   -0.633297   -0.53522   -0.438788   -0.332725   -0.222472   -0.112079   0.112079   0.222472   0.332725   0.438789   0.535223   0.633302   0.730056   0.820625   0.987937   1.07511   1.16377   1.24913   1.31004   1.33237   1.35992   1.36263   1.33037   1.29133   
0.0142805   0.0128171   0.0114573   0.0105918   0.00947869   0.00854161   0.00725624   0.00669326   0.00653606   0.00645216   0.00645216   0.00653605   0.00669325   0.00725623   0.00854161   0.00947868   0.0105918   0.0114573   0.0128169   0.01428   0.015577   0.0169825   0.0194396   0.0255228   0.0333137   0.0442066   0.0601514   0.0796737   
-0.00539952   -0.00164051   -0.0151233   -0.0112406   -0.00866344   -0.00616848   -0.00347617   -0.00208995   -0.00130666   -0.00051092   0.000510911   0.00130662   0.00208983   0.00347589   0.00616785   0.00866226   0.0112386   0.0151199   0.00164015   0.00539571   0.00862182   0.0119547   0.0179385   0.0225892   0.0220676   0.0200073   0.0151143   0.00683448   

1180000
-10   -7   -6   -5   -4   -3   -2   -1   0   1   2   3   4   5   6   7   8   9   10   11   12   13   14   15   16   17   18   
-1.07537   -0.730056   -0.633315   -0.53517   -0.438739   -0.332721   -0.222516   -0.11207   -1.57902e-09   0.11207   0.222516   0.332722   0.43874   0.535173   0.63332   0.730066   0.820692   0.987968   1.07539   1.16408   1.24942   1.31014   1.33252   1.36039   1.3628   1.33194   1.29302   
0.0142572   0.0105838   0.00947387   0.00854085   0.00725157   0.0066881   0.00652695   0.00644339   0.00642756   0.00644339   0.00652695   0.00668809   0.00725156   0.00854085   0.00947386   0.0105838   0.0114501   0.0128123   0.0142568   0.0155517   0.0169604   0.0194312   0.0255082   0.0332655   0.0441874   0.0599461   0.0794164   
-0.00536088   -0.011241   -0.00865949   -0.00617512   -0.0034834   -0.00208946   -0.00129841   -0.000512494   3.56442e-10   0.000512482   0.00129836   0.00208932   0.00348314   0.00617453   0.00865831   0.0112389   0.0151089   0.00163314   0.00535702   0.00858104   0.0119189   0.0179259   0.0225861   0.0220682   0.0200054   0.0151919   0.00695286   

1185000
-10   -9   -7   -6   -5   -4   -2   -1   0   1   2   4   5   6   7   9   10   11   12   13   14   15   16   17   18   
-1.07564   -0.988161   -0.730067   -0.633334   -0.535118   -0.438709   -0.222559   -0.11206   -1.50639e-09   0.11206   0.222559   0.438711   0.535121   0.633339   0.730077   0.988165   1.07566   1.16439   1.24971   1.31023   1.33265   1.36085   1.36296   1.33348   1.29469   
0.0142343   0.012795   0.010576   0.00946926   0.00854032   0.00724549   0.00651805   0.00643478   0.00641617   0.00643478   0.00651805   0.00724548   0.00854033   0.00946925   0.010576   0.0127947   0.0142339   0.0155268   0.0169386   0.0194236   0.0254942   0.0332184   0.0441728   0.0597451   0.0791661   
-0.00532262   -0.00160323   -0.0112412   -0.00865528   -0.00618185   -0.00348776   -0.00129022   -0.000514152   3.43106e-10   0.000514143   0.00129017   0.00348747   0.00618121   0.00865409   0.0112391   0.00160264   0.00531882   0.00854063   0.0118837   0.0179147   0.0225836   0.0220685   0.0200014   0.0152677   0.00706725   

1190000
-10   -9   -7   -5   -4   -3   -2   -1   0   1   2   4   5   7   9   10   11   12   13   14   15   16   17   18   
-1.07591   -0.988372   -0.730078   -0.535065   -0.438676   -0.33271   -0.222602   -0.11205   -1.40751e-09   0.11205   0.222603   0.438678   0.535067   0.730088   0.988376   1.07593   1.1647   1.24999   1.31031   1.33279   1.36129   1.36307   1.33498   1.29633   
0.0142117   0.0127764   0.0105685   0.00854011   0.00723982   0.00667869   0.00650935   0.00642633   0.00640501   0.00642633   0.00650934   0.00723982   0.0085401   0.0105685   0.0127761   0.0142113   0.0155021   0.0169171   0.0194166   0.0254822   0.0331706   0.0441609   0.059549   0.078915   
-0.00528491   -0.00157079   -0.0112412   -0.00618882   -0.00349253   -0.00208911   -0.00128209   -0.000515899   3.24163e-10   0.000515891   0.00128203   0.00349228   0.00618822   0.0112391   0.00157028   0.00528113   0.00850062   0.0118491   0.0179046   0.0225796   0.0220711   0.0199973   0.0153412   0.00718305   

1195000
-10   -9   -7   -5   -4   -3   -2   -1   0   1   2   3   4   5   7   9   10   11   12   13   14   15   16   17   18   
-1.07618   -0.988579   -0.73009   -0.535007   -0.43864   -0.332677   -0.222645   -0.112039   -1.25289e-09   0.112039   0.222646   0.332678   0.438641   0.535009   0.7301   0.988584   1.0762   1.165   1.25026   1.31039   1.33292   1.36172   1.36316   1.33644   1.29795   
0.0141894   0.0127581   0.0105612   0.00854041   0.00723458   0.00667285   0.00650083   0.00641805   0.00639405   0.00641805   0.00650084   0.00667284   0.00723458   0.00854041   0.0105612   0.0127578   0.0141891   0.0154776   0.016896   0.01941   0.0254694   0.0331242   0.0441532   0.0593573   0.078669   
-0.00524768   -0.00153891   -0.0112411   -0.00619637   -0.00349782   -0.0020942   -0.00127402   -0.00051775   2.92859e-10   0.000517742   0.00127393   0.00209407   0.00349759   0.00619578   0.0112391   0.00153837   0.00524391   0.00846101   0.0118149   0.0178952   0.0225775   0.0220724   0.0199913   0.0154128   0.00729644   

1200000
-10   -7   -6   -5   -4   -3   -2   -1   0   1   2   3   4   5   6   7   10   11   12   13   14   15   16   17   18   
-1.07644   -0.730102   -0.633366   -0.534947   -0.438601   -0.332639   -0.222688   -0.112027   -1.07501e-09   0.112027   0.222688   0.33264   0.438602   0.534949   0.633371   0.730112   1.07646   1.1653   1.25053   1.31046   1.33303   1.36215   1.36323   1.33786   1.29955   
0.0141675   0.0105541   0.00945398   0.00854104   0.00722973   0.00666705   0.00649251   0.00640994   0.00638328   0.00640994   0.0064925   0.00666705   0.00722973   0.00854103   0.00945396   0.0105541   0.0141671   0.0154534   0.0168753   0.0194038   0.0254576   0.0330784   0.0441487   0.0591721   0.0784327   
-0.00521099   -0.0112409   -0.00864859   -0.00620418   -0.00350355   -0.00210014   -0.001266   -0.000519726   2.57259e-10   0.000519716   0.00126594   0.0021   0.00350328   0.00620361   0.0086474   0.0112388   0.00520711   0.00842163   0.0117814   0.0178857   0.0225752   0.0220739   0.0199853   0.015481   0.00740444   

1205000
-10   -9   -8   -7   -6   -5   -4   -3   -2   -1   0   1   2   3   4   5   6   7   8   9   10   11   12   13   15   16   17   18   
-1.0767   -0.988633   -0.821097   -0.730114   -0.633394   -0.534884   -0.438559   -0.332601   -0.22273   -0.112015   -3.41716e-10   0.112015   0.22273   0.332601   0.43856   0.534887   0.633399   0.730124   0.821114   0.988662   1.07672   1.1656   1.2508   1.31072   1.36257   1.36325   1.33924   1.3011   
0.0141458   0.0127006   0.0114194   0.0105472   0.00944658   0.00854199   0.00722526   0.00666151   0.00648437   0.00640199   0.00637271   0.00640199   0.00648436   0.0066615   0.00722525   0.008542   0.00944656   0.0105472   0.0114193   0.0127005   0.0141454   0.0154295   0.0168548   0.0193867   0.033033   0.044147   0.0589953   0.0781952   
-0.00517446   -0.00154227   -0.015038   -0.0112405   -0.00864455   -0.00621234   -0.00350962   -0.00210625   -0.00125803   -0.000521796   9.76194e-11   0.000521786   0.00125801   0.00210614   0.00350933   0.00621173   0.00864337   0.0112384   0.0150345   0.00153628   0.00517075   0.00838269   0.0117484   0.0178576   0.0220758   0.0199788   0.0155443   0.00751406   

1210000
-10   -9   -8   -7   -6   -5   -4   -3   -2   -1   0   1   2   3   4   5   6   7   8   9   10   11   12   13   15   16   17   18   
-1.07695   -0.987073   -0.821249   -0.730126   -0.633422   -0.534818   -0.438514   -0.33256   -0.222772   -0.112003   2.80644e-10   0.112003   0.222772   0.332561   0.438515   0.53482   0.633428   0.730136   0.821266   0.987102   1.07697   1.16589   1.25106   1.31097   1.363   1.36326   1.34056   1.30262   
0.0141244   0.0126783   0.0114106   0.0105405   0.00943937   0.0085434   0.00722116   0.00665621   0.00647641   0.00639419   0.00636231   0.00639419   0.00647641   0.00665621   0.00722116   0.0085434   0.00943936   0.0105405   0.0114106   0.0126781   0.014124   0.0154058   0.0168348   0.0193704   0.0329903   0.0441515   0.0588233   0.0779664   
-0.00513848   -0.00189597   -0.0150119   -0.0112399   -0.00864038   -0.00622098   -0.00351608   -0.00211254   -0.00125012   -0.000523954   -3.79327e-11   0.000523944   0.0012501   0.00211242   0.0035158   0.00622038   0.0086392   0.0112379   0.0150084   0.00188987   0.00513481   0.00834405   0.0117159   0.0178308   0.0220749   0.0199691   0.015606   0.00761872   

1215000
-10   -9   -8   -7   -6   -5   -4   -3   -2   -1   0   1   2   3   4   5   6   7   8   9   10   11   12   13   14   15   16   17   18   
-1.0772   -0.985538   -0.821349   -0.730139   -0.633451   -0.53476   -0.438466   -0.332519   -0.222813   -0.11199   4.4316e-10   0.11199   0.222813   0.33252   0.438468   0.534763   0.633457   0.730149   0.821367   0.985568   1.07722   1.16618   1.25131   1.31119   1.33334   1.3634   1.36321   1.34184   1.30411   
0.0141033   0.012656   0.0113996   0.0105339   0.00943234   0.00854418   0.00721745   0.00665117   0.00646866   0.00638656   0.00635209   0.00638656   0.00646866   0.00665117   0.00721745   0.00854418   0.00943233   0.0105339   0.0113996   0.0126559   0.0141028   0.0153823   0.0168151   0.0193553   0.0254259   0.0329465   0.0441556   0.0586588   0.077744   
-0.0051028   -0.00224406   -0.0149969   -0.0112393   -0.00863604   -0.00622844   -0.00352292   -0.00211905   -0.00124228   -0.000526194   -7.29828e-11   0.000526185   0.00124221   0.00211888   0.00352264   0.00622782   0.00863486   0.0112373   0.0149935   0.00223805   0.00509929   0.00830572   0.011684   0.0178064   0.0225706   0.0220767   0.019962   0.0156633   0.00772002   

1220000
-10   -9   -8   -7   -6   -5   -4   -3   -2   -1   0   1   2   3   4   5   6   7   8   9   10   11   12   13   15   16   17   18   
-1.07745   -0.983941   -0.821414   -0.730152   -0.63348   -0.534728   -0.438415   -0.332476   -0.222854   -0.111976   7.67663e-10   0.111976   0.222855   0.332477   0.438416   0.534731   0.633486   0.730162   0.821431   0.98397   1.07747   1.16647   1.25156   1.3114   1.36381   1.36315   1.3431   1.30553   
0.0140823   0.0126337   0.011387   0.0105276   0.00942552   0.00854279   0.0072142   0.00664637   0.00646109   0.00637908   0.00634205   0.00637908   0.00646109   0.00664637   0.0072142   0.00854279   0.0094255   0.0105276   0.011387   0.0126335   0.0140819   0.0153591   0.0167957   0.0193415   0.0329048   0.044166   0.058498   0.0775245   
-0.00506772   -0.00260593   -0.0149899   -0.0112386   -0.0086315   -0.00623235   -0.00353025   -0.00212571   -0.00123448   -0.000528508   -1.45626e-10   0.000528499   0.00123441   0.00212557   0.00352997   0.00623171   0.00863032   0.0112365   0.0149864   0.00259999   0.00506412   0.0082678   0.0116526   0.0177837   0.0220763   0.0199516   0.0157186   0.00782036   

1225000
-10   -9   -8   -7   -6   -5   -4   -3   -2   -1   0   1   2   3   4   5   6   7   8   9   10   11   12   13   14   15   16   17   18   
-1.0777   -0.982348   -0.821483   -0.730165   -0.63351   -0.534695   -0.43836   -0.332432   -0.222895   -0.111962   5.18896e-10   0.111962   0.222896   0.332433   0.438361   0.534698   0.633516   0.730175   0.8215   0.982377   1.07772   1.16675   1.25181   1.31158   1.33386   1.3642   1.36305   1.34434   1.30692   
0.0140617   0.0126114   0.0113749   0.0105214   0.00941886   0.00854163   0.00721144   0.00664184   0.00645373   0.00637178   0.00633218   0.00637178   0.00645372   0.00664184   0.00721144   0.00854163   0.00941885   0.0105214   0.0113749   0.0126112   0.0140613   0.0153362   0.0167766   0.019329   0.0253751   0.032863   0.0441785   0.0583398   0.0773169   
-0.00503292   -0.00296717   -0.0149815   -0.0112376   -0.00862681   -0.00623629   -0.00353812   -0.00213259   -0.0012267   -0.000530882   -9.37014e-11   0.000530872   0.00122665   0.00213246   0.00353784   0.00623569   0.00862563   0.0112356   0.0149781   0.0029612   0.00502932   0.00823026   0.0116219   0.0177631   0.0225615   0.0220771   0.0199417   0.015773   0.00791355   

1230000
-10   -9   -8   -7   -6   -5   -4   -3   -2   -1   0   1   2   3   4   5   6   7   8   9   10   11   12   13   14   15   16   17   18   
-1.07794   -0.980749   -0.821558   -0.730178   -0.63354   -0.534662   -0.438302   -0.332386   -0.222937   -0.111948   -1.36854e-11   0.111948   0.222937   0.332387   0.438303   0.534664   0.633546   0.730188   0.821575   0.980778   1.07796   1.16704   1.25205   1.31174   1.33433   1.36459   1.36292   1.34554   1.30826   
0.0140413   0.0125892   0.0113634   0.0105154   0.00941239   0.00854068   0.00720913   0.00663761   0.00644656   0.00636465   0.00632248   0.00636465   0.00644656   0.00663761   0.00720912   0.00854067   0.00941237   0.0105154   0.0113634   0.012589   0.0140408   0.0153135   0.0167579   0.0193177   0.0253316   0.0328223   0.0441963   0.0581796   0.077116   
-0.00499828   -0.00332957   -0.0149717   -0.0112366   -0.00862198   -0.00624034   -0.00354638   -0.00213972   -0.00121889   -0.000533296   1.93509e-11   0.000533285   0.00121884   0.0021396   0.00354612   0.00623978   0.00862081   0.0112346   0.0149682   0.0033236   0.00499485   0.00819299   0.0115916   0.0177445   0.022552   0.0220775   0.0199295   0.0158304   0.00800294   

1235000
-10   -9   -8   -7   -6   -5   -4   -2   -1   0   1   2   3   4   5   6   7   8   9   10   11   12   13   14   15   16   17   18   
-1.07818   -0.979072   -0.821643   -0.730193   -0.633571   -0.534627   -0.438241   -0.222978   -0.111934   -2.76448e-10   0.111934   0.222978   0.33234   0.438242   0.53463   0.633576   0.730202   0.82166   0.9791   1.0782   1.16731   1.25233   1.31189   1.33479   1.36497   1.36276   1.34677   1.3096   
0.0140211   0.0125668   0.0113525   0.0105095   0.00940607   0.00853991   0.00720726   0.00643958   0.00635771   0.00631297   0.00635771   0.00643958   0.00663361   0.00720725   0.00853991   0.00940606   0.0105095   0.0113525   0.0125667   0.0140207   0.015291   0.0167367   0.0193075   0.025289   0.0327819   0.0442172   0.0580293   0.0769185   
-0.00496442   -0.00370931   -0.0149593   -0.0112354   -0.008617   -0.00624447   -0.00355506   -0.00121111   -0.000535715   7.21611e-11   0.000535711   0.00121105   0.00214682   0.00355482   0.00624385   0.00861584   0.0112334   0.0149559   0.00370343   0.0049609   0.00815597   0.0115574   0.0177281   0.0225421   0.0220785   0.0199166   0.0158801   0.00809055   

1240000
-10   -9   -8   -7   -6   -5   -4   -2   -1   0   1   2   3   4   5   6   7   8   9   10   11   12   13   15   16   17   18   
-1.07841   -0.977235   -0.821744   -0.730207   -0.633602   -0.534589   -0.438177   -0.223019   -0.11192   -7.43412e-10   0.11192   0.223019   0.332293   0.438179   0.534592   0.633607   0.730217   0.821761   0.977263   1.07843   1.16759   1.25263   1.31201   1.36535   1.36257   1.34796   1.31092   
0.0140013   0.012544   0.0113424   0.0105038   0.00939993   0.0085396   0.00720579   0.00643278   0.00635097   0.00630365   0.00635096   0.00643278   0.00662983   0.00720579   0.00853958   0.00939991   0.0105038   0.0113424   0.0125439   0.0140009   0.0152687   0.0167143   0.0192985   0.032743   0.0442415   0.0578784   0.0767205   
-0.0049308   -0.00412404   -0.0149431   -0.0112341   -0.00861189   -0.00624907   -0.00356408   -0.00120333   -0.000538119   1.67433e-10   0.000538112   0.00120328   0.00215411   0.00356383   0.00624858   0.00861072   0.0112321   0.0149397   0.00411824   0.00492731   0.00811944   0.0115215   0.0177135   0.0220781   0.0199032   0.0159317   0.00817891   

1245000
-10   -9   -7   -6   -5   -4   -3   -2   -1   0   1   2   3   4   5   6   7   9   10   11   12   13   14   15   16   17   18   
-1.07865   -0.97517   -0.730221   -0.633633   -0.534549   -0.438139   -0.332279   -0.22306   -0.111906   -2.37704e-09   0.111907   0.223061   0.33228   0.438141   0.534552   0.633639   0.730231   0.975198   1.07867   1.16786   1.25292   1.31211   1.3357   1.36571   1.36232   1.34913   1.31224   
0.0139816   0.0125206   0.0104982   0.00939394   0.00853958   0.00720234   0.00662378   0.00642617   0.00634445   0.00629453   0.00634445   0.00642616   0.00662378   0.00720234   0.00853956   0.00939393   0.0104982   0.0125204   0.0139812   0.0152467   0.0166921   0.0192908   0.0252056   0.0327044   0.0442689   0.0577311   0.0765232   
-0.00489747   -0.00458903   -0.0112327   -0.00860664   -0.00625398   -0.00356932   -0.00215598   -0.00119557   -0.000540437   5.16828e-10   0.000540427   0.00119551   0.00215585   0.00356904   0.00625344   0.00860548   0.0112307   0.00458331   0.00489403   0.00808322   0.011486   0.0177015   0.022522   0.0220786   0.0198907   0.0159813   0.00826723   

1250000
-10   -9   -8   -7   -6   -5   -4   -3   -2   -1   0   1   2   3   4   5   6   7   8   9   10   11   12   13   14   15   16   17   18   
-1.07888   -0.972924   -0.821903   -0.730236   -0.633665   -0.534507   -0.438109   -0.332269   -0.223101   -0.111893   -6.04493e-09   0.111893   0.223102   0.332269   0.43811   0.53451   0.63367   0.730246   0.82192   0.972918   1.07889   1.16813   1.25321   1.31219   1.33615   1.36607   1.36205   1.35028   1.31355   
0.0139622   0.0124965   0.0113208   0.0104928   0.00938813   0.00853981   0.00719838   0.00661763   0.00641974   0.00633813   0.00628562   0.00633813   0.00641973   0.00661763   0.00719837   0.0085398   0.00938812   0.0104928   0.0113208   0.0124963   0.0139618   0.015225   0.0166703   0.0192842   0.0251647   0.032667   0.0443041   0.0575856   0.0763315   
-0.0048645   -0.00509371   -0.0149201   -0.0112312   -0.00860124   -0.00625905   -0.00357344   -0.00215724   -0.00118782   -0.000542765   1.31606e-09   0.000542755   0.00118774   0.0021571   0.00357318   0.00625851   0.00860008   0.0112292   0.0149167   0.00509553   0.00486114   0.00804742   0.0114508   0.0176913   0.0225122   0.0220784   0.0198733   0.0160307   0.00835225   

1255000
-10   -9   -8   -7   -6   -5   -4   -3   -2   -1   0   1   2   3   4   5   6   7   8   9   10   11   12   13   14   15   16   17   18   
-1.0791   -0.970728   -0.82192   -0.730251   -0.633697   -0.534464   -0.438076   -0.332257   -0.223143   -0.111879   -1.08764e-08   0.111879   0.223143   0.332258   0.438077   0.534467   0.633703   0.730261   0.821938   0.970757   1.07912   1.16839   1.25349   1.31225   1.33658   1.36641   1.36265   1.35141   1.31482   
0.0139429   0.0124727   0.0113073   0.0104875   0.00938252   0.00854032   0.00719472   0.00661168   0.00641349   0.00633197   0.00627686   0.00633197   0.00641348   0.00661167   0.00719471   0.00854033   0.00938251   0.0104875   0.0113073   0.0124725   0.0139426   0.0152036   0.0166486   0.0192787   0.0251241   0.0326306   0.04424   0.0574428   0.0761384   
-0.00483184   -0.0055876   -0.014922   -0.0112296   -0.00859565   -0.00626434   -0.00357792   -0.00215867   -0.00118005   -0.000545178   2.35757e-09   0.000545167   0.00118   0.00215855   0.00357763   0.0062637   0.00859451   0.0112276   0.0149186   0.00558163   0.00482849   0.00801202   0.0114159   0.0176831   0.0225029   0.0220791   0.0198812   0.0160789   0.00843858   

1260000
-10   -9   -8   -7   -6   -5   -4   -3   -2   -1   0   1   2   3   4   5   6   7   8   10   11   12   13   14   15   16   17   18   
-1.07933   -0.968436   -0.822083   -0.730264   -0.633729   -0.534418   -0.43804   -0.332245   -0.223184   -0.111864   -1.69426e-08   0.111864   0.223184   0.332245   0.438042   0.534421   0.633734   0.730274   0.8221   1.07935   1.16865   1.25377   1.31229   1.33702   1.36674   1.36374   1.35251   1.31609   
0.0139239   0.0124486   0.0112999   0.0104826   0.00937717   0.00854119   0.00719138   0.0066059   0.00640742   0.00632596   0.00626822   0.00632596   0.00640742   0.0066059   0.00719138   0.00854119   0.00937716   0.0104826   0.0112999   0.0139236   0.0151825   0.0166272   0.0192742   0.0250848   0.0325961   0.0441183   0.0573019   0.0759448   
-0.00479952   -0.00610262   -0.0148913   -0.0112283   -0.00859006   -0.00626999   -0.00358277   -0.00216028   -0.00117233   -0.000547668   3.66587e-09   0.000547661   0.00117226   0.00216015   0.00358249   0.00626934   0.00858891   0.0112263   0.0148879   0.00479607   0.00797725   0.0113814   0.0176768   0.0224924   0.0220793   0.0199057   0.0161264   0.008526   

1265000
-10   -9   -8   -7   -6   -4   -3   -2   -1   0   1   3   4   6   7   8   9   10   11   12   13   14   15   16   17   18   
-1.07955   -0.965897   -0.822415   -0.730277   -0.63376   -0.438002   -0.332231   -0.223225   -0.111849   -5.07951e-08   0.111849   0.332231   0.438003   0.633765   0.730287   0.822431   0.965926   1.07957   1.16891   1.25405   1.31232   1.33744   1.36706   1.36482   1.3536   1.31736   
0.0139051   0.0124237   0.0112987   0.0104778   0.00937207   0.00718836   0.00660031   0.00640154   0.00632013   0.00625971   0.00632013   0.0066003   0.00718835   0.00937206   0.0104779   0.0112987   0.0124236   0.0139048   0.0151616   0.016606   0.0192706   0.0250453   0.0325625   0.044   0.0571641   0.0757603   
-0.00476745   -0.00667219   -0.0148222   -0.0112268   -0.00858447   -0.00358795   -0.00216204   -0.00116459   -0.000550268   1.07962e-08   0.00055026   0.00216192   0.00358769   0.00858334   0.0112248   0.0148189   0.00666636   0.00476412   0.00794234   0.0113471   0.0176721   0.0224835   0.0220794   0.0199283   0.0161724   0.00860732   

1270000
-10   -8   -7   -6   -5   -4   -3   -1   0   1   2   3   4   5   6   7   8   9   10   11   12   13   14   15   16   17   18   
-1.07977   -0.822729   -0.73029   -0.633791   -0.534331   -0.437961   -0.332216   -0.111833   -4.41662e-08   0.111833   0.223267   0.332217   0.437963   0.534334   0.633797   0.7303   0.822746   0.96343   1.07979   1.16916   1.25433   1.31234   1.33786   1.36737   1.36587   1.35467   1.3186   
0.0138866   0.0112969   0.0104732   0.00936716   0.00854278   0.00718565   0.00659489   0.00631449   0.00625132   0.00631449   0.00639585   0.00659489   0.00718564   0.00854278   0.00936715   0.0104732   0.0112969   0.012399   0.0138862   0.0151415   0.0165851   0.0192679   0.0250075   0.0325298   0.0438837   0.0570294   0.0755757   
-0.00473563   -0.014757   -0.0112253   -0.00857879   -0.00628051   -0.00359353   -0.00216398   -0.000553006   9.36314e-09   0.000552997   0.00115677   0.00216385   0.00359325   0.00627986   0.00857765   0.0112233   0.0147537   0.00722661   0.00473238   0.00790938   0.0113132   0.017669   0.0224726   0.0220794   0.0199506   0.0162168   0.00868921   

1275000
-10   -9   -8   -7   -6   -5   -4   -3   -2   -1   0   1   3   4   5   6   7   8   9   10   11   12   13   14   15   16   17   18   
-1.07999   -0.961137   -0.823029   -0.730305   -0.633823   -0.534315   -0.437919   -0.3322   -0.223284   -0.111816   -4.35625e-08   0.111816   0.3322   0.437919   0.534318   0.633828   0.730314   0.823045   0.961167   1.08001   1.16941   1.2546   1.31234   1.33827   1.36767   1.36689   1.35572   1.3198   
0.0138681   0.0123754   0.0112945   0.0104687   0.00936243   0.00854137   0.00718324   0.0065897   0.0063887   0.00630902   0.00624306   0.00630902   0.00658969   0.00718325   0.00854137   0.00936242   0.0104687   0.0112945   0.0123753   0.0138677   0.0151214   0.0165644   0.0192658   0.0249698   0.0324983   0.0437691   0.0568981   0.0753973   
-0.0047042   -0.00774193   -0.0146953   -0.0112235   -0.008573   -0.00628199   -0.00359937   -0.00216614   -0.00115358   -0.000555831   9.77006e-09   0.000555821   0.00216601   0.00359918   0.00628136   0.00857184   0.0112215   0.014692   0.00773586   0.00470079   0.00787601   0.0112797   0.017667   0.0224634   0.022079   0.0199733   0.0162593   0.00876775   

1280000
-10   -9   -8   -7   -6   -5   -4   -3   -2   -1   0   1   2   3   4   5   6   7   8   9   10   11   12   13   14   15   16   17   18   
-1.08021   -0.958674   -0.823296   -0.73032   -0.633854   -0.534299   -0.437871   -0.332182   -0.223282   -0.111799   -3.45411e-08   0.111799   0.223282   0.332183   0.437872   0.534302   0.63386   0.730329   0.823313   0.958702   1.08022   1.16965   1.25487   1.31235   1.33867   1.36797   1.36789   1.35673   1.32098   
0.0138499   0.0123512   0.0112911   0.0104643   0.00935789   0.00854006   0.00718129   0.00658468   0.00638042   0.00630371   0.00623491   0.00630371   0.00638042   0.00658467   0.0071813   0.00854005   0.00935788   0.0104643   0.0112911   0.012351   0.0138495   0.0151015   0.016544   0.0192631   0.0249328   0.0324686   0.0436577   0.0567677   0.0752224   
-0.00467288   -0.00829541   -0.0146406   -0.0112216   -0.00856712   -0.00628343   -0.00360587   -0.00216849   -0.00115387   -0.000558742   7.7495e-09   0.000558732   0.00115382   0.00216838   0.00360567   0.00628279   0.00856598   0.0112196   0.0146374   0.00828973   0.00466974   0.00784295   0.0112464   0.0176645   0.0224537   0.0220772   0.0199944   0.0163024   0.00884433   

1285000
-10   -9   -8   -7   -5   -4   -3   -2   -1   0   1   2   3   4   5   6   7   8   9   10   11   12   13   14   15   16   17   18   
-1.08042   -0.956071   -0.823538   -0.730335   -0.534283   -0.437821   -0.332164   -0.22328   -0.111781   -2.67461e-08   0.111781   0.22328   0.332164   0.437822   0.534286   0.633892   0.730345   0.823555   0.956097   1.08044   1.16989   1.25513   1.31246   1.33907   1.36824   1.36886   1.35775   1.32214   
0.0138318   0.0123268   0.0112872   0.01046   0.00853885   0.00717972   0.00657985   0.0063723   0.00629857   0.00622693   0.00629857   0.00637229   0.00657984   0.00717972   0.00853885   0.00935354   0.01046   0.0112871   0.0123266   0.0138314   0.0150818   0.0165238   0.019255   0.0248963   0.0324381   0.0435481   0.0566454   0.0750538   
-0.00464199   -0.00887953   -0.0145917   -0.0112196   -0.00628489   -0.00361287   -0.00217099   -0.00115417   -0.000561737   6.01999e-09   0.000561726   0.00115411   0.00217087   0.0036126   0.0062842   0.00856   0.0112176   0.0145884   0.00887434   0.00463875   0.00781019   0.0112136   0.0176512   0.0224439   0.0220782   0.0200157   0.016339   0.00891703   

1290000
-10   -9   -8   -7   -6   -5   -4   -3   -2   -1   0   1   2   3   4   5   6   7   8   9   10   11   12   13   14   15   16   17   18   
-1.08063   -0.953898   -0.823777   -0.730352   -0.633906   -0.534267   -0.437767   -0.332144   -0.223278   -0.111763   -2.09525e-08   0.111763   0.223279   0.332145   0.437768   0.534269   0.633912   0.730362   0.823793   0.953924   1.08065   1.17013   1.2554   1.31257   1.33947   1.36853   1.36982   1.35873   1.32326   
0.0138139   0.0123042   0.0112832   0.0104558   0.00934892   0.00853779   0.00717851   0.0065752   0.00636433   0.0062936   0.00621906   0.0062936   0.00636433   0.00657519   0.00717851   0.00853779   0.00934892   0.0104558   0.0112832   0.0123041   0.0138135   0.0150623   0.0165036   0.0192472   0.0248603   0.0324105   0.0434421   0.0565244   0.0748885   
-0.00461126   -0.00936944   -0.0145436   -0.0112174   -0.00855759   -0.00628628   -0.00362025   -0.00217369   -0.00115447   -0.000564817   4.73004e-09   0.000564803   0.00115442   0.00217356   0.00361998   0.00628568   0.00855645   0.0112154   0.0145404   0.00936426   0.00460805   0.00777769   0.0111806   0.0176386   0.0224342   0.0220763   0.0200349   0.0163757   0.00898808   

1295000
-10   -9   -8   -7   -6   -5   -4   -3   -2   -1   0   1   2   3   4   5   6   7   8   9   10   11   12   13   14   15   16   17   18   
-1.08084   -0.951371   -0.824012   -0.73037   -0.633922   -0.534248   -0.437711   -0.332123   -0.223277   -0.111744   -1.7251e-08   0.111744   0.223277   0.332124   0.437712   0.534251   0.633928   0.73038   0.824028   0.951401   1.08086   1.17037   1.25566   1.31267   1.33986   1.36879   1.37074   1.35971   1.32438   
0.0137961   0.0122805   0.0112793   0.0104516   0.00934433   0.00853707   0.00717766   0.00657073   0.00635651   0.0062888   0.00621132   0.0062888   0.00635651   0.00657072   0.00717765   0.00853707   0.00934432   0.0104516   0.0112793   0.0122803   0.0137958   0.0150431   0.016484   0.0192397   0.0248248   0.032383   0.0433384   0.0564057   0.0747256   
-0.00458074   -0.0099376   -0.0144963   -0.0112149   -0.00855473   -0.00628798   -0.00362807   -0.00217655   -0.00115477   -0.000567977   3.89817e-09   0.000567962   0.00115472   0.00217643   0.00362779   0.00628736   0.00855358   0.011213   0.014493   0.00993167   0.00457758   0.00774564   0.0111486   0.0176266   0.0224244   0.0220757   0.0200539   0.0164112   0.00905776   

1300000
-10   -9   -8   -7   -6   -5   -4   -3   -2   -1   0   1   2   3   4   5   6   7   8   9   10   11   12   13   14   15   16   17   
-1.08105   -0.948483   -0.824258   -0.730389   -0.633938   -0.534229   -0.437651   -0.332101   -0.223274   -0.111725   -1.40031e-08   0.111725   0.223275   0.332102   0.437653   0.534232   0.633943   0.730399   0.824275   0.948509   1.08107   1.17061   1.25591   1.31276   1.34025   1.36904   1.37168   1.36067   
0.0137786   0.0122558   0.011276   0.0104474   0.00933987   0.00853649   0.00717714   0.00656645   0.00634884   0.00628416   0.00620371   0.00628416   0.00634884   0.00656645   0.00717714   0.00853649   0.00933988   0.0104474   0.011276   0.0122556   0.0137782   0.015024   0.0164644   0.0192327   0.0247903   0.0323567   0.0432404   0.0562887   
-0.00455047   -0.0105851   -0.0144463   -0.0112124   -0.00855192   -0.0062897   -0.00363628   -0.00217955   -0.0011551   -0.000571218   3.17008e-09   0.000571201   0.00115506   0.00217942   0.00363602   0.00628906   0.0085508   0.0112104   0.0144431   0.0105799   0.00454734   0.00771365   0.0111166   0.0176152   0.0224136   0.0220751   0.0200677   0.0164459   

1305000
-10   -9   -8   -7   -6   -5   -4   -3   -2   -1   0   1   2   3   4   5   6   7   8   9   10   11   12   13   14   15   16   17   18   
-1.08125   -0.945774   -0.824489   -0.730413   -0.633953   -0.53421   -0.437597   -0.332078   -0.223272   -0.111705   -1.30413e-08   0.111705   0.223272   0.332079   0.437598   0.534213   0.633958   0.730423   0.824505   0.945804   1.08127   1.17084   1.25617   1.31285   1.34062   1.36928   1.37257   1.36161   1.3266   
0.0137612   0.0122319   0.0112724   0.010443   0.00933556   0.00853608   0.00717629   0.00656237   0.0063413   0.0062797   0.00619621   0.0062797   0.00634131   0.00656237   0.00717628   0.00853607   0.00933555   0.010443   0.0112724   0.0122318   0.0137608   0.0150051   0.016445   0.0192261   0.0247551   0.032331   0.0431414   0.0561698   0.0744015   
-0.00452043   -0.0111933   -0.0144001   -0.0112091   -0.0085492   -0.00629149   -0.00364375   -0.00218273   -0.00115545   -0.000574536   2.94957e-09   0.000574516   0.00115541   0.00218262   0.00364347   0.00629084   0.00854807   0.011207   0.0143969   0.0111874   0.00451736   0.00768204   0.0110847   0.0176047   0.0224049   0.0220751   0.0200845   0.016483   0.00919672   

1310000
-10   -9   -8   -7   -6   -5   -4   -3   -2   -1   0   1   2   3   4   5   6   7   8   9   10   11   12   13   14   15   16   17   18   
-1.08146   -0.943091   -0.824712   -0.73048   -0.633966   -0.53419   -0.43757   -0.332054   -0.22327   -0.111685   -1.12182e-08   0.111685   0.22327   0.332055   0.437571   0.534193   0.633971   0.73049   0.824728   0.943118   1.08148   1.17107   1.25642   1.31292   1.34101   1.36951   1.37346   1.36256   1.32769   
0.013744   0.0122085   0.0112689   0.010435   0.00933153   0.00853583   0.00717329   0.00655848   0.00633391   0.0062754   0.00618884   0.0062754   0.00633391   0.00655847   0.00717328   0.00853583   0.00933153   0.010435   0.0112689   0.0122084   0.0137436   0.0149864   0.0164258   0.0192205   0.0247215   0.0323077   0.0430435   0.0560543   0.0742382   
-0.00449062   -0.0117959   -0.0143554   -0.0111997   -0.00854678   -0.00629335   -0.00364722   -0.00218611   -0.00115584   -0.000577931   2.53921e-09   0.000577918   0.0011558   0.00218599   0.00364694   0.00629271   0.00854564   0.0111977   0.0143522   0.0117904   0.00448758   0.00765062   0.0110533   0.0175959   0.0223938   0.0220733   0.0201012   0.0165176   0.00926756   

1315000
-10   -9   -8   -6   -5   -4   -3   -2   -1   0   1   2   3   4   5   6   8   9   10   11   12   13   14   15   16   17   18   
-1.08166   -0.940352   -0.824904   -0.633978   -0.534169   -0.437541   -0.332029   -0.223267   -0.111665   -9.52354e-09   0.111665   0.223267   0.332029   0.437542   0.534172   0.633983   0.82492   0.94038   1.08168   1.1713   1.25667   1.31298   1.34138   1.36973   1.37433   1.36349   1.3288   
0.0137268   0.0121854   0.0112648   0.00932763   0.00853577   0.00717055   0.00655477   0.00632667   0.00627128   0.0061816   0.00627128   0.00632666   0.00655476   0.00717054   0.00853577   0.00932762   0.0112647   0.0121852   0.0137264   0.0149678   0.0164068   0.0192153   0.0246871   0.0322848   0.0429464   0.0559386   0.0740781   
-0.00446107   -0.0124108   -0.0143177   -0.00854439   -0.00629532   -0.00365097   -0.00218967   -0.00115629   -0.000581382   2.15953e-09   0.000581354   0.00115623   0.00218953   0.00365069   0.00629467   0.00854326   0.0143145   0.0124053   0.00445799   0.00761933   0.0110221   0.0175879   0.0223851   0.0220725   0.0201187   0.016553   0.00933629   

1320000
-10   -9   -8   -7   -6   -5   -4   -3   -2   0   2   3   4   5   6   7   8   9   10   11   12   13   14   15   16   17   18   
-1.08186   -0.937627   -0.825069   -0.730583   -0.63399   -0.534146   -0.43751   -0.332002   -0.223264   -7.51322e-09   0.223264   0.332002   0.437511   0.534149   0.633996   0.730593   0.825085   0.937655   1.08188   1.17152   1.25692   1.31304   1.34175   1.36994   1.37519   1.36441   1.32988   
0.0137098   0.0121628   0.0112601   0.0104182   0.00932384   0.00853604   0.00716807   0.00655126   0.00631955   0.00617447   0.00631954   0.00655126   0.00716806   0.00853604   0.00932383   0.0104182   0.01126   0.0121626   0.0137095   0.0149495   0.016388   0.0192105   0.0246537   0.0322629   0.0428525   0.055826   0.073919   
-0.00443171   -0.0130227   -0.0142859   -0.011187   -0.00854201   -0.00629762   -0.003655   -0.00219342   -0.00115675   1.71182e-09   0.00115671   0.00219333   0.00365472   0.00629698   0.0085409   0.011185   0.0142827   0.0130171   0.00442866   0.00758861   0.0109912   0.0175806   0.0223754   0.022072   0.0201336   0.0165868   0.00940476   

1325000
-10   -9   -8   -7   -6   -5   -4   -3   -2   0   2   3   4   5   6   7   8   9   10   11   12   13   14   15   16   17   18   
-1.08206   -0.934931   -0.825232   -0.730612   -0.634002   -0.534121   -0.437477   -0.331973   -0.223261   -5.53735e-09   0.223261   0.331974   0.437478   0.534124   0.634008   0.730622   0.825248   0.934958   1.08208   1.17174   1.25716   1.31309   1.34211   1.37013   1.37604   1.36533   1.33096   
0.013693   0.0121408   0.0112556   0.010409   0.00932014   0.00853657   0.00716584   0.006548   0.00631256   0.00616748   0.00631256   0.00654799   0.00716584   0.00853657   0.00932014   0.010409   0.0112556   0.0121407   0.0136926   0.0149314   0.0163694   0.0192061   0.0246205   0.0322419   0.0427594   0.0557142   0.0737592   
-0.00440249   -0.0136281   -0.0142545   -0.0111851   -0.00853963   -0.00630016   -0.00365931   -0.00219752   -0.00115727   1.28755e-09   0.00115722   0.00219739   0.00365903   0.00629953   0.00853843   0.0111831   0.0142513   0.0136228   0.00439948   0.00755817   0.0109605   0.017574   0.0223658   0.0220714   0.0201491   0.0166204   0.009474   

1330000
-10   -9   -8   -7   -6   -5   -4   -3   -2   -1   0   2   3   4   6   7   8   9   10   11   12   13   14   15   16   17   18   
-1.08226   -0.932376   -0.825393   -0.730642   -0.634015   -0.534095   -0.437442   -0.331943   -0.223257   -0.111622   -3.93162e-09   0.223257   0.331944   0.437443   0.63402   0.730651   0.825409   0.932403   1.08228   1.17196   1.2574   1.31313   1.34247   1.37033   1.37688   1.36623   1.33204   
0.0136763   0.0121198   0.0112512   0.0104   0.00931652   0.00853723   0.00716387   0.00654492   0.00630571   0.00625851   0.00616061   0.0063057   0.00654492   0.00716387   0.00931652   0.0104   0.0112512   0.0121197   0.0136759   0.0149136   0.016351   0.0192021   0.0245876   0.0322221   0.0426682   0.0556019   0.0736024   
-0.00437349   -0.0142025   -0.0142236   -0.0111832   -0.00853717   -0.00630276   -0.00366387   -0.00220177   -0.00115785   -0.000588243   9.34036e-10   0.00115779   0.00220165   0.00366361   0.00853603   0.0111812   0.0142204   0.0141972   0.00437053   0.00752819   0.01093   0.0175682   0.0223566   0.0220702   0.0201637   0.0166553   0.00954124   

1335000
-10   -9   -8   -7   -5   -4   -3   -2   -1   0   1   2   3   4   6   7   8   9   10   11   12   13   14   15   16   17   18   
-1.08245   -0.929901   -0.825552   -0.730671   -0.534057   -0.437405   -0.331912   -0.223253   -0.111651   -2.70339e-09   0.111652   0.223253   0.331913   0.437406   0.634033   0.73068   0.825568   0.929927   1.08247   1.17218   1.25764   1.31316   1.34284   1.37051   1.37769   1.36712   1.33311   
0.0136597   0.0120998   0.011247   0.0103912   0.00853706   0.00716219   0.00654202   0.00629899   0.00625169   0.00615388   0.00625169   0.00629898   0.00654202   0.00716219   0.00931297   0.0103912   0.011247   0.0120997   0.0136594   0.0148958   0.0163328   0.0191986   0.0245563   0.0322039   0.0425766   0.0554916   0.0734482   
-0.00434469   -0.0147591   -0.0141931   -0.0111811   -0.00630795   -0.00366878   -0.0022062   -0.00115845   -0.000582723   6.64682e-10   0.00058271   0.00115842   0.00220608   0.0036685   0.00853348   0.0111791   0.0141899   0.0147542   0.00434176   0.00749811   0.0108999   0.0175632   0.0223449   0.0220684   0.0201804   0.0166888   0.00960705   

1340000
-10   -9   -8   -7   -5   -4   -3   -2   -1   0   1   2   3   4   5   6   7   8   9   10   11   12   13   14   15   16   17   18   
-1.08265   -0.927636   -0.825708   -0.730699   -0.533995   -0.437365   -0.33188   -0.223248   -0.11168   -1.69625e-09   0.11168   0.223249   0.331881   0.437366   0.533998   0.634047   0.730709   0.825724   0.927664   1.08267   1.1724   1.25788   1.31319   1.34318   1.37068   1.37849   1.36801   1.33416   
0.0136433   0.0120809   0.011243   0.0103827   0.00853466   0.00716086   0.00653929   0.00629239   0.00624504   0.00614726   0.00624504   0.00629239   0.00653929   0.00716085   0.00853465   0.00930945   0.0103826   0.011243   0.0120808   0.013643   0.0148783   0.0163148   0.0191956   0.0245231   0.0321874   0.0424857   0.0553831   0.0732924   
-0.00431611   -0.0152694   -0.0141632   -0.011179   -0.00631812   -0.00367412   -0.00221077   -0.00115913   -0.000577282   4.4471e-10   0.000577269   0.0011591   0.00221064   0.00367384   0.00631745   0.00853073   0.0111771   0.01416   0.0152639   0.00431318   0.00746873   0.01087   0.0175591   0.022338   0.0220661   0.0201975   0.0167211   0.00967406   

1345000
-10   -8   -7   -6   -5   -4   -3   -2   -1   0   1   2   3   4   5   7   8   9   10   11   12   13   14   15   16   17   18   
-1.08284   -0.825859   -0.730728   -0.634065   -0.53396   -0.437322   -0.331847   -0.223244   -0.111709   1.23954e-10   0.111709   0.223244   0.331848   0.437323   0.533963   0.730738   0.825874   0.925364   1.08286   1.17261   1.25811   1.31321   1.34353   1.37083   1.3793   1.3689   1.33521   
0.013627   0.0112393   0.0103743   0.00930525   0.00853002   0.00715982   0.00653671   0.00628593   0.00623855   0.00614078   0.00623854   0.00628593   0.00653671   0.00715982   0.00853001   0.0103743   0.0112393   0.0120628   0.0136267   0.0148609   0.016297   0.019193   0.0244915   0.032171   0.042399   0.0552753   0.0731418   
-0.00428774   -0.0141342   -0.0111769   -0.00852786   -0.00632444   -0.00367981   -0.00221544   -0.0011599   -0.000571911   5.72185e-11   0.000571898   0.00115984   0.00221532   0.00367953   0.00632378   0.0111749   0.0141311   0.0157817   0.00428479   0.00743935   0.0108404   0.0175558   0.0223285   0.0220656   0.0202104   0.0167532   0.0097379   

1350000
-10   -9   -8   -7   -6   -5   -4   -3   -2   -1   0   1   2   4   5   6   7   8   9   10   11   12   13   14   15   16   17   18   
-1.08303   -0.923143   -0.826006   -0.730757   -0.634106   -0.533925   -0.437277   -0.331815   -0.223238   -0.111737   5.08486e-11   0.111737   0.223239   0.437278   0.533928   0.634111   0.730767   0.826022   0.92317   1.08305   1.17282   1.25834   1.31322   1.34388   1.37098   1.38009   1.36977   1.33624   
0.0136108   0.0120461   0.0112357   0.0103661   0.00929962   0.00852551   0.0071591   0.00653422   0.0062796   0.00623221   0.00613443   0.00623221   0.0062796   0.00715909   0.00852551   0.0092996   0.0103661   0.0112357   0.012046   0.0136105   0.0148437   0.0162792   0.0191907   0.0244606   0.0321572   0.0423118   0.0551673   0.0729944   
-0.00425942   -0.0162811   -0.0141059   -0.0111746   -0.00852143   -0.00633069   -0.00368587   -0.00222008   -0.00116068   -0.000566602   7.5092e-11   0.000566589   0.00116063   0.00368559   0.00633003   0.00852028   0.0111726   0.0141027   0.0162757   0.00425662   0.00741014   0.0108106   0.0175531   0.0223187   0.022063   0.0202253   0.0167861   0.0097998   

1355000
-10   -9   -8   -7   -6   -5   -4   -3   -2   -1   0   1   2   3   4   5   6   7   8   9   10   11   12   13   14   15   16   17   18   
-1.08322   -0.921081   -0.826151   -0.730785   -0.634146   -0.53389   -0.437229   -0.331818   -0.223233   -0.111765   2.20328e-10   0.111765   0.223233   0.331819   0.43723   0.533893   0.634152   0.730795   0.826167   0.921109   1.08324   1.17303   1.25857   1.31323   1.34422   1.37111   1.38088   1.37063   1.33725   
0.0135949   0.0120308   0.0112323   0.0103581   0.00929411   0.00852122   0.00715869   0.00652924   0.00627344   0.00622604   0.00612821   0.00622604   0.00627344   0.00652924   0.00715869   0.00852122   0.0092941   0.0103581   0.0112323   0.0120307   0.0135945   0.0148265   0.0162618   0.0191887   0.0244305   0.0321434   0.0422276   0.0550596   0.0728487   
-0.00423136   -0.0167457   -0.0140782   -0.0111723   -0.00851499   -0.00633703   -0.00369231   -0.00221897   -0.00116159   -0.000561345   4.08666e-11   0.000561332   0.00116153   0.00221884   0.00369204   0.00633638   0.00851388   0.0111703   0.014075   0.0167403   0.00422854   0.00738077   0.0107817   0.0175508   0.0223086   0.0220623   0.0202375   0.0168191   0.00986117   

1360000
-10   -9   -8   -7   -6   -5   -4   -3   -2   -1   0   1   2   3   4   5   6   7   8   9   10   11   12   13   14   15   17   18   
-1.08341   -0.919519   -0.826292   -0.730814   -0.634187   -0.533853   -0.437178   -0.33182   -0.223226   -0.111792   4.12978e-10   0.111792   0.223227   0.331821   0.43718   0.533856   0.634192   0.730824   0.826307   0.919547   1.08343   1.17324   1.2588   1.31324   1.34455   1.37122   1.3715   1.33823   
0.0135789   0.0120171   0.011229   0.0103502   0.00928873   0.00851713   0.00715862   0.00652443   0.00626742   0.00622002   0.00612218   0.00622002   0.00626742   0.00652442   0.00715861   0.00851713   0.00928871   0.0103502   0.011229   0.0120171   0.0135785   0.0148097   0.0162445   0.0191867   0.0244002   0.0321319   0.0549562   0.0727073   
-0.00420353   -0.0171   -0.0140512   -0.0111699   -0.00850852   -0.00634346   -0.00369911   -0.00221801   -0.00116254   -0.000556136   2.57425e-12   0.000556124   0.00116249   0.00221788   0.00369879   0.0063428   0.0085074   0.0111679   0.0140481   0.0170945   0.00420044   0.00735249   0.0107529   0.0175489   0.0222998   0.0220602   0.0168488   0.0099198   

1365000
-10   -9   -8   -7   -6   -5   -4   -3   -2   -1   0   1   2   3   4   5   6   7   8   9   10   11   12   14   15   16   17   18   
-1.0836   -0.917921   -0.826429   -0.730842   -0.634227   -0.533817   -0.437125   -0.331821   -0.22322   -0.11182   6.27077e-10   0.11182   0.22322   0.331822   0.437127   0.53382   0.634233   0.730852   0.826445   0.917951   1.08361   1.17345   1.25902   1.34488   1.37133   1.38239   1.37234   1.3392   
0.0135631   0.012005   0.0112258   0.0103426   0.00928346   0.00851318   0.00715888   0.00651977   0.00626154   0.00621415   0.0061163   0.00621415   0.00626154   0.00651976   0.00715888   0.00851318   0.00928345   0.0103425   0.0112258   0.0120049   0.0135627   0.014793   0.0162273   0.0243707   0.032122   0.0420586   0.0548509   0.0725706   
-0.0041758   -0.0174615   -0.014025   -0.0111674   -0.00850204   -0.00634986   -0.00370625   -0.00221719   -0.00116352   -0.000550972   -3.7367e-11   0.000550959   0.00116346   0.00221708   0.00370599   0.00634924   0.00850088   0.0111655   0.0140218   0.0174555   0.00417285   0.007324   0.0107241   0.0222906   0.0220579   0.0202667   0.0168807   0.00997571   

1370000
-10   -9   -7   -6   -5   -4   -3   -2   -1   0   1   2   3   5   6   7   8   9   10   11   12   14   15   16   17   18   
-1.08378   -0.917042   -0.730871   -0.634268   -0.53378   -0.437069   -0.331821   -0.223214   -0.111847   -7.35406e-10   0.111847   0.223214   0.331821   0.533783   0.634273   0.730881   0.826578   0.917071   1.0838   1.17365   1.25924   1.34521   1.37142   1.38313   1.37318   1.34015   
0.0135473   0.011994   0.010335   0.00927831   0.00850936   0.00715951   0.00651531   0.00625582   0.00620844   0.00611055   0.00620844   0.00625581   0.00651531   0.00850936   0.0092783   0.010335   0.0112227   0.0119939   0.013547   0.0147764   0.0162104   0.0243418   0.032113   0.0419767   0.0547476   0.0724322   
-0.00414831   -0.0176647   -0.0111648   -0.00849548   -0.00635623   -0.00371395   -0.00221656   -0.00116449   -0.000545858   2.61676e-10   0.000545838   0.00116444   0.00221644   0.00635557   0.00849435   0.0111629   0.0139964   0.0176588   0.00414541   0.0072958   0.0106957   0.0222808   0.022056   0.0202798   0.0169115   0.0100331   

1375000
-10   -9   -7   -6   -5   -4   -3   -2   -1   0   1   2   3   4   5   6   7   8   9   10   11   12   13   14   15   16   17   18   
-1.08397   -0.916011   -0.730899   -0.634308   -0.533743   -0.437048   -0.33182   -0.223207   -0.111874   -4.65501e-09   0.111874   0.223207   0.331821   0.437049   0.533746   0.634313   0.730909   0.826702   0.91604   1.08398   1.17385   1.25946   1.31336   1.34553   1.37149   1.38387   1.37402   1.34109   
0.0135318   0.0119849   0.0103277   0.00927327   0.00850568   0.00715732   0.00651103   0.00625025   0.00620289   0.00610494   0.00620289   0.00625025   0.00651102   0.00715732   0.00850568   0.00927326   0.0103276   0.0112193   0.0119848   0.0135315   0.0147599   0.0161936   0.0191755   0.0243129   0.0321051   0.0418963   0.0546485   0.072295   
-0.0041209   -0.0179003   -0.0111622   -0.00848891   -0.00636258   -0.00371645   -0.00221604   -0.00116544   -0.000540782   1.12177e-09   0.00054076   0.00116539   0.00221593   0.00371612   0.00636196   0.0084878   0.0111602   0.0139732   0.0178946   0.00411804   0.00726767   0.0106674   0.0175324   0.0222718   0.0220546   0.0202923   0.016939   0.01009   

1380000
-10   -9   -8   -7   -6   -5   -3   -2   -1   0   1   2   3   4   5   6   7   8   9   10   11   12   13   14   15   16   17   18   
-1.08415   -0.914456   -0.826766   -0.730928   -0.634349   -0.533706   -0.331818   -0.223201   -0.111901   -8.43846e-09   0.111901   0.223201   0.331819   0.43703   0.533709   0.634354   0.730938   0.826781   0.914485   1.08417   1.17405   1.25968   1.31347   1.34585   1.37156   1.38459   1.37484   1.34203   
0.0135163   0.0119809   0.0112146   0.0103205   0.00926838   0.00850214   0.00650692   0.00624486   0.0061975   0.00609947   0.00619749   0.00624485   0.00650692   0.00715508   0.00850213   0.00926836   0.0103204   0.0112146   0.0119809   0.013516   0.0147438   0.0161769   0.0191677   0.0242843   0.0320996   0.0418173   0.0545493   0.0721612   
-0.00409364   -0.0182495   -0.0139625   -0.0111595   -0.00848223   -0.00636894   -0.00221562   -0.0011663   -0.000535755   1.9497e-09   0.000535731   0.00116625   0.00221549   0.00371832   0.00636832   0.0084811   0.0111575   0.0139594   0.0182438   0.0040909   0.00724016   0.0106392   0.017519   0.0222629   0.0220515   0.0203041   0.0169671   0.0101451   

1385000
-10   -9   -8   -7   -6   -5   -4   -3   -2   -1   0   1   2   3   4   5   6   7   8   9   10   11   12   13   14   15   16   17   18   
-1.08433   -0.91321   -0.826844   -0.730956   -0.634389   -0.533669   -0.437001   -0.331816   -0.223195   -0.111899   -1.36829e-08   0.111899   0.223196   0.331817   0.437003   0.533672   0.634394   0.730966   0.82686   0.91324   1.08435   1.17425   1.25989   1.31359   1.34616   1.37161   1.3853   1.37563   1.34297   
0.013501   0.0119809   0.01121   0.0103134   0.00926363   0.00849873   0.00715272   0.00650297   0.00623963   0.00619029   0.00609414   0.00619029   0.00623962   0.00650297   0.00715271   0.00849873   0.00926361   0.0103134   0.01121   0.0119808   0.0135006   0.0147277   0.0161606   0.01916   0.0242565   0.0320949   0.0417393   0.0544501   0.0720327   
-0.00406663   -0.0185291   -0.0139489   -0.0111567   -0.00847554   -0.00637535   -0.0037222   -0.00221533   -0.00116711   -0.000536099   3.10037e-09   0.000536075   0.00116706   0.00221521   0.00372193   0.00637471   0.00847445   0.0111547   0.0139457   0.0185233   0.00406382   0.0072127   0.0106119   0.0175056   0.0222539   0.0220494   0.0203158   0.016996   0.0101967   

1390000
-10   -9   -8   -7   -6   -5   -4   -3   -2   -1   0   1   2   3   4   5   6   7   8   9   10   11   12   13   14   15   16   17   18   
-1.08451   -0.912455   -0.826922   -0.730985   -0.634429   -0.533631   -0.436951   -0.331813   -0.223207   -0.111885   -2.31931e-08   0.111885   0.223207   0.331813   0.436953   0.533634   0.634434   0.730994   0.826937   0.912485   1.08453   1.17444   1.2601   1.3137   1.34646   1.37164   1.38601   1.37643   1.34387   
0.0134857   0.0119834   0.0112055   0.0103065   0.00925909   0.00849549   0.0071493   0.00649919   0.00623341   0.00618249   0.00608894   0.00618249   0.00623341   0.00649918   0.0071493   0.00849549   0.00925908   0.0103065   0.0112055   0.0119833   0.0134854   0.0147118   0.0161443   0.0191523   0.0242291   0.0320911   0.0416631   0.0543546   0.0719006   
-0.00403969   -0.0186997   -0.0139355   -0.0111538   -0.00846894   -0.00638176   -0.00373019   -0.00221518   -0.00116482   -0.000538515   5.17497e-09   0.000538526   0.00116477   0.00221505   0.00372991   0.00638112   0.00846783   0.0111519   0.0139323   0.0186938   0.00403694   0.00718555   0.0105845   0.0174923   0.022245   0.022048   0.0203265   0.0170222   0.0102518   

1395000
-10   -9   -8   -7   -6   -5   -4   -3   -2   -1   0   1   2   3   4   5   6   7   8   9   10   11   12   13   14   15   16   17   18   
-1.08469   -0.912132   -0.826998   -0.731013   -0.634468   -0.533591   -0.4369   -0.331809   -0.223231   -0.111871   8.92759e-09   0.111871   0.223231   0.331809   0.436901   0.533594   0.634473   0.731023   0.827013   0.912163   1.08471   1.17464   1.26031   1.31382   1.34677   1.37167   1.38669   1.3772   1.34473   
0.0134706   0.0119865   0.0112011   0.0102998   0.00925467   0.00849256   0.00714614   0.00649557   0.00622654   0.00617486   0.00608389   0.00617486   0.00622653   0.00649556   0.00714613   0.00849255   0.00925466   0.0102998   0.0112011   0.0119864   0.0134703   0.0146961   0.0161283   0.0191447   0.0242016   0.0320891   0.0415872   0.0542593   0.0717705   
-0.00401296   -0.0187749   -0.0139223   -0.0111509   -0.00846231   -0.00638847   -0.00373837   -0.00221514   -0.00116038   -0.000541063   -1.87197e-09   0.000541066   0.00116035   0.00221501   0.00373809   0.00638783   0.00846119   0.0111489   0.0139192   0.0187689   0.00401023   0.00715869   0.0105574   0.0174791   0.0222361   0.022046   0.0203381   0.017049   0.0103064   

1400000
-10   -9   -8   -7   -6   -5   -4   -3   -2   -1   0   1   2   3   4   5   6   7   8   9   10   11   12   13   14   15   16   17   18   
-1.08487   -0.912092   -0.827073   -0.731042   -0.634507   -0.53355   -0.436847   -0.331804   -0.223254   -0.111856   9.96209e-09   0.111856   0.223254   0.331804   0.436848   0.533553   0.634513   0.731051   0.827088   0.912122   1.08489   1.17483   1.26052   1.31393   1.34708   1.37168   1.38737   1.37797   1.34559   
0.0134557   0.011986   0.0111969   0.0102932   0.00925036   0.0084898   0.00714326   0.00649211   0.00621978   0.00616741   0.00607897   0.00616741   0.00621978   0.00649211   0.00714325   0.0084898   0.00925035   0.0102932   0.0111969   0.0119859   0.0134553   0.0146807   0.0161125   0.0191372   0.0241746   0.032089   0.0415144   0.0541662   0.0716503   
-0.00398654   -0.0187896   -0.0139093   -0.0111479   -0.00845569   -0.00639525   -0.00374683   -0.00221523   -0.00115602   -0.000543766   -2.12466e-09   0.000543749   0.00115598   0.0022151   0.00374655   0.00639463   0.00845459   0.0111459   0.0139062   0.0187837   0.0039836   0.00713214   0.0105306   0.017466   0.0222266   0.0220431   0.0203474   0.0170742   0.0103547   

1405000
-10   -9   -8   -7   -5   -4   -3   -2   -1   0   1   2   3   4   5   6   7   8   9   10   11   12   13   14   15   16   17   18   
-1.08505   -0.912174   -0.827147   -0.73107   -0.533509   -0.436791   -0.331798   -0.223277   -0.111841   2.28491e-08   0.111841   0.223277   0.331798   0.436792   0.533512   0.634552   0.731079   0.827162   0.912204   1.08506   1.17501   1.26072   1.31404   1.34738   1.37167   1.38804   1.37874   1.34642   
0.0134408   0.0119853   0.0111927   0.0102868   0.00848721   0.00714068   0.00648882   0.00621315   0.00616013   0.0060742   0.00616013   0.00621315   0.00648881   0.00714067   0.00848721   0.00924615   0.0102867   0.0111927   0.0119852   0.0134405   0.0146654   0.0160969   0.0191298   0.0241479   0.0320906   0.041442   0.0540755   0.071533   
-0.00396026   -0.0187775   -0.0138964   -0.0111448   -0.00640208   -0.00375557   -0.00221545   -0.00115171   -0.000546581   -4.90108e-09   0.000546568   0.00115166   0.00221531   0.0037553   0.00640144   0.00844793   0.0111429   0.0138933   0.0187716   0.00395758   0.00710596   0.0105041   0.017453   0.0222174   0.0220403   0.020357   0.0170975   0.0104022   

1410000
-10   -9   -8   -7   -6   -5   -4   -3   -2   -1   1   2   3   4   5   6   7   8   9   10   11   12   13   14   15   16   17   18   
-1.08522   -0.91231   -0.82722   -0.731098   -0.634585   -0.533467   -0.436734   -0.331791   -0.2233   -0.111824   0.111824   0.2233   0.331792   0.436735   0.53347   0.634591   0.731108   0.827235   0.91234   1.08524   1.1752   1.26092   1.31414   1.34767   1.37164   1.3887   1.3795   1.34722   
0.0134261   0.011982   0.0111887   0.0102805   0.00924208   0.00848478   0.00713837   0.00648569   0.00620663   0.00615302   0.00615302   0.00620663   0.00648568   0.00713837   0.00848478   0.00924206   0.0102805   0.0111887   0.0119819   0.0134258   0.0146503   0.0160815   0.0191231   0.0241215   0.0320949   0.0413702   0.053983   0.0714182   
-0.00393418   -0.0187546   -0.0138838   -0.0111416   -0.00844245   -0.00640894   -0.00376457   -0.0022158   -0.00114744   -0.00054953   0.000549518   0.00114739   0.00221567   0.0037643   0.00640827   0.00844136   0.0111397   0.0138807   0.0187487   0.00393148   0.00708012   0.0104779   0.0174413   0.0222086   0.0220367   0.0203666   0.017123   0.0104484   

1415000
-10   -9   -8   -7   -5   -4   -3   -2   -1   1   2   3   4   5   6   7   8   9   10   11   12   13   14   15   16   17   18   
-1.08539   -0.912484   -0.827291   -0.731126   -0.533426   -0.436674   -0.331784   -0.223322   -0.111808   0.111808   0.223323   0.331784   0.436675   0.533429   0.634629   0.731136   0.827306   0.912513   1.08541   1.17538   1.26112   1.31423   1.34797   1.37186   1.38935   1.38026   1.34803   
0.0134115   0.0119791   0.0111849   0.0102744   0.00848248   0.00713636   0.00648274   0.00620023   0.00614604   0.00614603   0.00620023   0.00648273   0.00713636   0.00848248   0.00923808   0.0102743   0.0111849   0.011979   0.0134112   0.0146354   0.0160663   0.0191167   0.0240954   0.0320728   0.0412985   0.0538911   0.0713061   
-0.00390821   -0.0187233   -0.0138714   -0.0111384   -0.00641572   -0.00377386   -0.00221626   -0.00114322   -0.000552512   0.0005525   0.00114318   0.00221615   0.00377359   0.00641508   0.00843474   0.0111365   0.0138683   0.0187174   0.00390557   0.00705446   0.010452   0.0174301   0.0221993   0.0220353   0.0203768   0.017148   0.0104934   

1420000
-10   -9   -8   -7   -6   -5   -4   -3   -2   -1   0   1   2   3   4   5   6   7   8   9   10   11   12   13   14   15   16   17   18   
-1.08556   -0.912684   -0.827361   -0.731154   -0.634652   -0.533384   -0.436612   -0.331775   -0.223344   -0.111791   3.31816e-09   0.111791   0.223345   0.331776   0.436614   0.533387   0.634657   0.731164   0.827376   0.912714   1.08558   1.17556   1.26132   1.31432   1.34826   1.3725   1.39   1.38103   1.3488   
0.013397   0.0119761   0.0111812   0.0102684   0.00923373   0.0084803   0.00713465   0.00647995   0.00619394   0.00613917   0.00605652   0.00613917   0.00619394   0.00647994   0.00713464   0.0084803   0.00923372   0.0102684   0.0111812   0.0119761   0.0133967   0.0146206   0.0160513   0.0191105   0.0240694   0.032007   0.0412281   0.0538029   0.0711961   
-0.00388247   -0.0186862   -0.0138592   -0.0111352   -0.00843146   -0.00642245   -0.00378343   -0.00221691   -0.00113906   -0.000555522   -7.16131e-10   0.00055551   0.00113901   0.00221676   0.00378317   0.00642179   0.00843035   0.0111332   0.0138561   0.0186804   0.00387986   0.00702899   0.0104265   0.0174193   0.0221906   0.0220384   0.020386   0.0171698   0.0105372   

1425000
-10   -9   -8   -7   -6   -5   -4   -2   -1   0   1   2   4   6   7   8   9   10   11   12   13   14   15   16   17   18   
-1.08573   -0.912872   -0.827431   -0.731183   -0.634669   -0.533344   -0.436549   -0.223366   -0.111774   2.84717e-09   0.111774   0.223367   0.43655   0.634674   0.731192   0.827446   0.912901   1.08575   1.17574   1.26151   1.31441   1.34855   1.37313   1.39065   1.38176   1.34956   
0.0133827   0.0119707   0.0111776   0.0102625   0.00922901   0.00847819   0.00713324   0.00618777   0.00613242   0.00604941   0.00613242   0.00618776   0.00713324   0.00922899   0.0102625   0.0111776   0.0119707   0.0133824   0.014606   0.0160365   0.0191045   0.0240438   0.0319424   0.041158   0.0537108   0.0710869   
-0.00385703   -0.0186526   -0.0138471   -0.0111318   -0.00842916   -0.00642904   -0.0037933   -0.00113493   -0.000558562   -6.12575e-10   0.00055855   0.00113489   0.00379302   0.00842804   0.0111299   0.013844   0.0186468   0.00385442   0.00700383   0.0104012   0.0174087   0.0221817   0.0220407   0.0203954   0.017196   0.0105815   

1430000
-10   -9   -8   -7   -6   -4   -2   -1   0   1   2   4   6   7   8   9   10   11   12   13   14   15   16   17   18   
-1.0859   -0.91308   -0.8275   -0.731211   -0.634686   -0.436483   -0.223388   -0.111757   2.40905e-09   0.111757   0.223388   0.436484   0.634691   0.73122   0.827515   0.913109   1.08592   1.17592   1.2617   1.31449   1.34884   1.37373   1.39129   1.38251   1.35029   
0.0133686   0.0119662   0.0111742   0.0102568   0.00922439   0.00713215   0.00618171   0.00612579   0.00604241   0.00612579   0.00618171   0.00713214   0.00922437   0.0102568   0.0111742   0.0119661   0.0133682   0.0145916   0.0160219   0.0190987   0.0240185   0.0318767   0.0410888   0.0536221   0.0709825   
-0.00383177   -0.0186145   -0.013835   -0.0111284   -0.0084269   -0.00380345   -0.00113086   -0.000561632   -5.1859e-10   0.00056162   0.00113081   0.00380318   0.00842578   0.0111265   0.0138319   0.0186087   0.00382917   0.00697887   0.010376   0.0173987   0.0221728   0.0220464   0.0204046   0.0172193   0.0106228   

1435000
-10   -9   -8   -7   -6   -5   -4   -2   -1   0   1   2   4   5   6   7   8   9   10   11   12   13   14   15   16   17   18   
-1.08607   -0.913307   -0.827569   -0.731238   -0.634702   -0.533284   -0.436413   -0.223409   -0.11174   1.47603e-09   0.11174   0.223409   0.436415   0.533287   0.634708   0.731248   0.827584   0.913336   1.08608   1.17609   1.26188   1.31457   1.34912   1.37435   1.39192   1.38324   1.35101   
0.0133545   0.0119625   0.0111709   0.0102513   0.00921986   0.00847256   0.00713144   0.00617578   0.00611927   0.00603555   0.00611927   0.00617577   0.00713144   0.00847255   0.00921985   0.0102513   0.0111708   0.0119624   0.0133542   0.0145773   0.0160079   0.0190932   0.0239933   0.0318145   0.04102   0.0535331   0.0708819   
-0.00380666   -0.0185716   -0.013823   -0.011125   -0.00842466   -0.00643909   -0.00381409   -0.00112685   -0.000564722   -3.15627e-10   0.00056472   0.00112681   0.00381381   0.00643845   0.00842356   0.0111231   0.0138199   0.0185659   0.00380412   0.00695424   0.0103521   0.017389   0.0221644   0.0220473   0.0204138   0.0172434   0.0106622   

1440000
-10   -9   -8   -7   -6   -5   -4   -3   -2   -1   0   1   2   3   4   5   6   7   8   9   10   11   12   13   14   15   16   17   18   
-1.08623   -0.913502   -0.827637   -0.731264   -0.634719   -0.533271   -0.436342   -0.331729   -0.22343   -0.111722   1.29891e-09   0.111722   0.22343   0.33173   0.436343   0.533274   0.634724   0.731273   0.827652   0.91353   1.08625   1.17627   1.26206   1.31464   1.3494   1.37495   1.39256   1.38398   1.35171   
0.0133406   0.0119563   0.0111676   0.0102461   0.00921544   0.00846841   0.00713102   0.00647069   0.00616996   0.00611286   0.00602881   0.00611286   0.00616995   0.00647068   0.00713102   0.0084684   0.00921542   0.0102461   0.0111676   0.0119562   0.0133403   0.0145631   0.0159941   0.0190879   0.0239686   0.0317517   0.0409515   0.0534462   0.0707844   
-0.00378184   -0.0185368   -0.0138111   -0.0111218   -0.00842244   -0.0064417   -0.00382511   -0.00222134   -0.00112288   -0.00056785   -2.80456e-10   0.000567858   0.00112284   0.00222122   0.00382483   0.00644105   0.00842136   0.0111199   0.013808   0.0185311   0.00377929   0.00692981   0.0103285   0.0173798   0.0221558   0.0220505   0.0204231   0.0172662   0.0107002   

1445000
-10   -9   -8   -7   -6   -5   -4   -2   -1   0   1   2   3   4   5   6   7   8   9   10   11   12   13   14   15   16   17   18   
-1.0864   -0.913712   -0.827705   -0.73129   -0.634734   -0.533257   -0.436285   -0.22345   -0.111705   -1.46284e-10   0.111705   0.223451   0.331691   0.436286   0.533261   0.63474   0.731299   0.82772   0.913741   1.08641   1.17644   1.26223   1.31471   1.34968   1.37555   1.39319   1.3847   1.35237   
0.0133268   0.0119509   0.0111645   0.010241   0.00921112   0.00846435   0.00712941   0.00616423   0.00610656   0.00602222   0.00610656   0.00616423   0.00646742   0.0071294   0.00846434   0.0092111   0.010241   0.0111645   0.0119508   0.0133265   0.0145492   0.0159806   0.0190828   0.0239445   0.031691   0.0408839   0.0533602   0.0706906   
-0.0037573   -0.0184982   -0.0137992   -0.0111186   -0.00842027   -0.00644431   -0.00383384   -0.00111896   -0.000571019   3.24201e-11   0.000571025   0.00111892   0.00222747   0.00383356   0.00644366   0.00841917   0.0111167   0.0137961   0.0184925   0.00375474   0.00690563   0.0103052   0.017371   0.0221467   0.0220515   0.0204317   0.0172888   0.0107361   

1450000
-10   -9   -8   -7   -6   -5   -4   -3   -2   -1   0   1   2   3   4   5   6   7   8   9   10   11   12   13   14   15   16   17   18   
-1.08656   -0.913944   -0.827772   -0.731316   -0.63475   -0.533244   -0.436252   -0.331651   -0.223471   -0.111687   -2.14275e-09   0.111687   0.223471   0.331652   0.436253   0.533247   0.634755   0.731325   0.82779   0.913972   1.08657   1.17661   1.2624   1.31478   1.34994   1.37613   1.39378   1.38541   1.35302   
0.0133132   0.0119466   0.0111615   0.0102361   0.0092069   0.0084604   0.00712596   0.00646432   0.00615864   0.00610036   0.00601572   0.00610036   0.00615864   0.00646432   0.00712596   0.00846039   0.00920689   0.0102361   0.0111616   0.0119465   0.0133129   0.0145353   0.0159673   0.019078   0.0239201   0.03163   0.0408131   0.0532776   0.0706017   
-0.00373292   -0.0184545   -0.0137875   -0.0111153   -0.00841813   -0.00644689   -0.00383915   -0.00223396   -0.00111507   -0.000574222   4.68741e-10   0.000574228   0.00111502   0.00223384   0.00383887   0.00644624   0.00841704   0.0111134   0.013784   0.0184489   0.00373038   0.00688174   0.0102824   0.0173626   0.0221387   0.0220544   0.0204451   0.017309   0.0107695   

1455000
-10   -9   -8   -7   -6   -5   -4   -3   -2   -1   0   1   2   3   4   5   6   7   8   9   10   11   12   13   14   15   16   17   18   
-1.08672   -0.914158   -0.827839   -0.731341   -0.634764   -0.533231   -0.436216   -0.331611   -0.223491   -0.111669   -4.08267e-09   0.111669   0.223491   0.331612   0.436217   0.533234   0.634769   0.73135   0.827855   0.914186   1.08673   1.17677   1.26257   1.31484   1.35022   1.37671   1.3944   1.38609   1.35364   
0.0132998   0.0119414   0.0111586   0.0102313   0.00920285   0.00845654   0.00712278   0.00646137   0.00615316   0.00609427   0.00600932   0.00609427   0.00615314   0.00646137   0.00712278   0.00845653   0.00920284   0.0102313   0.0111586   0.0119413   0.0132995   0.0145217   0.0159542   0.0190735   0.0238964   0.0315705   0.0407459   0.0531948   0.0705145   
-0.00370888   -0.0184148   -0.0137758   -0.0111119   -0.00841611   -0.00644945   -0.00384478   -0.00224043   -0.00111122   -0.000577459   8.84939e-10   0.000577464   0.00111117   0.0022403   0.00384451   0.00644881   0.00841501   0.01111   0.0137727   0.0184093   0.00370634   0.00685817   0.0102598   0.0173547   0.02213   0.0220561   0.0204543   0.0173311   0.0108026   

1460000
-10   -9   -8   -7   -6   -5   -4   -3   -2   -1   0   1   2   3   4   5   6   7   8   9   10   11   12   14   15   16   17   18   
-1.08687   -0.914379   -0.827905   -0.731367   -0.634777   -0.533217   -0.436178   -0.33157   -0.223511   -0.111651   -2.94263e-08   0.111651   0.223511   0.331571   0.436179   0.533221   0.634783   0.731376   0.827921   0.914407   1.08689   1.17694   1.26274   1.35048   1.37728   1.39503   1.38677   1.3542   
0.0132866   0.0119365   0.0111558   0.0102267   0.00919897   0.00845278   0.00711986   0.00645856   0.00614778   0.00608829   0.00600299   0.00608829   0.00614778   0.00645856   0.00711986   0.00845277   0.00919896   0.0102267   0.0111558   0.0119364   0.0132863   0.0145082   0.0159413   0.0238728   0.0315118   0.0406814   0.0531154   0.0704369   
-0.00368514   -0.0183736   -0.0137643   -0.0111085   -0.00841419   -0.00645203   -0.00385072   -0.00224696   -0.00110741   -0.000580728   6.46273e-09   0.000580732   0.00110736   0.0022468   0.00385045   0.00645138   0.00841309   0.0111066   0.0137612   0.018368   0.00368266   0.00683465   0.0102376   0.0221217   0.0220577   0.0204605   0.017351   0.0108304   

1465000
-10   -9   -8   -7   -6   -5   -4   -2   -1   0   1   2   4   5   6   7   8   9   10   11   12   14   15   16   17   18   
-1.08703   -0.914616   -0.827972   -0.731392   -0.634791   -0.533204   -0.436138   -0.22353   -0.111632   1.06567e-08   0.111632   0.22353   0.436139   0.533207   0.634796   0.731401   0.827986   0.914644   1.08704   1.1771   1.2629   1.35075   1.37784   1.39563   1.38744   1.35476   
0.0132735   0.0119323   0.0111531   0.0102222   0.00919519   0.00844911   0.00711721   0.00614251   0.00608241   0.00599676   0.00608241   0.00614251   0.00711721   0.0084491   0.00919517   0.0102222   0.0111531   0.0119322   0.0132732   0.0144948   0.0159287   0.0238497   0.0314539   0.0406148   0.0530396   0.070364   
-0.0036617   -0.0183285   -0.0137528   -0.0111051   -0.00841231   -0.0064546   -0.00385699   -0.00110363   -0.000584027   -2.34608e-09   0.000584028   0.00110358   0.00385671   0.00645396   0.00841121   0.0111032   0.0137498   0.018323   0.00365923   0.0068115   0.0102157   0.0221132   0.022059   0.0204701   0.0173686   0.0108558   

1470000
-10   -9   -7   -6   -5   -4   -3   -2   -1   0   1   2   3   4   5   6   7   9   10   11   12   13   14   15   16   17   18   
-1.08718   -0.914851   -0.7314   -0.634803   -0.53319   -0.436094   -0.331492   -0.223549   -0.111614   -3.51388e-10   0.111614   0.22355   0.331492   0.436096   0.533193   0.634809   0.731409   0.914879   1.08719   1.17727   1.26306   1.31502   1.35101   1.37841   1.39624   1.38807   1.35527   
0.0132606   0.011928   0.010217   0.0091915   0.00844554   0.00711488   0.00645305   0.00613736   0.00607663   0.00599063   0.00607663   0.00613735   0.00645305   0.00711488   0.00844553   0.00919149   0.010217   0.011928   0.0132603   0.0144816   0.0159162   0.0190606   0.0238269   0.0313978   0.0405492   0.0529613   0.0702889   
-0.00363845   -0.018284   -0.0111053   -0.00841043   -0.00645718   -0.00386367   -0.00225958   -0.00109995   -0.000587352   8.22294e-11   0.00058735   0.00109989   0.00225946   0.0038634   0.00645654   0.00840935   0.0111034   0.0182785   0.00363597   0.00678858   0.0101941   0.0173324   0.0221044   0.0220586   0.0204789   0.0173897   0.0108837   

1475000
-10   -9   -7   -6   -5   -4   -3   -2   -1   0   1   2   3   4   5   6   7   9   10   11   12   13   14   15   16   17   18   
-1.08733   -0.915077   -0.731396   -0.634816   -0.533176   -0.436048   -0.33148   -0.223569   -0.111595   -5.84557e-09   0.111595   0.223569   0.331481   0.43605   0.533179   0.634821   0.731405   0.915105   1.08734   1.17743   1.26322   1.31508   1.35126   1.37895   1.39684   1.38871   1.35578   
0.0132477   0.0119235   0.0102114   0.00918792   0.00844206   0.00711285   0.00644834   0.00613234   0.00607097   0.00598459   0.00607096   0.00613234   0.00644833   0.00711285   0.00844206   0.00918791   0.0102114   0.0119234   0.0132474   0.0144686   0.0159039   0.0190564   0.0238042   0.0313405   0.0404844   0.0528866   0.0702201   
-0.00361536   -0.0182413   -0.0111079   -0.0084086   -0.00645977   -0.00387074   -0.00226134   -0.0010962   -0.000590697   1.27344e-09   0.000590689   0.00109613   0.0022612   0.00387046   0.00645913   0.00840751   0.011106   0.0182359   0.00361292   0.00676596   0.0101728   0.0173251   0.0220963   0.0220615   0.0204871   0.017408   0.0109076   

1480000
-10   -9   -7   -6   -5   -4   -3   -2   -1   0   1   2   3   4   5   6   7   9   10   11   12   14   15   16   17   18   
-1.08748   -0.915308   -0.731392   -0.634828   -0.533161   -0.436   -0.331469   -0.223588   -0.111576   -3.17315e-08   0.111576   0.223588   0.331469   0.436001   0.533164   0.634833   0.731401   0.915336   1.08749   1.17758   1.26337   1.35152   1.37948   1.39743   1.38934   1.35626   
0.013235   0.0119191   0.0102059   0.00918443   0.00843869   0.0071111   0.00644376   0.00612744   0.00606541   0.00597864   0.00606541   0.00612744   0.00644376   0.0071111   0.00843868   0.00918442   0.0102059   0.011919   0.0132348   0.0144558   0.0158918   0.0237818   0.0312839   0.0404199   0.0528128   0.070154   
-0.00359247   -0.0181975   -0.0111104   -0.0084068   -0.00646239   -0.00387816   -0.00226313   -0.00109247   -0.000594029   6.98384e-09   0.000594035   0.00109243   0.00226302   0.00387789   0.00646175   0.00840573   0.0111085   0.0181921   0.0035902   0.00674357   0.0101518   0.022088   0.0220641   0.0204957   0.0174264   0.0109308   

1485000
-10   -9   -7   -6   -5   -4   -3   -2   -1   0   1   2   3   4   5   6   7   9   10   11   12   14   15   16   17   18   
-1.08763   -0.915545   -0.731389   -0.63484   -0.533147   -0.435949   -0.331457   -0.223607   -0.111558   -5.13773e-08   0.111558   0.223607   0.331457   0.43595   0.53315   0.634845   0.731398   0.915572   1.08764   1.17774   1.26353   1.35177   1.38003   1.39803   1.38996   1.35672   
0.0132225   0.0119148   0.0102005   0.00918102   0.00843541   0.00710966   0.00643932   0.00612266   0.00605996   0.00597278   0.00605996   0.00612265   0.00643932   0.00710965   0.0084354   0.00918101   0.0102005   0.0119148   0.0132221   0.0144431   0.0158798   0.0237598   0.0312297   0.0403566   0.0527414   0.0700911   
-0.00356981   -0.0181525   -0.0111128   -0.00840499   -0.00646502   -0.00388598   -0.00226497   -0.00108881   -0.000597384   1.13556e-08   0.000597383   0.00108877   0.00226485   0.00388571   0.00646438   0.0084039   0.0111107   0.018147   0.00356738   0.00672145   0.0101311   0.0220798   0.0220636   0.0205033   0.0174432   0.0109524   

1490000
-10   -9   -7   -6   -5   -4   -3   -2   -1   0   1   2   3   4   5   6   7   10   11   12   13   14   15   16   17   18   
-1.08778   -0.915786   -0.731386   -0.634852   -0.533131   -0.435895   -0.331444   -0.223625   -0.111539   -5.20071e-08   0.111539   0.223625   0.331445   0.435896   0.533134   0.634857   0.731395   1.08779   1.17789   1.26368   1.31526   1.35202   1.38057   1.39859   1.39056   1.35716   
0.0132099   0.0119107   0.0101953   0.00917771   0.00843233   0.00710853   0.00643501   0.006118   0.00605463   0.00596699   0.00605463   0.00611799   0.00643501   0.00710853   0.00843233   0.0091777   0.0101953   0.0132097   0.0144305   0.015868   0.0190433   0.023738   0.0311757   0.0402913   0.0526703   0.0700307   
-0.00354732   -0.0181063   -0.011115   -0.00840318   -0.00646784   -0.00389423   -0.00226686   -0.00108518   -0.000600729   1.14892e-08   0.000600717   0.00108517   0.00226676   0.00389395   0.0064672   0.00840209   0.0111131   0.00354488   0.00669958   0.0101106   0.0173022   0.0220717   0.022064   0.0205142   0.0174607   0.0109729   

1495000
-10   -9   -8   -7   -6   -5   -4   -3   -2   -1   0   1   2   3   4   5   6   7   8   9   10   11   12   14   15   16   17   18   
-1.08792   -0.915989   -0.828201   -0.731383   -0.634863   -0.533114   -0.435838   -0.331432   -0.223644   -0.11152   -6.79863e-09   0.11152   0.223644   0.331432   0.435839   0.533117   0.634869   0.731393   0.828217   0.916016   1.08794   1.17804   1.26383   1.35226   1.38108   1.39917   1.39114   1.35758   
0.0131976   0.0119052   0.0111303   0.0101902   0.00917447   0.0084294   0.00710775   0.00643085   0.00611346   0.00604944   0.0059613   0.00604943   0.00611345   0.00643084   0.00710774   0.0084294   0.00917446   0.0101902   0.0111302   0.0119052   0.0131973   0.0144181   0.0158563   0.0237165   0.0311212   0.0402284   0.0526007   0.0699751   
-0.003525   -0.0180689   -0.01372   -0.0111172   -0.00840137   -0.00647076   -0.00390289   -0.00226876   -0.00108163   -0.000604022   1.57434e-09   0.000603999   0.00108156   0.00226863   0.00390262   0.00647012   0.00840028   0.0111151   0.0137169   0.0180635   0.0035225   0.00667801   0.0100903   0.0220637   0.0220661   0.0205225   0.0174777   0.0109911   

1500000
-10   -9   -8   -7   -6   -5   -4   -3   -2   -1   0   1   2   3   4   5   6   7   8   9   10   11   12   13   14   15   16   17   18   
-1.08807   -0.916192   -0.828272   -0.73138   -0.634875   -0.533096   -0.435778   -0.331419   -0.223662   -0.111502   -3.86065e-09   0.111502   0.223662   0.33142   0.435779   0.533099   0.634881   0.731389   0.828288   0.916219   1.08808   1.17819   1.264   1.31548   1.35251   1.38159   1.39975   1.39172   1.35797   
0.0131854   0.0118998   0.011122   0.0101853   0.00917131   0.00842659   0.0071073   0.00642681   0.00610903   0.0060444   0.00595569   0.00604439   0.00610903   0.0064268   0.00710729   0.00842658   0.00917129   0.0101853   0.0111219   0.0118998   0.0131851   0.014406   0.0158434   0.0190291   0.0236955   0.0310676   0.0401675   0.0525336   0.0699217   
-0.00350286   -0.0180313   -0.0137107   -0.0111193   -0.00839956   -0.00647372   -0.00391201   -0.00227069   -0.00107807   -0.000607336   9.26262e-10   0.000607291   0.00107803   0.00227056   0.00391178   0.0064731   0.00839844   0.0111174   0.0137076   0.0180259   0.00350048   0.00665677   0.0100681   0.0172758   0.0220553   0.022068   0.0205286   0.0174932   0.0110084   

