5000
-10   -9   -8   -7   -6   -5   -4   -3   -2   -1   0   1   2   3   4   5   6   7   8   9   10   11   12   13   14   15   16   17   18   
-0.034345   -0.0177596   -0.00698554   -0.00493391   -0.0163398   -0.0469778   -0.0964702   -0.130999   -0.126133   -0.103728   -0.0736708   -0.0401172   -0.00513739   0.0306497   0.0673885   0.105297   0.144439   0.184732   0.225951   0.267776   0.234272   0.351936   0.3937   0.434975   0.475579   0.515543   0.554854   0.593531   0.631557   
0.121856   0.113917   0.105826   0.0976566   0.0894926   0.081569   0.0744585   0.0700027   0.0687735   0.0694092   0.0713444   0.0744118   0.0785264   0.0835845   0.0894393   0.0959185   0.102864   0.110144   0.117674   0.125403   0.140921   0.141411   0.149697   0.158185   0.167002   0.176022   0.185241   0.194639   0.204195   
-0.0427896   -0.0435766   -0.0441389   -0.0444336   -0.044162   -0.0422769   -0.0368814   -0.0283309   -0.0205406   -0.0137501   -0.00823066   -0.0040842   -0.00124117   0.000414797   0.00107345   0.000916343   9.763e-05   -0.00128063   -0.00315799   -0.00550636   -0.00274576   -0.0115807   -0.0152991   -0.019464   -0.0240561   -0.0290584   -0.0344379   -0.0401642   -0.0462104   

10000
-10   -9   -8   -7   -6   -5   -3   -2   -1   0   1   2   3   4   5   6   7   8   9   10   11   12   13   14   15   16   17   18   
-0.0111031   0.00883907   -0.103581   -0.171247   -0.202916   -0.168949   -0.131548   -0.151582   -0.133483   -0.105639   -0.0735508   -0.0392307   -0.00303555   0.0351586   0.0751612   0.116589   0.159044   0.202156   0.245571   0.288971   0.332066   0.374591   0.41642   0.457488   0.497862   0.570177   0.629273   0.680751   
0.113034   0.104391   0.108862   0.104439   0.0958877   0.0838464   0.0556641   0.0536819   0.0546252   0.0570462   0.0607094   0.0654751   0.0711744   0.0776439   0.0847222   0.0922741   0.100195   0.108405   0.116855   0.125525   0.134425   0.143569   0.152974   0.162631   0.172513   0.19097   0.204077   0.215728   
-0.0410339   -0.0413089   -0.0139372   -0.00262272   0.00394521   0.00216869   -0.0277216   -0.0180987   -0.0109097   -0.00543742   -0.0017421   0.000409509   0.00133966   0.00136701   0.000747426   -0.000373191   -0.00192304   -0.00388224   -0.00625938   -0.00907164   -0.0123372   -0.0160626   -0.020248   -0.0248701   -0.0298904   -0.0433794   -0.0532786   -0.0612241   

15000
-10   -9   -8   -7   -6   -5   -4   -3   -2   -1   0   1   2   3   4   5   6   7   8   9   10   11   12   13   14   15   16   17   
-0.00312503   0.0180533   -0.175503   -0.307914   -0.410103   -0.486781   -0.500186   -0.458029   -0.167929   -0.151631   -0.124375   -0.0924935   -0.0577055   -0.0203551   0.0193716   0.0610596   0.104116   0.147976   0.192212   0.236491   0.280512   0.360285   0.427838   0.492148   0.540839   0.592926   0.637175   0.681179   
0.109523   0.100654   0.110578   0.104423   0.094096   0.08047   0.0666156   0.0564312   0.0472945   0.0484204   0.0511572   0.055186   0.0603144   0.066337   0.0730684   0.08037   0.0881447   0.0963199   0.104831   0.113633   0.122696   0.138673   0.151785   0.165894   0.174806   0.186695   0.196041   0.206313   
-0.040139   -0.0401304   -0.00388247   0.00139057   0.00814309   0.0116403   0.0121394   0.0151083   -0.0167559   -0.00952129   -0.00427284   -0.000967819   0.000746514   0.00130424   0.00107724   0.000308964   -0.00088182   -0.00245164   -0.0044026   -0.00675726   -0.00954212   -0.021045   -0.0297986   -0.0375379   -0.0423084   -0.0477333   -0.0520569   -0.05666   

20000
-10   -9   -8   -7   -6   -5   -4   -3   -2   -1   0   1   2   3   4   5   6   7   8   9   10   11   13   14   15   16   17   18   
-0.140479   -0.070577   -0.0410424   -0.350018   -0.476889   -0.529337   -0.508331   -0.446829   -0.179821   -0.164379   -0.137171   -0.105147   -0.0697587   -0.0313889   0.00960731   0.0526176   0.0968912   0.155837   0.239427   0.305744   0.372103   0.423184   0.527025   0.575043   0.619773   0.658601   0.70425   0.743591   
0.124408   0.109031   0.0985119   0.10113   0.0881351   0.0725421   0.0595642   0.0510528   0.043657   0.0449202   0.0478957   0.0521741   0.0575273   0.0637351   0.0706141   0.0780398   0.08594   0.0963507   0.110259   0.121581   0.134123   0.143312   0.164681   0.175246   0.185653   0.194813   0.206607   0.217035   
-0.0114904   -0.0179686   -0.01922   -0.00169874   0.00164664   0.00237903   0.00290929   0.00468856   -0.0159217   -0.0087236   -0.0037126   -0.00070755   0.000725887   0.00107828   0.000730129   -9.55977e-05   -0.00130417   -0.00585682   -0.0159461   -0.022264   -0.0282262   -0.0315356   -0.0389894   -0.0424621   -0.0459152   -0.0492554   -0.0534988   -0.0577061   

25000
-10   -9   -8   -7   -6   -5   -4   -3   -2   -1   0   1   2   3   5   6   7   8   9   10   11   12   13   14   15   16   17   18   
-0.204081   -0.17053   -0.129412   -0.366063   -0.516533   -0.546676   -0.51433   -0.448806   -0.364372   -0.174161   -0.146781   -0.114438   0.039526   0.118421   0.0960847   0.166462   0.238041   0.257625   0.352723   0.403487   0.454593   0.505635   0.55723   0.599918   0.632164   0.68181   0.715635   0.555732   
0.127007   0.11605   0.104342   0.0997221   0.0832582   0.0669673   0.0551373   0.0477662   0.0434069   0.0426361   0.0458006   0.0502672   0.0618807   0.0701185   0.081801   0.0923157   0.103957   0.119473   0.12378   0.133206   0.143244   0.153934   0.165643   0.17577   0.18344   0.196581   0.205242   0.204681   
-0.00989673   -0.00602053   -0.00453298   -0.00138709   -0.00290349   -0.00238458   0.000332531   0.00313219   0.00525957   -0.00822551   -0.00343543   -0.000664188   -0.0207305   -0.0255251   -0.0105721   -0.0165804   -0.0222714   -0.0215794   -0.0282256   -0.030271   -0.0326356   -0.0352967   -0.0382755   -0.0407279   -0.0429476   -0.0468382   -0.0502566   -0.0371005   

30000
-10   -9   -8   -6   -5   -4   -3   -2   -1   0   1   2   3   4   6   7   8   9   10   11   12   13   14   15   16   17   18   
-0.240041   -0.224742   -0.200739   -0.52987   -0.559066   -0.518662   -0.453774   -0.369563   -0.18204   -0.119305   0.0664563   0.176715   0.243181   0.275794   0.221509   0.273996   0.327099   0.378117   0.427509   0.474533   0.519471   0.561984   0.606214   0.642216   0.681979   0.714646   0.74947   
0.127138   0.117502   0.107508   0.0801347   0.0623574   0.0516942   0.0452352   0.041969   0.0410214   0.0459266   0.0542539   0.0600674   0.0666582   0.0748657   0.0950786   0.103778   0.113096   0.122602   0.132289   0.142091   0.151993   0.161914   0.172777   0.181762   0.192   0.200679   0.210248   
-0.0127295   -0.00641325   -0.000153263   -0.004949   -0.00496248   -0.000510282   0.00358487   0.00533588   -0.0079012   -0.00999173   -0.0312396   -0.0363506   -0.0356279   -0.0328323   -0.025013   -0.0262565   -0.0276304   -0.0289129   -0.0302695   -0.0317439   -0.0334199   -0.0353525   -0.0379168   -0.0404408   -0.0437074   -0.0473242   -0.0515326   

35000
-10   -9   -8   -6   -5   -4   -3   -2   -1   0   1   2   3   4   7   8   9   10   11   12   13   14   15   16   17   18   
-0.267456   -0.259886   -0.244734   -0.553447   -0.56243   -0.522391   -0.458881   -0.376824   -0.188578   0.039292   0.16735   0.269484   0.338317   0.361523   0.304201   0.357707   0.399725   0.445841   0.498099   0.548422   0.579839   0.6113   0.509966   0.526924   0.721791   0.569775   
0.126988   0.117543   0.107551   0.0768682   0.0597007   0.0489846   0.0432295   0.0405101   0.0398191   0.0473947   0.0511183   0.0549181   0.0601993   0.0684038   0.103455   0.112869   0.121547   0.131188   0.14206   0.153152   0.161342   0.170267   0.180251   0.186501   0.19995   0.202243   
-0.0155911   -0.00878842   -0.00149364   -0.00720911   -0.0054802   -0.000393073   0.00448178   0.00635941   -0.00769065   -0.0357675   -0.0421077   -0.0428775   -0.0398499   -0.034615   -0.0281396   -0.0289515   -0.0287743   -0.0295342   -0.0311733   -0.0328388   -0.0337113   -0.0356066   -0.0264297   -0.0285946   -0.0453402   -0.0345541   

40000
-10   -9   -8   -7   -5   -4   -3   -2   -1   0   1   2   3   4   5   8   9   10   11   12   13   14   16   17   
-0.284112   -0.272604   -0.289218   -0.280052   -0.570158   -0.526293   -0.462554   -0.384869   -0.0355839   0.117601   0.254581   0.36743   0.431376   0.450366   0.442654   0.379349   0.418888   0.461058   0.442372   0.547823   0.581486   0.50184   0.531092   0.72748   
0.125886   0.122001   0.107895   0.0985681   0.0565369   0.0466687   0.0414927   0.039195   0.0418805   0.0447744   0.0465024   0.0481992   0.0522286   0.0600995   0.0713334   0.111911   0.120399   0.129867   0.146359   0.149412   0.158786   0.173102   0.185024   0.198864   
-0.0183524   -0.0109707   -0.00295376   0.00590854   -0.00592731   0.000157078   0.00535118   0.00772806   -0.034229   -0.0451125   -0.0497699   -0.0491937   -0.0433639   -0.035961   -0.0303222   -0.0289506   -0.0282917   -0.0285229   -0.0231378   -0.0303087   -0.0316544   -0.0237036   -0.0274695   -0.0436112   

45000
-10   -9   -8   -7   -5   -4   -3   -2   -1   0   1   2   3   4   5   6   9   10   11   12   13   14   15   16   17   
-0.301547   -0.294165   -0.312452   -0.335638   -0.57453   -0.529151   -0.466051   -0.316434   0.0536259   0.193995   0.347196   0.486952   0.635574   0.756234   0.553761   0.527053   0.438382   0.475477   0.515986   0.56648   0.58911   0.62899   0.660747   0.543416   0.729462   
0.125172   0.114838   0.106688   0.0992363   0.0544135   0.0450282   0.0401617   0.0395246   0.0405237   0.0414851   0.0409711   0.0398294   0.0389857   0.0401122   0.0598988   0.0743304   0.119651   0.128372   0.138205   0.148973   0.157246   0.167576   0.17712   0.185943   0.196658   
-0.0205871   -0.0142638   -0.00553855   0.00556279   -0.00578461   0.000789616   0.00621556   -0.00329089   -0.0470334   -0.0534329   -0.0579583   -0.0584825   -0.0605389   -0.0598808   -0.0308352   -0.0262451   -0.0279162   -0.0274554   -0.0279632   -0.0291481   -0.0300788   -0.0321953   -0.0349408   -0.026539   -0.0420919   

50000
-10   -9   -8   -7   -5   -4   -3   -2   -1   0   1   2   3   4   5   7   10   11   12   13   15   16   18   
-0.26902   -0.325808   -0.306927   -0.34415   -0.579176   -0.532423   -0.469361   -0.242034   0.118653   0.276359   0.43778   0.648989   0.772122   0.822454   0.886577   0.525729   0.485897   0.536822   0.566266   0.605575   0.533922   0.698066   0.764093   
0.127035   0.114752   0.109466   0.0970301   0.0524151   0.0434968   0.0390894   0.0385691   0.0383602   0.0376679   0.0353075   0.0314007   0.0315191   0.0348795   0.0386703   0.0849152   0.126836   0.137751   0.146334   0.157103   0.178165   0.185528   0.205429   
-0.0216131   -0.0161998   -0.00753807   0.00226675   -0.00544499   0.00162229   0.00706414   -0.0142215   -0.055333   -0.0624807   -0.0666554   -0.0773653   -0.0766665   -0.0664524   -0.0591127   -0.0225031   -0.026301   -0.027189   -0.0273685   -0.0288872   -0.0231409   -0.0370124   -0.0454538   

55000
-10   -9   -8   -7   -5   -4   -3   -2   -1   0   1   2   3   4   5   6   7   10   12   13   14   17   
-0.306349   -0.318492   -0.312903   -0.37032   -0.584555   -0.534821   -0.386296   -0.199569   0.188987   0.338092   0.566121   0.712361   0.809095   0.874159   0.926823   0.958942   0.590515   0.495073   0.499928   0.503815   0.6367   0.755118   
0.121644   0.118053   0.107513   0.0959264   0.0502187   0.0423787   0.0389895   0.0368613   0.0359274   0.0341259   0.0292978   0.0275185   0.0285622   0.0312207   0.0349835   0.0401624   0.0758829   0.125551   0.151857   0.161063   0.164577   0.198311   
-0.0237977   -0.0173446   -0.00956064   0.000281689   -0.00483145   0.00217126   -0.00621726   -0.0194831   -0.0642346   -0.0689362   -0.0827776   -0.0849579   -0.0807733   -0.0725582   -0.0632439   -0.0519064   -0.0196362   -0.0252871   -0.0196961   -0.0197223   -0.0295917   -0.0392265   

60000
-10   -9   -8   -7   -5   -4   -3   -2   -1   0   1   2   3   4   5   6   7   8   13   15   16   17   
-0.31639   -0.307294   -0.322923   -0.448745   -0.586667   -0.520375   -0.335634   0.0925744   0.239511   0.425066   0.618053   0.745497   0.829038   0.89934   0.958552   1.00815   1.00325   0.560265   0.617013   0.669556   0.707997   0.751262   
0.120419   0.115265   0.106322   0.0970381   0.0490501   0.0412628   0.0379078   0.0351766   0.0335563   0.0300873   0.0261069   0.0251731   0.0265569   0.0289098   0.0322163   0.0364505   0.0431069   0.0913751   0.153642   0.17336   0.183576   0.195341   
-0.0251706   -0.0186384   -0.0109365   0.000371121   -0.00443804   -6.08963e-06   -0.0135913   -0.0620491   -0.0701582   -0.0796192   -0.0889878   -0.0888942   -0.0828966   -0.0754842   -0.0669596   -0.0576381   -0.041722   -0.0186973   -0.0262184   -0.0316125   -0.0347852   -0.0383145   

65000
-9   -8   -7   -5   -4   -3   -2   -1   0   1   2   3   4   5   6   7   8   13   14   15   17   
-0.31811   -0.354628   -0.435005   -0.589961   -0.463642   -0.298367   -0.146184   0.286178   0.499865   0.66052   0.764736   0.842998   0.91179   0.981149   1.04549   1.05918   1.03053   0.625123   0.648972   0.545338   0.562319   
0.114556   0.105894   0.0986645   0.0478156   0.0401145   0.0366292   0.0322989   0.0312835   0.0267296   0.0236797   0.0235611   0.0250155   0.0272577   0.0301503   0.0337415   0.0391935   0.0471304   0.152436   0.162293   0.174986   0.18758   
-0.019765   -0.0124551   -0.00218757   -0.00390248   -0.00905011   -0.0185208   -0.0248393   -0.0756445   -0.0895384   -0.0944442   -0.091112   -0.0844226   -0.0767891   -0.0697982   -0.0625031   -0.048221   -0.0302843   -0.0251095   -0.0274079   -0.0207073   -0.0271821   

70000
-10   -9   -8   -5   -4   -3   -2   -1   0   1   2   3   4   5   6   7   8   13   14   15   16   18   
-0.316471   -0.312535   -0.346717   -0.581502   -0.422529   -0.265497   -0.12262   0.338495   0.532649   0.692079   0.777614   0.854319   0.919322   0.996144   1.05274   1.09826   1.10386   0.626231   0.648525   0.53744   0.706647   0.765806   
0.123557   0.112951   0.103845   0.0463139   0.0387903   0.0352947   0.0296563   0.0289313   0.0246195   0.0219169   0.0223461   0.0237711   0.0259595   0.0285534   0.0320224   0.0363985   0.0424971   0.150891   0.161027   0.172794   0.181441   0.200746   
-0.026821   -0.0202796   -0.01353   -0.00540328   -0.0150718   -0.0226934   -0.0258529   -0.0821816   -0.0933784   -0.0986565   -0.0925865   -0.0857573   -0.0775193   -0.0717284   -0.0630146   -0.0532076   -0.038578   -0.0241699   -0.0266879   -0.0203329   -0.0336468   -0.0428017   

75000
-10   -9   -8   -7   -5   -4   -3   -2   -1   0   1   2   3   4   5   6   7   8   9   10   14   
-0.308498   -0.344611   -0.460858   -0.443014   -0.538323   -0.391371   -0.240415   -0.103353   0.389595   0.57083   0.702358   0.788569   0.855735   0.927712   0.99533   1.05986   1.12549   1.16616   1.16068   1.06207   0.652105   
0.121488   0.107867   0.101127   0.0949952   0.044041   0.037403   0.0339769   0.0282407   0.0266663   0.0226358   0.020855   0.0213563   0.0228395   0.0248518   0.0274304   0.0306141   0.0342298   0.0390129   0.0456361   0.0572761   0.160246   
-0.0269203   -0.0222016   -0.0163512   -0.00565285   -0.0126418   -0.0192956   -0.0256907   -0.0271982   -0.088828   -0.0984692   -0.099671   -0.0939311   -0.0855809   -0.0785571   -0.0711809   -0.0637132   -0.0568619   -0.0467483   -0.0312094   -0.00873678   -0.0259674   

80000
-10   -9   -8   -7   -5   -4   -3   -2   -1   0   1   2   3   4   5   6   7   8   9   11   14   15   17   18   
-0.31164   -0.376685   -0.381515   -0.43194   -0.508226   -0.365673   -0.217007   -0.0148849   0.435629   0.606463   0.711867   0.789816   0.857211   0.929901   1.00269   1.07987   1.12696   1.17301   1.19412   1.17354   0.679318   0.682325   0.740732   0.769171   
0.12027   0.106898   0.101564   0.0932757   0.042014   0.0361624   0.0327351   0.0273326   0.0247098   0.0209604   0.0199707   0.0206307   0.0220516   0.0239508   0.0263801   0.0292078   0.0329035   0.0372167   0.0426645   0.0562843   0.159595   0.169468   0.189499   0.199339   
-0.0275308   -0.0244324   -0.0160622   -0.00688406   -0.0172142   -0.0228197   -0.0283697   -0.0391837   -0.0951371   -0.103512   -0.100732   -0.0937653   -0.08552   -0.0786299   -0.0721434   -0.0667481   -0.0566437   -0.0471356   -0.0348385   -0.00693209   -0.0241921   -0.0285276   -0.0367817   -0.0418011   

85000
-10   -9   -8   -7   -6   -5   -4   -3   -1   0   1   2   3   4   5   6   7   8   9   10   13   17   18   
-0.309921   -0.333137   -0.378946   -0.445769   -0.530526   -0.485057   -0.341078   -0.188293   0.471886   0.617256   0.722604   0.792642   0.862529   0.930004   1.0039   1.07258   1.14767   1.20042   1.22798   1.21455   0.657556   0.767277   0.786455   
0.119539   0.10971   0.100463   0.0920701   0.077741   0.0403535   0.0349284   0.0313828   0.0230452   0.0199948   0.0191916   0.0199889   0.0213357   0.0232159   0.0254828   0.0282692   0.0313769   0.0353479   0.0402521   0.0462548   0.147373   0.190447   0.199465   
-0.027584   -0.0226633   -0.0165362   -0.00778954   -0.00540311   -0.0206032   -0.0258438   -0.0320713   -0.1001   -0.104627   -0.102125   -0.0939558   -0.0861995   -0.0784265   -0.0720957   -0.0651786   -0.0597211   -0.0510106   -0.039108   -0.0225036   -0.021101   -0.0344022   -0.0398539   

90000
-10   -9   -6   -5   -4   -3   -2   -1   0   1   2   3   4   5   6   7   8   9   10   11   12   15   16   17   
-0.309264   -0.360195   -0.576347   -0.461118   -0.320721   -0.175386   -0.00394719   0.501922   0.638924   0.728138   0.79761   0.860111   0.933044   1.00621   1.08493   1.14358   1.19941   1.24171   1.30329   1.3047   1.25785   0.560232   0.715929   0.743525   
0.118713   0.108428   0.0519714   0.038835   0.0337739   0.0302842   0.024741   0.0216307   0.0189519   0.018584   0.0194041   0.0207555   0.0225308   0.0247402   0.0272712   0.0304155   0.0340753   0.0384021   0.041863   0.047105   0.0549156   0.171026   0.178023   0.188226   
-0.0276598   -0.0247569   -0.0213595   -0.023949   -0.0285736   -0.0332253   -0.039071   -0.104266   -0.107744   -0.102728   -0.0945735   -0.0855753   -0.0787855   -0.0723337   -0.0671318   -0.0587289   -0.0504035   -0.0405824   -0.0340566   -0.0196836   -0.00262754   -0.0178825   -0.0313348   -0.0359723   

95000
-10   -8   -5   -4   -3   -2   -1   0   1   2   3   4   5   6   7   8   9   10   11   12   16   17   18   
-0.312763   -0.429896   -0.443807   -0.301326   -0.153804   0.0170746   0.528127   0.645464   0.732431   0.796913   0.86252   0.930626   1.00443   1.07809   1.15029   1.22224   1.27944   1.29349   1.28599   1.20602   0.56035   0.575976   0.627707   
0.11794   0.0975007   0.0375462   0.0326469   0.0290956   0.0235334   0.020413   0.0183036   0.0180699   0.0189315   0.0202327   0.0219713   0.0240509   0.0265331   0.0293415   0.0326147   0.0364596   0.0405983   0.0457462   0.0557431   0.176673   0.184369   0.196939   
-0.0280176   -0.0198653   -0.0262654   -0.0309288   -0.0358447   -0.0414678   -0.107986   -0.108403   -0.103194   -0.0942648   -0.0858544   -0.0782144   -0.0718438   -0.0657165   -0.0596094   -0.0538838   -0.0461531   -0.0320131   -0.0162391   0.00219883   -0.0211446   -0.0247237   -0.0268068   

100000
-10   -9   -8   -7   -5   -4   -3   -2   -1   0   1   3   4   5   6   7   8   9   10   11   12   15   16   17   
-0.315177   -0.346644   -0.410286   -0.477308   -0.426104   -0.287233   -0.130364   0.00707435   0.537765   0.659875   0.737936   0.860424   0.930804   1.00977   1.08008   1.15755   1.217   1.26737   1.31051   1.33597   1.30346   0.695663   0.721498   0.794329   
0.117267   0.106948   0.0969296   0.0852065   0.0363528   0.0316903   0.0278701   0.0225138   0.0196206   0.017607   0.0176   0.0197763   0.0214417   0.0234689   0.0257656   0.0285059   0.0317322   0.0354404   0.0386843   0.0428485   0.0491478   0.166208   0.176881   0.190044   
-0.0282471   -0.0242316   -0.0193376   -0.0177124   -0.0286268   -0.0325174   -0.0389027   -0.0392134   -0.108989   -0.110507   -0.103913   -0.0853532   -0.0781303   -0.0727271   -0.0658986   -0.0607275   -0.0527233   -0.0437749   -0.0339779   -0.0224807   -0.00535323   -0.0261752   -0.0303828   -0.0316716   

105000
-10   -9   -8   -7   -6   -5   -4   -3   -2   -1   0   1   2   3   4   5   6   7   8   9   10   11   12   13   14   16   17   18   
-0.347627   -0.350434   -0.406519   -0.464025   -0.529369   -0.406422   -0.264303   -0.125545   0.0170646   0.532432   0.664139   0.73989   0.799201   0.862634   0.930681   1.00301   1.08417   1.15127   1.2187   1.27826   1.35086   1.37961   1.38461   1.36013   1.19815   0.728004   0.750192   0.778246   
0.112184   0.106176   0.0961261   0.0820887   0.0442648   0.0351717   0.0306156   0.027058   0.0214973   0.0190505   0.0171405   0.0172143   0.0181035   0.0193709   0.0209961   0.0229232   0.0251598   0.0277553   0.0307479   0.0340756   0.0368105   0.0407441   0.0452303   0.0514539   0.0702422   0.175648   0.186312   0.19683   
-0.0301725   -0.0245959   -0.0194328   -0.0235345   -0.0291951   -0.0312955   -0.0355765   -0.0389133   -0.0400863   -0.10717   -0.110926   -0.104069   -0.0943798   -0.0856609   -0.0780331   -0.0713677   -0.0665519   -0.0594025   -0.0527363   -0.0451668   -0.0400126   -0.0285364   -0.014544   -8.29689e-05   0.0135844   -0.0295083   -0.0347227   -0.039916   

110000
-9   -8   -7   -6   -5   -3   -1   0   1   2   3   4   5   6   7   8   9   10   11   12   13   17   
-0.384936   -0.413854   -0.457455   -0.514938   -0.394426   -0.111336   0.51784   0.674087   0.743914   0.801072   0.859741   0.927595   1.00287   1.0775   1.15379   1.22969   1.30278   1.33517   1.36677   1.37139   1.34564   0.764329   
0.101334   0.0950681   0.0789277   0.0426547   0.0341314   0.026105   0.0186087   0.0166466   0.0168513   0.0177499   0.0190002   0.0205656   0.0224153   0.0245706   0.0269901   0.0297889   0.0328765   0.0358988   0.0396942   0.0440906   0.0505471   0.185414   
-0.0266332   -0.0200855   -0.0288575   -0.0313604   -0.0325915   -0.0405383   -0.103719   -0.112382   -0.104605   -0.0946003   -0.0850555   -0.0773843   -0.0712544   -0.0651957   -0.0596827   -0.0544501   -0.049105   -0.0370656   -0.0260691   -0.0121469   0.00181955   -0.0330928   

115000
-9   -8   -6   -5   -3   -1   0   1   2   3   4   5   6   7   8   9   10   11   12   13   15   16   
-0.371199   -0.419642   -0.500172   -0.381159   -0.0959704   0.503609   0.677269   0.745278   0.800626   0.859603   0.928193   1.00495   1.07696   1.16278   1.23049   1.28962   1.33555   1.37285   1.38235   1.36613   0.703355   0.570852   
0.104242   0.0941884   0.0410037   0.0332667   0.0251268   0.0181854   0.0162884   0.01654   0.0174321   0.0186622   0.0201877   0.0220094   0.0240056   0.0264107   0.0291245   0.0320834   0.0348156   0.0383603   0.0424506   0.0482267   0.163649   0.174514   
-0.0264208   -0.0205939   -0.0335381   -0.0344309   -0.0424524   -0.100544   -0.112704   -0.104713   -0.0944375   -0.0849657   -0.0774458   -0.0716092   -0.0649898   -0.0612615   -0.0544587   -0.0465581   -0.0367563   -0.0265068   -0.0130255   0.000475113   -0.0248042   -0.0195964   

120000
-10   -8   -7   -6   -5   -4   -3   -1   0   1   2   3   4   5   6   7   8   9   10   11   12   13   14   
-0.330009   -0.42688   -0.452834   -0.491679   -0.364155   -0.224673   -0.0807212   0.488412   0.684106   0.747679   0.801197   0.859598   0.926353   0.998601   1.08246   1.15293   1.2243   1.28768   1.34423   1.38893   1.40812   1.41089   1.38018   
0.114367   0.093287   0.0726097   0.039599   0.032292   0.028029   0.0241944   0.0177969   0.0159238   0.0162513   0.0171393   0.0183681   0.0198509   0.0215754   0.0235681   0.0258298   0.0284423   0.0312119   0.0336743   0.0369321   0.0405654   0.0451432   0.0522534   
-0.0295828   -0.0211798   -0.0377203   -0.0345471   -0.0366911   -0.0404077   -0.0443971   -0.097329   -0.113692   -0.105014   -0.0944624   -0.0849232   -0.0770658   -0.0703436   -0.0659869   -0.0593072   -0.0531643   -0.0459573   -0.0378524   -0.0285966   -0.0160617   -0.00362372   0.00846569   

125000
-10   -8   -6   -5   -4   -3   -2   -1   0   1   2   3   4   5   6   7   8   9   10   11   12   13   14   15   18   
-0.327811   -0.538233   -0.483283   -0.355085   -0.208543   -0.066331   0.0625917   0.478471   0.687063   0.749385   0.801971   0.857892   0.923471   0.996362   1.07459   1.14915   1.22383   1.29196   1.36162   1.41592   1.45535   1.47455   1.00619   1.44286   0.791764   
0.114164   0.0871266   0.0382192   0.0315297   0.0271877   0.0233193   0.017807   0.0173409   0.0156339   0.0159923   0.0168795   0.018077   0.0195178   0.0211806   0.0231074   0.0252673   0.0277519   0.030311   0.0326986   0.0357085   0.0389205   0.0424979   0.0910609   0.0544208   0.194132   
-0.0292584   -0.0242428   -0.0354842   -0.0377986   -0.042614   -0.0462522   -0.0450948   -0.0951398   -0.114034   -0.105217   -0.0945428   -0.0845658   -0.0764819   -0.0698677   -0.0644248   -0.0584871   -0.0529067   -0.0464571   -0.0405972   -0.0327075   -0.0229531   -0.0111859   0.00795762   0.0116101   -0.0379361   

130000
-10   -9   -8   -6   -5   -4   -3   -2   -1   0   1   2   3   4   5   6   7   8   9   10   11   12   13   14   15   16   
-0.364277   -0.370237   -0.488721   -0.468675   -0.340584   -0.193054   -0.0529675   0.0727741   0.470266   0.691502   0.750636   0.801654   0.857465   0.92249   0.9967   1.06996   1.14951   1.22848   1.30531   1.35798   1.40944   1.44322   1.45947   1.45553   1.42781   1.3702   
0.111629   0.102575   0.0876512   0.0373651   0.0306984   0.0263717   0.0225055   0.0170439   0.0168809   0.0153561   0.0157522   0.0166274   0.0178169   0.0192206   0.02084   0.0226673   0.0247394   0.0271197   0.0295898   0.0320446   0.0349669   0.0380692   0.0416963   0.046613   0.054049   0.0661205   
-0.0332871   -0.026308   -0.0236642   -0.03778   -0.0397046   -0.0447635   -0.0479864   -0.0463851   -0.0933409   -0.114651   -0.105349   -0.0944363   -0.0844545   -0.0762696   -0.069906   -0.0634764   -0.0584544   -0.0536237   -0.0487122   -0.0397882   -0.0313757   -0.0206201   -0.00876272   0.00291507   0.0128188   0.0185991   

135000
-10   -9   -6   -5   -4   -3   -2   -1   0   1   2   3   4   5   6   7   8   9   10   11   12   13   14   15   16   
-0.333124   -0.413603   -0.461762   -0.332641   -0.178297   -0.0404257   0.0820146   0.455745   0.677604   0.752812   0.802175   0.857784   0.923428   0.994852   1.06851   1.15478   1.23456   1.29731   1.34964   1.40067   1.43334   1.45175   0.839   1.4239   1.37084   
0.112858   0.0993358   0.0362776   0.0300255   0.0256373   0.0217513   0.0163422   0.0165257   0.0152744   0.0155388   0.0164049   0.0175965   0.0189862   0.020539   0.0222627   0.0243381   0.0266916   0.0290117   0.0313643   0.0342164   0.0372446   0.0408683   0.119351   0.0532177   0.0649531   
-0.0296474   -0.0306205   -0.0384801   -0.0406925   -0.0467823   -0.0496355   -0.0475964   -0.0904772   -0.111687   -0.105652   -0.0944855   -0.0845003   -0.0764521   -0.0695389   -0.0631431   -0.0594142   -0.0547133   -0.0471214   -0.0381119   -0.029608   -0.0187026   -0.00741143   -0.00451183   0.0132853   0.0187198   

140000
-10   -9   -6   -5   -4   -3   -2   -1   0   1   2   3   4   5   6   7   8   9   10   11   12   13   14   15   16   
-0.370066   -0.375164   -0.450672   -0.327895   -0.164572   -0.0289981   0.0924622   0.446968   0.662494   0.753186   0.802493   0.856107   0.919449   0.990026   1.06954   1.14861   1.22482   1.28969   1.34535   1.39529   1.42913   1.44993   0.868777   1.43028   1.46423   
0.107425   0.101218   0.0353586   0.0294442   0.0248882   0.0210295   0.0157124   0.0161183   0.0151939   0.0153304   0.0161988   0.017354   0.0187031   0.0202074   0.0219262   0.0239308   0.026173   0.0284177   0.0306833   0.0334406   0.0364144   0.0399682   0.113584   0.0518501   0.0559661   
-0.0322083   -0.0266522   -0.0400936   -0.040896   -0.0487796   -0.0511704   -0.049099   -0.0887161   -0.108586   -0.105656   -0.0945102   -0.0841628   -0.0756638   -0.0685739   -0.0633174   -0.0581846   -0.0527785   -0.0455762   -0.0371415   -0.0283706   -0.017718   -0.00685462   -0.00216661   0.01316   0.0168614   

145000
-6   -5   -4   -3   -2   -1   0   1   2   3   4   5   6   7   8   9   10   11   12   13   14   15   16   17   
-0.43877   -0.316508   -0.168226   -0.0182728   0.102749   0.436294   0.649061   0.754295   0.802402   0.855299   0.917237   0.987191   1.06712   1.14189   1.21892   1.28549   1.34405   1.39336   1.42845   1.45153   1.45813   1.44192   1.46995   1.45104   
0.0343572   0.0287541   0.0245837   0.020363   0.0151375   0.0157229   0.0150857   0.0151431   0.0159951   0.0171371   0.0184498   0.0199074   0.0216257   0.0235076   0.0256828   0.0278284   0.0300088   0.032666   0.0355754   0.039027   0.0435184   0.0502021   0.054532   0.0631577   
-0.0417323   -0.042586   -0.0475973   -0.0526227   -0.0506437   -0.0865993   -0.105837   -0.105789   -0.0944652   -0.0839948   -0.0752226   -0.0680001   -0.0628361   -0.0568298   -0.0515684   -0.0446523   -0.0366973   -0.0277285   -0.0172979   -0.00675012   0.00357673   0.0127102   0.016793   0.020123   

150000
-6   -5   -4   -3   -2   -1   0   1   2   3   4   5   6   7   8   9   10   11   12   13   14   15   16   17   18   
-0.434201   -0.305589   -0.159496   -0.00820207   0.112119   0.433014   0.637989   0.755566   0.802656   0.855154   0.915835   0.985519   1.06098   1.13801   1.21584   1.28461   1.34644   1.39462   1.43052   1.45587   1.46634   1.45699   1.46643   1.43862   1.4249   
0.0337429   0.0280795   0.0239764   0.019746   0.014606   0.0153117   0.0149354   0.0149745   0.0158166   0.0169516   0.0182208   0.0196384   0.0212788   0.0231099   0.0252104   0.0272543   0.0293693   0.0319152   0.0347385   0.0380627   0.0423103   0.0483842   0.0538823   0.0636668   0.074267   
-0.0422389   -0.0440734   -0.0487642   -0.0540047   -0.0520785   -0.085948   -0.103573   -0.105958   -0.0944853   -0.0839617   -0.0749443   -0.0676608   -0.0616035   -0.0560207   -0.0508866   -0.0443381   -0.0369304   -0.0276622   -0.0173176   -0.0070143   0.00303588   0.0120014   0.0170291   0.0200773   0.0197013   

155000
-10   -9   -6   -5   -3   -2   -1   0   1   2   3   4   5   6   7   8   9   10   11   12   13   14   15   16   17   18   
-0.348349   -0.398951   -0.426287   -0.295125   0.00143784   0.119788   0.418586   0.626514   0.756006   0.803082   0.854922   0.91561   0.98534   1.05693   1.13605   1.21525   1.28689   1.3524   1.40002   1.4357   1.4627   1.47722   1.47593   1.47818   1.44587   1.40489   
0.110107   0.098027   0.0328185   0.027487   0.0191772   0.0141123   0.0149877   0.0148046   0.0148035   0.0156594   0.0167772   0.0180325   0.0194207   0.02096   0.0227408   0.0247685   0.0267394   0.0288235   0.0312212   0.033921   0.0371027   0.0410835   0.0464305   0.0521061   0.0622884   0.076295   
-0.0308986   -0.0290157   -0.0430951   -0.04543   -0.0553618   -0.0532444   -0.0831988   -0.10125   -0.105991   -0.094544   -0.0839172   -0.0749094   -0.067633   -0.060781   -0.0555865   -0.0506836   -0.044637   -0.0378617   -0.0283583   -0.017844   -0.00763352   0.00217926   0.0109442   0.0166765   0.0199588   0.0188432   

160000
-6   -5   -3   -2   -1   0   1   2   3   4   5   6   7   8   9   10   11   12   13   14   15   16   17   18   
-0.414413   -0.283931   0.010756   0.114638   0.414519   0.617178   0.756758   0.803059   0.853925   0.914107   0.982771   1.05413   1.13584   1.21702   1.29476   1.35808   1.41106   1.44402   1.47217   1.49014   1.49673   1.49851   1.46732   1.40791   
0.0321815   0.0268568   0.0186522   0.0137625   0.0146344   0.0146317   0.0146514   0.0154847   0.0165827   0.0178364   0.0191962   0.0206652   0.0224199   0.0243956   0.0264287   0.0284765   0.0306917   0.0331699   0.0361801   0.0398984   0.044537   0.0497952   0.0595888   0.0755989   
-0.0450245   -0.0471538   -0.0567097   -0.0521325   -0.0824459   -0.0993892   -0.106079   -0.0945249   -0.0837182   -0.0746193   -0.0671284   -0.0602045   -0.0555084   -0.0509612   -0.0460902   -0.0388501   -0.030171   -0.0189233   -0.00865602   0.00102996   0.00959644   0.0158912   0.0197566   0.0186234   

165000
-10   -6   -5   -4   -3   -1   0   1   2   3   4   5   6   7   8   9   10   11   12   13   14   15   16   17   18   
-0.355014   -0.404187   -0.273704   -0.131682   0.019773   0.40642   0.606759   0.757721   0.803208   0.853321   0.911699   0.97863   1.05245   1.13862   1.2204   1.28463   1.34698   1.40968   1.45822   1.48471   1.50568   1.51424   0.947733   1.09524   1.42902   
0.109005   0.0314261   0.0262667   0.0223335   0.0181662   0.0142835   0.0144755   0.0145173   0.0153322   0.0164088   0.0176222   0.0189475   0.0204043   0.0222117   0.0241629   0.0259922   0.02801   0.0302792   0.0326319   0.0353727   0.0388237   0.0431372   0.125179   0.111006   0.0726997   
-0.0314367   -0.0465367   -0.0486401   -0.052574   -0.0580479   -0.0809044   -0.0973309   -0.106207   -0.0945383   -0.0835986   -0.0741404   -0.0662981   -0.0598583   -0.0560616   -0.0516153   -0.0440894   -0.036681   -0.0298123   -0.0211085   -0.0102068   -0.000536479   0.00828076   -0.00402189   0.00381959   0.0189313   

170000
-10   -8   -6   -5   -3   -2   -1   0   1   2   3   4   5   6   7   8   9   10   11   12   13   14   15   16   17   18   
-0.35323   -0.42028   -0.404696   -0.264306   0.0284472   0.11792   0.404208   0.597072   0.758131   0.80342   0.853038   0.909967   0.975559   1.05246   1.1316   1.21097   1.27603   1.33661   1.39782   1.45113   1.49095   1.51223   1.50484   1.49281   1.47507   1.45999   
0.108848   0.0713449   0.0308755   0.0257328   0.0177162   0.0130695   0.0139508   0.0143195   0.0143728   0.0151982   0.0162581   0.0174275   0.0187195   0.0202023   0.0218943   0.0237737   0.025583   0.0275486   0.0297773   0.0321777   0.0348718   0.0381947   0.0428881   0.0489837   0.0579585   0.0687285   
-0.031033   -0.0537154   -0.0459375   -0.0499153   -0.0593635   -0.0524043   -0.0805182   -0.0954194   -0.106248   -0.0945661   -0.083547   -0.0737981   -0.0656822   -0.059868   -0.0546523   -0.0497316   -0.0423764   -0.034609   -0.0275217   -0.019805   -0.0110017   -0.00120582   0.00917271   0.0161653   0.0194195   0.0193851   

175000
-8   -7   -6   -5   -3   -2   -1   0   1   2   3   4   5   6   7   8   9   10   11   12   13   14   15   16   17   18   
-0.477358   -0.50232   -0.395328   -0.254964   0.0367822   0.122443   0.394609   0.59011   0.758675   0.803703   0.8531   0.908634   0.973134   1.04983   1.12533   1.20394   1.26956   1.32825   1.38844   1.44149   1.48184   1.50373   1.49914   1.48974   1.47147   1.45283   
0.0686682   0.0387684   0.0303306   0.0252286   0.0172969   0.0127369   0.0136637   0.0141406   0.014243   0.015071   0.0161324   0.0172495   0.0185079   0.019993   0.0215882   0.023419   0.0252039   0.0271053   0.0293207   0.0317275   0.0344465   0.0378277   0.0425365   0.0486919   0.0579603   0.0693787   
-0.0525536   -0.0481221   -0.0474573   -0.0513003   -0.0606521   -0.0530999   -0.0787317   -0.0940561   -0.106313   -0.0946115   -0.0835696   -0.0735382   -0.0651967   -0.059349   -0.0533845   -0.0483133   -0.0410639   -0.0329144   -0.0257248   -0.018101   -0.00956024   -8.30318e-05   0.00971786   0.016265   0.0192557   0.0189078   

180000
-6   -5   -4   -3   -2   -1   0   1   2   3   4   5   6   7   8   9   10   11   12   13   14   15   16   17   18   
-0.387006   -0.245911   -0.107085   0.0448057   0.127955   0.38508   0.581229   0.759283   0.803941   0.852688   0.907842   0.971197   1.04438   1.12052   1.19863   1.26381   1.32207   1.38135   1.43372   1.47405   1.49664   1.49679   1.48998   1.47237   1.44722   
0.0297241   0.0247092   0.0209271   0.0168977   0.0124237   0.0133589   0.0139862   0.0141276   0.0149311   0.0159782   0.0170969   0.0183158   0.0197401   0.0213084   0.0230919   0.0248261   0.0266859   0.0288929   0.0313094   0.0340555   0.0374826   0.0420625   0.0482026   0.0575648   0.0699094   
-0.0487018   -0.0527095   -0.0560487   -0.0619223   -0.0539984   -0.0769493   -0.0923134   -0.106389   -0.0946493   -0.0834897   -0.0733928   -0.0648134   -0.0582464   -0.052405   -0.0472261   -0.0398671   -0.0316446   -0.0243626   -0.0167393   -0.00835006   0.000834193   0.00997843   0.0162127   0.0190538   0.0184221   

185000
-10   -7   -6   -5   -4   -3   -2   -1   0   1   2   3   4   5   6   7   8   9   10   11   12   14   15   16   17   18   
-0.352331   -0.485941   -0.379909   -0.237598   -0.0997321   0.0523731   0.133626   0.380339   0.572748   0.751397   0.804176   0.852294   0.907974   0.970271   1.04013   1.11664   1.19436   1.25867   1.31737   1.37618   1.42774   1.49116   1.49693   1.49198   1.47638   1.4478   
0.108471   0.0379567   0.029053   0.0242196   0.0204653   0.0165202   0.0121322   0.0130661   0.0138259   0.0140591   0.0148075   0.0158257   0.01698   0.0181578   0.019507   0.0210459   0.0227826   0.0244563   0.0262884   0.0284836   0.0309086   0.037138   0.0414948   0.0476199   0.0568944   0.0697286   
-0.0304281   -0.0508085   -0.0495946   -0.0539474   -0.0571498   -0.0631322   -0.05495   -0.0761014   -0.0906655   -0.104763   -0.0946877   -0.0834122   -0.0734418   -0.0646424   -0.0573842   -0.0516078   -0.046341   -0.0387789   -0.0306646   -0.0233545   -0.0156861   0.00154134   0.0100374   0.0160794   0.0188359   0.0180751   

190000
-10   -7   -6   -5   -3   -2   -1   0   1   2   3   4   5   6   7   8   9   10   11   12   13   14   15   16   17   18   
-0.395221   -0.483557   -0.371929   -0.229839   0.0593263   0.139136   0.376379   0.566977   0.739734   0.804388   0.85205   0.906086   0.969917   1.03662   1.11338   1.19084   1.25453   1.31382   1.37236   1.42336   1.46335   1.48711   1.49884   1.49601   1.4823   1.45312   
0.102427   0.036352   0.0285456   0.0237679   0.0161658   0.0118629   0.0127808   0.0136473   0.0140152   0.0146983   0.0156887   0.0168026   0.0180249   0.0192885   0.0207985   0.0224887   0.0241082   0.0259133   0.0280896   0.0305171   0.0333079   0.0367867   0.040869   0.0469336   0.0560664   0.0689821   
-0.0338693   -0.0509815   -0.0507478   -0.0550481   -0.0642379   -0.0558954   -0.0754128   -0.0895729   -0.102393   -0.0947236   -0.0833668   -0.0730626   -0.0645914   -0.0566707   -0.0509359   -0.0456028   -0.0378908   -0.0299088   -0.0225883   -0.014896   -0.00667454   0.00207055   0.00995192   0.0158603   0.0186112   0.0178566   

195000
-7   -6   -5   -3   -2   -1   0   1   2   3   4   5   6   7   8   9   10   11   12   13   14   15   16   17   18   
-0.475093   -0.363387   -0.22241   0.0658827   0.144845   0.367237   0.559317   0.728149   0.80462   0.851903   0.904618   0.966264   1.03357   1.11067   1.18759   1.25151   1.31127   1.36946   1.42012   1.45999   1.4842   1.50211   1.50131   1.48813   1.46048   
0.0358501   0.0280588   0.0233725   0.0158335   0.011612   0.012496   0.0134853   0.0139786   0.0146022   0.0155689   0.0166376   0.0178241   0.0190834   0.0205694   0.0222097   0.0237908   0.0255634   0.0277124   0.0301347   0.0329377   0.036429   0.040213   0.0462049   0.0552796   0.0680052   
-0.052431   -0.0521625   -0.0561097   -0.0652848   -0.0568927   -0.0737356   -0.0880974   -0.100051   -0.0947661   -0.0833451   -0.0727686   -0.0638503   -0.0560517   -0.0503767   -0.0449151   -0.0372343   -0.0293493   -0.0219922   -0.0142917   -0.0061281   0.0024636   0.00975171   0.0155845   0.0183921   0.0177045   

200000
-9   -7   -6   -5   -3   -2   -1   0   1   2   3   4   5   6   7   8   9   10   11   12   13   14   15   16   17   18   
-0.45194   -0.479582   -0.355689   -0.214842   0.0722284   0.150805   0.355609   0.551097   0.71881   0.805029   0.851861   0.903454   0.963426   1.03092   1.1086   1.18515   1.24994   1.30968   1.36733   1.37443   1.45753   1.48209   1.5068   1.49775   1.48161   1.46168   
0.0819201   0.0344369   0.0275518   0.0229233   0.0155207   0.0113777   0.0122084   0.0133279   0.0138733   0.0144883   0.0154639   0.0164851   0.0176409   0.0188922   0.0203674   0.0219611   0.0235197   0.0252454   0.0273526   0.0260591   0.0325731   0.0360693   0.0395393   0.0461905   0.0557856   0.0678246   
-0.0471846   -0.0512194   -0.0533702   -0.0573435   -0.0663118   -0.057955   -0.071586   -0.0865087   -0.0981785   -0.0948413   -0.0833479   -0.0725378   -0.0632752   -0.0555144   -0.0499523   -0.0443954   -0.0368766   -0.0289824   -0.0215336   -0.00940684   -0.00570855   0.00275914   0.00942694   0.0156303   0.0181712   0.0174034   

205000
-7   -5   -2   -1   0   1   2   4   5   6   7   8   9   10   11   12   13   14   15   16   17   18   
-0.472253   -0.207762   0.147678   0.352007   0.543834   0.709294   0.805417   0.902464   0.961005   1.02873   1.10901   1.18557   1.25197   1.30931   1.36583   1.41583   1.45572   1.48057   1.50171   1.4932   1.47845   1.45695   
0.0341363   0.0225024   0.0112514   0.0119687   0.0131707   0.013786   0.0143805   0.0163432   0.0174696   0.018721   0.0202276   0.0217916   0.0233482   0.0249761   0.0270143   0.029405   0.0322156   0.0357138   0.039444   0.0462924   0.0559922   0.0684192   
-0.0524822   -0.0584588   -0.0572969   -0.0709957   -0.0851131   -0.0962768   -0.094913   -0.0723442   -0.0627859   -0.0550746   -0.0500431   -0.0444748   -0.0372586   -0.0288587   -0.0211943   -0.0134442   -0.00538438   0.00298344   0.00981101   0.0156848   0.0179239   0.0169202   

210000
-7   -6   -5   -4   -3   -2   -1   0   1   2   3   4   5   6   7   8   9   10   11   12   13   14   15   16   17   18   
-0.465965   -0.353063   -0.201059   -0.0658961   0.0724884   0.14871   0.344584   0.540129   0.699508   0.805755   0.851988   0.901715   0.958867   1.02813   1.10682   1.18366   1.24856   1.31245   1.36496   1.41447   1.45438   1.47949   1.49672   1.4906   1.47748   1.45536   
0.033713   0.0267124   0.022101   0.0185365   0.0151701   0.0110981   0.0117119   0.0130115   0.01371   0.0142839   0.0152367   0.0162186   0.0173085   0.0185927   0.0200676   0.0216209   0.0231382   0.0248017   0.026704   0.0290616   0.031868   0.0353628   0.0393802   0.0462781   0.055996   0.068643   
-0.0535382   -0.0531274   -0.0594851   -0.062282   -0.0659332   -0.0574353   -0.0696472   -0.0844376   -0.0943234   -0.0949767   -0.0833831   -0.072204   -0.0623549   -0.0549685   -0.0496016   -0.0440874   -0.0365744   -0.0294152   -0.0209732   -0.0131528   -0.00512761   0.0031548   0.0101609   0.0156505   0.0176702   0.0165223   

215000
-7   -6   -5   -3   -2   -1   0   1   2   3   4   5   6   7   8   9   10   11   12   13   14   15   16   17   
-0.444856   -0.345808   -0.194702   0.0757951   0.151291   0.335636   0.533578   0.691812   0.806034   0.852103   0.901229   0.956934   1.02727   1.09925   1.17472   1.24032   1.30912   1.36489   1.41351   1.45338   1.47872   1.49326   1.48953   1.47785   
0.0387147   0.0263015   0.0217262   0.0149462   0.0109397   0.0114514   0.0128527   0.0136019   0.0141973   0.0151173   0.0161103   0.0171571   0.0184715   0.0198203   0.021339   0.0228565   0.024589   0.0264311   0.0287373   0.0315327   0.0350197   0.0392624   0.0461652   0.0558757   
-0.0584624   -0.0543655   -0.060429   -0.0663986   -0.0578723   -0.0679927   -0.0831971   -0.0927996   -0.0950303   -0.0834062   -0.0721211   -0.0619674   -0.0548073   -0.0480453   -0.0422634   -0.034942   -0.0287785   -0.0209049   -0.0129292   -0.00492389   0.00328487   0.0103816   0.015558   0.0174166   

220000
-10   -7   -6   -5   -4   -3   -2   -1   0   1   2   3   4   5   6   7   8   9   10   11   12   13   14   15   16   17   18   
-0.392189   -0.460723   -0.339237   -0.188618   -0.0535673   0.0794188   0.154616   0.33348   0.526418   0.684486   0.80628   0.852217   0.901096   0.955397   1.02154   1.09287   1.16738   1.23363   1.30176   1.36697   1.41291   1.45263   1.47812   1.4909   1.48946   1.479   1.45699   
0.101833   0.0318807   0.0258972   0.0214036   0.0178897   0.0147228   0.0107842   0.0112465   0.0126954   0.0134935   0.0141212   0.0150102   0.0160207   0.0170219   0.0182626   0.019591   0.021083   0.0226012   0.0243254   0.0262198   0.0284348   0.0312127   0.0346929   0.0391081   0.0459922   0.0556808   0.0685024   
-0.0323913   -0.0539766   -0.0554488   -0.0613091   -0.0642499   -0.0669432   -0.0584589   -0.0676752   -0.0818328   -0.0913542   -0.0950796   -0.0834325   -0.0721146   -0.0616643   -0.0536233   -0.0467319   -0.0407744   -0.0336262   -0.0273955   -0.0212244   -0.0127724   -0.00476018   0.00338976   0.0105129   0.01543   0.0171685   0.0158866   

225000
-7   -6   -5   -4   -3   -2   -1   0   1   2   3   4   5   6   7   8   9   10   11   12   13   14   15   16   17   18   
-0.453192   -0.333198   -0.182482   -0.0475038   0.083216   0.158604   0.326814   0.519099   0.67666   0.806747   0.852328   0.900505   0.954372   1.01656   1.08753   1.16138   1.22814   1.29574   1.36889   1.41276   1.45211   1.4776   1.48949   1.48994   1.48064   1.4592   
0.0315485   0.0254829   0.0210393   0.0176104   0.0145089   0.0106306   0.0110321   0.01254   0.0133961   0.0140347   0.014913   0.0158995   0.0169074   0.018067   0.019379   0.0208491   0.0223657   0.0240839   0.0260628   0.0281595   0.0309084   0.0343821   0.0389197   0.0457889   0.0554531   0.0682545   
-0.0553196   -0.0564004   -0.0623286   -0.0652221   -0.0675306   -0.059179   -0.0664762   -0.0804339   -0.0898077   -0.0951699   -0.0834608   -0.0719984   -0.0614702   -0.0525925   -0.0456341   -0.0395605   -0.032553   -0.0262754   -0.0215395   -0.012694   -0.00463361   0.00347829   0.0105707   0.0152815   0.0169293   0.0156386   

230000
-7   -6   -5   -3   -2   -1   1   2   3   4   5   6   7   8   9   10   11   12   13   14   15   16   17   18   
-0.446802   -0.327489   -0.176643   0.0871544   0.162947   0.31909   0.668634   0.807334   0.852439   0.899801   0.954002   1.01236   1.08302   1.15638   1.22356   1.29077   1.36216   1.41368   1.45177   1.47713   1.48894   1.49078   1.48293   1.46266   
0.0311598   0.0250559   0.020686   0.0143043   0.0104854   0.0108172   0.0133033   0.0139423   0.0148256   0.0157669   0.0168178   0.0178853   0.0191823   0.0206329   0.0221454   0.0238585   0.0258281   0.0279192   0.0306226   0.0340925   0.0387041   0.0455726   0.0551531   0.0678392   
-0.0564252   -0.0572655   -0.0632948   -0.0681563   -0.0599798   -0.0650454   -0.0882201   -0.0952815   -0.0834917   -0.0718519   -0.0614158   -0.0517238   -0.0447091   -0.0385539   -0.0316599   -0.0253559   -0.020362   -0.012795   -0.00453901   0.00355331   0.0105668   0.0151206   0.0167167   0.0154753   

235000
-10   -9   -7   -6   -5   -3   -2   -1   0   1   2   3   4   5   6   7   8   9   10   11   12   13   14   15   16   17   
-0.396211   -0.420703   -0.441378   -0.322265   -0.171064   0.0912585   0.167402   0.318393   0.508959   0.661561   0.807831   0.85255   0.899294   0.952299   1.00879   1.07916   1.15212   1.21964   1.2866   1.35652   1.41789   1.45164   1.47667   1.48887   1.49187   1.48095   
0.10099   0.0752419   0.0306709   0.0246297   0.0203493   0.014103   0.0103476   0.0106599   0.012245   0.0132049   0.0138596   0.0147484   0.0156443   0.0166925   0.017716   0.0189992   0.0204302   0.021937   0.0236454   0.0256108   0.0277314   0.0303584   0.0338251   0.0384785   0.0453477   0.0553685   
-0.0324196   -0.0590654   -0.0573246   -0.0580058   -0.0642   -0.0688323   -0.0608089   -0.064988   -0.0785432   -0.0868274   -0.0953774   -0.0835256   -0.0717476   -0.0610715   -0.0509859   -0.0439207   -0.0377007   -0.0308992   -0.0245858   -0.0193848   -0.0134207   -0.0044802   0.00361856   0.0105256   0.0149543   0.0164477   

240000
-7   -6   -5   -4   -3   -2   -1   0   1   2   3   4   5   6   7   8   9   10   11   12   13   14   15   16   17   18   
-0.437302   -0.317714   -0.165708   -0.0313644   0.0952785   0.167322   0.314245   0.504248   0.656492   0.808242   0.852785   0.898899   0.949401   1.00562   1.07578   1.14845   1.21624   1.28305   1.35181   1.41571   1.45204   1.47643   1.48916   1.49338   1.47976   1.46029   
0.0299943   0.024269   0.0200254   0.0167504   0.0139063   0.0102706   0.0104866   0.0121044   0.0130929   0.0137849   0.0146746   0.0155295   0.0165364   0.0175566   0.0188275   0.0202394   0.0217389   0.023442   0.0254066   0.0275579   0.0301155   0.0335757   0.0382498   0.0451029   0.0555078   0.0683018   
-0.0579201   -0.058566   -0.0650557   -0.0679747   -0.0695079   -0.0607561   -0.0642347   -0.0776683   -0.0858478   -0.0954578   -0.0835836   -0.0716678   -0.0604677   -0.0503343   -0.0432348   -0.0369661   -0.0302426   -0.023932   -0.0185723   -0.0130682   -0.00450132   0.00365442   0.0104586   0.0147832   0.0161828   0.0147972   

245000
-7   -6   -5   -4   -3   -2   -1   1   2   3   4   5   6   7   8   9   10   11   12   13   14   15   16   17   
-0.435669   -0.311982   -0.160571   -0.0263485   0.0992559   0.168176   0.311709   0.650548   0.808618   0.853326   0.898559   0.946852   1.00281   1.07282   1.14522   1.21325   1.27997   1.34782   1.41047   1.454   1.47714   1.48974   1.49174   1.47957   
0.029149   0.0239448   0.0197176   0.0164972   0.0137199   0.0101879   0.010333   0.0129905   0.0137173   0.0145679   0.0154237   0.0163905   0.0174072   0.0186661   0.02006   0.0215512   0.0232477   0.0252125   0.0273743   0.0298864   0.0333232   0.0380231   0.0451577   0.0555414   
-0.0578696   -0.0595125   -0.0658633   -0.0688303   -0.0701834   -0.0608829   -0.0637917   -0.0846883   -0.0955329   -0.0836859   -0.0716021   -0.0599365   -0.0497584   -0.0426347   -0.0363248   -0.0296663   -0.0233648   -0.0178891   -0.0122444   -0.00473336   0.00358959   0.0103702   0.0146736   0.0159295   

250000
-9   -7   -6   -5   -3   -2   -1   0   1   2   3   4   5   6   7   8   9   10   11   12   13   14   15   16   17   18   
-0.433546   -0.430966   -0.306176   -0.155554   0.103176   0.170121   0.312072   0.492998   0.644393   0.80894   0.853842   0.898288   0.94462   1.00033   1.07021   1.14236   1.2106   1.27726   1.34443   1.406   1.45882   1.47894   1.49068   1.49029   1.47998   1.46101   
0.0704763   0.0288792   0.023609   0.0194343   0.013543   0.0101008   0.0102101   0.0118232   0.0128837   0.0136564   0.0144712   0.0153276   0.0162532   0.0172673   0.0185163   0.0198925   0.0213737   0.0230622   0.0250264   0.0272008   0.0296877   0.0330728   0.0377928   0.0452138   0.055513   0.0683613   
-0.0650903   -0.0586591   -0.0605196   -0.0666479   -0.0708559   -0.061227   -0.0639272   -0.0755413   -0.0834837   -0.0955987   -0.0837865   -0.0715535   -0.0594717   -0.0492524   -0.0421091   -0.0357606   -0.0291571   -0.022868   -0.0173094   -0.0115502   -0.00536262   0.00340924   0.0102589   0.0145487   0.0156863   0.0142568   

255000
-7   -6   -5   -3   -2   -1   0   1   2   3   4   5   6   7   8   9   10   11   12   13   14   15   16   17   18   
-0.430419   -0.300767   -0.150634   0.107047   0.172655   0.308998   0.487184   0.638116   0.809432   0.854299   0.898069   0.942653   0.998284   1.06808   1.13987   1.20825   1.27484   1.34149   1.40217   1.45424   1.47949   1.48877   1.48962   1.4807   1.46196   
0.0287276   0.0232805   0.0191934   0.0133749   0.0100102   0.0100745   0.0116829   0.0127806   0.0135907   0.0143841   0.0152397   0.0161233   0.0171407   0.0183819   0.019738   0.0212066   0.0228847   0.0248476   0.0270362   0.0295494   0.032895   0.0377618   0.0452095   0.0554519   0.0683128   
-0.0586888   -0.061433   -0.0674142   -0.0715274   -0.0616879   -0.0633723   -0.0744351   -0.082252   -0.0956958   -0.0838785   -0.0715178   -0.0590628   -0.0488381   -0.0416863   -0.0352737   -0.0287083   -0.022426   -0.0168082   -0.0109599   -0.00474513   0.00334469   0.0103098   0.0144033   0.0154531   0.0140201   

260000
-8   -7   -6   -5   -4   -3   -2   -1   0   1   2   3   4   5   6   7   8   9   10   11   12   13   14   15   16   17   18   
-0.515408   -0.426156   -0.295649   -0.14577   -0.0130998   0.110897   0.175495   0.30507   0.481519   0.631876   0.803504   0.854711   0.897918   0.940915   0.996776   1.06685   1.13801   1.20617   1.27269   1.33893   1.3989   1.45025   1.47581   1.48665   1.48948   1.48171   1.46325   
0.0378138   0.0284075   0.0229504   0.018899   0.0158406   0.0132144   0.00992424   0.00993941   0.0115472   0.0126796   0.0135255   0.0143043   0.0151614   0.0160004   0.0170313   0.0182699   0.0196022   0.0210519   0.022715   0.0246748   0.0268774   0.0294186   0.032824   0.0377601   0.045166   0.0553561   0.0682102   
-0.0619736   -0.0594104   -0.0622774   -0.068274   -0.0710496   -0.072203   -0.0622136   -0.0626337   -0.0733537   -0.0810261   -0.0944842   -0.0839639   -0.0714988   -0.0587024   -0.0485388   -0.041446   -0.034914   -0.0283161   -0.0220331   -0.0163731   -0.0104602   -0.00421544   0.00369743   0.0103628   0.0142464   0.0152366   0.0138135   

265000
-8   -7   -6   -5   -4   -3   -2   -1   0   1   2   3   4   5   6   7   8   9   10   11   12   13   14   15   16   17   18   
-0.508824   -0.422344   -0.290747   -0.141042   -0.00965221   0.11482   0.178462   0.300523   0.476035   0.625714   0.797337   0.855084   0.897868   0.939405   0.995791   1.06658   1.13733   1.20462   1.27075   1.33667   1.39612   1.44683   1.4729   1.48528   1.48968   1.48283   1.46462   
0.0376553   0.0280268   0.0226157   0.0186234   0.0156156   0.0130598   0.00983869   0.00980687   0.0114161   0.012581   0.0134639   0.0142307   0.0150943   0.015886   0.0169388   0.0181835   0.0194944   0.0209137   0.0225544   0.0245082   0.0267226   0.0292908   0.032743   0.0377225   0.045097   0.055244   0.0680863   
-0.0631286   -0.0600269   -0.0630678   -0.0690987   -0.07165   -0.0729028   -0.0627661   -0.061759   -0.0723039   -0.0798138   -0.0932259   -0.0840432   -0.071504   -0.0583913   -0.0483499   -0.0414032   -0.0347868   -0.0280252   -0.0216827   -0.0159886   -0.0100373   -0.00376976   0.00396356   0.0103666   0.0140832   0.0150381   0.0136297   

270000
-10   -8   -6   -5   -4   -3   -2   -1   0   1   2   3   4   5   6   8   9   10   11   12   13   14   15   16   17   18   
-0.332585   -0.502877   -0.286064   -0.136426   -0.00632766   0.118745   0.181587   0.296662   0.470742   0.622367   0.791335   0.855442   0.897951   0.938127   0.995552   1.13823   1.20413   1.26902   1.33466   1.39376   1.44392   1.47066   1.48446   1.49011   1.48384   1.4661   
0.0979377   0.0374721   0.0222817   0.01836   0.0154066   0.0129109   0.00976042   0.00968505   0.0112895   0.0124753   0.0134048   0.0141628   0.0150213   0.015783   0.0168682   0.0194264   0.0207998   0.0224042   0.024347   0.0265705   0.0291657   0.0326482   0.0376595   0.0450156   0.0551499   0.0679368   
-0.0434909   -0.0641851   -0.0638032   -0.0698977   -0.0722214   -0.0736123   -0.0633555   -0.0610138   -0.0712883   -0.0791853   -0.0920026   -0.0841214   -0.0715299   -0.0581321   -0.0483174   -0.0349736   -0.0279341   -0.021371   -0.0156485   -0.00967866   -0.00339523   0.00415821   0.0103355   0.0139147   0.0148486   0.0134741   

275000
-10   -8   -7   -6   -5   -4   -3   -2   -1   0   1   2   3   4   5   6   7   8   9   10   11   12   13   14   15   16   17   18   
-0.386284   -0.507867   -0.416284   -0.281633   -0.131914   -0.00313502   0.118431   0.182435   0.297441   0.46563   0.618429   0.785417   0.855771   0.898109   0.937036   0.995039   1.06448   1.13707   1.20494   1.26763   1.33286   1.39169   1.44139   1.46897   1.48406   1.49072   1.48416   1.46632   
0.0965489   0.0352728   0.0270447   0.0219626   0.0181061   0.0152102   0.0128246   0.00970881   0.00959603   0.0111673   0.0123755   0.0133484   0.014101   0.0149171   0.0156891   0.0167882   0.017988   0.0193257   0.0207174   0.0222668   0.0241921   0.0264231   0.0290436   0.032542   0.0375766   0.0449215   0.0551743   0.0680083   
-0.0386186   -0.0635316   -0.0608781   -0.0644744   -0.0706748   -0.0727649   -0.0734627   -0.0634893   -0.0612061   -0.0703056   -0.078433   -0.0907981   -0.0841954   -0.0715521   -0.0579139   -0.0482223   -0.0409941   -0.0347532   -0.0280879   -0.0211247   -0.0153442   -0.00936465   -0.0030752   0.00429644   0.0102797   0.013746   0.0146225   0.0132334   

280000
-8   -7   -6   -5   -4   -3   -2   -1   0   1   2   3   4   5   6   7   8   9   10   11   12   13   14   15   16   17   18   
-0.504389   -0.414161   -0.277422   -0.127486   -7.1282e-05   0.118419   0.183399   0.296754   0.46478   0.614003   0.779564   0.856076   0.898361   0.93616   0.992777   1.06162   1.13342   1.20543   1.26696   1.33122   1.38985   1.43922   1.46766   1.48397   1.49149   1.48494   1.46694   
0.0346995   0.0265262   0.0216935   0.017862   0.0150243   0.012744   0.00966255   0.00950298   0.0110696   0.0122802   0.0132943   0.0140465   0.0148203   0.0156051   0.0166547   0.017848   0.019175   0.0206409   0.0221453   0.024043   0.0262799   0.0289229   0.0324298   0.0374816   0.0448159   0.0551386   0.0680213   
-0.0640852   -0.0610505   -0.0650884   -0.0714348   -0.0732825   -0.0733688   -0.0636458   -0.0611004   -0.0702028   -0.0775775   -0.0896081   -0.0842666   -0.0715956   -0.057743   -0.0477521   -0.0404171   -0.0340423   -0.0281832   -0.0210036   -0.0150691   -0.0090879   -0.00280396   0.00439508   0.0102063   0.0135824   0.014414   0.0130164   

285000
-8   -7   -6   -5   -4   -3   -2   -1   0   1   2   3   4   5   6   7   8   9   10   11   12   13   14   15   16   17   18   
-0.49874   -0.411593   -0.272947   -0.123139   0.00289357   0.119369   0.184783   0.293694   0.461393   0.609417   0.773714   0.856811   0.898662   0.935534   0.991   1.05928   1.13041   1.20187   1.26709   1.32973   1.38822   1.43737   1.46666   1.48406   1.49232   1.48598   1.46782   
0.0345159   0.0262382   0.0214695   0.0176277   0.0148495   0.0126526   0.00961263   0.00940072   0.0109636   0.0121882   0.0132426   0.0139719   0.0147293   0.0155327   0.0165313   0.0177176   0.0190349   0.0204962   0.0220416   0.0239005   0.0261404   0.0288023   0.0323132   0.0373799   0.0447051   0.0550725   0.0679932   
-0.0651057   -0.0613207   -0.0658066   -0.0721825   -0.0737806   -0.0734775   -0.0638859   -0.060515   -0.0695728   -0.0766865   -0.0884194   -0.0844117   -0.071651   -0.0576268   -0.0473821   -0.0399461   -0.0334577   -0.0275211   -0.0210227   -0.0148205   -0.00884449   -0.00257571   0.00446181   0.0101216   0.0134266   0.0142159   0.0128179   

290000
-8   -7   -6   -5   -4   -3   -2   -1   0   1   2   3   4   5   6   7   8   9   10   11   12   13   14   15   16   17   18   
-0.481419   -0.406145   -0.26803   -0.118859   0.00582206   0.120742   0.186498   0.290082   0.457563   0.604786   0.767854   0.857679   0.898971   0.935249   0.989558   1.05734   1.12789   1.19888   1.26845   1.32842   1.38679   1.4358   1.46592   1.48431   1.49286   1.48712   1.46878   
0.037371   0.0259673   0.0211891   0.0174082   0.0146882   0.0125495   0.00956304   0.00929988   0.0108529   0.0120993   0.0131934   0.0138924   0.0146445   0.0154741   0.0164158   0.0175947   0.0189037   0.0203606   0.021965   0.0237662   0.0260044   0.0286829   0.0321934   0.0372758   0.0446384   0.0549912   0.0679473   
-0.0681485   -0.0623409   -0.0666994   -0.0729166   -0.0742705   -0.0736863   -0.0641935   -0.0598117   -0.0688507   -0.0757846   -0.0872297   -0.0845799   -0.0717103   -0.0575847   -0.0470819   -0.0395542   -0.0329709   -0.026968   -0.021258   -0.0146024   -0.00863019   -0.00238428   0.00450236   0.0100283   0.0132705   0.014028   0.0126304   

295000
-9   -8   -7   -5   -4   -3   -2   -1   0   1   2   3   4   5   6   7   8   9   10   11   12   13   14   15   16   17   18   
-0.439744   -0.489772   -0.401463   -0.114653   0.0088116   0.1225   0.188396   0.287118   0.453534   0.600174   0.763245   0.858463   0.899241   0.934669   0.988367   1.05568   1.12577   1.19638   1.26837   1.32727   1.38552   1.43443   1.4654   1.48464   1.49312   1.48826   1.46971   
0.0619056   0.0339046   0.0257073   0.0172114   0.0145439   0.0124475   0.0095128   0.00920764   0.0107398   0.0120126   0.0131167   0.01382   0.0145663   0.0153868   0.0163066   0.0174782   0.0187794   0.0202323   0.0218791   0.0236408   0.0258719   0.028565   0.0320719   0.0371702   0.0446177   0.0549039   0.067901   
-0.0743165   -0.0667661   -0.0631955   -0.0736327   -0.0747708   -0.0739751   -0.064539   -0.0592343   -0.0680866   -0.0748848   -0.0863053   -0.084734   -0.0717643   -0.0574642   -0.0468336   -0.0392203   -0.0325611   -0.0265057   -0.0212456   -0.0144141   -0.00844154   -0.00221983   0.0045205   0.00993023   0.0131012   0.0138505   0.012452   

300000
-8   -7   -6   -5   -4   -3   -2   -1   0   1   2   3   4   5   6   7   8   9   10   11   12   13   14   15   16   17   18   
-0.487769   -0.397252   -0.258762   -0.110568   0.0114043   0.124569   0.190465   0.287067   0.44942   0.595706   0.758602   0.859209   0.89946   0.933917   0.987364   1.05424   1.12395   1.19425   1.26538   1.32641   1.38439   1.43322   1.46508   1.4851   1.49374   1.48933   1.47057   
0.0331797   0.0254385   0.0206639   0.0170331   0.0143777   0.0123466   0.00946589   0.00913456   0.0106288   0.0119246   0.0130454   0.0137526   0.014493   0.0152801   0.0162027   0.017367   0.0186607   0.0201101   0.0217537   0.023524   0.0257432   0.0284497   0.0319497   0.0370627   0.0445651   0.054821   0.0678573   
-0.0671914   -0.0639454   -0.0683469   -0.0743373   -0.0752335   -0.0743305   -0.0649211   -0.0592482   -0.0673039   -0.0740121   -0.0853743   -0.0848822   -0.0718101   -0.0572967   -0.0466245   -0.0389308   -0.0322082   -0.0261133   -0.0207266   -0.0142751   -0.00827456   -0.00207723   0.00451939   0.00982682   0.0129308   0.0136798   0.0122815   

305000
-10   -8   -7   -6   -5   -4   -3   -2   -1   0   1   2   3   4   5   6   7   8   9   10   11   12   13   14   15   16   17   18   
-0.323449   -0.50242   -0.393391   -0.242088   -0.106841   0.0139503   0.126862   0.192589   0.286179   0.445243   0.591416   0.753896   0.859904   0.899636   0.933381   0.986509   1.05297   1.12235   1.19242   1.26285   1.32607   1.38335   1.43216   1.46493   1.48571   1.49456   1.49033   1.47132   
0.0915749   0.0314742   0.0251527   0.020216   0.0168155   0.0142154   0.0122473   0.00941899   0.00906067   0.0105201   0.0118327   0.0129787   0.0136895   0.0144241   0.0151803   0.0161032   0.0172603   0.018547   0.0199931   0.0216345   0.0234161   0.0256198   0.0283363   0.0318285   0.0369492   0.0444934   0.0547441   0.0678167   
-0.0519023   -0.0642947   -0.064617   -0.0715678   -0.0750297   -0.0756914   -0.0747353   -0.0653162   -0.0590895   -0.0665071   -0.0731728   -0.0844303   -0.0850217   -0.0718483   -0.0571755   -0.0464462   -0.0386768   -0.0319006   -0.0257758   -0.0202896   -0.0142169   -0.00812284   -0.00195519   0.00450176   0.00971985   0.012761   0.0135173   0.01212   

310000
-7   -6   -5   -4   -3   -2   -1   0   1   2   3   4   5   6   7   8   9   10   11   12   13   14   15   16   17   18   
-0.389756   -0.23803   -0.103364   0.0164626   0.129244   0.194499   0.284712   0.441005   0.587167   0.749167   0.86055   0.899774   0.933002   0.985786   1.05185   1.12095   1.19084   1.26073   1.32622   1.38242   1.43123   1.46491   1.48641   1.49549   1.4912   1.47196   
0.0248495   0.0199704   0.0166113   0.0140616   0.0121518   0.00938133   0.00898783   0.0104135   0.0117432   0.0129151   0.0136306   0.0143598   0.0150859   0.016008   0.0171577   0.0184377   0.0198802   0.02152   0.0233204   0.025502   0.0282249   0.0317105   0.0368351   0.0444105   0.0546781   0.0677899   
-0.0652361   -0.0722784   -0.0756643   -0.0761406   -0.0751616   -0.0656694   -0.0588112   -0.0656972   -0.0723408   -0.0834811   -0.0851529   -0.0718806   -0.0570879   -0.0462953   -0.0384515   -0.0316305   -0.0254852   -0.0199233   -0.0142397   -0.00798867   -0.00185084   0.00447078   0.00961202   0.0125939   0.013363   0.0119678   

315000
-9   -8   -7   -6   -5   -4   -3   -2   -1   0   1   2   3   4   5   6   7   8   9   10   11   12   13   14   15   16   17   18   
-0.470324   -0.492219   -0.386259   -0.237074   -0.100073   0.0189315   0.131607   0.195109   0.28284   0.436701   0.582958   0.744431   0.861148   0.899911   0.932739   0.985166   1.05085   1.11971   1.18946   1.25893   1.32714   1.38156   1.43042   1.46518   1.48638   1.49643   1.49221   1.47259   
0.0552613   0.0311367   0.0245311   0.0197718   0.0164168   0.0139148   0.0120553   0.0093532   0.00891713   0.0103083   0.0116556   0.0128535   0.013576   0.0143006   0.0149963   0.0159174   0.0170589   0.0183323   0.0197711   0.0214099   0.0232384   0.0253897   0.0281152   0.0315898   0.0367867   0.0443247   0.0546009   0.0677559   
-0.0771264   -0.0661759   -0.0658205   -0.0723598   -0.0762577   -0.0765805   -0.075593   -0.0657558   -0.0584482   -0.0648726   -0.0715157   -0.0825304   -0.0852755   -0.0719143   -0.0570254   -0.0461665   -0.0382512   -0.0313914   -0.0252308   -0.0196123   -0.0143851   -0.00786795   -0.00176271   0.0044162   0.00952662   0.0124326   0.0132129   0.0118275   

320000
-8   -7   -6   -5   -4   -3   -2   -1   0   1   2   3   4   5   6   7   8   9   10   11   12   13   14   15   16   17   18   
-0.488311   -0.383001   -0.23998   -0.096897   0.021355   0.133955   0.196062   0.280799   0.432338   0.578798   0.739699   0.861699   0.900048   0.932563   0.984641   1.04995   1.1186   1.18824   1.25739   1.32922   1.38081   1.42972   1.46473   1.48634   1.49737   1.49389   1.47406   
0.0309103   0.0241946   0.0196275   0.0162298   0.0137745   0.0119598   0.00932617   0.00884695   0.0102054   0.0115698   0.0127934   0.0135256   0.0142467   0.0149109   0.0158334   0.0169646   0.0182308   0.0196655   0.0213033   0.0231761   0.0252831   0.0280081   0.0315148   0.0367461   0.044239   0.0544703   0.0676585   
-0.0668962   -0.0663484   -0.071651   -0.0768262   -0.0770112   -0.0760274   -0.0659121   -0.0580505   -0.0640336   -0.0706998   -0.0815806   -0.0853904   -0.0719497   -0.056982   -0.0460594   -0.0380729   -0.0311772   -0.0250051   -0.0193469   -0.0147147   -0.00776274   -0.00168892   0.00441786   0.00943504   0.0122777   0.0130552   0.0116809   

325000
-8   -7   -5   -4   -3   -2   -1   0   1   2   3   4   5   6   7   8   9   10   11   12   13   14   15   16   18   
-0.485052   -0.379966   -0.0938301   0.0237477   0.136325   0.197187   0.280181   0.427881   0.576104   0.734988   0.862207   0.90019   0.932446   0.984198   1.04919   1.11759   1.18715   1.25607   1.32676   1.38022   1.42912   1.46364   1.48657   1.49826   1.47548   
0.0306185   0.023848   0.0160493   0.0136409   0.0118684   0.00929797   0.00878367   0.0101045   0.0114881   0.0127343   0.013479   0.0141986   0.0148301   0.0157556   0.0168773   0.0181335   0.0195633   0.0211999   0.0230751   0.0251815   0.0279043   0.0314773   0.0366872   0.0441576   0.0675537   
-0.067498   -0.0668199   -0.0773724   -0.0774357   -0.0764689   -0.0661035   -0.0579427   -0.063173   -0.0701917   -0.0806344   -0.0854975   -0.0719883   -0.0569524   -0.0459708   -0.0379233   -0.0309847   -0.0248041   -0.0191197   -0.014326   -0.00768248   -0.00162803   0.00446574   0.00933142   0.0121296   0.0115433   

330000
-9   -8   -7   -6   -5   -4   -3   -2   -1   0   1   2   3   4   5   6   7   8   9   10   11   12   13   14   15   16   17   18   
-0.566227   -0.482543   -0.377223   -0.222822   -0.0908582   0.0261271   0.135851   0.198438   0.279057   0.423349   0.573973   0.730315   0.862698   0.900517   0.932363   0.98382   1.04857   1.11671   1.18617   1.25494   1.32467   1.37991   1.42857   1.46293   1.487   1.4991   1.4969   1.47673   
0.0380092   0.0302327   0.0235133   0.0190343   0.0158741   0.0135148   0.0118139   0.00927049   0.00872124   0.0100054   0.0114098   0.0126764   0.0134366   0.0141462   0.0147556   0.0156834   0.0167974   0.0180412   0.0194644   0.0210993   0.0229771   0.025083   0.0278029   0.0314265   0.0366185   0.04408   0.0542318   0.0674669   
-0.069964   -0.0679637   -0.0672179   -0.0748947   -0.0779011   -0.0778571   -0.0763204   -0.0663212   -0.0577305   -0.0622941   -0.0698022   -0.0796956   -0.0856024   -0.0720592   -0.0569327   -0.0458973   -0.0378033   -0.0308168   -0.0246246   -0.0189244   -0.0139984   -0.00764105   -0.00157623   0.00447966   0.00921934   0.0119886   0.012758   0.0114075   

335000
-9   -8   -6   -5   -4   -3   -2   -1   0   1   2   3   4   5   6   7   8   9   10   11   12   13   14   15   16   17   18   
-0.559444   -0.481041   -0.219202   -0.0879699   0.0285145   0.135877   0.199768   0.277534   0.418752   0.571139   0.725693   0.863344   0.901309   0.932313   0.983508   1.04805   1.11601   1.18529   1.25396   1.32293   1.3798   1.42807   1.46251   1.48754   1.49989   1.4982   1.47782   
0.0379497   0.029697   0.018835   0.0157058   0.0133974   0.0117589   0.00924298   0.00866048   0.0099085   0.0113328   0.0126198   0.0133904   0.0140679   0.0146855   0.0156172   0.016725   0.0179576   0.0193686   0.0210013   0.0228815   0.0249911   0.0277069   0.0313656   0.0365418   0.0440078   0.0541285   0.0673939   
-0.0711416   -0.068244   -0.0755109   -0.0784127   -0.0782794   -0.0762728   -0.0665557   -0.057436   -0.061399   -0.0692638   -0.0787673   -0.0857351   -0.0722067   -0.0569212   -0.0458392   -0.0377068   -0.0306852   -0.024464   -0.0187542   -0.0137249   -0.00762903   -0.00153113   0.00446989   0.00910259   0.0118553   0.0126161   0.0112742   

340000
-8   -7   -6   -5   -4   -3   -2   -1   0   1   2   3   4   5   6   7   8   9   10   11   12   13   14   15   16   17   
-0.481062   -0.372278   -0.215652   -0.0851633   0.0309481   0.136367   0.201209   0.275707   0.414193   0.568048   0.721431   0.864477   0.902117   0.932282   0.983264   1.04766   1.11544   1.18451   1.2531   1.32148   1.37995   1.42761   1.46231   1.48816   1.50123   1.49939   
0.0289371   0.0231398   0.0186707   0.0155462   0.0132912   0.0116976   0.00921756   0.00860218   0.00981102   0.0112572   0.0125617   0.0133256   0.0139944   0.0146195   0.0155582   0.0166603   0.0178805   0.019277   0.0209058   0.0227874   0.0249047   0.0276142   0.0312963   0.0364616   0.0438985   0.054037   
-0.0682325   -0.0678476   -0.0761058   -0.0789066   -0.0787093   -0.0763263   -0.0668137   -0.0570784   -0.0605094   -0.0686705   -0.0779139   -0.0859539   -0.0723594   -0.0569154   -0.0457974   -0.0376361   -0.0305812   -0.0243209   -0.0186051   -0.013498   -0.007653   -0.00149371   0.00444158   0.00898266   0.0117021   0.0124779   

345000
-9   -8   -7   -6   -5   -4   -3   -2   -1   0   1   2   3   4   5   6   7   8   9   10   11   12   13   14   15   16   17   18   
-0.547914   -0.481884   -0.368076   -0.212153   -0.0824131   0.0331199   0.137044   0.202626   0.274748   0.409773   0.564822   0.71861   0.865525   0.902919   0.932264   0.983108   1.04742   1.11501   1.18383   1.25234   1.32027   1.38045   1.42726   1.46227   1.48883   1.50282   1.50045   1.47952   
0.0379899   0.0281131   0.0228957   0.0185578   0.0153983   0.0131724   0.0116293   0.00919116   0.00855025   0.00971059   0.0111831   0.0124856   0.0132657   0.013925   0.0145577   0.0155066   0.0166047   0.0178106   0.0191898   0.0208127   0.0226951   0.0248243   0.0275248   0.031223   0.0363802   0.0437696   0.0539552   0.0672957   
-0.0731317   -0.0680139   -0.0686451   -0.0766878   -0.079387   -0.0791111   -0.0764263   -0.0670685   -0.0568951   -0.0596474   -0.0680482   -0.0773594   -0.0861577   -0.0725128   -0.0569139   -0.0457756   -0.0375983   -0.0305038   -0.024197   -0.0184747   -0.0133098   -0.0077262   -0.00146865   0.00439946   0.00886168   0.011544   0.0123448   0.011013   

350000
-9   -8   -7   -6   -5   -4   -3   -2   -1   0   1   2   3   4   5   6   7   8   9   10   11   12   13   14   15   16   17   18   
-0.542713   -0.4836   -0.364086   -0.208442   -0.0796688   0.0352162   0.137934   0.204077   0.274388   0.408461   0.561532   0.71554   0.866513   0.90368   0.932257   0.983083   1.04743   1.11474   1.18326   1.25168   1.31924   1.3815   1.42703   1.46235   1.48951   1.50433   1.50135   1.48009   
0.038019   0.0276374   0.0226613   0.0183441   0.0152686   0.0130509   0.0115626   0.00917049   0.00850326   0.00963117   0.0111103   0.0124125   0.0132096   0.0138605   0.0145003   0.0154638   0.016561   0.0177491   0.0191082   0.0207219   0.0226051   0.0247507   0.0274373   0.0311468   0.0362995   0.0436457   0.0538919   0.0672743   
-0.0740285   -0.067528   -0.0694039   -0.0774055   -0.0798615   -0.0795063   -0.0765697   -0.0673305   -0.0568332   -0.0594366   -0.0674113   -0.0767501   -0.0863511   -0.0726603   -0.0569162   -0.0457829   -0.0376114   -0.0304587   -0.0240959   -0.0183605   -0.0131497   -0.00787387   -0.00145885   0.00434725   0.00874179   0.0113921   0.012216   0.010886   

355000
-10   -8   -6   -5   -4   -3   -2   -1   0   1   2   3   4   5   6   8   9   10   11   12   13   14   15   16   17   
-0.364666   -0.479375   -0.204866   -0.0768669   0.0373945   0.139   0.204548   0.273695   0.406496   0.558242   0.712341   0.86745   0.904383   0.932258   0.98325   1.11469   1.18281   1.2511   1.31836   1.38222   1.42688   1.46252   1.49019   1.50573   1.50211   
0.0831228   0.0274649   0.018146   0.0151652   0.0129345   0.0114978   0.00915119   0.00845815   0.00955059   0.0110377   0.0123432   0.0131567   0.0138   0.0144476   0.0154273   0.0176982   0.0190325   0.0206338   0.0225171   0.0246805   0.0273552   0.0310693   0.0362198   0.0435296   0.0538398   
-0.058798   -0.0682879   -0.0780907   -0.0803405   -0.0799176   -0.0767494   -0.0673908   -0.0567041   -0.0590877   -0.066773   -0.0761135   -0.0865355   -0.0727979   -0.0569223   -0.0458289   -0.0304582   -0.0240169   -0.0182603   -0.0130132   -0.00797819   -0.00145861   0.00428807   0.0086258   0.0112474   0.0120927   

360000
-9   -8   -6   -5   -4   -3   -2   -1   0   1   2   3   4   5   6   7   8   9   10   11   12   13   14   15   16   17   18   
-0.532861   -0.474925   -0.201412   -0.0745263   0.0396189   0.140204   0.205279   0.27255   0.403819   0.555105   0.709075   0.866465   0.905056   0.932272   0.983155   1.0473   1.11496   1.18247   1.2506   1.31762   1.38086   1.42681   1.46276   1.49084   1.50705   1.50274   1.48075   
0.0377707   0.0272479   0.017958   0.0150108   0.0128225   0.0114351   0.00913695   0.00841129   0.00946829   0.0109598   0.0122765   0.0131058   0.0137427   0.0144006   0.0153394   0.0164462   0.0176596   0.0189626   0.0205484   0.0224309   0.024603   0.0272757   0.0309911   0.0361422   0.0434195   0.0537977   0.067279   
-0.0755949   -0.0691434   -0.0787474   -0.0807859   -0.0803387   -0.0769583   -0.0675032   -0.056484   -0.0585873   -0.066163   -0.0754623   -0.086328   -0.0729306   -0.0569332   -0.0457936   -0.037591   -0.0305187   -0.0239569   -0.0181736   -0.0128976   -0.00779526   -0.00146798   0.00422327   0.0085132   0.0111077   0.011976   0.0106426   

365000
-10   -8   -7   -6   -5   -4   -3   -2   -1   0   1   2   3   4   5   6   7   8   9   10   11   12   13   14   15   16   17   18   
-0.309707   -0.470861   -0.353182   -0.198093   -0.0722443   0.0410596   0.141513   0.205946   0.27097   0.400822   0.551968   0.705773   0.863031   0.905717   0.932312   0.983187   1.04682   1.11534   1.18225   1.25015   1.31699   1.37974   1.42685   1.46306   1.49148   1.50828   1.50424   1.48183   
0.0823545   0.0270625   0.0220145   0.0177772   0.0148629   0.0127232   0.0113746   0.00911757   0.0083619   0.00938665   0.0108837   0.0122116   0.0130549   0.0136884   0.0143591   0.0152561   0.0163554   0.0176208   0.0188998   0.0204658   0.0223459   0.0245251   0.0272   0.0309135   0.0360697   0.0433172   0.0536708   0.0671956   
-0.0641853   -0.0699165   -0.0714314   -0.0793737   -0.0812189   -0.0805963   -0.0771903   -0.0676043   -0.0561749   -0.0580173   -0.0655519   -0.0748032   -0.0856198   -0.0730623   -0.0569515   -0.045785   -0.0374836   -0.0305968   -0.0239214   -0.0180964   -0.0128009   -0.00764698   -0.00148849   0.00415372   0.00840395   0.010973   0.0118609   0.0105401   

370000
-9   -8   -7   -6   -5   -4   -3   -2   -1   0   1   2   3   4   6   7   8   9   10   11   12   13   14   15   16   17   
-0.5528   -0.435303   -0.338263   -0.194932   -0.0700227   0.0394471   0.142895   0.206793   0.270534   0.397654   0.548845   0.702462   0.859707   0.906357   0.983312   1.0465   1.11459   1.18218   1.24975   1.31647   1.37882   1.42701   1.4634   1.49208   1.50943   1.50617   
0.0344109   0.034585   0.0215969   0.0176017   0.0147228   0.0126605   0.0113159   0.00910314   0.00831734   0.00930624   0.0108094   0.0121481   0.0130053   0.0136369   0.0151767   0.0162687   0.0175283   0.0188445   0.0203863   0.0222622   0.0244479   0.0271286   0.030836   0.0360005   0.0432217   0.0534988   
-0.072905   -0.0768704   -0.0743815   -0.0799648   -0.0816369   -0.0802144   -0.0774395   -0.0677415   -0.056095   -0.0574092   -0.0649427   -0.0741418   -0.0849345   -0.0731909   -0.0457963   -0.0374078   -0.0304438   -0.0239138   -0.0180285   -0.0127202   -0.00752642   -0.00152334   0.00408087   0.00830074   0.0108433   0.0117472   

375000
-10   -9   -8   -7   -6   -5   -4   -3   -2   -1   0   1   2   4   5   6   7   8   9   10   11   12   13   14   15   16   17   
-0.592221   -0.556995   -0.464071   -0.346216   -0.191952   -0.0678642   0.0389637   0.144229   0.207573   0.269857   0.394324   0.545744   0.699163   0.906967   0.932963   0.983509   1.0463   1.11403   1.18231   1.24942   1.31604   1.37805   1.42737   1.4638   1.49284   1.51049   1.50788   
0.046404   0.0333484   0.0266606   0.021578   0.0174305   0.0145887   0.0125898   0.0112525   0.00908551   0.00827493   0.00922743   0.0107367   0.0120859   0.0135882   0.0142537   0.0151008   0.0161857   0.0174396   0.0187979   0.0203103   0.0221803   0.0243718   0.0270594   0.0307597   0.0359248   0.0431341   0.0533473   
-0.0776659   -0.0722957   -0.0712007   -0.0727049   -0.0805159   -0.0820402   -0.080066   -0.077688   -0.0678667   -0.0559669   -0.0567642   -0.0643372   -0.0734823   -0.0733144   -0.0570836   -0.0458228   -0.0373568   -0.0303267   -0.0239441   -0.0179725   -0.0126535   -0.00742809   -0.00157823   0.0040055   0.0081873   0.0107185   0.0116365   

380000
-9   -8   -7   -6   -5   -4   -3   -2   -1   0   1   2   3   4   5   6   7   8   9   10   11   12   13   14   15   16   17   18   
-0.55173   -0.461169   -0.342648   -0.189076   -0.0657715   0.039069   0.144909   0.208451   0.268982   0.390858   0.54267   0.695886   0.853333   0.907544   0.933619   0.983759   1.0462   1.11362   1.18275   1.24917   1.31569   1.37744   1.42803   1.46423   1.49402   1.51148   1.50941   1.48641   
0.0333099   0.0264308   0.0213526   0.0172629   0.0144598   0.0125178   0.0111967   0.00907145   0.00823501   0.00915038   0.0106657   0.0120249   0.01291   0.0135422   0.0141819   0.0150276   0.016106   0.0173544   0.018762   0.0202386   0.0220994   0.0242958   0.0269926   0.0306835   0.0358259   0.0430529   0.0532157   0.0667935   
-0.0732208   -0.0717459   -0.073356   -0.0810443   -0.0824291   -0.0800387   -0.0778014   -0.0680117   -0.0557997   -0.0560884   -0.0637363   -0.0728266   -0.0836215   -0.0734324   -0.0572023   -0.0458609   -0.0373246   -0.0302388   -0.0240293   -0.0179316   -0.0125995   -0.00735039   -0.00166454   0.00392954   0.00804264   0.0105992   0.011528   0.0102619   

385000
-9   -8   -7   -6   -5   -4   -3   -2   -1   0   1   2   3   4   5   6   7   8   9   10   11   12   13   15   16   17   18   
-0.547181   -0.458537   -0.329253   -0.186282   -0.0637507   0.0395664   0.144653   0.209338   0.267937   0.387326   0.539626   0.692638   0.850264   0.908087   0.934311   0.984047   1.04617   1.11334   1.18308   1.24899   1.31542   1.37696   1.42771   1.49523   1.51238   1.51074   1.48745   
0.0332472   0.0261778   0.0209663   0.0170988   0.0143345   0.0124482   0.0111505   0.00905754   0.00819818   0.00907533   0.010596   0.0119651   0.0128643   0.0134989   0.0141136   0.0149571   0.0160289   0.0172722   0.0187174   0.0201713   0.02202   0.0242201   0.0269327   0.0357238   0.0429786   0.0530999   0.0667137   
-0.074035   -0.0722382   -0.0760099   -0.0815547   -0.0828044   -0.0800911   -0.0777189   -0.0681597   -0.0555987   -0.0553953   -0.0631406   -0.0721766   -0.0829899   -0.0735445   -0.0573299   -0.0459074   -0.0373078   -0.0301749   -0.0240914   -0.0179027   -0.0125574   -0.0072913   -0.00164915   0.00790019   0.0104847   0.0114234   0.0101666   

390000
-10   -9   -8   -7   -6   -5   -4   -3   -2   -1   0   1   2   3   4   5   6   7   8   9   10   11   12   13   14   15   17   18   
-0.609663   -0.54324   -0.456099   -0.32638   -0.183569   -0.0617824   0.0403795   0.144684   0.210223   0.267448   0.386643   0.536613   0.689412   0.84726   0.908599   0.935024   0.98437   1.0462   1.11316   1.18249   1.24887   1.31521   1.3766   1.42719   1.46517   1.49643   1.51191   1.48828   
0.0411021   0.0331512   0.0259041   0.0207519   0.0169386   0.0142134   0.0123847   0.0111051   0.00904374   0.00816382   0.00902407   0.0105278   0.0119067   0.0128199   0.0134584   0.0140483   0.0148888   0.0159543   0.0171926   0.0186319   0.0201082   0.0219419   0.0241446   0.0268702   0.0305375   0.035621   0.053005   0.0666557   
-0.0771578   -0.0747565   -0.0726911   -0.0765217   -0.0820476   -0.0831686   -0.0802065   -0.0776946   -0.068309   -0.0555069   -0.0553003   -0.0625508   -0.0715309   -0.082372   -0.0736513   -0.0574631   -0.0459616   -0.0373034   -0.0301303   -0.0239755   -0.0178846   -0.0125254   -0.00724882   -0.00161459   0.00377631   0.00776081   0.0113198   0.0100706   

395000
-9   -8   -7   -6   -5   -4   -3   -1   0   1   2   3   4   5   6   7   8   9   10   11   12   13   14   15   16   17   18   
-0.539846   -0.45373   -0.323556   -0.180929   -0.0598568   0.041154   0.144922   0.266984   0.38512   0.533638   0.686218   0.844313   0.909076   0.935749   0.984718   1.04629   1.11307   1.18206   1.24882   1.31506   1.37635   1.42688   1.46564   1.49761   1.51519   1.51292   1.48891   
0.03301   0.0256201   0.020537   0.0167831   0.0140963   0.0123096   0.0110609   0.00813183   0.00896461   0.0104612   0.0118493   0.0127766   0.0134213   0.0139859   0.0148228   0.0158819   0.0171153   0.0185487   0.0200493   0.0218652   0.0240695   0.0268044   0.030468   0.0355212   0.0427442   0.0529228   0.0666178   
-0.0753963   -0.0731277   -0.0770214   -0.0825243   -0.083524   -0.0803317   -0.0777126   -0.055421   -0.0550257   -0.0619679   -0.0708915   -0.081766   -0.0737526   -0.0575999   -0.0460215   -0.0373095   -0.0301016   -0.0238889   -0.0178789   -0.012502   -0.00722014   -0.00160312   0.00369607   0.00762507   0.0102376   0.0112193   0.00997463   

400000
-10   -9   -8   -7   -6   -5   -4   -3   -2   -1   0   1   2   3   4   5   6   7   8   9   10   11   12   13   14   15   16   17   18   
-0.596338   -0.537002   -0.451547   -0.320779   -0.17833   -0.0579536   0.041915   0.145326   0.211247   0.266422   0.383029   0.530705   0.683063   0.841416   0.90952   0.936474   0.985081   1.04642   1.11304   1.18176   1.24885   1.31496   1.37619   1.42672   1.46618   1.4987   1.517   1.51379   1.48938   
0.0410958   0.0328107   0.0253156   0.020324   0.0166328   0.0139835   0.0122263   0.0110184   0.0090199   0.00810294   0.00889785   0.0103963   0.0117929   0.0127343   0.0133873   0.0139262   0.014759   0.0158114   0.0170402   0.0184679   0.019996   0.0217899   0.0239946   0.0267365   0.0303969   0.0354267   0.0425926   0.0528565   0.0666   
-0.0791489   -0.0759558   -0.0735264   -0.0775091   -0.0829947   -0.0838747   -0.0804643   -0.0777652   -0.0684529   -0.0553173   -0.0546282   -0.0613929   -0.0702595   -0.0811706   -0.0738482   -0.0577378   -0.0460853   -0.0373243   -0.0300859   -0.0238259   -0.0178864   -0.0124862   -0.00720398   -0.00160799   0.00360468   0.00749572   0.0101059   0.0111216   0.00987952   

405000
-10   -9   -8   -7   -6   -5   -4   -3   -2   -1   0   1   2   3   4   5   6   7   8   9   10   11   12   13   14   15   16   17   18   
-0.586764   -0.534807   -0.44955   -0.318048   -0.175791   -0.0560684   0.0428299   0.145748   0.211675   0.265727   0.380557   0.527819   0.679954   0.838561   0.909934   0.937173   0.985433   1.04658   1.11307   1.18157   1.24898   1.3149   1.37611   1.42668   1.46682   1.49975   1.51865   1.51451   1.48966   
0.0410465   0.0325363   0.0249941   0.0201169   0.0164902   0.0138762   0.0121458   0.0109695   0.00900971   0.00807475   0.00883126   0.0103333   0.0117374   0.0126931   0.0133567   0.0138696   0.0146987   0.0157428   0.0169669   0.0183894   0.0199479   0.0217162   0.02392   0.0266675   0.0303215   0.0353365   0.0424542   0.0528019   0.0666009   
-0.0808105   -0.0764203   -0.0738864   -0.0779843   -0.0834516   -0.0842208   -0.0806273   -0.0778296   -0.0685069   -0.055188   -0.0541479   -0.060827   -0.0696368   -0.0805842   -0.0739389   -0.0578723   -0.0461486   -0.0373471   -0.030081   -0.0237821   -0.0179124   -0.0124772   -0.0071989   -0.00162596   0.00350759   0.0073709   0.00998   0.011028   0.00978465   

410000
-10   -9   -7   -6   -5   -4   -3   -2   -1   0   1   2   3   4   5   6   7   8   9   10   11   12   13   14   15   16   17   18   
-0.580135   -0.533398   -0.315406   -0.173316   -0.0542017   0.0439007   0.146267   0.212093   0.265251   0.377769   0.524985   0.676895   0.835737   0.911198   0.937832   0.985771   1.04677   1.11315   1.18147   1.24926   1.31487   1.3761   1.42673   1.46752   1.50074   1.52016   1.51509   1.48978   
0.0413059   0.032155   0.0199222   0.0163591   0.0137753   0.0120675   0.0109214   0.0089989   0.00804071   0.00876523   0.0102719   0.0116827   0.0126527   0.0133028   0.0138162   0.0146416   0.015677   0.0168955   0.0183128   0.0199059   0.0216442   0.0238455   0.0265975   0.0302438   0.0352502   0.0423275   0.0527634   0.0666192   
-0.081662   -0.0767723   -0.0784382   -0.0838927   -0.0845619   -0.0808219   -0.0779144   -0.0685602   -0.0550993   -0.0535977   -0.0602709   -0.069024   -0.0800043   -0.0741847   -0.0580003   -0.0462105   -0.0373751   -0.0300852   -0.0237543   -0.0179628   -0.0124743   -0.00720349   -0.00165443   0.00340668   0.00725014   0.00985906   0.0109372   0.00969095   

415000
-10   -9   -8   -7   -6   -5   -4   -3   -2   -1   0   1   2   3   4   5   6   7   8   9   10   11   12   13   14   15   16   17   18   
-0.57442   -0.532994   -0.446006   -0.312736   -0.170904   -0.0523399   0.0451264   0.146869   0.212519   0.264831   0.374747   0.522207   0.67389   0.832938   0.912536   0.93847   0.9861   1.04696   1.11327   1.18145   1.24974   1.31489   1.37616   1.42687   1.46826   1.50169   1.52156   1.51599   1.49029   
0.0414836   0.0316204   0.0243255   0.0197518   0.0162459   0.0136823   0.0119908   0.0108754   0.00898859   0.00800913   0.00870004   0.0102121   0.0116287   0.012613   0.013249   0.013765   0.0145872   0.0156148   0.0168262   0.0182381   0.0198708   0.0215748   0.0237714   0.0265267   0.0301642   0.0351682   0.0422121   0.0526903   0.0665925   
-0.0824366   -0.0769822   -0.0745044   -0.0788969   -0.0843161   -0.0849001   -0.0810486   -0.0780162   -0.0686156   -0.0550225   -0.0529957   -0.0597257   -0.0684218   -0.0794297   -0.0744447   -0.0581253   -0.046272   -0.0374053   -0.0300969   -0.0237404   -0.0180463   -0.0124772   -0.0072167   -0.00169185   0.00330371   0.00713366   0.00974248   0.0108498   0.00960827   

420000
-10   -8   -7   -6   -5   -4   -3   -2   -1   0   2   3   4   5   6   7   8   9   10   11   12   14   15   16   17   18   
-0.569522   -0.444498   -0.310042   -0.168558   -0.0504524   0.0464187   0.147547   0.213035   0.264341   0.373613   0.670935   0.83016   0.913822   0.939092   0.986421   1.04715   1.11342   1.1815   1.2502   1.31494   1.37628   1.46903   1.50257   1.52282   1.51797   1.49227   
0.0415779   0.0240039   0.0196152   0.0161596   0.0135995   0.0119165   0.0108312   0.00898218   0.00798112   0.00865018   0.0115757   0.0125744   0.0131981   0.0137159   0.0145353   0.0155561   0.0167583   0.0181651   0.0198304   0.0215083   0.023698   0.0300842   0.035091   0.0421041   0.0525031   0.0663889   
-0.0831469   -0.0747529   -0.0793561   -0.084719   -0.0852408   -0.0812892   -0.0781335   -0.068688   -0.0549334   -0.0527915   -0.0678295   -0.0788598   -0.0746959   -0.0582478   -0.046333   -0.0374366   -0.0301156   -0.0237377   -0.0181241   -0.0124861   -0.00723744   0.00319906   0.00702308   0.00963189   0.0107643   0.0095538   

425000
-10   -8   -7   -6   -5   -4   -3   -2   -1   0   1   2   3   4   5   6   7   8   9   10   11   12   13   14   15   16   17   18   
-0.565429   -0.443173   -0.307409   -0.166269   -0.0484981   0.0477507   0.148288   0.213422   0.263809   0.372406   0.516948   0.668024   0.827398   0.915031   0.939694   0.986732   1.04734   1.1136   1.18159   1.24995   1.31501   1.37645   1.42734   1.46982   1.50339   1.524   1.51968   1.49391   
0.0415772   0.0237165   0.0195294   0.0161132   0.0135305   0.0118444   0.0107889   0.00897086   0.00795662   0.00860197   0.0100937   0.0115235   0.0125368   0.0131505   0.0136689   0.0144856   0.0154999   0.0166926   0.018094   0.0197543   0.0214449   0.023625   0.0263839   0.0300043   0.0350193   0.0420074   0.0523436   0.0662241   
-0.0837984   -0.0749567   -0.0797944   -0.0851008   -0.0855909   -0.0815382   -0.0782643   -0.0687379   -0.054837   -0.0525707   -0.0586926   -0.0672459   -0.0782934   -0.0749334   -0.0583672   -0.046393   -0.0374696   -0.0301394   -0.0237445   -0.0180762   -0.0124993   -0.00726465   -0.00178757   0.00309352   0.00691756   0.00952429   0.0106802   0.00949557   

430000
-10   -9   -8   -7   -6   -5   -4   -3   -2   -1   0   1   2   4   5   6   7   8   9   10   11   12   13   14   15   16   17   18   
-0.562247   -0.53626   -0.441728   -0.304877   -0.164035   -0.0464901   0.0491136   0.149081   0.213892   0.263524   0.370492   0.514536   0.666733   0.916183   0.940274   0.987029   1.04753   1.11379   1.18173   1.24982   1.31511   1.37666   1.42764   1.47061   1.50415   1.52509   1.52117   1.49529   
0.0414594   0.0293262   0.023506   0.0195254   0.0159753   0.0134739   0.0117747   0.0107483   0.00896341   0.00793127   0.00855092   0.0100314   0.0114705   0.0131054   0.0136242   0.0144384   0.0154464   0.0166287   0.0180243   0.0196795   0.0213835   0.0235524   0.0263126   0.0299248   0.0349522   0.0419178   0.0522077   0.0660953   
-0.0843896   -0.0769078   -0.0751691   -0.080201   -0.085538   -0.0859512   -0.0817938   -0.0784062   -0.0688039   -0.0547856   -0.052199   -0.0582172   -0.0670095   -0.0751604   -0.0584833   -0.0464513   -0.0375031   -0.0301677   -0.0237595   -0.0180468   -0.0125162   -0.00729762   -0.00184347   0.00298795   0.00681738   0.00942137   0.0105972   0.00943247   

435000
-10   -9   -8   -7   -6   -5   -4   -3   -2   -1   0   1   2   3   4   5   6   7   8   9   10   11   12   13   14   15   16   17   18   
-0.560357   -0.53733   -0.43986   -0.301673   -0.161892   -0.0456721   0.0505024   0.149251   0.214399   0.263213   0.368142   0.512181   0.664918   0.821932   0.917299   0.94083   0.987312   1.04772   1.114   1.18191   1.24979   1.31522   1.37691   1.42799   1.4714   1.50486   1.52608   1.52248   1.49643   
0.0411577   0.0286295   0.0234214   0.0193217   0.0158325   0.0133743   0.0117077   0.0107131   0.00895815   0.00790937   0.00849882   0.00997094   0.0114195   0.0124624   0.0130622   0.0135817   0.0143938   0.0153957   0.0165673   0.017956   0.0196059   0.0213255   0.0234804   0.0262426   0.0298472   0.0348888   0.0418363   0.0520889   0.06599   
-0.0849017   -0.076841   -0.0754412   -0.0808416   -0.0859628   -0.0861098   -0.0820551   -0.0784183   -0.0688775   -0.0547312   -0.0517333   -0.057753   -0.0666604   -0.0771722   -0.0753812   -0.0585954   -0.0465078   -0.037537   -0.030199   -0.0237816   -0.0180336   -0.012536   -0.00733566   -0.00190344   0.00288382   0.00672197   0.00932291   0.0105158   0.0093681   

440000
-10   -9   -8   -7   -6   -5   -4   -3   -2   -1   0   1   3   4   5   6   7   8   9   10   11   12   13   14   15   16   17   18   
-0.560983   -0.538118   -0.437959   -0.298579   -0.159825   -0.048607   0.0519184   0.149147   0.214766   0.262895   0.365455   0.509886   0.819358   0.918378   0.941359   0.987577   1.0479   1.11421   1.18212   1.24985   1.31535   1.37719   1.42836   1.47214   1.50628   1.52697   1.52362   1.49737   
0.0404691   0.0280552   0.0234977   0.0191356   0.0156985   0.0133208   0.0116435   0.0106793   0.00894884   0.00789122   0.00844639   0.0099123   0.012417   0.0130208   0.0135413   0.0143521   0.0153484   0.016509   0.0178891   0.0195337   0.0212704   0.0234091   0.0261727   0.029773   0.0347752   0.0417639   0.0519901   0.0659067   
-0.0852672   -0.0767913   -0.075691   -0.0814576   -0.0863694   -0.0854775   -0.0823222   -0.0783751   -0.0689257   -0.0546776   -0.0511945   -0.0573005   -0.0766371   -0.0755952   -0.0587033   -0.0465621   -0.0375716   -0.0302313   -0.0238098   -0.0180342   -0.0125589   -0.00737777   -0.00196613   0.00278393   0.00658967   0.00922881   0.0104357   0.00930262   

445000
-10   -9   -8   -7   -6   -4   -3   -2   -1   0   1   2   3   4   5   6   7   8   9   10   11   12   13   14   15   16   17   18   
-0.579291   -0.538731   -0.434602   -0.295567   -0.157821   0.0533645   0.149077   0.21495   0.262648   0.363191   0.507651   0.660914   0.816786   0.919421   0.941862   0.987828   1.04807   1.11442   1.18236   1.24998   1.3155   1.37749   1.42876   1.47286   1.50795   1.52773   1.52461   1.49811   
0.0387047   0.0276279   0.0232409   0.0189628   0.0155715   0.0115827   0.0106403   0.00893952   0.00787397   0.00839894   0.00985551   0.0113153   0.0123726   0.0129811   0.0135029   0.0143135   0.0153044   0.0164532   0.0178237   0.0194626   0.0212184   0.0233388   0.0261048   0.029701   0.0346427   0.0417022   0.0519045   0.0658471   
-0.0830652   -0.0767428   -0.0763683   -0.0820543   -0.086761   -0.0825955   -0.0783449   -0.0689347   -0.0546362   -0.0507435   -0.0568597   -0.0658764   -0.0761029   -0.0758028   -0.0588065   -0.0466148   -0.0376055   -0.0302649   -0.0238431   -0.0180466   -0.0125852   -0.00742352   -0.00203124   0.00268755   0.00644472   0.00914101   0.0103583   0.00923532   

450000
-10   -9   -8   -7   -6   -5   -4   -3   -2   -1   0   1   2   3   4   5   6   7   8   9   10   11   12   13   14   15   16   17   18   
-0.594725   -0.537341   -0.431517   -0.29263   -0.155886   -0.0497488   0.0539515   0.14911   0.215169   0.262485   0.362321   0.505468   0.658928   0.814333   0.920428   0.942333   0.988057   1.04823   1.11463   1.18263   1.25016   1.31568   1.37782   1.42916   1.47356   1.50949   1.52897   1.52544   1.49868   
0.0362192   0.0274881   0.0230236   0.0187997   0.0154499   0.0131786   0.011535   0.0106027   0.00893203   0.00785713   0.00836314   0.00980063   0.0112596   0.0123272   0.0129431   0.0134668   0.014278   0.0152638   0.0164001   0.0177595   0.0193927   0.0211697   0.0232695   0.0260379   0.0296324   0.0345218   0.0415963   0.0518353   0.065807   
-0.0818853   -0.0769624   -0.0769864   -0.0826335   -0.0871369   -0.0851937   -0.0826869   -0.0783349   -0.0689505   -0.0546104   -0.0505875   -0.056429   -0.0654827   -0.0755946   -0.0760038   -0.0589043   -0.0466644   -0.0376381   -0.0303004   -0.0238813   -0.0180689   -0.0126155   -0.00747288   -0.00209701   0.00259321   0.0063072   0.00904334   0.0102828   0.00916619   

455000
-10   -9   -7   -6   -5   -4   -3   -2   0   1   2   3   4   5   6   7   8   9   10   11   12   13   14   15   16   17   18   
-0.600718   -0.535459   -0.289749   -0.154016   -0.0496638   0.0535512   0.149225   0.215285   0.360807   0.504301   0.65691   0.812403   0.921403   0.94278   0.988264   1.04837   1.11485   1.18292   1.2504   1.31588   1.37818   1.42957   1.47422   1.51094   1.53072   1.52612   1.49906   
0.0349113   0.0275708   0.0186431   0.0153329   0.0131047   0.0115044   0.0105667   0.0089202   0.0083218   0.00975249   0.0112052   0.0122737   0.0129065   0.0134333   0.0142459   0.0152271   0.0163495   0.0176966   0.0193239   0.0211246   0.0232011   0.0259757   0.0295662   0.0344066   0.0414467   0.0517818   0.0657877   
-0.0815564   -0.0772107   -0.0831996   -0.0874979   -0.0851878   -0.082567   -0.0783413   -0.0689486   -0.0502932   -0.0562168   -0.0650821   -0.075199   -0.0761988   -0.0589986   -0.0467111   -0.0376695   -0.0303365   -0.0239232   -0.0180996   -0.0126507   -0.00752526   -0.00216239   0.00250226   0.00617569   0.00893296   0.0102092   0.00909573   

460000
-10   -9   -8   -7   -5   -4   -3   -2   -1   0   1   2   3   4   5   6   7   8   9   10   11   12   13   14   15   16   17   18   
-0.604718   -0.531979   -0.425836   -0.286934   -0.0493788   0.053367   0.149408   0.215457   0.262214   0.358923   0.5035   0.654865   0.810434   0.922349   0.943197   0.988453   1.0485   1.11505   1.18323   1.25069   1.31613   1.37855   1.42997   1.47486   1.51231   1.53231   1.52662   1.49922   
0.033897   0.0273496   0.0226494   0.0184914   0.0130308   0.011467   0.0105322   0.00891169   0.00782637   0.00827376   0.00970799   0.0111519   0.0122225   0.0128715   0.0134023   0.0142175   0.0151945   0.0163016   0.0176349   0.0192562   0.021083   0.0231339   0.0259157   0.0295035   0.0342973   0.0413104   0.0517454   0.0657936   
-0.0813927   -0.077881   -0.0781138   -0.0837508   -0.0852232   -0.0825004   -0.0783613   -0.0689568   -0.0545764   -0.0499175   -0.0560829   -0.0646754   -0.0747954   -0.0763888   -0.0590876   -0.0467555   -0.0377003   -0.0303726   -0.0239689   -0.0181375   -0.0126926   -0.00758   -0.00222631   0.00241472   0.00604901   0.00882818   0.010138   0.00902441   

465000
-10   -9   -7   -6   -5   -4   -3   -1   0   1   2   3   4   5   6   7   8   9   10   11   12   13   14   15   16   17   18   
-0.607525   -0.528788   -0.284207   -0.150462   -0.0489569   0.0531846   0.149648   0.262139   0.356693   0.502114   0.652793   0.808438   0.92325   0.943581   0.988628   1.04863   1.11525   1.18354   1.25101   1.31644   1.37894   1.43036   1.47546   1.51362   1.53375   1.52695   1.49923   
0.0330793   0.0271199   0.0183436   0.0151096   0.0129576   0.0114134   0.0104993   0.00780544   0.00822559   0.00966185   0.0110995   0.0121731   0.0128385   0.0133741   0.0141933   0.0151666   0.0162566   0.0175748   0.0191894   0.0210453   0.0230686   0.0258591   0.0294438   0.0341928   0.0411857   0.0517266   0.0658162   
-0.081323   -0.0785197   -0.0842824   -0.0881788   -0.0852866   -0.0824487   -0.0783926   -0.0545668   -0.0494669   -0.0558225   -0.0642627   -0.0743862   -0.0765704   -0.059171   -0.0467988   -0.0377316   -0.0304079   -0.0240171   -0.0181815   -0.0127434   -0.00763656   -0.00228865   0.00233137   0.00592706   0.00872799   0.0100697   0.00895233   

470000
-10   -9   -8   -7   -6   -5   -4   -3   -2   -1   0   1   2   3   4   5   6   7   8   9   10   11   12   13   14   15   16   17   18   
-0.609543   -0.525891   -0.420548   -0.281591   -0.14877   -0.0484346   0.0532445   0.14994   0.215811   0.262089   0.354863   0.500593   0.650706   0.806423   0.924114   0.94393   0.989057   1.04876   1.11544   1.18387   1.25136   1.31683   1.37933   1.43074   1.47602   1.51486   1.53509   1.52797   1.49951   
0.0324075   0.0269271   0.022309   0.018199   0.0150025   0.0128857   0.0113609   0.0104679   0.00889719   0.0077883   0.00818169   0.00961649   0.0110479   0.0121253   0.0128071   0.0133485   0.0141568   0.0151438   0.0162147   0.0175174   0.0191238   0.021012   0.023005   0.025806   0.0293875   0.0340936   0.041073   0.051635   0.0658075   
-0.0813116   -0.0790978   -0.0791538   -0.0847895   -0.0885005   -0.0853704   -0.082446   -0.0784346   -0.0689768   -0.0545643   -0.0490999   -0.0555321   -0.0638459   -0.0739731   -0.0767452   -0.0592485   -0.0468835   -0.0377654   -0.0304425   -0.0240666   -0.0182306   -0.012806   -0.0076939   -0.00234884   0.00225251   0.00580924   0.00863199   0.0100028   0.0088883   

475000
-10   -9   -8   -7   -6   -5   -4   -3   -2   -1   0   1   2   3   4   6   7   8   9   10   11   12   13   14   15   16   17   18   
-0.611622   -0.523221   -0.417981   -0.279104   -0.147131   -0.0478347   0.0534906   0.150275   0.215952   0.262076   0.354072   0.498996   0.648611   0.804393   0.924941   0.989881   1.04904   1.11561   1.18418   1.25174   1.31733   1.37972   1.43124   1.47652   1.51603   1.53631   1.52969   1.50144   
0.0318908   0.026752   0.0221422   0.018057   0.0148982   0.0128155   0.0113093   0.0104381   0.00888973   0.00777497   0.00814561   0.00957207   0.0109971   0.0120787   0.0127771   0.0140976   0.0151128   0.016176   0.0174627   0.0190594   0.0209835   0.022943   0.0257465   0.0293356   0.0339998   0.0409691   0.0514693   0.0655995   
-0.0811912   -0.0796304   -0.0796565   -0.0852681   -0.0888107   -0.0854696   -0.0824813   -0.0784856   -0.068981   -0.0545709   -0.0489532   -0.0552244   -0.0634272   -0.0735569   -0.0769132   -0.0470321   -0.0378215   -0.030476   -0.0241159   -0.018284   -0.0128839   -0.0077521   -0.00242132   0.00217919   0.00569618   0.00853989   0.00993623   0.00885723   

480000
-9   -8   -7   -6   -5   -4   -3   -2   -1   0   1   2   3   4   5   6   7   8   9   10   11   12   14   15   16   17   18   
-0.520733   -0.415443   -0.276683   -0.145539   -0.047175   0.0538427   0.150642   0.216126   0.262071   0.352717   0.497353   0.64652   0.802343   0.925731   0.945594   0.990711   1.04968   1.11578   1.18449   1.25214   1.31756   1.38012   1.47783   1.51712   1.53745   1.53117   1.50308   
0.0265834   0.0219752   0.017917   0.0147963   0.0127473   0.0112589   0.0104101   0.00888472   0.00776128   0.0081077   0.0095287   0.0109472   0.0120331   0.0127486   0.01327   0.0140407   0.0150483   0.0161408   0.0174099   0.0189959   0.0209153   0.0228834   0.0292347   0.0339119   0.0408727   0.051327   0.0654258   
-0.0801274   -0.0801526   -0.0857326   -0.0891108   -0.0855808   -0.0825379   -0.0785436   -0.0689912   -0.0545766   -0.048686   -0.0549059   -0.0630085   -0.0731365   -0.0770743   -0.0595767   -0.0471827   -0.0379288   -0.0305088   -0.0241657   -0.0183412   -0.0129143   -0.00781107   0.00203799   0.00558786   0.00845093   0.00987114   0.00882179   

485000
-10   -9   -8   -7   -6   -5   -4   -3   -2   -1   0   1   2   3   4   5   6   7   8   9   10   11   12   13   14   15   16   17   18   
-0.616321   -0.518408   -0.412901   -0.274312   -0.143986   -0.0464653   0.0542812   0.150957   0.216315   0.262075   0.351015   0.495681   0.64444   0.800278   0.926488   0.946777   0.99154   1.05035   1.11594   1.1848   1.25256   1.31785   1.38052   1.43271   1.47913   1.51815   1.53849   1.53247   1.50448   
0.0321441   0.0264147   0.0218068   0.0177786   0.0146969   0.0126814   0.0112096   0.0103776   0.0088819   0.00774868   0.00806928   0.00948627   0.0108981   0.0119883   0.0127219   0.0132209   0.0139857   0.0149861   0.0161096   0.017359   0.0189332   0.0208468   0.0228246   0.0255987   0.0291354   0.0338288   0.040786   0.0512045   0.0652809   
-0.0799599   -0.0805934   -0.0806495   -0.0861863   -0.0894023   -0.0857016   -0.0826121   -0.0785967   -0.0690046   -0.0545834   -0.0483443   -0.0545803   -0.062592   -0.0727129   -0.0772293   -0.0598043   -0.0473344   -0.0380409   -0.0305414   -0.0242157   -0.018402   -0.012953   -0.00787002   -0.00261702   0.00189927   0.00548402   0.00836527   0.00980754   0.00878287   

490000
-10   -9   -8   -7   -6   -5   -4   -3   -2   -1   0   1   2   3   4   5   6   7   8   9   10   11   12   13   14   15   16   17   18   
-0.611263   -0.516226   -0.410323   -0.271993   -0.142463   -0.0457105   0.0547914   0.1511   0.216385   0.262126   0.349048   0.493986   0.642378   0.798204   0.927213   0.947941   0.992368   1.05103   1.11609   1.18511   1.25299   1.31819   1.38092   1.43349   1.48039   1.51913   1.53943   1.53359   1.5057   
0.0318423   0.0262424   0.0216361   0.0176419   0.0145993   0.0126184   0.0111613   0.0103463   0.00887382   0.00773971   0.00803093   0.00944471   0.0108499   0.0119441   0.0126969   0.0131739   0.0139324   0.0149261   0.0160826   0.0173104   0.0188715   0.0207787   0.0227681   0.0255249   0.0290392   0.0337507   0.0407077   0.051101   0.0651543   
-0.0809388   -0.0810329   -0.0811538   -0.086629   -0.0896891   -0.0858309   -0.0827009   -0.0786142   -0.0689976   -0.0546014   -0.0479449   -0.0542492   -0.0621785   -0.0722873   -0.0773784   -0.0600289   -0.0474865   -0.0381564   -0.0305748   -0.0242649   -0.0184655   -0.0130002   -0.00792885   -0.00271857   0.00176372   0.00538423   0.00828381   0.00974473   0.00874218   

495000
-10   -9   -7   -6   -5   -4   -3   -2   -1   0   1   2   3   4   5   6   7   8   9   10   11   12   13   14   15   16   17   18   
-0.606709   -0.514171   -0.269727   -0.140962   -0.0449062   0.0553629   0.15094   0.2164   0.262193   0.347688   0.492417   0.640334   0.796125   0.927903   0.949083   0.993193   1.05171   1.11625   1.1854   1.25345   1.31859   1.38131   1.43428   1.48161   1.52005   1.54024   1.53456   1.50674   
0.0316161   0.026065   0.0175073   0.0145039   0.0125591   0.0111141   0.0103157   0.00886214   0.00773224   0.0079977   0.0093999   0.0108024   0.0119006   0.0126735   0.0131286   0.0138808   0.0148682   0.0160601   0.017264   0.0188102   0.0207114   0.0227136   0.0254514   0.0289453   0.0336763   0.040639   0.0510131   0.0650515   
-0.0818299   -0.0814493   -0.0870608   -0.0899716   -0.0859693   -0.0828023   -0.0785687   -0.0689796   -0.0546222   -0.0476736   -0.053942   -0.0617682   -0.0718604   -0.077521   -0.0602501   -0.0476387   -0.038274   -0.0306107   -0.0243131   -0.018532   -0.0130547   -0.00798713   -0.00282131   0.00163208   0.00528844   0.00820796   0.0096836   0.00869866   

500000
-10   -9   -8   -7   -6   -5   -4   -3   -2   -1   0   1   2   3   4   5   6   7   9   10   11   12   13   14   15   16   17   18   
-0.598988   -0.512227   -0.404743   -0.267505   -0.13948   -0.0440452   0.0559901   0.150839   0.216457   0.262211   0.347134   0.4909   0.638306   0.794043   0.928558   0.950202   0.994008   1.0524   1.18568   1.25392   1.31903   1.3817   1.43509   1.48279   1.52091   1.54095   1.53537   1.50763   
0.0311509   0.0258808   0.0212823   0.0173746   0.0144119   0.0125044   0.0110682   0.0102864   0.00885337   0.00772296   0.0079706   0.00935347   0.0107557   0.0118577   0.0126516   0.0130849   0.013831   0.014812   0.0172199   0.0187498   0.0206444   0.0226614   0.0253786   0.0288547   0.0336064   0.0405802   0.0509406   0.0649673   
-0.0835729   -0.0818457   -0.0822513   -0.0874831   -0.0902497   -0.0861179   -0.0829152   -0.0785349   -0.0689689   -0.0546299   -0.0475739   -0.0536438   -0.0613613   -0.0714329   -0.077657   -0.0604674   -0.0477901   -0.0383933   -0.0243602   -0.018601   -0.0131155   -0.00804434   -0.00292467   0.0015042   0.00519726   0.00813557   0.00962381   0.00865309   

505000
-10   -9   -8   -7   -6   -5   -4   -3   -1   0   1   2   3   4   5   6   7   8   9   10   11   12   13   14   15   16   17   18   
-0.595847   -0.510401   -0.392299   -0.265335   -0.135271   -0.0431137   0.0566699   0.150787   0.262287   0.346299   0.489349   0.636299   0.791965   0.929406   0.951286   0.994816   1.05309   1.11697   1.18595   1.2544   1.31951   1.38207   1.43589   1.4839   1.52171   1.54157   1.53602   1.50832   
0.0310051   0.0256907   0.0209374   0.0172445   0.0094218   0.0124558   0.0110234   0.0102584   0.00771761   0.00794312   0.00930812   0.0107097   0.0118152   0.012626   0.0130431   0.0137825   0.0147574   0.0159837   0.0171783   0.0186909   0.020578   0.0226111   0.025307   0.0287682   0.0335413   0.0405309   0.0508847   0.0649035   
-0.0841622   -0.0822205   -0.0848174   -0.0878945   -0.0894049   -0.086279   -0.0830391   -0.0785107   -0.0546514   -0.0474138   -0.053338   -0.0609582   -0.0710061   -0.0778287   -0.0606788   -0.0479407   -0.0385137   -0.0307377   -0.0244057   -0.0186722   -0.0131818   -0.0081002   -0.00302768   0.00138201   0.00511051   0.00806681   0.00956593   0.00860627   

510000
-10   -9   -8   -7   -6   -5   -4   -3   -2   0   1   2   3   4   5   6   7   8   9   10   11   12   13   14   15   16   17   18   
-0.59309   -0.508668   -0.390305   -0.263226   -0.136595   -0.0420909   0.0573961   0.150775   0.216512   0.345239   0.487778   0.634316   0.789892   0.930882   0.952324   0.995613   1.05379   1.11758   1.1862   1.25489   1.32003   1.38243   1.4367   1.48495   1.52283   1.54236   1.53651   1.50885   
0.0308672   0.0254939   0.0207777   0.0171173   0.0142418   0.0124151   0.01098   0.0102317   0.00883543   0.0079157   0.00926364   0.0106644   0.0117734   0.0125862   0.0130032   0.0137356   0.0147043   0.0159214   0.0171391   0.0186326   0.0205123   0.0225634   0.025236   0.0286863   0.0334525   0.0404627   0.0508458   0.0648616   
-0.0846922   -0.0825784   -0.0852041   -0.0882927   -0.0907852   -0.0864561   -0.0831728   -0.0784943   -0.0689384   -0.0472054   -0.0530275   -0.0605596   -0.0705805   -0.0781177   -0.0608819   -0.0480898   -0.038635   -0.0308344   -0.0244496   -0.0187452   -0.0132529   -0.00815458   -0.00313068   0.00126565   0.00500779   0.00799608   0.00951016   0.00855664   

515000
-10   -8   -7   -6   -5   -4   -3   -2   -1   0   1   2   3   4   5   6   7   8   9   10   11   12   13   14   15   16   17   18   
-0.590684   -0.388339   -0.261187   -0.135177   -0.0409481   0.0581656   0.150799   0.216491   0.262518   0.34398   0.486191   0.632357   0.78783   0.93169   0.95332   0.996391   1.05447   1.11821   1.18644   1.25539   1.32057   1.38277   1.43751   1.48595   1.52447   1.54397   1.53687   1.50924   
0.0307202   0.0206176   0.0169937   0.0141658   0.0123851   0.010938   0.0102065   0.00882577   0.00770711   0.00788841   0.00922006   0.01062   0.0117322   0.0125473   0.0129652   0.0136902   0.0146527   0.0158607   0.0171028   0.0185753   0.0204471   0.0225183   0.0251659   0.0286076   0.0333245   0.0403223   0.0508203   0.0648325   
-0.0851721   -0.085585   -0.0886761   -0.0910452   -0.0866543   -0.0833155   -0.0784848   -0.0689146   -0.0547088   -0.0469537   -0.052713   -0.0601661   -0.0701569   -0.0782704   -0.0610778   -0.048236   -0.0387562   -0.0309351   -0.0244916   -0.0188196   -0.0133278   -0.00820736   -0.00323354   0.00115252   0.00487704   0.00790362   0.00945583   0.00850745   

520000
-10   -8   -7   -6   -5   -4   -3   -2   -1   0   1   2   3   4   5   6   7   8   9   10   11   12   13   14   15   16   17   18   
-0.588576   -0.386399   -0.259215   -0.13376   -0.0398096   0.0589787   0.150852   0.216496   0.262738   0.342543   0.484585   0.630426   0.785782   0.929838   0.95429   0.997151   1.05516   1.11886   1.18667   1.25589   1.32113   1.38311   1.43831   1.48693   1.526   1.54543   1.53714   1.50952   
0.0305565   0.0204577   0.0168743   0.0140981   0.0123562   0.0108981   0.0101827   0.00881869   0.00769724   0.00786115   0.00917735   0.0105763   0.0116915   0.0125047   0.0129286   0.0136463   0.0146026   0.0158017   0.0170695   0.0185193   0.0203832   0.0224758   0.0250965   0.0285313   0.0332054   0.0401955   0.0508032   0.0648183   
-0.0856112   -0.0859605   -0.0890447   -0.0913021   -0.0868559   -0.0834673   -0.0784811   -0.0688951   -0.0547587   -0.0466633   -0.0523943   -0.0597779   -0.069736   -0.0778773   -0.0612689   -0.0483795   -0.0388769   -0.0310389   -0.0245318   -0.0188946   -0.0134059   -0.00825837   -0.00333601   0.0010428   0.0047524   0.00781559   0.00940375   0.00845656   

525000
-10   -9   -8   -7   -6   -4   -3   -2   -1   0   1   2   3   4   5   6   7   8   9   10   11   12   13   14   15   16   17   18   
-0.492722   -0.503914   -0.384478   -0.257257   -0.132336   0.0598366   0.150929   0.216517   0.263032   0.341201   0.48296   0.628517   0.783747   0.928015   0.955241   0.99788   1.05584   1.11951   1.18688   1.25638   1.32171   1.38342   1.43911   1.48786   1.52743   1.54675   1.53737   1.50972   
0.0439535   0.0248722   0.0202983   0.0167597   0.0140406   0.0108606   0.0101604   0.00881383   0.00769104   0.00782807   0.00913551   0.0105333   0.0116515   0.0124632   0.0128931   0.0136043   0.0145537   0.0157442   0.0170391   0.0184652   0.0203196   0.0224368   0.0250284   0.028458   0.0330933   0.0400823   0.0507877   0.0648094   
-0.0945604   -0.0835716   -0.086332   -0.0894115   -0.0915574   -0.0836282   -0.0784822   -0.0688782   -0.0548245   -0.0463901   -0.0520712   -0.059394   -0.0693181   -0.0774906   -0.0614569   -0.0485178   -0.0389976   -0.0311452   -0.0245703   -0.0189687   -0.0134869   -0.00830667   -0.00343774   0.000936287   0.00463347   0.00773166   0.0093548   0.00840732   

530000
-10   -9   -8   -7   -6   -5   -4   -3   -2   -1   0   1   2   3   5   6   7   8   9   10   11   12   13   14   15   16   17   18   
-0.585076   -0.50244   -0.382573   -0.255338   -0.130889   -0.0385481   0.0601484   0.150982   0.216498   0.263223   0.33974   0.481313   0.626623   0.781729   0.956172   0.998583   1.05652   1.12017   1.18707   1.25686   1.3223   1.38372   1.43989   1.48876   1.52878   1.54795   1.539   1.50986   
0.0301752   0.0246575   0.0201402   0.0166508   0.0139967   0.0122157   0.0108304   0.0101366   0.0088086   0.00768251   0.00779528   0.00909449   0.0104912   0.0116121   0.0128588   0.0135638   0.0145058   0.0156881   0.0170126   0.0184131   0.0202566   0.0224008   0.0249618   0.0283873   0.0329884   0.0399769   0.0506284   0.0648082   
-0.0863915   -0.0838821   -0.0867002   -0.08977   -0.0918131   -0.0871132   -0.0836732   -0.0784811   -0.0688543   -0.0548665   -0.0460904   -0.0517427   -0.0590135   -0.0689038   -0.0616413   -0.0486519   -0.0391183   -0.0312531   -0.024607   -0.019041   -0.0135706   -0.00835355   -0.00353793   0.000833246   0.0045192   0.00765203   0.00930045   0.00835801   

535000
-10   -9   -8   -7   -6   -5   -4   -3   -2   -1   0   1   2   3   4   5   6   7   8   9   10   11   12   13   14   15   16   17   18   
-0.583619   -0.501005   -0.380692   -0.253477   -0.129404   -0.0378209   0.0600428   0.151014   0.216397   0.263423   0.33816   0.479655   0.62475   0.77973   0.924465   0.957082   0.999271   1.05719   1.12084   1.18725   1.25733   1.32292   1.38402   1.44063   1.48961   1.53003   1.54904   1.54042   1.51021   
0.0299608   0.0244411   0.0199838   0.0165491   0.0139706   0.0121503   0.0108079   0.0101113   0.00880021   0.00767548   0.00776322   0.00905419   0.0104499   0.0115733   0.0123823   0.0128254   0.0135245   0.0144591   0.0156333   0.0169899   0.0183624   0.0201943   0.0223677   0.024898   0.0283199   0.0328905   0.0398827   0.0504918   0.0647839   
-0.0867412   -0.0841848   -0.0870633   -0.0901151   -0.0920716   -0.0872601   -0.0836282   -0.0784779   -0.0688161   -0.0549103   -0.0457647   -0.0514117   -0.0586371   -0.0684932   -0.0767381   -0.061822   -0.0487836   -0.0392381   -0.0313625   -0.0246425   -0.0191128   -0.0136565   -0.00839943   -0.0036338   0.000734102   0.00441054   0.00757579   0.00924748   0.00831366   

540000
-10   -9   -8   -7   -6   -5   -4   -3   -2   -1   0   1   2   3   5   6   7   8   9   10   11   12   13   14   15   16   17   18   
-0.585331   -0.499609   -0.378832   -0.251676   -0.129867   -0.0370313   0.0601248   0.151068   0.21632   0.263692   0.33648   0.47799   0.622899   0.777751   0.957973   0.999943   1.05784   1.1215   1.18742   1.25779   1.32354   1.38432   1.44134   1.49043   1.5312   1.55001   1.54165   1.5119   
0.0298473   0.024224   0.0198299   0.0164566   0.0139908   0.0120874   0.0107897   0.0100874   0.00879422   0.00767192   0.007732   0.00901464   0.0104092   0.0115351   0.0127932   0.0134863   0.0144138   0.0155801   0.0169709   0.0183131   0.0201325   0.0223374   0.0248379   0.0282555   0.0327986   0.0398002   0.0503701   0.0645961   
-0.0863963   -0.08448   -0.0874216   -0.0904457   -0.0919121   -0.0874192   -0.0836206   -0.0784786   -0.0687822   -0.0549691   -0.0454169   -0.051079   -0.0582651   -0.0680867   -0.0619993   -0.0489126   -0.0393563   -0.0314719   -0.0246783   -0.0191837   -0.0137444   -0.00844502   -0.00372535   0.000638584   0.00430644   0.00750362   0.00919643   0.00829466   

545000
-10   -9   -8   -7   -6   -5   -4   -3   -1   0   1   2   3   5   6   7   8   9   10   11   12   13   14   15   16   17   18   
-0.58111   -0.498235   -0.376997   -0.24994   -0.130803   -0.0362217   0.0601259   0.151142   0.263912   0.335716   0.476316   0.621071   0.775793   0.958841   1.0006   1.05848   1.12216   1.18769   1.25824   1.32418   1.38471   1.44201   1.4912   1.53231   1.55086   1.54274   1.51328   
0.0294951   0.0240074   0.0196795   0.0163759   0.0139145   0.0120267   0.0107602   0.0100647   0.00766806   0.00770599   0.00897583   0.0103692   0.0114973   0.0127619   0.0134493   0.01437   0.0155279   0.0169465   0.0182655   0.0200715   0.0223015   0.0247797   0.0281938   0.032712   0.0397276   0.0502659   0.0644464   
-0.0873848   -0.08477   -0.0877743   -0.0907604   -0.0917142   -0.0875817   -0.0836065   -0.0784837   -0.0550164   -0.0452643   -0.0507441   -0.0578978   -0.0676845   -0.0621726   -0.0490388   -0.0394711   -0.0315821   -0.0247272   -0.0192535   -0.0138341   -0.00850026   -0.00381388   0.000547272   0.00420641   0.00743631   0.00914605   0.00827013   

550000
-10   -9   -8   -7   -6   -5   -4   -3   -2   -1   0   1   2   3   4   5   6   7   8   9   10   11   12   13   14   15   16   17   18   
-0.587409   -0.496901   -0.375219   -0.233561   -0.130912   -0.0353988   0.060063   0.151147   0.216281   0.264067   0.335209   0.474632   0.619269   0.773858   0.919369   0.959687   1.00123   1.05909   1.12282   1.18836   1.25868   1.32483   1.38541   1.44267   1.49192   1.53336   1.5516   1.54369   1.5144   
0.0294624   0.0237924   0.0195339   0.010978   0.0138358   0.0119681   0.0107214   0.0100421   0.00878269   0.00766332   0.00768215   0.00893774   0.0103298   0.0114601   0.012266   0.0127317   0.0134138   0.014328   0.0154768   0.0168854   0.0182193   0.0200111   0.0222326   0.0247235   0.0281357   0.0326298   0.0396659   0.0501759   0.0643257   
-0.0860734   -0.0850526   -0.0881152   -0.0921159   -0.0916877   -0.0877463   -0.0835862   -0.0784746   -0.068738   -0.0550492   -0.0451668   -0.0504065   -0.0575355   -0.0672872   -0.0756585   -0.0623417   -0.0491619   -0.0395814   -0.0316929   -0.0248289   -0.019322   -0.0139253   -0.00859523   -0.0038995   0.000460571   0.00410988   0.00737227   0.00909721   0.00824201   

555000
-10   -9   -8   -7   -6   -5   -4   -3   -2   -1   0   1   2   3   4   5   6   7   8   9   10   11   12   13   14   15   16   17   18   
-0.587115   -0.495604   -0.373496   -0.246711   -0.130713   -0.0345744   0.0600845   0.151001   0.216294   0.264293   0.334527   0.472933   0.617492   0.771948   0.917723   0.960512   1.00185   1.05968   1.12349   1.18905   1.25911   1.32549   1.38615   1.44329   1.49259   1.53436   1.55224   1.54447   1.51529   
0.0292054   0.0235797   0.0193937   0.016269   0.0137587   0.0119108   0.010684   0.0100185   0.00877494   0.00766227   0.00765848   0.00890056   0.0102912   0.0114234   0.012229   0.0127027   0.0133795   0.0142875   0.0154267   0.0168255   0.0181745   0.0199514   0.0221642   0.0246697   0.0280816   0.0325524   0.0396119   0.0501033   0.064236   
-0.0862179   -0.0853277   -0.0884449   -0.0913277   -0.0917243   -0.0879116   -0.0835827   -0.0784345   -0.0687229   -0.0550976   -0.0450316   -0.0500656   -0.0571786   -0.066895   -0.0753102   -0.0625072   -0.0492819   -0.0396899   -0.0318041   -0.0249335   -0.0193891   -0.0140178   -0.00869329   -0.00398195   0.000379133   0.00401677   0.00731246   0.00905036   0.00821019   

560000
-10   -9   -8   -7   -6   -5   -4   -3   -2   -1   0   1   2   3   4   5   6   7   8   9   10   11   12   13   14   15   16   17   18   
-0.578045   -0.494325   -0.371822   -0.245224   -0.130335   -0.0337431   0.0601747   0.150877   0.216193   0.264526   0.333693   0.47122   0.61574   0.770064   0.916103   0.961311   1.00245   1.06026   1.12415   1.18974   1.25953   1.32615   1.3869   1.44388   1.49321   1.53529   1.55278   1.54513   1.51601   
0.0287408   0.0233705   0.0192601   0.0162562   0.0136839   0.0118551   0.0106478   0.00999598   0.00876244   0.00766283   0.0076351   0.00886427   0.0102533   0.0113873   0.0121926   0.0126749   0.0133464   0.0142482   0.0153776   0.0167669   0.0181316   0.0198921   0.0220965   0.0246183   0.0280317   0.032479   0.0395666   0.0500439   0.0641636   
-0.0882484   -0.0855986   -0.0887636   -0.0915766   -0.0917971   -0.0880779   -0.0835929   -0.0783987   -0.0686882   -0.055147   -0.0448641   -0.0497212   -0.0568268   -0.0665081   -0.0749676   -0.0626681   -0.0493984   -0.0397957   -0.0319155   -0.0250404   -0.0194542   -0.0141116   -0.00879322   -0.00406094   0.000302101   0.0039283   0.00725687   0.0090046   0.0081765   

565000
-10   -9   -8   -7   -6   -5   -4   -3   -2   -1   0   1   2   3   4   5   6   7   8   9   10   11   12   13   14   15   16   17   18   
-0.586471   -0.493056   -0.370068   -0.24387   -0.129856   -0.0329051   0.060324   0.150774   0.216108   0.264644   0.332731   0.469492   0.614013   0.768206   0.914509   0.962089   1.00302   1.06083   1.12481   1.19044   1.25993   1.32682   1.38766   1.44444   1.49449   1.53617   1.55323   1.54568   1.51657   
0.0286747   0.0231653   0.0191383   0.0162873   0.0136115   0.0118011   0.0106126   0.00997468   0.00875205   0.00766081   0.00761212   0.00882866   0.010216   0.0113517   0.0121569   0.0126482   0.0133145   0.01421   0.0153293   0.0167094   0.0180904   0.0198335   0.02203   0.0245693   0.0279395   0.032411   0.0395292   0.0499943   0.064112   
-0.0865289   -0.0858667   -0.0890968   -0.0917891   -0.0918899   -0.0882452   -0.0836149   -0.0783668   -0.0686559   -0.0551711   -0.0446692   -0.0493728   -0.0564798   -0.0661267   -0.0746307   -0.0628249   -0.0495116   -0.0398994   -0.0320271   -0.0251491   -0.0195172   -0.0142065   -0.00889445   -0.00413623   0.00017279   0.00384366   0.00720496   0.00896003   0.00814055   

570000
-9   -8   -7   -6   -5   -4   -3   -2   -1   0   1   2   3   4   5   6   7   8   9   10   11   12   13   14   15   16   17   18   
-0.491796   -0.36834   -0.242119   -0.129315   -0.0320646   0.0605238   0.150688   0.216036   0.264844   0.331654   0.467757   0.612366   0.766373   0.912941   0.962843   1.00358   1.06138   1.12547   1.19115   1.26031   1.3275   1.38843   1.44497   1.49592   1.53698   1.55376   1.54614   1.517   
0.0229649   0.019026   0.0161781   0.0135411   0.0117486   0.0105784   0.00995463   0.00874378   0.00766237   0.00758982   0.00879373   0.0101765   0.0113168   0.0121218   0.0126224   0.0132838   0.014173   0.0152821   0.0166532   0.0180509   0.0197754   0.0219642   0.0245227   0.0278377   0.0323463   0.0394849   0.0499543   0.0640742   
-0.0861318   -0.0894225   -0.0921436   -0.0919947   -0.0884128   -0.0836472   -0.0783381   -0.0686255   -0.0552127   -0.0444498   -0.0490228   -0.0561475   -0.0657504   -0.0742992   -0.0629775   -0.0496209   -0.0400008   -0.0321388   -0.0252588   -0.0195781   -0.0143023   -0.00899687   -0.00420753   3.15413e-05   0.00376338   0.00715181   0.0089176   0.00810349   

575000
-10   -9   -8   -7   -6   -5   -4   -3   -2   0   1   2   3   4   5   6   7   8   9   10   11   12   13   14   15   16   17   18   
-0.585744   -0.490538   -0.366671   -0.240401   -0.128732   -0.0312246   0.0607665   0.150614   0.215972   0.330479   0.466021   0.610807   0.764567   0.911396   0.963574   1.00411   1.06191   1.12613   1.19186   1.26068   1.32818   1.3892   1.44545   1.49725   1.53773   1.5551   1.54651   1.5173   
0.02814   0.0227697   0.0189252   0.0160527   0.0134728   0.0116974   0.0105451   0.00993597   0.00873755   0.00756808   0.00875938   0.0101343   0.0112823   0.0120874   0.0125976   0.0132543   0.0141372   0.0152358   0.0165983   0.0180134   0.0197182   0.0218991   0.0244796   0.0277428   0.0322865   0.0393667   0.0499248   0.0640519   
-0.0868589   -0.0863952   -0.0897334   -0.0925001   -0.0921075   -0.0885801   -0.0836881   -0.0783114   -0.0685958   -0.0442093   -0.0486722   -0.0558308   -0.0653799   -0.073973   -0.0631259   -0.0497265   -0.0400997   -0.0322502   -0.0253691   -0.0196365   -0.0143989   -0.00909996   -0.00427425   -0.000101931   0.00368715   0.00707502   0.0088762   0.00806574   

580000
-9   -8   -7   -6   -5   -4   -3   -2   -1   0   1   2   3   4   5   6   7   8   9   10   11   12   13   14   15   16   17   18   
-0.489276   -0.365077   -0.238778   -0.12812   -0.0303854   0.0610455   0.150551   0.215921   0.2653   0.329217   0.464333   0.609265   0.762787   0.909875   0.964283   1.00462   1.06243   1.12678   1.19256   1.26102   1.32887   1.38997   1.44589   1.49853   1.53843   1.55631   1.54678   1.51865   
0.0225813   0.0188389   0.0159355   0.013406   0.0116475   0.0105126   0.00991867   0.00873357   0.00766366   0.00754699   0.00872396   0.0100928   0.0112484   0.0120536   0.0125737   0.013226   0.0141026   0.0151905   0.0165444   0.0179777   0.019661   0.0218349   0.0244393   0.0276523   0.0322321   0.039262   0.0499012   0.0639044   
-0.0866579   -0.0900251   -0.0928354   -0.0922258   -0.0887472   -0.0837364   -0.0782865   -0.0685679   -0.0553067   -0.0439503   -0.0483304   -0.0555179   -0.0650146   -0.0736519   -0.0632701   -0.0498281   -0.0401959   -0.0323611   -0.0254799   -0.0196923   -0.0144964   -0.00920343   -0.00433621   -0.000231004   0.00361416   0.00700221   0.00883755   0.00804703   

585000
-10   -9   -8   -7   -6   -5   -4   -3   -2   -1   0   2   3   4   5   6   7   8   9   10   11   12   13   14   15   16   18   
-0.584896   -0.48801   -0.36353   -0.23724   -0.127488   -0.0306053   0.0613608   0.150492   0.215801   0.26565   0.327878   0.607742   0.761034   0.908377   0.964967   1.0051   1.06293   1.12742   1.19327   1.26134   1.32956   1.39075   1.44675   1.49975   1.53936   1.55739   1.51998   
0.0276131   0.0224   0.0187713   0.0158255   0.0133409   0.0116084   0.0104809   0.00990236   0.00872721   0.00765915   0.00752662   0.010052   0.0112149   0.0120204   0.0125509   0.013199   0.0140691   0.0151463   0.0164915   0.0179446   0.0196046   0.0217715   0.0243759   0.0275651   0.0321595   0.0391679   0.063758   
-0.0872064   -0.0869201   -0.090303   -0.0931518   -0.0923478   -0.0886888   -0.0837923   -0.0782628   -0.068528   -0.0553784   -0.0436748   -0.0552087   -0.0646549   -0.0733358   -0.0634098   -0.0499255   -0.0402892   -0.0324709   -0.0255911   -0.0197445   -0.0145944   -0.00930696   -0.0044401   -0.000355375   0.00352922   0.00693349   0.00802899   

590000
-9   -8   -7   -6   -5   -4   -3   -2   -1   0   1   2   3   4   5   6   7   8   9   10   11   12   13   14   15   16   17   18   
-0.486744   -0.362029   -0.235778   -0.126842   -0.0312221   0.0617053   0.150366   0.215634   0.26605   0.326777   0.461165   0.606237   0.759308   0.906901   0.965627   1.00556   1.06341   1.12805   1.19398   1.26164   1.33025   1.39152   1.4479   1.50092   1.54078   1.55833   1.54774   1.52111   
0.022226   0.0187293   0.0157216   0.0132771   0.011574   0.0104501   0.00988195   0.00871961   0.00765751   0.00750821   0.00864812   0.0100119   0.0111819   0.0119878   0.012529   0.0131732   0.0140368   0.0151033   0.0164396   0.017914   0.0195489   0.0217091   0.0242966   0.0274811   0.0320504   0.0390854   0.0498145   0.0636326   
-0.0871812   -0.0905662   -0.0934515   -0.0924721   -0.0885452   -0.0838543   -0.0782292   -0.0684797   -0.0554604   -0.0434498   -0.0476856   -0.0549033   -0.0643009   -0.0730243   -0.0635449   -0.0500182   -0.0403796   -0.0325784   -0.0257026   -0.0197932   -0.0146926   -0.00941046   -0.0045734   -0.000475349   0.00341712   0.00687003   0.00875896   0.00800807   

595000
-9   -8   -7   -6   -5   -4   -3   -2   -1   0   1   2   3   4   5   6   7   8   9   10   11   12   13   14   15   16   17   18   
-0.485491   -0.360603   -0.234384   -0.126189   -0.0316556   0.0620758   0.150248   0.215484   0.26632   0.326287   0.459595   0.604752   0.757611   0.905446   0.966261   1.00599   1.06387   1.12865   1.19468   1.26191   1.33094   1.3923   1.44901   1.50204   1.5421   1.55917   1.54904   1.52209   
0.0220596   0.0187233   0.0156228   0.0132146   0.0115394   0.0104202   0.00986268   0.00871413   0.00765327   0.00749168   0.00861126   0.00997243   0.0111495   0.0119558   0.0125082   0.013149   0.0140057   0.0150621   0.0163887   0.0178856   0.0194941   0.0216474   0.0242194   0.0274002   0.0319481   0.0390132   0.0496852   0.0635285   
-0.0874387   -0.0908066   -0.093736   -0.0925979   -0.0884397   -0.0839216   -0.0781968   -0.0684343   -0.0555144   -0.0433543   -0.0473659   -0.054602   -0.0639526   -0.0727174   -0.063675   -0.0501059   -0.0404669   -0.0326818   -0.0258141   -0.0198384   -0.0147907   -0.00951419   -0.00470358   -0.000591406   0.00331075   0.00681003   0.00871601   0.00798463   

600000
-9   -8   -7   -5   -4   -3   -2   -1   0   1   2   3   4   5   6   7   8   9   10   11   12   13   14   15   16   17   18   
-0.484165   -0.359293   -0.233051   -0.0319431   0.0624714   0.150146   0.215357   0.266591   0.325953   0.45804   0.603288   0.755942   0.904011   0.966866   1.0064   1.06431   1.12923   1.19538   1.26215   1.33162   1.39307   1.4501   1.50312   1.54334   1.55991   1.55019   1.52292   
0.0219066   0.0187756   0.0155285   0.0115049   0.0103911   0.00984463   0.00871068   0.00765022   0.00747051   0.00857506   0.00993359   0.0111174   0.0119243   0.0124884   0.0131261   0.0139759   0.0150221   0.0163387   0.0178597   0.0194404   0.0215862   0.0241441   0.0273223   0.0318523   0.0389507   0.0495712   0.0634422   
-0.0877075   -0.091012   -0.0940069   -0.0883645   -0.0839943   -0.0781675   -0.0683928   -0.0555681   -0.0432902   -0.0470494   -0.054305   -0.0636103   -0.0724149   -0.0637998   -0.0501882   -0.0405509   -0.0327828   -0.0259254   -0.0198806   -0.0148877   -0.0096175   -0.00483096   -0.000703953   0.00320884   0.00675311   0.0086747   0.00795912   

605000
-10   -9   -8   -7   -6   -5   -4   -3   -2   -1   0   1   2   4   5   6   7   8   9   10   11   12   13   14   15   16   17   18   
-0.582795   -0.482729   -0.35774   -0.231772   -0.12486   -0.032111   0.0628882   0.15005   0.215252   0.266915   0.32552   0.456473   0.601845   0.902595   0.96744   1.00676   1.06474   1.1298   1.19608   1.26238   1.33228   1.39383   1.45116   1.50416   1.54451   1.56055   1.55121   1.52362   
0.0266101   0.0217675   0.0187655   0.0154379   0.013093   0.0114711   0.0103629   0.00982753   0.00870947   0.00765025   0.00745   0.00853945   0.00989539   0.0118934   0.0124698   0.0131047   0.0139473   0.0149832   0.0162897   0.0178361   0.0193883   0.0215263   0.0240703   0.0272473   0.0317623   0.0388945   0.0494708   0.0633712   
-0.0879483   -0.0879926   -0.091293   -0.0942658   -0.0928531   -0.0883138   -0.0840714   -0.0781393   -0.0683552   -0.0556331   -0.0432054   -0.0467301   -0.0540123   -0.0721167   -0.0639187   -0.0502645   -0.0406312   -0.0328819   -0.0260366   -0.0199196   -0.0149825   -0.00972063   -0.00495563   -0.000813149   0.00311103   0.00670053   0.00863446   0.00793192   

610000
-9   -7   -6   -5   -4   -3   -2   -1   0   1   2   3   4   5   6   7   8   9   10   11   12   13   14   15   16   17   18   
-0.481292   -0.230542   -0.124184   -0.0321763   0.0629845   0.149961   0.215204   0.267192   0.324999   0.454892   0.600422   0.752721   0.901199   0.967967   1.00708   1.06513   1.13036   1.19678   1.26258   1.33293   1.3946   1.45219   1.50517   1.54562   1.5611   1.55214   1.52415   
0.021637   0.0153506   0.0130338   0.0114383   0.0103368   0.00981137   0.00870732   0.00765038   0.00743017   0.00850445   0.00985779   0.011053   0.011863   0.0124528   0.0130857   0.0139201   0.0149453   0.0162415   0.0178151   0.0193377   0.0214671   0.0239986   0.0271749   0.0316762   0.0388474   0.0493799   0.0633138   
-0.0882764   -0.094514   -0.092983   -0.088284   -0.0840813   -0.0781126   -0.0683296   -0.0556878   -0.043102   -0.0464071   -0.0537237   -0.0629479   -0.0718226   -0.0640285   -0.0503318   -0.0407078   -0.0329792   -0.0261477   -0.0199559   -0.0150753   -0.0098234   -0.00507817   -0.000919005   0.00301737   0.00665128   0.00859542   0.00790391   

615000
-10   -9   -8   -7   -6   -5   -4   -3   -2   -1   0   1   2   3   4   6   7   8   9   10   11   12   13   14   15   16   17   18   
-0.581622   -0.479857   -0.354037   -0.229354   -0.123499   -0.0321475   0.0628378   0.149833   0.215119   0.267403   0.324403   0.453429   0.599019   0.751239   0.899818   1.00736   1.06551   1.13091   1.19747   1.26277   1.33356   1.39535   1.45321   1.50613   1.54666   1.56156   1.55299   1.52455   
0.0261386   0.0215162   0.0184688   0.0152662   0.0129752   0.0114071   0.0103124   0.00979317   0.00869565   0.00764973   0.0074111   0.00847089   0.00982076   0.0110164   0.0118334   0.0130685   0.0138943   0.0149084   0.0161941   0.0177964   0.0192881   0.0214087   0.0239284   0.0271048   0.0315959   0.0388076   0.0492958   0.0632772   
-0.0883285   -0.0885578   -0.092068   -0.0947529   -0.0931151   -0.0882732   -0.0840399   -0.0780787   -0.0683011   -0.0557283   -0.0429832   -0.0461098   -0.0534392   -0.0626391   -0.0715321   -0.0503915   -0.0407801   -0.0330746   -0.0262584   -0.0199897   -0.0151671   -0.00992559   -0.00519844   -0.0010216   0.00292715   0.00660598   0.00855734   0.00787346   

620000
-10   -9   -8   -7   -6   -5   -4   -3   -2   -1   0   1   2   3   4   5   7   8   9   10   11   12   13   14   15   16   17   18   
-0.581024   -0.478425   -0.352294   -0.228203   -0.122804   -0.0320272   0.0627498   0.149689   0.215048   0.267661   0.323735   0.453426   0.597636   0.749781   0.898456   0.969437   1.06585   1.13144   1.19816   1.26295   1.33419   1.3961   1.4542   1.50707   1.54764   1.56195   1.55377   1.52484   
0.0259106   0.0214064   0.0183358   0.015184   0.0129171   0.0113778   0.010289   0.00977445   0.00868606   0.00765174   0.00739277   0.008447   0.00978435   0.0109805   0.0118043   0.0124104   0.0138699   0.0148726   0.0161474   0.0177799   0.0192392   0.0213512   0.0238592   0.0270373   0.0315196   0.0387755   0.0492209   0.0632556   
-0.0885178   -0.0888363   -0.0924319   -0.0949837   -0.0932502   -0.0882806   -0.0840104   -0.0780416   -0.0682747   -0.0557783   -0.0428492   -0.046131   -0.0531589   -0.0623355   -0.0712454   -0.0643256   -0.040848   -0.0331678   -0.0263689   -0.0200217   -0.0152579   -0.0100271   -0.00531596   -0.0011211   0.00284106   0.00656355   0.00851988   0.00784146   

625000
-9   -8   -7   -6   -5   -4   -3   -2   -1   0   1   3   4   5   6   7   8   9   10   11   12   13   14   15   16   17   18   
-0.476996   -0.350611   -0.227083   -0.122087   -0.0318158   0.0627134   0.149548   0.214987   0.26793   0.323006   0.452933   0.748349   0.89711   0.970698   1.00814   1.06616   1.13195   1.19885   1.26365   1.33481   1.39684   1.45517   1.50796   1.54856   1.56228   1.55447   1.52506   
0.02131   0.0182108   0.0151038   0.01286   0.0113511   0.0102665   0.00975676   0.00867846   0.0076556   0.00737524   0.00842092   0.0109451   0.0117757   0.0123777   0.0130282   0.0138478   0.0148377   0.0161014   0.0177283   0.0191916   0.021295   0.0237928   0.0269723   0.0314487   0.0387483   0.049154   0.06324   
-0.0891111   -0.0927824   -0.0952078   -0.0933898   -0.088306   -0.0839913   -0.0780048   -0.0682494   -0.0558304   -0.0427025   -0.0460451   -0.0620371   -0.0709625   -0.0645722   -0.050552   -0.0409089   -0.0332588   -0.0264792   -0.0201261   -0.0153476   -0.0101272   -0.00543156   -0.0012176   0.00275917   0.00652395   0.00848359   0.00780934   

630000
-9   -8   -7   -6   -5   -4   -3   -2   -1   0   1   2   3   4   5   6   7   8   9   10   11   12   13   14   15   17   18   
-0.475557   -0.348979   -0.225988   -0.121362   -0.0315035   0.0627274   0.149411   0.21494   0.268057   0.322214   0.452183   0.596333   0.746941   0.895781   0.971932   1.00915   1.06643   1.13245   1.19953   1.26444   1.33542   1.39756   1.4561   1.50882   1.54942   1.55509   1.52658   
0.0212304   0.0180925   0.0150255   0.0128043   0.0113278   0.0102455   0.00974017   0.00867306   0.00765598   0.00735874   0.00839423   0.00971825   0.0109103   0.0117476   0.012346   0.0129886   0.0138274   0.014804   0.0160561   0.0176719   0.0191447   0.0212404   0.0237277   0.0269096   0.0313825   0.0490924   0.0630695   
-0.0893836   -0.0931215   -0.0954264   -0.0935308   -0.0883512   -0.0839822   -0.0779683   -0.0682259   -0.0558526   -0.0425424   -0.0459033   -0.0529161   -0.0617439   -0.0706832   -0.0648139   -0.0507431   -0.0409639   -0.0333475   -0.0265891   -0.0202424   -0.0154361   -0.0102249   -0.00554307   -0.00131102   0.00268108   0.00844936   0.00779947   

635000
-10   -9   -8   -7   -6   -5   -4   -3   -2   -1   0   1   2   3   4   5   6   7   8   9   10   11   12   13   14   15   16   17   18   
-0.579102   -0.474103   -0.347394   -0.22491   -0.120633   -0.0310806   0.0627927   0.149276   0.214914   0.26824   0.321606   0.451263   0.595911   0.745655   0.894468   0.973142   1.01014   1.06667   1.13294   1.20021   1.26522   1.33602   1.39824   1.45698   1.50964   1.55022   1.56355   1.55564   1.52786   
0.0252597   0.0211724   0.0179798   0.0149486   0.0127501   0.0113086   0.0102262   0.00972469   0.00867026   0.00765921   0.00734322   0.00836717   0.00968705   0.0108757   0.01172   0.0123152   0.0129502   0.0138089   0.0147713   0.0160115   0.0176165   0.0190992   0.0211884   0.0236659   0.0268499   0.0313201   0.0386367   0.0490383   0.0629251   
-0.0890952   -0.0896534   -0.0934504   -0.0956414   -0.0936721   -0.0884179   -0.0839831   -0.0779321   -0.0682057   -0.0558864   -0.0424208   -0.045724   -0.0528446   -0.0614769   -0.0704074   -0.0650512   -0.0509305   -0.0410133   -0.0334337   -0.0266988   -0.0203592   -0.0155231   -0.0103182   -0.00565017   -0.00140054   0.00260662   0.00642579   0.00841586   0.00778635   

640000
-10   -9   -8   -7   -6   -5   -4   -3   -2   -1   0   1   2   3   4   5   6   7   8   9   10   11   12   13   14   15   16   17   18   
-0.578414   -0.472627   -0.345848   -0.223851   -0.1199   -0.0305321   0.0629157   0.149142   0.21482   0.268472   0.321226   0.450211   0.595216   0.745061   0.893171   0.974329   1.01111   1.06688   1.13341   1.20088   1.26601   1.33661   1.39887   1.45783   1.51042   1.55096   1.56449   1.55614   1.52897   
0.0250538   0.0211453   0.0178719   0.0148733   0.0126973   0.0112947   0.0102094   0.00971018   0.00866485   0.00766537   0.00732853   0.00833997   0.00965552   0.0108391   0.0116928   0.0122854   0.012913   0.0137922   0.0147397   0.0159676   0.017562   0.0190546   0.0211394   0.023606   0.026793   0.0312624   0.0385552   0.0489932   0.0628019   
-0.0892916   -0.0899191   -0.0937705   -0.0958524   -0.0938139   -0.088509   -0.0839952   -0.0778956   -0.0681733   -0.0559301   -0.0423469   -0.0455157   -0.0527136   -0.0613596   -0.0701351   -0.0652844   -0.0511144   -0.0410569   -0.0335172   -0.0268079   -0.0204761   -0.0156087   -0.0104062   -0.0057537   -0.00148644   0.00253565   0.00636692   0.00838261   0.00777106   

645000
-10   -8   -7   -6   -5   -4   -3   -2   0   1   2   3   4   5   6   8   9   10   11   12   13   14   15   16   17   18   
-0.577697   -0.344337   -0.22282   -0.119162   -0.0298455   0.063096   0.149007   0.214694   0.320781   0.449044   0.594407   0.744313   0.891889   0.975494   1.01206   1.13386   1.20155   1.2668   1.33718   1.39948   1.45865   1.51116   1.55166   1.56534   1.55658   1.52992   
0.0248534   0.017768   0.0147994   0.0126463   0.0112873   0.0101955   0.00969672   0.00865895   0.00731453   0.00831273   0.00962415   0.0108041   0.0116661   0.0122564   0.0128768   0.0147092   0.0159244   0.0175084   0.0190111   0.0210922   0.0235481   0.0267387   0.0312087   0.0384821   0.0489537   0.0626983   
-0.0894908   -0.0940826   -0.0960573   -0.0939562   -0.0886266   -0.0840182   -0.0778588   -0.0681353   -0.0422598   -0.0452818   -0.0525577   -0.0612089   -0.069866   -0.0655137   -0.0512951   -0.0335982   -0.0269165   -0.020593   -0.0156927   -0.0104908   -0.005854   -0.00156909   0.00246824   0.00631136   0.00835025   0.00775324   

650000
-10   -8   -7   -6   -5   -4   -3   -2   -1   0   1   2   3   4   5   6   8   9   10   11   12   13   14   15   16   17   18   
-0.57696   -0.342856   -0.221818   -0.118417   -0.0292164   0.0633352   0.148874   0.214582   0.268786   0.320285   0.447802   0.593536   0.743485   0.890622   0.976636   1.01299   1.13429   1.20221   1.26758   1.33774   1.40006   1.45944   1.51187   1.5523   1.5661   1.55696   1.53073   
0.0246584   0.0176675   0.0147269   0.0125971   0.0112753   0.0101844   0.0096844   0.00865508   0.00767117   0.00730135   0.00828567   0.00959318   0.01077   0.0116399   0.0122282   0.0128416   0.0146798   0.015882   0.0174557   0.0189686   0.0210474   0.0234921   0.0266866   0.0311581   0.0384148   0.0489163   0.0626122   
-0.0896914   -0.094388   -0.0962562   -0.0940996   -0.0887373   -0.0840528   -0.0778222   -0.068099   -0.0559858   -0.0421621   -0.0450312   -0.052388   -0.061041   -0.0696001   -0.0657386   -0.0514728   -0.0336762   -0.027024   -0.0207098   -0.015775   -0.0105718   -0.00595129   -0.00164838   0.00240484   0.0062598   0.00831957   0.0077334   

655000
-10   -9   -8   -7   -6   -5   -4   -3   -2   -1   0   1   2   3   4   5   6   7   8   9   10   11   12   13   14   15   16   17   18   
-0.576202   -0.467664   -0.341407   -0.220841   -0.118486   -0.0290759   0.0636297   0.148751   0.214494   0.269156   0.319748   0.446502   0.592629   0.742609   0.889371   0.977751   1.01391   1.06807   1.13471   1.20286   1.26836   1.33829   1.4006   1.46021   1.51254   1.55287   1.56678   1.55729   1.53142   
0.0244687   0.021235   0.0175697   0.0146557   0.0125599   0.0112289   0.0101763   0.00967346   0.00865351   0.00767074   0.00728915   0.00825892   0.00956259   0.0107367   0.011614   0.012201   0.0128074   0.0137219   0.0146515   0.0158405   0.0174038   0.0189274   0.0210043   0.0234385   0.0266371   0.0311131   0.0383552   0.0488865   0.0625365   
-0.0898939   -0.0907794   -0.0946864   -0.0964496   -0.094068   -0.088769   -0.0840982   -0.0777874   -0.0680667   -0.0560575   -0.0420567   -0.0447676   -0.0522105   -0.0608629   -0.0693376   -0.0659587   -0.0516477   -0.0412857   -0.0337512   -0.0271299   -0.0208263   -0.0158556   -0.0106488   -0.00604588   -0.00172436   0.00234575   0.00621084   0.0082894   0.0077126   

660000
-10   -9   -8   -7   -6   -5   -4   -3   -2   -1   0   1   2   3   4   5   6   7   8   9   10   11   12   13   14   15   16   17   18   
-0.575421   -0.465755   -0.339992   -0.21989   -0.119447   -0.0288936   0.0636804   0.148581   0.214432   0.269477   0.319175   0.44515   0.5917   0.741704   0.888133   0.978837   1.01481   1.06894   1.1351   1.20349   1.26913   1.33882   1.40111   1.46094   1.51317   1.55339   1.56739   1.55754   1.53201   
0.0242841   0.0210649   0.0174745   0.0145857   0.0125365   0.0111845   0.0101517   0.00966028   0.00865475   0.00767005   0.00727785   0.00823264   0.00953248   0.0107041   0.0115886   0.0121747   0.012774   0.0136807   0.0146245   0.0158002   0.0173528   0.0188873   0.020964   0.0233864   0.0265902   0.0310729   0.0383022   0.0488665   0.0624775   
-0.0900985   -0.0911877   -0.0949774   -0.0966376   -0.0938436   -0.0888085   -0.0841039   -0.0777452   -0.0680385   -0.056119   -0.0419439   -0.0444924   -0.052028   -0.0606784   -0.0690781   -0.0661732   -0.0518198   -0.0414423   -0.033823   -0.0272331   -0.0209425   -0.0159342   -0.0107216   -0.00613737   -0.00179688   0.00229034   0.00616481   0.00825995   0.00768973   

665000
-8   -7   -6   -5   -4   -3   -2   -1   0   1   2   3   4   5   6   7   8   9   10   11   12   13   14   15   16   17   18   
-0.338609   -0.218962   -0.120073   -0.0286743   0.0637071   0.148376   0.214304   0.26972   0.318568   0.443751   0.590759   0.740785   0.88691   0.979896   1.01569   1.0698   1.13547   1.2041   1.2699   1.33933   1.40159   1.46165   1.51413   1.55445   1.56792   1.55778   1.53249   
0.0173814   0.0145169   0.0125131   0.0111419   0.0101251   0.0096455   0.00865314   0.00766806   0.0072674   0.00820663   0.00950296   0.0106722   0.0115636   0.0121492   0.0127414   0.0136405   0.0145993   0.0157613   0.0173026   0.0188488   0.0209259   0.0233361   0.0265229   0.0309907   0.0382563   0.048847   0.0624272   
-0.0952613   -0.0968204   -0.0936891   -0.0888549   -0.0841061   -0.077697   -0.0679989   -0.0561639   -0.0418244   -0.0442064   -0.0518427   -0.0604905   -0.0688217   -0.066383   -0.0519891   -0.0415968   -0.0338895   -0.027333   -0.0210582   -0.0160098   -0.0107898   -0.00622569   -0.00189644   0.00220299   0.00612242   0.0082312   0.00766643   

670000
-10   -8   -7   -6   -5   -4   -3   -2   -1   0   1   2   3   4   5   6   7   8   9   10   11   12   13   14   15   16   17   18   
-0.573825   -0.337257   -0.218058   -0.120457   -0.0284228   0.0637571   0.148171   0.214162   0.269999   0.317931   0.442304   0.589811   0.739864   0.885702   0.98094   1.01656   1.07064   1.1358   1.2047   1.27067   1.33982   1.40202   1.46232   1.51534   1.55551   1.56838   1.55882   1.5329   
0.023932   0.0172904   0.0144493   0.0124918   0.0111008   0.0100996   0.00963166   0.00865172   0.00766851   0.00725781   0.00818089   0.00947406   0.0106409   0.011539   0.0121243   0.0127097   0.0136013   0.0145754   0.0157232   0.0172531   0.0188118   0.0208905   0.0232879   0.0264392   0.030909   0.0382166   0.0487406   0.0623864   
-0.0905066   -0.0955385   -0.0969983   -0.0935841   -0.0889073   -0.0841128   -0.0776488   -0.067957   -0.0562162   -0.0416985   -0.0439093   -0.0516557   -0.0603024   -0.0685684   -0.0665899   -0.0521557   -0.0417491   -0.033952   -0.0274313   -0.0211735   -0.0160828   -0.010853   -0.00631079   -0.00201691   0.00211533   0.00608279   0.0081981   0.00764206   

675000
-10   -8   -7   -6   -5   -4   -3   1   2   3   4   5   6   7   8   9   10   11   12   13   15   16   17   18   
-0.572835   -0.335936   -0.217177   -0.120644   -0.0281422   0.0638282   0.147967   0.440807   0.588862   0.738936   0.884507   0.981968   1.0174   1.07147   1.13612   1.20529   1.27143   1.3403   1.40241   1.46296   1.55651   1.56877   1.55987   1.5332   
0.0237735   0.0172011   0.0143829   0.0124743   0.0110611   0.0100751   0.00961863   0.00815534   0.00944565   0.0106101   0.0115147   0.0121001   0.0126788   0.013563   0.0145531   0.0156859   0.0172044   0.018776   0.0208582   0.0232419   0.0308321   0.038182   0.0486352   0.0623612   
-0.0907374   -0.0958091   -0.0971711   -0.0935185   -0.0889651   -0.0841235   -0.0776005   -0.0436008   -0.0514684   -0.0601124   -0.068318   -0.066794   -0.0523192   -0.0418993   -0.03401   -0.0275282   -0.0212883   -0.0161533   -0.0109113   -0.00639251   0.00203204   0.00604592   0.00816389   0.00761646   

680000
-10   -9   -8   -7   -6   -5   -4   -3   -2   -1   0   2   3   4   5   6   7   8   9   10   11   12   13   14   15   16   17   18   
-0.571853   -0.458333   -0.334648   -0.216319   -0.120661   -0.0278361   0.0639158   0.147764   0.213984   0.270509   0.317435   0.587915   0.738003   0.883325   0.982976   1.01823   1.07228   1.1364   1.20587   1.27219   1.34075   1.40275   1.46357   1.51762   1.55744   1.56912   1.5608   1.53374   
0.0236191   0.0204762   0.0171135   0.0143178   0.0124622   0.0110226   0.0100518   0.00960593   0.00865406   0.00767146   0.00722972   0.00941779   0.0105798   0.0114908   0.0120765   0.0126489   0.0135257   0.0145322   0.0156494   0.0171565   0.0187418   0.0208279   0.0231981   0.0262821   0.0307607   0.0381522   0.048542   0.0623024   
-0.0909658   -0.0927742   -0.0960725   -0.0973392   -0.0934863   -0.0890277   -0.0841375   -0.0775527   -0.0678917   -0.0563099   -0.0416058   -0.0512812   -0.0599216   -0.0680705   -0.0669943   -0.0524787   -0.0420473   -0.0340636   -0.0276236   -0.0214025   -0.0162211   -0.0109633   -0.00647007   -0.00224645   0.00195219   0.00601107   0.00813109   0.00759574   

685000
-9   -8   -7   -6   -5   -4   -3   -2   -1   0   1   2   3   4   5   6   7   8   9   10   11   12   13   14   15   16   17   18   
-0.456482   -0.333392   -0.215481   -0.12052   -0.0275075   0.0640183   0.147604   0.214054   0.27072   0.317284   0.43778   0.586972   0.73707   0.882158   0.983967   1.01903   1.07308   1.13666   1.20643   1.27294   1.34118   1.40348   1.46414   1.5187   1.55831   1.56941   1.56161   1.53516   
0.0203455   0.0170272   0.014254   0.0124573   0.0109853   0.0100293   0.00958943   0.00865191   0.00767325   0.00721617   0.00810095   0.00939037   0.01055   0.0114673   0.0120536   0.01262   0.0134893   0.0145129   0.0156138   0.017109   0.0187091   0.0207788   0.0231568   0.0262078   0.030694   0.0381266   0.0484615   0.0621437   
-0.0931692   -0.0963291   -0.0975029   -0.0934843   -0.0890946   -0.0841545   -0.077515   -0.0678926   -0.0563473   -0.0415793   -0.042971   -0.0510948   -0.0597304   -0.0678259   -0.0671915   -0.052634   -0.0421928   -0.0341124   -0.0277174   -0.0215163   -0.0162862   -0.0110608   -0.00654386   -0.00235601   0.00187627   0.00597846   0.00809925   0.00758731   

690000
-8   -7   -6   -5   -4   -3   -2   -1   0   1   2   3   4   5   6   7   8   9   10   11   12   13   14   15   16   17   18   
-0.332166   -0.214654   -0.120225   -0.0271591   0.0640118   0.147441   0.21404   0.270961   0.3171   0.436732   0.586034   0.736135   0.881003   0.984943   1.01981   1.07387   1.13688   1.20699   1.27369   1.34159   1.4045   1.46467   1.51974   1.55912   1.56964   1.56233   1.53637   
0.0169422   0.014191   0.0124619   0.0109491   0.0100073   0.00957372   0.00864606   0.00767735   0.00720362   0.00807449   0.00936344   0.0105208   0.0114442   0.0120313   0.0125921   0.0134538   0.0144951   0.0155788   0.0170623   0.0186776   0.0207145   0.0231174   0.0261359   0.0306317   0.0381072   0.0483886   0.0620101   
-0.0965792   -0.0976649   -0.0935112   -0.0891653   -0.0841489   -0.0774765   -0.0678791   -0.0563905   -0.0415465   -0.042755   -0.0509091   -0.0595388   -0.0675842   -0.0673859   -0.0527845   -0.0423364   -0.0341564   -0.0278096   -0.0216294   -0.0163482   -0.0111933   -0.00661364   -0.00246254   0.00180462   0.00594889   0.00806903   0.00757566   

695000
-9   -8   -7   -6   -5   -4   -3   -2   -1   0   1   2   3   4   5   6   7   8   9   10   11   12   13   14   15   16   17   18   
-0.452725   -0.330969   -0.21384   -0.119778   -0.026799   0.0638467   0.147275   0.214045   0.271159   0.316885   0.436484   0.585104   0.735199   0.879858   0.985904   1.02057   1.07464   1.13708   1.20753   1.27443   1.34198   1.40549   1.46517   1.52075   1.55988   1.5698   1.56296   1.5374   
0.0200975   0.0168584   0.0141289   0.0124782   0.0109136   0.00998518   0.00955878   0.00864243   0.00768103   0.00719194   0.00805306   0.0093369   0.010492   0.0114217   0.0120095   0.012565   0.013419   0.014479   0.0155447   0.0170163   0.0186478   0.0206519   0.0230805   0.0260665   0.0305735   0.0380937   0.0483272   0.0618942   
-0.0939701   -0.0968233   -0.0978249   -0.0935658   -0.0892385   -0.0841103   -0.0774368   -0.0678683   -0.0564249   -0.0415078   -0.0427138   -0.050725   -0.0593468   -0.0673446   -0.0675775   -0.0529323   -0.0424779   -0.0341955   -0.0279002   -0.021742   -0.0164072   -0.0113218   -0.00667946   -0.00256619   0.0017362   0.00592234   0.00803962   0.00756201   

700000
-9   -8   -7   -6   -5   -4   -3   -2   -1   0   1   2   3   4   5   6   7   8   9   10   11   12   13   14   15   16   17   18   
-0.438943   -0.329801   -0.213041   -0.119483   -0.0264283   0.0637054   0.147104   0.214071   0.271294   0.316646   0.435949   0.584182   0.734264   0.878724   0.986849   1.02131   1.0754   1.13725   1.20807   1.27517   1.34234   1.40644   1.46563   1.52172   1.56058   1.57046   1.56351   1.5383   
0.019849   0.0167757   0.0140683   0.0124731   0.0108787   0.00996375   0.00954462   0.00864112   0.00768362   0.00718114   0.00803066   0.00931084   0.0104635   0.0113996   0.0119882   0.0125384   0.0133849   0.0144644   0.0155112   0.0169708   0.0186195   0.0205916   0.0230458   0.0259993   0.0305187   0.038035   0.0482739   0.0617962   
-0.0968924   -0.0970612   -0.0979813   -0.093604   -0.0893139   -0.0840764   -0.0773959   -0.0678604   -0.0564463   -0.0414645   -0.0426097   -0.0505424   -0.0591552   -0.0671076   -0.0677663   -0.0530777   -0.0426176   -0.0342301   -0.0279892   -0.0218541   -0.0164629   -0.0114467   -0.00674119   -0.00266708   0.00167109   0.00587807   0.00801098   0.00754624   

705000
-10   -9   -8   -7   -6   -5   -4   -3   -2   -1   0   1   2   3   4   5   6   7   8   9   10   11   12   13   14   15   16   17   18   
-0.566756   -0.448836   -0.328661   -0.212256   -0.119592   -0.026045   0.063584   0.146927   0.21413   0.271459   0.316381   0.435209   0.583271   0.733332   0.877602   0.98778   1.02205   1.07616   1.13739   1.20859   1.2759   1.34269   1.40737   1.46633   1.52266   1.56124   1.5713   1.56399   1.53909   
0.0229183   0.0198618   0.0166941   0.0140093   0.0124165   0.0108445   0.00994295   0.0095312   0.00864297   0.00768854   0.00717129   0.00800783   0.00928513   0.0104355   0.0113779   0.0119675   0.0125125   0.0133516   0.0144513   0.0154787   0.0169261   0.0185931   0.0205333   0.0229983   0.0259346   0.0304675   0.0379612   0.0482273   0.0617079   
-0.0921211   -0.0947981   -0.097293   -0.0981348   -0.0935883   -0.0893918   -0.0840463   -0.0773536   -0.0678577   -0.0564733   -0.0414159   -0.0424611   -0.0503621   -0.0589641   -0.0668732   -0.0679524   -0.0532207   -0.0427555   -0.0342602   -0.0280763   -0.0219655   -0.0165153   -0.0115683   -0.00682694   -0.00276544   0.00160912   0.00582729   0.00798339   0.00752947   

710000
-10   -9   -8   -7   -6   -5   -4   -3   -2   -1   0   1   3   5   6   7   9   10   11   12   13   14   15   16   17   18   
-0.565686   -0.438796   -0.327549   -0.21148   -0.119655   -0.0256495   0.0634784   0.146749   0.214124   0.271655   0.316092   0.434312   0.732401   0.988695   1.02277   1.0769   1.20909   1.27662   1.343   1.40827   1.46753   1.52357   1.56186   1.57206   1.5644   1.53979   
0.0227935   0.0196505   0.0166134   0.013952   0.0123626   0.0108112   0.00992272   0.00951858   0.00864211   0.00769569   0.0071624   0.00798467   0.0104081   0.0119473   0.0124872   0.0133188   0.015447   0.0168817   0.0185679   0.0204765   0.0229225   0.0258714   0.0304199   0.0378944   0.0481877   0.0616345   
-0.0923569   -0.0969284   -0.0975191   -0.0982856   -0.0935809   -0.0894721   -0.0840193   -0.0773109   -0.0678437   -0.0565064   -0.041363   -0.0422777   -0.0587732   -0.0681356   -0.0533615   -0.0428917   -0.0281614   -0.0220765   -0.0165641   -0.0116868   -0.0069657   -0.00286104   0.00155015   0.00577935   0.00795675   0.00751167   

715000
-10   -9   -8   -7   -6   -5   -4   -3   -2   -1   0   1   2   3   5   6   7   8   9   10   11   12   13   14   15   16   17   18   
-0.564593   -0.43512   -0.326463   -0.210713   -0.11968   -0.0252433   0.0633883   0.146567   0.214123   0.27172   0.315784   0.433282   0.581556   0.731473   0.989596   1.02347   1.07762   1.13841   1.20959   1.27735   1.34329   1.40915   1.46869   1.52445   1.56242   1.57276   1.56475   1.5404   
0.0226751   0.0195138   0.0165337   0.0138967   0.012311   0.0107786   0.00990302   0.00950686   0.00864237   0.00769908   0.00715447   0.00796128   0.00923163   0.0103811   0.0119277   0.0124625   0.0132868   0.014395   0.015416   0.016838   0.0185447   0.0204211   0.02285   0.0258105   0.030376   0.037833   0.0481545   0.0615733   
-0.0925951   -0.0977087   -0.0977396   -0.0984345   -0.0935807   -0.0895544   -0.0839953   -0.0772672   -0.0678303   -0.0565129   -0.041306   -0.042065   -0.0500207   -0.058583   -0.068316   -0.0535001   -0.0430261   -0.0344393   -0.0282449   -0.0221869   -0.0166092   -0.0118025   -0.00709923   -0.00295422   0.00149441   0.00573419   0.00793092   0.00749274   

720000
-10   -9   -8   -7   -6   -5   -4   -3   -2   -1   0   1   2   3   4   5   6   7   8   9   10   11   12   13   14   15   16   17   18   
-0.550908   -0.442404   -0.325404   -0.209948   -0.119668   -0.0249283   0.0633105   0.14638   0.214138   0.271815   0.315572   0.432135   0.580781   0.730548   0.874403   0.990481   1.02417   1.07834   1.13922   1.21007   1.27806   1.34355   1.41   1.46979   1.52531   1.56294   1.57338   1.56557   1.54091   
0.0223634   0.0195183   0.0164549   0.0138439   0.0122615   0.0107475   0.00988389   0.00949591   0.00864471   0.00770461   0.00714549   0.00793778   0.00920247   0.0103545   0.0113088   0.0119085   0.0124383   0.0132553   0.0143541   0.0153858   0.0167949   0.0185235   0.0203671   0.0227808   0.0257518   0.0303362   0.0377779   0.0480715   0.0615187   
-0.0955151   -0.0961646   -0.0979543   -0.0985821   -0.093587   -0.0896174   -0.0839737   -0.0772222   -0.0678194   -0.0565252   -0.0412675   -0.0418264   -0.0498649   -0.0583935   -0.0661997   -0.0684935   -0.0536363   -0.0431588   -0.0345797   -0.0283264   -0.0222967   -0.0166502   -0.0119156   -0.00722783   -0.00304497   0.00144266   0.00569241   0.00790102   0.0074739   

725000
-10   -9   -8   -7   -6   -5   -4   -3   0   1   2   3   4   5   6   7   8   9   10   11   12   13   14   15   16   17   18   
-0.550668   -0.432701   -0.324369   -0.20918   -0.119626   -0.0252812   0.0632422   0.146188   0.315362   0.430916   0.580014   0.729629   0.873439   0.991351   1.02485   1.07905   1.14003   1.21054   1.27878   1.34379   1.41083   1.47084   1.52612   1.56338   1.57394   1.56644   1.54135   
0.0222593   0.0193082   0.016377   0.0137938   0.0122139   0.0107215   0.00986532   0.00948574   0.00713715   0.00791438   0.00917386   0.0103283   0.0112813   0.0118899   0.0124147   0.0132245   0.0143141   0.0153565   0.0167522   0.0185038   0.0203144   0.0227142   0.025695   0.0303016   0.0377283   0.0479865   0.0614717   
-0.095573   -0.0982237   -0.0981639   -0.0987298   -0.093599   -0.0895386   -0.0839538   -0.0771759   -0.0412293   -0.0415717   -0.0497107   -0.0582051   -0.065992   -0.0686682   -0.0537704   -0.0432897   -0.0347183   -0.0284058   -0.022406   -0.016688   -0.0120265   -0.00735149   -0.00313231   0.00139506   0.00565277   0.00786978   0.00745415   

730000
-10   -9   -8   -7   -6   -5   -4   -3   -2   -1   0   1   2   3   4   5   6   7   8   9   10   11   12   13   14   15   16   17   18   
-0.548941   -0.431523   -0.323358   -0.208402   -0.119557   -0.0255684   0.0631825   0.145992   0.214166   0.272177   0.315136   0.42964   0.579257   0.728715   0.872483   0.992205   1.02552   1.07975   1.14082   1.21099   1.27949   1.344   1.41165   1.47185   1.5269   1.56379   1.57445   1.56721   1.54172   
0.0221374   0.0192099   0.0163001   0.0137466   0.0121679   0.0106956   0.0098473   0.00947645   0.0086525   0.00771386   0.00712973   0.00789115   0.00914577   0.0103024   0.0112542   0.0118717   0.0123916   0.0131942   0.014275   0.0153284   0.0167101   0.0184855   0.0202625   0.0226504   0.0256414   0.0302693   0.0376834   0.0479095   0.0614346   
-0.0959457   -0.0984739   -0.0983685   -0.0988787   -0.0936159   -0.0894733   -0.0839356   -0.0771287   -0.067796   -0.0565853   -0.0411887   -0.0413042   -0.0495583   -0.0580177   -0.0657864   -0.0688401   -0.0539023   -0.0434187   -0.0348552   -0.0284822   -0.0225148   -0.016723   -0.0121353   -0.00747025   -0.00321649   0.0013512   0.00561532   0.00784017   0.00743374   

735000
-10   -9   -8   -7   -6   -5   -4   -3   -2   -1   0   1   2   3   4   5   6   7   8   9   10   11   12   13   14   15   16   17   18   
-0.549476   -0.430369   -0.32237   -0.207616   -0.119463   -0.025798   0.0631297   0.145794   0.214144   0.272416   0.3149   0.428314   0.578509   0.727806   0.871536   0.993045   1.02618   1.08043   1.1416   1.21143   1.28019   1.3444   1.41245   1.47281   1.52765   1.56415   1.57491   1.56792   1.54198   
0.0220614   0.0191139   0.0162241   0.0137026   0.0121234   0.0106698   0.00982983   0.0094681   0.00865581   0.00771252   0.00712327   0.00786815   0.00911814   0.0102769   0.0112275   0.011854   0.0123691   0.0131647   0.0142366   0.0153012   0.0166685   0.018458   0.0202123   0.0225897   0.0255892   0.0302401   0.0376423   0.0478402   0.0614114   
-0.0958318   -0.0987191   -0.0985682   -0.0990285   -0.0936373   -0.0894198   -0.0839185   -0.0770807   -0.0677778   -0.0566279   -0.0411465   -0.0410256   -0.0494081   -0.0578316   -0.0655828   -0.0690091   -0.0540321   -0.0435456   -0.0349904   -0.0285558   -0.0226231   -0.0167818   -0.0122424   -0.00758383   -0.00329768   0.00131006   0.00557971   0.00781127   0.00741229   

740000
-10   -9   -8   -7   -6   -5   -4   -3   -2   -1   0   1   2   3   4   5   6   7   8   9   10   11   12   13   14   15   16   17   18   
-0.558675   -0.429239   -0.321404   -0.20683   -0.119346   -0.0259729   0.0630822   0.145591   0.214133   0.272671   0.314655   0.426944   0.577771   0.726904   0.870598   0.99387   1.02682   1.0811   1.14237   1.21184   1.28089   1.34527   1.41323   1.47372   1.52837   1.56469   1.57534   1.56856   1.54276   
0.0221929   0.01902   0.0161489   0.0136628   0.0120802   0.0106442   0.00981288   0.00946075   0.00866084   0.00771301   0.00711781   0.0078454   0.00909104   0.0102517   0.0112012   0.0118368   0.0123472   0.0131358   0.0141991   0.0152751   0.0166274   0.0184048   0.0201629   0.0225316   0.0255393   0.0301984   0.0376049   0.0477781   0.0613239   
-0.0938358   -0.0989588   -0.0987633   -0.0991771   -0.0936628   -0.0893777   -0.0839025   -0.0770318   -0.067761   -0.0566736   -0.0411028   -0.0407371   -0.0492597   -0.0576467   -0.0653812   -0.0691753   -0.0541597   -0.0436698   -0.0351237   -0.0286269   -0.0227308   -0.0169058   -0.0123472   -0.00769274   -0.00337631   0.00125808   0.00554598   0.0077831   0.00739819   

745000
-10   -9   -8   -7   -6   -5   -4   -3   -2   -1   0   1   2   3   4   5   6   7   8   9   10   11   12   13   14   15   16   17   18   
-0.557371   -0.428125   -0.320458   -0.20794   -0.119211   -0.0260962   0.0630422   0.145387   0.214147   0.272948   0.314406   0.425537   0.577044   0.726009   0.869669   0.99468   1.02745   1.08175   1.14313   1.21224   1.28158   1.34614   1.41399   1.47459   1.52905   1.56557   1.57571   1.56914   1.54406   
0.0221281   0.018928   0.0160747   0.0136555   0.0120381   0.0106188   0.00979656   0.0094544   0.00866847   0.00771536   0.00711334   0.00782294   0.00906438   0.0102269   0.0111753   0.0118201   0.0123257   0.0131078   0.0141623   0.0152497   0.0165867   0.0183532   0.020115   0.0224755   0.0254916   0.0301317   0.0375718   0.0477198   0.0611789   
-0.0940961   -0.099195   -0.098954   -0.0989141   -0.0936919   -0.0893462   -0.0838878   -0.0769826   -0.0677482   -0.056723   -0.0410588   -0.0404401   -0.0491135   -0.0574632   -0.0651816   -0.0693387   -0.0542852   -0.0437908   -0.0352553   -0.0286954   -0.022838   -0.0170279   -0.0124495   -0.00779812   -0.00345226   0.00118387   0.00551432   0.00775676   0.00739001   

750000
-10   -9   -8   -7   -6   -5   -4   -3   -2   -1   0   1   3   4   5   6   7   8   9   10   11   12   13   14   15   16   17   18   
-0.556027   -0.427033   -0.319532   -0.208532   -0.119056   -0.0261871   0.063007   0.145187   0.214103   0.273151   0.314187   0.424229   0.72512   0.868749   0.995476   1.02808   1.08238   1.14388   1.21262   1.28227   1.34698   1.41473   1.47544   1.52971   1.56638   1.57604   1.56966   1.54522   
0.0220813   0.0188377   0.0160014   0.013649   0.0119969   0.0105937   0.00978101   0.00944915   0.0086737   0.00771609   0.00710931   0.00780171   0.0102024   0.0111498   0.0118038   0.0123048   0.0130806   0.0141262   0.0152254   0.0165466   0.0183025   0.0200686   0.0224209   0.0254457   0.0300693   0.0375429   0.0476699   0.0610503   
-0.0943576   -0.0994264   -0.0991405   -0.0987599   -0.0937245   -0.0893212   -0.0838739   -0.0769341   -0.0677256   -0.0567578   -0.0410216   -0.0401645   -0.057281   -0.064984   -0.0694994   -0.0544086   -0.0439085   -0.0353853   -0.0287612   -0.0229444   -0.0171483   -0.0125484   -0.00790076   -0.00352534   0.00111417   0.00548482   0.00773058   0.00738029   

755000
-10   -9   -8   -7   -6   -5   -4   -3   -2   -1   0   1   2   3   4   5   6   7   8   9   10   11   12   13   14   15   16   17   18   
-0.543855   -0.425958   -0.318624   -0.208713   -0.118881   -0.0262503   0.0629782   0.145013   0.21407   0.273324   0.314205   0.423697   0.57562   0.724237   0.867836   0.996258   1.02869   1.083   1.14462   1.21299   1.28295   1.34781   1.41542   1.47627   1.53034   1.56714   1.57629   1.57012   1.54626   
0.021702   0.0187488   0.0159291   0.0136459   0.0119568   0.0105691   0.00976616   0.00943934   0.00868042   0.00771671   0.00710079   0.00778548   0.00901246   0.0101783   0.0111247   0.011788   0.0122843   0.0130539   0.0140909   0.0152021   0.0165069   0.0182529   0.0200243   0.0223679   0.0254022   0.0300112   0.0375221   0.0476239   0.060936   
-0.0970075   -0.0996542   -0.0993232   -0.0986907   -0.0937612   -0.0893018   -0.0838612   -0.0768933   -0.0677047   -0.0567861   -0.0410319   -0.0400598   -0.0488273   -0.0571002   -0.0647882   -0.0696574   -0.0545299   -0.0440245   -0.0355136   -0.0288241   -0.0230501   -0.0172664   -0.0126431   -0.00800107   -0.00359585   0.00104796   0.00545849   0.0077057   0.00736939   

760000
-10   -9   -8   -7   -6   -5   -4   -3   -2   -1   0   1   2   3   4   5   6   7   8   9   10   11   12   13   14   15   16   17   18   
-0.55322   -0.4249   -0.317731   -0.208679   -0.118684   -0.0262819   0.0629565   0.144842   0.213998   0.273513   0.314228   0.422984   0.574923   0.723362   0.866933   0.997026   1.02929   1.0836   1.14534   1.21333   1.28363   1.34863   1.41609   1.47708   1.53092   1.56786   1.57649   1.5705   1.54718   
0.0220971   0.0186613   0.0158578   0.0136512   0.0119174   0.0105449   0.00975203   0.00942452   0.00868495   0.00771906   0.00709108   0.00776865   0.00898719   0.0101545   0.0110999   0.0117726   0.0122643   0.0130277   0.0140562   0.0151798   0.0164679   0.0182043   0.0199815   0.0223166   0.0253609   0.0299569   0.0375042   0.0475858   0.0608337   
-0.0948624   -0.0998782   -0.0995027   -0.0986641   -0.0938021   -0.0892887   -0.0838499   -0.0768555   -0.0676774   -0.0568177   -0.0410415   -0.0399152   -0.0486873   -0.0569209   -0.0645945   -0.0698128   -0.0546492   -0.0441387   -0.0356403   -0.0288838   -0.0231547   -0.0173828   -0.0127345   -0.00809906   -0.00366194   0.000985128   0.00543417   0.0076823   0.00735769   

765000
-10   -9   -8   -7   -6   -5   -4   -3   -2   -1   0   1   2   3   4   5   6   7   8   9   10   11   12   13   14   15   16   17   18   
-0.551535   -0.42386   -0.316853   -0.208503   -0.118463   -0.0262823   0.0629429   0.144664   0.214102   0.273725   0.314244   0.422129   0.574236   0.722495   0.866036   0.997781   1.02987   1.0842   1.14606   1.21365   1.28429   1.34943   1.41674   1.47786   1.53147   1.56852   1.57666   1.57085   1.54801   
0.0223719   0.018575   0.0157877   0.013669   0.0118787   0.0105211   0.00973867   0.00941037   0.00868434   0.00772335   0.00708232   0.00775145   0.00896238   0.0101311   0.0110755   0.0117576   0.0122448   0.0130021   0.0140221   0.0151587   0.0164296   0.0181567   0.01994   0.0222666   0.0253219   0.0299058   0.0374882   0.0475538   0.060743   
-0.0950588   -0.100099   -0.0996793   -0.098663   -0.093848   -0.089282   -0.0838401   -0.0768162   -0.0676878   -0.0568533   -0.0410501   -0.0397394   -0.0485492   -0.0567432   -0.0644021   -0.0699656   -0.0547665   -0.0442511   -0.0357655   -0.0289403   -0.023258   -0.0174972   -0.0128233   -0.00819447   -0.00372554   0.000925641   0.00541176   0.00765899   0.00734494   

770000
-10   -9   -8   -7   -6   -5   -3   -2   -1   0   1   2   3   4   5   6   7   8   9   10   11   12   13   14   15   17   18   
-0.549459   -0.422833   -0.315982   -0.208229   -0.118213   -0.0262538   0.144484   0.214193   0.273851   0.314257   0.421162   0.573558   0.721635   0.865144   0.998512   1.03045   1.08479   1.14676   1.21396   1.28494   1.35021   1.41737   1.47861   1.532   1.56913   1.57114   1.54875   
0.0222086   0.0184898   0.0157185   0.0137045   0.0118404   0.0104979   0.00939691   0.00868397   0.00772528   0.00707449   0.00773402   0.00893805   0.0101079   0.0110514   0.0117433   0.0122258   0.0129769   0.0139887   0.0151386   0.0163921   0.0181101   0.0199   0.0222181   0.0252846   0.0298586   0.0475256   0.060658   
-0.0955184   -0.100316   -0.0998542   -0.098677   -0.0938997   -0.0892812   -0.076776   -0.0676956   -0.0568719   -0.0410586   -0.0395386   -0.048413   -0.0565671   -0.0642112   -0.070114   -0.0548818   -0.0443619   -0.0358892   -0.0289934   -0.0233591   -0.0176098   -0.0129091   -0.00828751   -0.00378646   0.000869249   0.00763702   0.00733213   

775000
-10   -9   -8   -7   -6   -5   -4   -3   -2   -1   0   1   2   3   4   5   6   7   8   9   10   11   12   13   14   15   16   18   
-0.546583   -0.42182   -0.315117   -0.2079   -0.117932   -0.0261959   0.0628724   0.144298   0.214248   0.273961   0.314265   0.420101   0.572889   0.720783   0.86426   0.999221   1.03102   1.08537   1.14746   1.21424   1.28558   1.35099   1.41797   1.47935   1.53285   1.56971   1.57734   1.5494   
0.0220508   0.0184056   0.0156506   0.0137566   0.0118029   0.0104753   0.00971274   0.0093841   0.00868253   0.00772769   0.00706767   0.00771648   0.00891419   0.010085   0.0110275   0.0117296   0.0122072   0.0129522   0.0139559   0.0151196   0.0163556   0.0180644   0.0198612   0.0221709   0.025227   0.0298143   0.0374268   0.060589   
-0.096146   -0.100531   -0.100028   -0.0986989   -0.0939579   -0.0892861   -0.083812   -0.0767346   -0.0676971   -0.0568871   -0.0410667   -0.0393171   -0.0482786   -0.0563926   -0.0640218   -0.0702581   -0.0549952   -0.0444709   -0.0360114   -0.0290429   -0.0234578   -0.0177205   -0.0129925   -0.00837802   -0.00387542   0.000815901   0.00535473   0.00731769   

780000
-10   -9   -8   -7   -6   -5   -4   -3   -2   -1   0   1   2   3   4   5   6   7   8   9   10   11   12   13   14   15   16   17   18   
-0.537759   -0.420819   -0.314232   -0.207652   -0.117635   -0.0261094   0.0628029   0.144106   0.214308   0.274083   0.314274   0.41896   0.572229   0.71994   0.863516   0.999912   1.03158   1.08594   1.14815   1.21449   1.2862   1.35174   1.41855   1.48006   1.53383   1.57023   1.57803   1.57198   1.54999   
0.0218943   0.0183224   0.0155837   0.0136864   0.0117657   0.0104536   0.0096999   0.00937192   0.0086823   0.00773162   0.00706183   0.00769887   0.0088908   0.0100624   0.0110025   0.0117164   0.0121891   0.012928   0.0139236   0.0151019   0.0163199   0.0180195   0.0198236   0.0221253   0.0251614   0.0297738   0.0373668   0.0474435   0.0605263   
-0.0980271   -0.100743   -0.100206   -0.0987608   -0.0940192   -0.0892968   -0.0837911   -0.0766915   -0.0676991   -0.0569045   -0.0410755   -0.0390779   -0.0481459   -0.0562199   -0.0638632   -0.0703989   -0.0551066   -0.0445783   -0.0361323   -0.0290883   -0.0235549   -0.0178295   -0.0130733   -0.00846612   -0.00397586   0.000765718   0.00531265   0.00759027   0.00730287   

785000
-10   -9   -8   -7   -6   -5   -4   -3   -2   -1   0   1   2   3   4   5   6   7   8   9   10   11   12   13   14   15   16   17   18   
-0.536575   -0.419829   -0.313364   -0.207402   -0.11733   -0.025995   0.0627545   0.143906   0.214358   0.274227   0.314286   0.417752   0.571575   0.719105   0.862916   1.00059   1.03211   1.0865   1.14883   1.21472   1.28681   1.35249   1.41912   1.48075   1.53477   1.57071   1.57867   1.57289   1.55047   
0.0217392   0.0182402   0.0155181   0.0136196   0.0117292   0.0104327   0.00968854   0.00936032   0.00868237   0.00773752   0.00705708   0.00768125   0.00886803   0.0100401   0.0109763   0.0117036   0.0121718   0.0129043   0.0138918   0.0150857   0.0162846   0.0179755   0.0197873   0.0220809   0.0250986   0.0297366   0.0373102   0.0473525   0.0604749   
-0.0982988   -0.100953   -0.100381   -0.0988222   -0.0940822   -0.0893129   -0.0837741   -0.0766466   -0.0676992   -0.0569257   -0.0410854   -0.0388237   -0.0480144   -0.0560488   -0.0637363   -0.0705363   -0.0552141   -0.0446841   -0.0362519   -0.0291291   -0.023651   -0.0179367   -0.0131516   -0.00855177   -0.00407293   0.000718944   0.00527232   0.00756133   0.00728723   

790000
-10   -9   -8   -7   -6   -5   -4   -3   -2   -1   0   1   2   3   4   5   6   7   8   9   10   11   12   13   14   15   16   17   18   
-0.535418   -0.418852   -0.312511   -0.207148   -0.117018   -0.0258544   0.062726   0.143697   0.214374   0.27428   0.314302   0.416488   0.570928   0.718278   0.862305   0.999998   1.03263   1.08705   1.1495   1.21492   1.28742   1.35322   1.41966   1.48141   1.53567   1.57112   1.57928   1.57373   1.55088   
0.0215915   0.0181588   0.0154538   0.0135559   0.0116933   0.0104127   0.00967873   0.00934922   0.00868143   0.00774066   0.00705352   0.00766366   0.0088457   0.0100181   0.0109506   0.0116859   0.0121551   0.012881   0.0138606   0.0150707   0.0162498   0.0179323   0.0197523   0.0220384   0.0250383   0.0297047   0.037257   0.0472696   0.060432   
-0.0985648   -0.10116   -0.100553   -0.0988838   -0.0941466   -0.0893343   -0.0837607   -0.0765998   -0.0676933   -0.0569292   -0.0410968   -0.0385567   -0.0478844   -0.0558795   -0.063607   -0.0704106   -0.0553187   -0.0447883   -0.0363702   -0.0291662   -0.0237461   -0.0180424   -0.0132273   -0.00863433   -0.00416689   0.000677227   0.00523343   0.00753299   0.00727091   

795000
-10   -9   -8   -7   -6   -5   -4   -3   -2   -1   0   1   2   3   4   5   6   7   8   9   10   11   12   13   14   15   16   17   18   
-0.534297   -0.417891   -0.311674   -0.206889   -0.116699   -0.0256854   0.0627155   0.14348   0.214392   0.274325   0.314282   0.415174   0.570288   0.717458   0.861683   0.999097   1.03314   1.08759   1.15016   1.2151   1.28801   1.35394   1.42018   1.48205   1.53653   1.57148   1.57985   1.57449   1.55124   
0.0214506   0.0180783   0.015391   0.013495   0.011658   0.0103938   0.00967043   0.00933866   0.00868152   0.00774456   0.0070485   0.00764626   0.00882384   0.0099966   0.0109254   0.0116672   0.0121388   0.0128582   0.0138298   0.0150567   0.0162158   0.0178898   0.0197185   0.0219973   0.0249802   0.0296761   0.0372058   0.0471934   0.0603951   
-0.098823   -0.101364   -0.100721   -0.0989457   -0.0942121   -0.0893613   -0.0837506   -0.0765511   -0.0676873   -0.0569308   -0.0410986   -0.0382788   -0.0477555   -0.0557116   -0.0634757   -0.07022   -0.0554209   -0.044891   -0.0364872   -0.0292   -0.0238399   -0.0181468   -0.0133006   -0.00871429   -0.0042575   0.000638559   0.00519621   0.00750571   0.00725422   

800000
-10   -9   -8   -7   -6   -5   -4   -3   -2   -1   0   1   2   3   4   6   7   8   9   10   11   12   13   14   15   16   17   18   
-0.533199   -0.416942   -0.31085   -0.206622   -0.116375   -0.0254883   0.0627244   0.143254   0.21441   0.274382   0.314248   0.41382   0.569654   0.716645   0.861054   1.03363   1.08812   1.15082   1.21526   1.28861   1.35465   1.42068   1.48266   1.53737   1.5718   1.58041   1.5752   1.55155   
0.0213159   0.0179986   0.0153296   0.0134365   0.0116232   0.0103761   0.00966377   0.00932855   0.00868262   0.00775001   0.00704337   0.00762903   0.00880238   0.0099754   0.0109007   0.0121231   0.0128358   0.0137996   0.0150437   0.016182   0.0178479   0.0196858   0.0219574   0.0249242   0.0296513   0.0371562   0.0471226   0.0603642   
-0.099076   -0.101566   -0.100886   -0.0990084   -0.0942786   -0.0893937   -0.0837441   -0.0765004   -0.0676812   -0.0569345   -0.041097   -0.0379915   -0.0476278   -0.0555452   -0.0633427   -0.0555205   -0.0449922   -0.036603   -0.0292306   -0.023933   -0.0182501   -0.0133707   -0.00879169   -0.0043454   0.000602832   0.00515978   0.00747965   0.00723717   

805000
-10   -9   -8   -7   -6   -5   -4   -3   -2   -1   0   1   2   3   4   5   6   7   8   9   10   11   12   13   14   15   16   17   18   
-0.532123   -0.41601   -0.310041   -0.206351   -0.116053   -0.0252598   0.0627535   0.143018   0.214371   0.274461   0.314217   0.412466   0.569025   0.71584   0.860419   0.997321   1.03411   1.08864   1.15147   1.21541   1.28919   1.35536   1.42116   1.48325   1.53817   1.57208   1.58093   1.57585   1.55234   
0.0211867   0.0179196   0.0152698   0.0133803   0.0115885   0.01036   0.00965889   0.00931902   0.00868118   0.00775732   0.00703932   0.00761216   0.00878133   0.00995442   0.0108764   0.0116308   0.0121079   0.0128138   0.0137698   0.0150316   0.0161489   0.0178067   0.0196545   0.0219191   0.0248705   0.0296288   0.0371111   0.0470591   0.0602773   
-0.0993241   -0.101764   -0.101048   -0.0990715   -0.0943454   -0.0894321   -0.0837413   -0.0764475   -0.067665   -0.0569422   -0.0410968   -0.0377041   -0.0475012   -0.0553805   -0.0632084   -0.0698446   -0.0556173   -0.0450919   -0.0367176   -0.0292585   -0.0240248   -0.0183523   -0.0134384   -0.00886669   -0.00443064   0.000570216   0.00512412   0.00745388   0.00722601   

810000
-10   -9   -8   -7   -6   -5   -4   -3   -2   0   1   2   4   6   7   8   9   10   11   12   13   14   15   16   17   18   
-0.531066   -0.415096   -0.309247   -0.20607   -0.115728   -0.024997   0.0628039   0.142774   0.214325   0.314191   0.412046   0.568399   0.859779   1.03457   1.08916   1.15211   1.21572   1.28976   1.35605   1.42162   1.48382   1.53894   1.57231   1.58143   1.57643   1.55372   
0.0210625   0.0178415   0.0152118   0.0133261   0.0115541   0.0103455   0.00965589   0.00931008   0.00868019   0.00703632   0.00759664   0.00876072   0.0108526   0.0120932   0.0127923   0.0137404   0.0150125   0.0161163   0.017766   0.0196244   0.0218821   0.0248188   0.0296094   0.0370671   0.0470032   0.0601202   
-0.0995676   -0.101958   -0.101206   -0.0991359   -0.0944127   -0.0894773   -0.0837424   -0.0763927   -0.0676472   -0.0410982   -0.037619   -0.0473749   -0.0630732   -0.0557112   -0.0451899   -0.036831   -0.0293124   -0.0241155   -0.0184534   -0.0135035   -0.00893927   -0.00451327   0.000541121   0.00509027   0.00742938   0.00722221   

815000
-10   -9   -8   -7   -6   -5   -4   -3   -2   -1   0   1   2   3   4   6   7   8   9   10   11   12   13   14   15   16   17   18   
-0.530027   -0.414195   -0.308467   -0.20578   -0.1154   -0.0246972   0.0628765   0.142525   0.214287   0.274608   0.314176   0.4115   0.567775   0.714256   0.859135   1.03501   1.08966   1.15274   1.21649   1.29033   1.35674   1.42205   1.48437   1.53968   1.57261   1.58189   1.57693   1.55495   
0.0209429   0.0177645   0.0151556   0.0132738   0.0115203   0.010333   0.00965487   0.00930174   0.0086807   0.00776184   0.00703441   0.00758028   0.00874051   0.00991323   0.0108291   0.0120791   0.0127712   0.0137116   0.014974   0.0160842   0.0177259   0.0195956   0.0218466   0.0247685   0.029586   0.0370262   0.0469536   0.0599813   
-0.099807   -0.10215   -0.101361   -0.0992017   -0.0944806   -0.0895295   -0.0837476   -0.0763367   -0.0676306   -0.0569581   -0.0411026   -0.0375056   -0.0472489   -0.0550562   -0.0629372   -0.0558018   -0.0452866   -0.0369431   -0.0294388   -0.0242052   -0.0185535   -0.0135657   -0.00900916   -0.00459295   0.000508305   0.00505759   0.00740642   0.00721665   

820000
-10   -9   -8   -7   -6   -5   -4   -3   -2   -1   0   1   2   3   4   6   7   8   9   10   11   12   13   14   15   16   17   18   
-0.529006   -0.413306   -0.3077   -0.205478   -0.115939   -0.0243568   0.0627304   0.14227   0.214253   0.274809   0.31417   0.410836   0.567156   0.713476   0.858488   1.03544   1.09016   1.15336   1.21725   1.29089   1.35742   1.42246   1.48489   1.54038   1.57329   1.58233   1.5774   1.55604   
0.020827   0.0176879   0.0151015   0.0132229   0.00732333   0.0103227   0.00964004   0.00929405   0.0086824   0.00776174   0.00703371   0.00756377   0.00872071   0.00989296   0.0108059   0.0120656   0.0127505   0.0136832   0.014936   0.0160527   0.0176864   0.0195681   0.021812   0.0247217   0.0295347   0.0369873   0.0469072   0.0598577   
-0.100042   -0.102339   -0.101513   -0.0992697   -0.0929383   -0.0895896   -0.0837146   -0.0762795   -0.0676143   -0.0569925   -0.0411094   -0.0373663   -0.0471239   -0.0548965   -0.0628006   -0.055889   -0.0453818   -0.0370539   -0.0295639   -0.0242937   -0.0186527   -0.0136251   -0.00907665   -0.00466984   0.000448918   0.00502617   0.00738426   0.00720957   

825000
-10   -9   -8   -7   -6   -5   -4   -3   -2   -1   0   1   2   4   6   7   8   9   10   11   12   13   14   15   16   17   18   
-0.527999   -0.412433   -0.306948   -0.205161   -0.114735   -0.0239712   0.062537   0.142011   0.214148   0.275023   0.314177   0.410078   0.566543   0.857839   1.03584   1.09065   1.15397   1.218   1.29144   1.35809   1.42285   1.48539   1.54106   1.57392   1.58272   1.57782   1.55702   
0.0207147   0.0176121   0.0150498   0.0131734   0.0114541   0.0103151   0.0096227   0.00928695   0.00868084   0.00776316   0.00703426   0.00754719   0.00870127   0.0107831   0.0120526   0.0127303   0.0136553   0.0148987   0.0160216   0.0176474   0.0195416   0.0217791   0.024676   0.0294861   0.0369539   0.0468655   0.0597464   
-0.100274   -0.102525   -0.101661   -0.0993405   -0.0946182   -0.0896582   -0.0836731   -0.0762213   -0.0675856   -0.057029   -0.0411197   -0.037206   -0.047   -0.0626636   -0.0559724   -0.0454755   -0.037163   -0.0296875   -0.024381   -0.018751   -0.0136815   -0.00914176   -0.00474402   0.000393446   0.00499694   0.0073629   0.00720139   

830000
-10   -9   -8   -6   -5   -4   -3   -2   -1   1   2   3   4   6   7   8   9   10   11   12   13   14   15   16   17   18   
-0.527009   -0.411572   -0.306215   -0.114397   -0.0235349   0.0623474   0.14175   0.214045   0.275208   0.40924   0.565936   0.711974   0.857189   1.03623   1.09113   1.15458   1.21875   1.29198   1.35876   1.42322   1.48588   1.54171   1.5745   1.58307   1.57819   1.55791   
0.020606   0.017537   0.0150009   0.0114218   0.0103104   0.00960616   0.00928046   0.00868028   0.00776426   0.00753061   0.00868219   0.009851   0.0107607   0.0120403   0.0127104   0.0136279   0.014862   0.0159911   0.0176089   0.0195169   0.0217474   0.024632   0.0294412   0.0369221   0.0468288   0.0596491   
-0.100502   -0.102708   -0.101804   -0.0946879   -0.0897364   -0.083632   -0.0761625   -0.0675571   -0.0570598   -0.0370285   -0.0468774   -0.0545874   -0.0625263   -0.0560515   -0.0455678   -0.0372704   -0.0298097   -0.0244673   -0.0188483   -0.0137344   -0.00920462   -0.00481614   0.000340959   0.00496968   0.00734217   0.00719158   

835000
-10   -9   -8   -7   -6   -5   -4   -3   -2   -1   0   1   2   3   4   6   7   8   9   10   11   12   13   14   15   16   17   18   
-0.526029   -0.410725   -0.305496   -0.204472   -0.114057   -0.0230444   0.0621608   0.141573   0.213949   0.275334   0.314242   0.408339   0.565336   0.711287   0.856537   1.03658   1.09159   1.15516   1.21948   1.29251   1.35941   1.42355   1.48652   1.54234   1.57505   1.5834   1.57852   1.5587   
0.0204998   0.0174627   0.0149547   0.0130782   0.0113901   0.0103091   0.00959036   0.00927203   0.00868098   0.00776376   0.00702799   0.00751411   0.00866349   0.00982716   0.0107385   0.012029   0.0126913   0.0136012   0.014826   0.0159612   0.0175711   0.0194937   0.0217073   0.0245896   0.0293993   0.0368934   0.0467963   0.0595604   
-0.100727   -0.102889   -0.101944   -0.0994928   -0.0947581   -0.0898248   -0.0835913   -0.0761221   -0.0675294   -0.0570794   -0.0411452   -0.0368369   -0.0467562   -0.0544436   -0.0623887   -0.056124   -0.0456571   -0.0373756   -0.0299304   -0.0245519   -0.0189445   -0.0137837   -0.00928401   -0.00488605   0.000291451   0.00494335   0.00732216   0.00718144   

840000
-10   -9   -8   -7   -6   -5   -4   -3   -2   -1   0   1   2   3   4   5   6   7   8   9   10   11   12   13   14   15   16   17   18   
-0.525066   -0.409891   -0.304789   -0.204114   -0.113714   -0.0224965   0.0619769   0.141459   0.213864   0.275465   0.314403   0.407385   0.564742   0.710606   0.855884   0.991642   1.03691   1.09205   1.15574   1.2202   1.29303   1.36006   1.42423   1.48746   1.54295   1.57555   1.5837   1.57881   1.55938   
0.0203962   0.0173891   0.0149117   0.0130323   0.0113589   0.0103114   0.00957528   0.009262   0.00868314   0.00776427   0.00702283   0.00749772   0.00864514   0.00980362   0.0107167   0.0114958   0.0120182   0.0126726   0.0135752   0.0147905   0.0159321   0.0175336   0.0194534   0.0216504   0.0245487   0.0293606   0.0368661   0.0467696   0.0594852   
-0.100949   -0.103067   -0.102081   -0.0995711   -0.0948288   -0.0899241   -0.0835509   -0.0760951   -0.0675034   -0.0570996   -0.0411839   -0.0366335   -0.046636   -0.0543011   -0.062251   -0.0686313   -0.0561924   -0.0457445   -0.0374781   -0.0300497   -0.0246347   -0.0190401   -0.0138756   -0.00939625   -0.0049537   0.000244697   0.00491835   0.00730246   0.00716969   

845000
-10   -9   -8   -7   -6   -5   -4   -3   -2   -1   0   1   2   3   4   5   6   7   8   9   10   11   12   13   14   15   16   17   18   
-0.524117   -0.409071   -0.304093   -0.203752   -0.113367   -0.0220673   0.0617954   0.141339   0.213722   0.275605   0.314574   0.406388   0.564151   0.709931   0.85523   0.990957   1.03721   1.09249   1.1563   1.22091   1.29354   1.3607   1.42512   1.48837   1.54353   1.57602   1.58398   1.57905   1.55999   
0.0202949   0.0173163   0.0148722   0.0129874   0.0113283   0.010306   0.00956086   0.00925257   0.00868252   0.00776605   0.0070186   0.00748148   0.00862713   0.00978038   0.0106951   0.0114716   0.012008   0.0126544   0.0135497   0.0147557   0.0159035   0.0174968   0.019403   0.0215957   0.0245094   0.029325   0.0368412   0.046745   0.0594209   
-0.101167   -0.103242   -0.102214   -0.0996501   -0.0949001   -0.0900039   -0.0835108   -0.076067   -0.0674677   -0.0571212   -0.0412254   -0.0364206   -0.0465166   -0.0541598   -0.0621131   -0.0684796   -0.0562569   -0.0458303   -0.037579   -0.0301674   -0.0247162   -0.0191343   -0.0139935   -0.00950547   -0.00501914   0.000200538   0.00489419   0.00728446   0.007157   

850000
-10   -9   -8   -7   -6   -5   -4   -3   -1   0   1   2   3   4   5   6   7   8   9   10   11   12   13   14   15   16   17   18   
-0.523183   -0.408262   -0.303406   -0.203388   -0.113016   -0.0220708   0.0616167   0.141214   0.275755   0.314758   0.405352   0.563565   0.709262   0.854575   0.990279   1.03754   1.09292   1.15685   1.22161   1.29404   1.36133   1.42599   1.48925   1.54409   1.57644   1.58424   1.57965   1.56054   
0.0201956   0.0172441   0.0148368   0.0129435   0.0112984   0.010278   0.00954707   0.00924376   0.00776914   0.00701532   0.00746549   0.00860944   0.00975744   0.0106739   0.0114476   0.0119973   0.0126367   0.0135246   0.0147214   0.0158755   0.0174605   0.0193539   0.021543   0.024472   0.0292918   0.0368187   0.0466875   0.0593618   
-0.101382   -0.103415   -0.102344   -0.0997295   -0.0949723   -0.0900065   -0.0834712   -0.0760375   -0.0571444   -0.0412701   -0.0361989   -0.0463979   -0.0540198   -0.0619752   -0.0683294   -0.0563248   -0.0459143   -0.0376786   -0.0302839   -0.0247963   -0.0192272   -0.0141084   -0.00961072   -0.00508247   0.000159351   0.00487073   0.00726098   0.0071442   

855000
-10   -9   -8   -7   -6   -5   -4   -3   -2   -1   0   1   2   3   4   5   6   7   8   9   10   11   12   13   14   15   16   17   18   
-0.522261   -0.407467   -0.302729   -0.20302   -0.112661   -0.022385   0.0614443   0.141085   0.213552   0.275848   0.314955   0.40442   0.562979   0.708598   0.853921   0.989607   1.03841   1.09335   1.1574   1.22231   1.29453   1.36195   1.42684   1.4901   1.54461   1.57681   1.58446   1.58053   1.56102   
0.020098   0.0171727   0.0148062   0.0129005   0.0112692   0.0102518   0.00953392   0.00923563   0.00868004   0.00777055   0.00701312   0.00745037   0.00859227   0.00973479   0.0106529   0.011424   0.0119734   0.0126194   0.0134999   0.0146876   0.015848   0.0174252   0.0193061   0.0214917   0.024436   0.0292625   0.0367979   0.0465961   0.0593103   
-0.101594   -0.103584   -0.10247   -0.0998091   -0.095045   -0.0899434   -0.0834328   -0.0760073   -0.0674197   -0.0571567   -0.041318   -0.036   -0.0462793   -0.0538811   -0.0618372   -0.0681808   -0.056493   -0.0459965   -0.0377769   -0.0303991   -0.0248752   -0.0193183   -0.0142206   -0.00971303   -0.00514264   0.000121942   0.00484987   0.00723495   0.00713085   

860000
-10   -9   -8   -7   -6   -5   -4   -3   -2   -1   0   1   2   3   4   5   6   7   8   9   10   11   12   13   14   15   16   17   18   
-0.521355   -0.406685   -0.30206   -0.202651   -0.112605   -0.022664   0.0612799   0.140952   0.213598   0.27591   0.315165   0.40399   0.562396   0.707941   0.853266   0.988942   1.03926   1.09376   1.15794   1.22299   1.29501   1.36255   1.42766   1.49092   1.54511   1.57714   1.58466   1.58135   1.56143   
0.0200022   0.0171021   0.0147812   0.0128582   0.0112432   0.0102265   0.0095206   0.00922818   0.00867704   0.00777143   0.00701196   0.00743781   0.00857542   0.00971244   0.0106322   0.0114008   0.01195   0.0126025   0.0134757   0.0146543   0.015821   0.0173907   0.0192595   0.0214418   0.0244023   0.0292376   0.0367796   0.0465164   0.0592651   
-0.101802   -0.103752   -0.102593   -0.099889   -0.0950536   -0.0898872   -0.0833963   -0.075976   -0.067423   -0.0571631   -0.0413691   -0.0359117   -0.0461613   -0.0537436   -0.0616993   -0.0680337   -0.0566587   -0.0460769   -0.037874   -0.0305129   -0.0249526   -0.0194073   -0.0143301   -0.00981272   -0.00519977   8.77891e-05   0.00482956   0.00720803   0.00711756   

865000
-10   -9   -8   -7   -6   -5   -4   -3   -2   -1   0   1   2   3   4   5   6   7   8   9   10   11   12   13   14   15   16   17   18   
-0.520464   -0.405914   -0.301398   -0.20228   -0.113026   -0.022912   0.0611322   0.140815   0.213625   0.275977   0.315309   0.403469   0.561816   0.70729   0.852613   0.988283   1.0401   1.09416   1.15847   1.22367   1.29549   1.36313   1.42846   1.49172   1.54558   1.57742   1.58486   1.58212   1.56178   
0.0199079   0.0170321   0.0147632   0.0128167   0.0112216   0.0102019   0.00950528   0.00922142   0.00867371   0.0077733   0.00700949   0.00742515   0.00855884   0.00969034   0.0106117   0.0113779   0.011927   0.0125861   0.0134518   0.0146216   0.0157946   0.0173572   0.0192141   0.0213933   0.0243702   0.0292141   0.0367619   0.0464422   0.0592291   
-0.102007   -0.103916   -0.102712   -0.099969   -0.0949593   -0.0898371   -0.0833643   -0.0759438   -0.0674229   -0.0571699   -0.0414049   -0.0358033   -0.0460434   -0.0536075   -0.0615617   -0.0678881   -0.056822   -0.0461554   -0.0379698   -0.0306255   -0.0250287   -0.0194933   -0.0144371   -0.00991006   -0.0052546   5.71357e-05   0.00480967   0.00718222   0.00710334   

870000
-10   -9   -8   -7   -6   -5   -4   -3   -2   -1   0   1   2   4   5   6   7   8   9   10   11   12   13   14   15   17   18   
-0.519588   -0.405156   -0.300743   -0.201907   -0.113387   -0.0231321   0.0609849   0.140673   0.213608   0.276052   0.315413   0.402875   0.561235   0.85196   0.987629   1.04092   1.09455   1.15899   1.22434   1.29595   1.36369   1.42924   1.4925   1.54603   1.57767   1.58282   1.56208   
0.0198151   0.0169628   0.0147539   0.0127759   0.0112004   0.010178   0.00949043   0.00921529   0.00866838   0.00777651   0.00700646   0.00741247   0.00854253   0.0105915   0.0113553   0.0119045   0.0125702   0.0134282   0.0145894   0.0157688   0.0173247   0.0191698   0.0213463   0.0243396   0.029194   0.0463695   0.059199   
-0.102208   -0.104079   -0.102827   -0.100049   -0.0948775   -0.0897924   -0.0833322   -0.0759104   -0.0674147   -0.0571782   -0.0414316   -0.0356788   -0.0459256   -0.0614243   -0.0677438   -0.0569831   -0.0462318   -0.0380643   -0.0307369   -0.0251033   -0.0195776   -0.0145418   -0.0100052   -0.00530741   2.89978e-05   0.00715858   0.00708873   

875000
-10   -9   -8   -7   -6   -5   -4   -3   -2   -1   0   1   2   3   4   5   6   7   8   9   10   11   12   13   14   15   16   17   18   
-0.518731   -0.40441   -0.300093   -0.201534   -0.113692   -0.0233273   0.0608373   0.140527   0.213599   0.276133   0.31553   0.40222   0.560655   0.706003   0.851309   0.986982   1.04174   1.09493   1.15951   1.225   1.2964   1.36425   1.43   1.49327   1.54645   1.57788   1.58563   1.58349   1.56293   
0.0197234   0.0168943   0.0147563   0.0127357   0.0111797   0.0101548   0.00947606   0.00920994   0.00866433   0.00778098   0.00700435   0.00739985   0.00852643   0.00964717   0.0105715   0.011333   0.0118824   0.0125547   0.0134051   0.0145576   0.0157435   0.0172925   0.0191264   0.0213007   0.0243101   0.0291773   0.0366936   0.0463038   0.059101   
-0.102406   -0.104238   -0.102937   -0.100129   -0.0948071   -0.0897526   -0.0832998   -0.075876   -0.067408   -0.0571874   -0.0414614   -0.035541   -0.0458075   -0.0533387   -0.0612872   -0.067601   -0.0571421   -0.046306   -0.0381577   -0.0308471   -0.0251765   -0.0196606   -0.0146445   -0.0100984   -0.00535783   3.16125e-06   0.00475396   0.00713458   0.00707998   

880000
-10   -9   -8   -7   -6   -5   -4   -3   -2   -1   0   1   3   4   5   6   7   8   9   10   11   12   13   14   15   16   17   18   
-0.517892   -0.403676   -0.299449   -0.20116   -0.113948   -0.0235005   0.0606888   0.140377   0.213603   0.276151   0.315661   0.401515   0.705369   0.850659   0.98634   1.04254   1.0953   1.16002   1.22565   1.29685   1.36479   1.43075   1.49401   1.54686   1.57805   1.58622   1.5841   1.56418   
0.0196331   0.0168265   0.0147753   0.0126961   0.0111595   0.0101322   0.00946215   0.0092054   0.00866175   0.00778333   0.00700322   0.00738729   0.00962599   0.0105517   0.0113111   0.0118608   0.0125397   0.0133824   0.0145263   0.0157188   0.0172612   0.0190841   0.021256   0.024282   0.0291632   0.0366422   0.0462446   0.0589647   
-0.102599   -0.104396   -0.10304   -0.10021   -0.0947469   -0.089717   -0.083267   -0.0758408   -0.0674031   -0.0571844   -0.0414947   -0.0353922   -0.0532062   -0.0611504   -0.0674595   -0.0572993   -0.0463779   -0.0382498   -0.0309562   -0.0252482   -0.0197419   -0.0147451   -0.0101893   -0.00540651   -1.92949e-05   0.00471728   0.00711126   0.00707262   

885000
-10   -9   -8   -7   -6   -5   -4   -3   -2   -1   0   1   3   4   5   6   7   8   9   10   11   12   13   14   15   16   17   18   
-0.517073   -0.402955   -0.298814   -0.200786   -0.114155   -0.0236531   0.0605387   0.140182   0.213618   0.276152   0.315811   0.400767   0.704741   0.85001   0.985704   1.04334   1.09565   1.16052   1.2263   1.29728   1.36532   1.43148   1.49473   1.54741   1.57817   1.58677   1.58465   1.5653   
0.0195437   0.0167595   0.0148198   0.0126571   0.0111402   0.0101102   0.00944867   0.00919865   0.00866048   0.00778569   0.00700316   0.00737487   0.00960505   0.0105322   0.0112895   0.0118395   0.0125253   0.01336   0.0144955   0.0156946   0.0172305   0.0190426   0.0212125   0.0242451   0.0291521   0.0365941   0.0461887   0.0588391   
-0.102788   -0.10455   -0.103133   -0.10029   -0.0946963   -0.0896854   -0.0832337   -0.0757975   -0.0673996   -0.0571781   -0.0415325   -0.0352338   -0.0530751   -0.0610139   -0.0673192   -0.0574546   -0.0464473   -0.0383406   -0.0310642   -0.0253183   -0.019822   -0.0148437   -0.0102783   -0.00546833   -3.83924e-05   0.00468256   0.00708968   0.00706514   

890000
-10   -9   -8   -7   -6   -5   -4   -3   -2   -1   0   1   2   3   4   5   6   7   8   9   10   11   12   13   14   16   17   18   
-0.516272   -0.402244   -0.298201   -0.200411   -0.114319   -0.0237892   0.0603858   0.139934   0.213582   0.276155   0.315977   0.399981   0.558972   0.704119   0.849364   0.985072   1.04412   1.09598   1.16101   1.22693   1.2977   1.36585   1.43219   1.49543   1.54818   1.58728   1.58515   1.56632   
0.0194558   0.0166932   0.0149124   0.0126186   0.0111217   0.0100887   0.00943561   0.00918912   0.00865689   0.00778896   0.00700412   0.00736259   0.00847652   0.00958438   0.010513   0.0112683   0.0118187   0.0125115   0.0133379   0.0144651   0.015671   0.0172003   0.0190022   0.0211699   0.0241953   0.03655   0.0461383   0.0587257   
-0.102972   -0.104703   -0.103205   -0.10037   -0.0946546   -0.0896571   -0.0831996   -0.0757443   -0.0673874   -0.0571722   -0.041574   -0.0350672   -0.0454619   -0.0529453   -0.060878   -0.0671802   -0.0576081   -0.0465134   -0.0384303   -0.0311711   -0.0253868   -0.0199005   -0.01494   -0.0103654   -0.00555045   0.00464912   0.00706867   0.0070569   

895000
-10   -9   -8   -7   -6   -5   -4   -3   -2   -1   0   1   2   3   4   5   6   7   8   9   10   11   12   13   14   15   16   17   18   
-0.515495   -0.401546   -0.297512   -0.200037   -0.114439   -0.0239088   0.0602282   0.13968   0.213541   0.276166   0.316155   0.399163   0.558464   0.703504   0.848719   0.984445   1.0449   1.09629   1.1615   1.22757   1.29811   1.36636   1.43289   1.49612   1.54892   1.57872   1.58776   1.58562   1.56724   
0.0193687   0.0166278   0.0148798   0.0125806   0.0111043   0.0100677   0.00942301   0.00918012   0.00865367   0.00779332   0.00700629   0.00735048   0.00845736   0.00956394   0.0104939   0.0112474   0.0117981   0.0124985   0.0133162   0.0144351   0.015648   0.0171709   0.0189628   0.0211284   0.0241465   0.029109   0.0365074   0.0460932   0.0586243   
-0.103152   -0.104852   -0.103344   -0.10045   -0.0946214   -0.0896319   -0.0831644   -0.0756896   -0.067374   -0.0571675   -0.0416187   -0.0348933   -0.0453554   -0.0528168   -0.0607424   -0.0670423   -0.0577601   -0.0465752   -0.0385189   -0.031277   -0.0254537   -0.0199776   -0.0150342   -0.0104507   -0.00562965   -9.69495e-05   0.00461795   0.00704794   0.00704784   

900000
-10   -9   -8   -7   -6   -5   -4   -3   -2   -1   0   1   2   3   4   5   6   7   8   9   10   11   12   13   14   15   16   17   18   
-0.514737   -0.400857   -0.296813   -0.200582   -0.114516   -0.0240148   0.0600668   0.13942   0.213519   0.276186   0.316234   0.398317   0.557959   0.702895   0.848077   0.983823   1.04567   1.09659   1.16198   1.22819   1.29851   1.36686   1.43356   1.49679   1.54964   1.57921   1.5882   1.58605   1.56805   
0.0192826   0.016563   0.0148055   0.0125524   0.0110883   0.0100472   0.00941081   0.00917159   0.00865229   0.00779871   0.0070064   0.00733857   0.0084385   0.00954375   0.0104751   0.0112268   0.0117779   0.0124861   0.0132949   0.0144055   0.0156257   0.017142   0.0189246   0.0210878   0.0240991   0.0290713   0.0364691   0.0460512   0.0585331   
-0.103327   -0.105   -0.103501   -0.100333   -0.0945968   -0.0896093   -0.0831282   -0.0756336   -0.0673636   -0.0571642   -0.0416408   -0.0347135   -0.0452492   -0.0526897   -0.0606074   -0.0669057   -0.0579104   -0.0466339   -0.0386062   -0.0313819   -0.0255187   -0.0200531   -0.0151257   -0.0105341   -0.00570657   -0.00014156   0.00458764   0.00702804   0.00703859   

905000
-10   -9   -8   -7   -6   -5   -4   -3   -2   -1   0   1   2   3   4   5   6   7   8   9   10   11   12   13   14   15   16   17   18   
-0.513986   -0.40018   -0.296124   -0.201207   -0.114548   -0.0241077   0.0599008   0.139154   0.213513   0.276181   0.316296   0.397699   0.557853   0.702293   0.847438   0.983206   1.04643   1.09686   1.16245   1.22881   1.29889   1.36735   1.43421   1.49745   1.55033   1.57966   1.58859   1.58643   1.5688   
0.0191976   0.0164989   0.0147336   0.0125253   0.0110738   0.0100271   0.00939898   0.00916352   0.00865271   0.00780162   0.00700652   0.00732791   0.00842125   0.00952381   0.0104564   0.0112065   0.0117581   0.0124742   0.0132739   0.0143763   0.015604   0.0171138   0.0188874   0.0210482   0.0240538   0.0290361   0.0364348   0.0460134   0.0584505   
-0.103501   -0.105146   -0.103656   -0.100198   -0.0945806   -0.0895893   -0.0830909   -0.0755762   -0.0673557   -0.0571568   -0.0416591   -0.0345835   -0.0452314   -0.052564   -0.060473   -0.0667703   -0.0580592   -0.0466895   -0.0386924   -0.0314857   -0.0255815   -0.0201271   -0.0152146   -0.0106158   -0.00578175   -0.000183732   0.00455986   0.00700882   0.00702879   

910000
-10   -9   -8   -7   -6   -5   -4   -3   -2   -1   0   1   2   3   4   5   6   7   8   9   10   11   12   13   14   15   16   17   18   
-0.513244   -0.399515   -0.295448   -0.201666   -0.114536   -0.0241879   0.0597305   0.138883   0.213467   0.276317   0.316375   0.397332   0.558037   0.701697   0.846801   0.982595   1.04717   1.09712   1.16291   1.22942   1.29926   1.36782   1.43484   1.49808   1.551   1.58009   1.58894   1.58678   1.56948   
0.0191134   0.0164358   0.0146643   0.0124969   0.011061   0.0100076   0.00938755   0.00915597   0.00865139   0.0077992   0.0070076   0.0073187   0.00840539   0.0095041   0.010438   0.0111865   0.0117387   0.0124629   0.0132532   0.0143474   0.0155833   0.0170865   0.0188511   0.0210095   0.0240101   0.0290035   0.0364045   0.0459794   0.0583757   
-0.103672   -0.105288   -0.103808   -0.100098   -0.0945732   -0.0895716   -0.0830525   -0.0755179   -0.0673406   -0.0571797   -0.0416815   -0.0345091   -0.045278   -0.0524396   -0.0603391   -0.0666363   -0.0582064   -0.046742   -0.0387774   -0.0315887   -0.0256414   -0.0201988   -0.0153017   -0.0106956   -0.00585426   -0.000223676   0.00453419   0.00699034   0.00701856   

915000
-10   -9   -8   -7   -6   -5   -4   -3   -2   -1   1   2   3   4   5   6   7   8   9   10   11   12   13   14   15   16   17   18   
-0.493655   -0.398859   -0.294786   -0.202011   -0.114475   -0.0242603   0.0595559   0.138608   0.213427   0.276453   0.396902   0.558046   0.701107   0.846166   0.98199   1.04792   1.09736   1.16337   1.23002   1.29961   1.36828   1.43546   1.4987   1.55164   1.58048   1.58926   1.5871   1.5701   
0.0138447   0.0163732   0.0145972   0.0124676   0.0110504   0.00998831   0.0093765   0.00914883   0.00865116   0.00779751   0.0073096   0.00838927   0.0094846   0.0104197   0.0111666   0.0117195   0.0124521   0.0132331   0.014319   0.0155634   0.0170599   0.0188156   0.0209723   0.0239682   0.028973   0.0363756   0.0459479   0.0583101   
-0.104714   -0.105429   -0.103957   -0.100024   -0.094575   -0.0895556   -0.0830131   -0.0754586   -0.0673263   -0.0572023   -0.0344208   -0.0452859   -0.0523167   -0.0602059   -0.0665035   -0.058352   -0.0467915   -0.0388608   -0.0316907   -0.025699   -0.0202683   -0.015387   -0.0107734   -0.00592442   -0.0002614   0.00451008   0.00697232   0.00700775   

920000
-10   -9   -8   -7   -6   -5   -4   -3   -2   -1   0   1   2   3   4   5   6   7   8   9   10   11   12   13   14   15   16   17   18   
-0.51178   -0.398206   -0.29414   -0.202269   -0.114361   -0.0243254   0.0593764   0.13833   0.213407   0.276592   0.316705   0.396419   0.557963   0.700524   0.845537   0.981391   1.04865   1.09759   1.16382   1.23062   1.29994   1.36872   1.43607   1.4993   1.55225   1.58085   1.58955   1.58739   1.57064   
0.0189479   0.0163116   0.0145322   0.0124376   0.0110422   0.00996937   0.00936582   0.00914201   0.00865285   0.00779673   0.00700986   0.00730054   0.00837314   0.00946538   0.0104017   0.0111471   0.0117007   0.0124418   0.0132133   0.0142909   0.0155441   0.0170341   0.0187808   0.0209358   0.0239275   0.0289448   0.0363505   0.0459199   0.0582518   
-0.104011   -0.10557   -0.104102   -0.099967   -0.0945868   -0.0895411   -0.0829726   -0.0753986   -0.067315   -0.0572253   -0.0417622   -0.034321   -0.0452733   -0.052195   -0.0600736   -0.066372   -0.0584959   -0.0468382   -0.0389425   -0.0317917   -0.0257544   -0.020336   -0.015471   -0.010849   -0.00599229   -0.000297166   0.00448696   0.00695542   0.00699664   

925000
-10   -9   -8   -7   -6   -5   -4   -3   -2   -1   0   1   2   3   4   5   6   7   8   9   10   11   12   13   14   15   16   17   18   
-0.511055   -0.397544   -0.293508   -0.202458   -0.11419   -0.0243806   0.0591925   0.138188   0.213365   0.276733   0.317031   0.395892   0.55782   0.699947   0.844908   0.980796   1.04937   1.09781   1.16425   1.23121   1.30026   1.36915   1.43667   1.49988   1.55285   1.58116   1.58981   1.58766   1.57111   
0.0188662   0.0162511   0.0144693   0.0124073   0.011037   0.00995059   0.00935555   0.00913194   0.00865395   0.00779674   0.0070088   0.00729156   0.00835708   0.00944634   0.0103839   0.0111277   0.0116823   0.012432   0.013194   0.0142631   0.0155255   0.0170092   0.0187465   0.0209003   0.0238884   0.0289203   0.0363263   0.0458958   0.0581986   
-0.104179   -0.105711   -0.104244   -0.0999251   -0.0946095   -0.0895286   -0.0829309   -0.0753678   -0.0672999   -0.0572483   -0.0418356   -0.0342117   -0.0452476   -0.0520747   -0.0599416   -0.0662417   -0.058638   -0.0468822   -0.0390231   -0.0318919   -0.0258075   -0.0204018   -0.0155535   -0.0109229   -0.0060582   -0.00032892   0.00446568   0.00693786   0.00698584   

930000
-10   -9   -8   -7   -6   -5   -4   -3   -2   -1   0   1   2   3   4   5   6   7   8   9   10   11   12   13   14   15   16   17   18   
-0.510336   -0.396894   -0.292889   -0.20259   -0.113956   -0.0244262   0.0590047   0.138065   0.213316   0.276879   0.317357   0.395328   0.557635   0.699376   0.844281   0.980207   1.05008   1.09801   1.16469   1.2318   1.30057   1.36956   1.43726   1.50045   1.55342   1.58145   1.59005   1.58833   1.57152   
0.0187856   0.0161912   0.0144082   0.0123768   0.0110349   0.00993234   0.00934569   0.00912158   0.00865528   0.00779772   0.00700852   0.00728267   0.00834115   0.00942755   0.0103665   0.0111086   0.0116642   0.0124226   0.0131749   0.0142358   0.0155076   0.0169849   0.0187129   0.0208657   0.0238506   0.0288976   0.0363053   0.0458275   0.0581548   
-0.104346   -0.105851   -0.104383   -0.0998955   -0.0946438   -0.0895178   -0.0828884   -0.0753412   -0.0672833   -0.0572722   -0.041909   -0.0340941   -0.0452124   -0.0519557   -0.0598102   -0.0661126   -0.0587782   -0.046924   -0.0391026   -0.0319911   -0.0258582   -0.0204656   -0.0156345   -0.0109951   -0.00612218   -0.00035849   0.00444527   0.00691511   0.00697413   

935000
-10   -9   -8   -7   -6   -5   -4   -3   -2   -1   0   1   2   3   4   5   6   7   8   9   10   11   12   13   14   15   17   18   
-0.509626   -0.396252   -0.292281   -0.202671   -0.113656   -0.0244638   0.0588147   0.137935   0.213319   0.276979   0.317564   0.394732   0.557417   0.698811   0.843657   0.979623   1.05078   1.09833   1.16511   1.23238   1.30086   1.36996   1.43783   1.50101   1.55398   1.58171   1.58914   1.57189   
0.0187058   0.016132   0.0143488   0.012346   0.0110366   0.00991444   0.00933625   0.00911159   0.00866054   0.00779722   0.00700577   0.00727388   0.00832537   0.00940896   0.0103492   0.0110897   0.0116466   0.0124096   0.0131562   0.0142087   0.0154906   0.0169615   0.0186801   0.020832   0.0238144   0.0288772   0.0457478   0.0581162   
-0.10451   -0.105989   -0.10452   -0.0998768   -0.0946907   -0.0895086   -0.0828453   -0.075313   -0.0672754   -0.0572874   -0.0419558   -0.0339696   -0.04517   -0.0518379   -0.0596794   -0.0659847   -0.0589163   -0.0469871   -0.0391808   -0.0320896   -0.0259065   -0.0205273   -0.0157142   -0.0110656   -0.00618448   -0.00038586   0.00688893   0.00696231   

940000
-10   -9   -8   -7   -6   -5   -4   -3   -2   -1   0   1   2   3   4   5   6   7   8   9   10   11   12   13   14   15   16   17   18   
-0.49067   -0.395618   -0.291683   -0.202706   -0.113281   -0.0244941   0.0586217   0.137799   0.213358   0.27705   0.317785   0.394111   0.557172   0.698252   0.843037   0.979044   1.05147   1.09903   1.16553   1.23295   1.30113   1.37035   1.4384   1.50154   1.55451   1.58193   1.59075   1.58989   1.5722   
0.0134625   0.0160736   0.0142911   0.0123149   0.0110426   0.00989688   0.00932722   0.00910195   0.00866862   0.00779601   0.00700382   0.00726519   0.00830975   0.0093906   0.0103321   0.011071   0.0116294   0.0123854   0.0131378   0.014182   0.0154741   0.0169388   0.0186478   0.0207992   0.0237788   0.0288592   0.0362428   0.0456756   0.0580817   
-0.10546   -0.106125   -0.104654   -0.0998683   -0.0947514   -0.0895008   -0.0828015   -0.0752833   -0.067273   -0.057297   -0.0420058   -0.0338394   -0.0451217   -0.0517212   -0.0595492   -0.0658578   -0.0590519   -0.0471183   -0.039258   -0.0321871   -0.0259524   -0.0205869   -0.0157925   -0.0111344   -0.00624443   -0.000411213   0.004395   0.00686322   0.00695049   

945000
-10   -9   -8   -7   -6   -5   -4   -3   -2   -1   0   1   2   3   4   5   6   7   8   9   10   11   12   13   14   15   16   17   18   
-0.508231   -0.394993   -0.291096   -0.20271   -0.112831   -0.0245145   0.0584265   0.137656   0.213671   0.277119   0.31802   0.39347   0.556905   0.697697   0.842419   0.97847   1.05214   1.09972   1.16594   1.23352   1.30139   1.37072   1.43895   1.50207   1.55503   1.58213   1.59123   1.59058   1.5726   
0.0185485   0.016016   0.0142349   0.0122833   0.0110536   0.00987973   0.00931861   0.00909264   0.00869456   0.00779542   0.00700276   0.00725659   0.0082943   0.00937243   0.0103152   0.0110526   0.0116125   0.0123616   0.0131197   0.0141556   0.0154584   0.0169169   0.0186163   0.0207672   0.0237449   0.0288427   0.0362009   0.0456067   0.0580379   
-0.104834   -0.106259   -0.104785   -0.099867   -0.0948257   -0.0894951   -0.0827572   -0.0752521   -0.0673167   -0.0573061   -0.0420592   -0.0337047   -0.0450685   -0.0516055   -0.0594198   -0.0657321   -0.0591858   -0.0472479   -0.039334   -0.0322837   -0.025996   -0.0206443   -0.0158693   -0.0112014   -0.00630271   -0.000434238   0.00436382   0.00683908   0.0069394   

950000
-10   -9   -8   -7   -6   -5   -4   -3   -2   -1   0   2   3   4   5   6   7   8   9   10   11   12   13   14   15   16   17   18   
-0.489537   -0.394374   -0.290519   -0.20269   -0.112307   -0.0245267   0.0582296   0.137506   0.21391   0.277189   0.318271   0.556619   0.697147   0.841806   0.9779   1.05281   1.1004   1.16635   1.23409   1.30164   1.37107   1.43949   1.50258   1.55552   1.5823   1.59169   1.59123   1.57389   
0.013316   0.0159592   0.0141803   0.0122519   0.0110705   0.00986291   0.0093104   0.00908369   0.00871665   0.00779552   0.00700254   0.00827903   0.00935445   0.0102985   0.0110344   0.0115959   0.0123381   0.013102   0.0141295   0.0154433   0.0168959   0.0185851   0.0207361   0.0237123   0.0288285   0.0361609   0.0455421   0.0578945   
-0.105745   -0.106392   -0.104915   -0.0998708   -0.0949131   -0.089491   -0.0827124   -0.0752193   -0.0673483   -0.0573152   -0.0421162   -0.045011   -0.0514908   -0.0592913   -0.0656075   -0.0593184   -0.0473759   -0.039409   -0.0323794   -0.0260373   -0.0206993   -0.0159446   -0.0112668   -0.00635901   -0.000455308   0.00433399   0.0068157   0.00693458   

955000
-10   -9   -8   -7   -6   -5   -4   -3   -1   0   1   2   3   4   5   6   7   8   9   10   11   12   13   14   15   16   17   18   
-0.506872   -0.39376   -0.290277   -0.202649   -0.111978   -0.0245321   0.0580537   0.137348   0.277257   0.318538   0.392619   0.556316   0.696601   0.841197   0.977335   1.05348   1.10107   1.16675   1.23464   1.30187   1.3714   1.44002   1.50307   1.55599   1.58242   1.59212   1.59185   1.57503   
0.0183945   0.0159031   0.01413   0.0122205   0.0110725   0.00984645   0.00930168   0.00907512   0.00779631   0.00700319   0.00723746   0.00826394   0.00933666   0.0102819   0.0110164   0.0115796   0.0123151   0.0130845   0.0141038   0.0154289   0.0168757   0.0185548   0.0207058   0.0236814   0.0288178   0.0361234   0.0454812   0.0577643   
-0.105149   -0.106524   -0.104972   -0.099879   -0.0949691   -0.0894882   -0.0826723   -0.075185   -0.0573237   -0.0421769   -0.0335266   -0.0449496   -0.0513771   -0.0591636   -0.0654839   -0.0594498   -0.0475025   -0.0394828   -0.0324741   -0.0260764   -0.0207519   -0.0160185   -0.0113307   -0.00641279   -0.00047264   0.00430531   0.00679301   0.00692956   

960000
-10   -9   -8   -7   -6   -5   -4   -3   -2   -1   0   1   2   3   4   6   7   8   9   10   11   12   13   14   15   16   17   18   
-0.506204   -0.39315   -0.291622   -0.202591   -0.112103   -0.0245314   0.0579395   0.137184   0.214178   0.277328   0.318821   0.392429   0.555995   0.696059   0.840591   1.05413   1.10174   1.16714   1.23519   1.30209   1.37172   1.44053   1.50355   1.55642   1.58252   1.59253   1.59244   1.57605   
0.0183187   0.0158477   0.0140956   0.0121893   0.0110386   0.00983036   0.00929076   0.00906691   0.00874074   0.00779798   0.00700479   0.00722716   0.00824901   0.00931906   0.0102655   0.0115635   0.0122924   0.0130674   0.0140785   0.015415   0.0168565   0.0185251   0.0206763   0.0236527   0.0288089   0.0360872   0.045424   0.0576533   
-0.105304   -0.106655   -0.10469   -0.099891   -0.0949508   -0.0894867   -0.0826462   -0.0751491   -0.0673803   -0.0573326   -0.0422412   -0.0334876   -0.0448844   -0.0512643   -0.0590366   -0.0595801   -0.0476275   -0.0395554   -0.0325677   -0.0261138   -0.020802   -0.0160909   -0.0113931   -0.00646369   -0.000487887   0.00427794   0.00677086   0.00692244   

965000
-10   -9   -8   -7   -6   -5   -4   -3   -2   0   1   2   3   4   6   7   8   9   10   11   12   13   14   15   16   17   18   
-0.505544   -0.392543   -0.292256   -0.202516   -0.112212   -0.0245246   0.0578223   0.137013   0.214358   0.319086   0.392197   0.555658   0.695522   0.839989   1.05478   1.10239   1.16752   1.23573   1.30229   1.37202   1.44104   1.50402   1.55684   1.5826   1.59292   1.59299   1.57697   
0.0182437   0.0157931   0.014056   0.0121583   0.0110058   0.00981453   0.00928025   0.00905903   0.00874479   0.00700649   0.00721701   0.00823425   0.00930166   0.0102494   0.0115477   0.01227   0.0130507   0.0140535   0.0154019   0.0168382   0.018496   0.0206475   0.0236248   0.0288016   0.0360538   0.0453698   0.0575484   
-0.105458   -0.106785   -0.104559   -0.0999063   -0.0949356   -0.0894864   -0.0826194   -0.0751118   -0.0674097   -0.0423017   -0.0334395   -0.0448155   -0.0511524   -0.0589103   -0.0597092   -0.0477511   -0.0396269   -0.0326602   -0.0261486   -0.0208494   -0.0161618   -0.011454   -0.00651212   -0.000501794   0.00425141   0.00674941   0.00691587   

970000
-10   -9   -8   -7   -6   -5   -4   -3   -2   -1   0   1   2   3   4   5   6   7   8   9   10   11   12   13   14   15   16   17   18   
-0.504893   -0.391937   -0.292627   -0.202427   -0.112304   -0.0245132   0.0577013   0.136835   0.214488   0.277395   0.319239   0.391925   0.555305   0.69499   0.83939   0.975667   1.05543   1.10304   1.1679   1.23626   1.30249   1.3723   1.44153   1.50448   1.55723   1.58266   1.59328   1.59351   1.57781   
0.0181696   0.0157392   0.0140153   0.0121276   0.0109739   0.00979907   0.0092702   0.0090515   0.00874649   0.00779986   0.00700581   0.00720701   0.00821966   0.00928444   0.0102334   0.0109637   0.0115321   0.0122481   0.0130342   0.0140289   0.0153892   0.0168207   0.0184676   0.0206194   0.0235984   0.0287951   0.0360216   0.0453187   0.0574563   
-0.105609   -0.106915   -0.104484   -0.0999246   -0.0949233   -0.0894872   -0.0825915   -0.0750729   -0.0674303   -0.0573361   -0.0423372   -0.0333828   -0.0447431   -0.0510415   -0.0587849   -0.0651195   -0.0598371   -0.0478732   -0.0396972   -0.0327514   -0.026182   -0.0208941   -0.0162311   -0.0115136   -0.0065585   -0.000514681   0.00422615   0.00672845   0.00690799   

975000
-10   -9   -8   -7   -6   -5   -4   -3   -2   -1   0   1   2   3   4   5   6   7   8   9   11   12   13   14   16   17   18   
-0.504248   -0.391333   -0.29285   -0.202325   -0.112381   -0.0246179   0.057578   0.136651   0.214587   0.277384   0.319408   0.391621   0.554938   0.694462   0.838796   0.97512   1.05607   1.10368   1.16827   1.23679   1.3727   1.44201   1.50492   1.5576   1.59362   1.594   1.57856   
0.018096   0.0156862   0.0139742   0.0120972   0.010943   0.0097833   0.00926066   0.00904437   0.00874696   0.00779971   0.00700619   0.00719721   0.00820523   0.0092674   0.0102175   0.0109465   0.0115167   0.0122264   0.0130181   0.0140048   0.016798   0.0184398   0.0205921   0.0235737   0.0359917   0.0452715   0.0573726   
-0.105759   -0.107045   -0.104441   -0.0999456   -0.0949137   -0.0894639   -0.082563   -0.0750328   -0.0674455   -0.0573294   -0.0423763   -0.0333192   -0.0446674   -0.0509316   -0.0586604   -0.0650001   -0.059964   -0.0479939   -0.0397662   -0.0328411   -0.0209552   -0.016299   -0.0115719   -0.00660287   0.00420181   0.00670845   0.00689985   

980000
-10   -9   -8   -7   -6   -5   -4   -3   -2   -1   0   1   2   3   4   5   6   7   8   9   10   11   12   13   14   15   16   17   18   
-0.503613   -0.39073   -0.292979   -0.202211   -0.112444   -0.0247676   0.0574528   0.136462   0.214676   0.277375   0.319592   0.391289   0.554556   0.693938   0.838205   0.974578   1.0567   1.10431   1.16863   1.2373   1.30321   1.3734   1.44248   1.50535   1.55795   1.58314   1.59394   1.59445   1.57923   
0.0180233   0.0156339   0.0139331   0.0120672   0.0109129   0.00976754   0.00925165   0.00903768   0.00874749   0.00780034   0.0070075   0.00718757   0.00819097   0.00925055   0.0102017   0.0109296   0.0115016   0.0122051   0.0130023   0.0139811   0.01535   0.016762   0.0184127   0.0205656   0.02355   0.0287567   0.0359634   0.0452271   0.0572979   
-0.105907   -0.107175   -0.104417   -0.0999691   -0.0949067   -0.0894313   -0.0825339   -0.0749913   -0.0674588   -0.057323   -0.0424192   -0.0332496   -0.0445886   -0.0508225   -0.0585366   -0.0648816   -0.0600898   -0.0481131   -0.039834   -0.0329292   -0.0262989   -0.0210586   -0.0163653   -0.0116282   -0.00664505   -0.000565283   0.00417844   0.00668908   0.00689122   

985000
-10   -9   -8   -7   -6   -5   -4   -3   -2   -1   0   1   2   3   4   5   6   7   8   9   10   11   12   13   14   15   16   17   18   
-0.502982   -0.390135   -0.293041   -0.202086   -0.112494   -0.0249085   0.0573248   0.136266   0.214736   0.277365   0.319795   0.390932   0.554166   0.693418   0.837619   0.974039   1.05732   1.10493   1.16899   1.23781   1.30387   1.37409   1.44293   1.50577   1.55828   1.58355   1.59424   1.59488   1.57983   
0.0179515   0.0155826   0.0138923   0.0120375   0.0108837   0.00975201   0.00924313   0.00903135   0.0087468   0.00780158   0.00700976   0.00717814   0.00817688   0.00923388   0.0101861   0.0109128   0.0114868   0.0121841   0.0129868   0.0139579   0.0153177   0.0167266   0.0183861   0.0205402   0.0235277   0.0287254   0.0359368   0.045185   0.0572312   
-0.106054   -0.107303   -0.104407   -0.0999947   -0.0949021   -0.0894003   -0.0825041   -0.0749485   -0.0674668   -0.0573161   -0.0424662   -0.0331746   -0.0445078   -0.0507144   -0.0584137   -0.0647642   -0.0602146   -0.0482311   -0.0399004   -0.0330158   -0.0264042   -0.0211602   -0.0164301   -0.0116828   -0.00668532   -0.000603261   0.00415617   0.00667041   0.00688224   

990000
-10   -9   -8   -7   -6   -5   -4   -3   -2   -1   0   1   2   3   4   5   6   7   8   9   10   11   12   13   14   15   16   17   18   
-0.502361   -0.389546   -0.293054   -0.201951   -0.112532   -0.0250416   0.0571951   0.136064   0.21478   0.277355   0.320015   0.390554   0.553767   0.692903   0.837036   0.973505   1.05795   1.10555   1.16933   1.23831   1.30453   1.37477   1.44338   1.50617   1.55859   1.58394   1.59452   1.59528   1.58035   
0.0178804   0.0155321   0.0138519   0.0120082   0.0108552   0.00973673   0.00923522   0.00902543   0.00874579   0.00780349   0.00701301   0.00716891   0.00816297   0.00921739   0.0101707   0.0108962   0.0114721   0.0121634   0.0129719   0.0139349   0.0152859   0.016692   0.0183602   0.0205152   0.0235067   0.0286958   0.0359121   0.0451457   0.0571757   
-0.106199   -0.107429   -0.104408   -0.100022   -0.0948997   -0.0893709   -0.0824737   -0.0749042   -0.0674719   -0.057309   -0.0425173   -0.033095   -0.0444251   -0.0506073   -0.0582916   -0.0646477   -0.0603383   -0.0483476   -0.0399644   -0.0331015   -0.0265078   -0.02126   -0.0164936   -0.0117359   -0.006724   -0.000639414   0.00413458   0.00665238   0.00687222   

995000
-10   -9   -8   -7   -6   -5   -4   -3   -1   0   2   3   4   5   6   7   8   9   10   11   12   15   16   17   18   
-0.501747   -0.388964   -0.29303   -0.201807   -0.112558   -0.0251692   0.0570649   0.135857   0.277351   0.320255   0.55336   0.692393   0.836458   0.972975   1.05856   1.10615   1.16966   1.2388   1.30517   1.37543   1.44381   1.5843   1.59478   1.59565   1.58081   
0.0178101   0.0154827   0.0138118   0.0119793   0.0108274   0.00972173   0.00922797   0.00901999   0.00780643   0.00701732   0.00814922   0.00920106   0.0101555   0.0108798   0.0114577   0.012143   0.0129575   0.0139123   0.0152548   0.0166581   0.0183349   0.0286684   0.0358882   0.0451091   0.0571256   
-0.106342   -0.107554   -0.104416   -0.100052   -0.0948994   -0.0893424   -0.082443   -0.0748589   -0.0573029   -0.0425726   -0.0443406   -0.050501   -0.0581703   -0.0645322   -0.0604609   -0.0484629   -0.0400263   -0.0331863   -0.0266098   -0.0213579   -0.0165557   -0.000673299   0.00411458   0.00663485   0.00686236   

1000000
-10   -9   -8   -7   -6   -5   -4   -3   -2   -1   0   1   2   3   4   5   6   7   8   9   10   11   12   13   14   15   16   17   18   
-0.50114   -0.38839   -0.292978   -0.201654   -0.112572   -0.0252907   0.0569357   0.135645   0.214833   0.277348   0.320416   0.389842   0.552945   0.691886   0.83588   0.972449   1.05917   1.10675   1.16998   1.23928   1.3058   1.37608   1.44423   1.5072   1.55932   1.58462   1.59502   1.596   1.58121   
0.0177407   0.0154341   0.0137721   0.0119509   0.0108004   0.00970702   0.00922155   0.00901495   0.00874368   0.00781004   0.00702002   0.00715127   0.00813564   0.00918492   0.0101406   0.0108636   0.0114436   0.0121229   0.0129435   0.0138899   0.0152241   0.0166248   0.0183101   0.0204528   0.0234581   0.0286434   0.0358667   0.0450747   0.057082   
-0.106483   -0.107677   -0.10443   -0.100083   -0.0949012   -0.0893152   -0.0824122   -0.0748124   -0.0674757   -0.057297   -0.0426106   -0.0329455   -0.0442544   -0.0503956   -0.0580493   -0.0644176   -0.0605825   -0.0485769   -0.0400865   -0.0332703   -0.0267102   -0.0214541   -0.0166161   -0.0118683   -0.00681099   -0.000704595   0.00409487   0.00661772   0.00685223   

1005000
-10   -9   -8   -7   -6   -5   -4   -3   -2   0   1   2   3   4   5   6   7   8   9   10   11   12   13   14   15   16   17   18   
-0.500541   -0.387824   -0.292902   -0.201492   -0.112577   -0.0254065   0.0568085   0.135428   0.214836   0.320543   0.389772   0.552523   0.691383   0.835304   0.971928   1.05977   1.10735   1.17029   1.23977   1.30642   1.37671   1.44464   1.50787   1.55988   1.58492   1.59524   1.59633   1.58155   
0.0176719   0.0153869   0.013733   0.011923   0.0107739   0.00969259   0.00921599   0.0090103   0.00874208   0.00702223   0.00714327   0.00812225   0.00916894   0.0101258   0.0108476   0.0114296   0.0121031   0.0129298   0.0138679   0.0151941   0.016592   0.0182863   0.0204139   0.0234212   0.0286201   0.035847   0.0450429   0.0570446   
-0.106623   -0.107798   -0.104449   -0.100116   -0.0949049   -0.0892889   -0.0823816   -0.074765   -0.0674731   -0.0426411   -0.0329332   -0.0441663   -0.050291   -0.057929   -0.064304   -0.060703   -0.0486897   -0.040145   -0.0333533   -0.026809   -0.0215489   -0.0166748   -0.0119508   -0.00687295   -0.000734246   0.00407696   0.00660134   0.00684179   

1010000
-10   -9   -8   -7   -6   -5   -4   -3   -2   -1   0   1   2   3   4   5   6   7   8   9   10   11   12   13   14   15   16   17   18   
-0.499949   -0.387265   -0.292807   -0.20132   -0.112571   -0.0255178   0.0566817   0.135207   0.214834   0.277355   0.320683   0.38968   0.552091   0.690882   0.834733   0.97141   1.06037   1.10793   1.17059   1.24024   1.30703   1.37734   1.44504   1.50852   1.56043   1.5852   1.59542   1.59663   1.58186   
0.0176039   0.0153407   0.0136941   0.0118956   0.0107481   0.00967845   0.0092112   0.00900606   0.00874071   0.00780891   0.00702535   0.00713544   0.00810905   0.00915326   0.0101112   0.0108318   0.0114158   0.0120835   0.0129166   0.0138461   0.0151645   0.0165598   0.0182632   0.0203758   0.0233863   0.0285979   0.0358309   0.045015   0.0570113   
-0.106761   -0.107918   -0.104472   -0.100151   -0.0949104   -0.0892635   -0.0823508   -0.0747168   -0.0674694   -0.0572908   -0.0426747   -0.0329162   -0.0440764   -0.0501869   -0.0578094   -0.0641913   -0.0608225   -0.0488013   -0.0402015   -0.0334354   -0.0269064   -0.0216424   -0.0167317   -0.0120317   -0.00693318   -0.000762216   0.0040607   0.00658526   0.00683101   

1015000
-10   -9   -8   -7   -6   -5   -4   -2   -1   0   1   2   3   5   6   7   8   9   10   11   12   13   14   15   16   17   18   
-0.499364   -0.386711   -0.292696   -0.201139   -0.112557   -0.025625   0.056556   0.214825   0.277456   0.320967   0.389569   0.55165   0.690384   0.970897   1.06096   1.10851   1.17088   1.24071   1.30763   1.37796   1.44542   1.50915   1.56094   1.58546   1.59558   1.59689   1.58211   
0.0175367   0.0152956   0.0136557   0.0118687   0.0107229   0.00966459   0.00920724   0.00873963   0.00780604   0.00702532   0.00712779   0.00809608   0.00913776   0.0108161   0.0114023   0.0120642   0.0129038   0.0138246   0.0151354   0.0165282   0.0182406   0.0203384   0.0233524   0.0285778   0.0358166   0.0449882   0.0569847   
-0.106897   -0.108036   -0.104498   -0.100188   -0.0949176   -0.0892388   -0.0823201   -0.0674645   -0.0573078   -0.042737   -0.0328951   -0.0439845   -0.0500836   -0.0640796   -0.0609409   -0.0489117   -0.0402562   -0.0335167   -0.0270024   -0.0217344   -0.0167873   -0.0121112   -0.00699118   -0.000788734   0.00404503   0.00657039   0.00682051   

1020000
-10   -9   -8   -7   -6   -5   -4   -3   -2   -1   0   1   2   3   4   5   6   7   8   9   10   11   12   13   14   15   16   17   18   
-0.498788   -0.386162   -0.292571   -0.200947   -0.112534   -0.0257283   0.0564328   0.134783   0.214776   0.277553   0.321288   0.389441   0.551201   0.689891   0.833603   0.970387   1.06155   1.10909   1.17116   1.24118   1.30823   1.37857   1.44579   1.50978   1.56144   1.5857   1.596   1.59725   1.58273   
0.0174702   0.0152518   0.0136176   0.0118426   0.0106982   0.00965109   0.00920419   0.00899836   0.0087366   0.00780358   0.00702541   0.00712033   0.00808332   0.00912243   0.0100825   0.0108006   0.011389   0.0120452   0.0128914   0.0138033   0.0151068   0.016497   0.0182187   0.0203018   0.0233202   0.0285589   0.035779   0.044952   0.0569159   
-0.107032   -0.108153   -0.104527   -0.100227   -0.0949262   -0.0892147   -0.0822896   -0.0746237   -0.0674523   -0.057324   -0.0428072   -0.0328705   -0.0438906   -0.0499811   -0.0575728   -0.0639687   -0.0610584   -0.049021   -0.040309   -0.0335972   -0.0270971   -0.0218251   -0.0168414   -0.0121893   -0.00704739   -0.000813593   0.00401783   0.00655371   0.00681166   

1025000
-10   -9   -8   -7   -6   -5   -4   -3   -2   -1   0   1   2   3   5   6   7   8   9   10   11   12   13   14   15   16   17   18   
-0.498218   -0.385619   -0.292432   -0.200744   -0.112503   -0.025828   0.0563124   0.134717   0.214729   0.277646   0.321626   0.3893   0.550743   0.6894   0.969882   1.06213   1.10965   1.17142   1.24164   1.30881   1.37916   1.44615   1.51039   1.56192   1.58592   1.59651   1.59809   1.58382   
0.0174047   0.0152092   0.0135799   0.011817   0.0106741   0.00963781   0.00920208   0.00899144   0.00873429   0.00780156   0.00702635   0.00711306   0.00807068   0.00910726   0.0107853   0.0113759   0.0120264   0.0128793   0.0137823   0.0150786   0.0164663   0.0181974   0.0202661   0.0232888   0.0285416   0.0357349   0.0448704   0.0567949   
-0.107165   -0.108268   -0.104559   -0.100268   -0.0949367   -0.0891912   -0.0822596   -0.0746086   -0.0674402   -0.0573394   -0.0428808   -0.0328429   -0.043795   -0.0498794   -0.0638588   -0.0611747   -0.0491292   -0.0403598   -0.033677   -0.0271906   -0.0219146   -0.0168939   -0.0122663   -0.00710135   -0.000836855   0.00398637   0.00652787   0.0068047   

1030000
-10   -8   -7   -6   -5   -4   -3   -2   -1   0   1   2   3   5   6   7   8   9   10   11   12   13   14   15   16   17   18   
-0.497655   -0.29228   -0.200525   -0.112464   -0.0259244   0.0561958   0.134648   0.214681   0.277739   0.321978   0.389143   0.550277   0.688914   0.96938   1.06271   1.11021   1.17168   1.24209   1.30939   1.37975   1.4465   1.51099   1.56237   1.58611   1.597   1.59888   1.58478   
0.0173398   0.0135426   0.0117922   0.0106505   0.00962491   0.00920096   0.00898495   0.00873258   0.00780005   0.00702807   0.00710599   0.0080582   0.00909226   0.0107702   0.011363   0.0120079   0.0128677   0.0137616   0.0150508   0.0164361   0.0181767   0.0202309   0.0232589   0.028526   0.0356924   0.0447942   0.0566894   
-0.107296   -0.104594   -0.100312   -0.0949484   -0.0891683   -0.0822301   -0.0745926   -0.0674278   -0.0573545   -0.0429577   -0.0328122   -0.0436974   -0.0497785   -0.0637497   -0.0612901   -0.0492362   -0.0404087   -0.0337559   -0.0272828   -0.0220029   -0.0169449   -0.0123418   -0.00715363   -0.000858743   0.00395637   0.00650249   0.0067966   

1035000
-10   -8   -7   -6   -5   -4   -3   -2   -1   0   1   2   3   4   5   6   7   8   9   10   11   12   13   14   15   16   17   18   
-0.497099   -0.292113   -0.200291   -0.112418   -0.0260178   0.0560833   0.134574   0.214632   0.277834   0.322213   0.388973   0.549802   0.688432   0.831938   0.968882   1.06328   1.11077   1.17193   1.24254   1.30995   1.38033   1.44684   1.51158   1.56281   1.58627   1.59746   1.59961   1.58562   
0.0172758   0.0135056   0.0117683   0.0106273   0.00961234   0.00920082   0.00897888   0.00873142   0.00779917   0.00702729   0.00709919   0.00804587   0.00907742   0.0100405   0.0107551   0.0113502   0.0119896   0.0128565   0.0137411   0.0150235   0.0164064   0.0181567   0.0201966   0.0232303   0.0285125   0.0356527   0.0447185   0.0565988   
-0.107426   -0.104632   -0.100359   -0.0949614   -0.0891458   -0.0822013   -0.0745757   -0.067415   -0.0573699   -0.0430091   -0.0327788   -0.0435978   -0.0496783   -0.0572242   -0.0636415   -0.0614044   -0.0493422   -0.0404558   -0.0338342   -0.0273738   -0.02209   -0.0169942   -0.0124163   -0.007204   -0.000877204   0.00392731   0.00647954   0.00678736   

1040000
-10   -9   -8   -7   -6   -5   -4   -3   -2   -1   0   1   2   3   4   5   6   7   8   9   10   11   12   13   14   15   16   17   18   
-0.49655   -0.388985   -0.291929   -0.200037   -0.112367   -0.0261075   0.0559764   0.134496   0.214551   0.277926   0.322447   0.388789   0.549318   0.687953   0.831448   0.968388   1.06384   1.11132   1.17216   1.24299   1.31051   1.3809   1.44717   1.51215   1.56323   1.5864   1.5979   1.60033   1.58637   
0.0172125   0.0151555   0.0134689   0.0117452   0.0106045   0.00960017   0.00920174   0.0089732   0.00872884   0.00779876   0.00702685   0.00709267   0.00803367   0.00906273   0.010023   0.0107403   0.0113378   0.0119715   0.0128457   0.0137209   0.0149966   0.016377   0.0181373   0.0201626   0.023203   0.0285013   0.0356149   0.0446515   0.0565161   
-0.107554   -0.107526   -0.104673   -0.10041   -0.0949754   -0.089124   -0.0821734   -0.0745581   -0.0673964   -0.0573847   -0.0430603   -0.0327426   -0.0434963   -0.049579   -0.0571187   -0.0635341   -0.0615169   -0.0494471   -0.0405006   -0.0339119   -0.0274638   -0.0221756   -0.0170422   -0.0124894   -0.00725261   -0.000893941   0.00389916   0.00645535   0.00677852   

1045000
-10   -9   -8   -7   -6   -5   -4   -3   -2   0   1   2   3   4   5   6   7   8   9   10   11   12   13   14   15   16   17   18   
-0.496008   -0.389008   -0.291727   -0.200319   -0.11231   -0.0261934   0.0558766   0.134416   0.214462   0.322695   0.388595   0.548826   0.687478   0.830968   0.967897   1.06439   1.11186   1.17238   1.24343   1.31106   1.38146   1.44759   1.51272   1.56363   1.58652   1.59831   1.60099   1.58704   
0.01715   0.0151284   0.0134323   0.0117284   0.0105822   0.00958836   0.00920376   0.00896796   0.00872651   0.0070271   0.00708637   0.00802158   0.00904819   0.0100053   0.0107256   0.0113257   0.0119537   0.0128352   0.013701   0.01497   0.0163483   0.0181132   0.0201296   0.0231765   0.0284913   0.0355779   0.0445857   0.0564411   
-0.10768   -0.107515   -0.104719   -0.100345   -0.0949904   -0.0891028   -0.0821468   -0.0745398   -0.0673763   -0.0431145   -0.0327042   -0.0433929   -0.0494805   -0.0570149   -0.0634275   -0.0616276   -0.0495511   -0.0405438   -0.0339881   -0.0275526   -0.0222604   -0.0171025   -0.0125617   -0.00729915   -0.000908982   0.00387275   0.00643285   0.00676967   

1050000
-10   -9   -8   -7   -6   -5   -3   -2   -1   0   1   2   3   4   5   6   7   8   9   10   11   12   13   14   15   16   17   18   
-0.495473   -0.388951   -0.291501   -0.200645   -0.112249   -0.0262745   0.134333   0.214374   0.278042   0.322956   0.38839   0.548324   0.687006   0.830491   0.96741   1.06493   1.1124   1.1726   1.24386   1.31161   1.38202   1.44827   1.51328   1.56401   1.58661   1.5987   1.60162   1.58764   
0.0170882   0.0151029   0.0133959   0.0117134   0.0105603   0.00957697   0.00896317   0.00872484   0.00779645   0.00702805   0.0070803   0.00800966   0.0090338   0.00998777   0.0107112   0.0113138   0.0119362   0.012825   0.0136814   0.0149438   0.0163199   0.0180766   0.0200969   0.0231516   0.0284824   0.0355441   0.0445243   0.0563772   
-0.107805   -0.10752   -0.104769   -0.10027   -0.0950062   -0.0890825   -0.0745209   -0.0673561   -0.0574014   -0.0431718   -0.0326636   -0.0432873   -0.0493826   -0.0569119   -0.0633218   -0.0617373   -0.049654   -0.0405853   -0.0340635   -0.0276404   -0.0223438   -0.0171958   -0.0126326   -0.0073439   -0.000922574   0.00384661   0.00641084   0.00675993   

1055000
-10   -9   -8   -7   -6   -5   -4   -3   -2   -1   0   1   2   3   4   5   6   7   8   9   10   11   12   13   14   15   16   17   18   
-0.494914   -0.388841   -0.291265   -0.20089   -0.112183   -0.0263509   0.0557256   0.134248   0.214289   0.278063   0.323233   0.388172   0.547813   0.686537   0.830017   0.966925   1.06547   1.11293   1.1728   1.24429   1.31215   1.38256   1.44894   1.51382   1.56436   1.58669   1.59908   1.60221   1.58815   
0.0170276   0.0150796   0.0133599   0.011699   0.0105387   0.00956603   0.00920882   0.00895885   0.00872396   0.0077943   0.00702981   0.00707446   0.00799782   0.00901954   0.00997044   0.010697   0.0113021   0.0119189   0.0128152   0.0136621   0.014918   0.016292   0.0180408   0.0200654   0.0231285   0.0284757   0.0355118   0.0444651   0.0563213   
-0.107934   -0.107536   -0.104822   -0.100211   -0.095023   -0.089063   -0.0821044   -0.0745014   -0.0673363   -0.0574026   -0.0432324   -0.0326202   -0.0431797   -0.0492854   -0.0568095   -0.0632166   -0.061846   -0.0497559   -0.0406251   -0.0341381   -0.0277272   -0.0224258   -0.0172874   -0.0127021   -0.00738521   -0.000935737   0.00382175   0.00638993   0.0067503   

1060000
-10   -9   -8   -7   -6   -5   -4   -3   -2   -1   0   1   2   3   4   5   6   7   8   9   10   11   12   13   14   15   16   17   18   
-0.494364   -0.388691   -0.291024   -0.201069   -0.112114   -0.0264232   0.0555511   0.134161   0.214194   0.27808   0.323524   0.387945   0.547293   0.686071   0.829547   0.966443   1.06601   1.11345   1.173   1.24471   1.31268   1.38309   1.44959   1.51435   1.56468   1.58677   1.59942   1.60278   1.5886   
0.0169677   0.0150591   0.0133241   0.0116855   0.0105176   0.00955556   0.00919589   0.00895507   0.00872293   0.00779256   0.00703246   0.00706885   0.00798608   0.00900542   0.00995327   0.010683   0.0112906   0.0119019   0.0128057   0.013643   0.0148924   0.0162646   0.0180058   0.0200342   0.0231067   0.0284686   0.0354813   0.0444109   0.0562746   
-0.108061   -0.107559   -0.104876   -0.100166   -0.0950404   -0.0890442   -0.0820689   -0.0744817   -0.0673145   -0.0574032   -0.0432964   -0.0325751   -0.0430699   -0.0491889   -0.0567079   -0.0631121   -0.0619536   -0.0498564   -0.0406634   -0.0342121   -0.0278131   -0.0225064   -0.0173772   -0.0127701   -0.00742454   -0.00094759   0.00379865   0.00636894   0.00674031   

1065000
-10   -9   -8   -7   -6   -5   -4   -3   -2   -1   0   1   2   3   4   5   6   7   8   9   10   11   12   13   14   15   16   17   18   
-0.49382   -0.388509   -0.290778   -0.20119   -0.112041   -0.0264907   0.055374   0.134072   0.21407   0.278095   0.323831   0.38771   0.546764   0.685609   0.82908   0.965964   1.06654   1.11397   1.17319   1.24513   1.3132   1.38361   1.45023   1.51487   1.56499   1.58683   1.59974   1.60332   1.58897   
0.0169087   0.0150421   0.0132886   0.0116732   0.0104967   0.00954556   0.00918338   0.00895179   0.00872055   0.00779124   0.00703594   0.00706348   0.00797442   0.00899142   0.00993629   0.0106691   0.0112793   0.0118851   0.0127965   0.0136242   0.0148673   0.0162377   0.0179716   0.0200038   0.0230862   0.0284618   0.0354532   0.0443578   0.0562322   
-0.108186   -0.107588   -0.104931   -0.100133   -0.0950584   -0.0890263   -0.0820326   -0.0744614   -0.0672876   -0.0574031   -0.0433635   -0.0325282   -0.042958   -0.0490931   -0.056607   -0.0630085   -0.0620602   -0.0499557   -0.0407005   -0.0342853   -0.027898   -0.0225855   -0.0174652   -0.0128372   -0.00746185   -0.000958883   0.00377642   0.00634921   0.00673089   

1070000
-10   -9   -8   -7   -6   -5   -4   -3   -2   -1   0   1   2   3   4   5   6   7   8   9   10   11   12   13   14   16   17   18   
-0.493283   -0.388301   -0.290529   -0.201256   -0.111965   -0.026553   0.0551942   0.13396   0.21395   0.278106   0.324005   0.387467   0.546225   0.68515   0.828616   0.965489   1.06706   1.11448   1.17337   1.24554   1.31372   1.38412   1.45085   1.51539   1.56528   1.60004   1.60382   1.58929   
0.0168504   0.0150295   0.0132534   0.0116622   0.0104762   0.00953609   0.0091713   0.00894753   0.00871881   0.00779035   0.00703636   0.00705834   0.00796283   0.00897754   0.00991947   0.0106554   0.0112681   0.0118687   0.0127874   0.0136055   0.0148424   0.0162116   0.017938   0.0199738   0.0230669   0.0354265   0.0443089   0.0561982   
-0.10831   -0.10762   -0.104987   -0.10011   -0.095077   -0.0890094   -0.0819957   -0.0744368   -0.0672613   -0.0574022   -0.043402   -0.0324796   -0.0428439   -0.048998   -0.0565069   -0.0629056   -0.0621658   -0.0500536   -0.0407363   -0.0343578   -0.0279821   -0.0226626   -0.0175514   -0.012903   -0.00749722   0.00375511   0.0063296   0.00672098   

1075000
-10   -9   -8   -7   -6   -5   -4   -3   -2   -1   0   1   2   3   4   5   6   7   8   9   10   11   12   13   14   15   16   17   18   
-0.492753   -0.388069   -0.290276   -0.201273   -0.111965   -0.0266093   0.0550082   0.133784   0.213834   0.278118   0.324192   0.387216   0.545674   0.684694   0.828155   0.965017   1.06758   1.11498   1.17358   1.24595   1.31423   1.38461   1.45146   1.51589   1.56554   1.58715   1.60032   1.60431   1.58956   
0.0167929   0.0150223   0.0132184   0.0116529   0.0104565   0.00952717   0.0091594   0.00893934   0.00871769   0.00779004   0.00703754   0.00705343   0.00795141   0.00896378   0.00990284   0.0106418   0.0112572   0.0118526   0.0127775   0.0135872   0.0148178   0.0161861   0.0179054   0.0199445   0.0230487   0.0284354   0.0354015   0.0442635   0.0561694   
-0.108432   -0.107654   -0.105043   -0.100098   -0.0950794   -0.0889936   -0.0819574   -0.0744   -0.0672356   -0.0574012   -0.0434435   -0.0324296   -0.0427272   -0.0489035   -0.0564075   -0.0628035   -0.0622704   -0.05015   -0.0407764   -0.0344297   -0.0280653   -0.0227378   -0.017636   -0.0129679   -0.00753073   -0.000995433   0.00373455   0.00631012   0.00671121   

1080000
-10   -9   -8   -7   -6   -5   -4   -3   -2   -1   0   1   2   3   4   5   6   7   8   9   10   11   12   13   14   15   16   17   18   
-0.49223   -0.387817   -0.29002   -0.201243   -0.112195   -0.0266602   0.0548193   0.133604   0.21384   0.278129   0.324394   0.38696   0.545112   0.684241   0.827698   0.964549   1.06809   1.11547   1.17416   1.24636   1.31474   1.38508   1.45205   1.51638   1.56579   1.58749   1.60059   1.60476   1.58978   
0.0167363   0.0150225   0.0131837   0.0116455   0.0104382   0.00951884   0.0091479   0.00893147   0.00871382   0.00779031   0.00703947   0.00704875   0.00794014   0.00895012   0.0098864   0.0106283   0.0112464   0.0118367   0.0127555   0.013569   0.0147935   0.0161614   0.0178734   0.0199157   0.023032   0.0284098   0.0353779   0.0442181   0.056148   
-0.108553   -0.10769   -0.1051   -0.100094   -0.0950326   -0.0889787   -0.0819184   -0.0743621   -0.0672352   -0.0574   -0.043488   -0.0323783   -0.0426079   -0.0488097   -0.0563088   -0.0627021   -0.062374   -0.0502452   -0.0408814   -0.0345009   -0.0281476   -0.0228104   -0.0177188   -0.0130316   -0.0075623   -0.00102673   0.00371492   0.00629247   0.00670078   

1085000
-10   -9   -8   -7   -6   -5   -4   -3   -2   -1   0   1   3   4   5   6   7   8   9   10   11   12   13   14   15   16   17   18   
-0.491713   -0.387544   -0.289763   -0.201166   -0.11241   -0.0267029   0.0546264   0.133418   0.213859   0.278138   0.32461   0.386699   0.683791   0.827244   0.964084   1.0686   1.11596   1.17474   1.24676   1.31524   1.38555   1.45263   1.51686   1.56602   1.58781   1.60084   1.60518   1.59011   
0.0166805   0.0150326   0.0131494   0.0116404   0.0104199   0.00951121   0.00913676   0.00892397   0.00870859   0.00779109   0.00704221   0.00704428   0.00893664   0.0098701   0.0106151   0.0112358   0.011821   0.0127336   0.0135511   0.0147696   0.0161373   0.0178423   0.0198877   0.0230159   0.0283851   0.0353558   0.0441766   0.0561106   
-0.108672   -0.107726   -0.105158   -0.100099   -0.0949889   -0.0889654   -0.0818785   -0.0743233   -0.0672381   -0.0573983   -0.0435359   -0.032326   -0.0487163   -0.0562109   -0.0626015   -0.0624768   -0.0503396   -0.0409853   -0.0345714   -0.0282291   -0.0228814   -0.0177997   -0.0130941   -0.00759186   -0.00105712   0.00369607   0.00627478   0.00669172   

1090000
-10   -9   -8   -7   -6   -5   -4   -3   -2   -1   0   1   2   3   4   5   6   7   8   9   10   11   12   13   14   15   16   17   18   
-0.491204   -0.38725   -0.289505   -0.201041   -0.112612   -0.0267381   0.05443   0.133228   0.213869   0.278142   0.324843   0.386428   0.543959   0.683341   0.826794   0.963622   1.06911   1.11644   1.1753   1.24715   1.31574   1.386   1.4532   1.51733   1.56624   1.58813   1.60107   1.60559   1.59098   
0.0166257   0.015058   0.0131153   0.0116379   0.0104018   0.00950423   0.00912601   0.00891677   0.00870337   0.00779244   0.00704582   0.00704015   0.00791772   0.00892339   0.00985397   0.0106019   0.0112254   0.0118056   0.0127121   0.0135334   0.0147459   0.0161137   0.0178119   0.0198602   0.0230015   0.0283613   0.035335   0.0441375   0.0560146   
-0.108789   -0.10776   -0.105215   -0.100113   -0.094948   -0.0889536   -0.0818376   -0.0742834   -0.0672394   -0.0573957   -0.0435874   -0.0322718   -0.0423626   -0.0486232   -0.0561138   -0.0625017   -0.0625789   -0.0504332   -0.0410882   -0.0346411   -0.0283098   -0.0229511   -0.017879   -0.0131554   -0.00762012   -0.00108679   0.00367807   0.00625766   0.0066836   

1095000
-10   -9   -8   -7   -6   -5   -4   -3   -2   0   1   3   4   5   6   7   8   9   10   11   12   13   14   15   16   17   18   
-0.490701   -0.386932   -0.289245   -0.200869   -0.112801   -0.026783   0.0542297   0.133034   0.213879   0.325094   0.386257   0.683753   0.826347   0.963164   1.06961   1.11692   1.17587   1.24755   1.31623   1.38644   1.45376   1.51779   1.56644   1.58843   1.60128   1.60596   1.59174   
0.0165718   0.0151107   0.0130815   0.0116386   0.0103839   0.00949701   0.00911563   0.00890988   0.00869863   0.00705031   0.00703608   0.00891225   0.00983801   0.0105889   0.0112151   0.0117903   0.0126907   0.0135159   0.0147225   0.0160904   0.0177818   0.0198331   0.0229872   0.0283381   0.0353159   0.0441015   0.0559316   
-0.108905   -0.107786   -0.105273   -0.100135   -0.0949096   -0.0889401   -0.0817958   -0.0742424   -0.0672403   -0.0436427   -0.032239   -0.0487214   -0.0560174   -0.0624026   -0.0626802   -0.0505261   -0.0411902   -0.0347104   -0.0283897   -0.0230193   -0.0179573   -0.0132155   -0.00764633   -0.00111563   0.0036612   0.00624126   0.0066752   

1100000
-10   -9   -8   -7   -6   -5   -4   -3   -2   -1   0   1   2   3   4   5   6   7   8   9   10   11   12   13   14   15   16   17   18   
-0.490206   -0.386588   -0.288984   -0.200647   -0.112977   -0.0268324   0.0540254   0.132834   0.213888   0.278088   0.325312   0.386207   0.542795   0.68381   0.825904   0.962709   1.07011   1.1174   1.17642   1.24794   1.31671   1.38688   1.45431   1.51825   1.56661   1.58872   1.60147   1.60629   1.59241   
0.0165188   0.0152386   0.0130479   0.011643   0.0103662   0.00948959   0.00910562   0.00890329   0.00869432   0.00779371   0.00705451   0.00703188   0.00789473   0.0089004   0.00982218   0.010576   0.011205   0.0117752   0.0126697   0.0134986   0.0146994   0.0160678   0.0177524   0.0198067   0.0229751   0.0283155   0.0352993   0.0440697   0.0558605   
-0.109018   -0.107786   -0.105332   -0.100166   -0.0948737   -0.088926   -0.081753   -0.0742005   -0.067241   -0.0573783   -0.0436911   -0.0322323   -0.0421136   -0.0487409   -0.0559218   -0.0623042   -0.0627808   -0.0506181   -0.0412912   -0.0347788   -0.0284686   -0.0230863   -0.0180347   -0.0132745   -0.00767022   -0.0011437   0.00364536   0.00622533   0.0066663   

1105000
-10   -9   -8   -7   -6   -5   -4   -3   -2   -1   0   2   3   4   5   6   7   8   9   10   11   12   13   14   15   17   18   
-0.489718   -0.386218   -0.288723   -0.200373   -0.113142   -0.0268698   0.0538171   0.13263   0.213896   0.278024   0.325452   0.542239   0.683743   0.825463   0.962257   1.0706   1.11787   1.17697   1.24832   1.31719   1.3873   1.45485   1.51869   1.56677   1.58901   1.6066   1.59297   
0.0164668   0.0152701   0.0130146   0.0116518   0.0103486   0.00948314   0.009096   0.00889694   0.00869041   0.00779334   0.00705695   0.00788109   0.00888836   0.00980654   0.0105633   0.0111952   0.0117603   0.0126489   0.0134816   0.0146766   0.0160455   0.0177232   0.0197811   0.0229634   0.0282939   0.0440392   0.0557972   
-0.10913   -0.107838   -0.10539   -0.100207   -0.0948403   -0.088914   -0.0817093   -0.0741575   -0.0672413   -0.0573629   -0.0437225   -0.0419927   -0.0487326   -0.0558269   -0.0622066   -0.0628807   -0.0507095   -0.0413913   -0.0348466   -0.0285468   -0.0231518   -0.0181109   -0.0133326   -0.00769238   -0.00117122   0.00621032   0.006658   

1110000
-10   -9   -8   -7   -6   -5   -4   -3   -2   -1   0   1   2   3   4   5   6   7   8   9   10   11   12   13   14   15   17   18   
-0.489238   -0.385866   -0.288461   -0.200041   -0.113299   -0.0268946   0.0536045   0.132422   0.213898   0.27796   0.325607   0.3862   0.54168   0.683613   0.825027   0.961808   1.07109   1.11833   1.17752   1.2487   1.31766   1.38771   1.45538   1.51912   1.56698   1.58928   1.60689   1.59346   
0.0164157   0.0152061   0.0129816   0.0116659   0.010331   0.00947766   0.00908672   0.00889087   0.0086866   0.0077933   0.00706008   0.00702055   0.00786756   0.00887624   0.00979104   0.0105507   0.0111854   0.0117456   0.0126284   0.0134648   0.0146541   0.0160238   0.0176948   0.0197558   0.022949   0.0282724   0.0440095   0.0557439   
-0.109241   -0.107928   -0.105449   -0.100256   -0.0948086   -0.0889043   -0.0816645   -0.0741137   -0.0672405   -0.0573472   -0.0437574   -0.0322363   -0.0418709   -0.0487103   -0.0557328   -0.0621097   -0.0629798   -0.0508   -0.0414904   -0.0349138   -0.0286239   -0.023216   -0.0181859   -0.0133894   -0.00771957   -0.00119772   0.00619617   0.00664933   

1115000
-10   -9   -8   -7   -6   -5   -4   -3   -2   -1   0   1   2   3   4   5   6   7   8   9   10   11   12   13   14   15   16   17   18   
-0.488766   -0.385533   -0.2882   -0.199646   -0.11345   -0.0269051   0.0533873   0.132209   0.213874   0.277908   0.325779   0.386238   0.541117   0.683444   0.824594   0.961363   1.07157   1.1188   1.17806   1.24908   1.31812   1.38812   1.45591   1.51954   1.56741   1.58955   1.60226   1.60717   1.59387   
0.0163658   0.0151438   0.0129488   0.0116865   0.0103133   0.00947327   0.00907783   0.00888508   0.00868156   0.00779324   0.00706388   0.00701351   0.00785417   0.00886412   0.00977568   0.0105382   0.0111757   0.0117311   0.0126081   0.0134482   0.0146321   0.0160024   0.0176668   0.0197311   0.0229209   0.0282521   0.0352298   0.0439839   0.0556996   
-0.109349   -0.108014   -0.105507   -0.100316   -0.0947782   -0.0888971   -0.0816187   -0.0740688   -0.0672348   -0.057334   -0.0437958   -0.0322462   -0.0417483   -0.0486794   -0.0556394   -0.0620135   -0.0630782   -0.0508898   -0.0415886   -0.0349803   -0.0286999   -0.023279   -0.0182598   -0.0134451   -0.00776895   -0.00122382   0.003588   0.00618179   0.00664057   

1120000
-10   -9   -8   -7   -6   -5   -4   -3   -2   -1   0   1   2   4   5   6   7   8   9   10   11   12   13   14   15   16   18   
-0.4883   -0.385217   -0.287939   -0.199182   -0.113597   -0.0268997   0.0531648   0.131993   0.213851   0.277983   0.326043   0.386268   0.540552   0.824163   0.960921   1.07205   1.11926   1.17859   1.24945   1.31858   1.38852   1.45642   1.51996   1.56783   1.58981   1.60276   1.59419   
0.0163168   0.0150833   0.0129163   0.0117153   0.0102958   0.00947011   0.00906928   0.00887953   0.0086771   0.00779013   0.00706592   0.00700668   0.00784091   0.00976047   0.0105259   0.0111665   0.0117167   0.012588   0.0134318   0.0146103   0.0159814   0.0176393   0.0197069   0.022894   0.028232   0.035186   0.0556644   
-0.109456   -0.108095   -0.105566   -0.100388   -0.0947486   -0.0888928   -0.0815716   -0.0740232   -0.0672292   -0.057347   -0.0438525   -0.0322544   -0.0416252   -0.0555467   -0.061918   -0.063175   -0.050979   -0.0416858   -0.0350463   -0.0287747   -0.0233411   -0.0183325   -0.0134996   -0.00781642   -0.00124891   0.00355756   0.00663174   

1125000
-10   -9   -8   -7   -6   -5   -4   -2   -1   0   1   2   3   4   5   6   7   8   9   10   11   12   13   14   15   16   17   18   
-0.487838   -0.384917   -0.287679   -0.198637   -0.113738   -0.0268772   0.0529373   0.213828   0.278058   0.326366   0.386291   0.539986   0.683076   0.823736   0.960482   1.07252   1.11971   1.17912   1.24982   1.31903   1.38891   1.45692   1.52036   1.56822   1.59005   1.60324   1.60803   1.59444   
0.0162689   0.0150245   0.0128841   0.0117548   0.0102785   0.00946825   0.00906107   0.00867312   0.00778747   0.00706718   0.00700005   0.00782777   0.00883789   0.0097454   0.0105136   0.0111573   0.0117026   0.0125682   0.0134155   0.014589   0.015961   0.0176124   0.0196833   0.0228683   0.0282128   0.0351445   0.0438997   0.0556385   
-0.109561   -0.108174   -0.105624   -0.100471   -0.0947201   -0.0888916   -0.0815234   -0.0672235   -0.0573599   -0.0439213   -0.0322613   -0.0415018   -0.0486086   -0.0554547   -0.0618233   -0.0632698   -0.0510673   -0.0417821   -0.0351115   -0.0288482   -0.0234017   -0.0184041   -0.0135529   -0.00786209   -0.00127342   0.00352804   0.00614684   0.00662246   

1130000
-10   -9   -8   -7   -6   -5   -4   -2   -1   0   1   2   3   4   5   6   7   8   9   10   11   12   13   14   15   16   17   18   
-0.487381   -0.384632   -0.28742   -0.198531   -0.113872   -0.0268385   0.0527048   0.213805   0.278132   0.326705   0.386307   0.539419   0.68291   0.823312   0.960046   1.07298   1.12016   1.17964   1.25018   1.31947   1.38929   1.45742   1.52075   1.5686   1.59028   1.6037   1.60878   1.59463   
0.0162222   0.0149672   0.0128522   0.0117434   0.0102613   0.00946771   0.00905319   0.00866954   0.00778521   0.00706918   0.00699363   0.00781476   0.00882272   0.00973049   0.0105015   0.0111484   0.0116885   0.0125486   0.0133996   0.0145682   0.0159409   0.0175859   0.0196604   0.0228436   0.028196   0.0351057   0.043828   0.0556168   
-0.109666   -0.108249   -0.105682   -0.10049   -0.0946931   -0.0888932   -0.081474   -0.0672177   -0.0573725   -0.0439933   -0.0322667   -0.0413784   -0.0485752   -0.0553634   -0.0617292   -0.0633634   -0.051155   -0.0418774   -0.0351762   -0.0289201   -0.0234612   -0.0184746   -0.0136053   -0.00790586   -0.00129607   0.00349939   0.00612168   0.00661367   

1135000
-10   -9   -8   -7   -6   -5   -4   -3   -2   -1   0   1   2   3   4   5   6   7   8   9   10   11   12   13   14   15   16   17   18   
-0.486923   -0.384359   -0.287162   -0.198621   -0.113998   -0.0267823   0.0524672   0.131436   0.213782   0.278203   0.326975   0.386316   0.538853   0.682728   0.822891   0.959614   1.07343   1.12061   1.18016   1.25054   1.31989   1.38966   1.45791   1.52113   1.56896   1.59048   1.60413   1.60948   1.59476   
0.0161767   0.0149116   0.0128204   0.011708   0.0102442   0.00946857   0.00904563   0.00886169   0.00866639   0.00778334   0.00706969   0.00698743   0.00780187   0.00880768   0.0097157   0.0104895   0.0111397   0.0116747   0.0125293   0.0133838   0.0145477   0.0159212   0.01756   0.0196383   0.0228201   0.0281791   0.0350684   0.0437599   0.0556029   
-0.10977   -0.108321   -0.10574   -0.100482   -0.0946677   -0.088898   -0.0814235   -0.073906   -0.0672115   -0.0573846   -0.0440506   -0.0322708   -0.0412552   -0.0485382   -0.0552727   -0.0616359   -0.063456   -0.051242   -0.0419719   -0.0352402   -0.0289906   -0.0235196   -0.018544   -0.0136563   -0.00794789   -0.00131731   0.00347208   0.00609755   0.00660451   

1140000
-10   -9   -8   -7   -6   -5   -4   -3   -2   -1   0   1   2   3   4   6   7   8   9   10   11   12   13   14   15   16   17   18   
-0.486467   -0.384098   -0.286905   -0.198699   -0.114117   -0.0267073   0.0522247   0.131358   0.21374   0.278274   0.327217   0.386319   0.53829   0.682533   0.822473   1.07388   1.12105   1.18067   1.2509   1.32032   1.39002   1.45838   1.5215   1.5693   1.59068   1.60454   1.61014   1.59485   
0.0161324   0.0148573   0.0127889   0.0116736   0.0102273   0.00947095   0.00903838   0.00885366   0.00866256   0.00778183   0.00706971   0.00698143   0.0077891   0.0087928   0.00970105   0.0111312   0.011661   0.0125101   0.0133682   0.0145275   0.0159021   0.0175344   0.0196166   0.0227977   0.0281633   0.0350334   0.0436955   0.0555939   
-0.109873   -0.10839   -0.105798   -0.100475   -0.0946435   -0.0889061   -0.0813719   -0.0738897   -0.067202   -0.0573964   -0.0441018   -0.0322736   -0.0411325   -0.0484984   -0.0551828   -0.0635474   -0.0513283   -0.0420654   -0.0353035   -0.0290603   -0.0235765   -0.0186122   -0.0137052   -0.00798819   -0.00133799   0.00344541   0.00607439   0.00659542   

1145000
-10   -9   -8   -7   -6   -5   -4   -3   -2   -1   0   1   2   3   4   5   6   7   8   9   10   11   12   13   14   15   16   17   18   
-0.486011   -0.376763   -0.28665   -0.198767   -0.11423   -0.0266114   0.051978   0.131276   0.213694   0.278342   0.327468   0.386317   0.537731   0.682327   0.822059   0.958758   1.07433   1.12149   1.18118   1.25125   1.32073   1.39037   1.45885   1.52185   1.56963   1.59087   1.60493   1.61077   1.59536   
0.0160895   0.0100842   0.0127577   0.0116399   0.0102105   0.00947498   0.00903143   0.00884582   0.00865896   0.00778065   0.00707029   0.00697565   0.00777644   0.00877803   0.00968653   0.0104659   0.0111228   0.0116475   0.0124912   0.0133528   0.0145076   0.0158835   0.0175094   0.0195958   0.0227765   0.028149   0.034999   0.0436359   0.0555388   
-0.109975   -0.107554   -0.105856   -0.100471   -0.0946207   -0.0889181   -0.0813193   -0.0738725   -0.0671916   -0.0574078   -0.0441551   -0.0322756   -0.0410107   -0.0484562   -0.0550935   -0.0614512   -0.0636377   -0.0514139   -0.0421581   -0.0353663   -0.029129   -0.0236319   -0.0186792   -0.0137531   -0.00802674   -0.00135822   0.00342009   0.00605177   0.00658724   

1150000
-10   -9   -8   -7   -6   -5   -4   -3   -2   -1   0   1   2   3   4   5   6   7   8   9   10   11   12   13   14   15   16   17   18   
-0.485555   -0.383604   -0.286972   -0.198821   -0.114337   -0.0264916   0.0517272   0.131189   0.213647   0.278409   0.32773   0.386311   0.537171   0.682113   0.821647   0.958332   1.07476   1.12192   1.18168   1.25159   1.32114   1.39072   1.45931   1.5222   1.56992   1.59105   1.60531   1.61136   1.59594   
0.0160481   0.0147529   0.0127319   0.0116071   0.0101939   0.00948082   0.00902475   0.00883819   0.00865572   0.0077798   0.00707151   0.00697008   0.00776392   0.0087634   0.00967215   0.0104545   0.0111147   0.0116343   0.0124725   0.0133378   0.014488   0.0158654   0.0174848   0.0195754   0.022757   0.0281347   0.0349669   0.0435785   0.0554749   
-0.110077   -0.108522   -0.105789   -0.100469   -0.094599   -0.0889344   -0.0812658   -0.0738545   -0.0671808   -0.0574187   -0.0442108   -0.0322767   -0.0408887   -0.0484123   -0.0550048   -0.0613595   -0.0637266   -0.0514982   -0.0422499   -0.0354276   -0.0291969   -0.023686   -0.018745   -0.0137999   -0.00806209   -0.00137726   0.00339518   0.00602963   0.00657937   

1155000
-10   -9   -8   -7   -6   -5   -4   -3   -2   -1   0   1   2   3   4   5   6   7   8   9   10   11   12   13   14   15   16   17   18   
-0.485095   -0.38337   -0.287666   -0.198862   -0.114438   -0.0263471   0.0514731   0.131099   0.213596   0.278474   0.328003   0.386301   0.53683   0.681892   0.821238   0.957909   1.07519   1.12235   1.18218   1.25193   1.32155   1.39105   1.45976   1.52254   1.5702   1.59122   1.60567   1.61193   1.59642   
0.0160082   0.0147026   0.0127091   0.011575   0.0101773   0.0094886   0.00901834   0.00883074   0.00865289   0.00777929   0.00707341   0.00696472   0.00775237   0.00874889   0.00965788   0.0104431   0.0111067   0.0116213   0.0124541   0.0133231   0.0144687   0.0158475   0.0174607   0.0195555   0.0227388   0.0281208   0.0349355   0.043524   0.0554219   
-0.11018   -0.108584   -0.105642   -0.10047   -0.0945785   -0.0889552   -0.0812116   -0.0738356   -0.0671692   -0.0574293   -0.0442688   -0.0322771   -0.0408154   -0.0483668   -0.0549168   -0.0612684   -0.0638143   -0.0515815   -0.0423408   -0.035488   -0.0292639   -0.0237389   -0.0188097   -0.0138455   -0.00809571   -0.00139544   0.00337141   0.00600832   0.00657143   

1160000
-10   -9   -8   -7   -6   -5   -4   -3   -2   -1   0   1   2   3   4   5   6   7   8   9   10   11   12   13   14   15   16   17   18   
-0.484632   -0.383141   -0.288216   -0.198889   -0.114534   -0.0263894   0.051216   0.131005   0.213544   0.278487   0.328289   0.386287   0.536741   0.681665   0.820832   0.957489   1.07562   1.12277   1.18267   1.25227   1.32194   1.39137   1.4602   1.52287   1.57045   1.59138   1.60601   1.61247   1.59679   
0.01597   0.0146535   0.0126851   0.0115436   0.010161   0.00948504   0.00901217   0.00882348   0.00865043   0.00777667   0.00707597   0.00695959   0.00774193   0.00873449   0.00964376   0.0104319   0.0110989   0.0116084   0.0124358   0.0133086   0.0144496   0.0158304   0.0174371   0.0195363   0.0227215   0.0281079   0.0349057   0.0434721   0.055383   
-0.110282   -0.108646   -0.105527   -0.100473   -0.094559   -0.0889426   -0.0811567   -0.073816   -0.0671572   -0.0574304   -0.0443295   -0.0322767   -0.0407983   -0.0483201   -0.0548295   -0.061178   -0.0639004   -0.0516642   -0.0424309   -0.0355476   -0.0293299   -0.0237904   -0.0188733   -0.0138902   -0.0081273   -0.00141288   0.00334833   0.00598761   0.00656288   

1165000
-10   -9   -8   -7   -6   -5   -4   -3   -2   -1   0   1   2   3   4   5   6   7   8   9   10   11   12   13   14   15   16   17   18   
-0.484167   -0.382916   -0.288665   -0.198899   -0.114625   -0.0266167   0.0510654   0.130908   0.213483   0.278493   0.328588   0.386269   0.536583   0.681433   0.820429   0.957071   1.07603   1.12319   1.18315   1.2526   1.32233   1.39169   1.46064   1.52319   1.57069   1.59153   1.60634   1.61299   1.59707   
0.0159336   0.0146055   0.0126604   0.011513   0.0101447   0.00947029   0.00900356   0.00881641   0.00864792   0.00777407   0.00707923   0.00695466   0.00773137   0.00872025   0.00962975   0.0104207   0.0110913   0.0115957   0.0124177   0.0132943   0.014431   0.0158135   0.017414   0.0195175   0.0227054   0.0280959   0.0348782   0.0434224   0.0553514   
-0.110384   -0.108706   -0.105433   -0.10048   -0.0945406   -0.0888967   -0.081125   -0.0737954   -0.0671434   -0.05743   -0.0443932   -0.0322756   -0.0407657   -0.0482721   -0.0547429   -0.0610881   -0.0639851   -0.0517461   -0.0425201   -0.0356064   -0.0293947   -0.0238407   -0.0189357   -0.0139339   -0.008157   -0.00142961   0.00332552   0.00596755   0.00655473   

1170000
-10   -9   -8   -7   -6   -5   -4   -3   -2   -1   0   1   2   3   4   5   6   7   8   9   10   11   12   13   14   15   16   17   18   
-0.483704   -0.382694   -0.289039   -0.198892   -0.114711   -0.0268424   0.0509367   0.130806   0.21341   0.278497   0.328812   0.386246   0.536372   0.681197   0.82003   0.956657   1.07644   1.1236   1.18364   1.25292   1.32272   1.392   1.46106   1.5235   1.57091   1.59167   1.60665   1.61348   1.59727   
0.0158994   0.0145585   0.0126352   0.0114829   0.0101286   0.009456   0.00899457   0.00880952   0.00864516   0.00777174   0.00708066   0.00695001   0.00772072   0.00870611   0.00961588   0.0104097   0.0110839   0.0115832   0.0123998   0.0132803   0.0144127   0.0157971   0.0173913   0.0194989   0.0226906   0.0280839   0.0348505   0.0433749   0.0553313   
-0.110485   -0.108765   -0.105356   -0.10049   -0.0945231   -0.088851   -0.0810981   -0.0737741   -0.0671274   -0.057429   -0.0444407   -0.0322737   -0.0407214   -0.0482233   -0.0546569   -0.0609989   -0.0640682   -0.0518272   -0.0426085   -0.0356645   -0.0294586   -0.0238899   -0.0189972   -0.0139766   -0.00818474   -0.00144534   0.00330432   0.00594812   0.00654606   

1175000
-10   -9   -8   -7   -6   -5   -4   -3   -2   -1   0   1   2   3   4   5   6   7   8   9   10   11   12   14   15   16   17   18   
-0.48324   -0.382473   -0.28935   -0.198875   -0.114793   -0.027067   0.0508037   0.130701   0.213333   0.278497   0.329008   0.38622   0.536116   0.680957   0.819633   0.956245   1.07684   1.12401   1.18411   1.25324   1.3231   1.3923   1.46148   1.57111   1.59181   1.60695   1.61395   1.59737   
0.0158676   0.0145125   0.0126095   0.0114535   0.0101126   0.00944215   0.00898581   0.0088028   0.00864263   0.00776972   0.00708162   0.0069456   0.00771001   0.00869208   0.00960213   0.0103989   0.0110766   0.0115708   0.0123821   0.0132664   0.0143946   0.0157812   0.0173689   0.0226769   0.0280732   0.0348247   0.0433299   0.0553199   
-0.110584   -0.108824   -0.105292   -0.100502   -0.0945065   -0.0888053   -0.0810701   -0.073752   -0.0671106   -0.0574274   -0.0444825   -0.0322708   -0.0406671   -0.0481738   -0.0545716   -0.0609102   -0.0641499   -0.0519077   -0.0426962   -0.0357218   -0.0295217   -0.0239374   -0.0190573   -0.00821054   -0.0014608   0.00328329   0.00592916   0.00653758   

1180000
-10   -9   -8   -7   -6   -5   -4   -3   -2   -1   0   1   2   3   4   5   6   7   8   9   10   11   12   13   14   15   16   17   18   
-0.482775   -0.382251   -0.289611   -0.19885   -0.114869   -0.0272905   0.0506653   0.130592   0.213253   0.278495   0.329216   0.386189   0.535822   0.680715   0.81924   0.955835   1.07723   1.12442   1.18459   1.25355   1.32347   1.39258   1.46188   1.52422   1.57129   1.59193   1.60724   1.6144   1.59741   
0.0158387   0.0144674   0.0125837   0.0114247   0.0100968   0.00942874   0.00897728   0.00879626   0.00864038   0.007768   0.00708322   0.00694142   0.00769928   0.00867819   0.0095885   0.0103882   0.0110696   0.0115586   0.0123646   0.0132528   0.0143768   0.0157657   0.0173472   0.019457   0.0226645   0.0280624   0.0348   0.0432863   0.0553163   
-0.110683   -0.108883   -0.105239   -0.100515   -0.0944908   -0.0887597   -0.081041   -0.073729   -0.067093   -0.0574252   -0.0445267   -0.0322673   -0.0406042   -0.0481236   -0.0544869   -0.0608222   -0.06423   -0.0519875   -0.042783   -0.0357782   -0.0295841   -0.0239838   -0.0191165   -0.0140727   -0.00823441   -0.0014756   0.00326306   0.005911   0.00652899   

1185000
-10   -9   -8   -7   -6   -5   -4   -3   -2   -1   0   2   3   4   5   6   7   8   9   10   11   12   13   14   15   16   17   18   
-0.482308   -0.382025   -0.289825   -0.198816   -0.114942   -0.0275128   0.0505225   0.13048   0.21317   0.278493   0.329436   0.535493   0.68047   0.818849   0.955428   1.07761   1.12482   1.18505   1.25386   1.32384   1.39286   1.46228   1.52473   1.57145   1.59205   1.6075   1.61483   1.59739   
0.0158131   0.0144231   0.0125576   0.0113966   0.0100812   0.00941576   0.00896899   0.00878992   0.00863843   0.00776673   0.00708551   0.00768853   0.0086644   0.00957498   0.0103775   0.0110627   0.0115466   0.0123473   0.0132394   0.0143593   0.0157506   0.0173259   0.0194285   0.0226531   0.0280525   0.0347771   0.0432459   0.0553195   
-0.11078   -0.108942   -0.105196   -0.10053   -0.094476   -0.0887142   -0.0810108   -0.0737052   -0.0670748   -0.0574229   -0.0445736   -0.0405338   -0.0480729   -0.0544029   -0.0607347   -0.0643085   -0.0520666   -0.0428693   -0.0358337   -0.0296455   -0.0240289   -0.0191744   -0.0141378   -0.00825628   -0.00148951   0.00324412   0.005893   0.0065203   

1190000
-10   -9   -8   -7   -6   -5   -4   -3   -2   -1   0   1   2   3   4   5   6   7   8   9   10   11   12   13   14   15   16   17   18   
-0.481839   -0.381796   -0.289997   -0.198776   -0.11501   -0.0277336   0.0503751   0.130363   0.213084   0.278486   0.329669   0.386219   0.535135   0.680223   0.818462   0.955024   1.07799   1.12522   1.18552   1.25417   1.3242   1.39314   1.46266   1.52522   1.5716   1.59215   1.60775   1.61523   1.59732   
0.0157915   0.0143796   0.0125313   0.011369   0.0100657   0.00940322   0.00896091   0.00878381   0.00863677   0.00776586   0.00708851   0.00693246   0.00767778   0.00865074   0.00956159   0.010367   0.011056   0.0115347   0.0123301   0.0132263   0.014342   0.0157359   0.0173053   0.0194005   0.0226429   0.0280439   0.0347557   0.0432064   0.0553286   
-0.110875   -0.109002   -0.105162   -0.100547   -0.094462   -0.0886688   -0.0809796   -0.0736806   -0.0670561   -0.0574197   -0.0446231   -0.032279   -0.0404567   -0.0480218   -0.0543196   -0.0606477   -0.0643855   -0.052145   -0.0429549   -0.0358884   -0.0297062   -0.0240727   -0.0192307   -0.0142017   -0.00827632   -0.00150217   0.00322583   0.00587637   0.00651122   

1195000
-10   -9   -8   -7   -6   -5   -4   -3   -2   -1   0   1   2   3   4   5   6   7   8   9   10   11   12   13   14   15   16   17   18   
-0.481352   -0.38156   -0.290128   -0.198728   -0.115074   -0.0279531   0.0502227   0.130242   0.212992   0.278477   0.329916   0.386277   0.53475   0.679974   0.818077   0.954622   1.07836   1.12561   1.18598   1.25446   1.32456   1.3934   1.46304   1.5257   1.57172   1.59225   1.60798   1.6156   1.59764   
0.0157505   0.0143368   0.012505   0.0113419   0.0100503   0.00939107   0.00895307   0.00877788   0.00863505   0.00776537   0.00709226   0.00692766   0.00766703   0.00863718   0.00954832   0.0103565   0.0110494   0.011523   0.0123132   0.0132134   0.0143249   0.0157219   0.0172852   0.019373   0.0226338   0.0280353   0.0347355   0.0431709   0.0552935   
-0.110988   -0.109064   -0.105136   -0.100565   -0.0944488   -0.0886235   -0.0809473   -0.0736551   -0.0670362   -0.0574159   -0.0446756   -0.032294   -0.0403737   -0.0479703   -0.054237   -0.0605613   -0.0644611   -0.0522227   -0.0430399   -0.0359422   -0.0297662   -0.0241152   -0.0192857   -0.0142641   -0.0082947   -0.00151491   0.00320808   0.00586016   0.00650351   

1200000
-10   -9   -8   -6   -5   -4   -3   -2   -1   0   1   2   3   4   5   7   8   9   10   11   12   13   14   15   16   17   18   
-0.480868   -0.381324   -0.290231   -0.115134   -0.028171   0.0500653   0.130118   0.212889   0.278465   0.330176   0.386331   0.534351   0.679725   0.817696   0.954222   1.126   1.18644   1.25476   1.32491   1.39365   1.46341   1.52617   1.57182   1.59236   1.6082   1.61595   1.59786   
0.0157024   0.0142948   0.0124787   0.0100351   0.00937933   0.00894547   0.00877213   0.00863294   0.00776526   0.00709677   0.00692308   0.00765636   0.00862374   0.00953516   0.0103463   0.0115114   0.0122963   0.0132007   0.0143081   0.0157081   0.0172655   0.0193464   0.0226262   0.0280262   0.0347156   0.0431379   0.0552684   
-0.111106   -0.109125   -0.105117   -0.0944365   -0.0885785   -0.0809139   -0.0736287   -0.0670142   -0.0574115   -0.044731   -0.0323081   -0.0402875   -0.0479186   -0.054155   -0.0604754   -0.0522998   -0.0431244   -0.035995   -0.0298253   -0.0241562   -0.0193396   -0.0143249   -0.00830985   -0.00152801   0.00319129   0.00584437   0.00649559   

1205000
-10   -9   -8   -7   -6   -5   -4   -3   -1   0   1   2   3   4   5   7   8   9   10   11   12   13   14   15   16   17   18   
-0.480396   -0.381089   -0.290314   -0.19907   -0.115189   -0.0283874   0.0499025   0.129989   0.278452   0.330349   0.386381   0.533939   0.679474   0.817318   0.953824   1.12639   1.18689   1.25504   1.32526   1.39389   1.46377   1.52663   1.5719   1.59257   1.60841   1.61628   1.598   
0.0156558   0.0142534   0.0124526   0.0112923   0.0100201   0.00936797   0.0089381   0.00876658   0.00776552   0.00709916   0.00691871   0.00764574   0.00861041   0.00952212   0.0103361   0.0115   0.0122797   0.0131883   0.0142917   0.0156951   0.0172463   0.0193205   0.0226196   0.0280095   0.0346972   0.0431056   0.0552544   
-0.111221   -0.109185   -0.105102   -0.100506   -0.094425   -0.0885336   -0.0808793   -0.0736016   -0.0574068   -0.044768   -0.0323215   -0.0401985   -0.0478666   -0.0540737   -0.06039   -0.0523762   -0.0432082   -0.0360468   -0.0298834   -0.0241951   -0.0193923   -0.0143846   -0.00832339   -0.00154862   0.00317493   0.00582959   0.00648743   

1210000
-10   -9   -8   -7   -6   -5   -4   -3   -2   -1   0   1   2   3   4   5   7   8   9   10   11   12   13   14   15   16   17   18   
-0.479935   -0.380857   -0.290377   -0.199441   -0.115239   -0.028602   0.0497343   0.129856   0.212716   0.278436   0.330516   0.386426   0.533515   0.679223   0.816943   0.953429   1.12677   1.18734   1.25533   1.3256   1.39412   1.46412   1.52707   1.57197   1.5929   1.60862   1.61659   1.59805   
0.0156105   0.0142126   0.0124265   0.0112696   0.0100053   0.00935695   0.00893095   0.00876124   0.0086281   0.00776615   0.00710181   0.00691456   0.00763523   0.0085972   0.00950918   0.010326   0.0114887   0.0122632   0.0131761   0.0142753   0.0156825   0.0172275   0.0192948   0.0226139   0.027985   0.0346792   0.0430762   0.0552494   
-0.111333   -0.109245   -0.105091   -0.100434   -0.0944146   -0.0884891   -0.0808434   -0.0735734   -0.0669771   -0.0574016   -0.0448038   -0.0323341   -0.0401068   -0.0478145   -0.053993   -0.060305   -0.0524519   -0.0432914   -0.0360977   -0.0299411   -0.0242325   -0.0194438   -0.014443   -0.00833594   -0.00157868   0.00315906   0.00581489   0.00647915   

1215000
-10   -9   -8   -7   -6   -5   -4   -3   -2   -1   0   1   2   3   4   5   7   8   9   10   11   12   13   14   15   16   17   18   
-0.479485   -0.380627   -0.290425   -0.19979   -0.115285   -0.0288048   0.0495607   0.12972   0.212743   0.27842   0.330692   0.386467   0.533078   0.678971   0.816571   0.953035   1.12716   1.18779   1.2556   1.32593   1.39433   1.46446   1.52751   1.57204   1.59321   1.60881   1.61688   1.59804   
0.0155663   0.0141724   0.0124006   0.0112472   0.00999065   0.00934575   0.00892403   0.0087561   0.00862297   0.00776719   0.00710507   0.00691064   0.00762482   0.00858409   0.00949637   0.010316   0.0114775   0.0122468   0.0131641   0.0142593   0.0156704   0.0172092   0.0192699   0.0226086   0.027962   0.0346623   0.0430491   0.0552511   
-0.111442   -0.109305   -0.105084   -0.100366   -0.094405   -0.0884472   -0.0808063   -0.0735446   -0.0669822   -0.0573962   -0.0448414   -0.0323459   -0.0400123   -0.0477623   -0.053913   -0.0602205   -0.052527   -0.0433739   -0.0361475   -0.0299978   -0.0242684   -0.0194942   -0.0145003   -0.00834807   -0.00160762   0.0031437   0.00580065   0.00647089   

1220000
-10   -9   -8   -7   -6   -5   -4   -3   -2   -1   0   1   2   3   4   5   6   7   8   9   10   11   12   13   14   15   17   18   
-0.479043   -0.380398   -0.290458   -0.200119   -0.115327   -0.0289692   0.0493817   0.12958   0.212765   0.278404   0.330876   0.386507   0.532628   0.678719   0.816202   0.952643   1.08031   1.12753   1.18823   1.25587   1.32627   1.39454   1.46479   1.52794   1.57234   1.59351   1.61715   1.59796   
0.0155231   0.0141329   0.0123748   0.0112251   0.00997622   0.0093329   0.00891734   0.00875119   0.00861803   0.0077686   0.00710892   0.00690694   0.00761448   0.00857109   0.00948366   0.0103061   0.0110144   0.0114665   0.0122306   0.0131524   0.0142435   0.0156588   0.0171913   0.0192455   0.022589   0.0279397   0.0430219   0.0552607   
-0.11155   -0.109364   -0.10508   -0.100302   -0.0943961   -0.0884144   -0.0807681   -0.0735149   -0.0669865   -0.0573905   -0.0448808   -0.0323577   -0.0399148   -0.0477101   -0.0538337   -0.0601364   -0.0648591   -0.0526015   -0.0434559   -0.0361962   -0.0300538   -0.0243027   -0.0195434   -0.0145566   -0.00838285   -0.00163497   0.00578743   0.00646258   

1225000
-10   -9   -8   -7   -6   -5   -4   -3   -2   -1   0   1   2   3   4   5   6   7   8   9   10   12   13   14   15   16   17   18   
-0.47861   -0.380172   -0.290479   -0.200429   -0.115365   -0.0291333   0.0491967   0.129436   0.212784   0.278384   0.331072   0.386545   0.532166   0.678467   0.815835   0.952254   1.081   1.12791   1.18867   1.25613   1.32659   1.46511   1.52836   1.57265   1.59379   1.60937   1.6174   1.5978   
0.0154807   0.0140938   0.0123491   0.0112034   0.00996198   0.00932036   0.00891088   0.00874654   0.00861325   0.00777011   0.00711339   0.00690349   0.00760419   0.00855821   0.00947106   0.0102963   0.0110014   0.0114557   0.0122146   0.013141   0.014228   0.017174   0.0192215   0.0225688   0.0279184   0.034614   0.0429971   0.0552783   
-0.111655   -0.109422   -0.105078   -0.100242   -0.0943881   -0.0883814   -0.0807285   -0.0734845   -0.0669899   -0.0573844   -0.0449226   -0.032369   -0.0398146   -0.0476579   -0.053755   -0.0600528   -0.0649961   -0.0526754   -0.0435373   -0.036244   -0.0301089   -0.0195916   -0.0146117   -0.00841918   -0.0016612   0.00310438   0.00577455   0.00645409   

1230000
-10   -9   -8   -7   -6   -5   -4   -3   -2   -1   0   1   2   3   4   5   6   7   8   9   10   11   12   13   14   15   16   17   18   
-0.478185   -0.379948   -0.290489   -0.200722   -0.115398   -0.0292975   0.0490062   0.12929   0.212799   0.278313   0.331281   0.386579   0.531693   0.678215   0.815472   0.951866   1.08169   1.12828   1.18911   1.25639   1.32691   1.39533   1.46543   1.52877   1.57294   1.59405   1.60983   1.61763   1.5976   
0.0154392   0.0140553   0.0123236   0.0111819   0.009948   0.00930813   0.00890465   0.00874212   0.00860862   0.0077693   0.00711851   0.00690024   0.00759399   0.00854543   0.00945858   0.0102866   0.0109885   0.011445   0.0121987   0.0131298   0.0142128   0.0156195   0.0171569   0.0191981   0.0225499   0.0278982   0.0345747   0.0429749   0.0553016   
-0.111759   -0.109479   -0.105079   -0.100185   -0.094381   -0.0883483   -0.0806877   -0.0734535   -0.0669926   -0.0573689   -0.0449672   -0.0323799   -0.039712   -0.0476057   -0.0536769   -0.0599697   -0.0651322   -0.0527487   -0.0436182   -0.0362906   -0.0301632   -0.0244243   -0.0196386   -0.0146658   -0.00845398   -0.00168644   0.0030752   0.00576216   0.00644562   

1235000
-10   -9   -8   -7   -6   -5   -4   -3   -2   -1   1   2   3   4   5   6   7   8   9   10   11   12   13   14   15   16   17   18   
-0.477768   -0.379727   -0.290489   -0.201   -0.115427   -0.0294621   0.0488095   0.129141   0.21281   0.278328   0.386613   0.531209   0.677964   0.815111   0.95148   1.08237   1.12864   1.18954   1.25664   1.32723   1.39585   1.46574   1.52917   1.57322   1.59431   1.61029   1.61795   1.59738   
0.0153984   0.0140173   0.0122982   0.0111607   0.00993424   0.00929621   0.00889864   0.00873791   0.00860415   0.00776625   0.00689726   0.00758385   0.00853275   0.00944625   0.010277   0.0109759   0.0114343   0.012183   0.0131188   0.0141978   0.015594   0.0171402   0.0191753   0.0225319   0.0278793   0.0345372   0.0429458   0.0553273   
-0.11186   -0.109536   -0.105081   -0.100132   -0.0943747   -0.0883149   -0.0806456   -0.0734219   -0.0669945   -0.0573708   -0.0323907   -0.0396068   -0.0475535   -0.0535993   -0.0598869   -0.0652674   -0.0528215   -0.0436984   -0.0363362   -0.0302168   -0.0245044   -0.0196845   -0.0147188   -0.00848711   -0.0017107   0.00304646   0.0057471   0.00643693   

1240000
-10   -9   -8   -7   -6   -5   -4   -3   -2   -1   1   2   3   5   6   7   8   9   10   11   12   13   14   15   16   17   18   
-0.477358   -0.379506   -0.290479   -0.201263   -0.115451   -0.0296275   0.0486072   0.128989   0.212815   0.27838   0.386644   0.530714   0.677713   0.951097   1.08305   1.12901   1.18997   1.25688   1.32754   1.39637   1.46604   1.52956   1.57347   1.59453   1.61072   1.61864   1.59749   
0.0153581   0.0139797   0.0122731   0.0111398   0.00992071   0.00928458   0.00889286   0.0087339   0.00859969   0.00776241   0.00689462   0.00757377   0.00852019   0.0102675   0.0109633   0.0114239   0.0121675   0.013108   0.014183   0.015569   0.017124   0.0191528   0.0225146   0.0278619   0.0345002   0.0428758   0.0553148   
-0.11196   -0.109593   -0.105086   -0.100081   -0.0943693   -0.0882812   -0.0806022   -0.0733896   -0.0669952   -0.0573805   -0.0324012   -0.0394992   -0.0475015   -0.0598047   -0.0654019   -0.0528936   -0.043778   -0.0363807   -0.0302695   -0.0245831   -0.0197294   -0.0147707   -0.00851843   -0.00173222   0.00301901   0.00572431   0.00642937   

1245000
-10   -9   -8   -7   -6   -5   -4   -3   -2   -1   0   1   2   3   4   5   6   7   8   9   10   11   12   13   14   15   16   17   18   
-0.476955   -0.379289   -0.290461   -0.201513   -0.115472   -0.0297944   0.0483991   0.128834   0.212808   0.27843   0.331842   0.38667   0.530207   0.677462   0.814396   0.950716   1.08358   1.12937   1.19039   1.25712   1.32785   1.39687   1.46632   1.52994   1.57371   1.59473   1.61114   1.61933   1.59748   
0.0153184   0.0139425   0.0122482   0.0111192   0.00990744   0.00927323   0.00888731   0.00873008   0.00859486   0.00775883   0.00712702   0.00689219   0.00756375   0.00850772   0.009422   0.0102581   0.0109506   0.0114135   0.0121521   0.0130975   0.0141685   0.0155445   0.0171085   0.0191309   0.0224991   0.027846   0.034465   0.0428138   0.0553164   
-0.112058   -0.109649   -0.105093   -0.100033   -0.0943646   -0.0882471   -0.0805576   -0.0733568   -0.0669938   -0.0573896   -0.0450856   -0.0324109   -0.0393888   -0.0474496   -0.0534458   -0.0597229   -0.0655061   -0.0529651   -0.0438571   -0.0364242   -0.0303214   -0.0246603   -0.0197728   -0.0148216   -0.00854714   -0.00175294   0.00299173   0.00569982   0.00642141   

1250000
-10   -9   -8   -7   -6   -5   -4   -3   -2   -1   0   1   2   3   4   6   7   8   9   10   11   12   13   14   15   16   17   18   
-0.476559   -0.379073   -0.290435   -0.20175   -0.115488   -0.0330088   0.0481853   0.128677   0.212798   0.27848   0.332084   0.386698   0.529688   0.677213   0.814042   1.08327   1.12973   1.19082   1.25735   1.32815   1.39737   1.4666   1.53031   1.57392   1.59493   1.61155   1.61996   1.59737   
0.0152793   0.0139058   0.0122236   0.0110988   0.00989441   0.00575352   0.00888198   0.00872645   0.00859016   0.00775561   0.00712725   0.00689   0.00755378   0.00849538   0.00941003   0.010936   0.0114033   0.0121369   0.0130872   0.0141543   0.0155206   0.0170934   0.0191094   0.0224847   0.0278307   0.0344303   0.042751   0.0553296   
-0.112155   -0.109704   -0.105101   -0.0999877   -0.0943608   -0.0865389   -0.0805117   -0.0733235   -0.0669915   -0.0573986   -0.0451357   -0.032421   -0.0392758   -0.0473978   -0.05337   -0.0654339   -0.0530361   -0.0439355   -0.0364667   -0.0303725   -0.0247362   -0.0198146   -0.0148715   -0.00857398   -0.00177243   0.0029655   0.00567799   0.00641332   

1255000
-10   -9   -8   -7   -6   -5   -4   -3   -2   -1   0   1   2   3   4   5   6   7   8   9   10   11   12   13   14   15   16   17   18   
-0.476168   -0.378859   -0.290402   -0.201976   -0.115499   -0.0301307   0.0479667   0.128519   0.212783   0.278527   0.332336   0.386726   0.529157   0.676964   0.813692   0.950006   1.08296   1.13008   1.19123   1.25758   1.32844   1.39785   1.46687   1.53068   1.57412   1.59511   1.61195   1.62057   1.59718   
0.0152404   0.0138695   0.0121991   0.0110787   0.00988167   0.0092514   0.00887689   0.008723   0.0085856   0.00775267   0.00712803   0.00688803   0.00754388   0.00848312   0.00939817   0.010236   0.0109215   0.0113933   0.0121218   0.0130771   0.0141403   0.0154969   0.0170787   0.0190883   0.0224711   0.0278166   0.0343962   0.0426919   0.0553514   
-0.112251   -0.109759   -0.10511   -0.0999446   -0.0943579   -0.0881779   -0.0804647   -0.0732901   -0.0669884   -0.0574072   -0.0451878   -0.0324312   -0.0391603   -0.0473462   -0.0532947   -0.0595678   -0.0653623   -0.0531064   -0.0440132   -0.0365082   -0.0304227   -0.0248108   -0.0198552   -0.0149207   -0.00859916   -0.00179103   0.00294011   0.0056563   0.0064052   

1260000
-10   -9   -8   -7   -6   -5   -4   -3   -2   -1   0   1   2   3   5   7   8   9   10   11   12   13   14   15   16   17   18   
-0.475783   -0.378647   -0.290362   -0.202191   -0.115505   -0.0303019   0.0477432   0.128359   0.212765   0.278574   0.332597   0.386754   0.528616   0.676715   0.949692   1.13043   1.19165   1.2578   1.32873   1.39833   1.46733   1.53104   1.57431   1.59528   1.61233   1.62116   1.59692   
0.015202   0.0138335   0.012175   0.0110588   0.00986922   0.00924089   0.00887202   0.00871972   0.00858117   0.00775   0.00712943   0.00688626   0.00753403   0.00847099   0.0102225   0.0113835   0.0121069   0.0130673   0.0141265   0.0154739   0.0170549   0.0190677   0.0224586   0.0278033   0.0343638   0.0426358   0.0553812   
-0.112345   -0.109814   -0.105121   -0.0999038   -0.0943558   -0.0881425   -0.0804167   -0.0732562   -0.0669845   -0.0574155   -0.0452418   -0.0324415   -0.0390422   -0.0472947   -0.0594964   -0.0531751   -0.0440902   -0.0365488   -0.0304721   -0.0248841   -0.0199207   -0.014969   -0.00862271   -0.00180857   0.00291491   0.00563529   0.00639689   

1265000
-10   -9   -8   -7   -6   -5   -4   -3   -2   -1   0   1   2   3   4   5   6   7   8   9   10   11   12   13   14   15   16   17   18   
-0.475405   -0.378437   -0.290375   -0.202396   -0.115507   -0.0304753   0.0475158   0.128268   0.212743   0.278618   0.33287   0.386783   0.528063   0.676467   0.812998   0.949378   1.08235   1.13077   1.19206   1.25802   1.32901   1.39879   1.46782   1.53139   1.57448   1.59543   1.6127   1.62172   1.59658   
0.015164   0.0137979   0.00790437   0.0110391   0.00985713   0.00923067   0.00886735   0.00871502   0.00857686   0.00774761   0.00713144   0.00688467   0.00752425   0.00845898   0.00937476   0.010209   0.010893   0.0113739   0.0120922   0.0130576   0.014113   0.0154513   0.0170295   0.0190474   0.022447   0.0277909   0.0343313   0.042582   0.0554189   
-0.112437   -0.109868   -0.103207   -0.0998649   -0.0943548   -0.0881065   -0.0803679   -0.073237   -0.0669798   -0.0574233   -0.0452982   -0.0324521   -0.0389218   -0.0472434   -0.0531459   -0.0594254   -0.0652204   -0.0532432   -0.0441665   -0.0365884   -0.0305207   -0.0249561   -0.0199911   -0.0150164   -0.00864458   -0.00182512   0.00289088   0.00561494   0.00638847   

1270000
-10   -9   -8   -7   -6   -5   -4   -3   -2   -1   1   2   3   5   7   8   9   10   11   12   13   14   15   16   17   18   
-0.475033   -0.378228   -0.290264   -0.202591   -0.115504   -0.0306513   0.047285   0.128237   0.212717   0.278662   0.386814   0.527501   0.67622   0.949067   1.13111   1.19246   1.25823   1.32929   1.39925   1.4683   1.53174   1.57463   1.59558   1.61306   1.62225   1.59619   
0.0151263   0.0137626   0.0121275   0.0110196   0.00984535   0.0092207   0.00886288   0.00870912   0.0085727   0.00774552   0.00688324   0.00751452   0.00844713   0.0101957   0.0113643   0.0120777   0.0130481   0.0140998   0.015429   0.0170047   0.0190275   0.0224365   0.0277793   0.0343005   0.0425315   0.0554631   
-0.112529   -0.109922   -0.105147   -0.099828   -0.0943545   -0.0880698   -0.0803183   -0.0732304   -0.0669744   -0.0574309   -0.032463   -0.0387991   -0.0471921   -0.0593548   -0.0533107   -0.0442419   -0.0366271   -0.0305684   -0.0250269   -0.02006   -0.015063   -0.00866485   -0.00184069   0.00286704   0.00559469   0.00637994   

1275000
-10   -9   -8   -7   -6   -5   -3   -2   -1   0   2   3   4   5   7   8   9   10   11   12   13   14   15   16   17   18   
-0.474665   -0.378023   -0.290206   -0.202777   -0.115496   -0.0308319   0.128203   0.212686   0.278704   0.333371   0.526928   0.675972   0.812315   0.948756   1.13144   1.19286   1.25844   1.32956   1.39971   1.46877   1.53208   1.57476   1.59571   1.61342   1.62277   1.59586   
0.0150889   0.0137277   0.0121042   0.0110003   0.00983391   0.00921089   0.00870342   0.00856874   0.00774372   0.00713481   0.00750485   0.00843538   0.00935178   0.0101825   0.011355   0.0120634   0.0130388   0.014087   0.0154071   0.0169803   0.0190081   0.0224269   0.0277684   0.0342707   0.0424823   0.0555002   
-0.112619   -0.109975   -0.105162   -0.0997929   -0.0943552   -0.0880321   -0.0732232   -0.066968   -0.0574382   -0.0454019   -0.038674   -0.0471409   -0.0529993   -0.0592845   -0.0533774   -0.0443165   -0.036665   -0.030615   -0.0250968   -0.0201273   -0.0151088   -0.00868328   -0.00185533   0.00284373   0.00557551   0.00637169   

1280000
-10   -9   -8   -7   -6   -5   -4   -3   -2   -1   0   2   3   4   5   7   8   9   10   11   12   13   14   15   16   17   18   
-0.474304   -0.377819   -0.290143   -0.202954   -0.115484   -0.0310173   0.0469243   0.128167   0.212652   0.278745   0.333579   0.526345   0.675727   0.811977   0.948447   1.13177   1.19325   1.25864   1.32983   1.40015   1.46923   1.53241   1.57488   1.59584   1.61376   1.62325   1.5956   
0.0150517   0.0136931   0.0120813   0.0109812   0.00982282   0.00920124   0.008852   0.00869792   0.00856493   0.00774224   0.00713553   0.00749524   0.00842374   0.00934044   0.0101694   0.0113457   0.0120494   0.0130296   0.0140745   0.0153857   0.0169566   0.018989   0.0224185   0.0277584   0.0342419   0.0424342   0.0555303   
-0.112708   -0.110027   -0.105178   -0.0997596   -0.0943568   -0.0879934   -0.080241   -0.0732155   -0.0669608   -0.0574452   -0.0454448   -0.0385468   -0.04709   -0.0529269   -0.0592146   -0.0534436   -0.0443902   -0.0367022   -0.0306598   -0.0251653   -0.0201934   -0.0151536   -0.00870007   -0.00186933   0.00282106   0.0055573   0.00636345   

1285000
-10   -9   -8   -7   -6   -5   -4   -3   -2   -1   0   1   2   3   4   5   6   7   8   9   10   11   12   13   14   15   16   17   18   
-0.473947   -0.377616   -0.290074   -0.203122   -0.115466   -0.0312055   0.0468202   0.128128   0.212614   0.278785   0.333793   0.386994   0.525753   0.675482   0.811642   0.94814   1.08114   1.1321   1.19365   1.25884   1.33008   1.40058   1.46968   1.53274   1.57498   1.59595   1.61408   1.62372   1.59527   
0.0150149   0.0136588   0.0120586   0.0109622   0.00981218   0.00919184   0.008845   0.00869262   0.00856135   0.00774106   0.00713669   0.0068744   0.00748569   0.00841221   0.0093292   0.0101564   0.0108373   0.0113366   0.0120354   0.0130206   0.0140622   0.0153648   0.0169333   0.0189704   0.0224109   0.027749   0.0342147   0.0423892   0.0555676   
-0.112795   -0.110079   -0.105194   -0.099728   -0.0943593   -0.087954   -0.0802188   -0.0732073   -0.066953   -0.0574519   -0.0454891   -0.0325108   -0.0384175   -0.0470394   -0.052855   -0.0591451   -0.0649422   -0.053509   -0.0444633   -0.0367387   -0.0307042   -0.0252325   -0.0202581   -0.0151977   -0.00871508   -0.00188254   0.00279928   0.00553919   0.00635526   

1290000
-10   -9   -8   -7   -6   -5   -4   -3   -2   -1   0   1   2   3   4   5   6   7   8   9   10   11   12   13   14   15   16   17   18   
-0.473596   -0.377417   -0.29   -0.203282   -0.115443   -0.0313972   0.046712   0.128088   0.212573   0.278825   0.334014   0.387128   0.525152   0.675238   0.811309   0.947834   1.08085   1.13242   1.19403   1.25903   1.33033   1.401   1.47012   1.53305   1.57507   1.5961   1.61439   1.62417   1.59486   
0.0149783   0.0136249   0.0120364   0.0109434   0.00980178   0.0091827   0.0088382   0.00868754   0.00855794   0.00774026   0.00713831   0.00686913   0.00747619   0.00840078   0.00931804   0.0101436   0.0108236   0.0113277   0.0120216   0.0130117   0.0140503   0.0153443   0.0169105   0.0189522   0.0224043   0.0277374   0.0341889   0.0423469   0.0556139   
-0.112882   -0.110131   -0.105212   -0.0996982   -0.0943628   -0.0879137   -0.0801957   -0.0731987   -0.0669443   -0.0574585   -0.0455348   -0.0325405   -0.0382861   -0.0469889   -0.0527838   -0.0590759   -0.0648737   -0.0535737   -0.0445358   -0.0367746   -0.0307471   -0.0252982   -0.0203215   -0.0152409   -0.00872845   -0.00189822   0.00277781   0.00552126   0.00634688   

1295000
-10   -9   -8   -7   -6   -5   -4   -3   -2   -1   0   1   2   3   4   5   6   7   8   9   10   11   12   13   14   15   16   17   18   
-0.47325   -0.377219   -0.289921   -0.203432   -0.115415   -0.0315922   0.0466   0.128046   0.212527   0.278863   0.334242   0.387261   0.524543   0.674995   0.810979   0.947529   1.08055   1.13274   1.19442   1.25922   1.33057   1.40142   1.47055   1.53336   1.57513   1.59638   1.61469   1.62458   1.5944   
0.0149419   0.0135912   0.0120145   0.0109248   0.00979187   0.00917382   0.00883164   0.0086827   0.00855472   0.00773989   0.0071404   0.00686406   0.00746676   0.00838949   0.009307   0.0101308   0.0108101   0.0113188   0.012008   0.013003   0.0140386   0.0153243   0.0168882   0.0189344   0.0223992   0.0277162   0.0341624   0.0423059   0.0556656   
-0.112968   -0.110182   -0.105231   -0.0996702   -0.0943674   -0.0878726   -0.0801718   -0.0731898   -0.0669348   -0.0574648   -0.045582   -0.0325705   -0.0381527   -0.0469387   -0.0527131   -0.0590071   -0.0648058   -0.0536377   -0.0446079   -0.0368098   -0.0307892   -0.0253625   -0.0203836   -0.0152832   -0.00873958   -0.00192446   0.00275807   0.00550509   0.00633848   

1300000
-10   -9   -8   -7   -5   -4   -3   -2   -1   0   1   2   3   4   5   7   8   10   11   12   13   14   15   16   17   18   
-0.47291   -0.377025   -0.289837   -0.203574   -0.0317906   0.0464839   0.128003   0.212478   0.278898   0.33448   0.387394   0.523924   0.674753   0.810652   0.947226   1.13306   1.1948   1.33081   1.40182   1.47097   1.53366   1.57517   1.59665   1.61497   1.62497   1.59389   
0.0149057   0.0135578   0.011993   0.0109063   0.00916519   0.00882528   0.00867811   0.00855166   0.00773982   0.00714304   0.00685918   0.00745739   0.00837829   0.00929606   0.0101182   0.0113101   0.0119945   0.0140272   0.0153047   0.0168663   0.0189173   0.0223952   0.0276958   0.0341377   0.0422683   0.0557223   
-0.113052   -0.110232   -0.105251   -0.0996441   -0.0878307   -0.080147   -0.0731806   -0.0669244   -0.0574704   -0.0456311   -0.0326005   -0.0380174   -0.0468886   -0.0526429   -0.0589386   -0.053701   -0.0446794   -0.0308303   -0.0254255   -0.0204446   -0.015324   -0.0087481   -0.00194977   0.00273818   0.00548898   0.00633019   

1305000
-10   -9   -8   -7   -6   -5   -4   -3   -1   0   1   2   3   5   7   8   9   10   11   12   13   14   15   16   17   18   
-0.472574   -0.376832   -0.289746   -0.203706   -0.115435   -0.0319927   0.0463642   0.127957   0.278928   0.334728   0.387528   0.523298   0.674512   0.946924   1.13337   1.19518   1.25981   1.33104   1.40222   1.47139   1.53395   1.5752   1.59692   1.61525   1.62534   1.59334   
0.0148697   0.0135247   0.0119719   0.010888   0.00977328   0.00915678   0.00881914   0.00867375   0.00773991   0.00714626   0.0068545   0.00744807   0.00836721   0.0101056   0.0113016   0.0119811   0.0129781   0.0140162   0.0152854   0.0168449   0.0189006   0.0223921   0.0276766   0.034114   0.0422323   0.0557853   
-0.113135   -0.110282   -0.105272   -0.0996199   -0.0943599   -0.087788   -0.0801213   -0.0731709   -0.057475   -0.0456823   -0.0326308   -0.0378803   -0.0468388   -0.0588705   -0.0537635   -0.0447504   -0.0369156   -0.0308703   -0.0254877   -0.0205044   -0.0153637   -0.00875529   -0.00197492   0.00271877   0.00547358   0.00632157   

1310000
-10   -9   -8   -7   -6   -5   -4   -3   -1   0   1   2   3   4   5   6   7   8   9   10   11   12   13   14   15   16   17   18   
-0.472243   -0.376642   -0.289648   -0.203827   -0.115498   -0.0321972   0.0462405   0.12791   0.278929   0.334946   0.387663   0.522662   0.674272   0.810005   0.946624   1.07968   1.13368   1.19555   1.26026   1.33127   1.40261   1.47179   1.53423   1.57522   1.59717   1.61552   1.62569   1.5928   
0.014834   0.0134919   0.0119512   0.0108697   0.00976464   0.00914865   0.00881322   0.00866962   0.00773899   0.00714874   0.00685002   0.0074388   0.00835624   0.00927445   0.0100932   0.0107701   0.0112931   0.0119678   0.0129601   0.0140053   0.0152665   0.0168238   0.0188844   0.0223895   0.0276572   0.0340915   0.0421986   0.0558462   
-0.113218   -0.110332   -0.105294   -0.0995979   -0.0943449   -0.0877446   -0.0800948   -0.0731608   -0.0574741   -0.0457272   -0.0326615   -0.037741   -0.0467892   -0.0525043   -0.0588026   -0.0646045   -0.0538253   -0.0448211   -0.0369952   -0.0309094   -0.0255492   -0.020563   -0.0154025   -0.00876141   -0.00199891   0.00269977   0.00545858   0.0063131   

1315000
-10   -9   -8   -7   -6   -5   -4   -3   -2   -1   0   1   2   3   4   5   6   7   8   9   10   11   12   13   14   15   16   17   18   
-0.471916   -0.376454   -0.289542   -0.203939   -0.115549   -0.0324053   0.046113   0.12786   0.212292   0.278903   0.335112   0.3878   0.522014   0.674033   0.809685   0.946325   1.0794   1.13398   1.19592   1.26071   1.33148   1.403   1.47219   1.53451   1.57523   1.59742   1.61578   1.62602   1.59233   
0.0147985   0.0134593   0.011931   0.0108516   0.00975654   0.00914073   0.00880753   0.00866573   0.0085428   0.00773721   0.00714982   0.00684574   0.00742964   0.00834538   0.00926379   0.0100809   0.010757   0.0112848   0.0119547   0.0129424   0.0139948   0.0152478   0.0168032   0.0188685   0.0223877   0.0276385   0.0340691   0.0421673   0.0558988   
-0.113299   -0.110381   -0.105318   -0.0995781   -0.094332   -0.0877004   -0.0800674   -0.0731502   -0.066886   -0.0574684   -0.0457615   -0.0326926   -0.0375991   -0.0467397   -0.0524358   -0.0587352   -0.0645382   -0.0538862   -0.0448907   -0.0370739   -0.0309473   -0.0256098   -0.0206206   -0.0154404   -0.008767   -0.00202234   0.00268168   0.00544398   0.00630505   

1320000
-10   -9   -8   -7   -6   -5   -4   -3   -2   -1   0   1   2   5   6   7   8   9   10   11   12   13   14   15   16   17   18   
-0.471595   -0.376269   -0.289427   -0.204043   -0.115589   -0.0326162   0.0459819   0.127809   0.212213   0.278875   0.335286   0.387937   0.521357   0.946027   1.07911   1.13428   1.19629   1.26115   1.3317   1.40338   1.47257   1.53477   1.57524   1.59765   1.61603   1.62633   1.59188   
0.0147631   0.013427   0.0119112   0.0108336   0.00974899   0.00913304   0.00880208   0.00866208   0.00853959   0.00773574   0.00715142   0.0068417   0.00742057   0.0100687   0.010744   0.0112767   0.0119418   0.0129249   0.0139845   0.0152293   0.0167829   0.0188532   0.0223857   0.0276208   0.0340474   0.0421374   0.0559499   
-0.113379   -0.110429   -0.105344   -0.0995597   -0.0943212   -0.0876556   -0.0800392   -0.0731393   -0.0668699   -0.0574619   -0.0457976   -0.0327241   -0.0374551   -0.0586681   -0.0644723   -0.0539463   -0.0449597   -0.0371516   -0.0309844   -0.0256697   -0.0206771   -0.0154774   -0.00877243   -0.00204439   0.00266415   0.00543006   0.00629694   

1325000
-10   -9   -8   -7   -6   -5   -4   -3   -2   -1   0   1   5   6   7   8   9   11   12   13   14   15   16   17   
-0.471278   -0.376087   -0.289302   -0.204143   -0.115618   -0.0328298   0.0458473   0.127755   0.21213   0.278844   0.335468   0.388076   0.94573   1.07883   1.13458   1.19666   1.26159   1.40375   1.47296   1.53503   1.57544   1.59786   1.61626   1.62662   
0.014728   0.013395   0.0118919   0.0108158   0.00974205   0.00912556   0.00879688   0.00865866   0.00853654   0.00773463   0.00715354   0.00683787   0.0100567   0.0107311   0.0112687   0.011929   0.0129076   0.0152111   0.016763   0.0188383   0.0223726   0.0276042   0.0340276   0.0421096   
-0.113459   -0.110477   -0.105372   -0.099542   -0.0943126   -0.0876101   -0.0800102   -0.073128   -0.066853   -0.0574552   -0.0458352   -0.0327561   -0.0586013   -0.0644068   -0.0540055   -0.0450283   -0.0372285   -0.025729   -0.0207327   -0.0155135   -0.00879638   -0.00206522   0.00264734   0.00541657   

1330000
-10   -9   -8   -7   -6   -5   -4   -3   -2   -1   0   1   2   3   4   5   6   7   8   9   10   11   12   13   14   15   16   17   
-0.470967   -0.375907   -0.289163   -0.204239   -0.115634   -0.0330455   0.0457093   0.1277   0.212043   0.278813   0.335656   0.388218   0.520225   0.673321   0.808742   0.945434   1.07854   1.13487   1.19702   1.26202   1.33223   1.40413   1.47333   1.53528   1.57566   1.59807   1.61648   1.6269   
0.014693   0.0133632   0.0118731   0.010798   0.00973575   0.00911829   0.00879196   0.00865549   0.00853364   0.00773385   0.00715629   0.00683426   0.00740355   0.00831354   0.00923238   0.0100447   0.0107184   0.0112608   0.0119164   0.0128905   0.0139595   0.0151931   0.0167434   0.0188237   0.0223576   0.0275884   0.0340089   0.0420828   
-0.113537   -0.110524   -0.105402   -0.0995253   -0.0943063   -0.0875641   -0.0799804   -0.0731162   -0.0668354   -0.057448   -0.045874   -0.0327887   -0.0372079   -0.0465923   -0.0522337   -0.0585347   -0.0643416   -0.0540639   -0.0450964   -0.0373046   -0.0310759   -0.0257875   -0.0207875   -0.0155486   -0.00882402   -0.00208554   0.00263107   0.00540384   

1335000
-10   -9   -8   -7   -6   -5   -4   -3   -2   -1   0   1   2   3   4   5   6   7   8   9   10   11   12   13   14   15   16   17   
-0.470659   -0.37573   -0.28901   -0.20433   -0.115637   -0.033263   0.0455686   0.127643   0.211954   0.278778   0.335852   0.388359   0.519867   0.673084   0.808432   0.94514   1.07826   1.13516   1.19737   1.26245   1.33266   1.40449   1.4737   1.53553   1.57588   1.59827   1.61669   1.62714   
0.0146582   0.0133317   0.0118547   0.0107805   0.00973017   0.00911123   0.00878735   0.00865252   0.00853087   0.00773336   0.00715963   0.00683085   0.00739612   0.00830317   0.00922209   0.0100329   0.0107057   0.011253   0.0119039   0.0128736   0.0139406   0.0151755   0.0167242   0.0188096   0.0223438   0.0275731   0.0339906   0.042059   
-0.113614   -0.11057   -0.105436   -0.0995093   -0.0943024   -0.0875177   -0.07995   -0.0731041   -0.0668171   -0.0574403   -0.0459145   -0.0328216   -0.0371309   -0.0465434   -0.0521674   -0.0584685   -0.0642769   -0.0541215   -0.0451637   -0.0373802   -0.0311472   -0.0258453   -0.0208415   -0.0155829   -0.00885013   -0.00210507   0.00261545   0.00539176   

1340000
-10   -9   -8   -7   -6   -5   -4   -3   -2   -1   0   1   2   3   4   5   6   7   8   9   10   11   12   13   14   15   16   17   
-0.470357   -0.375556   -0.288839   -0.204418   -0.115627   -0.0334639   0.045425   0.127584   0.211861   0.278743   0.336058   0.388505   0.519478   0.672849   0.808124   0.944847   1.07798   1.13544   1.19773   1.26287   1.33309   1.40485   1.47406   1.53576   1.57607   1.59846   1.61689   1.62737   
0.0146236   0.0133005   0.0118368   0.010763   0.00972535   0.00910379   0.00878307   0.00864981   0.00852822   0.00773316   0.00716363   0.00682766   0.00738863   0.00829292   0.00921188   0.0100211   0.0106931   0.0112454   0.0118914   0.0128569   0.013922   0.015158   0.0167052   0.0187957   0.0223307   0.0275585   0.0339728   0.0420369   
-0.11369   -0.110616   -0.105473   -0.0994941   -0.0943011   -0.0874751   -0.0799189   -0.0730916   -0.0667983   -0.0574323   -0.0459571   -0.0328553   -0.0370469   -0.0464946   -0.0521015   -0.0584027   -0.0642126   -0.0541782   -0.045231   -0.0374549   -0.0312175   -0.0259024   -0.0208948   -0.0156164   -0.00887374   -0.00212399   0.00260028   0.00538   

1345000
-10   -9   -8   -7   -6   -5   -4   -3   -2   -1   0   1   2   3   4   5   6   7   8   9   10   11   12   13   14   15   16   17   18   
-0.470059   -0.375384   -0.289133   -0.204503   -0.115602   -0.033595   0.0452791   0.127522   0.211766   0.278707   0.336266   0.388652   0.519061   0.672614   0.807819   0.944555   1.07771   1.13571   1.19808   1.26329   1.33351   1.40521   1.47442   1.536   1.57625   1.59864   1.61709   1.62759   1.58872   
0.0145892   0.0132695   0.0118239   0.0107457   0.00972137   0.00909442   0.00877916   0.00864734   0.00852567   0.00773322   0.00716798   0.00682468   0.0073811   0.00828277   0.00920175   0.0100095   0.0106806   0.0112379   0.0118791   0.0128404   0.0139036   0.0151408   0.0166866   0.0187822   0.0223187   0.0275449   0.0339558   0.0420159   0.0563056   
-0.113766   -0.110661   -0.105409   -0.0994797   -0.0943024   -0.0874482   -0.0798873   -0.0730786   -0.0667789   -0.0574241   -0.046   -0.0328896   -0.0369567   -0.046446   -0.052036   -0.0583372   -0.0641486   -0.0542341   -0.0452976   -0.037529   -0.0312872   -0.0259589   -0.0209474   -0.0156492   -0.00889627   -0.00214243   0.00258541   0.00536853   0.00625483   

1350000
-10   -9   -8   -7   -6   -5   -4   -3   -1   0   1   2   4   5   6   7   8   9   10   11   12   13   14   15   16   17   18   
-0.469766   -0.375215   -0.289486   -0.204583   -0.115562   -0.0337284   0.0451307   0.127459   0.278672   0.336405   0.388801   0.51862   0.807515   0.944266   1.07743   1.13599   1.19843   1.2637   1.33392   1.40556   1.47477   1.53622   1.57641   1.59882   1.61728   1.62779   1.58794   
0.0145549   0.0132387   0.0118122   0.0107284   0.0097183   0.00908526   0.00877562   0.00864513   0.00773354   0.00717026   0.00682191   0.00737353   0.00919172   0.00999792   0.0106683   0.0112306   0.011867   0.0128242   0.0138854   0.0151238   0.0166681   0.0187691   0.0223075   0.0275311   0.0339393   0.0419966   0.0563937   
-0.11384   -0.110706   -0.105332   -0.0994659   -0.0943066   -0.0874206   -0.079855   -0.0730652   -0.0574161   -0.0460289   -0.0329242   -0.0368611   -0.051971   -0.0582721   -0.064085   -0.0542891   -0.0453637   -0.0376021   -0.0313561   -0.0260147   -0.0209992   -0.0156813   -0.00891755   -0.00215978   0.00257077   0.00535751   0.00624593   

1355000
-10   -9   -8   -7   -6   -5   -4   -3   -2   -1   0   1   2   3   4   5   6   7   8   9   10   11   12   13   14   15   17   18   
-0.469477   -0.375049   -0.289779   -0.204661   -0.115505   -0.033865   0.0449792   0.127393   0.211635   0.27864   0.33655   0.388951   0.518157   0.672148   0.807213   0.943977   1.07715   1.13625   1.19878   1.26411   1.33433   1.40591   1.47512   1.53644   1.57657   1.59898   1.62799   1.5871   
0.0145209   0.0132082   0.011801   0.0107114   0.00971622   0.00907627   0.00877241   0.00864316   0.00851926   0.00773404   0.00717301   0.00681935   0.00736594   0.00826277   0.00918173   0.00998643   0.010656   0.0112234   0.0118549   0.012808   0.0138674   0.0151071   0.0166501   0.0187563   0.0222969   0.0275183   0.0419776   0.056489   
-0.113914   -0.11075   -0.105267   -0.0994528   -0.0943139   -0.0873924   -0.079822   -0.0730513   -0.0667525   -0.0574087   -0.0460589   -0.0329592   -0.0367604   -0.0463494   -0.0519063   -0.0582073   -0.0640217   -0.0543432   -0.0454293   -0.0376747   -0.0314243   -0.0260699   -0.0210503   -0.0157125   -0.00893754   -0.00217666   0.0053468   0.00623693   

1360000
-10   -9   -8   -7   -6   -5   -4   -3   -2   -1   0   1   2   3   5   6   7   8   9   10   11   12   13   14   15   16   17   18   
-0.469193   -0.374885   -0.290023   -0.204735   -0.115429   -0.0340049   0.0448258   0.127325   0.211648   0.278708   0.336699   0.389102   0.517673   0.671915   0.94369   1.07688   1.13652   1.19912   1.26452   1.33474   1.40625   1.47546   1.53665   1.57671   1.59914   1.61796   1.6286   1.58626   
0.014487   0.013178   0.0117903   0.0106944   0.00971524   0.00906746   0.00876961   0.00864144   0.0085142   0.00773183   0.00717618   0.00681698   0.00735832   0.00825294   0.00997503   0.0106439   0.0112163   0.011843   0.0127921   0.0138497   0.0150906   0.0166323   0.0187441   0.0222869   0.0275059   0.0338829   0.041918   0.0565838   
-0.113986   -0.110794   -0.105212   -0.0994403   -0.0943245   -0.0873633   -0.0797885   -0.073037   -0.0667555   -0.0574217   -0.04609   -0.0329944   -0.0366552   -0.0463014   -0.0581429   -0.0639588   -0.0543966   -0.0454944   -0.0377465   -0.0314918   -0.0261243   -0.0211007   -0.0157422   -0.00895618   -0.0021928   0.00252604   0.00532459   0.00622811   

1365000
-10   -9   -8   -7   -6   -5   -4   -3   -2   -1   0   1   2   4   5   6   7   8   9   10   11   12   13   14   15   16   17   18   
-0.468913   -0.374724   -0.290221   -0.204806   -0.115334   -0.034148   0.0446698   0.127237   0.211658   0.278776   0.336855   0.389241   0.517171   0.806613   0.943405   1.07661   1.13678   1.19947   1.26492   1.33514   1.40659   1.4758   1.53686   1.57684   1.59929   1.61843   1.62921   1.58541   
0.0144534   0.013148   0.0117802   0.0106775   0.00971545   0.00905883   0.00876717   0.00863876   0.00850928   0.00772988   0.0071798   0.00681427   0.00735068   0.00916207   0.00996371   0.0106318   0.0112093   0.0118312   0.0127763   0.0138321   0.0150744   0.0166147   0.0187321   0.022278   0.0274944   0.0338427   0.0418612   0.0566789   
-0.114058   -0.110837   -0.105166   -0.0994284   -0.0943388   -0.0873335   -0.0797544   -0.0730188   -0.0667579   -0.0574345   -0.0461223   -0.0330268   -0.0365457   -0.051778   -0.0580788   -0.0638963   -0.054449   -0.045559   -0.0378177   -0.0315585   -0.0261776   -0.0211504   -0.0157714   -0.00897367   -0.00220848   0.0024974   0.00530182   0.00621909   

1370000
-10   -9   -8   -7   -6   -5   -4   -3   -2   -1   0   1   2   4   5   6   7   8   9   10   11   12   13   14   15   16   17   18   
-0.468638   -0.37514   -0.290381   -0.204874   -0.115218   -0.0342943   0.0445115   0.127103   0.211665   0.278845   0.337018   0.389354   0.51665   0.806314   0.943121   1.07634   1.13703   1.1998   1.26532   1.33554   1.40692   1.47613   1.53715   1.57696   1.59943   1.61888   1.62978   1.58458   
0.0144199   0.0131221   0.0117709   0.0106607   0.00971699   0.00905038   0.0087651   0.00863314   0.00850448   0.00772827   0.00718389   0.00681053   0.00734301   0.00915244   0.00995249   0.0106199   0.0112024   0.0118195   0.0127607   0.0138148   0.0150585   0.0165975   0.0187154   0.0222697   0.0274832   0.0338039   0.0418072   0.0567726   
-0.114128   -0.110755   -0.105129   -0.0994171   -0.0943569   -0.0873029   -0.0797198   -0.0729913   -0.0667598   -0.0574474   -0.046156   -0.0330526   -0.0364322   -0.0517142   -0.058015   -0.0638341   -0.0545007   -0.0456232   -0.0378884   -0.0316246   -0.0262302   -0.0211995   -0.0158116   -0.00898983   -0.00222337   0.00246918   0.00527998   0.00620973   

1375000
-10   -9   -8   -7   -6   -5   -4   -3   -2   -1   0   1   2   3   4   5   6   7   8   9   10   11   12   13   14   15   16   17   18   
-0.468367   -0.375931   -0.290503   -0.204939   -0.115078   -0.0344444   0.0443511   0.126965   0.211669   0.278915   0.337191   0.389468   0.516114   0.671222   0.806017   0.942838   1.07607   1.13728   1.20014   1.26571   1.33593   1.40725   1.47645   1.53752   1.57707   1.59956   1.61933   1.63033   1.58374   
0.0143866   0.0130988   0.0117625   0.0106441   0.00971997   0.00904211   0.0087634   0.00862771   0.00849979   0.00772698   0.00718848   0.00680699   0.00733532   0.00822402   0.00914289   0.00994136   0.0106081   0.0111957   0.0118079   0.0127452   0.0137977   0.0150429   0.0165805   0.0186947   0.022262   0.0274726   0.0337677   0.0417558   0.0568696   
-0.114198   -0.110593   -0.105098   -0.0994064   -0.0943793   -0.0872715   -0.0796847   -0.0729632   -0.066761   -0.0574605   -0.0461918   -0.033079   -0.0363151   -0.0461576   -0.0516508   -0.0579516   -0.0637722   -0.0545516   -0.0456869   -0.0379584   -0.0316899   -0.026282   -0.0212477   -0.015861   -0.00900466   -0.00223769   0.00244071   0.00525909   0.00619941   

1380000
-10   -9   -8   -7   -6   -5   -4   -3   -2   -1   0   1   2   3   4   5   6   7   8   9   10   11   12   13   14   15   16   17   18   
-0.470171   -0.376558   -0.29059   -0.205002   -0.114912   -0.0345982   0.0441893   0.126825   0.211671   0.278984   0.337376   0.389584   0.515561   0.670992   0.805722   0.942557   1.0758   1.13753   1.20047   1.2661   1.33632   1.40757   1.47677   1.53789   1.57716   1.59969   1.61976   1.63084   1.5829   
0.0143704   0.0130747   0.0117551   0.0106276   0.00972456   0.00903401   0.00876209   0.00862246   0.00849524   0.00772594   0.00719353   0.00680365   0.0073276   0.00821458   0.00913343   0.00993031   0.0105964   0.0111891   0.0117964   0.01273   0.0137807   0.0150274   0.016564   0.0186743   0.0222549   0.0274627   0.0337314   0.0417075   0.0569652   
-0.113822   -0.110466   -0.105075   -0.0993962   -0.0944064   -0.0872392   -0.0796492   -0.0729345   -0.0667618   -0.0574734   -0.0462299   -0.0331058   -0.0361943   -0.0461099   -0.0515877   -0.0578885   -0.0637107   -0.0546017   -0.0457501   -0.0380279   -0.0317546   -0.0263333   -0.0212948   -0.0159097   -0.00901812   -0.0022513   0.00241367   0.00523872   0.00618881   

1385000
-10   -9   -8   -7   -6   -5   -4   -3   -2   -1   1   2   3   4   5   6   7   8   9   10   11   12   13   14   15   16   17   18   
-0.471079   -0.377083   -0.290643   -0.20506   -0.114719   -0.0347558   0.0440266   0.126683   0.211671   0.279052   0.389703   0.514996   0.670761   0.805429   0.942277   1.07553   1.13778   1.2008   1.26649   1.3367   1.40788   1.47708   1.53824   1.57724   1.5998   1.62018   1.63133   1.5821   
0.0143467   0.01305   0.0117489   0.0106112   0.00973093   0.00902609   0.00876116   0.00861736   0.00849083   0.00772509   0.00680051   0.00731986   0.00820525   0.00912401   0.00991934   0.0105848   0.0111825   0.0117851   0.0127148   0.013764   0.0150122   0.0165477   0.0186543   0.0222488   0.0274539   0.0336962   0.0416615   0.0570564   
-0.113638   -0.110361   -0.105058   -0.0993869   -0.0944385   -0.087206   -0.0796135   -0.0729055   -0.066762   -0.057486   -0.0331333   -0.0360705   -0.0460621   -0.051525   -0.0578258   -0.0636494   -0.0546511   -0.0458128   -0.0380969   -0.0318187   -0.0263839   -0.0213414   -0.0159575   -0.00903034   -0.00226354   0.00238707   0.00521915   0.0061785   

1390000
-10   -9   -8   -7   -6   -5   -4   -3   -2   -1   0   1   2   3   4   5   6   7   8   9   10   11   12   13   14   15   16   17   18   
-0.47168   -0.377531   -0.290663   -0.205116   -0.114494   -0.0349174   0.0438639   0.126537   0.211668   0.279116   0.337692   0.389823   0.514416   0.670528   0.805137   0.941999   1.07527   1.13802   1.20113   1.26687   1.33708   1.4082   1.47739   1.5386   1.57731   1.5999   1.62058   1.63179   1.58124   
0.0143205   0.0130245   0.0117441   0.0105949   0.00973927   0.00901835   0.00876062   0.00861242   0.00848654   0.00772436   0.00719757   0.00679759   0.00731209   0.00819609   0.00911469   0.00990847   0.0105734   0.0111761   0.0117738   0.0126998   0.0137474   0.0149972   0.0165317   0.0186347   0.0222433   0.0274455   0.0336624   0.041618   0.0571562   
-0.11352   -0.110273   -0.105047   -0.099378   -0.0944762   -0.0871719   -0.0795777   -0.0728757   -0.0667618   -0.057498   -0.0462945   -0.0331613   -0.0359436   -0.0460138   -0.0514627   -0.0577633   -0.0635884   -0.0546998   -0.0458751   -0.0381653   -0.0318821   -0.0264338   -0.0213872   -0.0160046   -0.0090412   -0.00227526   0.00236096   0.00520015   0.00616671   

1395000
-10   -9   -8   -7   -6   -5   -3   -2   -1   0   1   3   5   6   7   8   9   10   11   12   13   14   15   16   17   18   
-0.472129   -0.377919   -0.290651   -0.205174   -0.114235   -0.0350832   0.12639   0.211662   0.279164   0.337894   0.389947   0.670294   0.941722   1.075   1.13825   1.20146   1.26725   1.33745   1.4085   1.47769   1.53894   1.57736   1.6   1.62097   1.63223   1.58042   
0.014293   0.0129989   0.0117409   0.0105785   0.00974982   0.00901078   0.00860763   0.00848238   0.00772306   0.00719786   0.00679488   0.00818704   0.00989767   0.010562   0.0111697   0.0117627   0.012685   0.013731   0.0149824   0.016516   0.0186154   0.0222392   0.0274376   0.0336298   0.0415762   0.0572492   
-0.113435   -0.110198   -0.105042   -0.099369   -0.0945201   -0.0871368   -0.0728456   -0.0667609   -0.0575068   -0.0463355   -0.0331901   -0.0459653   -0.0577013   -0.0635278   -0.0547478   -0.0459369   -0.0382332   -0.0319449   -0.026483   -0.0214323   -0.0160509   -0.00905038   -0.00228665   0.00233588   0.00518193   0.00615622   

1400000
-10   -9   -8   -7   -6   -5   -4   -3   -2   -1   0   1   2   3   4   5   6   7   8   9   10   11   12   13   14   15   16   17   18   
-0.472485   -0.378259   -0.290604   -0.20523   -0.113938   -0.0352533   0.0435579   0.126241   0.211653   0.27918   0.338101   0.390073   0.513218   0.670059   0.804558   0.941446   1.07474   1.13849   1.20178   1.26763   1.33782   1.40881   1.47799   1.53928   1.57739   1.60009   1.62135   1.63264   1.5796   
0.0142649   0.0129731   0.0117395   0.0105622   0.00976283   0.00900345   0.00876032   0.00860298   0.00847836   0.00772045   0.0071985   0.00679238   0.00729648   0.00817808   0.00909625   0.00988695   0.0105507   0.0111634   0.0117517   0.0126703   0.0137148   0.0149679   0.0165005   0.0185965   0.0222359   0.0274297   0.0335981   0.0415374   0.0573452   
-0.11337   -0.110133   -0.105044   -0.0993605   -0.0945709   -0.0871007   -0.0795102   -0.072815   -0.0667594   -0.0575099   -0.0463776   -0.0332196   -0.0356806   -0.0459165   -0.0513392   -0.0576395   -0.0634675   -0.0547953   -0.0459982   -0.0383005   -0.0320071   -0.0265317   -0.0214768   -0.0160965   -0.00905705   -0.00229745   0.00231137   0.00516449   0.006144   

1405000
-10   -9   -8   -7   -6   -5   -4   -3   -2   -1   0   1   3   5   6   7   8   9   10   11   12   13   14   15   16   17   18   
-0.472775   -0.378556   -0.29052   -0.205283   -0.1136   -0.0354274   0.0435253   0.126092   0.211641   0.279196   0.338313   0.390202   0.669822   0.941172   1.07448   1.13872   1.2021   1.268   1.33819   1.40911   1.47828   1.53961   1.57741   1.60034   1.62172   1.63303   1.57879   
0.0142363   0.0129473   0.0117404   0.0105461   0.00977857   0.00899618   0.00875802   0.00859844   0.00847446   0.00771819   0.0071995   0.00679011   0.00816922   0.00987632   0.0105395   0.0111572   0.0117408   0.0126557   0.0136988   0.0149535   0.0164853   0.0185781   0.0222335   0.0274113   0.0335677   0.0415008   0.0574388   
-0.11332   -0.110077   -0.105052   -0.0993524   -0.094629   -0.0870638   -0.0795023   -0.0727845   -0.0667574   -0.0575127   -0.0464205   -0.03325   -0.0458672   -0.0575781   -0.0634076   -0.0548424   -0.046059   -0.0383674   -0.0320687   -0.0265797   -0.0215205   -0.0161413   -0.00906248   -0.0023207   0.00228716   0.00514773   0.00613254   

1410000
-10   -9   -8   -7   -6   -5   -4   -3   -2   -1   0   1   2   3   5   6   7   8   9   10   11   12   13   14   15   16   17   18   
-0.473015   -0.378815   -0.290399   -0.205335   -0.113566   -0.0356061   0.043493   0.125943   0.211626   0.279211   0.338532   0.390333   0.51197   0.669583   0.940899   1.07422   1.13895   1.20242   1.26838   1.33855   1.4094   1.47857   1.53994   1.57741   1.60062   1.62207   1.6334   1.57798   
0.0142074   0.0129215   0.0117437   0.01053   0.00977566   0.00898915   0.00875615   0.00859398   0.00847067   0.00771619   0.00720091   0.00678809   0.00728076   0.00816043   0.00986576   0.0105283   0.011151   0.01173   0.0126413   0.0136829   0.0149394   0.0164704   0.0185598   0.0222319   0.0273903   0.0335372   0.041466   0.0575341   
-0.113279   -0.11003   -0.105066   -0.0993448   -0.0946335   -0.0870257   -0.0794944   -0.072754   -0.0667547   -0.0575155   -0.0464648   -0.033281   -0.0354065   -0.0458174   -0.057517   -0.0633481   -0.0548889   -0.0461194   -0.0384338   -0.0321297   -0.0266271   -0.0215636   -0.0161854   -0.00906677   -0.00234685   0.00226423   0.00513168   0.00612073   

1415000
-10   -9   -8   -7   -6   -5   -4   -3   -2   -1   0   1   2   3   4   5   6   7   8   9   10   11   12   13   14   15   16   17   18   
-0.473217   -0.379039   -0.290234   -0.205384   -0.113761   -0.0357894   0.0434611   0.125865   0.211608   0.279225   0.338759   0.390467   0.511347   0.669342   0.803703   0.940627   1.07396   1.13917   1.20273   1.26874   1.33891   1.40969   1.47885   1.54026   1.57741   1.6009   1.62242   1.63375   1.57717   
0.0141783   0.0128957   0.0117502   0.010514   0.00975859   0.00898229   0.0087547   0.00858805   0.00846699   0.00771443   0.00720277   0.00678636   0.00727196   0.00815175   0.00906912   0.00985529   0.0105173   0.0111449   0.0117193   0.012627   0.0136673   0.0149254   0.0164557   0.0185419   0.0222308   0.0273698   0.0335081   0.0414332   0.0576263   
-0.113248   -0.109989   -0.105088   -0.0993375   -0.0945973   -0.0869867   -0.0794865   -0.0727384   -0.0667514   -0.057518   -0.0465107   -0.0333127   -0.0352685   -0.0457671   -0.0511566   -0.0574562   -0.0632889   -0.0549352   -0.0461793   -0.0384996   -0.0321901   -0.0266739   -0.0216061   -0.0162287   -0.0090701   -0.00237216   0.00224147   0.00511625   0.00610988   

1420000
-10   -9   -8   -7   -6   -5   -4   -3   -2   -1   0   1   2   3   4   5   6   8   9   10   11   12   13   14   15   16   17   18   
-0.473385   -0.379228   -0.290022   -0.205431   -0.113952   -0.035977   0.0434296   0.12582   0.211588   0.279239   0.338993   0.390604   0.510724   0.669099   0.803422   0.940357   1.0737   1.20304   1.26911   1.33927   1.40998   1.47913   1.54057   1.5774   1.60116   1.62276   1.63407   1.57636   
0.014149   0.01287   0.0117605   0.0104982   0.00974184   0.00897563   0.00875368   0.00858148   0.00846342   0.00771293   0.00720507   0.00678488   0.00726257   0.00814317   0.00906021   0.00984489   0.0105063   0.0117087   0.0126128   0.0136517   0.0149117   0.0164413   0.0185244   0.0222301   0.0273503   0.0334803   0.0414024   0.057721   
-0.113223   -0.109956   -0.105118   -0.0993307   -0.0945618   -0.0869466   -0.0794787   -0.0727298   -0.0667475   -0.0575203   -0.0465581   -0.0333452   -0.03513   -0.0457164   -0.0510964   -0.0573958   -0.06323   -0.0462388   -0.038565   -0.0322499   -0.0267201   -0.0216479   -0.0162713   -0.00907274   -0.002397   0.00221889   0.00510144   0.00609774   

1425000
-10   -9   -8   -7   -6   -5   -4   -3   -2   -1   0   1   2   3   4   5   6   7   8   9   10   11   12   13   14   15   16   17   18   
-0.473525   -0.379394   -0.289753   -0.205477   -0.11414   -0.0361692   0.0433988   0.125773   0.211564   0.279251   0.339187   0.390744   0.510091   0.668856   0.803142   0.940089   1.07345   1.13978   1.20335   1.26947   1.33962   1.41026   1.4794   1.54088   1.57739   1.60142   1.62308   1.63438   1.57556   
0.0141196   0.0128444   0.0117757   0.0104825   0.00972543   0.00896915   0.0087531   0.00857503   0.00845997   0.00771171   0.00720612   0.00678363   0.00725324   0.00813465   0.00905135   0.00983456   0.0104954   0.0111287   0.0116982   0.0125988   0.0136364   0.0148981   0.0164271   0.0185073   0.0222294   0.0273312   0.0334531   0.0413737   0.0578144   
-0.113204   -0.109929   -0.105157   -0.0993242   -0.0945269   -0.0869055   -0.0794709   -0.0727207   -0.0667429   -0.0575223   -0.0465973   -0.0333784   -0.0349892   -0.0456658   -0.0510366   -0.0573357   -0.0631714   -0.0550563   -0.0462978   -0.0386299   -0.0323092   -0.0267657   -0.021689   -0.0163132   -0.00907493   -0.00242106   0.00219704   0.00508749   0.00608613   

1430000
-10   -9   -8   -7   -6   -5   -4   -3   -2   -1   0   1   2   3   4   5   6   7   8   9   10   11   12   13   14   15   16   17   18   
-0.473638   -0.379543   -0.289416   -0.205521   -0.114323   -0.0363658   0.0433682   0.125725   0.211536   0.279263   0.339359   0.390887   0.509448   0.668615   0.802863   0.939821   1.07319   1.14024   1.20366   1.26983   1.33997   1.41054   1.47967   1.54118   1.57738   1.60167   1.6234   1.63467   1.57476   
0.0140901   0.0128189   0.0117972   0.0104668   0.00970934   0.00896285   0.0087529   0.00856869   0.00845663   0.00771076   0.00720657   0.00678262   0.00724394   0.00812621   0.00904257   0.00982432   0.0104846   0.0111165   0.0116878   0.0125849   0.0136212   0.0148848   0.0164131   0.0184905   0.0222288   0.0273126   0.0334262   0.0413462   0.057907   
-0.113191   -0.109904   -0.105207   -0.099318   -0.0944927   -0.0868635   -0.0794631   -0.0727113   -0.0667377   -0.0575241   -0.0466321   -0.0334126   -0.0348461   -0.0456152   -0.0509772   -0.0572758   -0.0631133   -0.0551463   -0.0463563   -0.0386943   -0.0323678   -0.0268107   -0.0217296   -0.0163543   -0.00907735   -0.0024444   0.00217607   0.0050738   0.00607466   

1435000
-10   -9   -8   -7   -6   -5   -4   -3   -1   0   1   2   3   4   5   6   7   8   9   10   11   12   13   14   15   16   17   18   
-0.473727   -0.379676   -0.288992   -0.205563   -0.114504   -0.0365667   0.0433388   0.125674   0.279273   0.339535   0.391034   0.508795   0.668373   0.802587   0.939555   1.07294   1.1407   1.20396   1.27019   1.34031   1.41081   1.47993   1.54148   1.57739   1.60191   1.6237   1.63493   1.57397   
0.0140606   0.0127936   0.0118277   0.0104513   0.00969356   0.00895674   0.00875319   0.00856249   0.0077101   0.00720732   0.00678186   0.00723471   0.00811786   0.00903384   0.00981415   0.0104739   0.0111045   0.0116775   0.0125711   0.0136062   0.0148716   0.0163994   0.018474   0.0222271   0.0272946   0.0334004   0.0413209   0.0579988   
-0.113184   -0.109883   -0.10527   -0.0993121   -0.094459   -0.0868204   -0.0794555   -0.0727014   -0.0575257   -0.0466677   -0.0334476   -0.0347008   -0.0455648   -0.0509181   -0.0572164   -0.0630554   -0.0552359   -0.0464144   -0.0387582   -0.0324259   -0.0268552   -0.0217695   -0.0163947   -0.0090816   -0.00246714   0.00215546   0.00506094   0.00606325   

1440000
-10   -9   -8   -7   -6   -5   -4   -3   -1   0   1   2   3   5   6   7   8   9   10   11   12   13   14   15   16   17   18   
-0.473789   -0.379796   -0.288446   -0.205604   -0.11468   -0.0367719   0.0433107   0.125622   0.279283   0.339715   0.391183   0.50813   0.668133   0.93929   1.07269   1.14116   1.20426   1.27054   1.34065   1.41109   1.48019   1.54177   1.57758   1.60214   1.624   1.63518   1.57318   
0.0140311   0.0127683   0.0118716   0.0104359   0.00967808   0.00895081   0.00875396   0.00855641   0.00770975   0.00720839   0.00678132   0.00722552   0.00810959   0.00980405   0.0104632   0.0110925   0.0116674   0.0125575   0.0135913   0.0148586   0.0163859   0.0184579   0.0222143   0.0272776   0.0333754   0.0412979   0.0580902   
-0.113182   -0.109865   -0.105351   -0.0993066   -0.0944259   -0.0867764   -0.0794482   -0.0726912   -0.057527   -0.0467042   -0.0334834   -0.0345528   -0.0455145   -0.0571572   -0.0629979   -0.055325   -0.0464721   -0.0388217   -0.0324835   -0.0268992   -0.0218089   -0.0164343   -0.00910535   -0.00248876   0.00213535   0.00504862   0.00605203   

1445000
-10   -9   -8   -7   -6   -5   -4   -3   -2   -1   0   1   2   3   4   5   6   7   8   9   10   11   12   13   14   15   16   17   18   
-0.473827   -0.379904   -0.287779   -0.205643   -0.114853   -0.0369809   0.0432841   0.125567   0.211416   0.279292   0.339899   0.391336   0.507452   0.667892   0.802039   0.939027   1.07244   1.14161   1.20456   1.27089   1.34099   1.41135   1.48045   1.54205   1.57777   1.60236   1.62428   1.63539   1.57239   
0.0140016   0.0127433   0.0119312   0.0104206   0.00966294   0.00894507   0.00875523   0.00855045   0.0084462   0.00770972   0.0072098   0.006781   0.00721635   0.00810137   0.00901656   0.00979402   0.0104526   0.0110807   0.0116573   0.012544   0.0135766   0.0148458   0.0163726   0.0184422   0.0222021   0.0272613   0.0333514   0.0412775   0.0581811   
-0.113186   -0.10985   -0.10545   -0.0993013   -0.0943934   -0.0867316   -0.079441   -0.0726805   -0.0667146   -0.0575282   -0.0467416   -0.0335198   -0.0344019   -0.0454642   -0.050801   -0.0570983   -0.0629406   -0.0554136   -0.0465293   -0.0388846   -0.0325405   -0.0269427   -0.0218477   -0.0164732   -0.00912789   -0.00250976   0.0021157   0.00503726   0.00604097   

1450000
-10   -9   -8   -7   -6   -5   -4   -3   -2   -1   0   1   2   3   5   6   7   8   9   10   11   12   13   14   15   16   17   18   
-0.473846   -0.380001   -0.287966   -0.205682   -0.115023   -0.0371934   0.0432589   0.125511   0.211364   0.279301   0.340089   0.391473   0.506759   0.667653   0.938765   1.07219   1.14207   1.20486   1.27124   1.34133   1.41162   1.4807   1.54232   1.57794   1.60257   1.62455   1.63559   1.57161   
0.0139721   0.0127185   0.0118999   0.0104054   0.00964799   0.00893949   0.00875699   0.0085446   0.00844261   0.00771002   0.00721156   0.0067804   0.00720722   0.00809324   0.00978407   0.0104421   0.0110689   0.0116473   0.0125307   0.0135621   0.0148331   0.0163595   0.0184266   0.0221905   0.0272455   0.0333288   0.0412583   0.058272   
-0.113194   -0.109836   -0.105423   -0.0992962   -0.0943614   -0.0866859   -0.079434   -0.0726694   -0.0667045   -0.0575293   -0.04678   -0.0335527   -0.0342477   -0.045414   -0.0570397   -0.0628837   -0.0555017   -0.0465862   -0.038947   -0.0325971   -0.0269856   -0.021886   -0.0165112   -0.00914933   -0.00253013   0.00209686   0.00502663   0.00602978   

1455000
-10   -9   -8   -7   -6   -5   -4   -3   -2   -1   0   1   2   3   5   6   7   8   9   10   11   12   13   14   15   16   17   18   
-0.473856   -0.380089   -0.288147   -0.205719   -0.11519   -0.0374089   0.0431092   0.125453   0.211308   0.279311   0.340286   0.391563   0.506051   0.667413   0.938504   1.07194   1.14251   1.20515   1.27158   1.34166   1.41188   1.48094   1.54259   1.57811   1.60278   1.62481   1.63577   1.57084   
0.0139426   0.0126939   0.0118692   0.0103903   0.00963339   0.0089341   0.00875063   0.00853886   0.00843917   0.00771076   0.00721375   0.00677861   0.00719813   0.00808514   0.00977422   0.0104317   0.0110573   0.0116374   0.0125175   0.0135478   0.0148208   0.0163468   0.0184116   0.0221795   0.0272301   0.0333071   0.0412412   0.0583621   
-0.113203   -0.109825   -0.105398   -0.0992914   -0.09433   -0.0866396   -0.0794034   -0.0726579   -0.0666937   -0.0575306   -0.0468197   -0.0335745   -0.0340902   -0.0453639   -0.0569814   -0.062827   -0.0555894   -0.0466425   -0.0390088   -0.032653   -0.0270274   -0.021923   -0.0165486   -0.00916965   -0.00254986   0.00207867   0.00501637   0.00601847   

1460000
-10   -9   -8   -7   -6   -5   -4   -3   -2   -1   0   1   2   3   4   5   6   7   8   9   10   11   12   13   14   15   16   17   18   
-0.473858   -0.380167   -0.28832   -0.205755   -0.115354   -0.0376268   0.0429438   0.125393   0.211249   0.279322   0.340489   0.391657   0.505444   0.667174   0.801229   0.938244   1.07169   1.14296   1.20544   1.27192   1.34198   1.41213   1.48118   1.54286   1.57826   1.60297   1.62506   1.63594   1.57007   
0.0139133   0.0126694   0.0118392   0.0103753   0.00961905   0.0089289   0.00874357   0.00853323   0.00843586   0.0077119   0.00721637   0.00677699   0.00718943   0.00807712   0.00899103   0.00976447   0.0104214   0.0110457   0.0116276   0.0125044   0.0135336   0.0148088   0.0163344   0.0183969   0.0221692   0.0272153   0.033286   0.0412254   0.0584523   
-0.113214   -0.109815   -0.105373   -0.0992868   -0.0942991   -0.0865927   -0.0793697   -0.072646   -0.0666822   -0.057532   -0.0468609   -0.0335972   -0.0339551   -0.0453138   -0.0506281   -0.0569234   -0.0627706   -0.0556766   -0.0466985   -0.0390701   -0.0327084   -0.0270687   -0.0219595   -0.0165849   -0.00918897   -0.002569   0.00206102   0.00500639   0.00600725   

1465000
-10   -9   -8   -7   -6   -5   -4   -3   -2   -1   0   1   2   4   5   6   7   8   9   10   11   12   13   14   15   16   17   18   
-0.473854   -0.380236   -0.288487   -0.20579   -0.115515   -0.0378466   0.0427754   0.125331   0.211187   0.279334   0.340683   0.391757   0.505073   0.800963   0.937985   1.07144   1.1434   1.20573   1.27226   1.34231   1.41238   1.48141   1.54311   1.5784   1.60316   1.6253   1.63609   1.5693   
0.013884   0.0126452   0.0118099   0.0103605   0.00960495   0.00892385   0.00873672   0.00852771   0.00843268   0.00771335   0.00721881   0.00677554   0.00718157   0.00898262   0.00975479   0.0104111   0.0110343   0.011618   0.0124915   0.0135196   0.0147967   0.0163222   0.0183829   0.0221594   0.0272012   0.0332657   0.0412096   0.0585421   
-0.113227   -0.109807   -0.10535   -0.0992824   -0.0942686   -0.0865454   -0.0793354   -0.0726338   -0.06667   -0.0575335   -0.0469   -0.0336213   -0.0338728   -0.0505711   -0.0568656   -0.0627145   -0.0557633   -0.046754   -0.0391308   -0.0327631   -0.0271094   -0.0219954   -0.0166201   -0.00920726   -0.00258761   0.00204386   0.00499752   0.00599607   

1470000
-10   -9   -8   -7   -6   -5   -4   -3   -2   -1   0   1   2   3   4   5   6   7   8   9   10   11   12   13   14   15   16   17   18   
-0.473844   -0.380297   -0.288647   -0.205824   -0.115672   -0.0380353   0.0426041   0.125268   0.211122   0.279345   0.340825   0.391862   0.504673   0.666697   0.800698   0.937727   1.0712   1.14385   1.20602   1.27259   1.34262   1.41262   1.48165   1.54335   1.57854   1.60334   1.62553   1.63632   1.56853   
0.0138548   0.0126213   0.0117811   0.0103457   0.00959114   0.00891818   0.00873006   0.00852229   0.00842961   0.00771505   0.00721971   0.00677424   0.00717371   0.00806123   0.00897426   0.00974518   0.010401   0.011023   0.0116084   0.0124787   0.0135058   0.014785   0.0163101   0.0183691   0.0221503   0.0271872   0.0332461   0.0411894   0.058632   
-0.113241   -0.109801   -0.105328   -0.0992782   -0.0942387   -0.086505   -0.0793003   -0.0726211   -0.0666573   -0.0575348   -0.0469289   -0.0336466   -0.0337838   -0.0452136   -0.0505145   -0.0568081   -0.0626587   -0.0558497   -0.046809   -0.0391909   -0.0328171   -0.0271495   -0.0220308   -0.0166542   -0.00922457   -0.0026055   0.00202719   0.00498584   0.00598486   

1475000
-10   -9   -8   -7   -6   -5   -4   -3   -2   -1   0   2   3   4   5   6   7   8   9   10   11   12   13   14   15   16   17   18   
-0.473829   -0.380349   -0.2888   -0.205857   -0.115828   -0.0381512   0.0424297   0.125202   0.211053   0.279354   0.340971   0.504241   0.66646   0.800435   0.93747   1.07096   1.14428   1.2063   1.27292   1.34294   1.41287   1.48187   1.54359   1.57866   1.60352   1.62576   1.63681   1.56777   
0.0138257   0.0125976   0.0117529   0.0103311   0.00957757   0.00891089   0.00872359   0.00851698   0.00842669   0.00771687   0.00722092   0.00716584   0.00805336   0.00896595   0.00973565   0.0103909   0.0110117   0.011599   0.0124662   0.0134923   0.0147734   0.0162982   0.0183558   0.0221416   0.027174   0.0332271   0.0411431   0.0587208   
-0.113256   -0.109797   -0.105307   -0.0992741   -0.0942092   -0.0864807   -0.0792646   -0.0726081   -0.0666437   -0.0575357   -0.0469586   -0.0336879   -0.0451637   -0.0504583   -0.0567509   -0.0626032   -0.0559356   -0.0468631   -0.0392501   -0.0328704   -0.0271891   -0.0220658   -0.0166875   -0.00924083   -0.00262292   0.00201096   0.00496609   0.00597387   

1480000
-10   -9   -8   -7   -6   -5   -4   -3   -2   -1   0   1   2   3   4   5   6   7   8   9   10   11   12   13   14   15   16   17   18   
-0.473811   -0.380395   -0.288946   -0.205889   -0.11598   -0.0382697   0.0422521   0.125135   0.210982   0.279346   0.34112   0.39209   0.503782   0.666222   0.800174   0.937215   1.07071   1.14472   1.20658   1.27324   1.34325   1.41311   1.4821   1.54382   1.57878   1.60369   1.62597   1.63728   1.56702   
0.0137967   0.0125741   0.0117253   0.0103166   0.00956427   0.00890377   0.00871733   0.00851178   0.00842386   0.00771789   0.00722245   0.00677207   0.00715796   0.00804555   0.00895769   0.00972617   0.0103809   0.0110006   0.0115897   0.0124539   0.0134789   0.0147619   0.0162865   0.0183428   0.0221336   0.0271612   0.0332088   0.0410981   0.0588082   
-0.113272   -0.109794   -0.105287   -0.0992702   -0.0941801   -0.0864558   -0.0792282   -0.0725946   -0.0666297   -0.0575334   -0.0469887   -0.0337014   -0.0335859   -0.0451138   -0.0504024   -0.056694   -0.0625479   -0.0560211   -0.0469168   -0.0393082   -0.0329231   -0.0272283   -0.0221004   -0.0167199   -0.00925613   -0.00263979   0.00199525   0.00494752   0.00596307   

1485000
-10   -9   -8   -7   -6   -5   -4   -3   -2   0   2   3   4   5   6   7   8   9   10   11   12   13   14   15   16   17   18   
-0.473789   -0.380433   -0.289086   -0.20592   -0.11613   -0.038391   0.0420713   0.125065   0.210908   0.341272   0.503297   0.665985   0.799915   0.936961   1.07047   1.14515   1.20686   1.27355   1.34355   1.41334   1.48232   1.54405   1.57888   1.60385   1.62618   1.63773   1.56627   
0.0137679   0.0125509   0.0116983   0.0103022   0.00955121   0.00889683   0.00871126   0.0085067   0.00842115   0.0072243   0.00715007   0.00803776   0.00894947   0.00971676   0.010371   0.0109895   0.0115805   0.0124418   0.0134656   0.0147507   0.0162749   0.0183303   0.0221261   0.0271489   0.0331913   0.0410567   0.0588921   
-0.113288   -0.109792   -0.105268   -0.0992666   -0.0941515   -0.0864303   -0.079191   -0.0725807   -0.0666151   -0.0470195   -0.0334782   -0.0450639   -0.0503469   -0.0566374   -0.062493   -0.0561062   -0.0469701   -0.0393655   -0.0329755   -0.0272667   -0.0221346   -0.0167514   -0.00927033   -0.00265597   0.00197984   0.00492919   0.00595319   

1490000
-10   -9   -8   -7   -6   -5   -4   -3   -2   -1   0   1   2   3   4   5   6   7   8   9   10   11   12   13   14   15   16   17   18   
-0.473763   -0.380465   -0.289218   -0.20595   -0.116278   -0.0385153   0.0418871   0.124995   0.210831   0.279324   0.341427   0.392376   0.502788   0.665748   0.799657   0.936708   1.07023   1.14559   1.20713   1.27387   1.34386   1.41357   1.48254   1.54426   1.57898   1.604   1.62638   1.63815   1.56552   
0.0137392   0.012528   0.0116717   0.010288   0.00953839   0.00889003   0.00870538   0.00850173   0.00841854   0.00771653   0.0072265   0.00676935   0.00714217   0.00803001   0.0089413   0.00970742   0.0103611   0.0109786   0.0115714   0.0124298   0.0134524   0.0147396   0.0162634   0.0183182   0.0221191   0.0271379   0.0331742   0.0410157   0.0589826   
-0.113306   -0.109792   -0.105251   -0.099263   -0.0941233   -0.086404   -0.0791531   -0.0725665   -0.0666   -0.0575287   -0.047051   -0.033768   -0.0333651   -0.0450138   -0.0502917   -0.0565811   -0.0624383   -0.0561908   -0.0470231   -0.0394221   -0.0330274   -0.0273046   -0.0221684   -0.0167819   -0.00928356   -0.00267147   0.00196486   0.00491225   0.00594149   

1495000
-10   -9   -8   -7   -6   -5   -4   -3   -2   -1   0   1   2   3   4   5   6   7   8   9   10   11   12   13   14   15   16   17   18   
-0.473734   -0.38049   -0.289344   -0.205981   -0.116423   -0.0386424   0.0416997   0.124922   0.210754   0.279382   0.341587   0.392574   0.502256   0.665511   0.799401   0.936457   1.06999   1.14602   1.20741   1.27418   1.34416   1.4138   1.48276   1.54447   1.57906   1.60414   1.62658   1.63855   1.56478   
0.0137106   0.0125054   0.0116457   0.0102738   0.00952581   0.00888341   0.0086997   0.00849688   0.00841602   0.00771407   0.00722912   0.00676653   0.00713429   0.0080223   0.00893315   0.00969814   0.0103513   0.0109677   0.0115624   0.012418   0.0134394   0.0147287   0.016252   0.0183064   0.0221129   0.0271266   0.0331576   0.0409788   0.0590671   
-0.113324   -0.109792   -0.105235   -0.0992594   -0.0940954   -0.0863771   -0.0791145   -0.0725519   -0.0665846   -0.0575401   -0.0470833   -0.033812   -0.0332469   -0.0449637   -0.0502369   -0.0565251   -0.0623839   -0.0562751   -0.0470757   -0.0394782   -0.0330789   -0.0273421   -0.0222019   -0.0168115   -0.00929573   -0.00268583   0.00195022   0.00489528   0.0059306   

1500000
-10   -9   -8   -7   -6   -5   -4   -3   -2   -1   0   1   2   5   6   7   8   9   10   11   12   13   14   15   16   17   18   
-0.473702   -0.380509   -0.289462   -0.206011   -0.116566   -0.0387722   0.041509   0.124847   0.210675   0.279439   0.341752   0.392777   0.501702   0.936206   1.06976   1.14644   1.20768   1.27448   1.34446   1.41403   1.48299   1.54467   1.57914   1.60428   1.62677   1.63893   1.56404   
0.0136822   0.012483   0.0116201   0.0102598   0.00951346   0.00887696   0.00869421   0.00849213   0.00841356   0.00771182   0.0072322   0.00676389   0.00712638   0.00968893   0.0103416   0.0109569   0.0115535   0.0124063   0.0134265   0.0147179   0.01624   0.0182951   0.0221071   0.027116   0.0331418   0.0409445   0.0591553   
-0.113342   -0.109794   -0.10522   -0.0992561   -0.0940679   -0.0863496   -0.0790752   -0.0725368   -0.0665692   -0.0575513   -0.0471167   -0.0338571   -0.0331239   -0.0564693   -0.0623298   -0.0563589   -0.047128   -0.0395339   -0.0331301   -0.027379   -0.0222372   -0.0168401   -0.00930686   -0.00269993   0.00193574   0.00487862   0.00591893   

