5000
-10   -9   -8   -7   -6   -5   -4   -3   -2   -1   0   1   2   3   4   5   6   7   8   9   10   11   12   13   14   15   16   17   18   
0.0206474   0.0212132   0.0198867   0.0166913   0.0115787   0.00446389   -0.00474934   -0.0161169   -0.0296172   -0.0451586   -0.062693   -0.082348   -0.104118   -0.122069   0.0587512   0.35492   0.48046   0.572845   0.65035   0.719304   0.782409   0.841012   0.895952   0.947821   0.997088   1.0442   1.08952   1.13327   1.17557   
0.163606   0.160331   0.156941   0.153501   0.15006   0.146698   0.143422   0.14021   0.136977   0.133543   0.129615   0.124771   0.118358   0.109862   0.113222   0.135598   0.149457   0.161627   0.173229   0.184598   0.195945   0.207381   0.218995   0.230829   0.24288   0.255138   0.26757   0.280146   0.292841   
-0.0390154   -0.035943   -0.0327999   -0.0296421   -0.0265161   -0.0234583   -0.020505   -0.0176842   -0.0150105   -0.0124747   -0.0100314   -0.00760879   -0.00522749   -0.00449028   -0.0565084   -0.128392   -0.150814   -0.164278   -0.174169   -0.182402   -0.18984   -0.196935   -0.203957   -0.211066   -0.218335   -0.225789   -0.233424   -0.241224   -0.249175   

10000
-10   -9   -8   -7   -6   -5   -4   -3   -2   -1   0   1   2   3   4   5   6   7   8   9   10   11   12   13   14   15   16   17   18   
0.0152629   0.0145676   0.0125442   0.00912034   0.00409781   -0.00282376   -0.0119302   -0.0232312   -0.0361744   -0.105136   -0.240541   -0.348791   -0.288333   -0.131845   0.0370918   0.311421   0.493017   0.59831   0.679159   0.747461   0.808445   0.864457   0.91673   0.982029   1.04139   1.09343   1.15004   1.19292   1.23996   
0.158258   0.15444   0.15062   0.146895   0.143371   0.140153   0.137319   0.134868   0.132627   0.130705   0.128635   0.125331   0.122496   0.121434   0.122701   0.127281   0.146442   0.160536   0.17312   0.185139   0.197068   0.209176   0.221586   0.236541   0.245014   0.252895   0.267286   0.272484   0.282934   
-0.0341917   -0.0308872   -0.027629   -0.0244524   -0.0213844   -0.0184466   -0.0156657   -0.0130791   -0.0107232   0.00432117   0.031401   0.0474134   0.0217719   -0.0186908   -0.053255   -0.118791   -0.157506   -0.175043   -0.18616   -0.194443   -0.201571   -0.208331   -0.215097   -0.225648   -0.234922   -0.242548   -0.251095   -0.257276   -0.264455   

15000
-10   -9   -8   -7   -6   -5   -4   -3   -2   -1   0   1   2   3   4   5   6   7   8   9   10   11   12   13   14   15   16   17   18   
-0.193697   -0.215168   -0.222868   -0.225385   -0.207799   -0.00992552   -0.0193239   -0.0311185   -0.0439745   -0.056441   -0.106767   -0.279989   -0.315949   -0.0209705   0.166845   0.315952   0.489539   0.606499   0.717132   0.798826   0.867523   0.93422   0.987213   1.04089   0.758659   1.14151   1.18409   1.22738   1.26944   
0.197433   0.179661   0.174583   0.168257   0.158734   0.137973   0.135512   0.133627   0.131953   0.130033   0.127069   0.122438   0.121512   0.12274   0.12712   0.131747   0.144957   0.160422   0.176092   0.188266   0.198914   0.211142   0.219277   0.229671   0.228944   0.250557   0.258102   0.267012   0.276147   
-0.00253301   0.00102644   0.00681374   0.0125422   0.016533   -0.0159934   -0.0133888   -0.0110194   -0.00893963   -0.00711241   0.00378673   0.0398361   0.0271285   -0.0627598   -0.101717   -0.118234   -0.15763   -0.178769   -0.196643   -0.207309   -0.215138   -0.22261   -0.228079   -0.234052   -0.172054   -0.2457   -0.250961   -0.256637   -0.262505   

20000
-10   -9   -8   -7   -6   -5   -4   -3   -2   0   3   4   5   6   7   8   9   10   11   12   13   14   15   17   18   
-0.230594   -0.225342   -0.231218   -0.26811   -0.276578   -0.270962   -0.312687   -0.329783   -0.322787   -0.0717479   0.100259   0.324102   0.417603   0.551815   0.674315   0.766958   0.843899   0.912385   0.965649   1.01879   1.07071   1.12112   1.16203   1.25181   1.28942   
0.184204   0.191964   0.185662   0.171214   0.165146   0.170303   0.156012   0.150874   0.143354   0.128015   0.123612   0.134324   0.139462   0.149364   0.163482   0.175578   0.187057   0.199142   0.207263   0.217452   0.227635   0.238938   0.246403   0.266892   0.273969   
-0.00803798   -0.00213002   0.00187475   0.00683703   0.0118329   0.0157372   0.0242387   0.0312649   0.0371346   -0.00488959   -0.102724   -0.145574   -0.144545   -0.169349   -0.190875   -0.204017   -0.212689   -0.21944   -0.223991   -0.229014   -0.234012   -0.239196   -0.243838   -0.254429   -0.25978   

25000
-10   -9   -8   -7   -6   -5   -4   -3   -2   -1   1   3   4   5   6   7   8   9   10   11   12   13   14   15   16   17   18   
-0.255145   -0.251298   -0.264995   -0.260225   -0.300573   -0.314727   -0.339709   -0.372701   -0.386606   -0.401578   -0.351976   0.189969   0.451501   0.494484   0.586527   0.709255   0.801413   0.87855   0.931644   0.990812   1.03802   1.08696   1.13876   1.18248   1.21979   1.25691   1.3074   
0.186372   0.177961   0.173914   0.179613   0.165538   0.160219   0.156209   0.152733   0.147063   0.142325   0.125407   0.1391   0.138693   0.143176   0.149575   0.163475   0.175461   0.187495   0.195405   0.205959   0.214942   0.224556   0.236124   0.245471   0.252627   0.26043   0.274521   
-0.00996159   -0.00586202   -0.00153798   0.00281039   0.0079283   0.0129944   0.0189267   0.0256336   0.0301694   0.0338923   0.0474084   -0.125144   -0.173858   -0.159993   -0.172276   -0.193619   -0.206452   -0.21468   -0.219063   -0.22394   -0.228119   -0.232553   -0.237335   -0.24196   -0.246729   -0.251982   -0.257292   

30000
-10   -9   -8   -7   -6   -5   -4   -3   -2   -1   1   2   3   4   5   6   7   8   9   10   11   12   13   14   15   16   17   18   
-0.253303   -0.262539   -0.278701   -0.295414   -0.301667   -0.334784   -0.362923   -0.397369   -0.399889   -0.339581   -0.250625   -0.2303   0.461214   0.520087   0.55388   0.629505   0.725483   0.817036   0.890444   0.963828   1.00212   1.06249   1.10115   1.14361   1.18842   1.23888   1.26626   1.31568   
0.182645   0.17759   0.173655   0.169029   0.162714   0.160227   0.156013   0.153542   0.147182   0.142242   0.131822   0.125227   0.133651   0.139513   0.145466   0.152015   0.161294   0.172919   0.183639   0.196916   0.202749   0.215171   0.222885   0.231622   0.241455   0.253489   0.258123   0.271382   
-0.0108826   -0.0071998   -0.00344214   0.000603636   0.00501896   0.0102729   0.0159321   0.0195523   0.021371   0.0112032   0.00159291   0.00976595   -0.188739   -0.185133   -0.171273   -0.177899   -0.192933   -0.205937   -0.213586   -0.219762   -0.222722   -0.22734   -0.231194   -0.235496   -0.240072   -0.244689   -0.250093   -0.255089   

35000
-10   -9   -8   -7   -6   -5   -4   -3   -1   2   3   4   5   6   7   8   9   10   11   12   15   16   17   18   
-0.259697   -0.26237   -0.276643   -0.270261   -0.288242   -0.335131   -0.375281   -0.355763   -0.277312   0.361039   0.400653   0.565352   0.585985   0.674999   0.739338   0.832143   0.904059   0.971891   1.01679   1.06849   1.20116   1.23468   1.28023   1.31817   
0.181068   0.174912   0.17051   0.176403   0.172038   0.158001   0.155541   0.150868   0.141179   0.123498   0.137897   0.139634   0.144338   0.15382   0.159536   0.171292   0.181662   0.192969   0.201412   0.211337   0.239791   0.247469   0.258033   0.2679   
-0.0115798   -0.00783261   -0.00452409   -0.000765343   0.00272196   0.00796004   0.0138273   0.00866413   -0.00731614   -0.175703   -0.175328   -0.189543   -0.177775   -0.185573   -0.192005   -0.205472   -0.212904   -0.218249   -0.221862   -0.22571   -0.23821   -0.243359   -0.248102   -0.25367   

40000
-10   -9   -8   -7   -6   -5   -4   -3   -2   -1   0   3   4   5   7   8   9   10   11   13   14   15   16   17   18   
-0.257997   -0.244364   -0.260926   -0.298756   -0.332088   -0.375967   -0.329842   -0.296171   -0.273126   -0.223959   -0.181151   0.578088   0.591173   0.629172   0.77652   0.852221   0.925386   0.987235   1.02835   1.12661   1.17463   1.20908   1.24309   1.28027   1.32215   
0.178695   0.18488   0.180395   0.165081   0.162798   0.161287   0.153786   0.14907   0.144031   0.139794   0.134088   0.131702   0.137644   0.144784   0.161944   0.170582   0.181289   0.192057   0.199435   0.219929   0.230557   0.237847   0.246314   0.254728   0.264876   
-0.0114966   -0.00723233   -0.00473441   -0.00189456   0.0019089   0.00745042   0.00142255   -0.00719892   -0.0127233   -0.0248562   -0.0284673   -0.207238   -0.193787   -0.184293   -0.195571   -0.205479   -0.212778   -0.217556   -0.220745   -0.228306   -0.232221   -0.236677   -0.241923   -0.247166   -0.252286   

45000
-10   -9   -7   -5   -4   -3   -2   -1   1   4   5   6   8   9   11   12   13   14   15   16   
-0.266064   -0.271469   -0.301521   -0.301686   -0.280792   -0.157247   -0.216743   -0.0700151   0.522137   0.619666   0.663638   0.720206   0.859952   0.932369   1.03729   1.09342   1.14309   1.17787   1.20894   1.25346   
0.178457   0.172759   0.163734   0.155511   0.152322   0.139133   0.140744   0.126566   0.10486   0.136632   0.144626   0.152192   0.168598   0.178999   0.197726   0.20833   0.219031   0.227064   0.235218   0.245135   
-0.0119965   -0.00869257   -0.00257657   -0.00475976   -0.0146199   -0.0319199   -0.0243061   -0.0431473   -0.196973   -0.197134   -0.189235   -0.192797   -0.204419   -0.211675   -0.219713   -0.22311   -0.226648   -0.230766   -0.235837   -0.240249   

50000
-10   -9   -8   -7   -6   -5   -4   -3   -2   0   5   6   7   8   9   10   12   13   14   16   17   
-0.242831   -0.283043   -0.286449   -0.303959   -0.301926   -0.112241   -0.136625   -0.0957957   -0.0597651   0.574027   0.677991   0.761276   0.807559   0.875652   0.939638   0.997587   1.09292   1.13601   1.18103   1.2716   1.29605   
0.188781   0.173223   0.167009   0.16278   0.158181   0.149466   0.140374   0.131114   0.124555   0.0857917   0.142808   0.153071   0.159933   0.168162   0.177522   0.186777   0.205645   0.215065   0.225403   0.246583   0.253712   
-0.0103962   -0.00956255   -0.00600826   -0.00302621   -0.00482312   -0.0371844   -0.0393718   -0.0394939   -0.0440463   -0.19962   -0.191915   -0.197099   -0.199719   -0.204226   -0.210838   -0.215161   -0.222104   -0.225832   -0.229834   -0.23816   -0.244513   

55000
-10   -9   -8   -7   -6   -5   -4   -3   -2   0   7   8   9   11   12   13   14   15   16   18   
-0.273446   -0.28271   -0.289306   -0.223965   -0.129856   -0.103499   -0.0946353   -0.0450525   -0.00178227   0.674833   0.836071   0.878488   0.950337   0.77342   1.10802   1.14952   1.18228   1.22996   0.865488   1.33573   
0.176939   0.171748   0.166184   0.168722   0.146873   0.139678   0.134226   0.124543   0.117406   0.0755207   0.159931   0.165722   0.175886   0.190619   0.204449   0.213942   0.223067   0.233287   0.232325   0.261631   
-0.0122612   -0.00956108   -0.00630757   -0.0171318   -0.0404461   -0.0430822   -0.0451856   -0.0475353   -0.0529912   -0.207596   -0.201832   -0.202871   -0.209995   -0.167976   -0.220656   -0.22428   -0.228971   -0.232761   -0.171047   -0.249239   

60000
-10   -9   -8   -5   -3   7   8   9   14   15   17   18   
-0.270197   -0.254644   -0.291874   -0.0824228   -0.00804152   0.863128   0.901503   0.965535   1.18804   1.23376   1.31609   1.34771   
0.175575   0.181583   0.165573   0.135763   0.119424   0.160094   0.166424   0.174926   0.221696   0.231619   0.252596   0.261357   
-0.0116184   -0.00819777   -0.00651594   -0.047928   -0.0552004   -0.203685   -0.2044   -0.209385   -0.227941   -0.23181   -0.241223   -0.247224   

65000
-9   -8   -7   -6   -5   -4   1   2   7   8   9   12   14   16   18   
-0.280859   -0.115562   -0.0677996   -0.0425801   -0.040405   -0.0254555   0.940298   0.903363   0.881045   0.713324   0.742792   1.13114   0.844613   1.27146   1.3368   
0.169722   0.153721   0.144006   0.136371   0.130235   0.12303   0.0569997   0.072947   0.159284   0.170786   0.176586   0.201692   0.213336   0.239531   0.257724   
-0.00903725   -0.0486821   -0.0535906   -0.0559459   -0.0535078   -0.0550869   -0.209318   -0.197837   -0.204734   -0.170441   -0.168099   -0.217998   -0.168911   -0.236307   -0.248346   

70000
-10   -9   -8   -7   -6   -5   -4   -1   1   3   11   14   15   16   17   18   
-0.134814   -0.103891   -0.0580654   -0.0325993   -0.0162499   0.00259349   0.016098   0.209948   1.00136   1.20514   0.79685   1.22305   1.23413   1.26867   1.30274   1.33909   
0.164154   0.156424   0.147109   0.139485   0.132313   0.12483   0.117588   0.0938197   0.0485652   0.0506884   0.187844   0.220789   0.228875   0.238328   0.247773   0.257381   
-0.0435408   -0.0491588   -0.0584494   -0.0602193   -0.0610617   -0.0612022   -0.0632131   -0.0811798   -0.210102   -0.20569   -0.167145   -0.223873   -0.231012   -0.236431   -0.242235   -0.247895   

75000
-10   -9   -8   -6   -4   -3   -2   -1   1   3   4   5   8   10   11   13   14   15   16   17   18   
-0.0938531   -0.0710307   -0.0123123   0.00950667   0.032122   0.0915435   0.175518   0.788518   1.1046   1.3797   1.41264   1.50379   0.931826   1.05315   1.08727   1.1694   1.22255   1.26787   1.29952   1.32404   0.915624   
0.159723   0.152752   0.141835   0.128429   0.114219   0.105857   0.0942906   0.0480033   0.0392525   0.0381174   0.0436648   0.0465444   0.163273   0.179894   0.188674   0.207681   0.217754   0.229058   0.23911   0.247764   0.247107   
-0.0533764   -0.0578616   -0.0664551   -0.065923   -0.0630666   -0.0780623   -0.0830944   -0.218669   -0.217512   -0.22502   -0.216026   -0.214668   -0.205443   -0.210501   -0.213628   -0.220324   -0.223013   -0.226877   -0.232287   -0.23888   -0.17246   

80000
-10   -9   -8   -7   -6   -4   -2   -1   0   1   2   3   4   5   6   10   11   13   15   16   17   18   
-0.0301018   -0.0249511   0.0105989   0.0149141   0.0475004   0.0629946   0.500209   0.846511   1.07235   1.16585   1.27767   1.38798   1.49577   1.52049   1.42212   1.0509   1.12939   1.23879   1.24867   1.27898   1.30902   1.34399   
0.160982   0.147303   0.138441   0.132462   0.123666   0.109793   0.0605493   0.0419938   0.034466   0.0349499   0.035268   0.0362702   0.038059   0.043899   0.0620852   0.178074   0.187647   0.197055   0.226071   0.236058   0.245842   0.255603   
-0.0621248   -0.06665   -0.0709501   -0.0725631   -0.0723257   -0.0683327   -0.179337   -0.22318   -0.234085   -0.225445   -0.2253   -0.225839   -0.226209   -0.215976   -0.19808   -0.20971   -0.211217   -0.210233   -0.228447   -0.234466   -0.240911   -0.246788   

85000
-10   -9   -8   -7   -5   -1   0   1   2   3   4   5   6   7   10   14   16   17   18   
-0.022577   -0.00499446   0.0169104   0.081793   0.0496826   0.48895   1.08228   1.20501   1.31473   1.43219   1.51078   1.60904   1.67847   1.65315   1.05232   1.2498   0.904345   1.33066   1.35022   
0.151129   0.144232   0.136817   0.125034   0.115195   0.0650992   0.0326249   0.0319593   0.0324078   0.0331885   0.036068   0.0383071   0.0423603   0.053383   0.176839   0.206522   0.228128   0.245212   0.254151   
-0.0685143   -0.0708868   -0.0764896   -0.0821939   -0.071246   -0.139325   -0.235061   -0.230509   -0.230262   -0.231751   -0.227886   -0.226993   -0.223117   -0.209493   -0.209036   -0.215921   -0.16922   -0.237305   -0.245473   

90000
-10   -9   -8   -7   -6   -5   -4   -2   -1   0   1   2   3   4   5   6   7   8   11   14   15   17   
0.0291294   0.0509367   0.0704261   0.0860071   0.0723316   0.0892383   0.122964   0.714819   0.944668   1.10807   1.21395   1.33192   1.43462   1.54834   1.61603   1.67415   1.65913   0.964945   1.11948   1.2715   1.29503   1.315   
0.151882   0.143508   0.1304   0.123311   0.118354   0.110546   0.101247   0.0434477   0.0337609   0.0303166   0.0305697   0.0307771   0.032083   0.0335676   0.0369291   0.0409331   0.0511314   0.159862   0.18293   0.199932   0.222091   0.244307   
-0.0758149   -0.0771681   -0.0825565   -0.0827998   -0.0793528   -0.0761075   -0.0828069   -0.21898   -0.23317   -0.237716   -0.232221   -0.232917   -0.23205   -0.232999   -0.227642   -0.221692   -0.209177   -0.205468   -0.209702   -0.211677   -0.22154   -0.2397   

95000
-10   -9   -8   -7   -6   -5   -4   -2   -1   0   1   2   3   4   5   6   7   12   13   15   
0.0362877   0.0656245   0.0959387   0.11752   0.122923   0.111401   0.143403   0.541187   0.97085   1.12924   1.23427   1.34339   1.45373   1.54474   1.64175   1.71763   1.76994   1.22466   0.867696   1.33506   
0.143506   0.135527   0.126678   0.118865   0.112635   0.106922   0.0979728   0.0549477   0.0314524   0.0284239   0.0288145   0.0293767   0.0304396   0.0327114   0.0349533   0.0379529   0.0440726   0.176679   0.199295   0.203458   
-0.0821824   -0.0851053   -0.0906434   -0.0899574   -0.0861404   -0.0832802   -0.0850406   -0.170329   -0.235904   -0.240252   -0.235126   -0.234446   -0.234654   -0.232276   -0.231037   -0.227167   -0.221922   -0.202334   -0.166569   -0.211275   

100000
-10   -8   -7   -6   -1   0   1   2   3   4   5   6   7   8   9   12   13   14   
0.0741172   0.140359   0.1523   0.134928   0.994539   1.14688   1.25539   1.35939   1.45735   1.56327   1.6542   1.73777   1.83276   1.89921   1.92006   1.24637   1.2829   1.34017   
0.144792   0.121434   0.114639   0.109952   0.0294131   0.0268275   0.0272539   0.0280574   0.0295537   0.0312522   0.0337615   0.0365699   0.0407044   0.0456732   0.0517855   0.172235   0.180096   0.184693   
-0.0841308   -0.0977807   -0.0972798   -0.0916863   -0.23858   -0.242481   -0.238381   -0.23691   -0.235208   -0.234847   -0.232716   -0.229895   -0.230299   -0.22616   -0.215535   -0.199858   -0.201672   -0.201542   

105000
-10   -8   -7   -6   -5   -4   -2   -1   0   1   2   3   4   5   6   7   8   9   13   14   
0.103079   0.152121   0.195754   0.188274   0.168759   0.170311   0.84721   1.01555   1.16253   1.25824   1.35991   1.46326   1.56413   1.65649   1.74221   1.81877   1.86822   1.85631   1.3036   1.35135   
0.140525   0.119252   0.109522   0.1068   0.0989135   0.0932336   0.0331934   0.0276761   0.0254478   0.0263966   0.0272912   0.0285914   0.0305231   0.0328795   0.0357189   0.0399485   0.0453096   0.0534126   0.175459   0.181371   
-0.0908383   -0.0995483   -0.104211   -0.0935489   -0.096259   -0.0873887   -0.234709   -0.241034   -0.244561   -0.239115   -0.237001   -0.235951   -0.234905   -0.232871   -0.230372   -0.22773   -0.221163   -0.207437   -0.19907   -0.199831   

110000
-10   -9   -7   -6   -5   -4   -1   0   1   2   3   4   5   6   7   8   9   10   13   18   
0.111926   0.133858   0.191438   0.166869   0.158965   0.232029   1.03326   1.17677   1.26754   1.36868   1.47283   1.56781   1.67463   1.76599   1.84044   1.90129   1.9182   1.86713   1.32187   1.356   
0.133161   0.125893   0.108411   0.104737   0.0986185   0.0869499   0.0262273   0.0242484   0.0253786   0.0263497   0.0277052   0.0297092   0.0317257   0.0343486   0.0381993   0.0428221   0.0488373   0.0595476   0.171312   0.25082   
-0.0995749   -0.0991409   -0.107847   -0.0971737   -0.0920525   -0.0985672   -0.243114   -0.246543   -0.240535   -0.238314   -0.237386   -0.235326   -0.235522   -0.233782   -0.23046   -0.225234   -0.21403   -0.19751   -0.19688   -0.244089   

115000
-10   -9   -7   -6   -3   -2   -1   0   1   2   3   4   5   6   7   8   9   10   11   13   
0.14309   0.156102   0.258103   0.238009   0.713928   0.892334   1.04835   1.18204   1.27956   1.37185   1.47029   1.58093   1.67106   1.76627   1.868   1.94636   2.01159   2.02483   1.91099   1.33796   
0.129398   0.122637   0.101613   0.097406   0.0360373   0.0293678   0.0249791   0.0234256   0.0244123   0.0256841   0.0271838   0.0288514   0.0312492   0.0337974   0.0367078   0.0405518   0.0446053   0.0498241   0.0640244   0.167639   
-0.104737   -0.105624   -0.118185   -0.110159   -0.228837   -0.239905   -0.244953   -0.247337   -0.242546   -0.238905   -0.236995   -0.237331   -0.23491   -0.233716   -0.234362   -0.231505   -0.226497   -0.214233   -0.191686   -0.195049   

120000
-10   -8   -7   -5   -3   -2   -1   0   1   2   3   4   5   6   7   8   9   10   11   12   14   
0.163532   0.273451   0.281411   0.26503   0.743304   0.910967   1.0618   1.18603   1.2794   1.37307   1.47376   1.57379   1.67142   1.76438   1.85233   1.92714   1.98167   2.01027   2.05068   1.32114   1.37228   
0.126325   0.107022   0.0980969   0.088008   0.0337118   0.0278347   0.0238775   0.0226934   0.0238077   0.0250749   0.0265321   0.0284508   0.0306466   0.0332289   0.0362158   0.0400615   0.044305   0.049299   0.0543905   0.156607   0.1748   
-0.11089   -0.120574   -0.124161   -0.108856   -0.233226   -0.242129   -0.246653   -0.247772   -0.242576   -0.239041   -0.237441   -0.236136   -0.234866   -0.233278   -0.231585   -0.228233   -0.221653   -0.211969   -0.204811   -0.192221   -0.197032   

125000
-10   -9   -8   -7   -5   -3   -2   -1   0   1   2   3   4   5   6   7   8   9   10   11   13   15   
0.190375   0.211347   0.286806   0.313403   0.296444   0.764318   0.926382   1.07368   1.19273   1.28439   1.37808   1.47839   1.57538   1.68088   1.77502   1.85497   1.93211   1.97954   2.00446   2.00813   1.41093   1.48486   
0.123136   0.115501   0.102801   0.0945507   0.0844274   0.0318806   0.0265266   0.0229308   0.0219518   0.023121   0.024447   0.025984   0.0279134   0.0299542   0.0324289   0.0353323   0.0389535   0.0433118   0.0484288   0.0554093   0.153542   0.166102   
-0.115586   -0.117676   -0.128355   -0.128725   -0.114709   -0.235946   -0.243962   -0.248155   -0.248709   -0.243444   -0.239829   -0.238175   -0.236345   -0.236305   -0.234825   -0.231662   -0.228598   -0.220941   -0.21085   -0.199794   -0.188014   -0.190053   

130000
-10   -9   -8   -7   -5   -2   -1   0   1   2   3   4   5   6   7   8   9   10   11   12   
0.210298   0.243449   0.298382   0.325897   0.323749   0.940023   1.07234   1.19982   1.29128   1.37899   1.47564   1.58199   1.68167   1.78623   1.87186   1.95569   1.9995   2.02477   2.01901   1.35106   
0.120273   0.111881   0.100503   0.0921723   0.0810195   0.0254045   0.0225308   0.021267   0.0224649   0.0239828   0.0256039   0.0273787   0.0295349   0.0318428   0.034297   0.0375975   0.0417595   0.0465639   0.0537144   0.150273   
-0.120756   -0.123417   -0.1327   -0.132734   -0.121806   -0.24561   -0.247611   -0.249736   -0.244633   -0.240047   -0.237754   -0.237386   -0.236411   -0.236593   -0.234071   -0.231936   -0.223465   -0.213058   -0.200584   -0.1896   

135000
-10   -9   -8   -5   -3   -2   -1   0   1   2   3   4   5   6   7   8   9   10   11   12   14   
0.227202   0.262803   0.320314   0.377042   0.80574   0.951044   1.07663   1.20592   1.29173   1.37887   1.47573   1.57875   1.67604   1.77549   1.87239   1.95689   2.04053   2.0599   2.05069   2.00878   1.8134   
0.117928   0.109071   0.0978828   0.0759142   0.0286685   0.024418   0.0219522   0.0206683   0.0219812   0.0235476   0.0251655   0.0270277   0.0291746   0.0315439   0.0337509   0.0369611   0.0401847   0.0444286   0.0510423   0.061043   0.0992778   
-0.125012   -0.127926   -0.13516   -0.132694   -0.241896   -0.246922   -0.247979   -0.250567   -0.244677   -0.240009   -0.237687   -0.236815   -0.235437   -0.234774   -0.233964   -0.231925   -0.229545   -0.217459   -0.203721   -0.189539   -0.170207   

140000
-8   -7   -6   -3   -2   -1   0   1   2   3   4   5   6   7   8   9   10   11   12   13   14   15   16   
0.324521   0.358099   0.396195   0.818942   0.961506   1.08253   1.20591   1.29371   1.38082   1.47961   1.57624   1.67714   1.77387   1.86095   1.94273   2.02057   2.08285   1.31504   2.05967   1.98259   1.90547   2.01268   1.85352   
0.0962437   0.0877254   0.0786871   0.0274689   0.0235441   0.0213394   0.0202531   0.0215006   0.0231105   0.0247579   0.0266925   0.0287454   0.0310976   0.033329   0.0365162   0.0398068   0.0431308   0.141574   0.0566778   0.0704138   0.0871875   0.0837899   0.113661   
-0.138319   -0.138138   -0.135336   -0.243558   -0.2482   -0.248691   -0.250492   -0.245055   -0.240302   -0.238309   -0.236409   -0.235577   -0.234419   -0.231882   -0.229427   -0.226148   -0.22053   -0.189124   -0.193764   -0.179606   -0.171076   -0.169344   -0.167806   

145000
-10   -8   -7   -5   -3   -2   -1   0   1   2   3   4   5   6   7   8   9   10   11   12   13   14   16   17   18   
0.253466   0.342631   0.369404   0.425843   0.833584   0.970489   1.0885   1.20849   1.29701   1.38259   1.47724   1.57651   1.68252   1.77894   1.86306   1.93872   2.00687   2.06115   2.12817   2.10508   2.05979   2.01523   1.86241   1.83467   1.8021   
0.113793   0.0941967   0.0859298   0.0707897   0.0263444   0.0227702   0.0207791   0.0198144   0.0210403   0.0227358   0.0244684   0.0263186   0.0283167   0.0306083   0.0329848   0.0358889   0.0393575   0.0429389   0.0462829   0.0531561   0.0632521   0.0748395   0.112167   0.127857   0.14569   
-0.131325   -0.139334   -0.139961   -0.14237   -0.245645   -0.249302   -0.249399   -0.250836   -0.245618   -0.240621   -0.237949   -0.236397   -0.236425   -0.235191   -0.232206   -0.228524   -0.22379   -0.217176   -0.212796   -0.198044   -0.184549   -0.174677   -0.1678   -0.170992   -0.177349   

150000
-10   -8   -6   -5   -3   -2   -1   1   2   3   4   5   6   7   8   9   10   11   12   13   14   16   17   18   
0.267312   0.344545   0.392931   0.440052   0.710616   0.969386   1.09442   1.29924   1.38177   1.47515   1.58077   1.68273   1.78945   1.87116   1.94515   2.00402   2.05142   1.35552   2.16001   2.11347   1.82586   1.94446   1.88087   1.83725   
0.112087   0.0928502   0.0776955   0.0690544   0.0369714   0.0224038   0.0202494   0.0206375   0.0224189   0.0241747   0.0259815   0.0280242   0.0301592   0.0324414   0.0351451   0.0387081   0.0424973   0.133698   0.049897   0.0586412   0.0960686   0.100375   0.12072   0.140011   
-0.133177   -0.141445   -0.139749   -0.144278   -0.213902   -0.248876   -0.250161   -0.245932   -0.240536   -0.237582   -0.237094   -0.236452   -0.236897   -0.233426   -0.229329   -0.22312   -0.215601   -0.186432   -0.204046   -0.188712   -0.170321   -0.166499   -0.169155   -0.175191   

155000
-10   -9   -8   -7   -6   -5   -4   -3   -2   -1   0   1   2   3   4   5   6   7   8   9   10   11   12   13   14   15   16   17   18   
0.294953   0.311447   0.35678   0.384503   0.402059   0.442548   0.502404   0.838883   0.972077   1.09854   1.2148   1.29925   1.38134   1.47457   1.57724   1.6759   1.78088   1.88344   1.96337   2.00948   2.05097   2.09002   2.13366   2.15789   2.1135   1.88856   1.99207   1.91147   1.86854   
0.111437   0.101549   0.0914618   0.0831928   0.0762008   0.0677184   0.0595602   0.0252212   0.0219216   0.019824   0.0190003   0.0202941   0.0221045   0.0238815   0.0257478   0.0277805   0.0299379   0.0320123   0.0344395   0.0379084   0.0417987   0.0461438   0.0503111   0.0551732   0.0646164   0.0976668   0.0938761   0.116173   0.135088   
-0.133475   -0.137763   -0.141677   -0.14257   -0.141455   -0.147285   -0.153239   -0.246005   -0.249051   -0.250631   -0.251644   -0.245962   -0.240426   -0.237453   -0.236527   -0.235303   -0.235458   -0.235418   -0.23218   -0.223719   -0.215323   -0.207457   -0.2008   -0.192645   -0.180062   -0.168295   -0.166543   -0.168323   -0.173495   

160000
-10   -9   -8   -7   -6   -5   -3   -2   -1   0   1   2   3   4   5   6   7   8   9   10   11   12   13   14   15   16   17   18   
0.301081   0.345886   0.358531   0.385786   0.409144   0.436746   0.842851   0.976033   1.09844   1.21775   1.30057   1.38234   1.47693   1.5726   1.67247   1.77389   1.86933   1.95322   2.02568   2.05649   2.08696   2.11807   2.13532   2.0947   2.00227   2.02909   1.93866   1.89549   
0.109929   0.0988852   0.0903094   0.082189   0.0750549   0.0668716   0.0245894   0.0213958   0.0195329   0.0186514   0.0199626   0.0218117   0.023617   0.0254984   0.0274819   0.0296603   0.0318259   0.0341124   0.0370228   0.0409494   0.0455586   0.0503714   0.0558306   0.0655149   0.082984   0.0889819   0.112234   0.130956   
-0.135079   -0.13952   -0.142841   -0.14397   -0.142834   -0.150812   -0.246311   -0.249453   -0.250464   -0.252048   -0.246192   -0.240583   -0.237852   -0.235717   -0.234674   -0.234245   -0.233016   -0.230354   -0.226042   -0.215879   -0.206886   -0.198913   -0.190375   -0.17876   -0.169426   -0.166952   -0.167776   -0.172229   

165000
-10   -9   -7   -6   -3   -2   -1   0   1   2   3   4   5   6   7   8   9   10   11   12   13   14   15   17   18   
0.300557   0.316562   0.395204   0.416076   0.849078   0.980996   1.1002   1.21782   1.3016   1.38256   1.47471   1.56993   1.67168   1.77073   1.85954   1.9381   2.03208   2.07028   2.08982   2.11218   2.12178   2.08825   2.03433   1.9631   1.9184   
0.10892   0.0993268   0.0811006   0.0738772   0.0239156   0.0209111   0.0192073   0.0183769   0.0196614   0.0215552   0.023397   0.0252378   0.02719   0.0293538   0.0315548   0.0338317   0.0365123   0.0399508   0.0447547   0.0500066   0.0560363   0.0654685   0.0788964   0.108757   0.127506   
-0.13701   -0.140204   -0.144035   -0.14398   -0.247095   -0.250005   -0.250602   -0.25199   -0.246308   -0.240639   -0.237492   -0.235228   -0.23451   -0.233667   -0.231283   -0.227724   -0.226948   -0.217638   -0.207053   -0.198129   -0.18904   -0.178319   -0.170356   -0.167438   -0.171296   

170000
-10   -9   -8   -7   -6   -5   -3   -2   -1   0   1   2   3   4   5   6   7   8   9   11   12   13   14   15   16   17   18   
0.29334   0.337663   0.360069   0.392564   0.413587   0.456933   0.856572   0.985023   1.10269   1.21886   1.3025   1.38155   1.47111   1.56934   1.67381   1.77042   1.85547   1.92922   2.01323   2.09794   2.11278   2.11719   2.09076   2.06183   2.02494   1.98412   1.9006   
0.107118   0.0980761   0.0892937   0.0802102   0.0729796   0.0652371   0.0232657   0.0204151   0.0188769   0.018097   0.0193884   0.0213172   0.0231823   0.0249982   0.0269212   0.0290128   0.0312377   0.0335099   0.0363397   0.0437858   0.0493348   0.0557026   0.0646785   0.0754873   0.0893363   0.105832   0.130573   
-0.13817   -0.139621   -0.142036   -0.145536   -0.145958   -0.148768   -0.248132   -0.250479   -0.250872   -0.252088   -0.246439   -0.240497   -0.236872   -0.235117   -0.234852   -0.233542   -0.230523   -0.226159   -0.223857   -0.207888   -0.19805   -0.18853   -0.178445   -0.171336   -0.167445   -0.167273   -0.172657   

175000
-10   -9   -8   -6   -3   -2   -1   0   1   2   3   4   5   6   7   8   9   10   11   12   13   14   15   16   17   18   
0.293238   0.328252   0.353126   0.42737   0.861017   0.989466   1.10541   1.22052   1.30256   1.38083   1.46827   1.57324   1.67708   1.77436   1.85555   1.92576   2.00135   2.07462   2.11218   2.11684   2.11843   2.09822   2.08468   2.02284   1.96692   1.90201   
0.106231   0.0973761   0.0888745   0.0720371   0.0227243   0.0199587   0.0185629   0.0178283   0.0191384   0.0210943   0.0229615   0.0248011   0.0267065   0.0287127   0.0308702   0.0331212   0.0361086   0.0389371   0.0426853   0.0485118   0.0549959   0.0634805   0.0727114   0.0895802   0.108486   0.130573   
-0.139328   -0.140229   -0.143218   -0.145726   -0.248625   -0.251014   -0.251183   -0.252287   -0.246449   -0.24037   -0.236345   -0.235809   -0.235411   -0.23419   -0.23045   -0.225474   -0.221927   -0.218036   -0.209551   -0.19835   -0.188536   -0.178884   -0.172285   -0.167716   -0.168039   -0.172932   

180000
-10   -9   -8   -7   -6   -5   -3   -2   -1   0   1   2   3   4   5   6   7   8   9   10   11   12   13   14   15   16   17   18   
0.294905   0.325222   0.364412   0.397283   0.424676   0.468617   0.866591   0.994082   1.10861   1.22237   1.30283   1.38022   1.46721   1.56754   1.66683   1.78042   1.86044   1.92633   1.99425   2.06026   2.13405   2.12515   2.1236   2.1107   2.10419   2.02701   1.96642   1.90834   
0.106066   0.096684   0.0880394   0.0791885   0.0712084   0.0634626   0.022168   0.0195546   0.0182484   0.0175791   0.0189087   0.0208861   0.0227653   0.0246077   0.0265079   0.0284976   0.0305224   0.0326908   0.0358083   0.0388519   0.0415684   0.0475124   0.0540466   0.0618873   0.0703778   0.0890348   0.108731   0.129779   
-0.138084   -0.141213   -0.141912   -0.144828   -0.14726   -0.15107   -0.249374   -0.251571   -0.251618   -0.252519   -0.246474   -0.240238   -0.236156   -0.234792   -0.233614   -0.23524   -0.231217   -0.225434   -0.220749   -0.21589   -0.212351   -0.199125   -0.18889   -0.179657   -0.173181   -0.168024   -0.1684   -0.172918   

185000
-10   -9   -7   -6   -5   -3   -2   -1   0   1   3   4   5   6   7   8   9   10   11   12   14   15   16   17   18   
0.295479   0.343652   0.396473   0.434998   0.472682   0.873271   0.993168   1.11179   1.22423   1.3031   1.46836   1.56233   1.66104   1.76742   1.86568   1.93106   1.99166   2.05089   2.1171   2.13702   2.12468   2.12311   2.03384   1.97152   1.91735   
0.105558   0.0957165   0.0788372   0.0705881   0.0622536   0.0216294   0.0192867   0.0179676   0.0173421   0.0186976   0.0225961   0.0244359   0.0263351   0.0282946   0.030275   0.0322538   0.0354235   0.0386772   0.0416578   0.0463941   0.0602326   0.0682211   0.0881577   0.108156   0.128548   
-0.137735   -0.139964   -0.144968   -0.147021   -0.153755   -0.250333   -0.251326   -0.252028   -0.252759   -0.246485   -0.236364   -0.233906   -0.23263   -0.232952   -0.232086   -0.226078   -0.220252   -0.214492   -0.210007   -0.200323   -0.180563   -0.174103   -0.168348   -0.168607   -0.172754   

190000
-10   -9   -8   -7   -3   -2   -1   0   1   2   3   4   5   6   7   8   9   10   11   12   13   14   15   16   17   18   
0.293417   0.332945   0.359621   0.401473   0.871568   0.994046   1.11155   1.22442   1.30361   1.37862   1.4667   1.55946   1.65739   1.7597   1.85234   1.94123   1.99233   2.04501   2.10267   2.15384   2.14635   2.1394   2.1114   2.04155   1.97816   1.92741   
0.104971   0.0954144   0.0868741   0.0783239   0.0213844   0.018989   0.0177652   0.0171406   0.0185052   0.0205092   0.0224396   0.0242768   0.0261454   0.0281282   0.0301517   0.0318938   0.0349879   0.0384245   0.0417293   0.0451717   0.0514814   0.0586165   0.0692137   0.0871862   0.107343   0.12714   
-0.138072   -0.140115   -0.143226   -0.144368   -0.249896   -0.251348   -0.251923   -0.252742   -0.246545   -0.239968   -0.236101   -0.233442   -0.231999   -0.231641   -0.229837   -0.227669   -0.220244   -0.213595   -0.208069   -0.202152   -0.190768   -0.181567   -0.173737   -0.168682   -0.168774   -0.172533   

195000
-10   -9   -8   -6   -5   -4   -3   -2   -1   0   1   2   3   4   5   6   7   8   9   10   11   12   14   15   16   17   18   
0.29213   0.32893   0.367514   0.426089   0.482212   0.721066   0.872084   0.99584   1.11222   1.22491   1.30345   1.37734   1.46395   1.55767   1.65541   1.75464   1.84325   1.9254   1.99634   2.04258   2.01088   2.15241   2.15031   2.10392   2.04921   1.98535   1.93712   
0.104593   0.0949818   0.0863425   0.0695879   0.0610119   0.0266275   0.0210668   0.0186859   0.0175512   0.0169519   0.0183188   0.0203307   0.0222924   0.0241281   0.0259635   0.0279376   0.0300036   0.0317911   0.0345243   0.038082   0.0417808   0.0448649   0.0574299   0.069839   0.0862365   0.106458   0.125781   
-0.138372   -0.140424   -0.141851   -0.148849   -0.154827   -0.240498   -0.249853   -0.251499   -0.251965   -0.252767   -0.246513   -0.239755   -0.235656   -0.233165   -0.23167   -0.230776   -0.228326   -0.225047   -0.220746   -0.213174   -0.193728   -0.201931   -0.182351   -0.173593   -0.169018   -0.168932   -0.172328   

200000
-9   -8   -7   -6   -5   -3   -2   -1   0   1   2   3   4   5   6   7   8   9   10   11   12   13   14   15   16   17   18   
0.329648   0.365882   0.39883   0.436189   0.48628   0.87486   0.997621   1.11324   1.22559   1.30337   1.37621   1.46196   1.55657   1.65477   1.75166   1.83732   1.91402   2.00514   2.04246   2.08637   2.13832   2.15567   2.13853   2.10015   2.05634   1.99351   1.94622   
0.0948537   0.0857433   0.0773493   0.0694233   0.0598506   0.0206572   0.0183964   0.0173463   0.0167647   0.0181501   0.0201708   0.0221405   0.0239729   0.0257932   0.0277487   0.0298497   0.0316792   0.0340684   0.0376856   0.0415413   0.0451087   0.0501297   0.0580721   0.0701108   0.0853627   0.105426   0.124496   
-0.139683   -0.142181   -0.145344   -0.147079   -0.157731   -0.250212   -0.251688   -0.252039   -0.252828   -0.246479   -0.23956   -0.235324   -0.232979   -0.231572   -0.230276   -0.227368   -0.223198   -0.222009   -0.213072   -0.205901   -0.200269   -0.191558   -0.181574   -0.173615   -0.169352   -0.16907   -0.172143   

205000
-10   -9   -8   -7   -6   -5   -4   -3   -2   -1   0   1   2   3   4   5   6   7   9   10   11   12   13   14   15   16   17   18   
0.319952   0.331377   0.38453   0.404301   0.432887   0.489285   0.714193   0.877562   0.999588   1.11476   1.22641   1.30321   1.37522   1.46076   1.55776   1.65644   1.75015   1.83337   1.9998   2.04448   2.08292   2.12775   2.14371   2.12998   2.09898   2.06307   2.00188   1.95098   
0.103509   0.0945255   0.0842526   0.0769876   0.068918   0.0600792   0.0273478   0.0203036   0.0181095   0.0171281   0.0165876   0.0179964   0.0200241   0.0220031   0.023828   0.0256295   0.0275593   0.0296597   0.0339229   0.0372495   0.041294   0.0452438   0.0505109   0.0585225   0.0701311   0.0845452   0.104363   0.123909   
-0.136446   -0.138912   -0.140557   -0.144474   -0.14769   -0.155554   -0.237698   -0.250533   -0.251925   -0.252249   -0.252912   -0.246426   -0.239381   -0.23514   -0.233185   -0.231854   -0.230019   -0.226716   -0.221167   -0.213265   -0.205416   -0.199056   -0.190435   -0.181068   -0.173746   -0.169683   -0.169203   -0.172162   

210000
-10   -9   -8   -7   -6   -5   -4   -3   -2   -1   0   1   2   3   4   5   6   7   8   9   10   11   12   14   15   16   17   18   
0.294179   0.329309   0.368771   0.402699   0.429692   0.48722   0.733022   0.879029   1.00195   1.11649   1.2273   1.30314   1.37482   1.46039   1.55829   1.65818   1.74987   1.83116   1.90483   1.98711   2.0488   2.08148   2.12014   2.12441   2.09948   2.07051   2.00971   1.94975   
0.103055   0.0940597   0.0850608   0.0764217   0.0682116   0.0594658   0.025097   0.0200045   0.0178259   0.0169196   0.0164251   0.0178574   0.0198986   0.0218782   0.0237051   0.0254829   0.0273606   0.0294622   0.0316036   0.033905   0.0367875   0.0409809   0.0452676   0.0587645   0.0699884   0.0836337   0.103368   0.12427   
-0.137467   -0.138936   -0.141513   -0.145025   -0.149513   -0.156645   -0.242316   -0.250651   -0.252221   -0.252486   -0.253004   -0.246392   -0.239319   -0.2351   -0.233295   -0.232151   -0.229953   -0.226351   -0.221887   -0.219243   -0.213788   -0.205182   -0.198198   -0.180786   -0.173942   -0.170014   -0.169343   -0.172471   

215000
-10   -9   -8   -7   -4   -3   -2   -1   0   1   2   3   4   5   6   7   8   9   10   11   12   13   14   15   16   17   18   
0.292373   0.324757   0.366524   0.398258   0.594478   0.881289   1.00456   1.11826   1.22794   1.30312   1.3743   1.46071   1.55411   1.65169   1.75267   1.83061   1.90169   1.9778   2.05663   2.0816   2.1151   2.12858   2.12099   2.10109   2.07808   2.0168   1.95029   
0.102792   0.0936649   0.0847935   0.0758588   0.0458325   0.0196791   0.0175526   0.0167266   0.0162796   0.0177263   0.0197662   0.0217686   0.0236003   0.0253835   0.0271785   0.029262   0.0314678   0.0338512   0.0363181   0.0406214   0.0451816   0.0508386   0.0588495   0.0697382   0.0827051   0.102474   0.124342   
-0.137519   -0.139529   -0.141371   -0.146317   -0.184033   -0.250926   -0.252554   -0.252719   -0.253056   -0.246371   -0.239247   -0.235179   -0.232633   -0.231096   -0.230413   -0.226254   -0.221407   -0.217854   -0.214825   -0.20514   -0.19763   -0.189084   -0.180658   -0.174178   -0.170339   -0.169488   -0.172682   

220000
-9   -8   -7   -6   -5   -4   -3   -2   -1   0   1   2   3   4   5   6   7   8   9   10   12   13   14   15   16   17   18   
0.329373   0.362231   0.406424   0.437997   0.488946   0.723206   0.884166   1.00507   1.11994   1.22804   1.30302   1.3737   1.46122   1.55124   1.64718   1.7527   1.83214   1.89982   1.97112   2.05185   2.1121   2.12452   2.11922   2.10335   2.08563   2.0231   1.95187   
0.0935095   0.0844108   0.0758512   0.067737   0.0591422   0.0264247   0.0193179   0.0173503   0.0165483   0.0161282   0.0175941   0.0196271   0.0216682   0.0234994   0.0252866   0.0270554   0.0290511   0.0312996   0.0337554   0.0362237   0.0450034   0.0508107   0.0588074   0.0694281   0.0817768   0.101684   0.124228   
-0.138284   -0.141903   -0.144648   -0.148094   -0.155764   -0.238925   -0.251315   -0.252558   -0.252943   -0.25304   -0.24634   -0.239164   -0.23529   -0.232193   -0.230386   -0.230435   -0.226481   -0.221113   -0.216864   -0.214142   -0.197286   -0.188742   -0.180642   -0.174437   -0.170652   -0.169633   -0.172827   

225000
-10   -9   -8   -7   -3   -2   -1   0   1   2   3   4   5   6   7   8   9   10   11   12   13   14   15   16   17   18   
0.29605   0.329927   0.362599   0.405501   0.888018   1.00516   1.1201   1.22828   1.3028   1.37328   1.45927   1.54898   1.64391   1.74489   1.83686   1.89941   1.9662   2.04063   2.08605   2.11052   2.12206   2.11869   2.10584   2.08573   2.02154   1.9539   
0.102169   0.0932103   0.084267   0.0755571   0.0189544   0.0171607   0.0163868   0.015989   0.0174728   0.0195069   0.0215584   0.0233936   0.0251912   0.0269813   0.028869   0.0311118   0.0336296   0.036298   0.0398077   0.044763   0.0506922   0.0586768   0.0691072   0.0818349   0.102073   0.124034   
-0.135735   -0.137758   -0.141632   -0.144579   -0.251865   -0.252536   -0.252961   -0.253042   -0.246284   -0.239111   -0.234997   -0.231842   -0.229882   -0.229175   -0.22724   -0.221042   -0.216136   -0.212594   -0.205584   -0.197096   -0.188547   -0.180707   -0.174705   -0.17089   -0.169921   -0.172936   

230000
-10   -9   -8   -7   -6   -4   -3   -2   -1   0   1   2   3   4   5   6   7   8   9   10   11   12   13   14   15   16   17   18   
0.292747   0.328172   0.366297   0.401566   0.441239   0.726201   0.888352   1.00577   1.1206   1.22859   1.30255   1.37274   1.45777   1.54716   1.64121   1.73905   1.82738   1.90055   1.96261   2.03209   2.09065   2.11016   2.12078   2.119   2.10834   2.08274   2.02162   1.95604   
0.101892   0.0927897   0.0841041   0.0751793   0.0671052   0.0254294   0.0187496   0.0169627   0.0162299   0.0158615   0.0173648   0.0193961   0.0214403   0.0232841   0.0250751   0.0268922   0.0288465   0.0309113   0.0334798   0.0363251   0.0393759   0.044471   0.0505168   0.0584851   0.0687923   0.0823157   0.102213   0.123803   
-0.13572   -0.137759   -0.140535   -0.145079   -0.148442   -0.239613   -0.251837   -0.25259   -0.253017   -0.253049   -0.246223   -0.239029   -0.234762   -0.231561   -0.229453   -0.228245   -0.225765   -0.221202   -0.215602   -0.211439   -0.206114   -0.197036   -0.188462   -0.180827   -0.174971   -0.171105   -0.170171   -0.173021   

235000
-10   -9   -8   -7   -3   -2   -1   0   1   2   3   4   5   6   7   8   9   10   11   12   14   15   16   17   18   
0.287577   0.324703   0.364766   0.395995   0.887835   1.00672   1.12133   1.2289   1.30222   1.37238   1.45667   1.54585   1.63919   1.73468   1.82006   1.90521   1.96013   2.02561   2.09727   2.11075   2.11994   2.11129   2.08136   2.02281   1.95799   
0.101684   0.0923697   0.0837076   0.0747352   0.0185642   0.0167587   0.0160779   0.0157443   0.0172702   0.019299   0.0213314   0.0231822   0.0249648   0.0268017   0.0287974   0.0306994   0.03331   0.036307   0.0389532   0.0441463   0.0582514   0.0684322   0.082589   0.102181   0.12359   
-0.136193   -0.13817   -0.140635   -0.146248   -0.251682   -0.252693   -0.253101   -0.253054   -0.246149   -0.238983   -0.234602   -0.231367   -0.229141   -0.227563   -0.224637   -0.221907   -0.215227   -0.210575   -0.206921   -0.197078   -0.180986   -0.175247   -0.171335   -0.170394   -0.173098   

240000
-9   -6   -4   -3   -2   -1   0   2   3   4   5   6   7   8   9   10   11   12   13   14   15   17   18   
0.318943   0.439624   0.744426   0.888247   1.00792   1.12218   1.22927   1.37212   1.45588   1.54536   1.63769   1.73133   1.81448   1.90022   1.95865   2.02053   2.08631   2.11222   2.121   2.12125   2.11501   2.02466   1.95938   
0.0921426   0.0664382   0.0230803   0.0183382   0.0165553   0.0159313   0.0156274   0.0192142   0.0212316   0.0230861   0.0248605   0.0267098   0.0287414   0.0306703   0.0331253   0.0362571   0.0391498   0.0437982   0.0500212   0.0579999   0.0679933   0.102047   0.123451   
-0.139086   -0.14877   -0.244074   -0.251688   -0.252831   -0.253207   -0.253084   -0.238959   -0.234496   -0.231309   -0.228921   -0.227051   -0.2238   -0.221179   -0.214996   -0.209907   -0.205572   -0.197216   -0.18854   -0.181167   -0.17554   -0.170597   -0.173184   

245000
-10   -9   -7   -4   -3   -2   -1   0   1   2   3   4   5   6   7   8   9   10   11   12   13   14   15   16   17   18   
0.292393   0.327992   0.40423   0.753534   0.889423   1.00926   1.12316   1.22957   1.30153   1.37198   1.4554   1.5457   1.63705   1.72864   1.81018   1.89228   1.95811   2.01666   2.0778   2.11478   2.12199   2.12287   2.11901   2.0813   2.02666   1.95958   
0.101547   0.0922503   0.0746807   0.0220638   0.0180676   0.0163708   0.0157838   0.015519   0.0170864   0.0191445   0.0211426   0.0229956   0.02476   0.0266111   0.0286789   0.0306976   0.0329317   0.0361764   0.0392867   0.0434278   0.0497431   0.057737   0.0675218   0.0828001   0.101881   0.123529   
-0.134052   -0.13668   -0.144125   -0.246214   -0.251826   -0.252981   -0.253362   -0.253103   -0.245993   -0.238955   -0.234442   -0.231387   -0.228839   -0.226638   -0.223167   -0.220031   -0.214897   -0.209401   -0.204556   -0.197472   -0.188656   -0.181364   -0.175832   -0.171818   -0.170786   -0.173343   

250000
-10   -9   -8   -7   -6   -5   -4   -3   -2   -1   0   1   2   3   4   5   6   7   8   9   10   11   12   13   14   15   16   17   18   
0.290876   0.32677   0.36541   0.401807   0.435255   0.49938   0.753832   0.891278   1.0105   1.12418   1.22968   1.30121   1.37187   1.45518   1.54718   1.63778   1.72648   1.80666   1.88609   1.95869   2.01373   2.07101   2.12089   2.12346   2.12565   2.1235   2.08219   2.02866   1.95987   
0.101254   0.0920323   0.0830948   0.0742402   0.0655204   0.055826   0.0219177   0.0177811   0.0162006   0.015644   0.0154098   0.016992   0.0190352   0.0210627   0.0229114   0.0246594   0.0265034   0.0285966   0.0307052   0.0327325   0.0360718   0.039379   0.0429368   0.049451   0.0573753   0.0669977   0.0827845   0.101705   0.123573   
-0.133807   -0.136482   -0.13996   -0.14466   -0.150884   -0.16173   -0.246116   -0.252069   -0.253165   -0.253515   -0.253091   -0.245921   -0.238955   -0.23443   -0.231647   -0.228975   -0.226308   -0.222648   -0.219158   -0.214958   -0.20902   -0.203767   -0.198108   -0.188813   -0.181618   -0.176125   -0.172061   -0.170963   -0.173479   

255000
-10   -9   -6   -4   -3   -2   -1   0   1   2   3   4   5   6   7   8   9   10   11   12   13   14   15   16   17   18   
0.288394   0.324463   0.441719   0.754456   0.892074   1.01186   1.12523   1.22978   1.30073   1.37176   1.45528   1.54526   1.64018   1.72499   1.80387   1.88114   1.96157   2.01153   2.06571   2.11494   2.12699   2.12961   2.12234   2.08364   2.03055   1.95999   
0.100895   0.0917047   0.0660115   0.0217613   0.0175974   0.0160358   0.015512   0.0153117   0.0169088   0.0189323   0.0209922   0.0228396   0.0245558   0.0263991   0.0285075   0.0306871   0.0325109   0.0359503   0.0394246   0.0430751   0.0490378   0.0569214   0.0671345   0.0826844   0.101533   0.123632   
-0.1338   -0.136577   -0.148086   -0.246102   -0.252127   -0.253366   -0.253669   -0.25307   -0.245817   -0.238949   -0.234469   -0.231368   -0.229371   -0.226087   -0.222241   -0.21847   -0.215346   -0.208736   -0.203164   -0.197507   -0.189131   -0.181928   -0.176248   -0.1723   -0.171129   -0.173608   

260000
-10   -9   -8   -7   -4   -3   -2   -1   0   1   2   4   5   6   7   8   9   10   11   12   13   14   15   16   17   
0.284671   0.320923   0.384602   0.403616   0.755426   0.892757   1.01277   1.12615   1.22993   1.30004   1.37165   1.54295   1.6374   1.72426   1.80174   1.87721   1.96201   2.00993   2.06156   2.10732   2.12906   2.13167   2.1194   2.08533   2.03219   
0.100566   0.0913612   0.0812578   0.0739879   0.021588   0.0174214   0.0158813   0.0153897   0.0152126   0.0168382   0.0188414   0.0227605   0.0244845   0.0263001   0.0284163   0.0306584   0.03238   0.0358166   0.0394308   0.0433118   0.0487644   0.0566589   0.0674979   0.082554   0.101382   
-0.134125   -0.137005   -0.138768   -0.144258   -0.24618   -0.252185   -0.253497   -0.253797   -0.253072   -0.245674   -0.238943   -0.231019   -0.228948   -0.225987   -0.221939   -0.217939   -0.215408   -0.208531   -0.202703   -0.196754   -0.189336   -0.182132   -0.176334   -0.172533   -0.171281   

265000
-10   -9   -8   -7   -6   -4   -3   -2   -1   0   1   2   3   4   5   6   7   8   9   10   11   12   13   14   15   16   17   18   
0.278814   0.315483   0.359063   0.404885   0.437997   0.736683   0.893797   1.01304   1.12646   1.23002   1.29923   1.37154   1.45489   1.54121   1.6339   1.72536   1.80013   1.87393   1.95416   2.00889   2.05816   2.10107   2.12272   2.12716   2.11743   2.08705   2.03324   1.96013   
0.100426   0.0911237   0.0821156   0.0738357   0.0650541   0.0241113   0.0172348   0.0157344   0.0152686   0.0151229   0.0167773   0.0187596   0.0208385   0.0226778   0.0244247   0.0261917   0.0283273   0.0306168   0.0324505   0.0356737   0.0394151   0.0434971   0.0491017   0.0570334   0.0677597   0.0824116   0.101345   0.123747   
-0.134905   -0.137887   -0.140679   -0.143861   -0.149637   -0.241203   -0.252308   -0.253521   -0.253844   -0.253062   -0.245509   -0.238939   -0.234448   -0.230762   -0.22842   -0.22617   -0.221716   -0.217501   -0.214338   -0.208398   -0.202334   -0.19616   -0.188896   -0.182   -0.176452   -0.172756   -0.171452   -0.173852   

270000
-9   -8   -7   -6   -4   -3   -2   -1   0   2   3   4   5   7   8   9   10   11   13   14   15   16   18   
0.324529   0.353552   0.403668   0.436494   0.76518   0.895122   1.01354   1.12691   1.23005   1.37139   1.45407   1.53987   1.63124   1.79903   1.87122   1.94794   2.0084   2.05548   2.1175   2.12369   2.11602   2.08875   1.96015   
0.0914072   0.0818162   0.0734787   0.0644057   0.0204477   0.0170339   0.0155875   0.0151494   0.0150436   0.0186876   0.0207434   0.0225981   0.024363   0.0282301   0.0305591   0.0324938   0.0355236   0.0393731   0.0493852   0.057332   0.0679634   0.0822642   0.123821   
-0.135548   -0.141721   -0.144141   -0.15119   -0.248269   -0.252483   -0.253579   -0.253919   -0.253036   -0.23893   -0.234334   -0.230574   -0.228032   -0.221562   -0.217141   -0.213508   -0.208336   -0.20205   -0.188563   -0.181939   -0.176589   -0.172968   -0.173973   

275000
-10   -9   -8   -6   -4   -3   -2   -1   0   1   2   3   4   5   6   7   8   9   10   11   12   13   14   15   16   17   18   
0.311236   0.324082   0.363065   0.442846   0.764045   0.896714   1.01414   1.12743   1.23003   1.29813   1.3712   1.45352   1.53882   1.62915   1.72324   1.79925   1.86908   1.94278   2.00859   2.05339   2.0917   2.11325   2.12115   2.11511   2.09042   2.03521   1.95998   
0.0999945   0.0912187   0.0822403   0.0651635   0.0203744   0.0168192   0.0154505   0.0150343   0.0149742   0.0166435   0.0186258   0.0206539   0.0225215   0.0243005   0.0260525   0.0281201   0.0304961   0.0325209   0.0353667   0.0393112   0.0437421   0.0496177   0.0575485   0.0681132   0.0821208   0.101275   0.12391   
-0.132382   -0.135292   -0.139254   -0.148294   -0.247983   -0.252707   -0.253639   -0.254001   -0.252995   -0.245287   -0.238915   -0.234265   -0.230433   -0.227736   -0.22588   -0.221603   -0.216863   -0.212834   -0.208362   -0.201835   -0.195317   -0.188321   -0.181932   -0.176741   -0.173169   -0.171776   -0.174091   

280000
-10   -9   -8   -7   -6   -5   -4   -3   -2   -1   0   1   2   3   4   5   6   7   8   9   10   11   12   13   15   17   18   
0.286173   0.346569   0.381493   0.396995   0.442459   0.502482   0.763471   0.897342   1.01471   1.12799   1.23019   1.29782   1.37101   1.45313   1.53797   1.62747   1.71902   1.80172   1.86737   1.93858   2.01046   2.05175   2.08834   2.1099   2.11466   2.03585   1.95948   
0.100234   0.0901366   0.0803011   0.0726239   0.0648672   0.0532836   0.0202824   0.0166156   0.0153284   0.014924   0.0148862   0.0165712   0.0185735   0.0205693   0.0224481   0.0242385   0.026021   0.027987   0.0304309   0.0325278   0.0351716   0.0392357   0.043805   0.0497951   0.0682193   0.101273   0.124036   
-0.131798   -0.13491   -0.138915   -0.145646   -0.148499   -0.166058   -0.247806   -0.252772   -0.25371   -0.254086   -0.253004   -0.245216   -0.238898   -0.234222   -0.230325   -0.227504   -0.225259   -0.221975   -0.216649   -0.212295   -0.208594   -0.201672   -0.195036   -0.188156   -0.17691   -0.171927   -0.17421   

285000
-10   -9   -8   -7   -5   -4   -3   -2   -1   0   1   2   3   4   5   6   7   8   9   10   11   12   13   14   15   16   17   18   
0.284155   0.320504   0.361043   0.402792   0.499936   0.763312   0.897864   1.01537   1.12856   1.23031   1.29737   1.37082   1.45285   1.53734   1.62608   1.71566   1.80003   1.86599   1.93514   2.01514   2.05046   2.08559   2.10727   2.11798   2.1145   2.09235   2.03616   1.95882   
0.0999745   0.0905856   0.0817343   0.0731057   0.0550411   0.020172   0.0164719   0.0152061   0.0148201   0.0148043   0.0165088   0.0185278   0.0204907   0.0223786   0.0241781   0.0259853   0.0279411   0.0303544   0.0325166   0.0349071   0.0391505   0.0438454   0.0499269   0.0578286   0.0682887   0.0820432   0.101312   0.124175   
-0.131845   -0.135461   -0.139263   -0.143909   -0.159904   -0.247717   -0.25279   -0.253812   -0.254165   -0.253008   -0.245118   -0.238879   -0.234197   -0.230251   -0.227315   -0.224776   -0.22175   -0.216475   -0.211859   -0.209179   -0.201549   -0.194822   -0.188052   -0.182029   -0.177085   -0.173556   -0.172072   -0.174324   

290000
-10   -9   -8   -7   -4   -3   -2   -1   0   1   2   3   4   5   6   7   8   9   10   11   12   13   14   15   16   17   18   
0.281392   0.3174   0.358676   0.403348   0.763533   0.89778   1.01609   1.12912   1.23032   1.29681   1.37092   1.45266   1.53697   1.6248   1.71295   1.79527   1.86506   1.93221   2.00852   2.04941   2.08333   2.1051   2.11696   2.11459   2.09275   2.03611   1.95886   
0.0996796   0.0902359   0.0813703   0.0730139   0.0200371   0.0163436   0.0150866   0.0147218   0.0147327   0.0164557   0.0184566   0.0204199   0.0223139   0.0241078   0.0259454   0.0279572   0.0302773   0.0324953   0.0350356   0.0390624   0.0438676   0.0500334   0.057925   0.0683331   0.0821031   0.101394   0.124219   
-0.132079   -0.135897   -0.139651   -0.14355   -0.247713   -0.25275   -0.253922   -0.254249   -0.252987   -0.245001   -0.238908   -0.234188   -0.230219   -0.227138   -0.224396   -0.221088   -0.216366   -0.211495   -0.208385   -0.201455   -0.194661   -0.187986   -0.182111   -0.177265   -0.173759   -0.172213   -0.174423   

295000
-10   -9   -8   -5   -4   -3   -2   -1   0   1   2   3   4   5   6   7   8   9   10   11   13   14   15   16   17   
0.27754   0.31298   0.35526   0.502254   0.771538   0.897939   1.01686   1.12971   1.23021   1.29624   1.37122   1.45252   1.53678   1.62376   1.7107   1.79139   1.86532   1.92969   2.00303   2.04859   2.10336   2.11623   2.11494   2.09334   2.03568   
0.0994341   0.0899573   0.0809923   0.053656   0.0190531   0.0162155   0.0149699   0.014626   0.014671   0.0164045   0.0183674   0.020355   0.0222554   0.0240393   0.025904   0.0279498   0.0301808   0.0324663   0.0351386   0.0389729   0.0501146   0.0579971   0.0683444   0.0821332   0.10152   
-0.132586   -0.136665   -0.140332   -0.163051   -0.249552   -0.25275   -0.254039   -0.254346   -0.252938   -0.244889   -0.238967   -0.234187   -0.230211   -0.226998   -0.224089   -0.220557   -0.216416   -0.211188   -0.207745   -0.201388   -0.187956   -0.182207   -0.177447   -0.173956   -0.172345   

300000
-9   -8   -7   -6   -5   -4   -3   -2   -1   0   1   2   3   4   5   6   7   8   9   10   11   12   13   14   15   16   17   18   
0.321051   0.37752   0.39972   0.442349   0.501959   0.742806   0.898297   1.01768   1.13031   1.23007   1.29559   1.37147   1.45244   1.53677   1.62294   1.7088   1.78818   1.8672   1.92753   1.99838   2.04807   2.08003   2.10197   2.11577   2.1155   2.09406   2.03513   1.95802   
0.0904559   0.0793989   0.0723294   0.0642854   0.0547584   0.0230238   0.016083   0.0148566   0.0145357   0.0146142   0.0163594   0.0182885   0.0202959   0.0221958   0.0239749   0.0258619   0.0279376   0.0300541   0.0324307   0.035223   0.0388797   0.043862   0.0501737   0.0580457   0.0683282   0.0821371   0.101659   0.124478   
-0.134554   -0.138874   -0.144215   -0.148457   -0.159584   -0.242492   -0.252783   -0.254163   -0.254442   -0.252888   -0.244765   -0.239019   -0.234193   -0.230227   -0.226895   -0.223833   -0.220128   -0.216683   -0.210928   -0.207217   -0.201355   -0.194463   -0.187953   -0.182317   -0.17763   -0.174145   -0.17247   -0.17465   

305000
-10   -9   -8   -7   -6   -4   -3   -2   -1   0   1   2   3   4   5   6   7   8   9   10   11   12   13   14   15   16   17   
0.28318   0.321242   0.361016   0.418791   0.441906   0.771096   0.898834   1.01854   1.13088   1.22991   1.29483   1.37166   1.4524   1.5371   1.62253   1.70714   1.78553   1.86787   1.92569   1.99454   2.0484   2.07884   2.10087   2.1155   2.11615   2.0948   2.03609   
0.0997959   0.0904195   0.0813216   0.0701843   0.0641039   0.0188858   0.0159443   0.0147479   0.014449   0.0145595   0.0163238   0.0182184   0.0202435   0.0221357   0.0239115   0.0258059   0.0279197   0.02997   0.0323888   0.0352826   0.0387562   0.0438411   0.0502177   0.0580777   0.0683038   0.0821329   0.101601   
-0.130586   -0.134207   -0.138614   -0.142156   -0.148427   -0.24931   -0.252845   -0.25429   -0.254532   -0.252843   -0.244622   -0.23906   -0.234208   -0.230295   -0.226853   -0.223608   -0.219783   -0.216791   -0.210711   -0.206793   -0.201409   -0.19441   -0.187973   -0.182434   -0.177811   -0.174327   -0.172587   

310000
-9   -8   -7   -5   -4   -3   -2   -1   0   1   2   3   4   5   6   7   8   9   10   11   12   13   14   15   17   18   
0.320345   0.360708   0.393721   0.503196   0.7712   0.899546   1.01916   1.13122   1.22996   1.29452   1.37179   1.45245   1.53784   1.62246   1.7057   1.78332   1.86333   1.92412   1.99138   2.05036   2.07785   2.09999   2.11539   2.11678   2.03654   1.9561   
0.0902385   0.0811594   0.0713845   0.0512959   0.0187958   0.0157991   0.0146459   0.0143565   0.0144972   0.0162747   0.0181551   0.0201991   0.0220777   0.0238497   0.0257527   0.0278961   0.0300186   0.0323424   0.0353211   0.0385624   0.0438178   0.0502498   0.0580993   0.068279   0.101603   0.124848   
-0.134133   -0.138491   -0.145902   -0.154093   -0.249264   -0.252936   -0.254375   -0.254586   -0.252834   -0.244556   -0.239091   -0.234236   -0.230427   -0.226863   -0.22342   -0.219504   -0.216209   -0.21053   -0.206454   -0.201633   -0.194378   -0.188009   -0.182562   -0.177985   -0.172702   -0.174885   

315000
-10   -9   -8   -7   -4   -3   -2   -1   0   1   2   4   5   6   7   8   9   10   11   12   13   14   15   16   17   18   
0.281878   0.318964   0.359611   0.40202   0.77153   0.9004   1.01939   1.13158   1.22998   1.29457   1.37188   1.53677   1.62284   1.70446   1.78149   1.85959   1.92259   1.98867   2.05419   2.07699   2.09926   2.11539   2.11739   2.0961   2.03648   1.9549   
0.0995283   0.0899968   0.0808971   0.0722536   0.018698   0.0156502   0.0145559   0.0142702   0.0144392   0.0162157   0.0180974   0.0220099   0.0237887   0.0257019   0.0278685   0.0300545   0.032291   0.0353466   0.0382989   0.043794   0.0502706   0.0581131   0.0682527   0.0821293   0.101677   0.125061   
-0.130108   -0.134193   -0.138584   -0.143392   -0.249269   -0.253049   -0.254384   -0.254635   -0.252813   -0.244551   -0.239115   -0.230286   -0.22694   -0.223263   -0.219277   -0.215744   -0.210335   -0.206173   -0.202053   -0.194358   -0.188056   -0.182693   -0.17815   -0.174666   -0.172816   -0.175   

320000
-10   -9   -7   -4   -3   -2   -1   0   1   2   3   4   5   6   7   8   9   10   11   12   13   14   15   16   17   18   
0.280548   0.317077   0.401721   0.772047   0.901308   1.01963   1.13193   1.22994   1.29451   1.37192   1.45264   1.53603   1.62388   1.70344   1.77991   1.85656   1.9254   1.98632   2.04907   2.07652   2.09869   2.11552   2.11799   2.0966   2.03589   1.95512   
0.0992975   0.0896977   0.0720718   0.0185897   0.0155115   0.0144732   0.0141871   0.0143848   0.0161647   0.0180446   0.0200835   0.0219422   0.0237258   0.0256533   0.0278293   0.0300764   0.032404   0.0353631   0.0384731   0.0437517   0.0502876   0.0581129   0.0682228   0.0821455   0.101819   0.12509   
-0.130041   -0.134384   -0.143359   -0.24932   -0.253165   -0.254404   -0.254693   -0.252787   -0.244527   -0.239132   -0.234299   -0.230198   -0.227112   -0.223138   -0.219084   -0.215377   -0.210963   -0.205936   -0.20155   -0.194369   -0.188113   -0.182827   -0.178305   -0.174824   -0.172928   -0.175081   

325000
-9   -8   -6   -4   -3   -2   -1   0   1   2   3   4   5   6   7   8   9   10   11   12   14   15   16   17   18   
0.314633   0.355404   0.436347   0.749347   0.902184   1.02   1.13229   1.22984   1.29446   1.37192   1.45264   1.53554   1.62364   1.70283   1.77853   1.85406   1.92506   1.98429   2.04477   2.07691   2.11587   2.11862   2.09698   2.03476   1.95507   
0.0893863   0.0802573   0.0622054   0.0223298   0.0154048   0.0143814   0.0141073   0.0143347   0.0161137   0.0179974   0.0200006   0.0218749   0.0236746   0.0256024   0.0277884   0.030087   0.0324054   0.0353703   0.0386177   0.0436555   0.0580916   0.0681911   0.0821702   0.102029   0.125151   
-0.134742   -0.139293   -0.151816   -0.243833   -0.253261   -0.254471   -0.254753   -0.252755   -0.244513   -0.239141   -0.234315   -0.230147   -0.227098   -0.223074   -0.218919   -0.215082   -0.210977   -0.205739   -0.201144   -0.194448   -0.182966   -0.178451   -0.174972   -0.173039   -0.175166   

330000
-10   -8   -7   -5   -2   -1   0   1   2   3   4   5   6   7   8   9   10   11   12   13   14   15   16   17   
0.276655   0.377617   0.398732   0.502437   1.02041   1.13264   1.22961   1.29432   1.37188   1.45274   1.53522   1.62203   1.70269   1.77728   1.85189   1.92553   1.98255   2.04118   2.07806   2.09866   2.11628   2.11928   2.09722   2.03309   
0.0987434   0.0786738   0.0714102   0.0537302   0.0142934   0.0140316   0.0142939   0.0160691   0.0179552   0.0199212   0.0218089   0.023634   0.0255488   0.0277507   0.030089   0.0323472   0.0353679   0.0387346   0.0435119   0.0502328   0.0580596   0.0681407   0.0822056   0.102317   
-0.130255   -0.138042   -0.144032   -0.160155   -0.254539   -0.254808   -0.252691   -0.244487   -0.239144   -0.234349   -0.230122   -0.226881   -0.223075   -0.218776   -0.21483   -0.211067   -0.205576   -0.200818   -0.194583   -0.188284   -0.183103   -0.178583   -0.17511   -0.173147   

335000
-10   -7   -6   -4   -3   -2   -1   0   1   2   3   4   5   6   7   8   9   10   12   13   14   15   16   17   18   
0.303095   0.396571   0.441036   0.779792   0.902834   1.02083   1.13296   1.22925   1.29409   1.3718   1.45292   1.535   1.62077   1.7031   1.77617   1.85003   1.92695   1.98106   2.08031   2.09912   2.11675   2.11927   2.09735   2.03102   1.95411   
0.0982102   0.0709932   0.0631956   0.0175716   0.0152375   0.0142082   0.01396   0.0142613   0.0160319   0.0179198   0.0198449   0.0217445   0.0235821   0.0254915   0.0277151   0.0300816   0.0322512   0.0353582   0.0432989   0.0501644   0.0580257   0.068215   0.08225   0.102646   0.125384   
-0.130365   -0.144655   -0.148553   -0.250918   -0.253311   -0.254608   -0.254857   -0.252601   -0.244443   -0.239139   -0.234394   -0.230113   -0.226715   -0.22315   -0.218652   -0.214622   -0.211265   -0.205444   -0.194801   -0.18839   -0.183237   -0.178738   -0.175238   -0.173253   -0.175353   

340000
-10   -9   -8   -7   -6   -4   -3   -2   -1   0   1   2   3   4   5   6   7   8   9   10   11   12   13   14   15   16   18   
0.270139   0.317649   0.358381   0.393769   0.440127   0.779238   0.902867   1.02126   1.13327   1.22901   1.29378   1.37168   1.45314   1.53486   1.6198   1.70435   1.7752   1.84841   1.92938   1.97978   2.03533   2.0787   2.1   2.11728   2.11933   2.09731   1.95332   
0.09824   0.0896305   0.0804811   0.070546   0.062862   0.0174882   0.01514   0.0141261   0.0138931   0.0142233   0.0160009   0.017891   0.0197717   0.0216821   0.0235294   0.0254236   0.0276809   0.0300705   0.0321224   0.0353425   0.0389234   0.0433707   0.0500593   0.0579843   0.0682918   0.0823116   0.125542   
-0.131157   -0.133451   -0.138134   -0.145391   -0.148947   -0.250782   -0.253311   -0.254677   -0.254901   -0.252546   -0.244383   -0.239128   -0.234446   -0.230115   -0.226595   -0.223341   -0.21855   -0.214445   -0.211582   -0.205336   -0.200322   -0.194726   -0.188511   -0.183367   -0.178905   -0.175355   -0.175451   

345000
-10   -9   -8   -4   -3   -2   -1   0   1   2   3   4   5   6   7   8   9   10   11   12   13   14   15   16   17   18   
0.297872   0.3178   0.358382   0.778876   0.90301   1.02171   1.13355   1.22904   1.29345   1.37198   1.45337   1.53478   1.61906   1.70341   1.77458   1.84701   1.92575   1.97864   2.03305   2.07569   2.10145   2.11789   2.11964   2.09881   2.02872   1.95226   
0.0976191   0.0895999   0.0804053   0.01741   0.0150454   0.0140472   0.0138318   0.0141777   0.0159753   0.017834   0.0197028   0.0216228   0.023476   0.0253845   0.0276429   0.0300554   0.0322221   0.0353245   0.0389938   0.0435516   0.0499004   0.0579279   0.0683358   0.0822028   0.103064   0.12573   
-0.130943   -0.133172   -0.13795   -0.250682   -0.253328   -0.254744   -0.254934   -0.25253   -0.24432   -0.239183   -0.2345   -0.230125   -0.22651   -0.223228   -0.218492   -0.214299   -0.211189   -0.205245   -0.200146   -0.194553   -0.188656   -0.183492   -0.179075   -0.175518   -0.173444   -0.175553   

350000
-10   -7   -4   -3   -2   -1   0   2   3   4   5   6   7   8   9   10   12   13   14   15   16   17   18   
0.27821   0.400364   0.750671   0.903242   1.02216   1.13376   1.22897   1.37257   1.45358   1.53473   1.61848   1.7014   1.77433   1.84579   1.92266   1.97759   2.07324   2.101   2.11867   2.12013   2.10017   2.0275   1.9511   
0.0989387   0.07137   0.0216629   0.0149521   0.0139719   0.0137772   0.0141386   0.017758   0.0196397   0.0215625   0.0234225   0.0253655   0.0275977   0.0300379   0.0323037   0.0353078   0.0436994   0.049936   0.0578554   0.0683572   0.0821098   0.103275   0.125932   
-0.128897   -0.143166   -0.243972   -0.253357   -0.254809   -0.254954   -0.252495   -0.239284   -0.23455   -0.230137   -0.226448   -0.222971   -0.218479   -0.214175   -0.210865   -0.205165   -0.194431   -0.188712   -0.183617   -0.179245   -0.175674   -0.173533   -0.175652   

355000
-10   -8   -7   -4   -3   -2   -1   0   1   2   3   4   5   6   7   8   9   10   11   12   13   14   15   16   17   18   
0.278175   0.356464   0.399627   0.778557   0.903551   1.0226   1.13404   1.22879   1.29321   1.37311   1.45378   1.53472   1.61803   1.69979   1.77449   1.84472   1.9201   1.97664   2.02953   2.07125   2.09924   2.11968   2.12069   2.1013   2.0259   1.95148   
0.0989172   0.0799772   0.071177   0.0172571   0.0148592   0.0139019   0.0137169   0.0141063   0.0159113   0.0176879   0.0195802   0.0215017   0.0233695   0.0253417   0.0275391   0.0300184   0.0323679   0.0352916   0.0390922   0.043821   0.0501069   0.0577517   0.0683664   0.0820395   0.103536   0.12593   
-0.128648   -0.138101   -0.143203   -0.250564   -0.253398   -0.254868   -0.254999   -0.252437   -0.244264   -0.239377   -0.234598   -0.230154   -0.226407   -0.222774   -0.218518   -0.21407   -0.210607   -0.205098   -0.19991   -0.194351   -0.188714   -0.18374   -0.179412   -0.17582   -0.173622   -0.175713   

360000
-9   -4   -3   -2   -1   0   1   2   3   4   5   6   7   8   9   10   11   12   13   14   15   16   18   
0.315051   0.778562   0.903931   1.02298   1.13435   1.22839   1.2936   1.37357   1.45397   1.53475   1.61768   1.69852   1.77523   1.84379   1.91799   1.97583   2.02814   2.06955   2.09791   2.11919   2.12125   2.10218   1.95165   
0.0890334   0.0171781   0.0147668   0.0138408   0.013649   0.0140867   0.0158565   0.0176249   0.0195256   0.0214453   0.0233178   0.0253129   0.0274706   0.0299932   0.0324122   0.0352727   0.0391264   0.0439264   0.0502425   0.0578491   0.0683703   0.0819963   0.125946   
-0.133157   -0.250539   -0.253449   -0.25491   -0.255052   -0.252327   -0.244333   -0.239458   -0.234644   -0.230178   -0.226381   -0.222626   -0.21863   -0.213983   -0.210405   -0.205046   -0.199831   -0.194295   -0.188743   -0.183848   -0.179571   -0.175957   -0.175777   

365000
-10   -8   -7   -5   -4   -3   -2   -1   0   1   2   3   4   5   6   7   8   9   10   11   12   13   14   15   16   17   18   
0.276839   0.352968   0.396717   0.503777   0.778673   0.904367   1.02328   1.13463   1.22584   1.2939   1.37399   1.45412   1.5348   1.61741   1.69752   1.77678   1.84294   1.91623   1.97538   2.02689   2.06807   2.09698   2.11858   2.1218   2.1028   2.02302   1.95161   
0.0986676   0.0793665   0.0705898   0.0524669   0.0170946   0.014675   0.0137927   0.0135852   0.0142187   0.0158083   0.0175665   0.0194757   0.0213927   0.0232669   0.0252801   0.0273844   0.0299673   0.0324447   0.0352393   0.0391583   0.0440213   0.0503471   0.0579668   0.0683719   0.0819846   0.104012   0.125985   
-0.12846   -0.138707   -0.143773   -0.161341   -0.250536   -0.253507   -0.254925   -0.255098   -0.251574   -0.244382   -0.239531   -0.234684   -0.230206   -0.226366   -0.222516   -0.218849   -0.213908   -0.210243   -0.20503   -0.199769   -0.19426   -0.188797   -0.183959   -0.179727   -0.176085   -0.173788   -0.175842   

370000
-10   -9   -7   -4   -3   -2   -1   1   2   3   4   5   6   7   8   9   10   11   12   13   14   15   16   17   18   
0.275831   0.338296   0.394784   0.778906   0.904852   1.02336   1.13489   1.2941   1.37436   1.45426   1.53489   1.6172   1.69674   1.7748   1.84218   1.91465   1.97539   2.02576   2.06682   2.09631   2.11824   2.12236   2.10315   2.02193   1.95137   
0.098486   0.0877317   0.0702158   0.0170039   0.0145859   0.0137538   0.0135253   0.0157654   0.0175122   0.0194305   0.0213441   0.0232173   0.0252446   0.0273903   0.029944   0.0324727   0.0351858   0.0391867   0.0441041   0.0504283   0.0580573   0.0683727   0.0819996   0.104202   0.126071   
-0.128449   -0.1331   -0.144246   -0.250559   -0.25357   -0.254895   -0.255137   -0.244415   -0.239595   -0.234721   -0.230238   -0.22636   -0.222435   -0.218622   -0.213845   -0.210103   -0.205059   -0.19972   -0.194246   -0.188866   -0.18408   -0.179878   -0.176202   -0.173867   -0.175916   

375000
-8   -6   -4   -3   -2   -1   0   1   2   3   4   5   6   7   8   9   10   11   12   13   14   15   16   17   18   
0.373628   0.439069   0.779268   0.905305   1.02368   1.13512   1.22438   1.29422   1.37468   1.45437   1.535   1.61703   1.6961   1.77324   1.84158   1.91325   1.9758   2.02476   2.06577   2.09586   2.1181   2.12289   2.10323   2.02057   1.95091   
0.0774618   0.0619333   0.0169016   0.0145057   0.0136794   0.0134693   0.0142199   0.0157273   0.0174618   0.01939   0.0212995   0.0231697   0.0252077   0.0273869   0.0299186   0.0324911   0.0351157   0.0392109   0.0441725   0.0504897   0.0581253   0.0683714   0.0820489   0.104424   0.126174   
-0.137848   -0.149191   -0.25061   -0.253622   -0.254962   -0.255168   -0.251221   -0.244434   -0.239652   -0.234753   -0.230275   -0.226359   -0.222376   -0.218453   -0.213803   -0.209983   -0.205128   -0.199685   -0.194247   -0.188946   -0.184207   -0.180024   -0.17631   -0.173942   -0.175993   

380000
-10   -9   -7   -4   -3   -2   -1   0   1   2   3   4   5   6   7   8   9   10   11   12   13   14   15   16   17   18   
0.273154   0.306424   0.390385   0.779805   0.905734   1.02399   1.13529   1.22427   1.29431   1.37496   1.45447   1.53516   1.61691   1.69558   1.77201   1.84126   1.91203   1.97673   2.02387   2.06491   2.09553   2.11812   2.12336   2.10302   2.01888   1.95025   
0.0980383   0.087907   0.0693435   0.0167786   0.0144403   0.0136101   0.0134182   0.0141936   0.0156927   0.0174152   0.0193524   0.021259   0.0231251   0.0251702   0.0273766   0.0298864   0.0325047   0.035021   0.0392317   0.0442295   0.0505394   0.058174   0.0683735   0.0821262   0.104687   0.126306   
-0.128601   -0.134598   -0.14552   -0.250702   -0.253661   -0.255023   -0.255188   -0.251177   -0.244446   -0.239701   -0.234785   -0.230318   -0.226363   -0.222332   -0.218327   -0.21379   -0.209884   -0.205247   -0.199662   -0.194265   -0.189031   -0.184337   -0.180161   -0.176407   -0.174017   -0.176074   

385000
-10   -9   -8   -6   -4   -3   -2   -1   0   1   2   3   4   5   6   7   8   9   10   11   13   14   15   16   18   
0.271425   0.302921   0.355722   0.436936   0.780709   0.906124   1.02429   1.13541   1.22409   1.29434   1.3752   1.45458   1.53537   1.61685   1.69513   1.771   1.84112   1.91096   1.9784   2.0231   2.0953   2.11826   2.12376   2.10258   1.94945   
0.0977893   0.0876259   0.0795843   0.0611234   0.0166062   0.0144028   0.0135448   0.013373   0.0141692   0.0156623   0.0173722   0.019317   0.0212218   0.0230816   0.0251343   0.0273627   0.0298505   0.0325133   0.0348937   0.0392493   0.0505844   0.0582063   0.0683809   0.0822337   0.126457   
-0.128787   -0.135299   -0.137633   -0.150428   -0.250877   -0.253681   -0.255079   -0.255191   -0.251127   -0.244446   -0.239743   -0.234817   -0.230367   -0.226374   -0.222296   -0.21823   -0.213798   -0.209803   -0.205438   -0.19965   -0.189122   -0.184469   -0.180292   -0.176497   -0.176158   

390000
-9   -7   -6   -4   -3   -2   -1   0   1   2   3   4   5   6   7   8   9   10   11   12   13   14   15   16   17   18   
0.313408   0.398218   0.435856   0.784256   0.906422   1.02458   1.13545   1.22383   1.2943   1.3754   1.45472   1.53569   1.61684   1.69474   1.77014   1.84122   1.91003   1.97843   2.02241   2.06364   2.09515   2.11854   2.12408   2.10189   2.01573   1.94855   
0.088687   0.0704976   0.0606421   0.0162092   0.0144088   0.0134829   0.0133333   0.0141486   0.015636   0.0173325   0.0192862   0.0211874   0.0230345   0.0250946   0.0273476   0.0298077   0.0325172   0.034854   0.0392648   0.0443162   0.0506206   0.0582301   0.0683972   0.0823696   0.105195   0.126621   
-0.13276   -0.143016   -0.15127   -0.251604   -0.25367   -0.255132   -0.25518   -0.251063   -0.244434   -0.239781   -0.234854   -0.230431   -0.226392   -0.222268   -0.21815   -0.21383   -0.209737   -0.20547   -0.199647   -0.194335   -0.189217   -0.184608   -0.180416   -0.176577   -0.174167   -0.176242   

395000
-8   -6   -4   -2   -1   0   1   2   3   4   5   6   7   8   9   10   11   12   13   14   15   16   17   
0.355559   0.434857   0.785154   1.02487   1.13556   1.2235   1.29424   1.37554   1.45513   1.53601   1.61687   1.6944   1.76943   1.84165   1.90924   1.97625   2.02184   2.06319   2.0951   2.11889   2.12433   2.10156   2.01475   
0.0794495   0.0601227   0.0162524   0.0134234   0.0132896   0.0141305   0.0156111   0.0172969   0.01923   0.0211387   0.0229905   0.0250528   0.0273224   0.0297518   0.0325132   0.0349299   0.0392755   0.0443501   0.0506499   0.0582431   0.0684216   0.0824598   0.105364   
-0.137411   -0.152236   -0.251682   -0.255182   -0.255195   -0.250991   -0.244423   -0.23981   -0.234931   -0.230495   -0.226416   -0.22225   -0.218093   -0.213899   -0.209686   -0.205289   -0.199653   -0.194384   -0.189317   -0.184747   -0.180533   -0.17666   -0.174234   

400000
-9   -8   -7   -4   -3   -2   -1   0   1   2   3   4   5   6   7   8   9   10   11   12   13   14   15   16   17   18   
0.314241   0.354774   0.415263   0.785107   0.906845   1.02516   1.13562   1.22308   1.29418   1.37564   1.45574   1.53624   1.61696   1.69413   1.76886   1.84254   1.90855   1.97446   2.0215   2.06278   2.09513   2.1193   2.12449   2.1026   2.01354   1.94872   
0.08875   0.0792786   0.0679331   0.0161618   0.014248   0.0133667   0.0132499   0.0141162   0.0155872   0.0172652   0.0191537   0.0210725   0.0229496   0.0250126   0.0272957   0.0296789   0.0325063   0.0349895   0.039272   0.0443799   0.0506725   0.0582499   0.0684489   0.0823808   0.105566   0.126674   
-0.132206   -0.137476   -0.141557   -0.251653   -0.253756   -0.255228   -0.255201   -0.250905   -0.244418   -0.239831   -0.23504   -0.230549   -0.226448   -0.222239   -0.218053   -0.214019   -0.209648   -0.20515   -0.199677   -0.194437   -0.189422   -0.184886   -0.180641   -0.176772   -0.174302   -0.176352   

405000
-9   -8   -7   -4   -3   -2   -1   0   1   2   3   4   5   6   7   8   9   10   11   13   14   15   16   17   18   
0.31376   0.37632   0.415241   0.785001   0.907004   1.02543   1.13569   1.22263   1.29407   1.3757   1.45637   1.53654   1.61712   1.69392   1.76839   1.84333   1.90794   1.97298   2.02136   2.09523   2.11971   2.12462   2.10323   2.01213   1.94914   
0.0886455   0.0775419   0.0678496   0.0160818   0.0141727   0.0133127   0.013212   0.0141041   0.0155673   0.0172375   0.01908   0.0210078   0.022911   0.0249737   0.0272672   0.0296119   0.0324976   0.0350355   0.039256   0.0506899   0.0582527   0.0684802   0.0823508   0.105791   0.126647   
-0.132169   -0.136737   -0.141475   -0.251621   -0.253789   -0.25527   -0.255206   -0.250815   -0.244401   -0.239844   -0.235151   -0.230613   -0.226489   -0.222238   -0.218027   -0.214129   -0.209617   -0.205046   -0.199715   -0.189529   -0.185022   -0.180744   -0.176873   -0.174369   -0.176396   

410000
-10   -9   -8   -7   -5   -4   -3   -2   -1   0   1   2   3   4   5   6   7   8   9   10   11   12   13   14   15   16   17   18   
0.273218   0.337927   0.352508   0.394462   0.508531   0.784811   0.907194   1.02569   1.13597   1.22214   1.29414   1.37572   1.45701   1.5369   1.61741   1.6938   1.76803   1.84204   1.90739   1.97174   2.02137   2.06203   2.09539   2.12011   2.12468   2.10344   2.01067   1.94937   
0.0980954   0.087433   0.0788229   0.0695656   0.0486149   0.0160063   0.0141019   0.0132619   0.0131607   0.014095   0.0155393   0.0172139   0.0190089   0.0209448   0.0228737   0.0249359   0.0272371   0.0296256   0.0324879   0.0350726   0.0392301   0.0444431   0.0507016   0.0582572   0.0685168   0.082372   0.106022   0.126658   
-0.127475   -0.132283   -0.137811   -0.143765   -0.169102   -0.251578   -0.253825   -0.255306   -0.255253   -0.250718   -0.244416   -0.239851   -0.235264   -0.230683   -0.226546   -0.222247   -0.218014   -0.214015   -0.209591   -0.204969   -0.199761   -0.194548   -0.189639   -0.185153   -0.180838   -0.176964   -0.174432   -0.176446   

415000
-10   -9   -6   -5   -4   -3   -2   -1   0   1   2   3   4   5   6   7   8   9   10   11   12   13   14   15   16   17   
0.273508   0.312164   0.437933   0.510035   0.784704   0.907408   1.02592   1.13621   1.22219   1.2947   1.37571   1.45765   1.53729   1.61788   1.69373   1.76774   1.84101   1.90686   1.97065   2.02159   2.06176   2.0956   2.12048   2.12468   2.10327   2.00911   
0.0981494   0.0883059   0.061039   0.0477432   0.0159353   0.0140346   0.0132153   0.0131132   0.0140652   0.0154899   0.017194   0.0189405   0.0208817   0.0228361   0.0248997   0.0272057   0.0296309   0.0324798   0.0351052   0.0391909   0.044471   0.0507091   0.0582616   0.0685552   0.0824389   0.106261   
-0.127183   -0.132226   -0.149382   -0.171062   -0.25155   -0.253863   -0.255334   -0.25529   -0.250724   -0.24451   -0.239853   -0.235376   -0.230758   -0.226627   -0.222264   -0.218011   -0.213933   -0.209567   -0.204909   -0.19982   -0.194608   -0.189749   -0.18528   -0.180926   -0.177042   -0.174493   

420000
-9   -6   -5   -4   -3   -2   -1   0   1   2   3   4   5   6   7   8   9   11   12   13   14   15   16   18   
0.311118   0.437189   0.505255   0.784663   0.907641   1.02612   1.13641   1.22213   1.29519   1.37628   1.45828   1.53773   1.61812   1.69373   1.76753   1.84021   1.90639   2.02209   2.06159   2.09585   2.12084   2.12556   2.10272   1.94937   
0.0881009   0.0607052   0.0497635   0.0158669   0.0139702   0.0131731   0.013069   0.0140413   0.0154445   0.0171398   0.0188745   0.0208154   0.0227908   0.0248649   0.0271734   0.0296292   0.0324694   0.0391324   0.0444869   0.0507118   0.0582679   0.0685052   0.0825516   0.126725   
-0.132323   -0.149832   -0.165286   -0.251534   -0.253902   -0.255353   -0.255319   -0.250706   -0.244592   -0.239945   -0.235487   -0.230841   -0.226681   -0.222287   -0.218017   -0.213877   -0.209551   -0.199897   -0.194672   -0.18986   -0.185403   -0.181058   -0.17711   -0.176553   

425000
-10   -9   -7   -6   -5   -4   -3   -2   -1   0   1   2   3   4   5   6   7   8   9   10   11   12   13   15   16   17   18   
0.272882   0.309897   0.389113   0.436389   0.513338   0.761257   0.907889   1.02627   1.13656   1.22201   1.29562   1.37707   1.45889   1.5382   1.61809   1.69378   1.76737   1.83958   1.90606   1.96897   2.02299   2.06148   2.09614   2.12698   2.10176   2.00736   1.94918   
0.0980278   0.0878733   0.0684331   0.0603252   0.0460074   0.0199746   0.0139078   0.0131371   0.0130288   0.0140196   0.015403   0.0170744   0.0188117   0.0207507   0.0227386   0.0248315   0.0271407   0.0296214   0.0324537   0.035152   0.0390443   0.0444975   0.0507068   0.0684023   0.0827117   0.106556   0.126787   
-0.127001   -0.132469   -0.145206   -0.150398   -0.174896   -0.246292   -0.253942   -0.255358   -0.255337   -0.250682   -0.244663   -0.240073   -0.235594   -0.230927   -0.226701   -0.222316   -0.21803   -0.213842   -0.209547   -0.204842   -0.199999   -0.194736   -0.189969   -0.181217   -0.177166   -0.174605   -0.17661   

430000
-9   -6   -4   -3   -2   -1   0   1   2   3   4   5   6   7   8   9   10   11   12   13   14   15   16   17   18   
0.335248   0.435586   0.784752   0.908149   1.02635   1.13666   1.22184   1.29599   1.3778   1.45946   1.53868   1.61817   1.69391   1.76727   1.83912   1.90583   1.96834   2.02375   2.06144   2.09646   2.12149   2.12834   2.10042   2.00705   1.94886   
0.0868138   0.0599063   0.0157325   0.0138473   0.01311   0.0129927   0.0139997   0.0153648   0.0170125   0.0187524   0.0206875   0.0226857   0.0247989   0.0271083   0.0296094   0.0324339   0.0351663   0.0389704   0.0445034   0.0506999   0.0582795   0.0683063   0.0829187   0.106626   0.126867   
-0.132354   -0.151076   -0.251535   -0.253983   -0.255341   -0.255344   -0.250651   -0.244723   -0.240195   -0.235696   -0.231016   -0.226737   -0.222354   -0.218048   -0.213826   -0.209552   -0.204832   -0.200093   -0.194802   -0.190077   -0.185634   -0.18137   -0.177212   -0.174657   -0.17667   

435000
-10   -9   -4   -3   -2   -1   0   1   2   3   4   5   6   7   8   9   10   11   12   13   14   15   16   17   18   
0.299312   0.33415   0.762732   0.908417   1.02633   1.13669   1.22159   1.29631   1.37848   1.46   1.53918   1.61833   1.69415   1.76719   1.83878   1.9057   1.96784   2.02256   2.06147   2.0968   2.12177   2.1296   2.09878   2.00646   1.9484   
0.0972593   0.0865957   0.0197905   0.013789   0.0130949   0.0129613   0.0139849   0.0153296   0.0169551   0.018697   0.0206258   0.0226325   0.0247661   0.0270765   0.0295919   0.0324116   0.0351748   0.03905   0.0445025   0.0506903   0.058288   0.0682093   0.0831606   0.106741   0.126962   
-0.127745   -0.13247   -0.246645   -0.254023   -0.255298   -0.255335   -0.250603   -0.244774   -0.240306   -0.235791   -0.231106   -0.226784   -0.222404   -0.218069   -0.213824   -0.209566   -0.204835   -0.200065   -0.194869   -0.190182   -0.185743   -0.181515   -0.177248   -0.174709   -0.176733   

440000
-10   -7   -4   -3   -2   -1   0   1   2   3   4   5   6   7   8   9   11   12   13   14   15   16   17   18   
0.298855   0.395907   0.785051   0.908695   1.02629   1.13664   1.22132   1.29658   1.3791   1.4605   1.53968   1.61855   1.69457   1.76716   1.83854   1.90568   2.02156   2.06159   2.09713   2.12202   2.13079   2.09768   2.00568   1.9478   
0.0971627   0.0695966   0.0155941   0.0137329   0.0130785   0.0129356   0.0139709   0.0152974   0.0169015   0.0186444   0.0205656   0.0225791   0.0247319   0.0270456   0.0295682   0.0323844   0.0391209   0.0444938   0.0506792   0.0583003   0.0681274   0.083334   0.106867   0.127079   
-0.127685   -0.142982   -0.251577   -0.254063   -0.255251   -0.255307   -0.250555   -0.244816   -0.240408   -0.235881   -0.231198   -0.226839   -0.222472   -0.218093   -0.213835   -0.209586   -0.200055   -0.194937   -0.190285   -0.185846   -0.181656   -0.177292   -0.17476   -0.176799   

445000
-9   -8   -7   -4   -3   -2   -1   0   1   2   3   4   5   6   7   8   9   10   11   13   14   15   16   17   18   
0.302756   0.352869   0.395793   0.764218   0.90898   1.02663   1.13657   1.221   1.29685   1.37968   1.46098   1.54018   1.61882   1.69501   1.76718   1.83836   1.90578   1.96716   2.02075   2.09747   2.12223   2.13188   2.09753   2.00472   1.94714   
0.0868261   0.0787008   0.0695303   0.0196226   0.0136797   0.0130195   0.012911   0.0139593   0.0152651   0.0168506   0.0185944   0.0205073   0.022526   0.0246948   0.0270107   0.0295439   0.0323518   0.0351765   0.0391799   0.050668   0.058313   0.0680524   0.0833876   0.107019   0.127203   
-0.133695   -0.137177   -0.142923   -0.246994   -0.254102   -0.255327   -0.25528   -0.250499   -0.244863   -0.240504   -0.235967   -0.231288   -0.226899   -0.222545   -0.218124   -0.213853   -0.209618   -0.204872   -0.20006   -0.190385   -0.185944   -0.181789   -0.177353   -0.17481   -0.176865   

450000
-9   -8   -4   -3   -2   -1   0   1   2   3   4   5   6   7   8   9   10   11   12   13   14   15   16   17   18   
0.300222   0.353085   0.785584   0.909261   1.02695   1.13657   1.22065   1.2971   1.38022   1.46143   1.54066   1.61913   1.69489   1.76725   1.83824   1.90607   1.96695   2.02012   2.06216   2.09782   2.12241   2.13286   2.09699   2.00366   1.94713   
0.0865511   0.0787052   0.0154392   0.0136305   0.0129648   0.0128811   0.0139503   0.0152341   0.0168029   0.0185463   0.0204521   0.0224736   0.0246578   0.0269755   0.0295187   0.0323107   0.0351713   0.0392275   0.0444387   0.0506563   0.0583285   0.0679879   0.0834866   0.107192   0.127235   
-0.134198   -0.136997   -0.251667   -0.254136   -0.255396   -0.255279   -0.250435   -0.24491   -0.240592   -0.236048   -0.231376   -0.226963   -0.222559   -0.218161   -0.213878   -0.209665   -0.204903   -0.200082   -0.195073   -0.190484   -0.186037   -0.181917   -0.177405   -0.174862   -0.17691   

455000
-9   -8   -7   -6   -4   -3   -2   -1   0   1   2   3   4   5   6   7   8   9   10   11   12   13   14   15   16   17   18   
0.297723   0.352834   0.394506   0.437398   0.785981   0.909502   1.02724   1.13652   1.22077   1.2973   1.38071   1.46187   1.54112   1.61946   1.69493   1.76733   1.83818   1.90662   1.96681   2.01966   2.06273   2.09817   2.12256   2.13371   2.09618   2.00253   1.94824   
0.086252   0.0786289   0.0692013   0.0604208   0.0153494   0.0135865   0.0129138   0.0128545   0.0139236   0.0152063   0.0167581   0.0184991   0.0203998   0.022422   0.0246113   0.0269417   0.0294925   0.0322558   0.035163   0.0392639   0.0443795   0.0506438   0.0583452   0.0679369   0.0836197   0.107369   0.12711   
-0.134741   -0.136952   -0.143107   -0.149384   -0.251739   -0.254161   -0.255456   -0.255269   -0.250459   -0.244946   -0.240673   -0.236129   -0.231459   -0.227029   -0.222595   -0.218197   -0.213909   -0.209739   -0.204941   -0.200116   -0.195146   -0.190579   -0.186124   -0.182036   -0.177447   -0.174912   -0.176921   

460000
-9   -8   -7   -5   -4   -3   -2   -1   0   1   2   3   4   5   6   7   8   9   10   11   12   13   14   15   16   18   
0.295479   0.352378   0.393558   0.50614   0.786526   0.909724   1.02751   1.13664   1.22083   1.29745   1.38117   1.46228   1.54157   1.61983   1.69507   1.76744   1.83816   1.90749   1.96673   2.01933   2.06312   2.0985   2.12267   2.13443   2.09509   1.94916   
0.0859509   0.0785167   0.0689807   0.0487483   0.0152455   0.0135512   0.0128659   0.0128212   0.0138995   0.0151813   0.0167158   0.0184549   0.0203498   0.0223701   0.0245631   0.0269095   0.0294654   0.0321851   0.0351525   0.0392913   0.0443478   0.0506304   0.0583637   0.0678963   0.0837881   0.127005   
-0.135279   -0.13697   -0.143299   -0.166182   -0.251841   -0.254177   -0.25551   -0.255288   -0.250474   -0.244975   -0.240748   -0.236204   -0.231541   -0.227099   -0.222644   -0.218235   -0.213945   -0.20984   -0.204984   -0.200162   -0.195224   -0.19067   -0.186205   -0.182148   -0.177481   -0.176937   

465000
-9   -8   -7   -6   -5   -4   -3   -2   -1   0   1   2   3   4   5   6   7   8   9   10   11   12   13   14   15   16   17   18   
0.310806   0.373948   0.392439   0.436326   0.506713   0.787345   0.90992   1.02776   1.13689   1.22083   1.29755   1.3816   1.46265   1.542   1.62024   1.69529   1.76757   1.83819   1.90772   1.9667   2.01913   2.06286   2.09883   2.12275   2.13504   2.09369   2.00149   1.9499   
0.0879562   0.0766791   0.0687193   0.0599907   0.0482743   0.0151216   0.0135292   0.0128208   0.0127823   0.0138791   0.0151587   0.0166761   0.0184136   0.0203021   0.0223132   0.0245137   0.0268782   0.0294375   0.0321495   0.0351399   0.0393098   0.044398   0.0506173   0.0583836   0.0678708   0.0839897   0.107563   0.126921   
-0.131524   -0.136378   -0.143539   -0.149823   -0.167113   -0.251995   -0.254181   -0.255558   -0.255333   -0.250474   -0.244995   -0.240816   -0.236274   -0.23162   -0.227178   -0.222703   -0.218275   -0.213986   -0.209889   -0.205033   -0.200217   -0.195303   -0.190757   -0.18628   -0.182254   -0.177507   -0.175004   -0.176957   

470000
-10   -9   -8   -7   -6   -4   -3   -2   -1   0   1   2   3   4   5   6   7   8   9   10   12   13   14   15   16   17   18   
0.293986   0.320132   0.350982   0.411548   0.435628   0.788802   0.910063   1.02799   1.1371   1.22079   1.29762   1.38199   1.46299   1.54241   1.62067   1.69558   1.76775   1.83825   1.90711   1.9667   2.06276   2.09914   2.12283   2.13553   2.09203   2.00154   1.9505   
0.0961758   0.0846125   0.0781969   0.0664657   0.0596962   0.0150065   0.0135263   0.0127785   0.0127464   0.0138608   0.0151388   0.016638   0.0183752   0.0202567   0.0222571   0.0244633   0.0268471   0.029409   0.0321609   0.0351271   0.0444326   0.0506025   0.0584001   0.0678599   0.0842265   0.107577   0.126867   
-0.127961   -0.134747   -0.137121   -0.141619   -0.150201   -0.252267   -0.254168   -0.2556   -0.255368   -0.25047   -0.245008   -0.240882   -0.236339   -0.231695   -0.22726   -0.22277   -0.218318   -0.214029   -0.209869   -0.205085   -0.195389   -0.190837   -0.186347   -0.182353   -0.177525   -0.175045   -0.176981   

475000
-9   -8   -7   -4   -3   -2   -1   0   1   2   3   4   5   6   7   8   9   10   11   12   13   14   15   16   17   18   
0.310728   0.37317   0.389864   0.789339   0.910132   1.0282   1.13726   1.22073   1.29766   1.38238   1.4633   1.54279   1.62112   1.69593   1.76799   1.83834   1.90666   1.96671   2.01904   2.0628   2.09946   2.12376   2.13587   2.09003   2.00143   1.95095   
0.0879094   0.0764591   0.0681104   0.0150142   0.0135477   0.0127385   0.0127135   0.0138435   0.0151214   0.0166008   0.0183397   0.0202139   0.022202   0.0244123   0.0268157   0.0293803   0.0321651   0.0351145   0.0393265   0.0444575   0.0505842   0.0583476   0.0678591   0.0845011   0.107614   0.126827   
-0.131341   -0.136382   -0.144187   -0.252316   -0.254133   -0.255636   -0.255393   -0.250463   -0.245014   -0.240948   -0.236398   -0.231767   -0.227343   -0.222844   -0.218367   -0.214076   -0.209866   -0.205137   -0.200351   -0.195484   -0.190913   -0.186487   -0.182444   -0.177533   -0.175086   -0.177009   

480000
-9   -8   -7   -6   -5   -4   -3   -2   -1   0   1   2   3   4   5   6   7   8   9   10   11   12   13   14   15   16   17   18   
0.310403   0.349039   0.388392   0.434123   0.519354   0.789664   0.910208   1.02839   1.13738   1.2206   1.29766   1.38274   1.46358   1.54315   1.62158   1.69631   1.76835   1.83845   1.90634   1.96673   2.0191   2.06293   2.09983   2.12493   2.13609   2.08826   2.00124   1.95126   
0.0878335   0.0777853   0.0677648   0.0589969   0.0418163   0.015083   0.0135455   0.0127003   0.0126832   0.0138297   0.0151058   0.0165662   0.0183073   0.0201738   0.0221481   0.0243609   0.0267819   0.0293513   0.0321627   0.0351022   0.0393257   0.0444693   0.0505604   0.0582728   0.0678726   0.0847465   0.107668   0.126812   
-0.131324   -0.137429   -0.144587   -0.151203   -0.181851   -0.252312   -0.254118   -0.255669   -0.25541   -0.250442   -0.245016   -0.241009   -0.236452   -0.231834   -0.227427   -0.222922   -0.218425   -0.214124   -0.209876   -0.20519   -0.200425   -0.195582   -0.190986   -0.186643   -0.182528   -0.177544   -0.175128   -0.177041   

485000
-9   -7   -5   -4   -3   -2   -1   0   1   2   3   4   5   6   7   8   9   10   11   12   13   14   15   16   17   18   
0.309947   0.386807   0.518998   0.789743   0.910408   1.02856   1.13745   1.22042   1.29785   1.38306   1.46381   1.54348   1.62204   1.69673   1.76885   1.8386   1.90615   1.96678   2.01924   2.06318   2.10027   2.12611   2.13621   2.08697   2.00094   1.95143   
0.0877243   0.0673933   0.0422219   0.0151187   0.0134727   0.0126644   0.0126557   0.0138182   0.015082   0.0165341   0.0182778   0.0201367   0.0220958   0.0243093   0.0267435   0.0293207   0.0321545   0.0350895   0.0393212   0.0444745   0.0505233   0.0581947   0.0678961   0.0849317   0.10773   0.126817   
-0.131328   -0.145033   -0.18098   -0.252279   -0.25417   -0.255697   -0.255417   -0.250413   -0.245047   -0.241063   -0.236501   -0.231896   -0.227511   -0.223005   -0.218498   -0.214176   -0.209899   -0.205245   -0.200504   -0.195687   -0.191055   -0.186797   -0.182604   -0.177563   -0.175168   -0.177076   

490000
-7   -6   -5   -4   -3   -2   -1   0   1   2   3   4   5   6   7   8   9   10   11   12   13   14   15   16   17   18   
0.385168   0.432594   0.520676   0.789619   0.910611   1.02871   1.13747   1.22021   1.29846   1.38334   1.46402   1.54378   1.62247   1.69718   1.76909   1.83879   1.90606   1.96687   2.01941   2.06348   2.10082   2.12729   2.13621   2.08547   2.00051   1.95148   
0.067006   0.0581727   0.0413584   0.0150225   0.0134073   0.0126309   0.0126312   0.0138087   0.015039   0.0165043   0.0182515   0.0201026   0.0220465   0.0242575   0.0267068   0.0292868   0.0321418   0.035075   0.0393143   0.0444727   0.0505057   0.0581161   0.0679292   0.0851417   0.107809   0.126831   
-0.145522   -0.152483   -0.182718   -0.252262   -0.254219   -0.255718   -0.255414   -0.250378   -0.245147   -0.241111   -0.236543   -0.231953   -0.227592   -0.223091   -0.218557   -0.214234   -0.209932   -0.205302   -0.200586   -0.195792   -0.191178   -0.186947   -0.182672   -0.177576   -0.175209   -0.177113   

495000
-7   -5   -4   -3   -2   -1   2   4   5   6   7   8   9   10   11   12   13   14   15   16   17   18   
0.405096   0.505905   0.789554   0.910812   1.02884   1.13743   1.38359   1.54405   1.62289   1.69766   1.76927   1.839   1.90608   1.96699   2.01961   2.06382   2.10144   2.12844   2.13611   2.08377   1.99998   1.95144   
0.064964   0.0483647   0.0149392   0.0133476   0.0126001   0.0126104   0.0164767   0.0200714   0.0219995   0.0242058   0.0266697   0.0292531   0.0321222   0.0350578   0.0393054   0.0444658   0.050486   0.0580379   0.0679742   0.0853751   0.107904   0.126865   
-0.14294   -0.165984   -0.252255   -0.254266   -0.255734   -0.255399   -0.241153   -0.232006   -0.227669   -0.22318   -0.218616   -0.214293   -0.209978   -0.205361   -0.20067   -0.195899   -0.19131   -0.187092   -0.182734   -0.177582   -0.175251   -0.177153   

500000
-10   -3   -2   -1   0   1   2   3   4   5   6   7   8   9   10   11   12   13   14   15   16   17   18   
0.268451   0.911011   1.02894   1.13733   1.22001   1.29957   1.3838   1.4645   1.54429   1.6233   1.69815   1.76953   1.83923   1.90618   1.96714   2.01984   2.06422   2.10212   2.12953   2.13593   2.08188   1.99928   1.95133   
0.0972373   0.0132924   0.0125722   0.0125933   0.0137826   0.0149593   0.0164514   0.0181988   0.0200434   0.0219545   0.0241543   0.0266306   0.0292203   0.0320989   0.0350396   0.0392954   0.044455   0.0504592   0.0579642   0.0680286   0.0856308   0.10802   0.126906   
-0.126207   -0.25431   -0.255744   -0.255372   -0.250347   -0.24533   -0.24119   -0.236638   -0.232053   -0.227745   -0.223271   -0.218682   -0.214352   -0.21003   -0.20542   -0.200755   -0.196008   -0.191443   -0.187232   -0.18279   -0.177584   -0.175292   -0.177194   

505000
-9   -5   -4   -3   -2   -1   0   1   2   3   4   5   6   7   8   9   10   11   12   13   14   15   16   17   18   
0.307249   0.513302   0.78955   0.911209   1.02901   1.13717   1.22019   1.30011   1.38398   1.46541   1.5445   1.62369   1.69866   1.76984   1.83946   1.90633   1.96731   2.0201   2.06467   2.10285   2.13056   2.1359   2.08056   1.9985   1.95113   
0.0871365   0.0436404   0.0147999   0.0132409   0.0125478   0.0125801   0.0137601   0.0149203   0.0164283   0.0181314   0.0200194   0.0219117   0.024103   0.0265899   0.0291881   0.0320734   0.0350203   0.0392841   0.0444395   0.0504265   0.0578946   0.0680603   0.0858168   0.108147   0.126956   
-0.131569   -0.176413   -0.252263   -0.254353   -0.255745   -0.25533   -0.250381   -0.245425   -0.24122   -0.236787   -0.232093   -0.227818   -0.223363   -0.218754   -0.214411   -0.210088   -0.205478   -0.200842   -0.196119   -0.191576   -0.187367   -0.18285   -0.177598   -0.175333   -0.177236   

510000
-6   -4   -3   -2   -1   0   1   2   3   4   5   6   8   9   10   11   12   13   14   15   16   18   
0.435629   0.770471   0.911404   1.02905   1.13695   1.22032   1.30061   1.38413   1.4663   1.5447   1.62406   1.69918   1.8397   1.90654   1.9675   2.02037   2.06516   2.10362   2.13157   2.13747   2.07929   1.95087   
0.0593757   0.0184726   0.0131924   0.0125274   0.0125719   0.01374   0.0148837   0.0164074   0.0180663   0.0199968   0.0218712   0.0240522   0.029157   0.0320452   0.0350001   0.039271   0.0444203   0.0503891   0.0578271   0.067919   0.0859938   0.127019   
-0.149942   -0.248358   -0.254393   -0.255736   -0.255274   -0.250406   -0.245512   -0.241245   -0.236933   -0.232133   -0.227887   -0.223455   -0.214468   -0.210151   -0.205536   -0.20093   -0.196232   -0.19171   -0.187498   -0.18298   -0.177611   -0.177279   

515000
-10   -4   -3   -2   -1   1   2   3   5   6   7   8   9   10   11   12   13   14   15   16   17   
0.294979   0.789647   0.911596   1.02904   1.13692   1.30107   1.38425   1.46717   1.62441   1.69969   1.77064   1.83993   1.90679   1.9677   2.02067   2.06569   2.10442   2.13254   2.13888   2.07782   1.99804   
0.096336   0.0146824   0.0131466   0.0125124   0.0125566   0.0148495   0.0163887   0.0180031   0.021833   0.0240024   0.0264999   0.029127   0.0320151   0.0349791   0.0392568   0.0443982   0.0503472   0.0577615   0.0677952   0.0861984   0.108249   
-0.127145   -0.252285   -0.254432   -0.255713   -0.255253   -0.245592   -0.241265   -0.237076   -0.227952   -0.223545   -0.218918   -0.214524   -0.210218   -0.205593   -0.201018   -0.196347   -0.191844   -0.187625   -0.183102   -0.177619   -0.175405   

520000
-10   -6   -4   -3   -2   -1   0   1   3   4   5   6   7   8   9   10   12   13   14   15   16   17   18   
0.295678   0.435222   0.789721   0.911784   1.02912   1.13712   1.22048   1.30149   1.46802   1.54586   1.62473   1.70019   1.77112   1.84017   1.90709   1.96792   2.06625   2.10525   2.13347   2.14011   2.07623   1.99874   1.95201   
0.0964688   0.0591864   0.0146286   0.013103   0.0124923   0.012528   0.0137049   0.0148174   0.017942   0.0198979   0.0217975   0.0239541   0.0264507   0.029098   0.031984   0.0349562   0.0443715   0.0503008   0.0577009   0.0676865   0.0864165   0.108174   0.126895   
-0.12689   -0.149997   -0.2523   -0.254468   -0.255704   -0.255287   -0.250436   -0.245665   -0.237215   -0.232329   -0.228014   -0.223633   -0.219009   -0.214578   -0.210289   -0.205648   -0.196461   -0.191976   -0.187749   -0.183215   -0.177623   -0.175435   -0.177313   

525000
-7   -6   -4   -3   -2   -1   0   1   2   3   4   5   6   7   8   9   11   12   13   14   15   16   17   18   
0.402563   0.434823   0.78981   0.911969   1.02914   1.13734   1.22051   1.30188   1.3851   1.46886   1.5467   1.62502   1.70067   1.77164   1.8404   1.9074   2.02131   2.06683   2.10609   2.13437   2.14116   2.07456   1.99929   1.95336   
0.0642287   0.0589964   0.0145769   0.0130613   0.0124786   0.0124971   0.0136897   0.0147871   0.0163207   0.0178824   0.0198309   0.0217648   0.0239086   0.0264011   0.0290704   0.0319523   0.0392236   0.0443426   0.0502515   0.057641   0.0675995   0.086646   0.108113   0.126726   
-0.143665   -0.150213   -0.252317   -0.254503   -0.255678   -0.255331   -0.250443   -0.245731   -0.241404   -0.237352   -0.232468   -0.228071   -0.223717   -0.219104   -0.21463   -0.210362   -0.201194   -0.196576   -0.192108   -0.187868   -0.183319   -0.177625   -0.175463   -0.177306   

530000
-8   -7   -6   -4   -3   -2   -1   0   1   2   3   4   5   6   7   8   9   10   11   12   13   14   15   16   17   18   
0.349991   0.391773   0.43433   0.789912   0.912152   1.02906   1.13751   1.22049   1.30223   1.38594   1.46969   1.54754   1.62529   1.70112   1.77217   1.84063   1.90774   1.96849   2.02164   2.06744   2.10696   2.13522   2.14204   2.073   1.99976   1.95454   
0.0777772   0.0681702   0.058765   0.0145267   0.0130216   0.012476   0.0124689   0.0136772   0.0147586   0.0162656   0.0178233   0.0197652   0.0217353   0.0238656   0.0263509   0.0290439   0.0319199   0.0349004   0.0392051   0.0443102   0.0502005   0.0575849   0.0675326   0.086856   0.108077   0.126573   
-0.136723   -0.143099   -0.150493   -0.252337   -0.254536   -0.255623   -0.255365   -0.25044   -0.245792   -0.241541   -0.237489   -0.232605   -0.228122   -0.223795   -0.219201   -0.214679   -0.210437   -0.205761   -0.201279   -0.19669   -0.19224   -0.187983   -0.183415   -0.177626   -0.175495   -0.177303   

535000
-10   -9   -8   -7   -6   -4   -3   -2   -1   1   2   3   4   5   6   7   8   9   10   11   12   13   14   15   16   17   18   
0.267342   0.30029   0.35013   0.410291   0.433792   0.790029   0.912331   1.02909   1.13763   1.30255   1.38674   1.4705   1.54838   1.62551   1.70156   1.77273   1.84086   1.9081   1.96888   2.02199   2.06806   2.10783   2.13604   2.14273   2.07205   2.00007   1.95559   
0.097017   0.0858806   0.077789   0.0657495   0.0585039   0.0144776   0.0129837   0.0124611   0.0124432   0.0147318   0.0162128   0.0177659   0.0197009   0.0217094   0.0238238   0.0263003   0.029018   0.0318868   0.0348634   0.0391856   0.0442769   0.0501471   0.0575306   0.0674844   0.0869899   0.108051   0.126453   
-0.125702   -0.132699   -0.136613   -0.141383   -0.150834   -0.252358   -0.254567   -0.255609   -0.25539   -0.245847   -0.241673   -0.237623   -0.232742   -0.228167   -0.223872   -0.2193   -0.214726   -0.210513   -0.20582   -0.201363   -0.196804   -0.19237   -0.188093   -0.183502   -0.177639   -0.175524   -0.177306   

540000
-9   -7   -4   -3   -2   -1   0   1   2   3   4   5   6   7   8   9   10   11   12   13   14   15   16   17   18   
0.298683   0.409781   0.790158   0.912506   1.0294   1.1377   1.22035   1.30284   1.3875   1.47129   1.54921   1.62572   1.70202   1.77331   1.8411   1.90847   1.96937   2.02233   2.06868   2.10871   2.13681   2.14323   2.07105   2.00022   1.95649   
0.0856428   0.0656125   0.0144293   0.0129474   0.0124163   0.0124205   0.0136575   0.014707   0.0161624   0.0177102   0.0196379   0.0216866   0.0237794   0.0262496   0.0289919   0.031853   0.0348179   0.0391661   0.0442418   0.050093   0.0574815   0.0674569   0.0871312   0.108043   0.126335   
-0.133006   -0.14144   -0.252382   -0.254597   -0.255682   -0.255404   -0.250415   -0.245895   -0.241798   -0.237754   -0.232878   -0.228208   -0.223953   -0.219401   -0.214771   -0.210591   -0.205883   -0.201446   -0.196916   -0.1925   -0.188201   -0.18358   -0.177651   -0.175554   -0.177309   

545000
-10   -8   -7   -6   -4   -3   -2   -1   0   1   2   3   4   5   6   7   8   9   11   12   13   14   15   16   17   18   
0.294672   0.349739   0.389224   0.43258   0.774223   0.912678   1.02968   1.13772   1.22023   1.30309   1.38823   1.47204   1.55004   1.6259   1.70245   1.7739   1.8414   1.90889   2.02267   2.0693   2.10959   2.13754   2.14354   2.06999   2.00028   1.95728   
0.0962616   0.0776768   0.0675267   0.0578953   0.0180698   0.0129128   0.012375   0.0124003   0.01365   0.0146844   0.0161145   0.0176568   0.0195762   0.0216667   0.0237372   0.0261984   0.0289631   0.0318164   0.0391472   0.0442064   0.0500383   0.0574354   0.0674497   0.0872779   0.108059   0.126251   
-0.126607   -0.136571   -0.143661   -0.15167   -0.249221   -0.254625   -0.255747   -0.255409   -0.250395   -0.245936   -0.241916   -0.237879   -0.233012   -0.228243   -0.224031   -0.219503   -0.214821   -0.210674   -0.201526   -0.197026   -0.192627   -0.188304   -0.183649   -0.17766   -0.175585   -0.177319   

550000
-10   -7   -4   -3   -2   -1   0   1   2   3   4   6   7   8   9   10   11   12   13   14   15   16   17   18   
0.294265   0.388197   0.790465   0.912846   1.02993   1.13769   1.22008   1.30331   1.38891   1.47276   1.55085   1.70286   1.77451   1.84177   1.90932   1.97033   2.023   2.06991   2.11045   2.13823   2.14365   2.06886   2.00021   1.95795   
0.0961749   0.0672674   0.014333   0.01288   0.0123367   0.0123826   0.0136444   0.0146634   0.0160692   0.0176061   0.0195156   0.0236972   0.0261473   0.0289297   0.0317789   0.0347361   0.0391283   0.0441708   0.0499843   0.0573942   0.0674642   0.087434   0.108081   0.126169   
-0.126593   -0.143909   -0.252439   -0.254651   -0.255803   -0.255405   -0.250369   -0.245972   -0.242027   -0.237998   -0.233145   -0.224105   -0.219606   -0.214876   -0.210758   -0.206025   -0.201604   -0.197132   -0.192751   -0.188403   -0.183708   -0.177667   -0.175616   -0.17733   

555000
-10   -9   -7   -6   -4   -3   -2   -1   0   1   2   3   4   5   6   7   9   10   12   13   14   16   17   18   
0.265217   0.29373   0.387109   0.443036   0.790645   0.913009   1.03015   1.13762   1.21996   1.3035   1.38955   1.47344   1.55167   1.62663   1.70325   1.77513   1.90977   1.9705   2.07051   2.11126   2.13886   2.06758   2.00008   1.95854   
0.0965483   0.0848919   0.066996   0.0548737   0.0142841   0.0128491   0.0123011   0.0123673   0.013638   0.0146441   0.0160259   0.0175576   0.0194561   0.0216048   0.0236595   0.0260962   0.0317419   0.0347281   0.0441366   0.0499331   0.0573543   0.0876078   0.10812   0.12611   
-0.125827   -0.134022   -0.144192   -0.147693   -0.252472   -0.254675   -0.255853   -0.255392   -0.250348   -0.246002   -0.242133   -0.238112   -0.233277   -0.228365   -0.224176   -0.219711   -0.210844   -0.206102   -0.197237   -0.192871   -0.188497   -0.177669   -0.175647   -0.177344   

560000
-10   -8   -6   -4   -3   -2   -1   1   2   3   4   5   6   7   8   9   10   11   12   13   14   15   16   17   18   
0.264563   0.348368   0.430734   0.790849   0.913169   1.03035   1.13751   1.3037   1.39017   1.4741   1.55247   1.62742   1.70362   1.77576   1.84269   1.91023   1.97075   2.0236   2.0711   2.11205   2.13946   2.14333   2.06624   1.99986   1.95903   
0.0964078   0.0773399   0.0568189   0.0142343   0.0128206   0.012268   0.0123546   0.0146246   0.0159842   0.0175107   0.0193978   0.0215413   0.0236242   0.026045   0.0288517   0.0317044   0.0347151   0.0390929   0.0441015   0.0498853   0.05732   0.067557   0.0877893   0.108162   0.126061   
-0.125886   -0.136689   -0.153259   -0.252509   -0.254696   -0.255896   -0.255371   -0.246036   -0.242234   -0.238222   -0.233408   -0.228494   -0.224242   -0.219815   -0.215016   -0.21093   -0.206185   -0.201748   -0.197339   -0.192988   -0.188588   -0.183798   -0.17767   -0.175677   -0.17736   

565000
-7   -6   -5   -4   -3   -2   -1   0   1   2   3   4   5   6   7   8   9   10   11   12   15   16   17   18   
0.405597   0.430147   0.56655   0.79108   0.913321   1.03052   1.13736   1.22045   1.30391   1.39076   1.47474   1.55326   1.62826   1.70395   1.77639   1.8432   1.91069   1.97106   2.02389   2.07169   2.1429   2.06493   1.99961   1.95941   
0.0645509   0.0564248   0.0300019   0.0141831   0.0127949   0.0122373   0.0123443   0.0135973   0.0146045   0.0159442   0.0174654   0.0193406   0.0214756   0.023592   0.025994   0.0288079   0.0316667   0.0346975   0.0390754   0.0440675   0.0676305   0.0879673   0.108213   0.126017   
-0.142213   -0.15386   -0.212082   -0.252551   -0.254714   -0.255933   -0.255343   -0.250434   -0.246076   -0.242331   -0.238329   -0.233537   -0.228629   -0.224303   -0.219919   -0.215115   -0.211015   -0.206272   -0.201815   -0.19744   -0.183828   -0.17767   -0.175707   -0.177377   

570000
-8   -4   -2   -1   0   1   2   3   4   5   6   7   8   9   10   11   12   13   14   15   16   17   18   
0.34711   0.791349   1.03067   1.13753   1.22066   1.3041   1.39133   1.47536   1.55405   1.62909   1.70424   1.77702   1.84375   1.91115   1.97143   2.02417   2.07226   2.11356   2.14051   2.14233   2.06454   1.99932   1.95973   
0.0770526   0.0141301   0.0122087   0.0123214   0.0135782   0.0145857   0.0159058   0.0174216   0.0192844   0.0214108   0.0235623   0.0259434   0.0287622   0.0316288   0.0346756   0.0390578   0.0440335   0.0497898   0.0572635   0.0677204   0.0880289   0.108269   0.125992   
-0.136868   -0.252599   -0.255965   -0.255373   -0.250472   -0.246111   -0.242423   -0.238433   -0.233665   -0.228764   -0.224358   -0.220022   -0.215217   -0.2111   -0.206364   -0.201878   -0.197537   -0.193211   -0.188758   -0.183852   -0.17769   -0.175737   -0.177397   

575000
-4   -3   -2   -1   0   1   2   3   4   5   6   7   8   9   10   11   12   13   14   16   18   
0.791675   0.913574   1.0308   1.13768   1.22085   1.30427   1.39187   1.47595   1.55482   1.62993   1.70452   1.77765   1.84434   1.91162   1.97185   2.02444   2.07281   2.11427   2.14096   2.0641   1.95998   
0.0140756   0.0127494   0.012182   0.0122998   0.0135605   0.0145682   0.0158691   0.0173792   0.0192295   0.0213472   0.0235352   0.0258943   0.028715   0.0315926   0.0346502   0.0390392   0.0439999   0.0497456   0.0572421   0.0880952   0.125973   
-0.252656   -0.254738   -0.255991   -0.255398   -0.250506   -0.246143   -0.24251   -0.238532   -0.23379   -0.228898   -0.224409   -0.220126   -0.215322   -0.211183   -0.206459   -0.201938   -0.197632   -0.193319   -0.188836   -0.177708   -0.177419   

580000
-10   -9   -7   -4   -3   -2   -1   0   1   2   3   4   5   6   7   8   9   10   11   12   13   14   15   16   17   18   
0.291069   0.30725   0.380821   0.792115   0.913773   1.03091   1.13778   1.221   1.30442   1.39238   1.47652   1.55557   1.63076   1.70476   1.77826   1.84496   1.91206   1.97294   2.02472   2.07335   2.11497   2.14135   2.14277   2.06358   1.99989   1.96015   
0.0954334   0.0870902   0.0653989   0.0140206   0.0127251   0.0121572   0.0122806   0.0135446   0.0145518   0.0158339   0.0173384   0.019176   0.0212845   0.0235104   0.0258464   0.0286664   0.0315568   0.0346267   0.0390185   0.043969   0.0497028   0.0572254   0.0677158   0.0881728   0.108222   0.125966   
-0.126814   -0.13064   -0.145929   -0.252735   -0.25476   -0.256013   -0.255413   -0.250534   -0.24617   -0.242593   -0.238629   -0.233913   -0.229032   -0.224456   -0.220225   -0.215429   -0.211263   -0.206649   -0.201995   -0.197725   -0.193424   -0.18891   -0.183961   -0.177723   -0.175788   -0.177442   

585000
-4   -3   -2   -1   0   1   2   3   4   5   6   7   8   9   10   11   12   13   14   15   16   17   18   
0.792711   0.913943   1.031   1.13783   1.22113   1.30453   1.39287   1.47707   1.5563   1.63159   1.70499   1.77884   1.84561   1.9125   1.97581   2.02503   2.07386   2.11564   2.14167   2.1434   2.06299   2.00102   1.96021   
0.0139744   0.0127085   0.0121341   0.0122641   0.0135299   0.0145374   0.0158001   0.017299   0.0191243   0.0212228   0.0234877   0.0258003   0.0286167   0.0315215   0.0346699   0.0389947   0.0439375   0.0496636   0.0572151   0.0676651   0.0882578   0.108088   0.125975   
-0.252839   -0.254773   -0.25603   -0.25542   -0.250557   -0.246192   -0.242673   -0.238721   -0.234032   -0.229165   -0.224498   -0.220318   -0.215538   -0.211341   -0.207199   -0.202049   -0.197814   -0.193527   -0.188978   -0.18403   -0.177736   -0.175809   -0.177468   

590000
-9   -8   -6   -4   -3   -2   -1   0   1   2   3   4   5   6   7   8   9   11   12   13   14   15   16   17   18   
0.331208   0.343716   0.433742   0.793306   0.914075   1.03107   1.13782   1.22124   1.30501   1.39334   1.4776   1.557   1.63242   1.70521   1.7794   1.84628   1.91294   2.02536   2.07436   2.11628   2.14195   2.14379   2.06229   2.00199   1.96019   
0.085551   0.0763232   0.0581481   0.0139527   0.0127017   0.0121128   0.0122505   0.0135164   0.0145063   0.0157677   0.017261   0.0190752   0.0211621   0.0234666   0.0257559   0.0285662   0.0314871   0.0389659   0.0439096   0.0496255   0.0572093   0.0676441   0.0883575   0.107963   0.125998   
-0.131098   -0.137456   -0.150627   -0.252935   -0.254773   -0.256043   -0.255415   -0.250576   -0.246273   -0.242748   -0.238811   -0.234145   -0.229297   -0.224537   -0.220408   -0.215648   -0.211418   -0.2021   -0.197901   -0.193626   -0.189042   -0.184089   -0.177747   -0.175829   -0.177497   

595000
-9   -7   -6   -4   -3   -2   -1   0   1   2   3   4   5   7   8   9   10   11   12   13   14   15   17   
0.331491   0.376901   0.433656   0.793612   0.914159   1.03112   1.13777   1.22132   1.30562   1.39381   1.47811   1.55767   1.63324   1.77994   1.84696   1.91336   1.97683   2.02574   2.07483   2.11688   2.14219   2.14394   2.00283   
0.0856085   0.0643514   0.0581117   0.0139597   0.0127063   0.0120928   0.0122398   0.0135043   0.0144699   0.0157351   0.0172246   0.0190274   0.0211023   0.025713   0.028515   0.0314538   0.0347551   0.0389306   0.0438824   0.049591   0.0572064   0.0676452   0.107862   
-0.130971   -0.147124   -0.15059   -0.252961   -0.25476   -0.256052   -0.255399   -0.250591   -0.246374   -0.242827   -0.238896   -0.234255   -0.229428   -0.220495   -0.215759   -0.211492   -0.207475   -0.202151   -0.197983   -0.193721   -0.189102   -0.184136   -0.175851   

600000
-9   -6   -4   -3   -2   -1   0   1   2   3   4   5   6   8   9   10   11   12   13   14   15   16   17   18   
0.331502   0.433417   0.79384   0.914195   1.03116   1.13765   1.22137   1.30619   1.39427   1.47859   1.55832   1.63405   1.70616   1.84765   1.91377   1.97725   2.02623   2.07527   2.11745   2.14241   2.14388   2.06064   2.00356   1.96071   
0.0856085   0.0580026   0.0139927   0.0127236   0.0120744   0.0122321   0.0134934   0.0144352   0.0157033   0.0171896   0.0189811   0.0210434   0.0233918   0.0284633   0.0314217   0.0347319   0.0388907   0.0438555   0.0495581   0.0572052   0.0676736   0.0885856   0.107781   0.125963   
-0.130904   -0.150671   -0.252966   -0.254734   -0.256059   -0.255372   -0.2506   -0.246469   -0.242905   -0.238978   -0.234362   -0.229558   -0.22469   -0.215871   -0.211564   -0.207551   -0.202219   -0.198062   -0.193813   -0.189159   -0.184174   -0.177762   -0.175873   -0.177536   

605000
-6   -5   -4   -3   -2   -1   1   2   3   4   5   6   7   8   9   10   11   12   13   14   15   16   17   18   
0.433121   0.512984   0.793992   0.914182   1.03132   1.13748   1.30672   1.39471   1.47905   1.55896   1.63487   1.70702   1.78099   1.84836   1.91417   1.97768   2.02691   2.0757   2.11799   2.14299   2.14357   2.05973   2.00418   1.96228   
0.0578573   0.0421702   0.0140435   0.0127536   0.0120501   0.0122282   0.0144024   0.015673   0.017156   0.0189361   0.0209853   0.0233281   0.0256298   0.0284115   0.0313904   0.0347025   0.0388541   0.0438319   0.04953   0.0571637   0.0677248   0.0887143   0.107706   0.125748   
-0.150824   -0.176814   -0.252955   -0.254695   -0.256086   -0.255331   -0.246559   -0.242979   -0.239056   -0.234466   -0.229687   -0.224826   -0.220664   -0.215982   -0.211635   -0.207625   -0.20234   -0.198138   -0.193902   -0.189238   -0.184199   -0.177768   -0.175895   -0.177514   

610000
-9   -8   -6   -5   -4   -3   -2   -1   0   1   2   3   4   5   6   7   8   9   10   11   12   14   15   16   17   18   
0.331229   0.339218   0.432758   0.621354   0.794088   0.914216   1.03155   1.13724   1.22143   1.30723   1.39512   1.47948   1.55957   1.63567   1.7079   1.78151   1.84907   1.91456   1.97815   2.02762   2.0761   2.14446   2.14303   2.05913   2.00474   1.96371   
0.0855322   0.0754078   0.0576811   0.0242181   0.0141043   0.0127591   0.012022   0.0122283   0.0134742   0.014371   0.0156439   0.0171239   0.0188923   0.020928   0.0232649   0.0255877   0.0283593   0.0313585   0.0346695   0.0388134   0.0438095   0.0570379   0.0678055   0.0888013   0.107643   0.12556   
-0.130849   -0.138413   -0.151025   -0.234627   -0.252932   -0.254682   -0.256128   -0.255277   -0.250614   -0.246643   -0.243049   -0.23913   -0.234567   -0.229815   -0.224961   -0.22075   -0.216094   -0.211704   -0.207702   -0.202463   -0.19821   -0.189372   -0.184215   -0.177779   -0.175916   -0.177498   

615000
-4   -3   -2   -1   0   1   2   3   4   5   6   7   8   9   10   11   12   13   14   15   16   17   18   
0.794143   0.91441   1.03177   1.13693   1.22145   1.30771   1.39552   1.4799   1.56017   1.63647   1.70877   1.78201   1.84979   1.91494   1.97865   2.02837   2.07648   2.1189   2.14586   2.14223   2.05912   2.00521   1.965   
0.0141707   0.0127015   0.0119957   0.012232   0.0134651   0.0143411   0.0156162   0.0170934   0.01885   0.0208714   0.0232024   0.0255475   0.0283071   0.031328   0.0346336   0.0387697   0.0437867   0.0494839   0.0569155   0.0679111   0.0888084   0.107596   0.125393   
-0.252901   -0.254735   -0.256164   -0.25521   -0.25062   -0.246721   -0.243115   -0.239201   -0.234665   -0.229942   -0.225096   -0.220832   -0.216204   -0.21177   -0.207783   -0.202587   -0.198279   -0.194063   -0.1895   -0.184215   -0.177802   -0.175939   -0.177485   

620000
-8   -6   -4   -3   -2   -1   0   1   2   3   4   5   6   7   8   9   10   11   12   13   14   15   16   17   18   
0.362115   0.431917   0.794068   0.914598   1.03195   1.13676   1.22145   1.30817   1.39589   1.48029   1.56075   1.63726   1.70964   1.78247   1.85052   1.91531   1.97918   2.02915   2.07684   2.1193   2.14722   2.14122   2.05909   2.00559   1.96616   
0.0735841   0.0572614   0.0140882   0.0126499   0.0119716   0.0122314   0.013457   0.0143126   0.0155897   0.017064   0.018809   0.0208158   0.0231405   0.0255096   0.0282537   0.0312993   0.0345965   0.0387227   0.0437651   0.0494658   0.0567995   0.0680435   0.0888283   0.107557   0.125236   
-0.137299   -0.151541   -0.252894   -0.254785   -0.256194   -0.255164   -0.250622   -0.246796   -0.243178   -0.23927   -0.23476   -0.230067   -0.22523   -0.220909   -0.216317   -0.211834   -0.207868   -0.202712   -0.198344   -0.194137   -0.189627   -0.184206   -0.177826   -0.175961   -0.177476   

625000
-7   -6   -5   -4   -3   -2   -1   0   1   2   3   4   5   6   7   8   9   10   11   12   13   14   16   17   18   
0.407918   0.441038   0.518063   0.794051   0.914778   1.03212   1.13684   1.22144   1.30865   1.39624   1.48066   1.5613   1.63805   1.7105   1.78292   1.85128   1.91565   1.97974   2.02996   2.07719   2.11965   2.14851   2.05894   2.00588   1.9672   
0.0647457   0.037285   0.0394932   0.0140006   0.0126029   0.0119496   0.0122164   0.0134495   0.0142826   0.0155643   0.017036   0.0187695   0.0207612   0.0230794   0.0254737   0.0281982   0.0312715   0.0345575   0.0386732   0.0437436   0.0494499   0.0566874   0.0888555   0.107531   0.125098   
-0.141454   -0.193336   -0.182195   -0.252905   -0.254832   -0.256218   -0.255179   -0.250622   -0.24688   -0.243237   -0.239334   -0.234852   -0.230191   -0.225362   -0.220983   -0.216434   -0.211895   -0.207956   -0.202838   -0.198406   -0.194206   -0.189748   -0.177845   -0.175984   -0.177469   

630000
-4   -3   -2   -1   1   2   3   4   5   6   7   8   9   10   11   12   13   15   16   17   18   
0.794073   0.91495   1.03224   1.13698   1.30912   1.39657   1.481   1.56184   1.63881   1.71136   1.78334   1.85204   1.91599   1.98033   2.03079   2.07753   2.11998   2.13941   2.05874   2.0061   1.96814   
0.0139286   0.0125597   0.0119303   0.0121969   0.0142537   0.0155401   0.0170098   0.0187313   0.0207079   0.0230191   0.0254399   0.0281429   0.0312443   0.0345166   0.0386213   0.0437204   0.0494388   0.068279   0.0888903   0.107513   0.124984   
-0.252921   -0.254875   -0.256233   -0.255211   -0.246962   -0.243292   -0.239395   -0.234941   -0.230312   -0.225493   -0.221053   -0.216551   -0.211951   -0.208047   -0.202964   -0.198464   -0.194273   -0.184194   -0.177863   -0.176006   -0.177467   

635000
-8   -6   -4   -3   -2   -1   0   1   2   3   4   5   6   7   8   9   10   11   12   13   14   15   16   17   18   
0.333648   0.430489   0.794116   0.915113   1.03234   1.13707   1.22167   1.30956   1.39688   1.48132   1.56235   1.63955   1.71221   1.78373   1.8528   1.91631   1.98092   2.03163   2.07788   2.12026   2.15094   2.13922   2.05849   2.00623   1.96899   
0.0740757   0.0564966   0.0138661   0.0125199   0.0119142   0.0121799   0.0134246   0.0142262   0.0155171   0.0169852   0.0186948   0.0206567   0.0229596   0.025408   0.0280876   0.0312178   0.0344749   0.0385676   0.0436973   0.0494285   0.0564818   0.0683139   0.0889321   0.107508   0.124874   
-0.13988   -0.152551   -0.25294   -0.254916   -0.256239   -0.255235   -0.250668   -0.247039   -0.243344   -0.239451   -0.235026   -0.230429   -0.225622   -0.221119   -0.216667   -0.212007   -0.208138   -0.203089   -0.19852   -0.194334   -0.189978   -0.184217   -0.17788   -0.176028   -0.177467   

640000
-9   -4   -3   -2   -1   0   1   2   3   4   5   6   7   8   9   10   11   12   13   14   15   16   17   18   
0.302889   0.79417   0.915267   1.03239   1.13711   1.22199   1.30998   1.39716   1.48161   1.56284   1.64024   1.71306   1.78409   1.85357   1.91663   1.98152   2.03249   2.07823   2.12051   2.15207   2.13878   2.05819   2.00624   1.96974   
0.0860492   0.0138103   0.0124828   0.011902   0.012165   0.0134048   0.0142   0.0154959   0.0169624   0.0186596   0.0206079   0.0229009   0.0253783   0.0280325   0.0311921   0.0344326   0.0385122   0.0436704   0.049421   0.0563866   0.0683762   0.0889805   0.107518   0.124778   
-0.13091   -0.25296   -0.254955   -0.256234   -0.255249   -0.250724   -0.247112   -0.243391   -0.239503   -0.235107   -0.23054   -0.22575   -0.22118   -0.216784   -0.212059   -0.20823   -0.203215   -0.198573   -0.194393   -0.190087   -0.184227   -0.177896   -0.176051   -0.177468   

645000
-9   -4   -3   -2   -1   0   1   2   3   4   5   6   7   8   9   10   12   13   14   15   17   18   
0.328842   0.794233   0.915413   1.03238   1.13712   1.22228   1.31037   1.39741   1.48187   1.5633   1.64092   1.71389   1.78442   1.85434   1.91694   1.98214   2.07894   2.12075   2.15313   2.13814   2.0062   1.97039   
0.0848879   0.0137595   0.0124482   0.0118944   0.0121522   0.0133861   0.0141748   0.0154761   0.0169412   0.0186263   0.0205605   0.0228432   0.0253503   0.0279774   0.0311662   0.0343896   0.0436174   0.0494154   0.0562966   0.0684612   0.107538   0.124692   
-0.131016   -0.25298   -0.25499   -0.256216   -0.255257   -0.250776   -0.24718   -0.243434   -0.23955   -0.235184   -0.230649   -0.225875   -0.221236   -0.2169   -0.212108   -0.208323   -0.198665   -0.194447   -0.190192   -0.184227   -0.176074   -0.177472   

650000
-4   -3   -2   -1   0   1   2   4   5   7   8   9   10   11   12   13   14   15   16   17   18   
0.780221   0.91555   1.03232   1.13708   1.22255   1.31075   1.39765   1.56374   1.64158   1.78473   1.85511   1.91726   1.98276   2.03423   2.08004   2.12095   2.15414   2.1373   2.05743   2.00611   1.97096   
0.0164788   0.0124156   0.0118923   0.0121417   0.0133684   0.0141509   0.0154574   0.018595   0.0205145   0.0253245   0.0279226   0.0311397   0.0343455   0.0383976   0.0435411   0.0494086   0.0562136   0.0685682   0.089095   0.107562   0.124634   
-0.250489   -0.255023   -0.256182   -0.255256   -0.250824   -0.247245   -0.243473   -0.235255   -0.230754   -0.221288   -0.217015   -0.212154   -0.208418   -0.203465   -0.198804   -0.194496   -0.190293   -0.184219   -0.177922   -0.176097   -0.177481   

655000
-9   -8   -7   -4   -3   -2   -1   0   1   2   3   4   5   6   7   8   9   10   11   12   13   14   15   16   18   
0.327817   0.346206   0.386429   0.794375   0.915679   1.03219   1.137   1.2228   1.3111   1.39786   1.48231   1.56415   1.64222   1.71557   1.78501   1.85587   1.91757   1.98338   2.03511   2.08114   2.12143   2.15509   2.13627   2.05699   1.97142   
0.0846364   0.0766401   0.0664541   0.0136691   0.012385   0.0118967   0.0121336   0.0133517   0.014128   0.0154401   0.0169046   0.0185643   0.02047   0.0227272   0.0253005   0.027868   0.0311118   0.0343019   0.0383382   0.0434622   0.0493758   0.0561345   0.0686963   0.0891616   0.124577   
-0.131129   -0.136601   -0.143641   -0.253022   -0.255054   -0.25613   -0.255247   -0.250869   -0.247306   -0.243509   -0.23963   -0.235326   -0.230856   -0.226128   -0.221336   -0.21713   -0.212198   -0.208511   -0.20359   -0.198941   -0.194565   -0.190389   -0.184201   -0.177934   -0.17749   

660000
-10   -7   -4   -3   -2   -1   0   1   2   3   4   5   6   7   8   9   10   11   12   13   14   15   16   17   18   
0.264141   0.385688   0.79445   0.915799   1.03197   1.13688   1.22303   1.31144   1.39805   1.48298   1.56456   1.64284   1.71642   1.78526   1.85664   1.91791   1.98398   2.03599   2.08225   2.12283   2.15597   2.13501   2.05653   2.00749   1.97176   
0.0964402   0.0662547   0.0136281   0.0123563   0.0119086   0.0121276   0.013336   0.0141062   0.0154239   0.0168624   0.0185339   0.0204269   0.0226684   0.0252784   0.0278139   0.0310822   0.0342598   0.0382785   0.0433824   0.049265   0.0560612   0.0688473   0.0892307   0.107398   0.124545   
-0.124866   -0.143819   -0.253042   -0.255082   -0.256058   -0.25523   -0.25091   -0.247362   -0.24354   -0.23974   -0.235397   -0.230955   -0.226258   -0.221378   -0.217243   -0.212241   -0.2086   -0.203714   -0.199076   -0.194711   -0.190482   -0.184171   -0.177946   -0.176133   -0.177504   

665000
-9   -7   -6   -4   -3   -2   -1   0   1   3   4   5   6   7   8   9   10   11   12   13   14   15   17   18   
0.299338   0.384899   0.424076   0.794528   0.915911   1.03173   1.13672   1.22324   1.31175   1.48385   1.56494   1.64344   1.71726   1.78549   1.85739   1.91839   1.98455   2.03689   2.08336   2.12421   2.1568   2.1336   2.00888   1.97201   
0.0852975   0.0660438   0.0461701   0.0135894   0.0123291   0.011924   0.0121235   0.0133211   0.0140856   0.0168103   0.0185052   0.0203852   0.0226103   0.0252579   0.0277603   0.0310447   0.0342193   0.038218   0.0433029   0.0491553   0.0559942   0.0690188   0.107216   0.124524   
-0.131425   -0.144013   -0.170015   -0.253063   -0.255108   -0.25598   -0.255207   -0.250948   -0.247414   -0.23988   -0.235462   -0.231051   -0.226386   -0.221416   -0.217356   -0.212306   -0.208686   -0.203837   -0.199212   -0.194854   -0.190569   -0.184134   -0.176148   -0.177519   

670000
-6   -4   -3   -2   -1   1   3   4   5   6   7   8   9   11   12   13   14   15   16   17   18   
0.423256   0.794607   0.916016   1.03191   1.13671   1.31204   1.48469   1.56529   1.64402   1.71809   1.78571   1.85814   1.91917   2.03778   2.08447   2.12556   2.15757   2.13205   2.05632   2.01016   1.97217   
0.0446208   0.0135527   0.0123033   0.0118936   0.0121139   0.014066   0.0167594   0.0184785   0.020345   0.022553   0.0252386   0.0277077   0.030992   0.0381568   0.0432216   0.0490448   0.0559361   0.069198   0.08927   0.10706   0.124513   
-0.172482   -0.253083   -0.255133   -0.256031   -0.255209   -0.247463   -0.240017   -0.235523   -0.231143   -0.226513   -0.22145   -0.217466   -0.212425   -0.20396   -0.199346   -0.194993   -0.190654   -0.184088   -0.17798   -0.176165   -0.177537   

675000
-10   -7   -6   -4   -3   -2   -1   0   1   2   3   4   5   6   7   8   9   10   11   13   14   15   16   17   18   
0.291097   0.383179   0.426676   0.794687   0.916114   1.03207   1.13679   1.2236   1.31232   1.39925   1.48552   1.56561   1.64457   1.71891   1.78608   1.85885   1.91997   1.98568   2.03868   2.12688   2.15826   2.13076   2.05676   2.01131   1.97228   
0.0954153   0.0655882   0.0539085   0.0135176   0.0122789   0.011866   0.0121006   0.0132945   0.0140475   0.0153461   0.0167098   0.0184536   0.0203062   0.0224966   0.0252096   0.0276566   0.030938   0.0341409   0.0380952   0.0489377   0.0558822   0.0693533   0.0892286   0.106909   0.124517   
-0.126077   -0.144443   -0.156242   -0.253103   -0.255155   -0.256075   -0.255228   -0.251013   -0.247507   -0.243737   -0.240151   -0.23558   -0.231232   -0.226638   -0.221506   -0.217572   -0.212544   -0.208857   -0.204083   -0.195129   -0.190734   -0.184054   -0.178009   -0.17618   -0.177557   

680000
-6   -4   -3   -2   -1   0   1   2   3   4   5   6   7   8   11   12   13   14   15   16   17   18   
0.426282   0.794768   0.916207   1.03219   1.13683   1.22381   1.31257   1.4   1.48634   1.5659   1.6451   1.71973   1.78702   1.85954   2.03958   2.08668   2.12817   2.15889   2.12962   2.05713   2.01235   1.97231   
0.0535336   0.0134839   0.0122555   0.011841   0.0120891   0.0132799   0.0140299   0.0153032   0.0166614   0.0184307   0.0202693   0.022441   0.0251453   0.0276076   0.0380332   0.0430584   0.0488341   0.0558342   0.069489   0.0891876   0.10678   0.124521   
-0.156794   -0.253122   -0.255176   -0.256112   -0.25524   -0.251052   -0.247548   -0.243862   -0.240282   -0.235632   -0.231316   -0.226762   -0.221645   -0.217673   -0.204204   -0.19961   -0.195262   -0.190808   -0.184025   -0.178035   -0.176197   -0.177577   

685000
-10   -8   -5   -4   -3   -2   -1   0   1   2   3   4   5   6   7   8   9   10   11   12   13   14   15   16   17   18   
0.291584   0.368111   0.669069   0.794852   0.916295   1.0323   1.13685   1.224   1.31282   1.40073   1.48713   1.56615   1.6456   1.72052   1.78796   1.86021   1.92161   1.98676   2.04048   2.08778   2.12941   2.15945   2.1284   2.05744   2.01331   1.97229   
0.0955404   0.0745887   0.0160527   0.0134513   0.0122333   0.0118183   0.0120793   0.0132658   0.0140126   0.0152618   0.0166142   0.0184103   0.0202344   0.0223864   0.0250811   0.0275595   0.0308255   0.0340664   0.0379709   0.0429759   0.048733   0.0557939   0.0696345   0.0891586   0.106661   0.124536   
-0.125854   -0.135824   -0.249568   -0.253142   -0.255195   -0.256144   -0.255246   -0.25109   -0.247589   -0.243982   -0.240411   -0.235678   -0.231396   -0.226884   -0.221783   -0.217773   -0.212786   -0.209021   -0.204325   -0.19974   -0.195391   -0.190878   -0.183991   -0.178061   -0.176214   -0.177598   

690000
-10   -7   -5   -4   -3   -2   -1   0   1   2   3   5   6   7   8   9   10   11   12   13   14   15   16   17   18   
0.263808   0.380426   0.669249   0.794938   0.916387   1.03238   1.13683   1.22417   1.3131   1.40143   1.48791   1.64607   1.72131   1.7889   1.86087   1.92245   1.98727   2.04137   2.08889   2.1306   2.15994   2.12711   2.0577   2.01416   1.97258   
0.096364   0.0648451   0.0161117   0.0134197   0.0122115   0.0117975   0.0120712   0.0132525   0.0139937   0.0152217   0.0165678   0.0202012   0.0223332   0.0250173   0.0275124   0.0307676   0.0340312   0.0379083   0.0428942   0.0486358   0.0557603   0.0697873   0.0891358   0.106553   0.124508   
-0.124645   -0.14516   -0.249566   -0.253161   -0.255215   -0.25617   -0.255246   -0.251125   -0.247641   -0.244099   -0.240537   -0.231472   -0.227003   -0.22192   -0.21787   -0.212909   -0.209098   -0.204445   -0.199869   -0.195515   -0.190943   -0.183955   -0.178085   -0.17623   -0.17761   

695000
-7   -5   -4   -3   -2   -1   0   1   2   3   5   6   7   8   9   10   11   12   13   14   15   16   17   18   
0.379482   0.668456   0.795026   0.916616   1.03255   1.13678   1.22433   1.31337   1.4021   1.48867   1.64651   1.72206   1.78983   1.86151   1.9233   1.98775   2.04226   2.08998   2.13177   2.16036   2.12574   2.0579   2.01495   1.97433   
0.0645839   0.0159423   0.0133889   0.0121816   0.0117729   0.012065   0.01324   0.0139758   0.0151829   0.0165226   0.0201698   0.0222818   0.0249539   0.0274665   0.0307091   0.0339976   0.0378467   0.0428122   0.0485433   0.0557334   0.0699447   0.0891179   0.106459   0.124261   
-0.145406   -0.24947   -0.253181   -0.255261   -0.256213   -0.25524   -0.251157   -0.247688   -0.244211   -0.24066   -0.231543   -0.227118   -0.222056   -0.217964   -0.213031   -0.209172   -0.204563   -0.199997   -0.195637   -0.191003   -0.183913   -0.178107   -0.176248   -0.17758   

700000
-8   -5   -4   -3   -2   -1   0   1   2   3   4   5   6   7   8   9   10   11   12   13   14   15   16   17   18   
0.345424   0.668348   0.795117   0.916838   1.03283   1.13669   1.22448   1.31361   1.40276   1.48942   1.56717   1.64695   1.72278   1.79076   1.86214   1.92415   1.98821   2.04312   2.09107   2.1329   2.16069   2.12452   2.05806   2.01566   1.97593   
0.0763895   0.0159258   0.0133586   0.0121528   0.0117442   0.0120608   0.0132283   0.0139593   0.0151455   0.0164785   0.0183363   0.0201383   0.0222325   0.0248909   0.0274216   0.0306503   0.0339655   0.0377861   0.0427304   0.0484521   0.0557144   0.0700911   0.0891065   0.106379   0.124053   
-0.136363   -0.249445   -0.253201   -0.255304   -0.256274   -0.255227   -0.251187   -0.247731   -0.244319   -0.240781   -0.235852   -0.231615   -0.227228   -0.22219   -0.218056   -0.213153   -0.209243   -0.204679   -0.200125   -0.195756   -0.191057   -0.183878   -0.178129   -0.176266   -0.177556   

705000
-8   -7   -4   -3   -2   -1   0   1   2   3   4   5   6   7   8   9   10   11   12   13   14   15   16   17   18   
0.367729   0.377583   0.795213   0.917054   1.03309   1.13657   1.22461   1.31383   1.40338   1.49014   1.56809   1.64737   1.72349   1.79168   1.86274   1.925   1.98865   2.04396   2.09215   2.13399   2.16095   2.12353   2.05817   2.01627   1.97732   
0.0744425   0.0640545   0.0133289   0.012125   0.011717   0.0120582   0.0132172   0.0139437   0.0151097   0.0164354   0.0182797   0.020107   0.0221843   0.0248285   0.0273785   0.0305911   0.0339351   0.0377272   0.042648   0.0483635   0.0557042   0.0702102   0.0891008   0.106297   0.123852   
-0.13578   -0.145926   -0.253222   -0.255346   -0.25633   -0.255208   -0.251214   -0.24777   -0.244423   -0.240899   -0.235998   -0.231686   -0.227337   -0.222323   -0.218145   -0.213274   -0.20931   -0.204791   -0.20025   -0.195871   -0.191106   -0.183853   -0.178149   -0.176283   -0.177535   

710000
-6   -4   -2   -1   0   1   2   3   4   5   6   7   8   9   10   11   12   13   14   15   17   18   
0.431464   0.795313   1.03332   1.13642   1.22473   1.31403   1.40398   1.49085   1.56899   1.64777   1.72418   1.79259   1.86333   1.92585   1.98907   2.04477   2.09323   2.13506   2.16113   2.12249   2.01679   1.97858   
0.0566819   0.0132997   0.0116914   0.0120573   0.0132069   0.0139289   0.0150751   0.0163935   0.0182242   0.0200776   0.0221371   0.0247667   0.0273365   0.0305318   0.0339055   0.0376706   0.0425674   0.0482768   0.0556988   0.0703321   0.106237   0.123693   
-0.151558   -0.253243   -0.256381   -0.255183   -0.251238   -0.247806   -0.244523   -0.241014   -0.236141   -0.231754   -0.227442   -0.222455   -0.21823   -0.213395   -0.209376   -0.204899   -0.200375   -0.195983   -0.191149   -0.183824   -0.1763   -0.177522   

715000
-7   -5   -4   -3   -2   -1   0   1   2   3   4   5   6   7   8   9   10   11   12   13   14   15   16   17   18   
0.396397   0.66823   0.79547   0.917466   1.03354   1.13623   1.22483   1.31422   1.40456   1.49155   1.56988   1.64815   1.72486   1.7935   1.86389   1.92671   1.98947   2.04556   2.09429   2.13609   2.16127   2.12142   2.05822   2.01723   1.97968   
0.0616356   0.0158766   0.0132669   0.0120722   0.0116672   0.0120583   0.0131974   0.013915   0.0150415   0.0163523   0.0181698   0.0200501   0.022091   0.0247056   0.027296   0.0304723   0.0338774   0.037615   0.0424866   0.0481937   0.0556993   0.0704597   0.0891103   0.106189   0.123544   
-0.14358   -0.249417   -0.253275   -0.255424   -0.256428   -0.255152   -0.25126   -0.247839   -0.244619   -0.241128   -0.236281   -0.231817   -0.227546   -0.222584   -0.218313   -0.213515   -0.209439   -0.205006   -0.200498   -0.196093   -0.191188   -0.183794   -0.178185   -0.176318   -0.177511   

720000
-7   -6   -5   -4   -3   -2   -1   0   1   2   3   4   5   6   7   8   9   10   11   12   13   14   15   16   17   18   
0.395438   0.431075   0.668283   0.795693   0.917661   1.03374   1.13616   1.22492   1.3144   1.40513   1.49223   1.57076   1.64849   1.72552   1.79439   1.86447   1.92756   1.98984   2.04634   2.09535   2.1371   2.16135   2.12029   2.05814   2.0176   1.98065   
0.0613651   0.0564725   0.0158556   0.0132298   0.0120473   0.0116443   0.0120549   0.0131887   0.013902   0.0150088   0.0163123   0.0181165   0.0200245   0.022046   0.0246451   0.0272543   0.0304129   0.0338509   0.0375606   0.042407   0.0481136   0.0557041   0.0705886   0.0891282   0.106149   0.123408   
-0.143803   -0.151762   -0.249427   -0.253319   -0.25546   -0.256471   -0.255139   -0.251279   -0.247868   -0.244714   -0.241239   -0.23642   -0.231875   -0.227648   -0.222712   -0.218399   -0.213634   -0.209498   -0.205111   -0.20062   -0.1962   -0.191224   -0.18376   -0.1782   -0.176336   -0.177503   

725000
-10   -5   -4   -3   -2   -1   1   2   3   4   5   6   8   9   10   11   12   13   14   16   17   18   
0.290599   0.669899   0.795921   0.917849   1.03392   1.13618   1.31455   1.40568   1.49288   1.57161   1.64879   1.72616   1.86503   1.92842   1.99019   2.0471   2.09638   2.13807   2.16141   2.05804   2.0179   1.9815   
0.0952881   0.0162489   0.0131931   0.0120235   0.0116227   0.0120474   0.0138899   0.0149769   0.0162736   0.0180643   0.0200016   0.022002   0.027214   0.0303531   0.0338262   0.037507   0.0423281   0.0480346   0.0557117   0.0891554   0.106119   0.123296   
-0.125719   -0.249578   -0.253363   -0.255494   -0.256511   -0.255144   -0.247893   -0.244805   -0.241346   -0.236556   -0.231927   -0.227747   -0.218483   -0.213753   -0.209553   -0.205213   -0.20074   -0.196303   -0.191258   -0.178216   -0.176354   -0.177499   

730000
-8   -6   -4   -3   -2   -1   2   3   4   5   6   7   8   9   10   11   12   13   14   15   16   17   18   
0.342728   0.426524   0.796158   0.918031   1.03409   1.13618   1.40622   1.49351   1.57246   1.64905   1.72679   1.79619   1.86556   1.92927   1.99051   2.04785   2.0974   2.13901   2.16147   2.11802   2.05787   2.01815   1.98225   
0.075749   0.05214   0.0131566   0.0120009   0.0116022   0.0120414   0.0149459   0.016236   0.018013   0.0199808   0.0219591   0.0245241   0.027175   0.0302938   0.0338032   0.0374545   0.0422512   0.047959   0.0557199   0.070857   0.0891794   0.106094   0.123207   
-0.136731   -0.158891   -0.253409   -0.255525   -0.256547   -0.255144   -0.244894   -0.24145   -0.236689   -0.231974   -0.227843   -0.22297   -0.218564   -0.213872   -0.209603   -0.205313   -0.200857   -0.196405   -0.19129   -0.18369   -0.178228   -0.176371   -0.177499   

735000
-10   -4   -3   -2   -1   0   1   2   3   4   5   6   7   8   9   10   11   12   13   14   15   16   17   18   
0.290125   0.79641   0.918204   1.03424   1.13615   1.22515   1.31495   1.40674   1.49413   1.57329   1.64928   1.7274   1.79709   1.86608   1.93013   1.9908   2.04857   2.09838   2.13992   2.16237   2.11717   2.05769   2.01833   1.98284   
0.0951577   0.0131206   0.0119797   0.0115828   0.0120369   0.0131646   0.0138622   0.0149158   0.0161992   0.0179627   0.019962   0.0219178   0.0244628   0.0271375   0.0302341   0.0337816   0.037404   0.0421765   0.0478853   0.0556385   0.0709569   0.0892083   0.106079   0.123129   
-0.125733   -0.253457   -0.255555   -0.256579   -0.255138   -0.251329   -0.247956   -0.24498   -0.241552   -0.236821   -0.232015   -0.227937   -0.2231   -0.218642   -0.213989   -0.209649   -0.20541   -0.200971   -0.196503   -0.191374   -0.183668   -0.178241   -0.176389   -0.177501   

740000
-8   -6   -4   -3   -2   -1   0   1   2   3   4   5   6   7   8   9   10   11   12   13   14   15   17   18   
0.365335   0.42996   0.796683   0.918369   1.03437   1.13609   1.22551   1.31548   1.40724   1.49474   1.5741   1.64949   1.72798   1.79799   1.86658   1.93098   1.99107   2.04928   2.09933   2.1408   2.16349   2.11629   2.01846   1.98333   
0.0738091   0.0558516   0.0130852   0.01196   0.0115645   0.0120345   0.0131451   0.0138341   0.0148865   0.0161632   0.0179134   0.0199453   0.0218779   0.0244022   0.0271015   0.0301746   0.0337612   0.0373548   0.0421043   0.047814   0.0555386   0.0710596   0.106071   0.123067   
-0.136026   -0.152496   -0.253508   -0.255581   -0.256608   -0.255126   -0.251393   -0.248043   -0.245064   -0.241652   -0.23695   -0.232052   -0.228027   -0.22323   -0.218717   -0.214105   -0.209692   -0.205505   -0.201082   -0.196598   -0.191471   -0.183644   -0.176406   -0.177506   

745000
-10   -4   -3   -2   -1   0   1   2   3   4   6   7   8   9   10   11   13   14   15   16   17   18   
0.289584   0.796976   0.918511   1.03449   1.13599   1.22585   1.31602   1.40773   1.49533   1.5749   1.72855   1.79887   1.86705   1.93182   1.99132   2.04996   2.14166   2.16453   2.11538   2.05826   2.01855   1.98373   
0.0950175   0.013051   0.0119409   0.0115473   0.0120339   0.0131263   0.0138054   0.014858   0.016128   0.017865   0.0218391   0.0243422   0.027067   0.0301153   0.0337417   0.0373069   0.0477461   0.0554434   0.071169   0.0891544   0.106068   0.123023   
-0.125759   -0.253562   -0.255604   -0.256633   -0.255107   -0.251455   -0.248136   -0.245145   -0.24175   -0.237077   -0.228115   -0.223358   -0.218789   -0.214221   -0.20973   -0.205598   -0.196692   -0.191561   -0.18362   -0.178285   -0.176423   -0.177515   

750000
-10   -7   -6   -4   -3   -2   -1   0   1   2   3   4   5   6   7   8   9   10   11   12   13   14   15   16   18   
0.26024   0.386791   0.429325   0.797294   0.91864   1.03459   1.13587   1.22617   1.31653   1.40821   1.49592   1.57569   1.65016   1.7291   1.79976   1.8675   1.93267   1.99156   2.05063   2.10119   2.14249   2.1655   2.11441   2.05906   1.98405   
0.095538   0.0662727   0.0554756   0.0130191   0.0119235   0.0115311   0.0120353   0.0131084   0.0137781   0.0148303   0.0160937   0.0178174   0.0198969   0.0218016   0.0242828   0.0270341   0.0300562   0.0337226   0.0372603   0.0419626   0.0476803   0.0553562   0.0712815   0.0890608   0.122985   
-0.124777   -0.143263   -0.152979   -0.25362   -0.255622   -0.256655   -0.255082   -0.251513   -0.248223   -0.245224   -0.241846   -0.237203   -0.232163   -0.2282   -0.223485   -0.218858   -0.214337   -0.209765   -0.205688   -0.201299   -0.196783   -0.191648   -0.183591   -0.178318   -0.177524   

755000
-10   -5   -4   -3   -2   -1   0   1   2   3   4   5   6   7   8   9   10   11   12   13   14   15   16   17   18   
0.259818   0.668912   0.797643   0.918754   1.03468   1.1357   1.22647   1.31701   1.40867   1.49648   1.57647   1.65112   1.72963   1.80063   1.86793   1.93351   1.99179   2.05127   2.1021   2.14328   2.1664   2.11342   2.05981   2.01986   1.98428   
0.0954413   0.0157182   0.0129914   0.0119085   0.011516   0.0120388   0.0130914   0.0137521   0.0148035   0.0160601   0.0177707   0.0198376   0.0217656   0.0242239   0.0270029   0.029997   0.0337028   0.0372155   0.0418939   0.0476167   0.055276   0.0713996   0.0889732   0.105904   0.122965   
-0.124812   -0.24957   -0.253681   -0.255637   -0.256674   -0.255048   -0.251568   -0.248305   -0.2453   -0.241939   -0.237326   -0.23231   -0.228282   -0.223611   -0.218923   -0.214451   -0.2098   -0.205777   -0.201406   -0.196871   -0.19173   -0.183563   -0.178349   -0.176453   -0.177536   

760000
-10   -7   -5   -4   -3   -2   -1   0   1   2   3   4   5   6   7   8   9   10   11   12   13   14   15   16   17   18   
0.259383   0.38727   0.669029   0.798026   0.918852   1.03474   1.1355   1.22676   1.31748   1.40912   1.49704   1.57723   1.65206   1.73013   1.80149   1.86832   1.93436   1.99202   2.05189   2.10299   2.14405   2.16722   2.11241   2.0605   2.02119   1.98442   
0.0953451   0.066398   0.0156994   0.0129709   0.0118965   0.0115022   0.0120446   0.0130751   0.0137273   0.0147773   0.0160273   0.017725   0.0197792   0.0217306   0.0241655   0.0269738   0.0299381   0.0336834   0.0371708   0.0418268   0.0475552   0.0552014   0.07152   0.0888967   0.105739   0.122941   
-0.124852   -0.143023   -0.249598   -0.253747   -0.255647   -0.256689   -0.255007   -0.25162   -0.248382   -0.245374   -0.242031   -0.237448   -0.232454   -0.22836   -0.223735   -0.218983   -0.214565   -0.209832   -0.205861   -0.20151   -0.196956   -0.191806   -0.183534   -0.17838   -0.17647   -0.177547   

765000
-8   -4   -3   -2   -1   0   1   2   3   4   5   6   7   8   9   10   11   12   13   14   16   17   18   
0.338251   0.798293   0.91893   1.0348   1.13525   1.22703   1.31791   1.40955   1.49758   1.57798   1.65298   1.73062   1.80236   1.8687   1.9352   1.99224   2.0525   2.10386   2.14478   2.16798   2.06112   2.02237   1.98452   
0.0747385   0.0129609   0.011888   0.0114893   0.0120531   0.0130596   0.0137039   0.0147519   0.0159953   0.01768   0.0197219   0.0216971   0.0241078   0.0269461   0.0298794   0.0336633   0.0371287   0.0417602   0.0474983   0.0551377   0.0888246   0.105591   0.12295   
-0.137552   -0.253785   -0.255651   -0.256701   -0.254957   -0.25167   -0.248454   -0.245446   -0.24212   -0.237567   -0.232595   -0.228436   -0.223859   -0.21904   -0.214679   -0.209861   -0.205944   -0.201612   -0.197039   -0.191879   -0.178408   -0.176486   -0.177564   

770000
-10   -4   -3   -2   0   1   2   3   4   5   6   7   8   9   10   11   12   13   14   15   16   17   18   
0.258448   0.798471   0.918984   1.03484   1.2273   1.31837   1.40997   1.49811   1.57872   1.6539   1.73109   1.80321   1.86904   1.93603   1.99279   2.05309   2.10472   2.14548   2.16864   2.11069   2.06169   2.02345   1.98456   
0.0951386   0.0129614   0.0118836   0.0114771   0.0130446   0.0136796   0.0147272   0.015964   0.0176358   0.0196655   0.021665   0.0240506   0.0269201   0.0298206   0.0336218   0.0370878   0.0416956   0.0474433   0.0550807   0.0717241   0.0887582   0.105455   0.122959   
-0.124945   -0.2538   -0.255648   -0.25671   -0.251717   -0.248532   -0.245515   -0.242207   -0.237685   -0.232735   -0.22851   -0.223982   -0.219093   -0.214791   -0.209934   -0.206025   -0.201713   -0.197118   -0.191946   -0.183488   -0.178435   -0.176503   -0.177581   

775000
-4   -3   -2   -1   0   1   2   3   4   5   6   7   8   9   10   11   12   13   14   15   16   17   18   
0.798617   0.919012   1.03487   1.13482   1.22755   1.3188   1.41038   1.49862   1.57944   1.65479   1.73154   1.80405   1.86936   1.93686   1.99379   2.05366   2.10555   2.14615   2.16923   2.11023   2.06222   2.02444   1.98457   
0.0129737   0.0118838   0.0114655   0.0120691   0.0130303   0.0136566   0.0147031   0.0159335   0.0175926   0.0196101   0.021634   0.0239939   0.0268957   0.0297622   0.0335534   0.0370485   0.041632   0.0473909   0.0550337   0.0717809   0.0886992   0.105331   0.122971   
-0.253805   -0.255638   -0.256719   -0.254862   -0.251763   -0.248604   -0.245583   -0.242292   -0.2378   -0.232872   -0.228579   -0.224103   -0.219142   -0.214902   -0.210065   -0.206104   -0.201812   -0.197195   -0.192008   -0.183482   -0.178462   -0.17652   -0.177598   

780000
-9   -8   -5   -4   -3   -2   -1   0   1   2   3   4   5   6   7   8   9   10   11   12   13   14   15   16   17   18   
0.303329   0.336021   0.66954   0.798731   0.91901   1.03488   1.1347   1.22779   1.31921   1.4108   1.49912   1.58014   1.65568   1.73196   1.80489   1.86966   1.93769   1.99478   2.05421   2.10636   2.14679   2.16972   2.10973   2.06269   2.02536   1.98477   
0.0860842   0.0742023   0.0156264   0.0129973   0.0118894   0.0114548   0.0120734   0.0130165   0.0136349   0.0146788   0.0159037   0.0175504   0.0195557   0.0216045   0.023938   0.0268725   0.0297039   0.0334845   0.0370104   0.0415708   0.0473411   0.0549922   0.0718396   0.0886511   0.105215   0.122951   
-0.129978   -0.138055   -0.249721   -0.253802   -0.25562   -0.256724   -0.254829   -0.251806   -0.248671   -0.245653   -0.242375   -0.237913   -0.233007   -0.228645   -0.224223   -0.219187   -0.215012   -0.210194   -0.206179   -0.201908   -0.197269   -0.192062   -0.183473   -0.178487   -0.176536   -0.177609   

785000
-6   -5   -4   -3   -2   -1   0   1   2   3   4   5   6   7   8   9   10   11   12   13   14   15   16   17   18   
0.42681   0.669676   0.798812   0.918978   1.03489   1.13474   1.22801   1.31958   1.41121   1.49961   1.58083   1.65654   1.73236   1.80571   1.86993   1.93851   1.99577   2.05473   2.10715   2.14741   2.17011   2.10921   2.06307   2.02621   1.98622   
0.0538872   0.0156089   0.0130305   0.0119006   0.0114452   0.0120664   0.0130033   0.0136146   0.0146546   0.0158746   0.0175094   0.0195022   0.0215767   0.0238828   0.0268511   0.0296453   0.0334159   0.0369735   0.0415121   0.0472948   0.0549622   0.0719085   0.0886063   0.105109   0.122747   
-0.155073   -0.249754   -0.25379   -0.255595   -0.256727   -0.254841   -0.251847   -0.248732   -0.245725   -0.242456   -0.238022   -0.233141   -0.228708   -0.224341   -0.219228   -0.215123   -0.210322   -0.206252   -0.202002   -0.197341   -0.192111   -0.183465   -0.17851   -0.176552   -0.177587   

790000
-9   -8   -6   -5   -4   -3   -2   -1   0   1   2   3   4   5   6   7   8   9   10   11   12   13   14   15   16   17   18   
0.303096   0.334564   0.500405   0.669812   0.798862   0.918917   1.035   1.13482   1.22823   1.31997   1.41162   1.50009   1.58148   1.6574   1.73273   1.80652   1.87019   1.93935   1.99675   2.05523   2.10791   2.14798   2.17041   2.10867   2.06341   2.02697   1.98748   
0.0860273   0.0738291   0.0254595   0.0155917   0.0130717   0.0119178   0.0114308   0.0120563   0.0129906   0.0135937   0.014631   0.0158463   0.0174698   0.0194496   0.0215508   0.0238286   0.0268309   0.0295861   0.0333472   0.0369393   0.0414538   0.0472497   0.0549416   0.0719723   0.0885732   0.105015   0.122578   
-0.129956   -0.138392   -0.227642   -0.249787   -0.253772   -0.255562   -0.256749   -0.254866   -0.251887   -0.248797   -0.245794   -0.242535   -0.238128   -0.233272   -0.228765   -0.224457   -0.219266   -0.215235   -0.210449   -0.206323   -0.202092   -0.19741   -0.192153   -0.183455   -0.178532   -0.176568   -0.177572   

795000
-10   -9   -5   -4   -3   -2   -1   0   1   2   3   4   5   6   7   8   9   10   11   12   13   14   15   16   17   18   
0.285733   0.302943   0.669954   0.798886   0.918826   1.03519   1.13489   1.22846   1.32035   1.41201   1.50055   1.58213   1.65824   1.73307   1.80731   1.87042   1.94018   1.99773   2.05571   2.10865   2.14853   2.17061   2.10811   2.0637   2.02767   1.98858   
0.0940743   0.0859905   0.0155748   0.0131195   0.0119408   0.0114131   0.0120473   0.0129774   0.0135738   0.014608   0.0158189   0.0174314   0.0193979   0.0215265   0.0237758   0.0268118   0.0295274   0.0332787   0.036906   0.0413977   0.0472079   0.0549315   0.0720395   0.0885401   0.104931   0.122428   
-0.126062   -0.129952   -0.249822   -0.253748   -0.255521   -0.256785   -0.254888   -0.251929   -0.248859   -0.245861   -0.242611   -0.238231   -0.233401   -0.228819   -0.224571   -0.2193   -0.215347   -0.210573   -0.20639   -0.202181   -0.197476   -0.192189   -0.183443   -0.178552   -0.176585   -0.177561   

800000
-5   -4   -3   -2   -1   0   1   2   3   4   5   6   7   8   9   10   11   12   13   14   15   16   17   18   
0.670096   0.798887   0.91871   1.03537   1.13493   1.22871   1.32066   1.41238   1.501   1.58276   1.65908   1.73339   1.80807   1.87063   1.941   1.9987   2.05617   2.10937   2.14905   2.17066   2.1075   2.06394   2.02831   1.98958   
0.0155584   0.0131731   0.0119695   0.0113966   0.0120394   0.0129625   0.0135566   0.0145861   0.0157925   0.0173937   0.019347   0.0215038   0.0237246   0.0267935   0.0294697   0.0332103   0.036874   0.041344   0.0471685   0.0549347   0.0721135   0.0885157   0.104855   0.122295   
-0.249857   -0.253718   -0.255475   -0.256817   -0.254905   -0.251978   -0.248907   -0.245925   -0.242684   -0.238332   -0.233529   -0.228869   -0.224681   -0.219332   -0.215457   -0.210697   -0.206454   -0.202267   -0.19754   -0.192215   -0.18343   -0.178571   -0.176601   -0.177552   

805000
-7   -4   -3   -2   -1   0   1   2   3   4   5   6   7   8   9   11   12   13   14   15   16   17   18   
0.385294   0.798863   0.918571   1.03553   1.13496   1.22896   1.32095   1.41274   1.50143   1.58337   1.6599   1.73368   1.80881   1.87106   1.94181   2.05661   2.11006   2.14955   2.17061   2.10685   2.06415   2.02888   1.99047   
0.0658203   0.013232   0.0120036   0.0113812   0.0120326   0.0129481   0.0135412   0.0145649   0.0157667   0.0173568   0.0192969   0.0214829   0.0236752   0.0267619   0.0294127   0.0368439   0.0412922   0.0471321   0.054948   0.0721926   0.0884971   0.104785   0.122178   
-0.143307   -0.253683   -0.255423   -0.256846   -0.254919   -0.252026   -0.248946   -0.245987   -0.242755   -0.238431   -0.233655   -0.228914   -0.224788   -0.219391   -0.215566   -0.206517   -0.202352   -0.197601   -0.192233   -0.183415   -0.17859   -0.176616   -0.177546   

810000
-7   -4   -3   -1   0   1   2   3   4   5   6   7   8   9   10   11   12   13   14   15   16   17   18   
0.384903   0.798812   0.918413   1.13497   1.22919   1.32001   1.41309   1.50186   1.58397   1.66071   1.73394   1.80954   1.87201   1.9426   2.00061   2.05703   2.11073   2.15002   2.17046   2.10619   2.06429   2.02939   1.99125   
0.0657068   0.0132964   0.0120428   0.012027   0.0129343   0.013585   0.0145443   0.015741   0.0173206   0.0192476   0.0214636   0.0236267   0.0266979   0.0293571   0.0330744   0.0368146   0.0412415   0.0470979   0.0549713   0.0722707   0.0884859   0.104724   0.122068   
-0.143388   -0.253642   -0.255368   -0.254929   -0.252072   -0.248665   -0.246047   -0.242828   -0.238528   -0.233779   -0.228956   -0.224892   -0.219521   -0.215672   -0.21094   -0.206576   -0.202434   -0.197661   -0.192244   -0.183398   -0.178606   -0.176632   -0.177542   

815000
-9   -7   -6   -4   -3   -2   -1   0   1   2   3   4   5   6   7   8   9   10   11   12   13   14   16   17   18   
0.302167   0.384499   0.424549   0.798698   0.918501   1.03579   1.13495   1.22941   1.31905   1.41343   1.50228   1.58456   1.6615   1.73417   1.81025   1.87295   1.94337   2.00157   2.05742   2.11139   2.15045   2.17023   2.06438   2.02984   1.99193   
0.0858087   0.0655915   0.0522107   0.01323   0.0120049   0.0113543   0.0120225   0.0129209   0.0136288   0.0145243   0.015716   0.0172853   0.019199   0.021446   0.0235792   0.0266342   0.0293027   0.0330063   0.0367865   0.0411938   0.0470655   0.0550033   0.0884806   0.10467   0.121986   
-0.129977   -0.143479   -0.157386   -0.253625   -0.255399   -0.25689   -0.254935   -0.252116   -0.248389   -0.246105   -0.242898   -0.238624   -0.233901   -0.228992   -0.224995   -0.21965   -0.215775   -0.211061   -0.206632   -0.202514   -0.197717   -0.19225   -0.178622   -0.176647   -0.177542   

820000
-2   -1   0   1   2   3   4   5   7   8   9   10   11   12   13   14   15   16   17   18   
1.03589   1.13492   1.22963   1.31919   1.41375   1.50269   1.58514   1.66229   1.81094   1.87389   1.94412   2.00252   2.0578   2.11201   2.15086   2.16995   2.10537   2.06445   2.03022   1.99252   
0.0113429   0.0120194   0.012908   0.0136198   0.0145049   0.0156917   0.0172507   0.0191513   0.0235327   0.026571   0.02925   0.0329385   0.0367599   0.0411467   0.047037   0.0550405   0.0723718   0.0884775   0.104624   0.121908   
-0.256906   -0.254937   -0.252159   -0.248398   -0.246161   -0.242966   -0.238717   -0.234022   -0.225096   -0.219777   -0.215875   -0.211181   -0.206686   -0.202591   -0.19777   -0.192252   -0.183387   -0.178637   -0.176662   -0.177542   

825000
-3   -2   -1   0   1   2   3   4   5   6   7   8   9   10   11   12   13   14   15   16   17   18   
0.918764   1.03597   1.13487   1.22983   1.31936   1.41407   1.50308   1.58571   1.66306   1.7346   1.81162   1.87482   1.94484   2.00346   2.05816   2.11261   2.15124   2.16964   2.10524   2.0645   2.03054   1.99304   
0.0119261   0.0113332   0.0120173   0.0128959   0.0136095   0.0144861   0.0156679   0.0172169   0.0191043   0.0214126   0.0234874   0.0265083   0.0291979   0.0328712   0.0367338   0.041102   0.047009   0.0550787   0.0723911   0.0884784   0.104592   0.121849   
-0.255482   -0.256916   -0.254936   -0.252198   -0.248414   -0.246215   -0.243033   -0.238808   -0.234141   -0.229062   -0.225194   -0.219903   -0.215973   -0.211299   -0.206736   -0.202666   -0.197821   -0.192252   -0.183393   -0.178652   -0.176677   -0.177546   

830000
-4   -3   -2   0   1   2   3   4   5   7   8   9   10   11   12   13   14   15   17   18   
0.798743   0.919005   1.03603   1.23002   1.31959   1.41438   1.50346   1.58626   1.66383   1.81228   1.87574   1.94557   2.00439   2.0585   2.11319   2.15161   2.17007   2.1051   2.03081   1.99348   
0.0130006   0.0118858   0.0113253   0.0128844   0.0135966   0.0144679   0.0156449   0.0171838   0.0190581   0.0234432   0.026446   0.0291471   0.0328044   0.0367094   0.0410591   0.0469832   0.0550417   0.0724106   0.104564   0.121795   
-0.253693   -0.255542   -0.256921   -0.252236   -0.248446   -0.246268   -0.243097   -0.238898   -0.234258   -0.225289   -0.220028   -0.21607   -0.211417   -0.206785   -0.202738   -0.197871   -0.192297   -0.183399   -0.176692   -0.17755   

835000
-10   -4   -3   -2   -1   0   1   2   3   4   5   6   7   8   9   10   11   12   13   14   15   16   17   18   
0.250523   0.798787   0.919236   1.03606   1.13477   1.2302   1.31983   1.41467   1.50384   1.5868   1.66457   1.73518   1.81293   1.87665   1.94627   2.00533   2.05883   2.11375   2.15197   2.17057   2.10495   2.0647   2.03103   1.99384   
0.0935332   0.0129506   0.0118485   0.0113195   0.0120132   0.0128733   0.0135833   0.0144502   0.0156227   0.0171514   0.0190128   0.0213699   0.0234001   0.0263844   0.0290971   0.0327378   0.0366855   0.0410184   0.0469577   0.0549976   0.0724307   0.0884638   0.10454   0.12175   
-0.126124   -0.253716   -0.255599   -0.256919   -0.254933   -0.252272   -0.248481   -0.246319   -0.243159   -0.238985   -0.234373   -0.229155   -0.225383   -0.220151   -0.216165   -0.211534   -0.206831   -0.202809   -0.197919   -0.192347   -0.183404   -0.178682   -0.176706   -0.177556   

840000
-10   -4   -3   -2   -1   0   1   2   3   4   5   6   7   8   9   10   11   12   13   14   15   16   17   18   
0.249785   0.798834   0.919457   1.03606   1.13488   1.23037   1.32009   1.41496   1.5042   1.58732   1.66531   1.7361   1.81356   1.87757   1.94697   2.00625   2.05914   2.11427   2.15232   2.17097   2.1048   2.06576   2.03121   1.99413   
0.0933935   0.0129066   0.0118136   0.0113159   0.0120035   0.0128626   0.0135689   0.014433   0.015601   0.0171202   0.0189684   0.021312   0.023358   0.0263224   0.0290482   0.0326714   0.0366621   0.0409791   0.0469329   0.0549632   0.0724511   0.0883374   0.104518   0.121711   
-0.12626   -0.253738   -0.255653   -0.256911   -0.25496   -0.252307   -0.248523   -0.246368   -0.24322   -0.239069   -0.234486   -0.229292   -0.225474   -0.220277   -0.216259   -0.211649   -0.206875   -0.202876   -0.197966   -0.19239   -0.183408   -0.178718   -0.176719   -0.177563   

845000
-5   -4   -2   -1   0   1   2   3   4   5   6   7   8   9   10   11   12   13   14   15   16   17   18   
0.674538   0.798881   1.03602   1.13498   1.23053   1.32036   1.41524   1.50454   1.58783   1.66602   1.73701   1.81417   1.87849   1.94765   2.00717   2.05945   2.11477   2.15266   2.17127   2.10461   2.06675   2.03137   1.99434   
0.0150198   0.012867   0.0113148   0.0119946   0.0128523   0.0135544   0.0144163   0.01558   0.0170898   0.0189252   0.0212546   0.0233169   0.0262599   0.0289999   0.0326054   0.0366391   0.0409426   0.0469082   0.0549389   0.0724774   0.0882205   0.104511   0.12169   
-0.250643   -0.253759   -0.256895   -0.254984   -0.25234   -0.248566   -0.246416   -0.243278   -0.239152   -0.234596   -0.229426   -0.225563   -0.220403   -0.216351   -0.211764   -0.206917   -0.202941   -0.198012   -0.192426   -0.183412   -0.178753   -0.176734   -0.177572   

850000
-5   -4   -3   -2   -1   0   1   2   3   4   5   6   7   8   9   10   11   12   13   14   15   16   17   18   
0.674555   0.798928   0.919872   1.03596   1.13507   1.23069   1.32062   1.41549   1.50488   1.58833   1.66672   1.73792   1.81477   1.87941   1.94832   2.00808   2.06055   2.11525   2.15358   2.17146   2.10439   2.06766   2.03151   1.99448   
0.0150563   0.0128309   0.0117501   0.0113164   0.0119864   0.0128424   0.0135402   0.0144006   0.0155598   0.0170601   0.0188832   0.021198   0.0232769   0.026198   0.0289525   0.0325397   0.036556   0.040908   0.0468295   0.054925   0.0725059   0.088112   0.104499   0.121679   
-0.250625   -0.253779   -0.255754   -0.256871   -0.255006   -0.252372   -0.248609   -0.24646   -0.243334   -0.239232   -0.234703   -0.229559   -0.22565   -0.220529   -0.216441   -0.211878   -0.207045   -0.203003   -0.198101   -0.192455   -0.183413   -0.178787   -0.176748   -0.177583   

855000
-9   -5   -4   -3   -2   -1   0   1   2   3   4   5   6   7   8   9   10   11   12   13   14   15   16   18   
0.299862   0.674559   0.798976   0.920067   1.03586   1.13515   1.23084   1.32088   1.41574   1.50519   1.58881   1.66738   1.7388   1.81535   1.88032   1.94897   2.00899   2.06167   2.11571   2.15474   2.17154   2.10415   2.06852   1.99458   
0.0852617   0.0150901   0.0127977   0.011721   0.0113211   0.0119786   0.0128328   0.0135262   0.0143855   0.0155407   0.0170312   0.0188429   0.0211423   0.0232379   0.0261369   0.0289063   0.0324743   0.0364714   0.0408761   0.0467277   0.0549222   0.0725372   0.0880109   0.121675   
-0.130156   -0.250606   -0.253799   -0.255801   -0.256838   -0.255026   -0.252403   -0.248652   -0.246502   -0.243386   -0.239311   -0.234806   -0.22969   -0.225735   -0.220654   -0.21653   -0.21199   -0.207175   -0.203063   -0.198208   -0.192476   -0.183413   -0.178819   -0.177594   

860000
-7   -5   -3   -2   -1   0   1   2   3   4   5   6   7   8   9   10   11   12   13   14   15   16   17   18   
0.37971   0.674555   0.920254   1.03572   1.13523   1.23099   1.32114   1.41598   1.50549   1.5893   1.66803   1.73968   1.81592   1.88122   1.94962   2.00989   2.06279   2.11614   2.15587   2.17151   2.10388   2.0693   2.03255   1.99463   
0.0642636   0.0151214   0.0116933   0.0113288   0.0119714   0.0128235   0.0135122   0.0143711   0.0155224   0.017002   0.0188036   0.0210872   0.0231999   0.0260761   0.028861   0.0324092   0.0363877   0.0408444   0.0466283   0.0549308   0.0725712   0.0879226   0.104375   0.121667   
-0.144581   -0.250587   -0.255846   -0.256797   -0.255045   -0.252433   -0.248696   -0.246543   -0.243436   -0.239391   -0.234906   -0.22982   -0.225818   -0.220777   -0.216616   -0.212103   -0.207305   -0.20312   -0.198313   -0.19249   -0.183413   -0.17885   -0.176777   -0.177606   

865000
-10   -9   -3   -2   -1   0   1   2   3   4   5   6   7   8   9   10   11   12   13   14   15   16   17   18   
0.277307   0.299152   0.920433   1.03554   1.13529   1.23113   1.32139   1.4162   1.50577   1.58977   1.66866   1.74055   1.81647   1.88211   1.95024   2.01079   2.0639   2.11655   2.15697   2.17135   2.1036   2.07   2.03381   1.99467   
0.0923597   0.0850948   0.011667   0.01134   0.0119648   0.0128145   0.0134985   0.0143573   0.015505   0.0169733   0.0187651   0.021033   0.0231628   0.0260158   0.0288164   0.0323444   0.0363041   0.0408149   0.0465321   0.0549513   0.0726057   0.0878361   0.104213   0.121674   
-0.127118   -0.130227   -0.255889   -0.256746   -0.255062   -0.252461   -0.248739   -0.246581   -0.243484   -0.23947   -0.235004   -0.229948   -0.225898   -0.220899   -0.216701   -0.212214   -0.207432   -0.203175   -0.198416   -0.192495   -0.183411   -0.178878   -0.176793   -0.177619   

870000
-6   -5   -4   -3   -2   -1   0   1   2   3   4   5   6   7   8   9   10   11   12   13   14   15   16   17   
0.429051   0.674652   0.799196   0.920604   1.03533   1.13534   1.23126   1.32164   1.41641   1.50604   1.59024   1.66928   1.74141   1.81701   1.883   1.95086   2.01168   2.065   2.11694   2.15803   2.17105   2.10328   2.07067   2.03495   
0.0549306   0.0151703   0.0127057   0.011642   0.0113546   0.0119588   0.0128061   0.0134853   0.014344   0.0154884   0.0169454   0.0187276   0.0209793   0.0231267   0.025956   0.0287733   0.0322799   0.036221   0.0407877   0.0464381   0.0549858   0.0726479   0.0877601   0.104063   
-0.153107   -0.250573   -0.253868   -0.25593   -0.256686   -0.255077   -0.252488   -0.248781   -0.246617   -0.243528   -0.239546   -0.2351   -0.230074   -0.225977   -0.22102   -0.216784   -0.212324   -0.207558   -0.203228   -0.198516   -0.192489   -0.183408   -0.178907   -0.176808   

875000
-10   -6   -5   -4   -3   -2   -1   0   1   3   4   5   6   7   8   9   11   12   13   14   15   16   17   18   
0.245229   0.429173   0.674731   0.799353   0.920767   1.03507   1.13538   1.23139   1.32187   1.50629   1.59069   1.66989   1.74226   1.81753   1.88388   1.95145   2.06608   2.11731   2.15908   2.1706   2.10293   2.07128   2.03602   1.99557   
0.092522   0.0550242   0.0151895   0.0126732   0.0116181   0.0113731   0.0119535   0.0127979   0.0134724   0.0154726   0.0169182   0.0186908   0.0209265   0.0230916   0.0258968   0.0287311   0.0361377   0.0407607   0.0463473   0.0550345   0.0726883   0.0876848   0.103933   0.121562   
-0.127164   -0.152929   -0.250573   -0.253906   -0.255969   -0.256617   -0.25509   -0.252514   -0.248822   -0.24357   -0.239621   -0.235194   -0.230199   -0.226053   -0.22114   -0.216865   -0.207682   -0.203278   -0.198615   -0.192474   -0.183403   -0.178932   -0.176825   -0.177624   

880000
-6   -5   -4   -3   -2   -1   1   3   4   5   6   7   8   9   10   11   12   13   14   16   17   18   
0.429182   0.674806   0.799508   0.920921   1.03491   1.1354   1.32213   1.50653   1.59113   1.67048   1.74309   1.81804   1.88476   1.95204   2.01345   2.06717   2.11767   2.1601   2.17003   2.07186   2.037   1.99675   
0.0550318   0.0152072   0.0126419   0.0115953   0.0113821   0.0119492   0.013459   0.0154577   0.0168918   0.018655   0.0208743   0.0230573   0.025838   0.02869   0.0321521   0.0360563   0.040736   0.0462599   0.055095   0.0876224   0.103809   0.121411   
-0.152885   -0.250574   -0.253943   -0.256006   -0.256575   -0.255099   -0.248866   -0.243609   -0.239694   -0.235285   -0.230323   -0.226127   -0.221259   -0.216944   -0.212543   -0.207806   -0.203326   -0.198712   -0.19245   -0.178959   -0.17684   -0.177612   

885000
-8   -5   -4   -3   -2   -1   1   3   4   5   6   7   8   9   11   12   13   14   15   16   17   18   
0.342672   0.674877   0.799661   0.921069   1.035   1.13542   1.32237   1.50675   1.59155   1.67106   1.74392   1.81854   1.88562   1.9526   2.06823   2.118   2.16108   2.16936   2.10278   2.07239   2.03792   1.99778   
0.0755078   0.0152232   0.0126118   0.0115734   0.0113644   0.0119455   0.0134459   0.0154433   0.0168661   0.01862   0.0208228   0.0230241   0.0257798   0.0286498   0.0359748   0.0407115   0.0461751   0.0551653   0.0727143   0.0875624   0.103693   0.121262   
-0.136306   -0.250574   -0.253979   -0.256041   -0.256608   -0.255107   -0.24891   -0.243647   -0.239765   -0.235375   -0.230445   -0.226199   -0.221377   -0.217021   -0.207928   -0.203372   -0.198807   -0.192419   -0.183417   -0.178984   -0.176855   -0.1776   

890000
-5   -4   -3   -2   -1   0   1   2   3   4   5   6   7   8   9   10   11   12   13   14   15   16   17   18   
0.672803   0.799812   0.92121   1.03525   1.13542   1.23216   1.32261   1.41762   1.50697   1.59197   1.67162   1.74474   1.81902   1.88648   1.95316   2.0152   2.06929   2.11832   2.16203   2.16863   2.10303   2.07288   2.03877   1.99873   
0.0150054   0.0125827   0.0115525   0.0113399   0.0119425   0.0127561   0.0134332   0.0142743   0.0154294   0.016841   0.0185861   0.0207719   0.0229919   0.0257217   0.0286112   0.0320258   0.0358935   0.0406882   0.0460929   0.0552418   0.0726895   0.0875078   0.10359   0.121137   
-0.250069   -0.254014   -0.256074   -0.25667   -0.255112   -0.25266   -0.248952   -0.246821   -0.243684   -0.239834   -0.235461   -0.230566   -0.226269   -0.221494   -0.217096   -0.212759   -0.208049   -0.203416   -0.198898   -0.192385   -0.183438   -0.179007   -0.176871   -0.177591   

895000
-5   -4   -3   -2   -1   0   1   2   3   4   5   6   8   9   10   11   12   13   14   15   16   17   18   
0.672765   0.79996   0.921344   1.03551   1.13541   1.23248   1.32284   1.41817   1.50717   1.59237   1.67216   1.74556   1.88734   1.95369   2.01606   2.07034   2.11864   2.16295   2.16803   2.10326   2.07333   2.03955   1.99956   
0.0149232   0.0125546   0.0115323   0.0113161   0.0119401   0.0127394   0.0134209   0.0142454   0.0154163   0.0168169   0.018553   0.0207216   0.0256645   0.0285734   0.0319632   0.0358136   0.0406646   0.0460145   0.0553052   0.0726663   0.0874574   0.103492   0.121028   
-0.250083   -0.254049   -0.256106   -0.25673   -0.255116   -0.252719   -0.248993   -0.246912   -0.243719   -0.239902   -0.235546   -0.230686   -0.22161   -0.217169   -0.212867   -0.208168   -0.203459   -0.198988   -0.192358   -0.183458   -0.17903   -0.176885   -0.177586   

900000
-9   -8   -5   -4   -3   -2   -1   0   1   2   3   4   5   6   8   9   10   11   12   13   14   15   16   17   18   
0.296423   0.343048   0.672776   0.800107   0.921471   1.03574   1.13539   1.2328   1.32307   1.41871   1.50741   1.59275   1.6727   1.74636   1.88818   1.9542   2.01691   2.07137   2.11986   2.16384   2.1679   2.10346   2.07372   2.04026   2.0003   
0.0844435   0.0756126   0.0148646   0.0125273   0.011513   0.0112936   0.0119382   0.0127232   0.0134089   0.0142171   0.015401   0.0167937   0.01852   0.0206719   0.0256077   0.0285373   0.0319016   0.0357339   0.040565   0.0459384   0.0553213   0.0726454   0.0874127   0.1034   0.120926   
-0.130605   -0.136101   -0.2501   -0.254083   -0.256136   -0.256787   -0.255118   -0.252777   -0.249033   -0.247002   -0.24376   -0.239966   -0.235631   -0.230805   -0.221725   -0.217239   -0.212972   -0.208286   -0.203584   -0.199075   -0.192361   -0.183476   -0.179051   -0.176899   -0.177581   

905000
-5   -4   -3   -2   -1   0   2   3   4   5   6   7   8   9   10   11   12   13   14   15   16   17   18   
0.672807   0.800252   0.921592   1.03596   1.13537   1.2331   1.41925   1.50807   1.59312   1.67325   1.74715   1.82037   1.88902   1.95469   2.01775   2.0724   2.12104   2.1647   2.16767   2.10363   2.07407   2.04091   2.00096   
0.0148159   0.0125007   0.0114944   0.0112725   0.0119368   0.0127073   0.014189   0.0153659   0.0167714   0.0184865   0.0206227   0.0229007   0.0255511   0.0285027   0.0318412   0.0356553   0.0404672   0.0458657   0.055348   0.0726306   0.0873727   0.103318   0.120842   
-0.25012   -0.254116   -0.256165   -0.256839   -0.255118   -0.252833   -0.247092   -0.243866   -0.240027   -0.235718   -0.230923   -0.226468   -0.221839   -0.217307   -0.213076   -0.208403   -0.203706   -0.19916   -0.192357   -0.183493   -0.179071   -0.176913   -0.177579   

910000
-9   -5   -4   -3   -2   0   1   2   3   4   5   6   7   8   10   11   12   13   14   15   16   17   18   
0.295573   0.672848   0.800395   0.921706   1.03616   1.23339   1.32351   1.41979   1.50871   1.59347   1.67379   1.74794   1.8208   1.88986   2.01856   2.07341   2.12221   2.16553   2.16732   2.10377   2.07439   2.04151   2.00154   
0.08423   0.014773   0.0124748   0.0114765   0.0112526   0.012692   0.0133858   0.0141609   0.0153315   0.0167501   0.0184538   0.0205742   0.022871   0.025495   0.0317824   0.0355774   0.0403719   0.0457952   0.0553847   0.0726164   0.0873422   0.103244   0.120762   
-0.130748   -0.25014   -0.254148   -0.256192   -0.256888   -0.252887   -0.249111   -0.247183   -0.24397   -0.240086   -0.235803   -0.231039   -0.226534   -0.221952   -0.213176   -0.208518   -0.203826   -0.199242   -0.192346   -0.183509   -0.17909   -0.176927   -0.177578   

915000
-5   -4   -3   -2   -1   0   1   2   3   4   5   6   7   8   9   10   11   12   13   14   15   16   17   18   
0.672897   0.800537   0.921813   1.03635   1.13539   1.23368   1.32373   1.42031   1.50934   1.5938   1.67431   1.74871   1.82122   1.89069   1.95562   2.01934   2.07441   2.12335   2.16633   2.16688   2.1039   2.07468   2.04203   2.00205   
0.0147343   0.0124494   0.0114593   0.0112339   0.0119302   0.012677   0.0133743   0.0141335   0.0152977   0.0167295   0.0184219   0.0205263   0.0228427   0.0254396   0.0284367   0.0317256   0.0355004   0.0402796   0.045728   0.0554319   0.0726052   0.0873113   0.103182   0.120696   
-0.25016   -0.25418   -0.256218   -0.256934   -0.255132   -0.25294   -0.24915   -0.247272   -0.244073   -0.240143   -0.235887   -0.231154   -0.226598   -0.222065   -0.217435   -0.213273   -0.208633   -0.203945   -0.199322   -0.192327   -0.183524   -0.179109   -0.176941   -0.177578   

920000
-8   -5   -4   -3   -2   -1   0   1   2   3   4   5   6   7   8   9   11   12   13   14   15   16   17   18   
0.364385   0.672949   0.800676   0.921914   1.03652   1.13552   1.23396   1.32394   1.42082   1.50996   1.59412   1.67483   1.74948   1.82163   1.89151   1.95608   2.0754   2.12446   2.1671   2.16633   2.10401   2.07493   2.04248   2.00249   
0.0732719   0.0146986   0.0124247   0.0114426   0.0112164   0.0119215   0.0126624   0.0133633   0.0141067   0.0152645   0.0167099   0.0183906   0.0204789   0.0228154   0.0253844   0.0284048   0.0354241   0.040189   0.0456627   0.0554888   0.0725963   0.0872829   0.103131   0.120641   
-0.135734   -0.25018   -0.254211   -0.256242   -0.256975   -0.255158   -0.252991   -0.249189   -0.247359   -0.244174   -0.240197   -0.235969   -0.231267   -0.226659   -0.222176   -0.217499   -0.208745   -0.20406   -0.1994   -0.192301   -0.183537   -0.179125   -0.176955   -0.177581   

925000
-5   -4   -3   -2   -1   0   1   2   3   4   5   6   7   8   9   11   12   13   14   15   16   17   18   
0.673004   0.800814   0.922009   1.03667   1.13564   1.23423   1.32414   1.42132   1.51057   1.59442   1.67533   1.75024   1.82201   1.89232   1.95651   2.07639   2.12553   2.16785   2.16566   2.10409   2.07516   2.04286   2.00286   
0.0146655   0.0124005   0.0114266   0.0112   0.0119133   0.0126483   0.0133526   0.0140807   0.0152319   0.0166913   0.0183601   0.0204321   0.0227893   0.0253299   0.0283745   0.0353489   0.0401005   0.0456001   0.0555565   0.0725893   0.0872598   0.103081   0.120594   
-0.250201   -0.254242   -0.256265   -0.257014   -0.255182   -0.253041   -0.249225   -0.247444   -0.244273   -0.240248   -0.236049   -0.23138   -0.226717   -0.222286   -0.21756   -0.208857   -0.204172   -0.199476   -0.192267   -0.18355   -0.179142   -0.176967   -0.177584   

930000
-5   -4   -3   -2   -1   0   1   2   3   4   5   6   7   8   9   10   11   12   13   14   15   16   17   18   
0.673061   0.800951   0.922097   1.03681   1.13575   1.23449   1.32434   1.4218   1.51116   1.5947   1.67581   1.75099   1.82237   1.89313   1.95692   2.0216   2.07735   2.12658   2.16857   2.16486   2.10414   2.07537   2.0432   2.00314   
0.0146342   0.0123766   0.0114113   0.0111846   0.0119055   0.0126346   0.0133423   0.0140553   0.0151999   0.0166735   0.0183303   0.0203859   0.0227644   0.0252758   0.0283449   0.0315603   0.0352747   0.0400152   0.0455405   0.0556377   0.0725872   0.0872385   0.103042   0.120563   
-0.250221   -0.254272   -0.256287   -0.257049   -0.255205   -0.253089   -0.249261   -0.247527   -0.24437   -0.240297   -0.236127   -0.231492   -0.226772   -0.222395   -0.217618   -0.213554   -0.208968   -0.204281   -0.199549   -0.192223   -0.183562   -0.179158   -0.17698   -0.17759   

935000
-6   -4   -3   -2   -1   0   1   2   3   4   5   6   7   8   9   10   11   12   13   14   15   16   17   18   
0.427558   0.801087   0.922178   1.03693   1.13585   1.23474   1.32453   1.42228   1.51175   1.59497   1.67629   1.75174   1.82272   1.89393   1.95731   2.02233   2.07831   2.12759   2.16925   2.16395   2.10415   2.07557   2.04349   2.00334   
0.054016   0.0123532   0.0113966   0.0111704   0.0118981   0.0126213   0.0133324   0.0140305   0.0151685   0.0166568   0.0183012   0.0203402   0.0227405   0.0252222   0.0283171   0.0315069   0.0352013   0.0399334   0.0454825   0.0557303   0.0725892   0.0872224   0.103011   0.120538   
-0.154039   -0.254302   -0.256307   -0.257081   -0.255227   -0.253136   -0.249295   -0.247608   -0.244465   -0.240343   -0.236203   -0.231602   -0.226825   -0.222504   -0.217673   -0.213645   -0.209077   -0.204388   -0.199619   -0.192172   -0.183571   -0.179175   -0.176992   -0.177597   

940000
-5   -4   -3   -2   -1   0   2   3   4   5   6   7   8   9   10   11   12   13   14   15   16   17   18   
0.673181   0.801222   0.922254   1.03704   1.13595   1.23499   1.42274   1.51233   1.59522   1.67676   1.75247   1.82305   1.89472   1.95768   2.02305   2.07925   2.12858   2.16991   2.16293   2.10414   2.07575   2.04372   2.00348   
0.014576   0.0123301   0.0113825   0.0111571   0.0118912   0.0126083   0.0140061   0.0151377   0.016641   0.0182728   0.020295   0.022718   0.0251691   0.0282906   0.0314544   0.0351294   0.0398545   0.0454286   0.0558326   0.0725957   0.0872032   0.102979   0.120525   
-0.250262   -0.254331   -0.256325   -0.25711   -0.255247   -0.253181   -0.247687   -0.244559   -0.240385   -0.236278   -0.231711   -0.226875   -0.222611   -0.217725   -0.213734   -0.209184   -0.204493   -0.199688   -0.192114   -0.18358   -0.179189   -0.177003   -0.177605   

945000
-8   -6   -5   -4   -3   -2   -1   0   2   3   4   5   6   7   8   9   10   11   12   13   14   15   16   17   18   
0.341875   0.421888   0.673243   0.801357   0.922324   1.03713   1.13603   1.23523   1.4232   1.51289   1.59544   1.67722   1.7532   1.82335   1.8955   1.95802   2.02375   2.08017   2.12952   2.17054   2.16185   2.1041   2.07591   2.04393   2.00357   
0.0753393   0.0467034   0.0145486   0.0123074   0.0113689   0.0111448   0.0118847   0.0125958   0.0139822   0.0151074   0.0166262   0.018245   0.0202505   0.0226965   0.0251166   0.0282657   0.0314025   0.0350587   0.0397776   0.0453756   0.055942   0.0726038   0.0871832   0.102964   0.120518   
-0.136109   -0.165182   -0.250283   -0.25436   -0.256343   -0.257135   -0.255265   -0.253225   -0.247765   -0.244651   -0.240425   -0.236351   -0.231819   -0.226922   -0.222717   -0.217775   -0.213822   -0.209289   -0.204593   -0.199753   -0.192052   -0.183587   -0.179202   -0.177016   -0.177614   

950000
-5   -4   -3   -2   -1   0   1   2   3   4   5   6   7   8   9   10   11   12   13   14   15   17   18   
0.673307   0.801491   0.922389   1.03721   1.13611   1.23546   1.32511   1.42365   1.51345   1.59566   1.67766   1.75392   1.82364   1.89628   1.95835   2.02445   2.08107   2.13046   2.17114   2.16082   2.10404   2.0441   2.00362   
0.0145224   0.012285   0.0113559   0.0111335   0.0118787   0.0125836   0.0133023   0.0139586   0.0150777   0.0166123   0.018218   0.0202066   0.0226762   0.025065   0.0282422   0.0313518   0.0349896   0.0397029   0.0453252   0.0560457   0.0726104   0.102946   0.12052   
-0.250303   -0.254388   -0.256359   -0.257158   -0.255282   -0.253267   -0.2494   -0.247842   -0.244741   -0.240462   -0.236423   -0.231926   -0.226967   -0.222822   -0.217821   -0.213908   -0.209393   -0.204693   -0.199816   -0.191993   -0.183593   -0.177028   -0.177625   

955000
-7   -6   -5   -4   -3   -2   -1   0   1   2   3   5   6   7   8   9   10   11   12   13   14   15   16   17   18   
0.387318   0.426641   0.67337   0.801626   0.922449   1.03727   1.13618   1.23568   1.32561   1.4241   1.51399   1.67809   1.75462   1.82392   1.89704   1.95865   2.02513   2.08194   2.13137   2.17171   2.15994   2.10398   2.07677   2.04425   2.00364   
0.0584921   0.0534373   0.0144971   0.0122628   0.0113433   0.0111231   0.0118735   0.0125719   0.0132809   0.0139355   0.0150486   0.0181915   0.0201634   0.022657   0.0250142   0.02822   0.0313019   0.0349224   0.0396293   0.0452781   0.056138   0.0726226   0.08709   0.102931   0.120521   
-0.14486   -0.154767   -0.250324   -0.254416   -0.256374   -0.257177   -0.255297   -0.253308   -0.249491   -0.247918   -0.244829   -0.236493   -0.232031   -0.227009   -0.222925   -0.217864   -0.213992   -0.209494   -0.204791   -0.199877   -0.191945   -0.1836   -0.179245   -0.177039   -0.177635   

960000
-5   -3   -2   -1   0   1   2   3   5   6   7   8   9   10   11   12   13   14   15   16   17   18   
0.673432   0.922505   1.03731   1.13624   1.2359   1.32611   1.42453   1.51453   1.67851   1.75532   1.82417   1.89778   1.95893   2.02579   2.0828   2.13227   2.17225   2.15904   2.1039   2.07763   2.04438   2.00365   
0.0144724   0.0113311   0.011114   0.0118688   0.0125604   0.01326   0.0139128   0.01502   0.0181662   0.0201211   0.0226388   0.0249644   0.0281993   0.0312529   0.0348572   0.0395573   0.0452334   0.05623   0.0726336   0.0869897   0.102918   0.120527   
-0.250344   -0.256389   -0.257193   -0.255309   -0.253348   -0.249581   -0.247992   -0.244916   -0.23656   -0.232134   -0.227048   -0.223026   -0.217904   -0.214075   -0.209592   -0.204887   -0.199936   -0.191895   -0.183605   -0.179278   -0.17705   -0.177646   

965000
-5   -4   -3   -2   -1   0   1   2   3   5   6   7   8   9   10   12   13   14   16   18   
0.673495   0.801899   0.922558   1.03734   1.13629   1.23611   1.32661   1.42496   1.51505   1.67891   1.756   1.82441   1.8985   1.95919   2.02645   2.13314   2.17276   2.1581   2.07845   2.00365   
0.0144485   0.0122195   0.0113194   0.0111058   0.0118648   0.0125495   0.0132396   0.0138905   0.014992   0.0181416   0.0200797   0.0226216   0.0249161   0.0281804   0.0312049   0.0394866   0.0451916   0.0563268   0.0868912   0.12053   
-0.250364   -0.254473   -0.256402   -0.257206   -0.25532   -0.253386   -0.249671   -0.248065   -0.245001   -0.236625   -0.232236   -0.227085   -0.223125   -0.217942   -0.214157   -0.204981   -0.199991   -0.191843   -0.179309   -0.177656   

970000
-5   -4   -2   -1   0   1   2   3   4   5   6   8   9   10   11   12   13   14   15   16   17   18   
0.673558   0.802038   1.03735   1.13633   1.2363   1.3271   1.42538   1.51556   1.59715   1.6793   1.75666   1.8992   1.95943   2.02709   2.08446   2.13401   2.17324   2.15713   2.10377   2.07923   2.04526   2.00419   
0.0144253   0.0121984   0.0110985   0.0118613   0.0125391   0.0132197   0.0138687   0.0149646   0.0165243   0.0181177   0.0200391   0.0248693   0.0281622   0.0311578   0.0347306   0.0394177   0.0451527   0.056425   0.0726544   0.0868008   0.102816   0.120465   
-0.250384   -0.254502   -0.257216   -0.255328   -0.253422   -0.249761   -0.248137   -0.245084   -0.240708   -0.236688   -0.232334   -0.22322   -0.217977   -0.214236   -0.209785   -0.205074   -0.200044   -0.191788   -0.183616   -0.179339   -0.177076   -0.177656   

975000
-5   -4   -3   -2   -1   0   1   2   4   5   6   8   9   11   12   13   14   15   16   17   18   
0.673619   0.802178   0.9228   1.03736   1.13636   1.23649   1.32759   1.42579   1.59784   1.67968   1.7573   1.89989   1.95965   2.08526   2.13485   2.17369   2.15609   2.10428   2.07997   2.04638   2.00516   
0.0144027   0.0121776   0.0112894   0.0110919   0.0118586   0.012529   0.0132003   0.0138472   0.0164863   0.0180946   0.0199998   0.0248232   0.0281448   0.0346696   0.03935   0.0451168   0.0565314   0.0725967   0.0867135   0.102671   0.12033   
-0.250403   -0.254531   -0.256454   -0.257224   -0.255334   -0.253456   -0.24985   -0.248207   -0.240819   -0.236749   -0.232431   -0.223314   -0.218008   -0.209878   -0.205165   -0.200094   -0.19173   -0.183647   -0.179368   -0.17709   -0.177645   

980000
-6   -5   -4   -3   -2   -1   0   1   2   3   4   5   6   7   8   9   11   12   13   14   15   16   17   18   
0.425382   0.673679   0.80232   0.922981   1.03744   1.13638   1.23668   1.32808   1.42619   1.51656   1.59852   1.68004   1.75793   1.82526   1.90057   1.95985   2.08605   2.13567   2.1741   2.1551   2.10478   2.08068   2.04743   2.00601   
0.0526072   0.0143806   0.0121572   0.0112715   0.0110817   0.0118565   0.0125194   0.0131814   0.0138262   0.014911   0.0164489   0.0180723   0.0199615   0.0225615   0.024778   0.0281289   0.0346101   0.0392838   0.0450833   0.0566332   0.072546   0.0866325   0.102539   0.120214   
-0.155846   -0.250423   -0.254559   -0.25649   -0.257245   -0.255338   -0.25349   -0.249937   -0.248276   -0.245248   -0.240928   -0.236808   -0.232524   -0.227214   -0.223406   -0.218037   -0.209971   -0.205254   -0.200142   -0.191673   -0.183677   -0.179397   -0.177105   -0.177637   

985000
-6   -5   -4   -3   -2   -1   0   1   2   3   4   5   6   7   8   9   11   12   13   14   15   16   17   18   
0.425115   0.67374   0.802463   0.923156   1.03759   1.13638   1.23685   1.32855   1.42659   1.51705   1.59919   1.68039   1.75854   1.82611   1.90123   1.96004   2.08682   2.13648   2.17449   2.1543   2.10524   2.08135   2.04839   2.00677   
0.052427   0.0143588   0.0121373   0.0112542   0.0110681   0.0118552   0.0125101   0.0131629   0.0138055   0.0148849   0.0164122   0.0180508   0.0199242   0.0225077   0.0247336   0.0281138   0.0345511   0.0392195   0.0450529   0.0567154   0.0724944   0.0865544   0.102412   0.120108   
-0.156083   -0.250442   -0.254588   -0.256525   -0.25728   -0.255339   -0.253522   -0.250022   -0.248344   -0.245328   -0.241035   -0.236866   -0.232617   -0.227334   -0.223497   -0.218064   -0.210061   -0.205341   -0.200186   -0.191629   -0.183705   -0.179425   -0.177118   -0.177631   

990000
-5   -4   -3   -2   -1   0   1   2   3   4   5   6   7   8   9   10   11   12   13   14   15   16   17   18   
0.673799   0.802607   0.923326   1.03773   1.13637   1.23702   1.32901   1.42698   1.51753   1.59985   1.68073   1.75914   1.82695   1.90189   1.96021   2.02952   2.08758   2.13726   2.17484   2.15348   2.10569   2.08198   2.04928   2.00745   
0.0143374   0.0121181   0.0112374   0.0110553   0.0118547   0.0125012   0.0131448   0.0137852   0.0148594   0.016376   0.01803   0.0198874   0.0224549   0.0246899   0.0280991   0.0309786   0.0344935   0.0391564   0.0450252   0.0567983   0.0724479   0.0864795   0.102295   0.120013   
-0.250461   -0.254616   -0.256559   -0.257312   -0.255338   -0.253552   -0.250106   -0.24841   -0.245407   -0.241141   -0.236921   -0.232706   -0.227452   -0.223586   -0.218089   -0.214541   -0.21015   -0.205426   -0.200228   -0.191584   -0.183733   -0.179451   -0.177131   -0.177626   

995000
-5   -4   -3   -2   -1   0   1   2   3   4   5   6   7   8   9   10   11   12   13   14   15   16   17   18   
0.673859   0.802754   0.92349   1.03786   1.13635   1.23719   1.32946   1.42736   1.518   1.6005   1.68105   1.75973   1.82778   1.90253   1.96099   2.0301   2.08832   2.13803   2.17514   2.15264   2.1061   2.08258   2.0501   2.00807   
0.0143162   0.0120997   0.0112211   0.0110432   0.0118551   0.0124924   0.0131272   0.0137652   0.0148343   0.0163404   0.0180101   0.0198515   0.0224025   0.024647   0.0280451   0.0309359   0.034437   0.0390951   0.0450018   0.0568844   0.072403   0.0864059   0.102189   0.119947   
-0.25048   -0.254644   -0.256591   -0.257342   -0.255333   -0.253583   -0.250189   -0.248476   -0.245484   -0.241245   -0.236973   -0.232794   -0.22757   -0.223673   -0.218191   -0.214614   -0.210238   -0.20551   -0.200266   -0.191537   -0.183759   -0.179475   -0.177144   -0.177626   

1000000
-5   -4   -3   -2   -1   0   1   2   3   4   5   6   7   8   9   10   11   12   13   14   15   16   17   18   
0.673919   0.802904   0.923648   1.03798   1.13631   1.2374   1.32991   1.42773   1.51846   1.60114   1.68136   1.7603   1.82859   1.90316   1.96194   2.03066   2.08906   2.13878   2.17541   2.15178   2.1065   2.08313   2.05087   2.00858   
0.0142951   0.0120821   0.0112053   0.0110318   0.0118566   0.0124806   0.0131098   0.0137456   0.0148097   0.0163054   0.017991   0.0198163   0.0223507   0.0246049   0.0279798   0.0308945   0.034381   0.0390351   0.0449813   0.0569724   0.0723599   0.0863397   0.102097   0.119872   
-0.250499   -0.254673   -0.256622   -0.257369   -0.255325   -0.253625   -0.25027   -0.24854   -0.245559   -0.241348   -0.237024   -0.232881   -0.227685   -0.223759   -0.218313   -0.214685   -0.210324   -0.205592   -0.2003   -0.191489   -0.183784   -0.179499   -0.177159   -0.177623   

1005000
-6   -4   -3   -2   -1   0   1   2   3   4   5   6   7   8   9   10   11   12   13   14   15   16   17   18   
0.424011   0.803055   0.923801   1.03809   1.13626   1.23761   1.33035   1.4281   1.51891   1.60177   1.68165   1.76087   1.8294   1.90378   1.96289   2.03121   2.08979   2.13951   2.17565   2.15086   2.10687   2.08366   2.05157   2.00904   
0.0516553   0.0120656   0.01119   0.0110211   0.0118588   0.0124692   0.0130927   0.0137264   0.0147855   0.0162709   0.0179728   0.0197818   0.0222995   0.0245636   0.0279154   0.0308544   0.0343262   0.0389761   0.0449631   0.0570656   0.0723205   0.0862847   0.102008   0.119812   
-0.157114   -0.254701   -0.256652   -0.257394   -0.255313   -0.253667   -0.25035   -0.248603   -0.245634   -0.241449   -0.237072   -0.232966   -0.2278   -0.223843   -0.218435   -0.214754   -0.21041   -0.205672   -0.200332   -0.191437   -0.183808   -0.179523   -0.177172   -0.177624   

1010000
-4   -3   -2   -1   0   1   2   3   4   5   6   7   8   9   10   11   12   13   14   15   16   17   18   
0.803209   0.923948   1.03818   1.1362   1.23782   1.33081   1.42846   1.51935   1.60239   1.68193   1.76142   1.83021   1.90438   1.96382   2.03174   2.0905   2.14023   2.17587   2.1499   2.10723   2.08415   2.0522   2.0094   
0.0120507   0.0111753   0.011011   0.0118619   0.012458   0.0130752   0.0137076   0.0147618   0.016237   0.0179555   0.019748   0.0222489   0.0245232   0.0278513   0.0308152   0.0342714   0.038919   0.044947   0.0571607   0.0722828   0.0862304   0.101923   0.119764   
-0.254729   -0.25668   -0.257417   -0.2553   -0.253707   -0.250434   -0.248664   -0.245707   -0.241549   -0.237118   -0.233049   -0.227913   -0.223926   -0.218555   -0.214821   -0.210494   -0.205751   -0.200362   -0.191381   -0.183831   -0.179546   -0.177183   -0.177626   

1015000
-4   -3   -2   -1   0   1   2   3   4   5   6   7   8   9   10   11   12   13   14   15   16   17   18   
0.803366   0.924089   1.03827   1.13612   1.23801   1.33125   1.42881   1.51979   1.603   1.68219   1.76196   1.831   1.90497   1.96475   2.03226   2.09121   2.14093   2.17607   2.14894   2.10753   2.0846   2.05277   2.00971   
0.0120376   0.0111612   0.0110017   0.0118655   0.0124472   0.013058   0.0136893   0.0147384   0.0162036   0.017939   0.0197149   0.0221988   0.0244836   0.0277877   0.0307771   0.0342181   0.038863   0.0449322   0.0572613   0.0722482   0.0861788   0.101857   0.119728   
-0.254757   -0.256707   -0.257438   -0.255284   -0.253747   -0.250516   -0.248724   -0.245779   -0.241647   -0.237161   -0.233131   -0.228026   -0.224007   -0.218674   -0.214887   -0.210579   -0.205828   -0.200391   -0.191327   -0.183852   -0.179567   -0.177196   -0.17763   

1020000
-4   -3   -1   0   1   2   3   4   5   6   7   8   9   10   11   12   13   14   15   16   17   18   
0.803506   0.924224   1.13615   1.23821   1.33169   1.42915   1.52022   1.6036   1.68243   1.76249   1.83179   1.90558   1.96566   2.03276   2.09191   2.14162   2.17626   2.14823   2.10782   2.08502   2.05327   2.0099   
0.0120268   0.0111477   0.0118645   0.0124366   0.0130411   0.0136713   0.0147153   0.0161707   0.0179235   0.0196824   0.0221492   0.0244435   0.0277248   0.0307401   0.0341655   0.0388084   0.0449184   0.0573347   0.0722204   0.0861306   0.101799   0.119705   
-0.254781   -0.256732   -0.255283   -0.253785   -0.250597   -0.248783   -0.24585   -0.241744   -0.237201   -0.233211   -0.228137   -0.224091   -0.218793   -0.214951   -0.210661   -0.205903   -0.200418   -0.191288   -0.183873   -0.179587   -0.177209   -0.177635   

1025000
-5   -4   -3   -1   0   1   2   3   4   5   6   7   8   9   10   11   12   13   14   15   16   17   18   
0.678826   0.803584   0.92435   1.13619   1.2384   1.33211   1.42949   1.52065   1.60419   1.68266   1.76301   1.83257   1.90617   1.96657   2.03325   2.0926   2.14228   2.17645   2.1475   2.10808   2.08541   2.05371   2.01001   
0.0136717   0.0120187   0.0111342   0.0118625   0.0124262   0.0130247   0.0136537   0.0146926   0.0161383   0.0179087   0.0196505   0.0221003   0.0244041   0.0276624   0.0307041   0.0341135   0.0387548   0.0449048   0.0574091   0.0721924   0.0860895   0.101742   0.119694   
-0.251696   -0.25479   -0.256756   -0.255285   -0.253823   -0.250676   -0.24884   -0.24592   -0.24184   -0.23724   -0.23329   -0.228247   -0.224174   -0.218909   -0.215013   -0.210743   -0.205977   -0.200445   -0.191248   -0.183892   -0.179607   -0.17722   -0.177642   

1030000
-7   -4   -3   -2   -1   0   1   2   3   4   5   6   7   8   9   10   11   12   13   14   15   16   17   18   
0.383423   0.803653   0.924467   1.03844   1.13622   1.23858   1.33253   1.42981   1.52107   1.60478   1.68287   1.76352   1.83334   1.90675   1.96748   2.03372   2.09328   2.14294   2.17664   2.14678   2.10832   2.08577   2.05409   2.01007   
0.0649576   0.0120136   0.0111213   0.0109781   0.0118616   0.0124162   0.0130086   0.0136365   0.0146703   0.0161063   0.0178948   0.0196191   0.0220519   0.0243653   0.0276004   0.0306692   0.034062   0.038703   0.0448908   0.0574823   0.0721685   0.0860444   0.101694   0.119694   
-0.143423   -0.254796   -0.256779   -0.257486   -0.255284   -0.25386   -0.250753   -0.248896   -0.245989   -0.241934   -0.237275   -0.233367   -0.228357   -0.224256   -0.219025   -0.215073   -0.210823   -0.20605   -0.200472   -0.191208   -0.18391   -0.179625   -0.177231   -0.177651   

1035000
-5   -4   -3   -2   -1   0   1   2   3   4   5   6   7   8   9   10   11   12   13   14   15   16   17   18   
0.679244   0.803711   0.924577   1.03847   1.13623   1.23875   1.33294   1.43014   1.52148   1.60535   1.68307   1.76403   1.8341   1.90733   1.96837   2.03418   2.09395   2.14357   2.17684   2.14607   2.10853   2.0861   2.05443   2.01006   
0.013732   0.012012   0.0111092   0.0109719   0.0118617   0.0124066   0.0129929   0.0136195   0.0146483   0.0160749   0.0178817   0.0195883   0.0220037   0.0243272   0.0275391   0.0306353   0.0340117   0.0386523   0.0448756   0.057555   0.0721465   0.0860093   0.101654   0.1197   
-0.251727   -0.254799   -0.256799   -0.257497   -0.255278   -0.253894   -0.250829   -0.248951   -0.246056   -0.242027   -0.237309   -0.233443   -0.228464   -0.224337   -0.21914   -0.215132   -0.210903   -0.20612   -0.2005   -0.191168   -0.183927   -0.179643   -0.177243   -0.17766   

1040000
-4   -3   -2   -1   0   1   2   3   4   6   7   8   9   10   11   12   13   14   15   16   17   18   
0.803755   0.915339   1.03849   1.13623   1.23892   1.33335   1.43045   1.52188   1.60592   1.76452   1.83486   1.90789   1.96925   2.03462   2.09461   2.14419   2.17738   2.14535   2.10872   2.0864   2.05472   2.01   
0.0120146   0.0132596   0.0109666   0.0118629   0.0123973   0.0129775   0.0136029   0.0146268   0.016044   0.019558   0.0219562   0.0242896   0.0274782   0.0306024   0.0339621   0.0386029   0.0448302   0.0576278   0.0721272   0.0859765   0.101617   0.119712   
-0.254796   -0.256247   -0.257505   -0.255269   -0.253928   -0.250904   -0.249005   -0.246122   -0.242119   -0.233518   -0.228572   -0.224416   -0.219253   -0.215189   -0.210981   -0.206189   -0.200555   -0.191128   -0.183943   -0.17966   -0.177253   -0.17767   

1045000
-3   -2   -1   0   1   2   3   4   6   7   8   9   10   11   12   13   14   15   16   17   18   
0.924773   1.03849   1.13624   1.23908   1.33374   1.43077   1.52228   1.60648   1.76501   1.83561   1.90845   1.97013   2.03505   2.09525   2.1448   2.17815   2.14461   2.1089   2.08668   2.05496   2.00991   
0.0110877   0.0109622   0.0118629   0.0123883   0.0129624   0.0135866   0.0146058   0.0160136   0.0195282   0.0219092   0.0242525   0.027418   0.0305706   0.0339129   0.0385549   0.0447621   0.0577035   0.0721104   0.0859463   0.101589   0.11973   
-0.256834   -0.25751   -0.255265   -0.253961   -0.250977   -0.249058   -0.246187   -0.242209   -0.233592   -0.228678   -0.224495   -0.219366   -0.215244   -0.211058   -0.206257   -0.200627   -0.191086   -0.183958   -0.179676   -0.177264   -0.177681   

1050000
-3   -2   -1   0   1   2   3   4   5   6   7   8   9   10   11   12   13   14   15   16   17   18   
0.924857   1.03848   1.13643   1.23924   1.33413   1.43107   1.52267   1.60703   1.68398   1.76549   1.83635   1.909   1.971   2.03547   2.09589   2.14539   2.17891   2.14386   2.10905   2.08693   2.05517   2.00979   
0.0110787   0.0109586   0.0118504   0.0123794   0.0129476   0.0135705   0.0145851   0.0159836   0.0178254   0.019499   0.0218627   0.0242161   0.0273584   0.03054   0.0338648   0.0385082   0.0446977   0.0577794   0.0720953   0.0859201   0.101567   0.11975   
-0.256848   -0.257513   -0.255309   -0.253993   -0.251049   -0.24911   -0.246251   -0.242298   -0.237457   -0.233664   -0.228783   -0.224572   -0.219477   -0.215297   -0.211134   -0.206323   -0.2007   -0.191044   -0.183972   -0.179691   -0.177274   -0.177693   

1055000
-7   -4   -3   -2   -1   0   1   2   3   4   5   6   7   8   9   10   11   12   13   14   15   16   17   18   
0.400488   0.803866   0.924931   1.03845   1.13662   1.2394   1.33451   1.43137   1.52305   1.60757   1.68469   1.76596   1.83708   1.90954   1.97186   2.03587   2.09652   2.14596   2.17964   2.14311   2.10918   2.08716   2.05535   2.00968   
0.0618601   0.0120466   0.0110708   0.0109558   0.0118384   0.0123708   0.0129332   0.0135548   0.0145648   0.0159542   0.0177855   0.0194702   0.0218165   0.0241802   0.0272993   0.0305104   0.0338175   0.0384624   0.0446345   0.0578528   0.0720812   0.0858942   0.101549   0.119782   
-0.141953   -0.254776   -0.256859   -0.257513   -0.255351   -0.254025   -0.251119   -0.249162   -0.246314   -0.242385   -0.237566   -0.233735   -0.228887   -0.224648   -0.219587   -0.215348   -0.21121   -0.206387   -0.200771   -0.191001   -0.183984   -0.179706   -0.177284   -0.177706   

1060000
-5   -4   -3   -2   -1   0   1   2   3   4   5   6   7   8   9   10   11   12   13   15   16   17   18   
0.67948   0.803951   0.924994   1.03841   1.1368   1.23955   1.33488   1.43167   1.52342   1.60809   1.68539   1.76642   1.83781   1.91008   1.97271   2.03625   2.09714   2.14652   2.18034   2.1093   2.08736   2.0555   2.00955   
0.0139332   0.0120628   0.0110644   0.0109536   0.0118268   0.0123623   0.0129192   0.0135393   0.0145448   0.0159254   0.0177462   0.0194422   0.0217708   0.0241449   0.0272405   0.0304821   0.0337708   0.0384183   0.0445734   0.072071   0.0858731   0.101532   0.119793   
-0.251651   -0.254776   -0.256867   -0.257511   -0.255391   -0.254056   -0.251187   -0.249212   -0.246375   -0.24247   -0.237674   -0.233805   -0.22899   -0.224723   -0.219696   -0.215398   -0.211284   -0.20645   -0.200839   -0.183997   -0.179719   -0.177294   -0.177715   

1065000
-8   -5   -4   -3   -2   -1   0   1   3   4   5   6   7   8   9   10   11   12   13   14   15   16   17   18   
0.334555   0.679525   0.804023   0.925043   1.03846   1.13697   1.2397   1.33524   1.52379   1.60861   1.68607   1.76687   1.83853   1.9106   1.97355   2.03662   2.09775   2.14706   2.18103   2.14181   2.1094   2.08752   2.05563   2.00996   
0.0734292   0.0139702   0.0120838   0.0110596   0.0109476   0.0118157   0.0123541   0.0129056   0.0145252   0.0158972   0.0177075   0.0194145   0.0217256   0.02411   0.0271824   0.0304549   0.0337247   0.0383752   0.0445147   0.0579878   0.0720618   0.0858563   0.10152   0.119742   
-0.137363   -0.251637   -0.254772   -0.256872   -0.257523   -0.25543   -0.254086   -0.251254   -0.246436   -0.242554   -0.23778   -0.233873   -0.229093   -0.224797   -0.219804   -0.215445   -0.211356   -0.206511   -0.200906   -0.190929   -0.184008   -0.179732   -0.177303   -0.177716   

1070000
-6   -5   -4   -3   -2   -1   1   2   3   4   5   6   7   8   9   10   11   12   13   14   15   16   17   18   
0.420595   0.67956   0.804083   0.925078   1.03856   1.13713   1.33561   1.43224   1.52416   1.60911   1.68675   1.76731   1.83925   1.91111   1.97439   2.03697   2.09835   2.14759   2.18168   2.14141   2.10947   2.08768   2.0557   2.01063   
0.0483549   0.0140066   0.0121098   0.0110564   0.0109387   0.011805   0.012892   0.0135091   0.0145059   0.0158697   0.0176695   0.0193874   0.0216811   0.024076   0.0271248   0.0304284   0.0336795   0.0383333   0.0444577   0.0580282   0.0720566   0.0858405   0.101512   0.119651   
-0.161773   -0.25162   -0.254764   -0.256873   -0.257545   -0.255468   -0.251321   -0.24931   -0.246495   -0.242636   -0.237885   -0.23394   -0.229194   -0.224868   -0.219911   -0.21549   -0.211429   -0.206571   -0.200969   -0.190909   -0.184019   -0.179745   -0.177312   -0.177711   

1075000
-5   -4   -3   -2   -1   1   3   4   5   6   7   8   9   10   11   12   13   14   15   16   17   18   
0.679586   0.804125   0.925099   1.03865   1.13729   1.33598   1.52452   1.6096   1.68741   1.76775   1.83995   1.91161   1.97521   2.03731   2.09894   2.14809   2.18231   2.14102   2.10953   2.08784   2.05578   2.01122   
0.0140424   0.0121407   0.0110552   0.0109301   0.0117947   0.012878   0.0144868   0.0158429   0.0176321   0.0193606   0.021637   0.0240428   0.0270676   0.0304032   0.0336351   0.0382935   0.0444042   0.0580694   0.0720513   0.0858292   0.101508   0.119578   
-0.251603   -0.254752   -0.25687   -0.257566   -0.255504   -0.251391   -0.246554   -0.242716   -0.237988   -0.234005   -0.229294   -0.224939   -0.220017   -0.215533   -0.211499   -0.206628   -0.201031   -0.19089   -0.184028   -0.179758   -0.177322   -0.177708   

1080000
-5   -4   -3   -2   -1   1   2   3   4   5   6   7   8   10   11   12   13   14   15   18   
0.679604   0.80415   0.925104   1.03873   1.13744   1.33634   1.43282   1.52488   1.61009   1.68807   1.76817   1.84065   1.9121   2.03763   2.09952   2.14857   2.1829   2.14062   2.1096   2.01171   
0.0140776   0.0121765   0.011056   0.0109222   0.0117849   0.0128643   0.013479   0.0144674   0.0158166   0.0175953   0.0193345   0.0215933   0.0240102   0.0303792   0.0335915   0.0382551   0.0443526   0.0581088   0.0720474   0.119507   
-0.251584   -0.254736   -0.256864   -0.257585   -0.255538   -0.251459   -0.24941   -0.246615   -0.242794   -0.238089   -0.23407   -0.229393   -0.225008   -0.215575   -0.211569   -0.206684   -0.20109   -0.190869   -0.184039   -0.177706   

1085000
-7   -5   -4   -3   -2   -1   1   2   3   4   5   6   7   8   10   11   12   13   14   16   17   18   
0.382467   0.679617   0.804157   0.925092   1.0388   1.13759   1.3367   1.43311   1.52524   1.61056   1.68871   1.76861   1.84134   1.91259   2.03793   2.10009   2.14905   2.18347   2.14021   2.08821   2.05662   2.01212   
0.0646624   0.014112   0.0122175   0.011059   0.0109148   0.0117754   0.0128508   0.013464   0.0144485   0.0157906   0.017559   0.0193079   0.02155   0.0239781   0.0303561   0.0335492   0.0382178   0.0443037   0.058151   0.0857871   0.101409   0.119452   
-0.143497   -0.251565   -0.254714   -0.256853   -0.257602   -0.255571   -0.251527   -0.249461   -0.246675   -0.242871   -0.238189   -0.234137   -0.229491   -0.225076   -0.215614   -0.211637   -0.206738   -0.201146   -0.190849   -0.179783   -0.177344   -0.177706   

1090000
-5   -4   -3   -2   -1   1   2   3   4   5   6   7   8   11   12   13   14   15   16   17   18   
0.679624   0.804144   0.925064   1.03886   1.13772   1.33705   1.43339   1.52559   1.61103   1.68934   1.76904   1.84203   1.91306   2.10064   2.1495   2.18401   2.13978   2.11024   2.08907   2.0575   2.01247   
0.0141457   0.0122641   0.0110643   0.0109082   0.0117664   0.0128377   0.0134491   0.0144298   0.0157651   0.0175235   0.0192817   0.0215074   0.0239465   0.0335075   0.0381816   0.0442567   0.0581945   0.0719791   0.0856838   0.101293   0.119411   
-0.251545   -0.254687   -0.256838   -0.257617   -0.255603   -0.251593   -0.249512   -0.246734   -0.242948   -0.238288   -0.234204   -0.229588   -0.225143   -0.211704   -0.206791   -0.2012   -0.190826   -0.18408   -0.179815   -0.177357   -0.177708   

1095000
-5   -4   -3   -2   -1   0   1   2   3   4   5   6   7   8   9   10   11   12   13   14   15   16   17   18   
0.67963   0.80411   0.925019   1.03891   1.13785   1.24067   1.3374   1.43367   1.52594   1.61149   1.68996   1.76946   1.8427   1.91352   1.97847   2.03851   2.10118   2.14995   2.18452   2.13935   2.11087   2.0899   2.05831   2.01274   
0.0141786   0.0123168   0.0110721   0.0109022   0.0117577   0.0123017   0.0128248   0.0134345   0.0144115   0.0157402   0.0174884   0.019256   0.0214651   0.0239157   0.0268424   0.0303128   0.0334665   0.0381465   0.0442136   0.0582393   0.0719086   0.0855851   0.101192   0.119376   
-0.251525   -0.254653   -0.256819   -0.25763   -0.255633   -0.254278   -0.251658   -0.249561   -0.246792   -0.243022   -0.238384   -0.234269   -0.229684   -0.225209   -0.220435   -0.21569   -0.211769   -0.206843   -0.201251   -0.190804   -0.184115   -0.179845   -0.177371   -0.17771   

1100000
-7   -5   -4   -3   -2   -1   0   1   2   3   4   5   6   7   8   9   10   11   12   13   14   15   16   17   18   
0.400507   0.678269   0.804053   0.924955   1.03894   1.13798   1.24095   1.33773   1.43394   1.52628   1.61193   1.69058   1.76987   1.84337   1.91398   1.97928   2.03878   2.10172   2.15038   2.18499   2.1389   2.11147   2.09069   2.05905   2.01294   
0.0617751   0.0139582   0.0123763   0.0110825   0.010897   0.0117494   0.0122873   0.0128123   0.0134203   0.0143935   0.0157157   0.0174538   0.0192308   0.0214232   0.0238854   0.0267868   0.0302918   0.0334265   0.0381125   0.044173   0.0582846   0.0718408   0.0854916   0.1011   0.119352   
-0.141878   -0.251211   -0.254613   -0.256795   -0.257641   -0.255663   -0.254331   -0.251721   -0.249609   -0.246848   -0.243095   -0.23848   -0.234333   -0.22978   -0.225273   -0.220539   -0.215726   -0.211834   -0.206893   -0.2013   -0.19078   -0.184148   -0.179875   -0.177385   -0.177714   

1105000
-5   -3   -2   -1   0   1   2   3   4   5   6   7   8   9   10   11   12   13   14   15   16   17   18   
0.678355   0.924875   1.03897   1.1381   1.24123   1.33807   1.43421   1.52661   1.61238   1.69119   1.77027   1.84404   1.91443   1.98007   2.03904   2.10224   2.1508   2.18543   2.13845   2.11206   2.09145   2.05971   2.01306   
0.0138552   0.0110954   0.0108926   0.0117416   0.0122732   0.0128   0.0134064   0.0143758   0.0156915   0.0174196   0.0192062   0.0213816   0.0238556   0.0267318   0.0302718   0.0333871   0.0380793   0.0441361   0.0583311   0.0717781   0.0854026   0.101013   0.119337   
-0.251266   -0.256767   -0.257649   -0.25569   -0.254383   -0.251784   -0.249656   -0.246904   -0.243168   -0.238575   -0.234396   -0.229873   -0.225336   -0.220642   -0.21576   -0.211897   -0.206942   -0.201345   -0.190756   -0.184181   -0.179903   -0.177397   -0.17772   

1110000
-10   -5   -4   -3   -2   -1   0   1   2   3   4   5   6   7   8   9   10   11   12   13   14   15   16   17   18   
0.256911   0.678449   0.804042   0.924779   1.03897   1.13821   1.2415   1.33839   1.43447   1.52694   1.61281   1.69178   1.77067   1.84469   1.91486   1.98086   2.0393   2.10276   2.15121   2.18582   2.13799   2.11263   2.09216   2.06033   2.01309   
0.0948614   0.0137861   0.0123051   0.011111   0.0108892   0.0117341   0.0122593   0.0127881   0.0133928   0.0143584   0.0156678   0.0173859   0.019182   0.0213407   0.0238265   0.0266776   0.0302525   0.0333482   0.0380469   0.0441017   0.0583779   0.0717168   0.085321   0.100935   0.119338   
-0.123822   -0.251311   -0.254614   -0.256735   -0.257654   -0.255717   -0.254433   -0.251844   -0.249702   -0.246959   -0.243239   -0.238668   -0.234458   -0.229966   -0.225398   -0.220743   -0.215793   -0.211959   -0.20699   -0.201387   -0.190731   -0.184212   -0.179931   -0.17741   -0.177727   

1115000
-9   -5   -4   -3   -2   -1   0   1   2   3   4   5   6   7   8   9   10   11   12   13   14   15   16   17   18   
0.295101   0.678545   0.804172   0.924668   1.03897   1.13831   1.24177   1.33871   1.43473   1.52727   1.61324   1.69238   1.77106   1.84534   1.91529   1.98164   2.03954   2.10327   2.15161   2.18618   2.1375   2.11316   2.09282   2.06089   2.01305   
0.0840271   0.0137299   0.0122243   0.0111292   0.0108866   0.0117272   0.0122457   0.0127764   0.0133794   0.0143413   0.0156444   0.0173526   0.0191583   0.0213005   0.0237979   0.0266243   0.0302335   0.0333106   0.0380154   0.0440717   0.0584274   0.0716582   0.0852406   0.100865   0.119347   
-0.130179   -0.251352   -0.254664   -0.256699   -0.257656   -0.255741   -0.254483   -0.251904   -0.249748   -0.247013   -0.243308   -0.23876   -0.234519   -0.230058   -0.225458   -0.220844   -0.215825   -0.212021   -0.207037   -0.201425   -0.190705   -0.184242   -0.179956   -0.177423   -0.177736   

1120000
-10   -5   -4   -3   -2   -1   0   1   2   3   4   5   6   7   8   9   10   11   12   13   14   15   16   17   18   
0.256778   0.678641   0.804303   0.924544   1.03894   1.1384   1.24203   1.33902   1.43498   1.52758   1.61366   1.69296   1.77143   1.84598   1.91571   1.98241   2.04024   2.10376   2.15201   2.18649   2.13709   2.11366   2.09345   2.06139   2.01295   
0.0948275   0.0136814   0.0121634   0.01115   0.0108851   0.0117207   0.0122323   0.0127651   0.0133663   0.0143245   0.0156215   0.0173198   0.0191352   0.0212606   0.02377   0.0265711   0.0301809   0.033273   0.0379842   0.0440456   0.0584692   0.0716036   0.0851674   0.100804   0.119365   
-0.123811   -0.251389   -0.254709   -0.25666   -0.257656   -0.255764   -0.254532   -0.251962   -0.249792   -0.247066   -0.243377   -0.238852   -0.234578   -0.230149   -0.225517   -0.220943   -0.21591   -0.212081   -0.207083   -0.201459   -0.190683   -0.184271   -0.179982   -0.177435   -0.177746   

1125000
-8   -5   -4   -3   -2   -1   0   1   2   3   4   5   6   7   8   9   10   11   12   13   14   15   16   17   18   
0.353587   0.678736   0.804432   0.92442   1.0389   1.13849   1.24229   1.33932   1.43523   1.5279   1.61408   1.69354   1.7718   1.8466   1.91612   1.98316   2.04114   2.10425   2.1524   2.18675   2.13694   2.11414   2.09405   2.06185   2.0128   
0.0704341   0.013638   0.0121123   0.0111727   0.0108845   0.0117145   0.0122191   0.012754   0.0133534   0.014308   0.0155986   0.0172874   0.0191125   0.0212214   0.0237426   0.0265189   0.030116   0.0332364   0.0379537   0.0440235   0.0584847   0.0715517   0.0850962   0.100746   0.119391   
-0.137111   -0.251425   -0.254751   -0.25662   -0.257652   -0.255787   -0.25458   -0.252019   -0.249836   -0.247118   -0.243446   -0.238941   -0.234635   -0.230239   -0.225575   -0.22104   -0.216018   -0.212141   -0.207129   -0.20149   -0.190679   -0.184299   -0.180005   -0.177447   -0.177757   

1130000
-7   -4   -3   -2   -1   0   1   2   3   4   5   6   7   8   9   10   11   12   13   14   15   16   17   18   
0.38026   0.804559   0.924388   1.03885   1.13858   1.24254   1.33962   1.43547   1.5282   1.6145   1.6941   1.77216   1.84722   1.91652   1.9839   2.04202   2.10473   2.15278   2.18697   2.1368   2.1146   2.09461   2.06227   2.0126   
0.0640695   0.0120675   0.0111922   0.0108849   0.0117086   0.0122061   0.0127432   0.0133407   0.0142918   0.0155758   0.0172554   0.0190904   0.0211827   0.0237159   0.0264678   0.0300523   0.0332003   0.0379236   0.0440057   0.0584999   0.0715005   0.0850297   0.100696   0.119426   
-0.143896   -0.254791   -0.256597   -0.257645   -0.255808   -0.254628   -0.252074   -0.249879   -0.247169   -0.243515   -0.23903   -0.234692   -0.230327   -0.225631   -0.221137   -0.216123   -0.212199   -0.207174   -0.201516   -0.190675   -0.184326   -0.180029   -0.177458   -0.177769   

1135000
-4   -3   -2   -1   0   1   2   3   4   5   6   7   8   9   10   11   12   13   14   15   16   17   18   
0.804683   0.924345   1.03878   1.13866   1.24279   1.33993   1.43571   1.52851   1.61491   1.69467   1.77252   1.84783   1.91691   1.98463   2.04287   2.1052   2.15316   2.18713   2.13666   2.11504   2.09516   2.06265   2.01237   
0.0120273   0.0112143   0.0108862   0.0117031   0.0121934   0.0127316   0.0133283   0.0142759   0.0155533   0.0172238   0.0190688   0.0211448   0.0236898   0.0264171   0.0299897   0.0331652   0.0378938   0.0439926   0.0585149   0.0714533   0.0849696   0.10065   0.119461   
-0.254829   -0.25657   -0.257635   -0.255828   -0.254674   -0.252134   -0.249921   -0.24722   -0.243584   -0.239118   -0.234747   -0.230413   -0.225686   -0.221231   -0.216225   -0.212256   -0.207218   -0.201537   -0.190671   -0.184352   -0.180052   -0.17747   -0.177781   

1140000
-5   -4   -3   -2   -1   0   1   2   3   4   5   6   7   8   9   10   11   12   13   14   15   16   17   18   
0.679019   0.804805   0.92429   1.03871   1.13873   1.24303   1.34024   1.43594   1.5288   1.61531   1.69522   1.77286   1.84842   1.91728   1.98535   2.04371   2.10566   2.15354   2.18722   2.13651   2.11546   2.09566   2.063   2.01212   
0.0135269   0.0119905   0.0112388   0.0108882   0.0116977   0.0121808   0.0127203   0.0133161   0.0142604   0.0155311   0.0171927   0.0190478   0.0211077   0.0236643   0.0263677   0.0299287   0.0331306   0.0378644   0.0439853   0.0585303   0.0714073   0.0849089   0.100609   0.1195   
-0.251525   -0.254866   -0.256541   -0.257624   -0.255847   -0.25472   -0.252193   -0.249962   -0.247268   -0.243651   -0.239205   -0.234801   -0.230497   -0.22574   -0.221325   -0.216326   -0.212312   -0.207262   -0.201553   -0.190666   -0.184377   -0.180072   -0.17748   -0.177794   

1145000
-8   -7   -4   -3   -2   -1   0   1   2   3   4   5   6   8   9   10   11   12   13   14   15   16   17   18   
0.351866   0.398762   0.804924   0.924226   1.03875   1.13881   1.24327   1.34054   1.43617   1.52908   1.61572   1.69577   1.77319   1.91765   1.98606   2.04453   2.10611   2.15391   2.18725   2.13634   2.11586   2.09613   2.06332   2.01185   
0.0699729   0.061249   0.0119565   0.0112657   0.0108835   0.0116925   0.0121685   0.0127093   0.0133041   0.0142453   0.0155092   0.0171619   0.0190273   0.0236396   0.0263196   0.0298686   0.0330968   0.0378354   0.043984   0.0585486   0.0713645   0.0848531   0.100579   0.119543   
-0.137388   -0.142158   -0.254902   -0.256509   -0.257634   -0.255866   -0.254765   -0.25225   -0.250003   -0.247316   -0.243718   -0.23929   -0.234853   -0.225792   -0.221417   -0.216425   -0.212367   -0.207305   -0.201563   -0.190661   -0.184401   -0.180093   -0.177493   -0.177807   

1150000
-8   -7   -5   -3   -2   -1   0   1   2   3   4   5   6   8   9   10   11   12   13   14   15   16   17   18   
0.351435   0.398505   0.679201   0.924408   1.03879   1.13888   1.24351   1.34082   1.4364   1.52936   1.61611   1.69631   1.77352   1.91801   1.98674   2.04534   2.10655   2.15427   2.18722   2.13617   2.11624   2.09657   2.06357   2.01157   
0.0698564   0.0611756   0.0134643   0.0112348   0.0108797   0.0116874   0.0121564   0.0126988   0.0132923   0.0142306   0.0154877   0.0171316   0.0190074   0.0236156   0.0262724   0.0298095   0.0330637   0.0378064   0.0439869   0.0585661   0.0713229   0.0848017   0.100541   0.119591   
-0.137459   -0.1422   -0.251586   -0.256557   -0.257642   -0.255885   -0.254809   -0.252305   -0.250043   -0.247362   -0.243783   -0.239375   -0.234904   -0.225843   -0.221505   -0.216524   -0.212422   -0.207348   -0.201568   -0.190654   -0.184424   -0.180112   -0.177501   -0.177821   

1155000
-10   -5   -4   -3   -2   -1   0   1   2   3   4   5   6   7   8   9   10   11   12   13   14   15   16   17   18   
0.255937   0.67929   0.805152   0.924625   1.03881   1.13896   1.24374   1.3411   1.43662   1.52964   1.6165   1.69684   1.77383   1.85015   1.91836   1.9874   2.04615   2.10698   2.15464   2.18715   2.13599   2.1166   2.09698   2.06381   2.01165   
0.0946286   0.0134352   0.0118952   0.0111972   0.0108768   0.0116823   0.0121445   0.0126885   0.0132808   0.0142161   0.0154665   0.0171016   0.0189881   0.0209997   0.0235922   0.0262265   0.0297509   0.0330311   0.0377777   0.0439946   0.0585845   0.0712844   0.0847512   0.100514   0.119584   
-0.123835   -0.251615   -0.254969   -0.256615   -0.257647   -0.255904   -0.254852   -0.252358   -0.250082   -0.247407   -0.243848   -0.239458   -0.234954   -0.230745   -0.225892   -0.221592   -0.21662   -0.212475   -0.207391   -0.201569   -0.190648   -0.184447   -0.18013   -0.17751   -0.177827   

1160000
-5   -4   -3   -2   0   1   2   3   4   5   6   7   8   9   10   11   12   13   14   15   16   17   18   
0.679378   0.805261   0.924831   1.03882   1.24396   1.34138   1.43684   1.52991   1.61688   1.69737   1.77413   1.85071   1.91869   1.98805   2.04694   2.10741   2.155   2.18703   2.13581   2.11695   2.09736   2.06401   2.01198   
0.0134074   0.0118673   0.0111636   0.0108748   0.0121329   0.0126785   0.0132695   0.0142019   0.0154457   0.0170721   0.0189694   0.0209646   0.0235695   0.0261818   0.0296932   0.0329995   0.037749   0.0440061   0.0586035   0.0712481   0.0847099   0.100491   0.119538   
-0.251644   -0.255   -0.25667   -0.257649   -0.254895   -0.25241   -0.250121   -0.247452   -0.243912   -0.23954   -0.235002   -0.230827   -0.225939   -0.221677   -0.216717   -0.212527   -0.207433   -0.201566   -0.190641   -0.184469   -0.180149   -0.17752   -0.177827   

1165000
-5   -4   -3   -2   -1   0   1   2   3   4   5   6   7   8   9   10   11   12   13   14   15   16   17   18   
0.679466   0.805367   0.925025   1.03882   1.1392   1.24418   1.34164   1.43705   1.53017   1.61726   1.69789   1.77443   1.85126   1.91902   1.98869   2.04772   2.10782   2.15536   2.18689   2.13561   2.11727   2.09772   2.06418   2.01216   
0.0133805   0.0118409   0.011133   0.0108737   0.0116671   0.0121215   0.0126688   0.0132584   0.014188   0.0154251   0.017043   0.0189514   0.0209303   0.0235476   0.0261378   0.0296359   0.032968   0.0377203   0.0440196   0.0586234   0.0712148   0.0846696   0.100475   0.119516   
-0.251672   -0.255031   -0.256722   -0.257649   -0.255957   -0.254936   -0.25246   -0.250158   -0.247495   -0.243975   -0.239622   -0.235048   -0.230908   -0.225986   -0.22176   -0.216811   -0.212578   -0.207475   -0.201561   -0.190633   -0.18449   -0.180165   -0.177529   -0.17783   

1170000
-7   -5   -4   -3   -2   -1   0   1   2   3   4   5   6   7   8   9   10   11   12   13   14   15   16   17   18   
0.377566   0.679554   0.80547   0.92521   1.0388   1.13938   1.2444   1.3419   1.43726   1.53043   1.61763   1.6984   1.77471   1.8518   1.91933   1.98932   2.0485   2.10823   2.15573   2.18673   2.13541   2.11757   2.09804   2.06432   2.01223   
0.0633666   0.0133547   0.0118158   0.0111048   0.0108737   0.0116564   0.0121102   0.0126594   0.0132476   0.0141744   0.0154048   0.0170144   0.0189338   0.0208965   0.0235263   0.0260949   0.0295793   0.0329375   0.0376915   0.0440332   0.0586439   0.0711826   0.0846354   0.100458   0.119511   
-0.144402   -0.251699   -0.255061   -0.256771   -0.257645   -0.255993   -0.254977   -0.252509   -0.250195   -0.247538   -0.244037   -0.239702   -0.235092   -0.230987   -0.22603   -0.221843   -0.216905   -0.212628   -0.207517   -0.201553   -0.190625   -0.184509   -0.180182   -0.177538   -0.177836   

1175000
-7   -5   -3   -2   -1   0   1   2   3   4   5   6   7   8   9   10   11   12   13   14   15   16   17   18   
0.397027   0.679638   0.925387   1.03876   1.13955   1.24462   1.34215   1.43746   1.53068   1.618   1.6989   1.77498   1.85234   1.91963   1.98994   2.04927   2.10863   2.15641   2.18658   2.1352   2.11785   2.09833   2.06444   2.0122   
0.0607631   0.0133297   0.0110785   0.0108748   0.011646   0.0120991   0.0126503   0.013237   0.014161   0.0153849   0.0169862   0.0189169   0.0208632   0.0235057   0.0260525   0.0295235   0.0329076   0.037636   0.0440495   0.0586662   0.071151   0.0845997   0.100451   0.11952   
-0.142444   -0.251726   -0.256817   -0.257637   -0.256029   -0.255018   -0.252557   -0.25023   -0.247579   -0.244098   -0.23978   -0.235135   -0.231065   -0.226073   -0.221924   -0.216998   -0.212677   -0.207589   -0.201547   -0.190615   -0.184527   -0.180197   -0.177548   -0.177844   

1180000
-7   -5   -3   -2   -1   0   1   2   4   5   6   7   8   9   10   11   12   13   14   15   16   17   18   
0.376834   0.679722   0.925556   1.03871   1.13972   1.24483   1.34239   1.43766   1.61836   1.69939   1.77524   1.85286   1.91992   1.99054   2.05002   2.10902   2.15722   2.18647   2.13496   2.11812   2.0986   2.06452   2.01206   
0.0631749   0.0133054   0.0110539   0.0108772   0.0116359   0.0120882   0.0126415   0.0132265   0.0153653   0.0169586   0.0189007   0.0208304   0.0234857   0.026011   0.029468   0.0328785   0.0375709   0.0440589   0.0586908   0.0711231   0.0845698   0.100444   0.119535   
-0.144543   -0.251753   -0.256862   -0.257626   -0.256063   -0.255058   -0.252603   -0.250266   -0.244158   -0.239858   -0.235177   -0.231142   -0.226114   -0.222003   -0.217089   -0.212724   -0.207673   -0.201545   -0.190605   -0.184546   -0.180211   -0.177556   -0.177853   

1185000
-6   -3   -2   -1   0   1   2   3   4   5   6   7   8   9   10   11   12   13   14   15   16   17   18   
0.426253   0.925717   1.03864   1.13989   1.24503   1.34265   1.43786   1.53118   1.61872   1.69987   1.77549   1.85338   1.9202   1.99114   2.05077   2.1094   2.158   2.18687   2.13472   2.11836   2.09883   2.06456   2.01185   
0.0525364   0.0110307   0.0108809   0.011626   0.0120775   0.0126322   0.0132163   0.0141346   0.0153459   0.0169317   0.018885   0.0207979   0.0234665   0.0259704   0.0294134   0.0328502   0.0375058   0.044024   0.0587151   0.0710962   0.084543   0.100438   0.119576   
-0.155444   -0.256904   -0.257611   -0.256097   -0.255097   -0.252651   -0.2503   -0.247663   -0.244218   -0.239933   -0.235217   -0.231219   -0.226154   -0.222081   -0.21718   -0.212771   -0.207755   -0.201585   -0.190594   -0.184562   -0.180224   -0.177562   -0.177866   

1190000
-5   -4   -3   -2   -1   0   1   2   3   4   5   6   7   8   9   10   11   12   13   15   16   17   18   
0.67989   0.805852   0.925872   1.03855   1.14005   1.24524   1.3429   1.43805   1.53143   1.61907   1.70034   1.77572   1.8539   1.92047   1.99172   2.05152   2.10976   2.15878   2.18724   2.11858   2.09902   2.0646   2.01152   
0.0132585   0.0117261   0.0110088   0.0108859   0.0116163   0.0120669   0.012623   0.0132064   0.0141214   0.0153269   0.0169053   0.01887   0.0207658   0.0234479   0.0259305   0.0293595   0.0328223   0.0374427   0.0439927   0.0710751   0.084523   0.100433   0.119622   
-0.251805   -0.25517   -0.256945   -0.257592   -0.25613   -0.255135   -0.2527   -0.250334   -0.247705   -0.244277   -0.240007   -0.235255   -0.231295   -0.226192   -0.222158   -0.21727   -0.212817   -0.207835   -0.201622   -0.184578   -0.180236   -0.177569   -0.177878   

1195000
-6   -5   -4   -3   -2   -1   0   1   2   3   4   5   6   7   8   9   10   11   12   13   15   16   17   18   
0.51292   0.679973   0.80594   0.92602   1.03843   1.14021   1.24544   1.34314   1.43823   1.53167   1.61942   1.70081   1.77595   1.85441   1.92073   1.99229   2.05225   2.11012   2.15954   2.18756   2.11878   2.09919   2.06464   2.01115   
0.0206208   0.0132359   0.011706   0.010988   0.0108925   0.0116067   0.0120566   0.012614   0.0131966   0.0141084   0.0153081   0.0168795   0.0188555   0.0207341   0.02343   0.0258915   0.029306   0.0327954   0.0373805   0.0439638   0.0710568   0.0845053   0.100434   0.119677   
-0.233254   -0.25183   -0.255195   -0.256984   -0.257568   -0.256163   -0.255173   -0.252747   -0.250366   -0.247747   -0.244335   -0.24008   -0.235291   -0.231369   -0.226229   -0.222233   -0.217358   -0.212862   -0.207915   -0.201656   -0.184594   -0.180248   -0.177577   -0.177893   

1200000
-10   -6   -5   -4   -3   -2   -1   0   1   3   4   5   6   7   8   9   10   11   12   13   14   15   16   17   18   
0.283585   0.426387   0.680055   0.806025   0.92616   1.0383   1.14036   1.24564   1.34338   1.53192   1.61976   1.70126   1.77617   1.85491   1.92098   1.99285   2.05298   2.11047   2.16029   2.18785   2.13425   2.11896   2.09934   2.06469   2.01107   
0.0934699   0.0527569   0.0132137   0.0116866   0.0109683   0.0109007   0.0115974   0.0120464   0.0126052   0.0140957   0.0152896   0.016854   0.0188415   0.0207027   0.0234126   0.0258532   0.029253   0.0327688   0.0373193   0.0439392   0.0587657   0.0710375   0.0844938   0.100428   0.119699   
-0.125078   -0.155079   -0.251856   -0.255219   -0.257021   -0.257539   -0.256195   -0.25521   -0.252793   -0.247787   -0.244392   -0.240151   -0.235326   -0.231444   -0.226265   -0.222307   -0.217446   -0.212905   -0.207993   -0.201686   -0.190578   -0.184608   -0.18026   -0.177584   -0.177903   

1205000
-9   -3   -2   -1   0   1   3   4   5   6   7   8   9   10   11   12   13   14   15   16   17   18   
0.289346   0.926294   1.03814   1.14052   1.24583   1.34361   1.53215   1.62009   1.70171   1.77638   1.85541   1.92122   1.9934   2.05369   2.11082   2.16103   2.18809   2.13436   2.11913   2.09948   2.06488   2.01102   
0.0825916   0.0109496   0.0109105   0.0115882   0.0120364   0.0125968   0.0140832   0.0152715   0.016829   0.0188281   0.0206716   0.0233958   0.0258157   0.0292005   0.0327433   0.0372597   0.0439185   0.0587541   0.0710194   0.0844804   0.100412   0.119712   
-0.131085   -0.257056   -0.257506   -0.256226   -0.255246   -0.252837   -0.247827   -0.244448   -0.240222   -0.23536   -0.231517   -0.226299   -0.22238   -0.217533   -0.212947   -0.208071   -0.201712   -0.190589   -0.184621   -0.180271   -0.177593   -0.177911   

1210000
-3   -2   -1   0   1   3   4   5   6   7   8   9   10   11   12   13   14   15   16   17   18   
0.926422   1.03797   1.14067   1.24602   1.34384   1.53238   1.62042   1.70215   1.77658   1.85591   1.92145   1.99393   2.05441   2.11115   2.16175   2.18828   2.13446   2.11929   2.0996   2.06554   2.01088   
0.0109317   0.010922   0.0115792   0.0120266   0.0125886   0.014071   0.0152538   0.0168041   0.0188152   0.020641   0.0233795   0.0257788   0.0291486   0.032718   0.0372002   0.043902   0.0587467   0.0710033   0.0844631   0.100324   0.119729   
-0.25709   -0.257467   -0.256257   -0.255282   -0.25288   -0.247867   -0.244503   -0.240292   -0.235392   -0.23159   -0.226332   -0.222451   -0.217619   -0.212989   -0.208147   -0.201734   -0.1906   -0.184634   -0.180279   -0.177605   -0.17792   

1215000
-6   -3   -1   0   1   3   4   5   6   7   8   9   10   11   12   13   14   15   16   17   18   
0.426199   0.926543   1.14082   1.2462   1.34405   1.53261   1.62074   1.70261   1.77677   1.8564   1.92168   1.99447   2.05511   2.11148   2.16246   2.18841   2.13454   2.11945   2.09973   2.06616   2.01069   
0.0527048   0.0109147   0.0115702   0.012017   0.0125807   0.0140591   0.0152365   0.0167788   0.0188026   0.0206107   0.0233637   0.0257425   0.0290972   0.0326933   0.0371417   0.0438896   0.058737   0.0709874   0.0844497   0.100245   0.119762   
-0.155104   -0.257123   -0.256288   -0.255317   -0.252921   -0.247905   -0.244557   -0.240364   -0.235424   -0.231661   -0.226363   -0.222521   -0.217704   -0.213029   -0.208221   -0.201751   -0.190609   -0.184647   -0.180289   -0.177618   -0.177931   

1220000
-4   -3   -2   -1   0   1   2   3   4   5   7   8   9   10   11   12   13   14   15   17   18   
0.802343   0.926659   1.03768   1.14096   1.24639   1.34427   1.43927   1.53283   1.62106   1.70305   1.85688   1.9219   1.995   2.05581   2.1118   2.16316   2.18849   2.13462   2.11959   2.06675   2.01043   
0.0126406   0.0108985   0.0109426   0.0115614   0.0120075   0.012573   0.0131431   0.0140475   0.0152193   0.0167539   0.0205807   0.0233484   0.0257071   0.0290465   0.0326692   0.0370856   0.0438827   0.0587304   0.0709687   0.100175   0.119806   
-0.25533   -0.257154   -0.257399   -0.256318   -0.255351   -0.252961   -0.250546   -0.247942   -0.24461   -0.240436   -0.231733   -0.226394   -0.222592   -0.217788   -0.213069   -0.208296   -0.201764   -0.190619   -0.184658   -0.177631   -0.177943   

1225000
-6   -4   -3   -2   -1   0   1   2   3   4   5   7   8   9   10   11   12   13   14   15   17   18   
0.433612   0.806403   0.926768   1.03756   1.14111   1.24657   1.34449   1.43964   1.53304   1.62137   1.70349   1.85736   1.92211   1.99551   2.0565   2.11256   2.16385   2.18851   2.13469   2.11975   2.0673   2.01013   
0.0489208   0.0115997   0.0108831   0.0109519   0.0115528   0.0119983   0.0125649   0.0131251   0.0140361   0.0152025   0.0167293   0.020551   0.0233334   0.0256715   0.0289964   0.0326107   0.0370296   0.0438812   0.0587239   0.0709546   0.100107   0.119854   
-0.15103   -0.255329   -0.257184   -0.257368   -0.256348   -0.255385   -0.253003   -0.250609   -0.247978   -0.244662   -0.240506   -0.231803   -0.226424   -0.22266   -0.217872   -0.213156   -0.208368   -0.20177   -0.190628   -0.184672   -0.177643   -0.177956   

1230000
-9   -6   -4   -3   -2   -1   0   1   2   3   4   5   6   7   8   9   11   12   13   14   16   17   18   
0.287425   0.425911   0.806471   0.926871   1.03743   1.14125   1.24674   1.3447   1.44   1.53325   1.62168   1.70393   1.77788   1.85783   1.92231   1.99602   2.11339   2.16452   2.18846   2.13476   2.10073   2.06779   2.00976   
0.0821417   0.0525722   0.0115839   0.0108683   0.0109628   0.0115444   0.0119893   0.0125571   0.0131073   0.014025   0.015186   0.016705   0.0187361   0.0205217   0.0233186   0.0256368   0.0325463   0.0369755   0.0438855   0.0587175   0.0843333   0.100047   0.119907   
-0.131408   -0.155247   -0.255349   -0.257212   -0.257333   -0.256377   -0.255418   -0.253044   -0.250671   -0.248014   -0.244714   -0.240576   -0.235593   -0.231873   -0.226453   -0.222728   -0.213249   -0.208439   -0.201771   -0.190637   -0.180336   -0.177654   -0.17797   

1235000
-6   -5   -4   -2   -1   0   2   3   4   5   6   7   8   9   11   12   13   14   16   17   18   
0.433776   0.680633   0.806537   1.03728   1.14138   1.24691   1.44036   1.53345   1.62198   1.70436   1.7785   1.8583   1.92297   1.99653   2.11421   2.16517   2.18834   2.13482   2.10146   2.06823   2.00932   
0.0490219   0.0130652   0.0115685   0.0109756   0.0115362   0.0119804   0.0130899   0.0140142   0.0151697   0.0166811   0.0187001   0.0204927   0.0232755   0.0256025   0.0324831   0.0369218   0.0438964   0.0587128   0.0842489   0.0999914   0.119979   
-0.150888   -0.25203   -0.255368   -0.257293   -0.256405   -0.25545   -0.250733   -0.248048   -0.244764   -0.240645   -0.235687   -0.231942   -0.226542   -0.222795   -0.213342   -0.208509   -0.201766   -0.190645   -0.180364   -0.177665   -0.177986   

1240000
-8   -5   -4   -3   -2   -1   0   2   3   4   5   6   7   8   9   11   12   13   14   15   16   17   18   
0.319939   0.680718   0.806601   0.927059   1.0371   1.14152   1.24708   1.44071   1.53365   1.62227   1.70478   1.77911   1.85876   1.92368   1.99702   2.11502   2.16582   2.18815   2.13487   2.12069   2.10215   2.06864   2.00885   
0.0692616   0.0130443   0.0115536   0.0108407   0.0109904   0.0115282   0.0119718   0.0130726   0.0140038   0.0151537   0.0166575   0.0186645   0.020464   0.0232297   0.0255685   0.0324208   0.0368699   0.0439127   0.0587081   0.0708532   0.0841694   0.0999413   0.120048   
-0.140655   -0.252055   -0.255387   -0.257264   -0.257247   -0.256432   -0.255482   -0.250793   -0.248081   -0.244814   -0.240713   -0.235779   -0.23201   -0.226637   -0.222861   -0.213434   -0.208577   -0.201754   -0.190653   -0.184731   -0.18039   -0.177676   -0.178002   

1245000
-10   -5   -4   -3   -2   -1   0   2   3   4   5   6   7   9   11   12   13   14   15   16   17   18   
0.251982   0.680805   0.806664   0.927145   1.0369   1.14165   1.24724   1.44106   1.53384   1.62256   1.7052   1.77972   1.85922   1.99752   2.11583   2.16644   2.18785   2.13491   2.12126   2.1028   2.06902   2.00854   
0.0936643   0.0130233   0.0115391   0.0108278   0.0110072   0.0115203   0.0119633   0.0130556   0.0139936   0.015138   0.0166342   0.0186293   0.0204356   0.0255351   0.0323591   0.036819   0.0439381   0.0587036   0.0707929   0.0840918   0.0998951   0.120097   
-0.124174   -0.252081   -0.255405   -0.257289   -0.257196   -0.25646   -0.255512   -0.250853   -0.248113   -0.244864   -0.24078   -0.235871   -0.232078   -0.222927   -0.213524   -0.208644   -0.201734   -0.190659   -0.184763   -0.180415   -0.177686   -0.178015   

1250000
-9   -6   -5   -4   -3   -2   -1   0   1   2   3   4   5   6   7   9   10   11   12   13   14   15   16   17   18   
0.285878   0.425424   0.680893   0.806725   0.927225   1.03668   1.14177   1.2474   1.34543   1.4414   1.53402   1.62285   1.70561   1.78032   1.85968   1.998   2.05984   2.11662   2.16706   2.18749   2.13494   2.1218   2.10341   2.06935   2.00852   
0.0817798   0.0523205   0.0130022   0.0115248   0.0108155   0.0110261   0.0115126   0.0119551   0.0125309   0.0130388   0.0139838   0.0151226   0.0166112   0.0185945   0.0204075   0.0255021   0.0287535   0.0322982   0.0367697   0.0439701   0.0587007   0.0707355   0.0840176   0.0998553   0.1201   
-0.131669   -0.155546   -0.252107   -0.255423   -0.257312   -0.257139   -0.256486   -0.255543   -0.253179   -0.250912   -0.248144   -0.244912   -0.240847   -0.235962   -0.232145   -0.222991   -0.218278   -0.213614   -0.20871   -0.201707   -0.190666   -0.184794   -0.180438   -0.177696   -0.178022   

1255000
-5   -4   -3   -2   -1   0   1   2   3   4   5   6   7   8   9   10   11   12   13   14   15   16   17   18   
0.680983   0.806784   0.9273   1.03643   1.1419   1.24756   1.34551   1.44174   1.5342   1.62313   1.70602   1.78092   1.86012   1.92578   1.99847   2.06048   2.1174   2.16766   2.18704   2.13497   2.12231   2.10399   2.06965   2.00838   
0.012981   0.0115109   0.0108037   0.0110473   0.0115051   0.011947   0.0125293   0.0130223   0.0139742   0.0151074   0.0165885   0.01856   0.0203798   0.0230938   0.0254699   0.0287064   0.0322381   0.0367216   0.0440087   0.0586993   0.070681   0.083948   0.0998192   0.120125   
-0.252133   -0.255441   -0.257334   -0.257077   -0.256512   -0.255572   -0.253185   -0.25097   -0.248173   -0.244959   -0.240912   -0.236051   -0.232211   -0.226923   -0.223054   -0.218357   -0.213703   -0.208775   -0.201674   -0.190671   -0.184825   -0.180461   -0.177706   -0.178031   

1260000
-7   -5   -4   -3   -2   -1   0   1   2   3   4   5   6   7   8   9   10   11   12   13   14   15   16   17   18   
0.390563   0.681077   0.806844   0.927371   1.03642   1.14202   1.24771   1.34566   1.44207   1.53437   1.62341   1.70642   1.78151   1.86057   1.92649   1.99894   2.06112   2.11817   2.16824   2.18653   2.13497   2.12281   2.10456   2.06991   2.00813   
0.0590016   0.0129594   0.0114973   0.0107924   0.0110456   0.0114978   0.0119391   0.012525   0.0130059   0.0139649   0.0150925   0.0165661   0.0185259   0.0203523   0.0230486   0.0254381   0.0286599   0.0321785   0.0366744   0.0440533   0.0587003   0.0706282   0.0838854   0.0997873   0.120162   
-0.143521   -0.252161   -0.255458   -0.257355   -0.257081   -0.256537   -0.255601   -0.253206   -0.251028   -0.248202   -0.245006   -0.240977   -0.236141   -0.232277   -0.22702   -0.223116   -0.218435   -0.21379   -0.208838   -0.201635   -0.190676   -0.184854   -0.180484   -0.177715   -0.178042   

1265000
-7   -6   -5   -3   -2   -1   0   1   4   5   6   7   8   9   10   11   12   13   14   15   16   17   18   
0.369818   0.521936   0.681173   0.927437   1.03648   1.14214   1.24786   1.34597   1.62368   1.70682   1.78209   1.86101   1.92718   1.9994   2.06175   2.11894   2.16881   2.18597   2.13496   2.12329   2.10507   2.07014   2.00778   
0.061213   0.0193173   0.0129375   0.0107815   0.0110367   0.0114906   0.0119315   0.0125148   0.0150779   0.0165439   0.0184922   0.0203252   0.0230038   0.0254065   0.028614   0.0321204   0.0366289   0.0441022   0.0587035   0.0705777   0.0838211   0.0997612   0.120214   
-0.146058   -0.236837   -0.252188   -0.257375   -0.257107   -0.256562   -0.255628   -0.253261   -0.245052   -0.241041   -0.236229   -0.232342   -0.227115   -0.223177   -0.218512   -0.213877   -0.2089   -0.201591   -0.19068   -0.184883   -0.180505   -0.177723   -0.178055   

1270000
-5   -4   -2   -1   0   1   2   3   4   5   6   7   8   9   10   11   12   13   14   15   16   17   18   
0.681273   0.806967   1.03653   1.14225   1.248   1.34632   1.44273   1.5347   1.62395   1.70721   1.78267   1.86145   1.92787   1.99985   2.06238   2.11969   2.16936   2.18539   2.13493   2.12375   2.10558   2.07033   2.00734   
0.0129152   0.0114703   0.011029   0.0114838   0.0119242   0.0125032   0.012974   0.0139472   0.0150635   0.016522   0.0184588   0.0202983   0.0229595   0.0253756   0.0285689   0.0320635   0.0365844   0.044152   0.0587052   0.0705258   0.0837666   0.0997419   0.120278   
-0.252217   -0.255493   -0.257129   -0.256586   -0.255655   -0.253322   -0.251141   -0.248256   -0.245097   -0.241104   -0.236316   -0.232407   -0.22721   -0.223238   -0.218589   -0.213963   -0.20896   -0.201545   -0.190682   -0.184909   -0.180527   -0.177732   -0.17807   

1275000
-8   -5   -4   -3   -2   -1   0   1   2   3   4   5   6   7   8   9   10   11   12   13   14   15   16   17   18   
0.32596   0.681377   0.807104   0.927559   1.03656   1.14236   1.24814   1.34666   1.44305   1.53485   1.62421   1.7076   1.78324   1.86188   1.92856   2.0003   2.063   2.12042   2.1699   2.18483   2.1349   2.12421   2.10604   2.07047   2.00685   
0.0705111   0.0128925   0.011453   0.010761   0.0110223   0.0114772   0.0119171   0.0124919   0.0129583   0.0139387   0.0150494   0.0165004   0.0184257   0.0202717   0.0229156   0.0253451   0.0285244   0.0320071   0.0365411   0.0442021   0.058709   0.0704789   0.0837121   0.0997234   0.120354   
-0.139941   -0.252247   -0.255524   -0.257413   -0.257149   -0.256609   -0.255681   -0.253383   -0.251196   -0.248281   -0.245142   -0.241167   -0.236403   -0.232471   -0.227303   -0.223298   -0.218665   -0.214047   -0.209019   -0.2015   -0.190684   -0.184937   -0.180546   -0.177739   -0.178087   

1280000
-6   -4   -2   -1   0   2   4   5   6   7   8   9   10   11   12   13   14   15   16   17   18   
0.432946   0.807239   1.03658   1.14246   1.24828   1.44338   1.62446   1.70798   1.78381   1.8623   1.92923   2.00074   2.06361   2.12115   2.17043   2.18462   2.13485   2.12463   2.10648   2.07058   2.00631   
0.0486717   0.0114358   0.0110167   0.0114708   0.0119103   0.0129423   0.0150356   0.016479   0.0183931   0.0202455   0.0228722   0.0253149   0.0284796   0.0319522   0.0364992   0.0442204   0.0587145   0.0704275   0.0836613   0.099714   0.120433   
-0.151176   -0.255555   -0.257165   -0.256631   -0.255706   -0.251254   -0.245185   -0.241229   -0.236489   -0.232533   -0.227396   -0.223357   -0.21874   -0.21413   -0.209077   -0.201486   -0.190685   -0.184961   -0.180565   -0.177748   -0.178104   

1285000
-6   -3   -2   -1   0   2   4   5   6   7   8   9   10   11   12   13   14   15   16   17   18   
0.424724   0.927671   1.03658   1.14257   1.24841   1.4437   1.62472   1.70836   1.78437   1.86272   1.92991   2.00118   2.06422   2.12185   2.17094   2.18451   2.13481   2.12506   2.10688   2.07066   2.00586   
0.0516995   0.0107418   0.0110121   0.0114646   0.0119036   0.0129265   0.0150221   0.0164579   0.0183608   0.0202198   0.0228292   0.0252851   0.0284356   0.0318982   0.0364579   0.0442293   0.0587199   0.0703857   0.0836115   0.0997059   0.1205   
-0.156358   -0.257448   -0.257179   -0.256653   -0.255731   -0.251312   -0.245228   -0.241291   -0.236573   -0.232595   -0.227489   -0.223415   -0.218815   -0.214211   -0.209134   -0.201481   -0.190686   -0.184988   -0.180582   -0.177754   -0.178119   

1290000
-8   -6   -5   -3   -1   0   1   2   3   4   5   6   7   8   9   10   11   12   13   14   15   16   17   18   
0.357601   0.424621   0.681777   0.927757   1.14266   1.24853   1.34764   1.44403   1.53574   1.62496   1.70874   1.78493   1.86313   1.93057   2.00161   2.06482   2.12254   2.17145   2.18435   2.13475   2.12548   2.10726   2.0707   2.00547   
0.0711973   0.0516009   0.0128173   0.0107308   0.0114586   0.011897   0.0124587   0.0129108   0.0138933   0.0150089   0.016437   0.0183288   0.0201944   0.0227863   0.0252558   0.0283916   0.0318456   0.0364173   0.0442436   0.0587258   0.0703416   0.0835689   0.099702   0.120559   
-0.136262   -0.156492   -0.252352   -0.257471   -0.256674   -0.255755   -0.253559   -0.251368   -0.24843   -0.245269   -0.241352   -0.236658   -0.232657   -0.22758   -0.223473   -0.218888   -0.214291   -0.20919   -0.201472   -0.190686   -0.185013   -0.1806   -0.177761   -0.178133   

1295000
-8   -6   -5   -4   -3   -2   -1   0   1   2   3   4   5   6   7   8   9   11   12   13   14   15   16   17   18   
0.357775   0.418789   0.681972   0.807634   0.9279   1.03663   1.14276   1.24866   1.34799   1.44435   1.53614   1.6252   1.70911   1.78548   1.86354   1.93123   2.00204   2.12322   2.17194   2.18413   2.1347   2.12587   2.10761   2.07072   2.00503   
0.0712424   0.0434789   0.0127878   0.0113858   0.0107168   0.0110015   0.0114528   0.0118907   0.0124466   0.0128954   0.0138736   0.0149959   0.0164164   0.0182971   0.0201693   0.022744   0.0252266   0.0317943   0.0363776   0.0442623   0.0587313   0.070299   0.083529   0.0997033   0.120626   
-0.136207   -0.168332   -0.2524   -0.255645   -0.257504   -0.257212   -0.256694   -0.255778   -0.253624   -0.251425   -0.248496   -0.24531   -0.241412   -0.236741   -0.232717   -0.227671   -0.22353   -0.214369   -0.209245   -0.201457   -0.190687   -0.185037   -0.180617   -0.177768   -0.178148   

1300000
-8   -5   -4   -3   -2   -1   0   1   2   3   4   5   6   7   8   9   10   11   12   13   15   16   17   18   
0.335261   0.682173   0.807762   0.92804   1.03672   1.14285   1.24878   1.34834   1.44466   1.53653   1.62543   1.70948   1.78602   1.86394   1.93188   2.00246   2.06601   2.12391   2.17243   2.18384   2.12626   2.10794   2.07067   2.00454   
0.0734374   0.0127575   0.0113696   0.0107032   0.0109924   0.0114471   0.0118846   0.0124346   0.0128801   0.0138542   0.0149833   0.016396   0.0182658   0.0201444   0.0227021   0.0251978   0.0283053   0.031742   0.0363388   0.044287   0.0702584   0.0834933   0.0997061   0.120694   
-0.13679   -0.252448   -0.255674   -0.257536   -0.25724   -0.256714   -0.2558   -0.253688   -0.25148   -0.248561   -0.24535   -0.241471   -0.236824   -0.232777   -0.227761   -0.223585   -0.219034   -0.214443   -0.209298   -0.201436   -0.185061   -0.180633   -0.177772   -0.178163   

1305000
-10   -6   -5   -4   -3   -2   -1   0   1   2   4   5   6   7   8   9   10   11   12   13   15   16   17   18   
0.248294   0.527047   0.68238   0.807889   0.928176   1.03681   1.14294   1.2489   1.34867   1.44497   1.62566   1.70984   1.78656   1.86434   1.93253   2.00288   2.0666   2.12515   2.1729   2.18349   2.12663   2.10824   2.07062   2.00402   
0.0927911   0.0186341   0.0127264   0.0113535   0.0106899   0.0109838   0.0114417   0.0118787   0.0124228   0.0128651   0.0149709   0.0163759   0.0182348   0.0201199   0.0226606   0.0251696   0.028263   0.0316915   0.036301   0.0443176   0.070219   0.0834596   0.0997219   0.120777   
-0.124638   -0.238729   -0.252498   -0.255702   -0.257567   -0.257267   -0.256733   -0.255822   -0.253751   -0.251535   -0.245389   -0.24153   -0.236906   -0.232836   -0.22785   -0.223641   -0.219106   -0.214612   -0.209351   -0.201409   -0.185084   -0.180648   -0.177779   -0.178181   

1310000
-10   -5   -4   -3   -2   -1   0   1   2   4   5   6   7   8   10   11   12   13   14   15   16   17   18   
0.24797   0.682593   0.808014   0.928308   1.03689   1.14303   1.24901   1.34901   1.44528   1.62588   1.7102   1.7871   1.86474   1.93317   2.06718   2.12634   2.17336   2.18307   2.13477   2.12699   2.10851   2.07055   2.00346   
0.0927103   0.0126944   0.0113377   0.0106769   0.0109759   0.0114365   0.011873   0.012411   0.0128502   0.0149589   0.016356   0.0182043   0.0200957   0.0226195   0.0282209   0.0316446   0.0362639   0.0443539   0.058726   0.0701811   0.0834279   0.0997406   0.120858   
-0.12469   -0.252549   -0.255731   -0.257598   -0.257291   -0.256752   -0.255843   -0.253813   -0.25159   -0.245426   -0.241589   -0.236987   -0.232895   -0.227938   -0.219177   -0.214772   -0.209402   -0.201377   -0.190703   -0.185107   -0.180661   -0.177785   -0.178198   

1315000
-9   -7   -5   -4   -3   -2   -1   0   1   2   3   4   5   6   7   8   10   11   12   13   14   15   16   17   18   
0.295894   0.36496   0.682815   0.808138   0.928437   1.03696   1.14311   1.24912   1.34933   1.44559   1.53769   1.6261   1.71056   1.78763   1.86513   1.93381   2.06775   2.12785   2.17382   2.18282   2.13505   2.12733   2.10875   2.07047   2.00286   
0.0841591   0.0598699   0.0126614   0.011322   0.0106642   0.0109686   0.0114314   0.0118676   0.0123995   0.0128356   0.0137971   0.0149472   0.0163363   0.0181739   0.0200717   0.0225787   0.0281793   0.0316415   0.0362281   0.0443755   0.0586982   0.0701435   0.0833988   0.0997462   0.120946   
-0.129747   -0.14711   -0.252602   -0.255759   -0.257628   -0.257314   -0.25677   -0.255863   -0.253873   -0.251643   -0.248753   -0.245463   -0.241646   -0.237068   -0.232953   -0.228026   -0.219248   -0.215044   -0.209452   -0.201359   -0.190725   -0.185128   -0.180674   -0.177789   -0.178216   

1320000
-5   -4   -3   -2   -1   0   1   2   3   4   5   6   7   8   10   11   12   13   14   15   16   17   18   
0.683045   0.808261   0.928563   1.03702   1.14319   1.24922   1.34965   1.44589   1.53807   1.62631   1.71091   1.78815   1.86551   1.93444   2.06832   2.12838   2.17425   2.18236   2.13532   2.12766   2.10895   2.0704   2.00224   
0.0126275   0.0113065   0.0106518   0.0109618   0.0114265   0.0118622   0.0123882   0.0128211   0.0137781   0.0149358   0.0163169   0.0181438   0.020048   0.0225385   0.028138   0.0316998   0.0361929   0.0444139   0.0586712   0.0701093   0.083377   0.0997609   0.12104   
-0.252657   -0.255786   -0.257657   -0.257336   -0.256787   -0.255883   -0.253933   -0.251697   -0.248818   -0.245499   -0.241703   -0.237147   -0.23301   -0.228113   -0.219318   -0.215143   -0.209501   -0.201323   -0.190746   -0.185149   -0.180686   -0.177795   -0.178235   

1325000
-7   -6   -5   -4   -3   -2   -1   0   1   2   3   4   5   6   7   8   9   10   11   12   13   14   15   16   17   18   
0.384459   0.529504   0.683282   0.808382   0.928686   1.03708   1.14327   1.24933   1.34997   1.44619   1.53845   1.62651   1.71126   1.78867   1.86589   1.93506   2.00449   2.06888   2.12847   2.17468   2.18164   2.13558   2.12798   2.10913   2.07034   2.00177   
0.0573216   0.0183179   0.0125927   0.0112911   0.0106397   0.0109555   0.0114218   0.011857   0.0123769   0.0128068   0.0137593   0.0149247   0.0162978   0.0181141   0.0200245   0.0224989   0.0250595   0.0280972   0.0316999   0.0361586   0.0444775   0.0586461   0.0700759   0.0833581   0.0997684   0.121107   
-0.144598   -0.239605   -0.252713   -0.255814   -0.257685   -0.257356   -0.256804   -0.255902   -0.253992   -0.251749   -0.248882   -0.245533   -0.241759   -0.237226   -0.233066   -0.228199   -0.223856   -0.219387   -0.215121   -0.209549   -0.201264   -0.190767   -0.18517   -0.180697   -0.1778   -0.17825   

1330000
-5   -4   -3   -2   -1   0   1   2   3   4   5   6   7   8   9   10   11   12   13   14   15   16   17   18   
0.683526   0.808502   0.928805   1.03713   1.14334   1.24943   1.35028   1.44648   1.53883   1.62671   1.7116   1.78919   1.86627   1.93568   2.00489   2.06944   2.12877   2.17509   2.18084   2.13583   2.12828   2.10928   2.07047   2.00134   
0.0125571   0.0112759   0.0106278   0.0109498   0.0114173   0.0118519   0.0123658   0.0127926   0.0137407   0.014914   0.016279   0.0180848   0.0200014   0.0224598   0.0250323   0.0280569   0.0316772   0.036126   0.0445469   0.0586207   0.0700443   0.0833422   0.0997566   0.121171   
-0.25277   -0.255841   -0.257713   -0.257375   -0.256821   -0.255921   -0.25405   -0.251801   -0.248945   -0.245567   -0.241815   -0.237305   -0.233122   -0.228285   -0.223911   -0.219456   -0.215133   -0.209596   -0.201198   -0.190787   -0.185189   -0.180708   -0.177807   -0.178264   

1335000
-6   -5   -4   -3   -2   -1   0   1   2   3   4   5   6   7   8   9   10   11   12   13   14   15   16   17   18   
0.42353   0.683783   0.808621   0.928921   1.03717   1.14342   1.24953   1.35059   1.44677   1.5392   1.6269   1.71193   1.7897   1.86664   1.93629   2.00528   2.06999   2.12913   2.17548   2.17998   2.13607   2.12856   2.10942   2.07094   2.00084   
0.0505905   0.0125209   0.0112608   0.0106162   0.0109446   0.0114128   0.011847   0.0123548   0.0127787   0.0137224   0.0149035   0.0162605   0.0180557   0.0199785   0.022421   0.0250055   0.0280171   0.0316472   0.0360939   0.0446214   0.0585966   0.0700163   0.0833276   0.0996996   0.121246   
-0.157874   -0.25283   -0.255868   -0.25774   -0.257392   -0.256837   -0.25594   -0.254107   -0.251852   -0.249008   -0.2456   -0.241869   -0.237382   -0.233178   -0.228369   -0.223964   -0.219524   -0.21516   -0.209639   -0.201127   -0.190806   -0.185208   -0.180718   -0.177818   -0.17828   

1340000
-8   -5   -4   -2   -1   0   1   2   3   4   5   6   7   8   9   10   11   12   13   14   15   16   17   18   
0.333438   0.684055   0.808738   1.03721   1.14349   1.24962   1.35089   1.44706   1.53956   1.62708   1.71226   1.7902   1.86701   1.93689   2.00568   2.07054   2.12955   2.17586   2.17908   2.13631   2.12882   2.10954   2.07134   2.00028   
0.0729936   0.0124843   0.0112459   0.01094   0.0114084   0.0118423   0.0123439   0.0127649   0.0137043   0.0148934   0.0162422   0.018027   0.019956   0.0223828   0.0249793   0.0279778   0.0316139   0.0360636   0.0447009   0.058575   0.0699888   0.0833164   0.0996484   0.121328   
-0.137053   -0.252893   -0.255894   -0.257407   -0.256852   -0.255957   -0.254163   -0.251903   -0.249069   -0.245631   -0.241923   -0.237459   -0.233233   -0.228452   -0.224018   -0.219591   -0.215197   -0.209682   -0.201052   -0.190826   -0.185225   -0.180727   -0.177828   -0.178297   

1345000
-5   -4   -3   -2   0   1   2   3   4   5   6   7   8   9   10   12   13   14   15   16   17   18   
0.684355   0.808854   0.929142   1.03723   1.24972   1.35118   1.44734   1.53992   1.62726   1.71259   1.7907   1.86738   1.93748   2.00606   2.07107   2.17623   2.17808   2.13654   2.12906   2.10964   2.0717   1.99967   
0.0124477   0.0112311   0.0105939   0.0109359   0.0118378   0.0123331   0.0127513   0.0136865   0.0148835   0.0162241   0.0179988   0.0199337   0.022345   0.0249532   0.027939   0.0360343   0.0447863   0.0585524   0.0699633   0.0833066   0.0996044   0.121418   
-0.252963   -0.25592   -0.257792   -0.257421   -0.255974   -0.254218   -0.251954   -0.24913   -0.245662   -0.241977   -0.237534   -0.233287   -0.228534   -0.22407   -0.219658   -0.209724   -0.200969   -0.190844   -0.185242   -0.180736   -0.177837   -0.178316   

1350000
-5   -4   -3   -2   -1   0   1   2   3   4   5   6   7   8   9   10   11   12   13   14   15   16   17   18   
0.684667   0.80897   0.929248   1.03725   1.14363   1.24983   1.35147   1.44762   1.54028   1.62743   1.71292   1.79118   1.86774   1.93807   2.00644   2.07161   2.13049   2.17658   2.17719   2.13675   2.12929   2.10974   2.07203   1.99899   
0.0124119   0.0112165   0.0105832   0.0109325   0.0113999   0.0118318   0.0123224   0.0127378   0.0136689   0.0148739   0.0162062   0.0179709   0.0199117   0.0223082   0.0249274   0.0279006   0.0315401   0.0360061   0.0448632   0.0585303   0.0699391   0.0832956   0.0995646   0.121518   
-0.253036   -0.255946   -0.257817   -0.257433   -0.256883   -0.255997   -0.254272   -0.252003   -0.24919   -0.245691   -0.24203   -0.237609   -0.233341   -0.228616   -0.224122   -0.219723   -0.215294   -0.209764   -0.200895   -0.190861   -0.185258   -0.180744   -0.177847   -0.178336   

1355000
-6   -5   -4   -3   -2   -1   0   1   2   3   4   5   6   7   8   9   10   11   12   13   14   15   16   17   18   
0.533006   0.684987   0.809083   0.92935   1.03726   1.12719   1.24997   1.35176   1.4479   1.54063   1.6276   1.71324   1.79167   1.8681   1.93864   2.00682   2.07213   2.13096   2.17692   2.17655   2.13696   2.12951   2.10983   2.07232   1.99827   
0.0178775   0.0123777   0.011202   0.0105727   0.0109296   0.00736414   0.0118244   0.0123119   0.0127245   0.0136515   0.0148645   0.0161886   0.0179434   0.0198899   0.0222714   0.0249019   0.0278628   0.0315032   0.0359791   0.0449192   0.0585096   0.0699159   0.0832899   0.09953   0.121624   
-0.240838   -0.253111   -0.255972   -0.257841   -0.257444   -0.251969   -0.256025   -0.254326   -0.252053   -0.24925   -0.24572   -0.242082   -0.237683   -0.233394   -0.228696   -0.224172   -0.219788   -0.215345   -0.209802   -0.200843   -0.190878   -0.185273   -0.180753   -0.177855   -0.178356   

1360000
-5   -4   -3   -2   0   1   2   3   4   5   6   7   8   9   10   11   12   13   14   15   16   17   18   
0.685313   0.809195   0.929448   1.03726   1.25011   1.35204   1.44818   1.54098   1.62776   1.71355   1.79214   1.86845   1.93921   2.00719   2.07265   2.13144   2.17724   2.17599   2.13716   2.12971   2.10991   2.07257   1.99766   
0.0123457   0.0111876   0.0105624   0.0109273   0.011817   0.0123014   0.0127114   0.0136343   0.0148554   0.0161712   0.0179162   0.0198684   0.0222354   0.0248771   0.0278259   0.0314664   0.0359538   0.0449685   0.0584921   0.0698941   0.0832734   0.0995004   0.121714   
-0.253186   -0.255997   -0.257865   -0.257452   -0.256053   -0.254379   -0.252102   -0.249308   -0.245748   -0.242134   -0.237756   -0.233446   -0.228775   -0.224223   -0.219852   -0.215395   -0.20984   -0.200798   -0.190896   -0.185287   -0.180759   -0.177864   -0.178374   

1365000
-5   -4   -3   -2   0   2   3   4   5   6   7   8   9   10   11   12   13   14   15   16   17   18   
0.685543   0.809306   0.929544   1.03725   1.25025   1.44845   1.54132   1.62792   1.71387   1.79262   1.8688   1.93977   2.00755   2.07316   2.13191   2.17754   2.17543   2.13734   2.1299   2.11   2.07279   1.997   
0.012321   0.0111734   0.0105525   0.0109256   0.0118098   0.0126984   0.0136174   0.0148465   0.0161541   0.0178894   0.0198472   0.0221998   0.0248525   0.0277892   0.0314297   0.0359289   0.0450167   0.0584725   0.0698744   0.0832693   0.0994745   0.121811   
-0.253237   -0.256022   -0.257888   -0.25746   -0.256081   -0.25215   -0.249366   -0.245775   -0.242185   -0.237828   -0.233498   -0.228853   -0.224272   -0.219915   -0.215446   -0.209874   -0.200753   -0.190911   -0.185301   -0.180768   -0.177872   -0.178394   

1370000
-9   -6   -5   -4   -3   -2   -1   0   1   2   3   5   6   7   8   9   10   11   12   13   14   15   16   17   18   
0.277438   0.422528   0.685709   0.809416   0.929635   1.03724   1.14395   1.25038   1.35259   1.44872   1.54166   1.71417   1.79308   1.86914   1.94032   2.00791   2.07366   2.13238   2.17783   2.17476   2.13752   2.13008   2.11007   2.07297   1.99629   
0.0796289   0.0496453   0.0123015   0.0111594   0.0105427   0.0109242   0.0113812   0.0118026   0.0122808   0.0126855   0.0136008   0.0161371   0.017863   0.0198262   0.0221649   0.0248284   0.027753   0.0313932   0.0359057   0.0450746   0.0584549   0.0698558   0.0832623   0.0994554   0.121914   
-0.133127   -0.159192   -0.25327   -0.256047   -0.25791   -0.257466   -0.25695   -0.256108   -0.254482   -0.252198   -0.249423   -0.242235   -0.237899   -0.23355   -0.228929   -0.224321   -0.219978   -0.215498   -0.209908   -0.200699   -0.190926   -0.185314   -0.180775   -0.17788   -0.178414   

1375000
-5   -4   -3   -2   -1   0   1   2   3   4   5   6   7   8   9   10   11   12   13   14   15   16   17   18   
0.685865   0.809525   0.929724   1.03723   1.1441   1.25051   1.35286   1.44899   1.54199   1.62843   1.71448   1.79354   1.86948   1.94086   2.00826   2.07415   2.13284   2.1781   2.174   2.13768   2.13026   2.11025   2.07311   1.99554   
0.0122848   0.0111455   0.0105333   0.0109232   0.0113728   0.0117955   0.0122706   0.0126729   0.0135845   0.0148191   0.0161203   0.017837   0.0198054   0.0221306   0.0248043   0.0277175   0.0313571   0.0358838   0.0451409   0.0584391   0.069838   0.0832458   0.0994381   0.122024   
-0.253301   -0.256071   -0.257931   -0.257471   -0.256978   -0.256135   -0.254532   -0.252245   -0.249479   -0.245861   -0.242285   -0.237969   -0.2336   -0.229005   -0.224368   -0.220039   -0.215549   -0.20994   -0.200636   -0.19094   -0.185327   -0.180786   -0.177887   -0.178435   

1380000
-5   -4   -3   -2   -1   0   1   2   3   4   5   6   7   8   9   10   11   12   13   14   15   16   17   18   
0.686013   0.809632   0.929808   1.03722   1.14424   1.25065   1.35313   1.44925   1.54232   1.62887   1.71478   1.79399   1.86981   1.9414   2.00861   2.07464   2.1333   2.17836   2.17318   2.13783   2.13042   2.11082   2.07323   1.99474   
0.0122711   0.0111317   0.0105241   0.0109217   0.0113647   0.0117885   0.0122605   0.0126603   0.0135684   0.0147969   0.0161039   0.0178113   0.019785   0.0220966   0.024781   0.0276829   0.0313215   0.035863   0.0452133   0.0584238   0.0698218   0.0831787   0.0994263   0.12214   
-0.253328   -0.256095   -0.257952   -0.257478   -0.257005   -0.256162   -0.254581   -0.252292   -0.249534   -0.245933   -0.242334   -0.238038   -0.23365   -0.229081   -0.224415   -0.2201   -0.215599   -0.20997   -0.200568   -0.190952   -0.18534   -0.18081   -0.177894   -0.178458   

1385000
-8   -5   -4   -3   -2   -1   0   2   3   4   5   6   7   8   9   10   12   13   14   15   16   17   18   
0.330825   0.686149   0.809738   0.929889   1.03729   1.14438   1.25078   1.44951   1.54264   1.6293   1.71508   1.79443   1.87014   1.94193   2.00895   2.07511   2.1786   2.17231   2.13796   2.13058   2.11136   2.0733   1.99391   
0.0723689   0.0122607   0.011118   0.0105151   0.0109154   0.0113568   0.0117815   0.012648   0.0135525   0.0147749   0.0160875   0.017786   0.0197648   0.0220628   0.024758   0.0276485   0.0358435   0.0452887   0.058412   0.0698066   0.083116   0.099418   0.122264   
-0.137471   -0.253351   -0.256119   -0.257972   -0.257499   -0.257032   -0.256189   -0.252338   -0.249588   -0.246004   -0.242383   -0.238106   -0.233699   -0.229156   -0.224462   -0.220159   -0.209999   -0.200496   -0.190965   -0.185353   -0.180832   -0.1779   -0.178481   

1390000
-8   -5   -4   -3   -2   -1   0   1   2   3   4   5   6   7   8   9   10   11   12   13   14   15   16   17   18   
0.330503   0.686271   0.809843   0.917856   1.03736   1.14452   1.25091   1.35364   1.44977   1.54295   1.62973   1.71537   1.79487   1.87047   1.94246   2.00928   2.07558   2.1342   2.17883   2.17155   2.13809   2.13072   2.11187   2.07334   1.99308   
0.0722924   0.0122541   0.0111045   0.00678915   0.0109093   0.011349   0.0117745   0.0122404   0.0126357   0.013537   0.0147531   0.0160714   0.0177612   0.0197449   0.0220292   0.0247354   0.0276148   0.0312515   0.0358254   0.0453545   0.0583999   0.0697898   0.0830573   0.0994128   0.122383   
-0.137525   -0.253371   -0.256143   -0.253717   -0.257519   -0.257057   -0.256216   -0.254679   -0.252384   -0.249641   -0.246074   -0.242431   -0.238173   -0.233748   -0.22923   -0.224507   -0.220217   -0.215699   -0.210027   -0.200434   -0.190977   -0.185363   -0.180854   -0.177905   -0.178504   

1395000
-9   -5   -4   -3   -2   -1   0   2   3   4   5   6   7   8   9   10   11   12   13   14   15   16   17   18   
0.293628   0.686378   0.809946   0.93004   1.03743   1.14465   1.25104   1.45003   1.54326   1.63015   1.71566   1.7953   1.87079   1.94299   2.00961   2.07604   2.13465   2.17905   2.17095   2.1382   2.13085   2.11235   2.07336   1.99224   
0.083635   0.0122513   0.0110912   0.0104981   0.0109036   0.0113415   0.0117676   0.0126236   0.0135217   0.0147316   0.0160555   0.0177368   0.0197253   0.0219959   0.0247133   0.0275822   0.031217   0.0358074   0.0454071   0.0583891   0.0697776   0.0830019   0.0994163   0.122505   
-0.129918   -0.253385   -0.256166   -0.25801   -0.257538   -0.257082   -0.256242   -0.252429   -0.249693   -0.246144   -0.242478   -0.238239   -0.233796   -0.229304   -0.224552   -0.220275   -0.215749   -0.210053   -0.200385   -0.190987   -0.185374   -0.180875   -0.177912   -0.178528   

1400000
-5   -4   -3   -2   -1   0   1   2   3   4   5   6   7   8   9   10   11   12   13   14   15   16   17   
0.686469   0.810048   0.93011   1.02278   1.14478   1.25117   1.35415   1.45028   1.54356   1.63057   1.71595   1.79572   1.87111   1.94351   2.00993   2.07648   2.13509   2.17925   2.17043   2.1383   2.13099   2.11281   2.07333   
0.0122525   0.0110779   0.0104899   0.00707747   0.0113342   0.0117607   0.0122204   0.0126117   0.0135067   0.0147103   0.0160398   0.0177128   0.019706   0.0219629   0.0246916   0.0275501   0.0311829   0.0357918   0.0454537   0.0583791   0.069764   0.0829487   0.0994199   
-0.253395   -0.256189   -0.258028   -0.252888   -0.257107   -0.256268   -0.254774   -0.252474   -0.249745   -0.246212   -0.242525   -0.238304   -0.233844   -0.229377   -0.224595   -0.220331   -0.215798   -0.210078   -0.200343   -0.190997   -0.185385   -0.180895   -0.177916   

1405000
-6   -5   -4   -3   -2   -1   0   1   2   3   4   5   6   7   8   9   10   11   12   13   14   15   16   17   18   
0.537746   0.686545   0.810149   0.930176   1.03755   1.1449   1.25133   1.3544   1.45053   1.54386   1.63098   1.71623   1.79614   1.87142   1.94403   2.01024   2.07692   2.13552   2.17944   2.16987   2.13839   2.13112   2.11324   2.07328   1.99026   
0.0172733   0.0122577   0.0110648   0.0104821   0.0108929   0.0113271   0.0117524   0.0122106   0.0125999   0.0134918   0.0146893   0.0160243   0.0176892   0.0196869   0.0219303   0.0246703   0.0275186   0.0311494   0.0357758   0.0455011   0.0583706   0.0697512   0.0828935   0.0994302   0.122791   
-0.242468   -0.2534   -0.256212   -0.258045   -0.257574   -0.25713   -0.256299   -0.254821   -0.252518   -0.249796   -0.24628   -0.242572   -0.238368   -0.23389   -0.22945   -0.224638   -0.220386   -0.215847   -0.210101   -0.200298   -0.191007   -0.185396   -0.180913   -0.177921   -0.178583   

1410000
-5   -4   -3   -2   -1   0   1   2   3   4   5   6   7   8   9   10   11   12   13   14   15   16   17   18   
0.686603   0.810249   0.930238   1.03761   1.14503   1.25154   1.35464   1.45078   1.54416   1.63139   1.71651   1.79654   1.87173   1.94454   2.01055   2.07735   2.13595   2.17962   2.16924   2.13847   2.13126   2.11367   2.07318   1.98921   
0.0122668   0.0110519   0.0104744   0.010888   0.0113202   0.0117413   0.0122008   0.0125882   0.013477   0.0146685   0.016009   0.017666   0.0196681   0.0218978   0.0246494   0.0274878   0.0311165   0.0357611   0.0455556   0.0583625   0.0697378   0.0828483   0.0994439   0.122948   
-0.2534   -0.256234   -0.258061   -0.25759   -0.257153   -0.25634   -0.254866   -0.252562   -0.249846   -0.246348   -0.242618   -0.238431   -0.233936   -0.229522   -0.22468   -0.22044   -0.215894   -0.210123   -0.200247   -0.191015   -0.185407   -0.180933   -0.177925   -0.178614   

1415000
-6   -5   -4   -3   -1   0   1   2   3   4   5   6   7   8   9   10   11   12   13   14   15   16   17   18   
0.557226   0.686647   0.810347   0.930297   1.14514   1.25175   1.35488   1.45103   1.54445   1.6318   1.71679   1.79695   1.87203   1.94505   2.01085   2.07778   2.13636   2.1798   2.16854   2.13855   2.13142   2.11407   2.07306   1.98814   
0.0143985   0.0122798   0.0110392   0.0104671   0.0113136   0.0117303   0.0121912   0.0125767   0.0134625   0.0146479   0.0159939   0.017643   0.0196497   0.0218656   0.0246291   0.0274577   0.0310841   0.035747   0.0456181   0.0583552   0.069717   0.0828059   0.0994689   0.123109   
-0.24869   -0.253395   -0.256256   -0.258077   -0.257175   -0.25638   -0.254911   -0.252606   -0.249896   -0.246415   -0.242663   -0.238493   -0.233981   -0.229594   -0.224721   -0.220493   -0.215941   -0.210145   -0.200189   -0.191024   -0.185418   -0.180952   -0.177931   -0.178646   

1420000
-6   -5   -4   -3   -2   -1   0   1   2   3   4   5   6   7   8   9   12   13   14   15   16   17   18   
0.557562   0.686676   0.810444   0.930351   1.03771   1.14526   1.25196   1.35511   1.45127   1.54474   1.6322   1.71706   1.79735   1.87233   1.94556   2.01114   2.17997   2.16778   2.13862   2.13197   2.11445   2.0729   1.98707   
0.0144125   0.0122965   0.0110267   0.01046   0.010879   0.0113072   0.0117194   0.0121817   0.0125654   0.0134482   0.0146276   0.015979   0.0176203   0.0196316   0.0218336   0.0246092   0.0357334   0.0456844   0.0583494   0.0696625   0.0827616   0.0994915   0.123267   
-0.248747   -0.253387   -0.256278   -0.258092   -0.257621   -0.257196   -0.25642   -0.254955   -0.252648   -0.249945   -0.246481   -0.242708   -0.238554   -0.234025   -0.229665   -0.224761   -0.210166   -0.200127   -0.191031   -0.18545   -0.180969   -0.177934   -0.178678   

1425000
-9   -7   -6   -5   -4   -3   -2   -1   0   1   2   3   4   5   6   7   8   9   11   12   13   14   15   16   17   18   
0.292643   0.351456   0.557728   0.686692   0.81054   0.930402   1.03775   1.14537   1.25217   1.35534   1.45151   1.54503   1.63259   1.71733   1.79774   1.87262   1.94607   2.01143   2.13718   2.18013   2.16696   2.13868   2.13249   2.11481   2.07273   1.98601   
0.0833655   0.056607   0.0144395   0.0123167   0.0110143   0.0104532   0.0108749   0.011301   0.0117087   0.0121723   0.0125541   0.013434   0.0146074   0.0159643   0.0175978   0.0196138   0.0218019   0.0245898   0.0310207   0.0357204   0.0457561   0.0583445   0.0696064   0.0827221   0.0995141   0.123423   
-0.130052   -0.149598   -0.248761   -0.253374   -0.256299   -0.258106   -0.257635   -0.257216   -0.256459   -0.254998   -0.252691   -0.249993   -0.246546   -0.242752   -0.238615   -0.234069   -0.229736   -0.2248   -0.216033   -0.210187   -0.200061   -0.191039   -0.18548   -0.180987   -0.177937   -0.17871   

1430000
-6   -5   -4   -3   -2   -1   0   1   2   3   4   5   6   7   8   9   11   12   13   14   15   16   17   18   
0.557819   0.686696   0.810634   0.93045   1.03779   1.14548   1.25237   1.35556   1.45174   1.54531   1.63299   1.7176   1.79814   1.8729   1.94657   2.0117   2.13757   2.18029   2.16615   2.13872   2.13298   2.11515   2.07255   1.98495   
0.0144719   0.0123402   0.0110021   0.0104466   0.0108711   0.0112951   0.0116981   0.0121629   0.0125431   0.01342   0.0145875   0.0159498   0.0175756   0.0195964   0.0217706   0.0245705   0.0309899   0.0357066   0.045827   0.0583402   0.0695513   0.0826836   0.0995407   0.12358   
-0.248757   -0.253358   -0.25632   -0.25812   -0.257649   -0.257236   -0.256498   -0.25504   -0.252732   -0.250041   -0.246611   -0.242796   -0.238676   -0.234111   -0.229807   -0.224838   -0.216078   -0.210207   -0.199994   -0.191045   -0.185508   -0.181003   -0.177941   -0.178742   

1435000
-6   -4   -3   -1   0   1   2   3   4   5   6   7   8   9   10   11   12   13   14   15   16   17   18   
0.557864   0.810728   0.930495   1.14558   1.25257   1.35578   1.45197   1.54559   1.63338   1.71786   1.79853   1.87318   1.94706   2.01198   2.07939   2.13796   2.18046   2.16539   2.13876   2.13347   2.11548   2.07236   1.98389   
0.0145074   0.0109901   0.0104402   0.0112895   0.0116876   0.0121537   0.0125322   0.0134061   0.0145674   0.0159355   0.0175535   0.0195792   0.0217395   0.0245521   0.027342   0.0309597   0.0356932   0.0458951   0.0583364   0.0694979   0.0826486   0.0995658   0.123735   
-0.24874   -0.256341   -0.258133   -0.257254   -0.256536   -0.255082   -0.252774   -0.250088   -0.246677   -0.242839   -0.238736   -0.234153   -0.229877   -0.224875   -0.220697   -0.216122   -0.210227   -0.199933   -0.19105   -0.185536   -0.181019   -0.177944   -0.178773   

1440000
-6   -5   -4   -3   -2   -1   0   1   2   3   4   5   6   7   8   9   10   11   12   13   14   15   16   17   18   
0.557879   0.686669   0.810819   0.930538   1.03785   1.14568   1.25277   1.356   1.4522   1.54587   1.63377   1.71812   1.79891   1.87346   1.94755   2.01224   2.07979   2.13834   2.18063   2.16481   2.1388   2.13393   2.11578   2.07219   1.98284   
0.0145448   0.0123963   0.0109783   0.0104339   0.0108646   0.0112842   0.0116772   0.0121446   0.0125214   0.0133924   0.0145476   0.0159213   0.0175317   0.0195624   0.0217086   0.0245336   0.0273139   0.0309301   0.0356793   0.0459474   0.058333   0.0694451   0.0826137   0.0995916   0.123893   
-0.248717   -0.253316   -0.256361   -0.258145   -0.257673   -0.257272   -0.256574   -0.255123   -0.252815   -0.250135   -0.246742   -0.242881   -0.238795   -0.234194   -0.229946   -0.224911   -0.220748   -0.216166   -0.210248   -0.199887   -0.191056   -0.185562   -0.181034   -0.177947   -0.178806   

1445000
-6   -5   -4   -3   -2   -1   0   1   2   3   4   5   6   7   8   9   10   11   12   13   15   16   17   18   
0.557868   0.68664   0.81091   0.930579   1.03787   1.14577   1.25297   1.35621   1.45243   1.54615   1.63416   1.71837   1.79929   1.87373   1.94804   2.01251   2.08018   2.13872   2.1808   2.16422   2.13441   2.11606   2.07204   1.9818   
0.0145836   0.0124283   0.0109666   0.0104279   0.0108618   0.0112792   0.011667   0.0121356   0.0125107   0.0133789   0.0145279   0.0159074   0.0175101   0.019546   0.021678   0.024516   0.027286   0.0309012   0.0356648   0.0459995   0.069399   0.0825811   0.099613   0.124049   
-0.248686   -0.25329   -0.256381   -0.258158   -0.257683   -0.257288   -0.256611   -0.255162   -0.252855   -0.250182   -0.246807   -0.242923   -0.238854   -0.234234   -0.230014   -0.224948   -0.220798   -0.216208   -0.210269   -0.199841   -0.185591   -0.181048   -0.17795   -0.178838   

1450000
-8   -6   -5   -4   -3   -1   0   1   2   3   4   5   6   7   8   9   10   11   12   13   14   15   16   17   18   
0.326658   0.557839   0.686601   0.810999   0.930619   1.14586   1.25316   1.35642   1.45266   1.54642   1.63455   1.71862   1.79967   1.87399   1.94852   2.01276   2.08057   2.13908   2.18099   2.16365   2.13888   2.13485   2.11632   2.0721   1.98076   
0.0713025   0.0146234   0.0124628   0.0109553   0.0104219   0.0112745   0.0116568   0.0121266   0.0125002   0.0133655   0.0145085   0.0158937   0.0174887   0.0195298   0.0216477   0.0244982   0.0272586   0.0308729   0.0356498   0.0460517   0.0583248   0.0693491   0.0825511   0.0996091   0.124201   
-0.138205   -0.248652   -0.253262   -0.256401   -0.25817   -0.257303   -0.256648   -0.255201   -0.252895   -0.250228   -0.246871   -0.242964   -0.238912   -0.234274   -0.230082   -0.224982   -0.220848   -0.21625   -0.210291   -0.199796   -0.191068   -0.185616   -0.181061   -0.177957   -0.17887   

1455000
-6   -5   -4   -2   -1   0   1   2   3   4   5   6   7   8   9   10   11   12   13   14   15   16   17   18   
0.557797   0.686553   0.811078   1.0379   1.14594   1.25335   1.35662   1.45288   1.54669   1.63493   1.71887   1.80004   1.87425   1.949   2.01301   2.08095   2.13944   2.18119   2.16308   2.13902   2.13529   2.11657   2.07232   1.97973   
0.0146636   0.0124994   0.0109442   0.0108573   0.0112702   0.0116468   0.0121178   0.0124898   0.0133522   0.0144893   0.0158803   0.0174676   0.019514   0.0216178   0.024481   0.0272315   0.0308451   0.0356338   0.0461028   0.0583108   0.0693045   0.0825234   0.0995822   0.124353   
-0.248614   -0.253231   -0.256418   -0.257702   -0.257317   -0.256685   -0.25524   -0.252934   -0.250273   -0.246934   -0.243005   -0.23897   -0.234312   -0.230149   -0.225016   -0.220896   -0.21629   -0.210315   -0.199751   -0.19108   -0.185643   -0.181074   -0.177964   -0.178901   

1460000
-6   -5   -4   -3   -2   -1   0   1   2   3   4   5   6   7   8   9   10   11   12   13   14   15   16   17   18   
0.557742   0.686496   0.811146   0.930745   1.03791   1.14602   1.25354   1.35682   1.4531   1.54695   1.6353   1.71912   1.80041   1.8745   1.94947   2.01325   2.08132   2.13978   2.18139   2.16251   2.13939   2.1357   2.11679   2.07247   1.9787   
0.0147043   0.0125379   0.0109335   0.0104074   0.0108556   0.0112663   0.011637   0.0121091   0.0124795   0.0133392   0.0144704   0.015867   0.0174466   0.0194985   0.0215882   0.0244642   0.0272048   0.0308181   0.0356166   0.0461538   0.0582735   0.0692579   0.0825006   0.0995637   0.124504   
-0.248573   -0.253197   -0.256433   -0.258202   -0.257709   -0.25733   -0.256721   -0.255278   -0.252973   -0.250318   -0.246996   -0.243045   -0.239027   -0.23435   -0.230216   -0.22505   -0.220945   -0.21633   -0.210339   -0.199706   -0.191108   -0.185667   -0.181087   -0.17797   -0.178933   

1465000
-6   -5   -4   -3   -2   -1   0   1   2   3   4   5   6   7   8   9   10   11   12   13   14   15   16   17   18   
0.557677   0.686429   0.811211   0.930861   1.03792   1.14609   1.25373   1.35702   1.45332   1.54722   1.63567   1.71935   1.80078   1.87474   1.94994   2.0135   2.08169   2.14012   2.18176   2.16194   2.13976   2.13612   2.11698   2.07257   1.97768   
0.0147452   0.0125783   0.0109231   0.0103972   0.0108542   0.0112627   0.0116272   0.0121005   0.0124694   0.0133262   0.0144517   0.0158539   0.0174259   0.0194833   0.0215589   0.0244478   0.0271785   0.0307916   0.0355872   0.0462049   0.0582373   0.0692147   0.0824813   0.099555   0.124655   
-0.248529   -0.253161   -0.256448   -0.258228   -0.257716   -0.257341   -0.256757   -0.255314   -0.253012   -0.250363   -0.247058   -0.243085   -0.239083   -0.234387   -0.230282   -0.225083   -0.220992   -0.216368   -0.21038   -0.199662   -0.191134   -0.185691   -0.181099   -0.177977   -0.178964   

1470000
-6   -4   -2   -1   0   1   2   3   4   5   7   8   9   10   11   12   13   14   15   16   17   18   
0.557605   0.811274   1.03792   1.14616   1.25391   1.35721   1.45354   1.54748   1.63604   1.71959   1.87499   1.9504   2.01373   2.08206   2.14046   2.18225   2.16138   2.14011   2.13651   2.11715   2.0726   1.97666   
0.0147862   0.0109131   0.010853   0.0112596   0.0116175   0.0120919   0.0124594   0.0133135   0.0144332   0.0158411   0.0194684   0.0215301   0.024431   0.0271523   0.0307656   0.0355481   0.046256   0.0582012   0.0691727   0.082463   0.0995526   0.124803   
-0.248484   -0.256462   -0.257722   -0.257351   -0.256792   -0.255351   -0.25305   -0.250407   -0.247119   -0.243124   -0.234423   -0.230347   -0.225115   -0.221039   -0.216407   -0.210433   -0.199618   -0.19116   -0.185715   -0.181109   -0.177982   -0.178995   

1475000
-6   -5   -4   -3   -2   -1   0   1   2   3   4   5   7   8   9   10   11   12   13   14   15   16   17   18   
0.557521   0.686269   0.811334   0.931083   1.03791   1.14622   1.25409   1.3574   1.45375   1.54773   1.6364   1.71982   1.87522   1.95085   2.01397   2.08242   2.14079   2.18273   2.1608   2.14046   2.1369   2.1173   2.07259   1.97565   
0.0148272   0.0126632   0.0109035   0.0103774   0.010852   0.011257   0.011608   0.0120835   0.0124495   0.0133008   0.0144149   0.0158284   0.0194538   0.0215016   0.0244152   0.0271268   0.0307401   0.0355087   0.0463077   0.0581687   0.069132   0.0824469   0.0995571   0.124956   
-0.248437   -0.253081   -0.256475   -0.258277   -0.257728   -0.257359   -0.256827   -0.255386   -0.253088   -0.25045   -0.24718   -0.243162   -0.234459   -0.230411   -0.225148   -0.221085   -0.216445   -0.210484   -0.199572   -0.191187   -0.185738   -0.181118   -0.177987   -0.179027   

1480000
-6   -5   -4   -3   -1   0   1   2   3   4   5   7   8   9   10   11   12   13   14   15   16   17   18   
0.552503   0.686177   0.811391   0.931191   1.14627   1.25427   1.35758   1.45396   1.54799   1.63676   1.72005   1.87545   1.9513   2.01429   2.08277   2.1411   2.1832   2.1602   2.1408   2.13727   2.11742   2.07252   1.97465   
0.0148359   0.0127075   0.0108943   0.0103678   0.0112548   0.0115985   0.0120753   0.0124398   0.0132884   0.0143968   0.015816   0.0194395   0.0214734   0.0243932   0.0271015   0.0307153   0.0354704   0.0463617   0.0581352   0.0690917   0.0824321   0.0995678   0.125102   
-0.247322   -0.253038   -0.256487   -0.2583   -0.257366   -0.256861   -0.25542   -0.253125   -0.250493   -0.24724   -0.243199   -0.234493   -0.230475   -0.225192   -0.221131   -0.216482   -0.210536   -0.199526   -0.191211   -0.18576   -0.181127   -0.177991   -0.179057   

1485000
-7   -5   -4   -2   -1   0   1   2   3   4   5   6   7   8   9   10   11   12   13   14   15   16   17   18   
0.37453   0.686078   0.811445   1.03791   1.14631   1.25445   1.35776   1.45417   1.54824   1.63711   1.72027   1.80223   1.87568   1.95175   2.01491   2.08312   2.14142   2.18367   2.1596   2.14112   2.13762   2.11754   2.07241   1.97365   
0.0623406   0.0127528   0.0108858   0.0108501   0.0112532   0.0115892   0.0120671   0.0124302   0.013276   0.014379   0.0158038   0.017344   0.0194256   0.0214455   0.0243517   0.0270765   0.030691   0.0354328   0.0464163   0.0581016   0.0690529   0.0824215   0.0995846   0.12525   
-0.144782   -0.252993   -0.256498   -0.257739   -0.25737   -0.256895   -0.255454   -0.253162   -0.250536   -0.247299   -0.243236   -0.239308   -0.234527   -0.230538   -0.225273   -0.221176   -0.216518   -0.210586   -0.19948   -0.191235   -0.185781   -0.181136   -0.177995   -0.179088   

1490000
-9   -5   -4   -3   -2   -1   0   1   2   3   4   5   6   7   8   9   10   11   12   13   14   15   16   17   18   
0.317232   0.685972   0.811496   0.919798   1.03795   1.14634   1.25463   1.35793   1.45437   1.54849   1.63746   1.72049   1.8026   1.8759   1.95219   2.01553   2.08346   2.14172   2.18413   2.159   2.14145   2.13797   2.11763   2.07225   1.97265   
0.08147   0.012799   0.0108778   0.00665215   0.0108464   0.0112523   0.01158   0.0120591   0.0124207   0.0132639   0.0143613   0.0157919   0.0173235   0.0194118   0.0214177   0.0243109   0.0270519   0.0306674   0.0353956   0.0464712   0.0580701   0.0690164   0.0824128   0.0996022   0.125395   
-0.130504   -0.252946   -0.256508   -0.254187   -0.257752   -0.257372   -0.256929   -0.255487   -0.253198   -0.250578   -0.247358   -0.243272   -0.239366   -0.23456   -0.230601   -0.225354   -0.22122   -0.216553   -0.210636   -0.199432   -0.19126   -0.185803   -0.181144   -0.177997   -0.179118   

1495000
-5   -4   -3   -2   -1   0   1   2   3   4   5   6   7   8   9   10   11   12   13   14   15   16   17   18   
0.68586   0.811542   0.931496   1.03803   1.14637   1.2548   1.35811   1.45457   1.54873   1.6378   1.7207   1.80296   1.87611   1.95263   2.01614   2.08381   2.14201   2.18458   2.15844   2.14176   2.1383   2.11771   2.07207   1.97166   
0.0128458   0.0108706   0.0103401   0.0108408   0.0112519   0.0115708   0.0120511   0.0124114   0.0132518   0.0143439   0.0157801   0.0173032   0.0193984   0.0213902   0.0242703   0.0270278   0.0306443   0.0353595   0.0465219   0.0580386   0.06898   0.0824034   0.0996338   0.125541   
-0.252898   -0.256517   -0.258368   -0.257771   -0.257372   -0.256962   -0.25552   -0.253234   -0.250619   -0.247415   -0.243308   -0.239423   -0.234592   -0.230663   -0.225434   -0.221264   -0.216587   -0.210685   -0.199389   -0.191283   -0.185823   -0.181151   -0.178002   -0.179149   

1500000
-6   -5   -4   -1   0   1   2   4   5   6   7   8   9   10   11   12   13   14   15   16   17   18   
0.545371   0.685742   0.811585   1.14638   1.25497   1.35828   1.45478   1.63815   1.72091   1.80332   1.87632   1.95307   2.01675   2.08414   2.1423   2.18502   2.15811   2.14206   2.13861   2.11778   2.07185   1.97068   
0.0163894   0.0128932   0.010864   0.0112522   0.0115618   0.0120433   0.0124021   0.0143267   0.0157686   0.0172831   0.0193852   0.0213629   0.0242301   0.0270042   0.0306219   0.0353235   0.0465519   0.0580068   0.0689472   0.0823966   0.0996622   0.125689   
-0.245007   -0.252848   -0.256525   -0.25737   -0.256995   -0.255552   -0.25327   -0.247473   -0.243342   -0.239479   -0.234624   -0.230725   -0.225515   -0.221307   -0.21662   -0.210733   -0.199364   -0.191305   -0.185842   -0.181158   -0.178003   -0.17918   

