5000
-10   -9   -8   -7   -6   -4   -3   -2   -1   0   1   2   3   4   5   6   7   8   9   10   11   12   13   14   15   16   17   18   
-0.038636   -0.0397009   -0.0423159   -0.0464648   -0.0522835   -0.0704407   -0.0841769   -0.102506   -0.126896   -0.158579   -0.181646   -0.0848647   0.0324488   0.11811   0.189814   0.255334   0.317417   0.377215   0.435208   0.491541   0.546126   0.598952   0.649869   0.698726   0.745436   0.790064   0.832846   0.874138   
0.165736   0.160961   0.15592   0.150652   0.145206   0.133841   0.127893   0.121646   0.114836   0.10691   0.0981753   0.0989342   0.106155   0.113625   0.121107   0.1287   0.13642   0.144269   0.152256   0.160444   0.168897   0.17759   0.186567   0.195863   0.205528   0.215585   0.22601   0.236745   
-0.0472519   -0.0445621   -0.0418533   -0.039173   -0.0365428   -0.0313912   -0.028732   -0.0258002   -0.0223322   -0.0181152   -0.0169318   -0.040551   -0.060549   -0.0696345   -0.0749259   -0.0789146   -0.0824196   -0.0857769   -0.0891679   -0.092703   -0.0964573   -0.100521   -0.104963   -0.109849   -0.115229   -0.121132   -0.127544   -0.134404   

10000
-10   -9   -8   -7   -6   -5   -4   -3   -2   -1   0   1   2   3   4   5   6   7   8   9   10   11   12   13   14   15   16   17   18   
-0.0429986   -0.0447967   -0.0472735   -0.0503998   -0.0543041   -0.0592902   -0.125064   -0.220838   -0.301641   -0.369755   -0.342957   -0.162111   -0.158676   0.00121564   0.118301   0.194829   0.260162   0.321664   0.381125   0.303293   0.495323   0.550015   0.60281   0.653443   0.70168   0.760044   0.8233   0.876685   0.925241   
0.160769   0.155434   0.149932   0.144302   0.138605   0.13285   0.128898   0.124191   0.117   0.107566   0.0981557   0.0943191   0.087404   0.0956663   0.105755   0.114464   0.122857   0.131227   0.139657   0.151425   0.156877   0.165784   0.174981   0.184556   0.194611   0.208334   0.220785   0.231244   0.241197   
-0.0415428   -0.0386141   -0.0357966   -0.0331181   -0.0305895   -0.0282074   -0.011767   0.00852016   0.0233602   0.0353491   0.0300414   -0.0120337   -0.0175829   -0.0552874   -0.0748842   -0.0818763   -0.0858715   -0.0891365   -0.092241   -0.0727958   -0.0987474   -0.102373   -0.106362   -0.11081   -0.115811   -0.124488   -0.135152   -0.143728   -0.151449   

15000
-10   -9   -8   -7   -6   -5   -4   -3   -2   -1   0   1   2   3   4   5   6   7   8   9   10   11   12   13   14   15   16   17   18   
-0.218168   -0.052054   -0.0541875   -0.0565203   -0.059228   -0.0626397   -0.141294   -0.316403   -0.457812   -0.449801   -0.353248   -0.245702   -0.160294   -0.0434017   0.108852   0.197392   0.263982   0.325611   0.385137   0.462282   0.534223   0.603436   0.662617   0.716006   0.779515   0.824206   0.871407   0.919437   0.968162   
0.173674   0.153853   0.148183   0.142435   0.136656   0.13088   0.127203   0.124151   0.115701   0.103467   0.0942333   0.0896296   0.0883725   0.0903198   0.102614   0.112392   0.121183   0.129842   0.138525   0.151023   0.161589   0.172969   0.181547   0.189243   0.203085   0.209066   0.218581   0.229134   0.241843   
-0.00510174   -0.0352162   -0.0324498   -0.0298677   -0.0274628   -0.0252194   -0.00547538   0.0268536   0.0417083   0.0251985   0.00243431   -0.0133529   -0.0191205   -0.0434709   -0.0748686   -0.085615   -0.0898438   -0.0929787   -0.0959339   -0.102993   -0.109504   -0.115744   -0.120573   -0.12502   -0.132013   -0.136419   -0.142055   -0.148155   -0.154679   

20000
-10   -9   -7   -6   -5   -4   -3   -2   -1   0   1   2   3   4   5   6   7   8   9   10   11   12   13   14   15   16   17   18   
-0.311484   -0.31618   -0.277251   -0.0636013   -0.0659428   -0.0693036   -0.213495   -0.441049   -0.413155   -0.292926   -0.179542   -0.0835609   -0.000588567   0.0925926   0.22739   0.316903   0.392111   0.459695   0.519331   0.58406   0.646842   0.696401   0.752233   0.801874   0.851316   0.894831   0.935468   0.660374   
0.180014   0.172972   0.15412   0.135942   0.130144   0.124417   0.121017   0.115193   0.1007   0.0922349   0.089607   0.0913644   0.0956024   0.100529   0.115277   0.126743   0.137011   0.146004   0.153833   0.163742   0.173418   0.179875   0.189336   0.198146   0.207783   0.216973   0.225053   0.218436   
-0.00695795   -0.000836306   0.010207   -0.0254778   -0.0233473   -0.0213506   0.0118826   0.044625   0.00215554   -0.0242193   -0.040462   -0.0493043   -0.0550554   -0.0716313   -0.0936656   -0.102227   -0.107478   -0.111313   -0.114022   -0.117969   -0.121938   -0.124452   -0.128602   -0.132674   -0.137449   -0.142275   -0.147174   -0.0976937   

25000
-10   -9   -8   -7   -6   -5   -4   -3   -2   -1   0   1   2   3   4   5   6   7   8   9   10   11   12   13   14   15   16   17   18   
-0.334311   -0.353125   -0.350551   -0.372241   -0.367963   -0.346252   -0.0712675   -0.0752951   -0.309791   -0.383051   -0.246331   -0.14529   -0.0517299   0.0835238   0.167359   0.286026   0.361499   0.348453   0.500533   0.550487   0.612532   0.665122   0.716012   0.768507   0.828781   0.863181   0.910629   0.954896   0.992726   
0.179911   0.174281   0.165012   0.158954   0.149857   0.140388   0.124182   0.118587   0.114376   0.0980047   0.0899799   0.0885843   0.0917338   0.10231   0.107517   0.119127   0.128503   0.144903   0.148094   0.153703   0.163222   0.17027   0.177896   0.186393   0.198835   0.204462   0.214786   0.224874   0.232833   
-0.0102903   -0.00494491   8.4329e-05   0.00712256   0.01392   0.0215118   -0.0201344   -0.018326   0.0310395   -0.0132515   -0.0434233   -0.0553085   -0.063738   -0.079804   -0.0869337   -0.104951   -0.109868   -0.097927   -0.116777   -0.117458   -0.120517   -0.122598   -0.125144   -0.128479   -0.133432   -0.136542   -0.141429   -0.146469   -0.151433   

30000
-10   -9   -8   -7   -5   -4   -2   -1   0   1   2   3   4   5   6   7   8   9   10   11   12   13   14   15   16   17   18   
-0.342112   -0.349945   -0.34134   -0.38177   -0.422248   -0.412974   -0.186214   -0.344584   -0.219521   -0.0722733   0.0468742   0.15041   0.229546   0.32819   0.391968   0.452081   0.519832   0.570904   0.628942   0.685848   0.739787   0.796928   0.831144   0.881198   0.928875   0.969416   1.00679   
0.178005   0.170373   0.175333   0.156583   0.14163   0.142007   0.113447   0.0942365   0.0874752   0.0910672   0.0976782   0.105489   0.111982   0.120835   0.128435   0.136557   0.145833   0.152911   0.16092   0.170005   0.178094   0.188346   0.193639   0.203974   0.215245   0.224328   0.232107   
-0.0122947   -0.00797503   -0.00327728   0.0022557   0.0168669   0.0238671   0.00878286   -0.0307384   -0.0544611   -0.0737846   -0.0858714   -0.0955169   -0.0997359   -0.110915   -0.11346   -0.115098   -0.117832   -0.118788   -0.120877   -0.12351   -0.126067   -0.129571   -0.131797   -0.136137   -0.140873   -0.145472   -0.150246   

35000
-10   -9   -8   -7   -6   -5   -4   -3   -2   -1   0   1   2   3   4   5   6   7   8   9   10   11   12   13   14   15   16   17   18   
-0.359709   -0.358024   -0.389244   -0.394631   -0.418083   -0.460311   -0.488836   -0.507217   -0.505641   -0.287472   -0.117657   0.00205494   0.096674   0.199557   0.271825   0.353726   0.418605   0.471552   0.533113   0.60217   0.639532   0.69897   0.744648   0.7965   0.855432   0.885483   0.928304   0.96817   1.00779   
0.178155   0.169062   0.164193   0.155421   0.148086   0.141333   0.132756   0.123422   0.114544   0.090994   0.0893952   0.0932216   0.0984623   0.106934   0.113236   0.120355   0.128098   0.135574   0.14378   0.154372   0.159083   0.167918   0.174825   0.183252   0.194918   0.201059   0.210273   0.219161   0.228397   
-0.0136828   -0.00947698   -0.00506336   -0.000264579   0.00560329   0.0140515   0.0221637   0.0296904   0.0446946   -0.0496083   -0.0777544   -0.089229   -0.0963724   -0.104773   -0.107969   -0.113374   -0.115849   -0.116404   -0.118066   -0.121097   -0.120755   -0.123313   -0.125044   -0.127864   -0.131988   -0.13504   -0.139343   -0.14397   -0.149012   

40000
-10   -9   -8   -7   -6   -5   -4   -3   -1   0   1   2   3   4   5   6   7   8   9   10   11   12   13   14   15   16   17   18   
-0.320659   -0.329597   -0.381834   -0.424801   -0.42977   -0.48532   -0.499681   -0.508138   -0.199081   -0.0607168   0.046412   0.134918   0.233596   0.312638   0.362416   0.429973   0.489896   0.557675   0.600439   0.651526   0.714437   0.756889   0.808679   0.866698   0.894583   0.937984   0.976183   0.694569   
0.187825   0.179607   0.161211   0.156186   0.146755   0.140054   0.130615   0.120963   0.0888166   0.0886849   0.0928785   0.0982964   0.106256   0.113668   0.117671   0.12643   0.134383   0.14406   0.150402   0.157699   0.167222   0.173552   0.182014   0.193552   0.199464   0.208848   0.217585   0.21215   
-0.0130217   -0.009881   -0.00650731   -0.00182954   0.00345552   0.0115292   0.0167238   0.019896   -0.0718652   -0.0897716   -0.0977231   -0.103121   -0.11009   -0.113701   -0.112839   -0.116149   -0.117291   -0.119633   -0.119551   -0.120764   -0.12348   -0.124791   -0.127448   -0.131283   -0.134229   -0.138415   -0.142962   -0.0962148   

45000
-10   -9   -8   -7   -6   -5   -4   -3   -2   -1   0   1   3   4   5   6   7   8   9   10   11   12   13   14   15   16   17   18   
-0.320382   -0.339579   -0.405299   -0.446784   -0.442638   -0.486992   -0.506932   -0.472335   -0.327334   -0.135813   -0.0227906   0.0828365   0.247719   0.322383   0.388569   0.446312   0.503258   0.563995   0.629852   0.665042   0.714999   0.766027   0.814256   0.868028   0.639967   0.943307   0.986578   1.02919   
0.186826   0.179522   0.162161   0.156247   0.145624   0.138366   0.128714   0.119218   0.099518   0.0864145   0.0873017   0.0922422   0.104322   0.111731   0.11713   0.125331   0.133052   0.141708   0.151578   0.157135   0.164392   0.172362   0.180257   0.189926   0.188518   0.207191   0.217027   0.226329   
-0.0132498   -0.0106627   -0.00771784   -0.00312578   0.00196258   0.00936871   0.0125007   0.000594773   -0.045076   -0.0864569   -0.0968673   -0.103841   -0.111767   -0.114628   -0.114758   -0.116951   -0.117616   -0.119071   -0.121281   -0.121014   -0.122444   -0.124425   -0.126774   -0.13003   -0.0924576   -0.137561   -0.142047   -0.146675   

50000
-9   -8   -7   -6   -5   -4   -2   -1   1   5   6   7   8   9   10   11   12   13   14   15   16   17   18   
-0.372582   -0.391189   -0.379045   -0.452307   -0.512059   -0.47768   -0.309671   -0.0916905   0.111132   0.401977   0.476665   0.516186   0.566141   0.620663   0.675961   0.74061   0.588341   0.83214   0.869764   0.915428   0.959396   0.991342   1.0336   
0.166197   0.159223   0.161824   0.144974   0.137653   0.126766   0.100554   0.0835935   0.0906622   0.116192   0.125117   0.132158   0.139765   0.147566   0.155723   0.165636   0.169894   0.179955   0.187979   0.197019   0.206621   0.214778   0.225074   
-0.0115149   -0.00811229   -0.00481661   0.000999221   0.00539767   -0.00509766   -0.046345   -0.0960197   -0.107735   -0.115313   -0.118999   -0.118014   -0.118366   -0.119362   -0.120853   -0.123394   -0.0933028   -0.126578   -0.129254   -0.132625   -0.136507   -0.141032   -0.145858   

55000
-10   -9   -8   -7   -6   -5   -4   -3   -2   -1   0   1   2   3   5   6   7   8   9   10   11   12   14   15   16   17   18   
-0.362816   -0.385199   -0.394136   -0.417849   -0.447873   -0.443667   -0.440634   -0.321727   -0.176099   -0.058443   0.0505662   0.145077   0.326617   0.389547   0.42042   0.471109   0.434521   0.582818   0.639214   0.69563   0.733709   0.801783   0.877105   0.935973   0.978652   1.00485   1.03185   
0.171936   0.165824   0.15832   0.150999   0.14341   0.142305   0.124709   0.0966711   0.0822689   0.0813777   0.0848598   0.0891225   0.0877054   0.0933726   0.115844   0.122331   0.136485   0.138872   0.147217   0.155855   0.162578   0.172118   0.186275   0.197341   0.207199   0.214154   0.222446   
-0.0151342   -0.0124584   -0.0086158   -0.00488575   -0.000752109   -0.0102319   -0.0105446   -0.0640773   -0.0915858   -0.102243   -0.108323   -0.111746   -0.119071   -0.11872   -0.117846   -0.117369   -0.102814   -0.118836   -0.119959   -0.121452   -0.122097   -0.124545   -0.128488   -0.131857   -0.135527   -0.139863   -0.145245   

60000
-10   -9   -8   -7   -6   -5   -4   -3   -2   -1   1   2   3   4   5   8   9   10   11   13   14   15   16   17   
-0.367488   -0.380335   -0.404993   -0.416506   -0.426286   -0.453697   -0.418893   -0.359871   -0.149638   -0.0092251   0.262437   0.367367   0.462599   0.530727   0.508883   0.601209   0.653624   0.709151   0.738153   0.856004   0.887757   0.942552   0.972539   1.01479   
0.171505   0.164452   0.157735   0.150175   0.142578   0.133175   0.122327   0.111176   0.0796339   0.0801916   0.0808702   0.0831234   0.0868631   0.0926705   0.104901   0.13831   0.146584   0.155307   0.161044   0.178653   0.185112   0.195865   0.204022   0.213059   
-0.0153805   -0.0123178   -0.00949962   -0.0070342   -0.0109736   -0.0178759   -0.0185591   -0.036581   -0.096817   -0.109889   -0.118882   -0.120983   -0.122326   -0.121723   -0.117199   -0.119445   -0.12022   -0.121577   -0.121594   -0.125801   -0.127804   -0.131012   -0.134802   -0.138771   

65000
-10   -9   -8   -6   -5   -3   -2   -1   0   1   2   3   4   5   9   11   12   13   14   15   16   17   18   
-0.367001   -0.266796   -0.327148   -0.43299   -0.388264   -0.303098   -0.105   0.0072133   0.194361   0.311831   0.40756   0.512311   0.589196   0.576927   0.660974   0.745933   0.818504   0.86912   0.895261   0.948563   0.981489   1.01867   0.713625   
0.170451   0.156625   0.164735   0.14156   0.137064   0.0995705   0.0765959   0.0774403   0.0757745   0.0767406   0.0789105   0.0812606   0.0854481   0.0967312   0.145262   0.160085   0.169457   0.177574   0.183753   0.194016   0.20265   0.211197   0.20612   
-0.0153   -0.0404262   -0.0199486   -0.0185807   -0.0195095   -0.0596927   -0.105587   -0.112269   -0.119796   -0.122296   -0.123085   -0.124381   -0.12338   -0.118016   -0.119945   -0.121336   -0.123576   -0.125281   -0.127102   -0.13009   -0.1338   -0.137894   -0.094869   

70000
-10   -9   -8   -7   -6   -5   -4   -3   -2   -1   0   1   2   3   4   5   6   9   10   11   13   14   16   17   
-0.303785   -0.215565   -0.300488   -0.359444   -0.368235   -0.391763   -0.374745   -0.319778   -0.0610267   0.118523   0.245288   0.34305   0.468277   0.529818   0.605569   0.623718   0.62155   0.662311   0.71314   0.774122   0.867895   0.899811   1.00145   1.01897   
0.180476   0.150458   0.161704   0.145898   0.13801   0.129205   0.116298   0.106349   0.0747358   0.0715116   0.0720362   0.0734572   0.0737521   0.0778639   0.0818152   0.0905552   0.105281   0.143639   0.15175   0.160943   0.175041   0.182312   0.201635   0.209319   
-0.0209189   -0.0563848   -0.0272741   -0.0264795   -0.023984   -0.0237783   -0.0412451   -0.045338   -0.112773   -0.121514   -0.123996   -0.124353   -0.127172   -0.124413   -0.123084   -0.118589   -0.116968   -0.119333   -0.120294   -0.122022   -0.124377   -0.126437   -0.132281   -0.137277   

75000
-10   -9   -8   -7   -5   -4   -3   -2   -1   0   1   2   3   4   6   8   11   13   14   
-0.15836   -0.136903   -0.193675   -0.228108   -0.379028   -0.357993   -0.156306   -0.0440053   0.184976   0.27086   0.397196   0.476112   0.577484   0.663253   0.665166   0.619299   0.776815   0.865012   0.904188   
0.15142   0.150945   0.139027   0.134309   0.131976   0.120392   0.0725788   0.0719961   0.0676833   0.0691052   0.0692294   0.0713237   0.0725858   0.0744702   0.0989525   0.13414   0.158821   0.173033   0.181016   
-0.0652014   -0.0632913   -0.060919   -0.0543583   -0.0322592   -0.0366338   -0.108765   -0.115436   -0.127546   -0.125688   -0.128569   -0.126755   -0.126715   -0.125047   -0.116803   -0.118453   -0.12128   -0.123664   -0.125816   

80000
-10   -9   -8   -7   -6   -4   -3   -2   -1   0   1   2   3   4   5   10   11   12   16   
-0.135515   -0.132604   -0.142559   -0.209296   -0.259468   -0.318868   -0.112697   0.0709744   0.206254   0.328768   0.402371   0.514357   0.617045   0.690595   0.75181   0.716962   0.770056   0.815689   1.03368   
0.14754   0.140217   0.133569   0.1298   0.124848   0.0946447   0.0697741   0.0651517   0.0648641   0.0651401   0.0671738   0.0673268   0.0679755   0.0699225   0.0744878   0.149686   0.156879   0.164418   0.188217   
-0.0745336   -0.0715166   -0.0686087   -0.0612844   -0.0512683   -0.070655   -0.116281   -0.125423   -0.12893   -0.130746   -0.128122   -0.129022   -0.128673   -0.125428   -0.121897   -0.11953   -0.12043   -0.121648   -0.125267   

85000
-10   -9   -8   -7   -6   -3   -2   0   1   2   3   4   5   6   7   8   13   14   15   16   17   
-0.0914992   -0.0944126   -0.129528   -0.149033   -0.235695   0.00569854   0.109225   0.330226   0.439475   0.548524   0.64975   0.716374   0.790625   0.764646   0.626689   0.749065   0.894207   0.936291   1.01683   1.09532   1.04751   
0.142191   0.134943   0.129967   0.124132   0.121017   0.0616762   0.062144   0.0633291   0.0637384   0.0636417   0.0639218   0.0646105   0.0688884   0.0845445   0.114819   0.119585   0.171341   0.177824   0.175993   0.178428   0.204414   
-0.0810525   -0.0803325   -0.0758362   -0.0684033   -0.0585567   -0.128028   -0.129116   -0.130222   -0.130865   -0.131106   -0.130269   -0.124886   -0.122929   -0.11741   -0.105609   -0.116674   -0.122699   -0.123785   -0.120385   -0.119325   -0.13348   

90000
-10   -9   -8   -6   -5   -4   -3   -2   -1   0   1   2   4   6   12   14   
-0.0777458   -0.0732664   -0.0800581   -0.206737   -0.236896   -0.0792646   0.0468675   0.146692   0.266672   0.370007   0.473234   0.578664   0.763915   0.825124   0.82857   0.935156   
0.139119   0.131758   0.12466   0.116196   0.091645   0.0586346   0.058557   0.0593352   0.0592897   0.0599807   0.0604064   0.060328   0.0592549   0.0760602   0.162227   0.175884   
-0.087015   -0.084374   -0.0822982   -0.0637333   -0.0850834   -0.12796   -0.132414   -0.132589   -0.133755   -0.133483   -0.133247   -0.132987   -0.127579   -0.118563   -0.120854   -0.123043   

95000
-10   -9   -8   -7   -6   -5   -4   -3   0   2   4   5   6   11   12   14   16   
-0.0548896   -0.0505735   -0.0465883   -0.0981351   -0.154541   -0.145283   -0.0250015   0.054748   0.372652   0.605221   0.828932   0.871585   1.04102   0.78359   0.858531   0.976004   1.11029   
0.135604   0.127607   0.119321   0.116199   0.110725   0.0590483   0.0552904   0.0564572   0.0585198   0.0572268   0.0525436   0.0579514   0.0511632   0.153962   0.16177   0.167761   0.172487   
-0.0902734   -0.0909694   -0.0919581   -0.0793983   -0.0723263   -0.127587   -0.134354   -0.132803   -0.133057   -0.134605   -0.131804   -0.12609   -0.128991   -0.119426   -0.120737   -0.118682   -0.116996   

100000
-10   -9   -6   -5   -4   -3   -2   -1   0   1   7   8   12   13   15   16   
-0.0408447   -0.0253788   -0.166061   -0.177264   -0.01565   0.107069   0.192709   0.300105   0.397182   0.532401   1.20209   1.24461   0.840948   0.898004   1.07478   0.787437   
0.132701   0.123465   0.10879   0.0909245   0.0528094   0.0533167   0.0546962   0.0550045   0.0559798   0.0543156   0.0450699   0.050832   0.16023   0.166874   0.164733   0.177093   
-0.0956216   -0.0989727   -0.073745   -0.0856865   -0.135421   -0.13837   -0.136449   -0.135965   -0.134886   -0.137588   -0.132255   -0.12671   -0.12011   -0.120973   -0.115201   -0.0869304   

105000
-10   -9   -7   -5   -4   -2   -1   0   1   6   7   8   9   11   12   
-0.00545465   0.0203712   -0.0309254   -0.0812557   0.0328417   0.23134   0.332777   0.424126   0.523917   1.19132   1.28629   1.32495   1.4069   0.795054   0.65709   
0.128368   0.118452   0.112136   0.050632   0.0497923   0.0519052   0.0522034   0.0533454   0.0537984   0.0375347   0.0381867   0.0432917   0.0462983   0.152099   0.161637   
-0.101194   -0.105618   -0.0874637   -0.137971   -0.140813   -0.140099   -0.138782   -0.137027   -0.136178   -0.142268   -0.140457   -0.133347   -0.131575   -0.118832   -0.0926239   

110000
-10   -9   -8   -7   -5   -4   -3   1   2   4   6   7   8   9   16   
0.0112129   0.0228832   0.010449   -0.0739885   -0.0359344   0.027763   0.134288   0.548251   0.715924   1.00451   1.22734   1.32979   1.38809   1.48673   1.16137   
0.124775   0.115941   0.10972   0.107269   0.0472832   0.0483584   0.0495943   0.0512138   0.0461741   0.0363768   0.0345195   0.0347997   0.0382553   0.0402032   0.161453   
-0.107487   -0.109445   -0.104757   -0.0911124   -0.143708   -0.139921   -0.140432   -0.137974   -0.14317   -0.147126   -0.146125   -0.145235   -0.139705   -0.139665   -0.112304   

115000
-10   -9   -6   -5   -4   -3   -1   1   2   4   6   7   8   9   10   11   
0.0273429   0.0467873   -0.151791   -0.0474204   0.0566901   0.168397   0.392296   0.604335   0.727367   1.02905   1.25986   1.36607   1.4304   1.51576   0.883389   1.4583   
0.121777   0.113301   0.0842497   0.0461789   0.0460576   0.0470996   0.04684   0.0464393   0.0443928   0.0340517   0.0320208   0.032212   0.0351014   0.0377535   0.127171   0.0590858   
-0.113419   -0.112301   -0.100273   -0.141997   -0.142917   -0.143849   -0.144035   -0.142974   -0.143745   -0.149629   -0.149907   -0.149579   -0.144438   -0.142761   -0.113862   -0.118461   

120000
-10   -9   -7   -6   -5   -1   0   1   5   6   7   8   9   10   11   12   15   16   
0.0769555   0.0943893   0.0164645   -0.110647   -0.0197289   0.418255   0.545001   0.677037   1.16952   1.28793   1.39668   1.46607   1.50625   1.56437   1.60967   1.55876   1.10492   1.18535   
0.121697   0.107529   0.098305   0.0854056   0.0438396   0.0443491   0.0428799   0.0403897   0.0308803   0.0299897   0.0301961   0.0327007   0.0372737   0.0411684   0.046137   0.0591587   0.156967   0.156184   
-0.114565   -0.123417   -0.10425   -0.102277   -0.145167   -0.146333   -0.147968   -0.150006   -0.152525   -0.153378   -0.153499   -0.148785   -0.141165   -0.136409   -0.130857   -0.118162   -0.112384   -0.110415   

125000
-10   -9   -6   -5   -3   -1   0   2   3   5   6   7   8   9   10   11   12   13   
0.075101   0.0695336   -0.076471   0.00869195   0.183395   0.442453   0.521115   0.780367   0.970973   1.19689   1.31219   1.37856   1.46612   1.52765   1.62054   1.69079   1.70461   1.66086   
0.115209   0.107381   0.0830999   0.0415011   0.0444522   0.0419638   0.0436937   0.0387693   0.0318554   0.028958   0.0283204   0.0301694   0.0319668   0.0354152   0.0374814   0.0409299   0.0475073   0.0591122   
-0.122407   -0.121965   -0.104502   -0.148426   -0.144631   -0.148497   -0.145063   -0.148199   -0.157308   -0.155985   -0.15653   -0.150596   -0.148469   -0.143486   -0.142811   -0.139691   -0.130626   -0.118179   

130000
-10   -8   -7   -6   -5   -4   -3   -1   0   5   6   7   8   9   10   11   12   
0.0793153   0.115932   -0.176536   -0.073082   0.0356679   0.143898   0.253781   0.465391   0.588983   1.2202   1.33315   1.38452   1.46179   1.5551   1.61057   1.65368   1.6901   
0.112726   0.0953847   0.0453043   0.0413203   0.0392684   0.0392021   0.0401997   0.039668   0.0381737   0.0273754   0.0269372   0.0292678   0.0314547   0.0335163   0.0371673   0.0419053   0.0475067   
-0.127752   -0.127397   -0.147192   -0.149696   -0.151504   -0.152208   -0.152437   -0.150583   -0.151854   -0.15906   -0.159364   -0.151135   -0.147583   -0.146793   -0.141235   -0.134962   -0.128806   

135000
-10   -9   -8   -6   -5   -1   0   1   3   4   5   6   7   8   9   10   11   12   13   
0.111065   0.134035   0.139567   -0.0493001   0.0596715   0.487702   0.667333   0.805457   1.037   1.1358   1.24004   1.32985   1.39517   1.47074   1.56275   1.60517   1.65757   0.88798   1.64577   
0.110157   0.0988582   0.0920899   0.0391019   0.0372232   0.0374243   0.0324871   0.0302452   0.0262418   0.0262999   0.0260573   0.0264502   0.0282589   0.0304741   0.0325993   0.0366818   0.0409187   0.152097   0.0584811   
-0.130759   -0.139385   -0.132988   -0.152747   -0.154217   -0.152657   -0.161033   -0.16483   -0.165005   -0.162954   -0.161762   -0.15858   -0.152384   -0.148546   -0.147579   -0.140268   -0.135109   -0.117029   -0.116428   

140000
-10   -9   -8   -6   -5   -4   -3   -2   -1   0   1   3   4   5   6   7   8   9   10   11   12   13   14   
0.128059   0.168304   -0.184506   -0.0279359   0.0813588   0.190501   0.248774   0.371856   0.51087   0.677443   0.838188   1.06307   1.158   1.25773   1.327   1.40633   1.48268   1.5492   1.61885   1.68071   1.71501   1.74147   1.78229   
0.107612   0.0963413   0.0593903   0.0371145   0.0353278   0.0352344   0.0387972   0.0378922   0.0351457   0.0312016   0.028049   0.0247373   0.0249542   0.0249228   0.0259931   0.0273139   0.0294685   0.0325273   0.0354111   0.0390779   0.0444124   0.0500609   0.0541207   
-0.134746   -0.141879   -0.141058   -0.155415   -0.156664   -0.15712   -0.150958   -0.152333   -0.154895   -0.161976   -0.169294   -0.16878   -0.166108   -0.164252   -0.157894   -0.153768   -0.149985   -0.145501   -0.141736   -0.137576   -0.130816   -0.123863   -0.118552   

145000
-10   -8   -7   -6   -2   1   3   4   5   6   7   8   9   10   11   12   13   14   15   18   
0.137866   -0.0979462   -0.113847   -0.0079084   0.394261   0.864775   1.08655   1.17684   1.27331   1.33209   1.41826   1.49161   1.55168   1.63935   1.00541   1.75455   1.79451   1.76345   1.75602   1.60091   
0.105147   0.0595604   0.0385628   0.0352792   0.0358284   0.026427   0.02347   0.0238304   0.0239445   0.0253166   0.0264361   0.0286843   0.0318718   0.034032   0.117121   0.0416526   0.0459303   0.0548706   0.0631506   0.110376   
-0.139097   -0.148817   -0.156418   -0.157897   -0.154544   -0.173146   -0.172326   -0.168858   -0.166498   -0.158437   -0.155333   -0.151073   -0.145616   -0.144208   -0.108837   -0.134991   -0.128771   -0.116867   -0.109185   -0.0971143   

150000
-10   -8   -7   -6   -5   -2   0   1   4   5   6   7   8   9   10   11   12   13   14   15   16   
0.139223   -0.189843   -0.0954499   0.0113192   0.12071   0.4689   0.750511   0.892121   1.19372   1.28735   1.33881   1.40847   1.47939   1.56034   1.62905   1.69655   1.76248   1.77229   1.76939   1.82812   1.75055   
0.103071   0.0429736   0.0365403   0.0335754   0.031827   0.0306264   0.0265358   0.0250338   0.0228596   0.0230894   0.024633   0.0263339   0.0286766   0.0310376   0.0339592   0.0372726   0.0407081   0.0465992   0.0537192   0.0564485   0.0717182   
-0.143227   -0.156586   -0.159221   -0.160285   -0.161154   -0.163509   -0.172104   -0.177397   -0.171395   -0.168574   -0.15926   -0.153714   -0.149171   -0.146597   -0.14268   -0.139141   -0.135729   -0.126314   -0.117155   -0.113899   -0.10341   

155000
-8   -6   0   1   2   3   4   5   6   7   8   9   10   11   12   13   14   15   16   18   
0.0044419   0.0301599   0.77889   0.915518   0.997037   1.12761   1.20928   1.30033   1.3457   1.40556   1.47707   1.57058   1.61946   1.68558   1.74352   1.76648   1.80607   1.80686   1.76214   1.6859   
0.0677308   0.0319748   0.0250714   0.0238561   0.0238725   0.0214864   0.0220079   0.0223365   0.0239903   0.0260321   0.0283511   0.030263   0.0338869   0.0372449   0.0410636   0.0463161   0.0503488   0.0577201   0.0701079   0.0988298   
-0.147041   -0.162655   -0.176487   -0.181093   -0.176044   -0.178877   -0.173799   -0.17054   -0.16014   -0.153132   -0.148694   -0.147865   -0.14128   -0.137621   -0.13335   -0.125549   -0.120016   -0.112334   -0.103953   -0.0971201   

160000
-10   -9   -8   -7   -6   -5   -4   -3   -1   0   1   2   3   5   6   7   8   9   10   11   12   13   14   15   16   17   
0.179652   0.210594   -0.160832   0.208204   0.106874   0.159371   0.331052   0.450554   0.675243   0.803534   0.934719   1.01659   1.14547   1.28972   1.35263   1.40633   1.47862   1.55561   1.61932   1.68645   1.7403   1.77972   1.81476   1.79505   1.79366   1.73678   
0.0993793   0.0886053   0.0382721   0.0701696   0.0282162   0.0285734   0.0265154   0.0264505   0.0247828   0.0238497   0.0228353   0.0228727   0.0207061   0.0221772   0.0233928   0.0256303   0.027913   0.0304125   0.0334582   0.0367294   0.0406773   0.0448751   0.0493028   0.0583246   0.0664781   0.0820105   
-0.148256   -0.153266   -0.162537   -0.152986   -0.174468   -0.165834   -0.175727   -0.177414   -0.177261   -0.180386   -0.184131   -0.179143   -0.181837   -0.168557   -0.161057   -0.153101   -0.148772   -0.145667   -0.14112   -0.137576   -0.132811   -0.126669   -0.120687   -0.111517   -0.105443   -0.0994964   

165000
-9   -8   -7   -6   -5   -4   -3   -1   0   1   2   3   4   5   6   7   8   9   10   11   12   13   14   15   16   17   
-0.172382   -0.147342   -0.0431974   0.0682126   0.239139   0.292767   0.403425   0.697451   0.822869   0.951791   1.03278   1.14082   1.23688   1.28841   1.36068   1.40893   1.4832   1.55041   1.62371   1.69352   1.74831   1.8102   1.79926   1.79393   1.80311   1.74632   
0.0449357   0.0361288   0.0319453   0.029012   0.0251185   0.0269235   0.0273268   0.0236282   0.0227958   0.0219442   0.0220346   0.0203696   0.0206067   0.0218226   0.0228152   0.0251947   0.0274085   0.0302427   0.0328865   0.0359845   0.0397424   0.0427114   0.0499508   0.0580465   0.0652801   0.0807987   
-0.169159   -0.165273   -0.166437   -0.167653   -0.178468   -0.16915   -0.16926   -0.180754   -0.183444   -0.186881   -0.181737   -0.180764   -0.178226   -0.168155   -0.162186   -0.153351   -0.149296   -0.144843   -0.141559   -0.138312   -0.133554   -0.129726   -0.119269   -0.111436   -0.105971   -0.099932   

170000
-8   -7   -6   -5   -4   -3   -2   -1   0   1   2   3   4   5   6   7   8   9   10   11   12   13   14   15   16   17   
0.171458   -0.0255952   0.125285   0.255868   0.372923   0.467085   0.584468   0.715821   0.839183   0.953429   1.04574   1.13786   1.23175   1.29052   1.35371   1.41378   1.48572   1.54975   1.63367   1.70543   1.76635   1.79035   1.79253   1.80157   1.79216   1.75994   
0.0701548   0.0305184   0.0264268   0.0240369   0.0241873   0.0247781   0.0239131   0.0226528   0.0219044   0.021474   0.0213043   0.0200056   0.0203252   0.0214059   0.0226896   0.0247212   0.0270329   0.0299239   0.0321863   0.0351335   0.0384513   0.0433596   0.0500426   0.0570171   0.066186   0.079116   
-0.159826   -0.169026   -0.176895   -0.180976   -0.182041   -0.179454   -0.180274   -0.18366   -0.186051   -0.186925   -0.183786   -0.179991   -0.177109   -0.168339   -0.160957   -0.153951   -0.149558   -0.144639   -0.142772   -0.139705   -0.135527   -0.12752   -0.118651   -0.111934   -0.105543   -0.100478   

175000
-9   -8   -7   -5   -3   -2   -1   0   1   2   3   4   5   6   7   8   9   10   11   12   13   14   16   18   
-0.202204   -0.115324   -0.00645247   0.271523   0.509059   0.603837   0.731414   0.85326   0.950803   1.05727   1.14094   1.22782   1.29394   1.35105   1.41392   1.47738   1.55212   1.62336   1.70053   1.75709   1.77857   1.79305   1.78675   1.70906   
0.0406347   0.0333774   0.0291759   0.0230562   0.0230529   0.0228633   0.0218287   0.0211374   0.0211189   0.0206531   0.019565   0.0200423   0.0209802   0.0224651   0.024443   0.027056   0.0295253   0.0322885   0.0350247   0.0385221   0.0436502   0.0496364   0.0665819   0.0961127   
-0.168218   -0.170212   -0.171977   -0.183371   -0.186335   -0.183302   -0.186142   -0.188324   -0.186205   -0.185622   -0.180334   -0.176222   -0.168754   -0.160424   -0.153878   -0.148305   -0.144858   -0.141342   -0.139008   -0.134342   -0.126238   -0.118653   -0.10541   -0.0983022   

180000
-9   -8   -7   -6   -5   -4   -3   -2   -1   0   1   2   3   4   5   6   7   8   9   10   11   12   14   15   16   18   
0.231913   0.189852   0.0558579   0.170128   0.286178   0.404719   0.525198   0.618845   0.744602   0.86622   0.955822   1.06836   1.1461   1.22875   1.29791   1.3508   1.40861   1.47359   1.55684   1.61467   1.68838   1.7444   1.79915   1.82026   1.78636   1.70991   
0.0833452   0.0682528   0.0266546   0.023964   0.0221681   0.0223866   0.0221729   0.0219982   0.0210846   0.0204645   0.0206199   0.0200628   0.0191152   0.019686   0.0205653   0.0221876   0.0243688   0.0269376   0.0291032   0.0323563   0.0352169   0.0387739   0.0488561   0.0548413   0.0664809   0.0961237   
-0.159679   -0.163491   -0.182632   -0.184077   -0.185657   -0.186996   -0.188897   -0.185651   -0.188257   -0.190455   -0.186871   -0.187426   -0.181075   -0.176216   -0.169275   -0.160278   -0.153022   -0.147705   -0.145427   -0.140157   -0.137419   -0.132792   -0.119129   -0.113212   -0.105515   -0.0985705   

185000
-10   -9   -8   -7   -6   -5   -4   -3   -2   -1   0   1   2   3   4   5   6   7   8   9   10   11   12   13   14   15   16   17   18   
-0.100122   -0.171492   -0.0425484   0.068373   0.183281   0.299499   0.418248   0.539485   0.631871   0.75616   0.87811   0.962398   1.07874   1.15264   1.23166   1.3021   1.35172   1.40634   1.47202   1.54624   1.6106   1.68252   1.73804   1.77417   1.80976   1.80969   1.78957   1.76332   1.70675   
0.0517799   0.036959   0.0292767   0.0257516   0.0231287   0.0213701   0.0216291   0.0214029   0.0212411   0.0204238   0.0198771   0.0201215   0.0195354   0.0186736   0.019311   0.0201695   0.0218925   0.0242072   0.0267531   0.0292563   0.0322569   0.0351745   0.038747   0.0431887   0.047814   0.0555222   0.0660271   0.0787022   0.0966742   
-0.178353   -0.174733   -0.183138   -0.184614   -0.186144   -0.187761   -0.189149   -0.19119   -0.187711   -0.190125   -0.19244   -0.187835   -0.189142   -0.182097   -0.176571   -0.16985   -0.160322   -0.15262   -0.147419   -0.143939   -0.139577   -0.136633   -0.131994   -0.125662   -0.120005   -0.11254   -0.105788   -0.101174   -0.0988267   

190000
-10   -8   -7   -6   -5   -4   -3   -2   -1   0   1   2   3   4   5   6   7   8   9   10   11   12   13   14   16   18   
-0.0869253   -0.0315729   0.0800427   0.195299   0.311461   0.430309   0.524813   0.643145   0.767002   0.870341   0.969122   1.08845   1.15958   1.23537   1.30686   1.35367   1.40581   1.47242   1.54052   1.60917   1.68063   1.7365   1.77913   1.81082   1.79515   1.7076   
0.0517422   0.0283736   0.0249177   0.022375   0.0206553   0.0209649   0.0213248   0.0205728   0.019832   0.0196985   0.0196202   0.0190685   0.0182565   0.0189407   0.0197877   0.0215853   0.0239992   0.0265154   0.0292516   0.0320636   0.0349734   0.0384937   0.0425669   0.0475117   0.0653387   0.0966882   
-0.178362   -0.184932   -0.186484   -0.188048   -0.189665   -0.191082   -0.188331   -0.189503   -0.191906   -0.190815   -0.188862   -0.190775   -0.183214   -0.177084   -0.170538   -0.160536   -0.152475   -0.14741   -0.143128   -0.139339   -0.13634   -0.131744   -0.126094   -0.120095   -0.106162   -0.0990872   

195000
-10   -9   -8   -7   -6   -5   -4   -3   -2   -1   0   1   2   3   4   5   6   7   8   9   10   11   12   13   14   15   18   
-0.0432144   -0.123145   -0.0215338   0.0907995   0.206177   0.32214   0.441153   0.531754   0.653071   0.777166   0.871098   0.976121   1.08217   1.16652   1.23944   1.31246   1.35636   1.40665   1.47462   1.53702   1.60998   1.68132   1.73862   1.79091   1.80021   1.79945   1.71112   
0.0561471   0.0326655   0.0274834   0.0241563   0.0216974   0.0200161   0.0203759   0.0207638   0.0199767   0.0193043   0.0193685   0.0191495   0.0188926   0.0178655   0.0185838   0.0194167   0.0212762   0.0237592   0.0262359   0.0291747   0.0318001   0.0346773   0.0380781   0.0416498   0.048045   0.0560496   0.0963308   
-0.174007   -0.184921   -0.186632   -0.188217   -0.189781   -0.191375   -0.192836   -0.189337   -0.191088   -0.193603   -0.190761   -0.189962   -0.189435   -0.184354   -0.177675   -0.171389   -0.160873   -0.152533   -0.147659   -0.14262   -0.139389   -0.136364   -0.131912   -0.127251   -0.119209   -0.111996   -0.0993439   

200000
-9   -8   -7   -6   -5   -4   -3   -2   -1   0   1   2   3   5   6   7   8   9   10   11   12   13   14   16   18   
-0.116719   -0.0124062   0.100587   0.215897   0.331776   0.433149   0.539711   0.662019   0.777902   0.874214   0.983516   1.08027   1.17328   1.30898   1.35935   1.408   1.47272   1.53547   1.61541   1.68485   1.7477   1.77811   1.79318   1.79913   1.71584   
0.031396   0.0266365   0.0234706   0.0210922   0.0194435   0.0201603   0.0202129   0.0194407   0.0189751   0.0189786   0.0187071   0.0186414   0.0175011   0.0192509   0.0209787   0.0235197   0.0261322   0.029036   0.0313919   0.0342948   0.0373953   0.0421576   0.048362   0.0647899   0.0958049   
-0.186505   -0.188206   -0.189796   -0.191331   -0.192929   -0.1912   -0.190552   -0.192527   -0.193576   -0.191165   -0.19116   -0.188919   -0.185475   -0.170694   -0.16127   -0.152671   -0.147359   -0.142371   -0.14004   -0.136747   -0.13289   -0.125943   -0.118653   -0.106588   -0.0995843   

205000
-10   -9   -8   -7   -6   -5   -4   -3   -2   -1   0   1   2   4   5   6   7   8   9   10   11   12   13   14   15   16   17   18   
-0.179357   -0.111064   -0.00413581   0.10955   0.224846   0.34079   0.435957   0.54748   0.670665   0.775312   0.878263   0.990765   1.08098   1.24831   1.30565   1.35804   1.40876   1.46776   1.5369   1.61042   1.69147   1.73934   1.769   1.7891   1.8   1.79386   1.76842   1.71348   
0.039084   0.0302048   0.025861   0.0228602   0.0205476   0.0189268   0.0197564   0.0196968   0.0189528   0.0187117   0.0185956   0.0183005   0.0183625   0.01792   0.0190948   0.0208207   0.0233204   0.026154   0.0288004   0.0314256   0.0338409   0.0375925   0.0425062   0.0484838   0.0556847   0.0653169   0.0782235   0.0962555   
-0.185642   -0.187959   -0.189638   -0.191238   -0.192767   -0.194404   -0.191525   -0.191758   -0.193946   -0.192931   -0.191752   -0.192354   -0.188892   -0.179029   -0.170033   -0.161003   -0.152735   -0.146654   -0.142517   -0.139388   -0.137534   -0.131917   -0.12505   -0.118353   -0.112163   -0.106503   -0.102117   -0.0998145   

210000
-10   -9   -8   -7   -6   -5   -4   -3   -2   -1   0   1   2   3   4   5   6   7   8   9   10   11   12   13   14   16   18   
-0.020957   0.165745   0.00369914   0.117788   0.233249   0.332014   0.440869   0.554818   0.678831   0.776518   0.882961   0.997801   1.08333   1.18097   1.25361   1.30416   1.35538   1.40509   1.46468   1.53837   1.60282   1.67996   1.72965   1.76304   1.78713   1.79031   1.71294   
0.0541936   0.0669545   0.0251946   0.022296   0.0200582   0.0188163   0.019335   0.019219   0.0185141   0.0184046   0.0182242   0.0179327   0.0180735   0.0169186   0.0176108   0.0189104   0.0207138   0.023291   0.026117   0.028594   0.0315792   0.0341444   0.0378891   0.0426859   0.0484619   0.0656798   0.0964488   
-0.176752   -0.169706   -0.190955   -0.192573   -0.194127   -0.19263   -0.192247   -0.192906   -0.195306   -0.192991   -0.192471   -0.193531   -0.189179   -0.186679   -0.179892   -0.169693   -0.160532   -0.152177   -0.146212   -0.142683   -0.138423   -0.136108   -0.130829   -0.124484   -0.118231   -0.106504   -0.100035   

215000
-10   -9   -8   -7   -6   -5   -4   -3   -2   -1   0   1   2   3   4   5   6   7   8   9   10   11   12   13   14   15   16   17   18   
-0.187525   -0.0951895   0.0116281   0.125508   0.239348   0.33447   0.446196   0.561674   0.684625   0.779158   0.888213   1.00072   1.08641   1.17611   1.25475   1.30371   1.35405   1.40299   1.4627   1.53143   1.59798   1.6723   1.72317   1.75953   1.7867   1.80633   1.78819   1.76699   1.71333   
0.0347069   0.0288175   0.0246368   0.0217685   0.0196767   0.0184671   0.0189272   0.0187794   0.0181517   0.0181062   0.0178683   0.0176563   0.0177809   0.0167406   0.0173807   0.018714   0.020578   0.0232163   0.0260471   0.0287302   0.0316333   0.0343156   0.0380456   0.0427276   0.0483353   0.0548818   0.0659013   0.0785281   0.0964865   
-0.188841   -0.190627   -0.192221   -0.193839   -0.19507   -0.192914   -0.19306   -0.193985   -0.196247   -0.193317   -0.19331   -0.193948   -0.189618   -0.185643   -0.180001   -0.169534   -0.160276   -0.151849   -0.145922   -0.141774   -0.137816   -0.135181   -0.130119   -0.124161   -0.118233   -0.112682   -0.106568   -0.102477   -0.100237   

220000
-10   -9   -8   -7   -6   -5   -4   -3   -2   -1   0   1   2   3   4   5   6   7   8   9   10   11   12   13   15   17   18   
0.0243548   -0.0884116   0.0187397   0.132608   0.233165   0.338324   0.451492   0.568253   0.680085   0.782487   0.893529   0.996495   1.08995   1.17353   1.25002   1.3039   1.35365   1.40196   1.46186   1.52678   1.59471   1.66737   1.71891   1.75768   1.79959   1.7646   1.71322   
0.0574919   0.0281464   0.0240847   0.0212806   0.0195262   0.0181061   0.0185393   0.018375   0.0179545   0.017795   0.0175356   0.017487   0.0174913   0.0165365   0.0172391   0.0185136   0.0204238   0.0231113   0.0259421   0.0287897   0.0316313   0.0343802   0.0381012   0.0426759   0.0554282   0.0789106   0.0965991   
-0.175754   -0.19181   -0.193394   -0.195007   -0.193791   -0.193468   -0.193879   -0.195034   -0.195248   -0.193791   -0.194173   -0.193008   -0.190158   -0.185034   -0.179036   -0.16949   -0.160164   -0.151674   -0.145785   -0.141172   -0.137409   -0.134592   -0.129658   -0.123999   -0.112366   -0.10263   -0.100429   

225000
-10   -9   -8   -7   -6   -5   -4   -3   -2   -1   0   1   2   3   4   5   6   7   8   9   10   11   12   13   14   15   18   
0.0456795   -0.0827701   0.0252435   0.139133   0.234991   0.34251   0.456627   0.574818   0.679765   0.786471   0.898801   0.995094   1.09371   1.16956   1.24752   1.3048   1.3538   1.40139   1.46176   1.52335   1.59242   1.66423   1.71626   1.75724   1.79368   1.79445   1.71212   
0.0593173   0.02744   0.0235467   0.0208334   0.0192159   0.017756   0.0181729   0.0180034   0.0177179   0.0174678   0.0172316   0.0172629   0.0172167   0.0165048   0.0170757   0.018308   0.0202617   0.0229978   0.0258194   0.0288093   0.0315955   0.0343729   0.0380774   0.0425455   0.0475228   0.0558515   0.096844   
-0.175172   -0.192882   -0.194493   -0.196083   -0.193986   -0.194094   -0.194682   -0.196103   -0.195035   -0.194414   -0.195041   -0.192621   -0.190748   -0.184291   -0.178488   -0.169571   -0.160141   -0.151566   -0.145749   -0.140734   -0.137125   -0.13422   -0.129374   -0.12397   -0.118839   -0.112162   -0.100611   

230000
-10   -9   -8   -7   -6   -5   -4   -3   -2   -1   0   1   2   3   5   6   7   8   9   10   11   12   13   14   15   16   17   18   
-0.169969   -0.0779236   0.0311412   0.133135   0.238022   0.346698   0.461517   0.581065   0.681118   0.790635   0.904021   0.995479   1.09755   1.17317   1.30625   1.3542   1.40114   1.46258   1.52098   1.59166   1.66211   1.71506   1.7598   1.79166   1.79082   1.78821   1.76293   1.70966   
0.0324333   0.0267308   0.0230334   0.0207067   0.0188942   0.0174227   0.0178284   0.0176709   0.0174942   0.0171615   0.0169638   0.0170285   0.0169598   0.0164828   0.0181014   0.0201011   0.0228812   0.0256733   0.0287945   0.0315026   0.0343287   0.0379879   0.0422351   0.0475814   0.0561508   0.0658991   0.0792738   0.0972281   
-0.192333   -0.193863   -0.195501   -0.194805   -0.194409   -0.194731   -0.19545   -0.197132   -0.195127   -0.195081   -0.195911   -0.192575   -0.191366   -0.185175   -0.16975   -0.160161   -0.151506   -0.145839   -0.140431   -0.137027   -0.13397   -0.129246   -0.124215   -0.118726   -0.112057   -0.107003   -0.102981   -0.100758   

235000
-10   -9   -8   -7   -6   -5   -4   -3   -2   -1   0   1   2   3   4   5   6   7   8   9   10   11   12   13   14   15   16   17   18   
-0.166032   -0.0735842   0.0365759   0.134286   0.241386   0.350787   0.466445   0.587007   0.683269   0.794827   0.905556   0.996889   1.10149   1.17576   1.24591   1.30794   1.35485   1.40122   1.45983   1.51999   1.59279   1.66128   1.71695   1.76573   1.78479   1.78836   1.79055   1.76288   1.70738   
0.0316232   0.0260457   0.0225565   0.0204172   0.0185803   0.0171082   0.017503   0.0173812   0.017211   0.0168768   0.0167485   0.0167929   0.0167219   0.0163948   0.0167219   0.0179015   0.0199421   0.0227616   0.0256812   0.0287261   0.0313334   0.0342325   0.0377394   0.0417414   0.0480362   0.0563475   0.0656329   0.0793468   0.0975912   
-0.193325   -0.194784   -0.196431   -0.194889   -0.194901   -0.19536   -0.196241   -0.198122   -0.195405   -0.195765   -0.196097   -0.192728   -0.192015   -0.185666   -0.178024   -0.169974   -0.160222   -0.151493   -0.145474   -0.1403   -0.137156   -0.13387   -0.129438   -0.124778   -0.118262   -0.112022   -0.107214   -0.103157   -0.100895   

240000
-10   -9   -8   -7   -6   -5   -4   -3   -2   -1   0   1   2   3   4   5   6   7   8   9   10   11   12   13   14   16   18   
-0.163718   -0.0694078   0.0363189   0.136608   0.244831   0.354855   0.47131   0.583461   0.686191   0.798995   0.902207   0.998889   1.10583   1.17791   1.24606   1.30986   1.35569   1.4013   1.45685   1.51999   1.59589   1.66327   1.72147   1.75775   1.77968   1.7924   1.7028   
0.0307154   0.0254395   0.0222466   0.0201063   0.0182799   0.0168108   0.0171983   0.0172294   0.0169254   0.0166145   0.0165727   0.0165622   0.0165024   0.0162581   0.0165421   0.017708   0.0197862   0.0226523   0.0257066   0.0286238   0.0310916   0.0340103   0.0373785   0.0421676   0.0483735   0.0654285   0.0982286   
-0.194221   -0.195637   -0.196296   -0.1952   -0.195413   -0.195996   -0.197034   -0.197316   -0.195843   -0.196456   -0.195355   -0.192998   -0.192757   -0.186007   -0.177973   -0.170245   -0.160316   -0.151485   -0.145087   -0.140294   -0.137524   -0.13409   -0.129912   -0.124083   -0.117949   -0.1074   -0.100999   

245000
-10   -9   -8   -7   -6   -5   -4   -3   -2   -1   0   1   2   3   4   5   6   7   8   9   10   11   12   13   14   16   17   18   
-0.162358   -0.0644793   0.0349117   0.139281   0.248334   0.358986   0.475996   0.582122   0.689389   0.803108   0.900903   1.00122   1.10213   1.18003   1.24663   1.31023   1.35579   1.39957   1.45469   1.5212   1.59106   1.66754   1.7136   1.75182   1.7757   1.7888   1.76252   1.69763   
0.0297871   0.024986   0.0220316   0.019797   0.0179945   0.0165292   0.0169153   0.0170024   0.0166552   0.0163766   0.0163837   0.0163416   0.0163748   0.0161099   0.016364   0.0175571   0.0196622   0.0226189   0.025705   0.0284812   0.0312276   0.0337038   0.0377259   0.0424853   0.0486347   0.0658731   0.0795167   0.0989258   
-0.195021   -0.196481   -0.195893   -0.195581   -0.195943   -0.196658   -0.197806   -0.196954   -0.19634   -0.19715   -0.195003   -0.193338   -0.191942   -0.186327   -0.178001   -0.17026   -0.160302   -0.151243   -0.14481   -0.140439   -0.136965   -0.134578   -0.129123   -0.123597   -0.117728   -0.10742   -0.103473   -0.10108   

250000
-10   -9   -8   -7   -6   -5   -4   -3   -2   -1   0   1   2   3   4   5   6   7   8   9   10   11   12   13   14   16   17   18   
-0.161478   -0.059296   0.0362789   0.14209   0.252005   0.362969   0.480497   0.582352   0.69272   0.803424   0.900937   1.00374   1.09961   1.18237   1.24762   1.30787   1.35435   1.39835   1.45317   1.51784   1.58647   1.65996   1.70763   1.74736   1.77269   1.78599   1.76099   1.69138   
0.0288987   0.0246015   0.0217399   0.0194976   0.0177239   0.0162658   0.016655   0.0167712   0.0164014   0.0161931   0.016188   0.0161363   0.0162273   0.0159591   0.016188   0.0174686   0.0195915   0.0225722   0.0256818   0.0285531   0.0313657   0.0339867   0.0379882   0.0427175   0.0488299   0.0662437   0.0798165   0.0997659   
-0.195744   -0.197301   -0.196033   -0.195993   -0.196514   -0.197302   -0.198556   -0.196889   -0.19687   -0.197119   -0.194911   -0.193718   -0.191366   -0.186691   -0.178109   -0.169815   -0.16006   -0.151071   -0.144617   -0.140043   -0.136448   -0.133738   -0.128549   -0.123253   -0.117587   -0.107475   -0.103631   -0.101147   

255000
-10   -9   -8   -7   -6   -5   -4   -3   -2   -1   0   1   2   4   5   6   7   8   9   10   11   12   13   14   15   16   17   18   
-0.160108   -0.054935   0.0381305   0.145029   0.255612   0.366803   0.48353   0.583545   0.696108   0.801086   0.90175   1.00638   1.09825   1.24913   1.30639   1.35345   1.39738   1.45205   1.51453   1.58313   1.65444   1.70297   1.74387   1.77045   1.78674   1.78388   1.75976   1.68497   
0.0281575   0.0241978   0.0214257   0.0192123   0.0174738   0.0160206   0.0164294   0.0165402   0.0161647   0.0160415   0.015992   0.0159466   0.0160727   0.0160147   0.0173683   0.0195098   0.0225213   0.0256485   0.0286353   0.0314538   0.0341881   0.0381894   0.0428953   0.0489703   0.0563955   0.0665356   0.0800561   0.100624   
-0.196425   -0.19804   -0.196287   -0.196432   -0.197077   -0.197928   -0.199039   -0.19701   -0.197421   -0.196571   -0.194969   -0.194129   -0.191017   -0.178319   -0.169523   -0.159902   -0.150933   -0.144473   -0.139663   -0.136086   -0.133148   -0.128122   -0.123003   -0.117503   -0.11233   -0.107553   -0.103781   -0.10121   

260000
-10   -9   -8   -7   -6   -5   -4   -3   -2   -1   0   1   2   3   4   5   6   7   8   9   10   11   12   13   14   16   17   18   
-0.154942   -0.0558773   0.0401775   0.148152   0.259147   0.370479   0.480546   0.58544   0.699502   0.800256   0.903019   1.00908   1.09776   1.18864   1.25093   1.30549   1.3528   1.3966   1.45123   1.51194   1.58044   1.65032   1.69947   1.74125   1.76881   1.78233   1.75864   1.6787   
0.0278015   0.0239067   0.0211077   0.018947   0.0172475   0.015794   0.016258   0.0163125   0.0159477   0.0158936   0.0158009   0.0157526   0.0159172   0.0156588   0.0158473   0.017261   0.0194259   0.0224681   0.0256068   0.0286919   0.0315176   0.0343288   0.0383323   0.0430208   0.0490623   0.0667659   0.0802792   0.101461   
-0.197176   -0.19781   -0.196588   -0.19691   -0.19763   -0.198534   -0.198378   -0.19727   -0.197983   -0.19631   -0.195118   -0.194573   -0.190833   -0.187746   -0.178587   -0.169333   -0.159783   -0.150821   -0.144368   -0.139376   -0.135804   -0.132724   -0.127815   -0.122834   -0.117463   -0.10765   -0.103922   -0.10127   

265000
-10   -9   -8   -7   -6   -5   -4   -3   -2   -1   0   1   2   3   4   5   6   7   8   9   10   11   12   13   14   15   16   17   18   
-0.15021   -0.0579401   0.0423802   0.151151   0.262559   0.373985   0.47959   0.587622   0.70205   0.800345   0.90459   1.01219   1.09777   1.18764   1.25304   1.30508   1.35237   1.39597   1.45069   1.5099   1.57828   1.647   1.69679   1.73926   1.76796   1.78846   1.78122   1.75739   1.67254   
0.0274541   0.0236033   0.0207964   0.0186853   0.0170394   0.0155875   0.0160735   0.0160925   0.0157592   0.0157603   0.0156183   0.0155749   0.0157637   0.015566   0.0156862   0.0171483   0.0193396   0.0224132   0.0255602   0.0287279   0.0315629   0.0344356   0.03843   0.0431074   0.0490893   0.0561877   0.0669431   0.0804982   0.102286   
-0.19787   -0.197411   -0.196926   -0.19739   -0.198169   -0.199119   -0.198102   -0.197592   -0.198392   -0.196222   -0.195328   -0.195106   -0.190748   -0.18747   -0.178919   -0.169225   -0.159699   -0.15073   -0.1443   -0.139157   -0.135584   -0.132394   -0.127594   -0.122721   -0.117473   -0.112586   -0.107756   -0.104043   -0.101327   

270000
-10   -9   -8   -7   -6   -5   -4   -3   -2   -1   0   1   2   3   4   5   6   7   8   9   10   11   12   13   14   16   18   
-0.146623   -0.058035   0.0447587   0.154017   0.265599   0.372584   0.479704   0.589975   0.69924   0.800843   0.906377   1.01112   1.0981   1.18405   1.25152   1.30496   1.35211   1.39546   1.45049   1.50843   1.57665   1.64434   1.69473   1.73783   1.76836   1.78059   1.6669   
0.0270436   0.0232483   0.0204998   0.0184317   0.0168089   0.0154526   0.0158851   0.0158818   0.0156136   0.0155717   0.0154498   0.0154353   0.0156146   0.0154981   0.0155784   0.017034   0.0192531   0.0223593   0.0255042   0.028741   0.031584   0.0345168   0.038494   0.0431572   0.0490113   0.0670643   0.103048   
-0.198494   -0.1974   -0.197303   -0.197855   -0.198681   -0.19877   -0.198031   -0.197952   -0.19776   -0.196245   -0.19558   -0.194829   -0.190727   -0.186689   -0.17859   -0.169169   -0.159642   -0.150655   -0.144274   -0.139005   -0.135426   -0.13214   -0.127435   -0.122655   -0.117561   -0.107875   -0.101386   

275000
-10   -9   -8   -7   -6   -5   -4   -3   -2   -1   0   1   2   4   5   6   7   8   9   10   11   12   13   14   15   16   17   18   
-0.143873   -0.0574331   0.0471856   0.156781   0.26854   0.371162   0.48056   0.592419   0.697955   0.801699   0.908315   1.00874   1.09866   1.24893   1.30499   1.35197   1.39507   1.44896   1.50741   1.57585   1.64225   1.69316   1.73696   1.76995   1.78235   1.78014   1.75505   1.66123   
0.0265899   0.0229042   0.0202315   0.0181909   0.0165998   0.0153191   0.0156969   0.0156817   0.0154669   0.0153926   0.0153008   0.0153069   0.0154646   0.0154889   0.0169218   0.0191678   0.022305   0.0255151   0.0287355   0.0315652   0.0345697   0.0385337   0.0431677   0.0488293   0.0568513   0.067159   0.0809138   0.103822   
-0.19906   -0.197516   -0.197687   -0.198304   -0.199174   -0.19841   -0.198105   -0.198337   -0.197422   -0.196337   -0.195862   -0.194293   -0.190758   -0.178069   -0.169139   -0.159603   -0.150597   -0.1441   -0.138903   -0.135358   -0.131947   -0.127324   -0.122632   -0.117719   -0.112512   -0.10799   -0.104267   -0.101448   

280000
-10   -9   -8   -7   -6   -5   -4   -3   -2   -1   0   1   2   3   4   5   6   7   8   9   10   11   12   13   14   15   16   17   18   
-0.141759   -0.0564603   0.0498027   0.159436   0.271047   0.370837   0.481876   0.594895   0.697624   0.802811   0.910273   1.00734   1.09941   1.1803   1.24715   1.30514   1.35189   1.3948   1.44745   1.50671   1.57557   1.64087   1.69265   1.7372   1.77148   1.78029   1.77979   1.75448   1.65643   
0.0261109   0.0225973   0.019981   0.0179623   0.0164146   0.015176   0.0155124   0.0154939   0.0153264   0.0152214   0.0151338   0.0151769   0.0153153   0.0153318   0.0153934   0.0168116   0.0190853   0.0222519   0.0255293   0.0287168   0.0315218   0.034587   0.0385058   0.0430985   0.0486585   0.0570893   0.0672367   0.0810756   0.10447   
-0.199577   -0.197698   -0.1981   -0.198734   -0.199586   -0.198259   -0.198271   -0.198735   -0.197266   -0.196481   -0.196173   -0.193946   -0.19083   -0.185812   -0.1777   -0.169132   -0.159575   -0.150555   -0.143937   -0.138838   -0.135345   -0.131829   -0.127308   -0.122695   -0.11787   -0.112528   -0.108099   -0.104411   -0.101511   

285000
-10   -9   -8   -7   -6   -5   -4   -3   -2   -1   0   1   2   3   4   5   6   7   8   9   10   11   12   13   17   18   
-0.140085   -0.0539632   0.0522813   0.16198   0.268728   0.371238   0.483439   0.597367   0.697841   0.804102   0.912499   1.00654   1.10034   1.1793   1.24588   1.3054   1.35189   1.3941   1.44628   1.50634   1.57591   1.64049   1.69329   1.73848   1.75318   1.65172   
0.0256268   0.0223482   0.0197349   0.0177468   0.0162982   0.015029   0.0153339   0.0153208   0.0152035   0.0150578   0.0149763   0.0150494   0.0151733   0.0152413   0.0152955   0.0167038   0.0190046   0.0222195   0.0255328   0.0286838   0.0314477   0.0345475   0.0384039   0.0429491   0.0813156   0.105115   
-0.200049   -0.198055   -0.198498   -0.199147   -0.199058   -0.198249   -0.198488   -0.199139   -0.197211   -0.196661   -0.196545   -0.193716   -0.190941   -0.185549   -0.177425   -0.169145   -0.15956   -0.150476   -0.143814   -0.138809   -0.135397   -0.131811   -0.127392   -0.122834   -0.104522   -0.101574   

290000
-10   -9   -8   -7   -6   -5   -4   -3   -2   -1   0   1   2   3   5   6   7   8   9   10   11   12   13   14   16   17   18   
0.205365   -0.0516343   0.0545918   0.164411   0.267819   0.372091   0.485163   0.599887   0.698408   0.805514   0.914335   1.00617   1.10159   1.17864   1.30575   1.35197   1.39353   1.44532   1.50643   1.57715   1.64109   1.69555   1.74142   1.76392   1.77939   1.75098   1.64723   
0.081221   0.0220937   0.019494   0.0175462   0.0161724   0.0148826   0.0151624   0.0151645   0.015082   0.014902   0.0148365   0.0149262   0.015038   0.0151481   0.0165998   0.0189267   0.0221858   0.0255299   0.0286323   0.0313292   0.0344542   0.0381991   0.0426788   0.0493323   0.0673293   0.0816428   0.105728   
-0.162742   -0.198406   -0.198873   -0.19954   -0.198796   -0.19833   -0.19874   -0.199562   -0.19723   -0.196868   -0.196849   -0.193569   -0.191119   -0.185352   -0.169175   -0.159559   -0.150412   -0.143715   -0.13883   -0.135546   -0.131889   -0.12762   -0.123099   -0.117556   -0.108287   -0.104595   -0.101633   

295000
-10   -9   -8   -7   -6   -5   -4   -3   -2   -1   0   1   2   3   4   5   6   7   8   9   10   12   13   14   15   16   17   18   
-0.147514   -0.0496147   0.056766   0.166764   0.267764   0.373191   0.486987   0.598401   0.699128   0.807013   0.911808   1.0061   1.10332   1.17821   1.24434   1.30619   1.35151   1.39305   1.44448   1.50572   1.57572   1.69358   1.73786   1.7612   1.77595   1.77831   1.74836   1.64354   
0.0249271   0.0218301   0.0192599   0.0173634   0.0160385   0.0147394   0.0149989   0.0150343   0.014912   0.014755   0.0147192   0.0148093   0.0149097   0.0150549   0.0150969   0.0164987   0.0188695   0.0221508   0.0255244   0.0286301   0.031368   0.0382966   0.0429315   0.0495831   0.057632   0.0675324   0.0820142   0.106232   
-0.198985   -0.19873   -0.19923   -0.199921   -0.198707   -0.19846   -0.199015   -0.199205   -0.197307   -0.197095   -0.196291   -0.193481   -0.191397   -0.185202   -0.177063   -0.169222   -0.159487   -0.150359   -0.143631   -0.138774   -0.135422   -0.127481   -0.122878   -0.117474   -0.112666   -0.108398   -0.104645   -0.101692   

300000
-10   -9   -8   -7   -6   -5   -4   -3   -2   -1   0   1   2   3   4   6   7   8   9   10   11   12   13   14   15   16   17   18   
-0.148421   -0.0478103   0.0588185   0.167363   0.268043   0.374431   0.488863   0.597008   0.700038   0.808632   0.910166   1.00623   1.10535   1.17798   1.24399   1.35112   1.3926   1.44374   1.50403   1.57313   1.64012   1.68967   1.73422   1.75908   1.77508   1.77741   1.74735   1.63971   
0.0245871   0.0215609   0.0190336   0.0172275   0.0158872   0.0145977   0.0148446   0.0149079   0.0147522   0.0146178   0.0146017   0.0146802   0.0147897   0.0149595   0.0149978   0.0188129   0.0221176   0.0255172   0.028687   0.0314797   0.0344256   0.0385405   0.0432044   0.049789   0.0577524   0.06772   0.0822031   0.106766   
-0.19895   -0.199034   -0.199568   -0.199958   -0.19871   -0.198627   -0.199304   -0.198865   -0.197422   -0.19735   -0.195907   -0.193445   -0.191738   -0.185094   -0.176962   -0.159427   -0.15031   -0.143557   -0.138624   -0.135185   -0.131842   -0.127183   -0.122663   -0.117435   -0.112734   -0.108521   -0.104745   -0.101754   

305000
-10   -9   -8   -7   -6   -5   -4   -3   -2   -1   0   1   2   3   4   5   6   7   8   9   10   11   12   13   14   15   16   17   18   
-0.146939   -0.0461672   0.0607576   0.165853   0.268653   0.375752   0.490758   0.596339   0.701078   0.81059   0.909118   1.00651   1.10514   1.17797   1.24392   1.30567   1.35084   1.39214   1.44307   1.50269   1.57106   1.63668   1.6866   1.73125   1.75738   1.77452   1.77672   1.74486   1.63578   
0.0243539   0.0212898   0.0188173   0.0170937   0.0157404   0.0144575   0.0147011   0.0147846   0.0146015   0.014492   0.0144851   0.0145533   0.0146886   0.0148666   0.014899   0.0163383   0.0187557   0.0220873   0.0255097   0.0287301   0.0315686   0.034607   0.0387345   0.0434311   0.0499582   0.0578401   0.0678803   0.0825564   0.107308   
-0.199146   -0.199323   -0.199888   -0.199625   -0.19877   -0.198818   -0.199602   -0.198665   -0.197564   -0.197677   -0.195639   -0.193443   -0.19164   -0.18503   -0.176911   -0.169092   -0.159384   -0.150258   -0.143491   -0.138514   -0.135006   -0.131544   -0.126967   -0.122504   -0.117423   -0.112811   -0.108644   -0.104793   -0.101817   

310000
-10   -9   -8   -7   -6   -5   -4   -3   -2   -1   0   1   2   3   4   5   6   7   8   9   10   11   12   13   14   15   16   17   18   
-0.144718   -0.0446398   0.062612   0.165255   0.269481   0.377141   0.492677   0.596149   0.702207   0.811989   0.908492   1.00694   1.10248   1.1783   1.24399   1.30495   1.35062   1.39167   1.44246   1.50162   1.56936   1.63383   1.68415   1.72886   1.75598   1.77412   1.77607   1.7413   1.63307   
0.0241403   0.0210229   0.0186139   0.0169533   0.0155978   0.0143227   0.01457   0.0146675   0.01446   0.014381   0.0143702   0.0144316   0.0145971   0.0147719   0.0148022   0.0162718   0.0186993   0.0220606   0.0255014   0.0287621   0.0316408   0.0347594   0.0388906   0.0436153   0.0501016   0.0579054   0.0680275   0.0830332   0.107693   
-0.199423   -0.199598   -0.200194   -0.199463   -0.19887   -0.199024   -0.19991   -0.198557   -0.197726   -0.197898   -0.195455   -0.193469   -0.191056   -0.185034   -0.176889   -0.168956   -0.159349   -0.150203   -0.14343   -0.138435   -0.13487   -0.13131   -0.12681   -0.122392   -0.117428   -0.112889   -0.108759   -0.104806   -0.10188   

315000
-10   -9   -8   -7   -6   -5   -4   -3   -2   -1   0   1   2   3   4   5   6   7   8   9   10   11   12   13   14   17   18   
-0.143046   -0.0431787   0.0644541   0.165161   0.270459   0.378563   0.494563   0.596302   0.703462   0.810074   0.908176   1.0075   1.10012   1.17885   1.2442   1.30441   1.35041   1.39121   1.44191   1.50075   1.56796   1.63154   1.68207   1.72693   1.75474   1.73857   1.63054   
0.0239023   0.020766   0.0184266   0.0168108   0.0154608   0.0141938   0.0144494   0.0145606   0.0143279   0.0142876   0.0142585   0.0143153   0.0144968   0.0146781   0.0147077   0.0162049   0.018646   0.0220368   0.0254932   0.0287845   0.0316989   0.0348839   0.0390269   0.0437696   0.0502306   0.0834077   0.108057   
-0.199665   -0.199862   -0.200499   -0.199395   -0.198999   -0.199239   -0.200223   -0.198514   -0.197917   -0.197456   -0.195332   -0.193524   -0.190531   -0.185082   -0.176892   -0.168849   -0.159315   -0.150149   -0.143375   -0.138377   -0.134766   -0.131134   -0.126689   -0.12232   -0.117441   -0.104834   -0.101943   

320000
-10   -9   -8   -7   -6   -5   -4   -3   -2   -1   0   1   2   3   4   5   6   7   8   9   10   11   12   13   14   15   16   17   18   
-0.141753   -0.0417903   0.0654658   0.165396   0.271545   0.379995   0.49254   0.596708   0.705053   0.808795   0.908092   1.00831   1.09813   1.17957   1.24452   1.304   1.35021   1.39074   1.44146   1.50005   1.5668   1.62966   1.68027   1.72535   1.75369   1.77382   1.77484   1.73459   1.62772   
0.0236437   0.020522   0.0182732   0.0166684   0.0153304   0.0140715   0.0143139   0.0144684   0.0142057   0.0142095   0.0141534   0.0142045   0.0143986   0.0145881   0.0146159   0.0161378   0.0185947   0.0220154   0.0254837   0.028798   0.0317441   0.0349846   0.0391452   0.043897   0.0503432   0.0579712   0.068295   0.0839249   0.108456   
-0.199885   -0.200114   -0.200643   -0.199388   -0.199146   -0.199459   -0.199784   -0.198518   -0.19818   -0.197134   -0.195253   -0.193631   -0.190079   -0.185167   -0.176919   -0.168765   -0.159282   -0.150093   -0.143336   -0.138335   -0.134689   -0.131001   -0.126594   -0.122275   -0.117465   -0.113045   -0.108967   -0.104822   -0.102004   

325000
-10   -9   -8   -7   -6   -5   -4   -3   -2   -1   0   1   2   3   4   5   6   7   8   9   10   11   12   13   14   16   17   18   
-0.140713   -0.040452   0.0642452   0.165856   0.272703   0.381429   0.491326   0.59722   0.706901   0.807933   0.908184   1.00949   1.0965   1.18049   1.24496   1.30369   1.35001   1.39028   1.44104   1.49946   1.56587   1.62811   1.67871   1.72393   1.75301   1.77417   1.72964   1.62483   
0.0233701   0.0202977   0.0181563   0.0165283   0.0152075   0.0139568   0.0141857   0.0143542   0.0140949   0.0141316   0.0140569   0.0140999   0.0143034   0.0145018   0.0145274   0.0160715   0.0185465   0.0219973   0.0254772   0.0288072   0.0317776   0.0350661   0.0392478   0.0440152   0.0504222   0.0684243   0.0845536   0.108859   
-0.200091   -0.200354   -0.200357   -0.199424   -0.199307   -0.199681   -0.199501   -0.198557   -0.1985   -0.196897   -0.195207   -0.193815   -0.189697   -0.185291   -0.176969   -0.168698   -0.159249   -0.150037   -0.143326   -0.138303   -0.134633   -0.130901   -0.126519   -0.122242   -0.117506   -0.109056   -0.104782   -0.102061   

330000
-10   -9   -8   -7   -6   -5   -4   -3   -2   -1   0   1   2   4   5   6   7   8   9   10   11   12   13   14   16   17   18   
-0.139855   -0.0391282   0.0636505   0.166485   0.273909   0.382898   0.490641   0.597794   0.705468   0.807302   0.908409   1.01089   1.09517   1.24553   1.30346   1.34982   1.38997   1.44071   1.49894   1.56518   1.62678   1.67737   1.72262   1.75256   1.77337   1.72529   1.62324   
0.0230876   0.0201027   0.0180194   0.0163938   0.0150937   0.0138501   0.0140613   0.0142176   0.0139903   0.0140125   0.0139708   0.0140033   0.0142114   0.0144419   0.0160062   0.0185008   0.0219743   0.0254688   0.028813   0.0317975   0.035136   0.0393376   0.0441255   0.0504746   0.068562   0.0851069   0.10909   
-0.200287   -0.200585   -0.200203   -0.199492   -0.199477   -0.199915   -0.199319   -0.198624   -0.198168   -0.196731   -0.195186   -0.194046   -0.189374   -0.177045   -0.168644   -0.159218   -0.150008   -0.143323   -0.138278   -0.1346   -0.130822   -0.126462   -0.122216   -0.117557   -0.109132   -0.104749   -0.102118   

335000
-10   -9   -8   -7   -6   -5   -4   -3   -2   -1   0   1   2   3   4   5   6   7   8   9   10   11   12   13   16   17   18   
-0.139138   -0.0375834   0.0634193   0.167247   0.274958   0.384539   0.490326   0.598454   0.704144   0.80692   0.908689   1.01253   1.09408   1.17978   1.24464   1.30328   1.34962   1.3899   1.44038   1.49847   1.56465   1.62565   1.67629   1.72147   1.77246   1.71984   1.62153   
0.0228015   0.0199306   0.0178793   0.0162679   0.0149666   0.013752   0.01394   0.014088   0.0138884   0.0138994   0.0138723   0.0139153   0.0141228   0.0143619   0.0143762   0.0159426   0.018458   0.0219423   0.0254615   0.0288172   0.0318081   0.035194   0.0394078   0.0442229   0.0687118   0.0857913   0.109347   
-0.200474   -0.200834   -0.200122   -0.199582   -0.199648   -0.20019   -0.19921   -0.198707   -0.197856   -0.196612   -0.195188   -0.194329   -0.1891   -0.185068   -0.176861   -0.168601   -0.159186   -0.150024   -0.143318   -0.138255   -0.13458   -0.13076   -0.126425   -0.1222   -0.109198   -0.104686   -0.102176   

340000
-10   -9   -8   -6   -5   -4   -3   -2   -1   0   1   2   3   4   5   6   7   8   9   10   11   12   13   14   15   16   17   18   
-0.138497   -0.035952   0.0634339   0.276042   0.383574   0.490275   0.599176   0.703245   0.806725   0.909072   1.01073   1.09318   1.17808   1.2435   1.30315   1.34942   1.38982   1.44006   1.49807   1.56425   1.62481   1.67561   1.72066   1.75237   1.77242   1.77145   1.71448   1.61947   
0.0225198   0.0197572   0.0177369   0.0148482   0.0136738   0.0138215   0.013965   0.0137901   0.013791   0.013766   0.0138373   0.0140346   0.0143098   0.0143155   0.0158808   0.0184178   0.0219131   0.0254551   0.0288185   0.0318109   0.0352327   0.0394476   0.0442892   0.0505059   0.058271   0.0688669   0.0864643   0.109643   
-0.200654   -0.201097   -0.20009   -0.199824   -0.199943   -0.199153   -0.198805   -0.197629   -0.196529   -0.195222   -0.193921   -0.18887   -0.184698   -0.176634   -0.168565   -0.159153   -0.150036   -0.14331   -0.138235   -0.134572   -0.130722   -0.126419   -0.122204   -0.117681   -0.113375   -0.109251   -0.104622   -0.102232   

345000
-10   -9   -8   -7   -6   -5   -4   -3   -2   -1   0   1   2   3   4   5   6   7   8   9   10   11   12   13   14   15   16   18   
-0.137834   -0.0343773   0.0636195   0.168839   0.277192   0.382662   0.490418   0.599959   0.702656   0.806673   0.909727   1.00897   1.09247   1.17671   1.24261   1.30305   1.34935   1.38969   1.43973   1.49776   1.56402   1.6242   1.67519   1.72014   1.75268   1.77176   1.77108   1.61726   
0.0222522   0.0195858   0.0175937   0.0160205   0.0147378   0.0135984   0.0137059   0.0138487   0.013696   0.0136868   0.0136659   0.0137637   0.0139451   0.0142558   0.014254   0.0158207   0.0183748   0.0218872   0.0254502   0.0288146   0.0318036   0.0352565   0.0394657   0.0443316   0.0504761   0.0584019   0.0689699   0.109955   
-0.200829   -0.201365   -0.200091   -0.199805   -0.200012   -0.199703   -0.199135   -0.198916   -0.197462   -0.196475   -0.195311   -0.193518   -0.188681   -0.184395   -0.176454   -0.168536   -0.159145   -0.15004   -0.143301   -0.138223   -0.134576   -0.130702   -0.126429   -0.122226   -0.117754   -0.113465   -0.109348   -0.102286   

350000
-10   -9   -8   -7   -6   -5   -4   -3   -2   -1   0   1   2   3   4   5   6   7   8   9   10   11   12   13   14   15   16   17   18   
-0.137211   -0.0339542   0.06393   0.169589   0.278513   0.382112   0.490703   0.600875   0.7023   0.806727   0.910635   1.00754   1.09194   1.17561   1.24192   1.30298   1.34942   1.38953   1.4394   1.49764   1.564   1.62387   1.67509   1.71989   1.75341   1.77125   1.77126   1.70376   1.61559   
0.0219968   0.0194323   0.0174518   0.0158924   0.0146353   0.0135206   0.0135934   0.0137398   0.0136076   0.0135867   0.0135724   0.0136864   0.0138597   0.0141977   0.0141922   0.0157626   0.0183278   0.0218642   0.0254473   0.0287991   0.0317819   0.0352596   0.0394593   0.0443476   0.0503987   0.058519   0.0690296   0.0877966   0.110197   
-0.200996   -0.201419   -0.200118   -0.199924   -0.200235   -0.19954   -0.199146   -0.199056   -0.19734   -0.196441   -0.195453   -0.193188   -0.188529   -0.184146   -0.17631   -0.168511   -0.159165   -0.150037   -0.14329   -0.138227   -0.134598   -0.130702   -0.126459   -0.122259   -0.117843   -0.113559   -0.109485   -0.104483   -0.10234   

355000
-10   -9   -8   -7   -6   -5   -4   -3   -2   -1   0   1   2   3   4   5   6   7   8   9   10   11   12   13   14   16   17   18   
0.168793   -0.034928   0.0643342   0.170367   0.278845   0.381785   0.491089   0.602058   0.702124   0.806865   0.911719   1.00637   1.09167   1.17469   1.24139   1.30294   1.34945   1.38936   1.43905   1.49754   1.56429   1.62392   1.6754   1.71997   1.75305   1.77127   1.6987   1.61507   
0.0727884   0.0192954   0.017313   0.0157702   0.0145448   0.0134352   0.0134845   0.0136389   0.0135275   0.0134904   0.0134855   0.0136011   0.0137777   0.0141407   0.0141305   0.0157065   0.0182841   0.021844   0.0254457   0.0287884   0.0317404   0.035234   0.0394159   0.0443299   0.0504563   0.069101   0.0884316   0.1103   
-0.165629   -0.20121   -0.200162   -0.200046   -0.200264   -0.199434   -0.199177   -0.199254   -0.197253   -0.196425   -0.195634   -0.192917   -0.188432   -0.183932   -0.176197   -0.168492   -0.159178   -0.150032   -0.143275   -0.138245   -0.134647   -0.130731   -0.126515   -0.122307   -0.117899   -0.109606   -0.104423   -0.102395   

360000
-10   -9   -8   -7   -6   -5   -4   -3   -2   -1   0   1   2   3   4   5   6   7   8   9   10   11   12   13   14   15   16   17   18   
-0.135965   -0.0355337   0.0648144   0.171167   0.277814   0.381669   0.491548   0.603398   0.702092   0.807087   0.912996   1.00541   1.09166   1.17392   1.241   1.3029   1.34944   1.38914   1.43868   1.49726   1.56482   1.62458   1.67635   1.72057   1.75184   1.77054   1.77105   1.694   1.61409   
0.0215542   0.0191508   0.0171799   0.0156531   0.0144638   0.0133516   0.0133792   0.0135465   0.0134598   0.0133981   0.0134056   0.0135184   0.0136988   0.0140848   0.0140693   0.0156532   0.0182436   0.021827   0.0254478   0.0287987   0.0316852   0.0351626   0.0393199   0.0442627   0.0506183   0.0587001   0.0691907   0.0890218   0.110458   
-0.201312   -0.201076   -0.20022   -0.200172   -0.200017   -0.199367   -0.199225   -0.199488   -0.19719   -0.196426   -0.195857   -0.192688   -0.188386   -0.183746   -0.176108   -0.168475   -0.159183   -0.150021   -0.143255   -0.138269   -0.13472   -0.13081   -0.126615   -0.122382   -0.117932   -0.113745   -0.109709   -0.10437   -0.102449   

365000
-10   -9   -8   -7   -6   -5   -4   -3   -2   -1   0   1   2   3   4   6   7   8   9   10   11   12   13   14   16   17   18   
-0.135297   -0.0358891   0.0653587   0.172024   0.277165   0.381709   0.492058   0.602692   0.702169   0.807445   0.911983   1.00461   1.09181   1.17328   1.24068   1.34937   1.38888   1.43825   1.4971   1.56374   1.62409   1.67574   1.72102   1.75091   1.77058   1.68962   1.61267   
0.0213866   0.0190022   0.0170559   0.0155413   0.0143853   0.0132695   0.013278   0.0134528   0.0134065   0.0133101   0.0133271   0.0134379   0.0136234   0.0140292   0.014009   0.018207   0.0218132   0.025453   0.0288014   0.0317531   0.0351894   0.0393694   0.0442164   0.0507497   0.0693005   0.0895728   0.110673   
-0.201467   -0.200993   -0.200289   -0.20031   -0.199843   -0.19933   -0.199284   -0.199314   -0.197146   -0.196456   -0.195619   -0.19249   -0.188372   -0.183586   -0.176033   -0.15918   -0.150001   -0.143226   -0.138305   -0.13467   -0.130806   -0.12662   -0.122455   -0.11798   -0.109795   -0.10432   -0.102503   

370000
-10   -9   -8   -7   -6   -5   -4   -3   -2   -1   0   1   2   3   4   5   6   7   8   9   10   11   12   13   16   17   18   
-0.133782   -0.0360716   0.0659699   0.173021   0.2768   0.381868   0.492619   0.601492   0.702239   0.808052   0.91052   1.00393   1.09211   1.17278   1.24042   1.30273   1.34926   1.38857   1.43779   1.49703   1.56289   1.62243   1.67419   1.7193   1.76987   1.6854   1.61099   
0.0212282   0.0188526   0.0169445   0.0154351   0.0143109   0.0131893   0.0131812   0.0133589   0.0133204   0.0132274   0.0132497   0.0133595   0.013552   0.0139699   0.0139502   0.0155526   0.0181737   0.0218036   0.0254604   0.0287999   0.0318083   0.0353141   0.0395072   0.0443983   0.0694321   0.090098   0.110921   
-0.201675   -0.200944   -0.200368   -0.200477   -0.199721   -0.199317   -0.199355   -0.19904   -0.197121   -0.196538   -0.19529   -0.192317   -0.188393   -0.183457   -0.175969   -0.168432   -0.159169   -0.149975   -0.143191   -0.138347   -0.134643   -0.13072   -0.126571   -0.122423   -0.109863   -0.104272   -0.102557   

375000
-10   -8   -7   -6   -5   -4   -3   -2   -1   0   1   2   3   4   5   6   7   8   9   10   11   12   13   14   16   17   18   
-0.13244   0.0666436   0.174089   0.2765   0.382114   0.493293   0.6006   0.702341   0.808815   0.909335   1.00332   1.09259   1.17241   1.2402   1.3026   1.34911   1.38819   1.43735   1.497   1.56222   1.62115   1.67289   1.71793   1.74968   1.7689   1.68168   1.61003   
0.0210704   0.0168476   0.015336   0.0142222   0.0131112   0.0130901   0.0132674   0.0132223   0.0131503   0.0131744   0.0132834   0.0134846   0.0139124   0.0138927   0.0155037   0.0181436   0.0217978   0.0254683   0.0287961   0.0318521   0.0354152   0.0396281   0.0445502   0.0509593   0.069587   0.0905678   0.111076   
-0.20188   -0.200455   -0.200658   -0.199638   -0.199321   -0.199452   -0.198828   -0.197111   -0.196653   -0.195016   -0.192156   -0.188449   -0.183353   -0.175913   -0.168408   -0.159152   -0.149939   -0.143155   -0.138391   -0.134633   -0.13067   -0.12654   -0.122416   -0.118108   -0.109914   -0.104235   -0.102609   

380000
-10   -9   -8   -7   -6   -5   -4   -3   -2   -1   0   1   3   4   5   6   7   8   9   10   11   12   13   14   15   16   17   18   
-0.131259   -0.0360511   0.067161   0.17422   0.276334   0.382427   0.494185   0.59994   0.702536   0.809726   0.908369   1.00272   1.17213   1.24002   1.30251   1.3489   1.38776   1.43723   1.49698   1.56171   1.62016   1.67181   1.71684   1.7492   1.76967   1.76771   1.67804   1.61004   
0.0209112   0.018564   0.0167244   0.015248   0.0141326   0.0130354   0.0130052   0.0131782   0.0131298   0.0130795   0.0131015   0.0132096   0.013857   0.0138367   0.0154558   0.0181173   0.0217968   0.0254602   0.0287912   0.0318859   0.0354954   0.0397316   0.0446755   0.0510502   0.0589835   0.0697624   0.0910281   0.111102   
-0.202076   -0.200921   -0.200541   -0.200653   -0.199583   -0.199338   -0.199595   -0.198662   -0.19712   -0.1968   -0.194785   -0.191996   -0.183266   -0.175865   -0.16839   -0.159126   -0.149894   -0.143168   -0.138434   -0.134636   -0.130646   -0.126526   -0.122426   -0.118177   -0.114095   -0.10995   -0.104199   -0.102658   

385000
-10   -9   -8   -7   -6   -5   -4   -3   -2   -1   0   1   2   3   4   5   6   7   8   9   10   11   12   13   14   15   16   18   
-0.130204   -0.0358931   0.0677082   0.173383   0.276302   0.382791   0.495195   0.599459   0.70291   0.810806   0.90757   1.00215   1.09364   1.17191   1.23987   1.30245   1.34865   1.38751   1.43764   1.49694   1.56131   1.61936   1.6709   1.71588   1.74878   1.76943   1.76632   1.60947   
0.0207504   0.0184324   0.0166074   0.01517   0.0140465   0.0129621   0.0129268   0.0130909   0.013043   0.0130162   0.0130317   0.0131383   0.0133568   0.0138038   0.0137827   0.0154093   0.0180943   0.0217877   0.0254275   0.0287873   0.0319132   0.0355629   0.039821   0.044789   0.0511325   0.0590483   0.0699529   0.111204   
-0.202265   -0.200936   -0.200631   -0.200451   -0.19955   -0.199366   -0.199766   -0.198532   -0.197166   -0.196985   -0.194588   -0.191841   -0.188593   -0.183192   -0.175822   -0.168377   -0.159092   -0.149875   -0.143259   -0.138473   -0.134651   -0.130637   -0.126525   -0.122443   -0.118246   -0.114169   -0.109972   -0.102708   

390000
-10   -9   -8   -7   -6   -5   -4   -3   -2   -1   0   1   2   3   4   5   6   7   8   9   10   11   12   14   15   16   17   18   
-0.130763   -0.0356479   0.0683337   0.172851   0.276367   0.383191   0.495676   0.599114   0.703428   0.809802   0.906903   1.00168   1.09168   1.17177   1.23974   1.30239   1.34834   1.38791   1.43798   1.4969   1.56101   1.61871   1.6702   1.74845   1.76916   1.76652   1.67138   1.6086   
0.0206131   0.0183157   0.0164949   0.0150989   0.0139635   0.0128916   0.0128518   0.0130058   0.0129617   0.0129548   0.0129663   0.0130698   0.013297   0.0137526   0.0137303   0.0153644   0.0180744   0.0217482   0.0253984   0.0287844   0.031935   0.0356192   0.0398967   0.0512077   0.0591138   0.0699888   0.0918727   0.111346   
-0.202152   -0.200965   -0.200738   -0.200305   -0.199534   -0.199401   -0.199834   -0.19843   -0.197243   -0.196743   -0.194415   -0.191706   -0.188172   -0.18313   -0.175785   -0.168365   -0.15905   -0.149955   -0.14334   -0.138509   -0.134673   -0.13064   -0.12654   -0.118319   -0.114238   -0.110073   -0.104143   -0.102757   

395000
-10   -9   -8   -7   -6   -5   -4   -3   -2   -1   0   1   2   3   4   5   6   7   8   9   10   11   12   13   14   15   16   17   18   
-0.131531   -0.0352972   0.0690335   0.172404   0.276508   0.383621   0.494527   0.598875   0.704047   0.808613   0.906337   1.00142   1.09015   1.17169   1.23965   1.30233   1.34797   1.38826   1.43827   1.49685   1.56077   1.61818   1.66965   1.71435   1.74818   1.76887   1.76686   1.6684   1.60739   
0.0204724   0.0182225   0.0163858   0.0150172   0.0138834   0.0128242   0.0127711   0.0129229   0.0128853   0.0129006   0.0129052   0.0130048   0.013241   0.0136999   0.0136797   0.0153212   0.0180592   0.0217126   0.0253728   0.0287821   0.031952   0.0356672   0.0399614   0.0449887   0.0512725   0.0591784   0.0700074   0.0922555   0.11153   
-0.202009   -0.201007   -0.200861   -0.200195   -0.199532   -0.199443   -0.199573   -0.198348   -0.197341   -0.196461   -0.194262   -0.191613   -0.187839   -0.183088   -0.175754   -0.168352   -0.158999   -0.150028   -0.143411   -0.138542   -0.134701   -0.130652   -0.126567   -0.122504   -0.118391   -0.1143   -0.110182   -0.104124   -0.102805   

400000
-10   -9   -8   -7   -6   -5   -4   -3   -2   -1   0   1   2   3   4   5   7   8   9   10   11   12   13   14   15   16   17   18   
-0.132134   -0.0348885   0.0697596   0.172017   0.276707   0.384093   0.493601   0.598718   0.704777   0.807651   0.905852   1.0013   1.08891   1.1717   1.23959   1.30226   1.38855   1.43852   1.49679   1.56059   1.6177   1.6692   1.71373   1.74797   1.76856   1.76657   1.66551   1.60651   
0.0203244   0.0181011   0.0162806   0.0149259   0.0138061   0.0127603   0.0126865   0.0128423   0.0128141   0.0128562   0.0128491   0.0129439   0.0131873   0.0136485   0.0136307   0.01528   0.021681   0.0253494   0.0287805   0.0319656   0.0357111   0.0400165   0.0450745   0.0513301   0.0592384   0.0700904   0.0926293   0.111672   
-0.201908   -0.201063   -0.20099   -0.200112   -0.199539   -0.199495   -0.199364   -0.198284   -0.197464   -0.196221   -0.194123   -0.191549   -0.187565   -0.183061   -0.175729   -0.168337   -0.150089   -0.143477   -0.138572   -0.134732   -0.130669   -0.1266   -0.122542   -0.118464   -0.114354   -0.110258   -0.104106   -0.102852   

405000
-10   -9   -8   -7   -6   -4   -3   -2   -1   0   1   2   3   4   5   6   7   8   9   10   12   13   14   15   16   17   18   
-0.132557   -0.0345095   0.0705119   0.171771   0.27695   0.492878   0.598624   0.705625   0.80684   0.905433   1.0013   1.08789   1.17178   1.23956   1.30217   1.34793   1.38876   1.43873   1.49671   1.56045   1.66884   1.71321   1.74781   1.76822   1.76565   1.66281   1.60701   
0.0201763   0.0179827   0.0161793   0.0148378   0.0137319   0.0126033   0.012764   0.0127481   0.0128075   0.0127989   0.0128875   0.0131354   0.0135994   0.0135834   0.0152408   0.0180038   0.0216529   0.0253284   0.0287801   0.0319755   0.0400636   0.0451511   0.0513806   0.0593008   0.0702389   0.0929751   0.111633   
-0.201838   -0.201118   -0.201126   -0.200051   -0.199555   -0.199197   -0.198232   -0.197613   -0.196017   -0.193996   -0.191511   -0.187335   -0.183049   -0.175712   -0.16832   -0.15901   -0.15014   -0.143535   -0.138598   -0.134764   -0.126639   -0.122585   -0.118535   -0.114402   -0.110303   -0.104088   -0.102896   

410000
-10   -9   -8   -7   -6   -5   -4   -3   -2   -1   0   1   2   3   5   6   7   8   9   10   11   13   14   15   16   17   18   
-0.132886   -0.0341505   0.0708821   0.171625   0.277231   0.385343   0.492323   0.59858   0.705032   0.806104   0.905056   1.00144   1.08703   1.17193   1.30207   1.34816   1.38891   1.4389   1.49662   1.56032   1.61688   1.71277   1.74767   1.76787   1.76422   1.66059   1.60684   
0.0200265   0.0178669   0.0160837   0.014752   0.0136612   0.012634   0.012523   0.0126884   0.0126775   0.0127281   0.0127432   0.0128358   0.0130852   0.0135524   0.0152034   0.0179672   0.0216289   0.0253101   0.0287803   0.0319838   0.0357884   0.0452198   0.0514257   0.0593589   0.0704423   0.0932622   0.111677   
-0.201791   -0.201173   -0.201187   -0.200008   -0.199576   -0.199678   -0.199063   -0.198191   -0.19747   -0.195846   -0.193884   -0.191499   -0.187135   -0.183052   -0.1683   -0.159057   -0.150181   -0.143588   -0.13862   -0.134794   -0.130706   -0.122632   -0.118605   -0.114442   -0.110321   -0.10408   -0.102941   

415000
-10   -9   -8   -7   -6   -5   -4   -3   -2   -1   0   1   2   3   4   5   6   7   8   9   10   11   12   13   14   15   16   17   18   
-0.133136   -0.0337942   0.0700901   0.17156   0.277549   0.38608   0.491895   0.598581   0.704045   0.805477   0.904721   1.00171   1.08627   1.17182   1.23941   1.30194   1.34833   1.38899   1.439   1.49652   1.56021   1.61656   1.66832   1.71241   1.74757   1.76822   1.76235   1.65882   1.60615   
0.0198773   0.0177527   0.0159953   0.0146685   0.0135949   0.0125728   0.0124453   0.0126159   0.0126062   0.0126525   0.0126725   0.0127809   0.0130366   0.0135093   0.0134933   0.0151685   0.0179342   0.0216091   0.0252956   0.0287809   0.0319915   0.0358185   0.0401407   0.0452789   0.0514671   0.059379   0.0706862   0.0934921   0.11179   
-0.201759   -0.201231   -0.201017   -0.19998   -0.199604   -0.199799   -0.198954   -0.198158   -0.197246   -0.195697   -0.193792   -0.191525   -0.186957   -0.183008   -0.175664   -0.168276   -0.159094   -0.150212   -0.143631   -0.138639   -0.134825   -0.130726   -0.126725   -0.122679   -0.118673   -0.114558   -0.110315   -0.104082   -0.102985   

420000
-10   -9   -8   -7   -6   -5   -4   -3   -2   -1   0   1   2   3   4   5   6   7   8   9   10   11   12   14   15   16   17   18   
-0.133323   -0.0334023   0.0694987   0.17156   0.277897   0.386895   0.49157   0.598648   0.703231   0.804939   0.904492   1.00215   1.0856   1.17093   1.23913   1.30178   1.34845   1.38901   1.43906   1.4964   1.5601   1.61628   1.66815   1.7475   1.76872   1.76075   1.65695   1.60508   
0.0197308   0.01764   0.0159091   0.0145875   0.0135303   0.0125163   0.0123696   0.012548   0.012537   0.0125801   0.0126052   0.0127233   0.0129895   0.0134718   0.0134488   0.0151362   0.0179043   0.0215932   0.025284   0.0287821   0.0319964   0.0358447   0.040168   0.0515046   0.0593866   0.0708997   0.0937415   0.111955   
-0.201741   -0.201298   -0.200885   -0.199962   -0.199642   -0.199939   -0.198865   -0.198139   -0.197058   -0.195564   -0.193721   -0.191591   -0.186797   -0.182815   -0.175609   -0.168246   -0.159122   -0.150234   -0.143666   -0.138654   -0.134852   -0.130748   -0.12677   -0.11874   -0.114688   -0.110318   -0.104081   -0.10303   

425000
-10   -9   -8   -7   -6   -5   -4   -3   -2   -1   0   1   2   3   4   5   6   7   8   9   10   11   12   13   14   16   17   18   
-0.133451   -0.0329509   0.0690689   0.171611   0.278245   0.386804   0.491324   0.598854   0.702553   0.80447   0.904411   1.00278   1.08501   1.17019   1.23891   1.3016   1.3485   1.38894   1.43906   1.49628   1.56   1.61604   1.66802   1.71188   1.74743   1.76031   1.65503   1.60461   
0.0195897   0.0175288   0.0158261   0.0145087   0.0134556   0.0124615   0.0122959   0.0124852   0.01247   0.0125106   0.0125414   0.01267   0.0129422   0.0134331   0.0134051   0.0151059   0.0178781   0.0215821   0.0252759   0.0287827   0.0320019   0.0358666   0.0401916   0.0453711   0.0515382   0.0709875   0.0939873   0.11204   
-0.201733   -0.201379   -0.200782   -0.199953   -0.199699   -0.199895   -0.198792   -0.198148   -0.196896   -0.195445   -0.19368   -0.191698   -0.186654   -0.182652   -0.175563   -0.168213   -0.15914   -0.150244   -0.143693   -0.138665   -0.134878   -0.13077   -0.126813   -0.122773   -0.118804   -0.11037   -0.104077   -0.103072   

430000
-10   -9   -8   -7   -6   -5   -4   -3   -2   -1   0   1   2   3   4   5   6   7   8   9   10   11   12   13   15   16   17   18   
-0.133538   -0.0324906   0.0687765   0.171702   0.27869   0.386002   0.49114   0.599184   0.701982   0.80406   0.904411   1.00129   1.0845   1.16958   1.23873   1.3014   1.34849   1.3888   1.43901   1.49618   1.5599   1.61585   1.6679   1.71166   1.76961   1.75904   1.65312   1.6047   
0.0194552   0.0174193   0.0157478   0.0144325   0.0133857   0.0124063   0.012224   0.0124279   0.0124049   0.0124435   0.0124805   0.0126097   0.012893   0.013391   0.0133624   0.0150778   0.0178552   0.0215758   0.0252714   0.0287812   0.0320063   0.0358861   0.0402119   0.0454096   0.0594119   0.0711625   0.0942363   0.112051   
-0.201733   -0.201464   -0.200704   -0.19995   -0.199774   -0.199707   -0.198732   -0.198183   -0.196757   -0.195338   -0.193656   -0.191368   -0.186531   -0.182517   -0.175523   -0.168177   -0.159148   -0.150242   -0.143712   -0.138676   -0.1349   -0.130793   -0.126856   -0.122818   -0.114931   -0.110383   -0.104072   -0.103113   

435000
-10   -9   -8   -7   -6   -5   -4   -3   -2   -1   0   1   2   3   4   5   6   7   8   10   11   13   14   15   16   17   18   
-0.133577   -0.0320215   0.0686071   0.171828   0.279192   0.385373   0.491005   0.599598   0.701498   0.803701   0.904487   0.999567   1.08406   1.16904   1.23856   1.30119   1.34842   1.38858   1.43891   1.55981   1.61569   1.71147   1.74728   1.76998   1.75717   1.65168   1.6042   
0.0193311   0.0173121   0.0156765   0.0143591   0.01332   0.0123527   0.012154   0.0123761   0.0123416   0.0123788   0.0124224   0.0125499   0.0128453   0.0133501   0.0133208   0.0150514   0.017836   0.0215738   0.0252694   0.0320085   0.0358976   0.0454431   0.0515994   0.0594281   0.0714007   0.0944245   0.112139   
-0.201742   -0.201551   -0.200646   -0.199953   -0.199859   -0.199552   -0.198681   -0.198235   -0.196635   -0.19524   -0.193648   -0.190991   -0.186422   -0.182398   -0.175487   -0.16814   -0.159146   -0.150229   -0.143724   -0.13492   -0.130815   -0.12286   -0.118917   -0.115042   -0.110368   -0.104077   -0.103154   

440000
-10   -9   -8   -7   -6   -5   -4   -3   -2   -1   0   1   2   3   5   6   7   8   9   10   11   12   13   14   15   17   18   
-0.133543   -0.0315394   0.0685629   0.171988   0.279747   0.384881   0.490909   0.600104   0.701084   0.8034   0.904643   0.998054   1.08371   1.16857   1.30106   1.34828   1.38829   1.43876   1.49658   1.55976   1.61562   1.6677   1.71132   1.74722   1.7703   1.65066   1.60327   
0.0192223   0.0172076   0.0156152   0.0142893   0.0132582   0.0123009   0.0120858   0.0123306   0.0122801   0.0123163   0.0123672   0.0124926   0.0127991   0.0133107   0.0150238   0.0178199   0.021576   0.0252706   0.02875   0.0320065   0.0359013   0.0402429   0.0454712   0.051627   0.0594461   0.0945666   0.112284   
-0.201758   -0.201643   -0.200607   -0.199962   -0.199955   -0.199424   -0.198639   -0.198307   -0.196527   -0.195155   -0.193657   -0.190656   -0.186331   -0.18229   -0.168117   -0.159133   -0.150206   -0.143729   -0.138782   -0.13494   -0.130839   -0.126931   -0.122901   -0.118969   -0.115147   -0.104091   -0.103196   

445000
-10   -9   -8   -7   -6   -5   -4   -3   -2   -1   0   1   2   3   4   5   6   7   8   9   10   11   12   13   14   15   16   17   18   
-0.133418   -0.0310404   0.0684851   0.172198   0.280359   0.384499   0.490849   0.600714   0.700724   0.803192   0.904885   0.996726   1.08342   1.16816   1.23829   1.30129   1.34806   1.38796   1.43857   1.49713   1.55979   1.61567   1.66765   1.71121   1.74719   1.77054   1.75295   1.64953   1.60212   
0.0191354   0.0171066   0.0155456   0.014224   0.0132003   0.0122505   0.0120198   0.0122924   0.0122206   0.0122564   0.0123148   0.0124375   0.0127543   0.0132727   0.0132406   0.0149835   0.0178084   0.0215808   0.0252746   0.0287193   0.0319957   0.0358926   0.0402522   0.0454937   0.0516453   0.0594683   0.0719278   0.0947191   0.112454   
-0.201785   -0.20174   -0.200575   -0.199979   -0.200063   -0.199317   -0.198604   -0.1984   -0.19643   -0.195089   -0.193684   -0.190361   -0.186251   -0.182191   -0.175426   -0.168159   -0.159109   -0.150178   -0.143728   -0.138892   -0.134963   -0.130868   -0.126966   -0.122941   -0.119016   -0.115243   -0.110307   -0.104102   -0.103237   

450000
-10   -9   -8   -7   -6   -5   -4   -2   -1   0   1   2   3   5   6   7   8   9   11   12   13   15   16   17   18   
-0.133147   -0.031009   0.068311   0.172499   0.280267   0.384205   0.490838   0.70041   0.803105   0.905223   0.995557   1.08317   1.16779   1.30149   1.34777   1.3877   1.43835   1.4977   1.6159   1.66767   1.71117   1.7707   1.75073   1.64822   1.60224   
0.0190459   0.0170117   0.0154592   0.0141643   0.0131434   0.0122014   0.0119562   0.0121634   0.0121991   0.0122654   0.0123846   0.012711   0.0132359   0.014945   0.0178004   0.0215832   0.0252809   0.0286874   0.0358649   0.0402541   0.0455057   0.0594963   0.0721973   0.0948928   0.112459   
-0.201821   -0.201745   -0.200544   -0.200012   -0.200028   -0.199228   -0.19858   -0.196342   -0.195047   -0.193732   -0.190098   -0.186181   -0.182101   -0.168196   -0.159074   -0.150158   -0.14372   -0.139002   -0.130906   -0.127003   -0.122979   -0.115332   -0.110266   -0.104109   -0.103274   

455000
-10   -9   -8   -7   -6   -5   -4   -3   -2   -1   0   1   2   3   5   6   7   9   10   11   12   13   14   15   16   17   
-0.132854   -0.0316624   0.0681887   0.172903   0.279626   0.383982   0.490926   0.600495   0.700134   0.803082   0.905668   0.99452   1.08297   1.16745   1.30167   1.34744   1.38836   1.49828   1.56012   1.61613   1.66781   1.71123   1.74738   1.77079   1.74748   1.64682   
0.0189377   0.0169235   0.0153764   0.0141113   0.0130861   0.0121538   0.0118952   0.0122067   0.0121089   0.0121442   0.0122189   0.0123342   0.0126693   0.0132006   0.0149085   0.0177954   0.0215388   0.0286545   0.0319724   0.0358488   0.0402412   0.0455042   0.0516497   0.0595295   0.0725778   0.0950777   
-0.20186   -0.201615   -0.200521   -0.200063   -0.199881   -0.199154   -0.198576   -0.198302   -0.19626   -0.19502   -0.193804   -0.189862   -0.186119   -0.182019   -0.168228   -0.159031   -0.150271   -0.139111   -0.135061   -0.130958   -0.127042   -0.123018   -0.119112   -0.115413   -0.110178   -0.104114   

460000
-10   -9   -8   -7   -6   -5   -4   -3   -2   -1   0   1   2   3   5   6   7   8   9   10   11   12   13   15   16   17   18   
-0.132558   -0.0321799   0.0681052   0.173202   0.279115   0.383817   0.491106   0.599616   0.699897   0.803122   0.905695   0.993594   1.08281   1.16715   1.30181   1.34706   1.38894   1.43912   1.49886   1.56029   1.61598   1.66813   1.71146   1.77079   1.74306   1.64538   1.60105   
0.0188326   0.0168391   0.0152962   0.0140447   0.013031   0.0121075   0.011837   0.0121337   0.0120575   0.0120916   0.0121724   0.0122858   0.0126291   0.0131653   0.0148739   0.017793   0.0214991   0.0252271   0.0286211   0.0319754   0.0358863   0.0402062   0.0454808   0.0595706   0.0730883   0.0952689   0.112657   
-0.201907   -0.20151   -0.200504   -0.200116   -0.199759   -0.19909   -0.198592   -0.19811   -0.196186   -0.195005   -0.193791   -0.189649   -0.186064   -0.181943   -0.168255   -0.158982   -0.150371   -0.143872   -0.139219   -0.135139   -0.131018   -0.127087   -0.12306   -0.115487   -0.110041   -0.104118   -0.103351   

465000
-10   -9   -8   -7   -6   -5   -4   -3   -2   -1   0   1   2   3   5   6   7   8   9   10   11   12   13   14   15   16   17   18   
-0.13226   -0.0325766   0.0680516   0.173494   0.278711   0.3837   0.491339   0.598867   0.699707   0.803226   0.904585   0.992762   1.08268   1.16688   1.30192   1.34717   1.38943   1.43989   1.49943   1.56052   1.61597   1.66836   1.71162   1.74808   1.7707   1.73874   1.64473   1.59993   
0.0187293   0.0167603   0.015218   0.0139755   0.0129783   0.0120631   0.0117815   0.012064   0.0120104   0.0120414   0.0121198   0.0122393   0.0125908   0.0131281   0.0148415   0.0177707   0.0214633   0.0251798   0.0285882   0.0319742   0.0359127   0.040197   0.0454927   0.0516853   0.0596169   0.0735826   0.0953673   0.112822   
-0.201959   -0.201426   -0.200491   -0.200175   -0.199656   -0.199036   -0.198619   -0.197945   -0.196121   -0.195005   -0.193543   -0.189455   -0.186017   -0.181876   -0.168276   -0.159009   -0.15046   -0.144   -0.139323   -0.135219   -0.131085   -0.127147   -0.123133   -0.119339   -0.115552   -0.109903   -0.104139   -0.103389   

470000
-10   -9   -8   -7   -6   -5   -4   -3   -2   -1   0   1   2   3   5   6   7   8   9   10   11   12   13   14   15   16   17   18   
-0.131979   -0.0328551   0.0680214   0.173835   0.278398   0.383622   0.491628   0.598224   0.699587   0.803401   0.903602   0.992006   1.08259   1.16663   1.30199   1.34756   1.38987   1.44058   1.49997   1.56078   1.61604   1.66822   1.71169   1.74851   1.77052   1.73454   1.64448   1.59974   
0.018627   0.0166897   0.0151416   0.0139103   0.0129283   0.0120203   0.011729   0.0119971   0.0119676   0.011994   0.0120689   0.0121946   0.0125541   0.0130924   0.0148109   0.0177368   0.0214319   0.0251367   0.0285567   0.031969   0.0359302   0.040245   0.0455308   0.0516921   0.0596719   0.0740631   0.0954101   0.112865   
-0.202014   -0.20136   -0.200482   -0.200242   -0.19957   -0.198989   -0.198659   -0.1978   -0.19607   -0.19502   -0.193322   -0.189277   -0.185977   -0.181813   -0.16829   -0.15908   -0.150539   -0.144116   -0.139422   -0.135301   -0.131158   -0.127215   -0.123224   -0.119452   -0.11561   -0.109767   -0.104166   -0.103424   

475000
-10   -9   -8   -7   -6   -5   -4   -3   -2   -1   0   1   2   3   4   5   6   7   8   9   10   11   12   13   14   15   16   17   18   
-0.131713   -0.0330149   0.0680189   0.174224   0.278168   0.383546   0.491976   0.597666   0.699557   0.803652   0.902721   0.991314   1.08253   1.1664   1.23756   1.30202   1.34788   1.39023   1.44121   1.50045   1.56108   1.6162   1.66818   1.71183   1.74897   1.77027   1.7304   1.64403   1.59924   
0.0185255   0.0166303   0.0150671   0.0138488   0.0128822   0.0119738   0.0116796   0.0119327   0.0119298   0.0119492   0.0120198   0.012152   0.0125191   0.0130581   0.0130302   0.0147826   0.0177064   0.021404   0.0250971   0.0285282   0.031961   0.0359412   0.0402839   0.0455598   0.0516929   0.0597283   0.0745373   0.0954835   0.112946   
-0.20207   -0.201311   -0.200478   -0.200318   -0.199499   -0.198949   -0.198712   -0.197672   -0.196035   -0.195051   -0.193121   -0.189112   -0.185946   -0.181753   -0.175261   -0.168298   -0.159141   -0.150609   -0.144224   -0.139513   -0.135384   -0.131236   -0.127288   -0.123317   -0.119564   -0.115658   -0.109634   -0.10419   -0.103459   

480000
-10   -9   -8   -6   -5   -4   -3   -2   -1   0   1   3   4   5   6   7   8   9   10   11   12   13   14   15   16   17   18   
-0.131456   -0.0330459   0.0680599   0.277916   0.383465   0.492388   0.597177   0.699575   0.803989   0.901859   0.990692   1.16619   1.23743   1.30201   1.34813   1.39051   1.44179   1.5009   1.56141   1.61641   1.66821   1.71204   1.74945   1.76995   1.72635   1.64342   1.59825   
0.0184249   0.0165862   0.0149945   0.0128269   0.0119229   0.0116333   0.0118704   0.0118973   0.0119078   0.0119727   0.0121116   0.0130253   0.0129995   0.0147569   0.0176794   0.0213807   0.0250605   0.0285014   0.0319505   0.0359464   0.0403147   0.0455825   0.0516904   0.059794   0.0749974   0.0955722   0.113095   
-0.202127   -0.201279   -0.200482   -0.199438   -0.198915   -0.198779   -0.197558   -0.19601   -0.195101   -0.192922   -0.188961   -0.181698   -0.175234   -0.168298   -0.15919   -0.150667   -0.144325   -0.1396   -0.135469   -0.131316   -0.127365   -0.123412   -0.119675   -0.1157   -0.1095   -0.104209   -0.103495   

485000
-10   -9   -8   -7   -6   -5   -4   -3   -2   -1   0   1   2   3   5   6   7   8   9   10   11   12   13   14   15   16   17   18   
-0.131198   -0.0332943   0.0681673   0.173953   0.277685   0.383411   0.492871   0.596744   0.699641   0.804425   0.900988   0.99015   1.08258   1.166   1.30195   1.34832   1.39073   1.44232   1.50133   1.56176   1.61666   1.66831   1.7123   1.74996   1.76954   1.72243   1.64263   1.59698   
0.0183258   0.0164997   0.0149237   0.01373   0.0127693   0.0118738   0.0115907   0.0118101   0.0118708   0.0118702   0.0119272   0.0120736   0.0124509   0.0129939   0.0147333   0.0176556   0.0213615   0.0250267   0.0284761   0.0319382   0.0359473   0.0403376   0.0455973   0.0516848   0.0598636   0.0754415   0.0956844   0.113281   
-0.202186   -0.201237   -0.200498   -0.200256   -0.199385   -0.198885   -0.198862   -0.197456   -0.195993   -0.195173   -0.19272   -0.188826   -0.18592   -0.181645   -0.168291   -0.15923   -0.150715   -0.144418   -0.139682   -0.135555   -0.131399   -0.127444   -0.123507   -0.119785   -0.115734   -0.109368   -0.104225   -0.103533   

490000
-10   -9   -8   -7   -6   -5   -4   -3   -2   -1   0   1   2   3   4   5   6   7   8   9   10   11   12   15   16   17   18   
-0.130939   -0.0335055   0.0683124   0.17343   0.277501   0.383399   0.492414   0.596356   0.699744   0.803564   0.900125   0.989685   1.08259   1.16581   1.23719   1.30185   1.34844   1.39088   1.4428   1.50173   1.56212   1.61695   1.66847   1.76907   1.71863   1.64168   1.59644   
0.0182283   0.0164173   0.0148551   0.0136711   0.012714   0.0118267   0.0115403   0.0117516   0.0118445   0.0118246   0.0118836   0.0120379   0.0124165   0.0129641   0.0129419   0.014712   0.0176348   0.0213458   0.0249959   0.0284523   0.0319251   0.0359448   0.0403543   0.0599366   0.0758712   0.0958139   0.113369   
-0.202247   -0.201202   -0.200522   -0.200146   -0.199339   -0.198863   -0.198753   -0.197362   -0.195986   -0.194975   -0.192518   -0.188707   -0.185907   -0.181594   -0.175181   -0.168276   -0.15926   -0.150754   -0.144505   -0.13976   -0.13564   -0.131482   -0.127526   -0.115761   -0.10924   -0.104236   -0.103566   

495000
-10   -9   -8   -7   -6   -5   -4   -3   -2   -1   0   1   2   3   4   5   6   7   8   9   10   11   12   13   14   15   16   18   
-0.130683   -0.0336874   0.0684851   0.172993   0.277354   0.383462   0.49174   0.596006   0.699824   0.802753   0.899279   0.989262   1.08194   1.16564   1.23706   1.30171   1.3485   1.39097   1.44324   1.5021   1.56248   1.61726   1.66868   1.71295   1.75096   1.76913   1.71494   1.59543   
0.0181321   0.0163377   0.0147887   0.0136135   0.0126606   0.0117818   0.011484   0.0116948   0.0117907   0.0117821   0.0118424   0.0120046   0.0123807   0.0129357   0.0129149   0.0146929   0.0176178   0.0213335   0.024968   0.02843   0.0319115   0.0359389   0.0403653   0.0456113   0.0516684   0.0599622   0.0762913   0.113516   
-0.20231   -0.201171   -0.200551   -0.200051   -0.199299   -0.198857   -0.198605   -0.197275   -0.195992   -0.194786   -0.192318   -0.188597   -0.185766   -0.181545   -0.175155   -0.168254   -0.159279   -0.150784   -0.144584   -0.139833   -0.135723   -0.131566   -0.12761   -0.1237   -0.119997   -0.115822   -0.109118   -0.103601   

500000
-10   -9   -8   -7   -6   -5   -4   -3   -2   -1   0   1   2   4   5   6   7   8   9   10   11   12   13   14   15   16   17   18   
-0.130888   -0.033847   0.0686877   0.172629   0.277235   0.383586   0.491152   0.595689   0.699957   0.802037   0.898457   0.988892   1.08137   1.23823   1.30153   1.34849   1.391   1.44362   1.50244   1.56281   1.61759   1.66894   1.71332   1.75142   1.77027   1.71177   1.64097   1.59406   
0.01804   0.0162599   0.0147251   0.0135577   0.0126088   0.0117388   0.0114285   0.0116396   0.0117398   0.0117433   0.0118035   0.0119703   0.0123457   0.0130268   0.014676   0.0176043   0.0213247   0.024943   0.02841   0.0318983   0.0359315   0.0403731   0.0456126   0.0516593   0.0598907   0.0766519   0.0959318   0.113715   
-0.202285   -0.201145   -0.200585   -0.19997   -0.199264   -0.198863   -0.198476   -0.197196   -0.196008   -0.194616   -0.192123   -0.1885   -0.18564   -0.175463   -0.168226   -0.159287   -0.150805   -0.144657   -0.139902   -0.135802   -0.131651   -0.127696   -0.123797   -0.120096   -0.115959   -0.109016   -0.104282   -0.103639   

505000
-10   -9   -8   -7   -6   -5   -4   -3   -2   -1   0   1   2   3   4   5   6   7   8   9   10   11   12   13   14   15   16   17   18   
-0.131479   -0.0339891   0.0689226   0.172325   0.277141   0.383748   0.490644   0.595405   0.700145   0.801397   0.897666   0.988596   1.08087   1.16536   1.24169   1.30132   1.34841   1.39098   1.44395   1.50274   1.56311   1.61793   1.66922   1.71371   1.75184   1.77125   1.70877   1.6411   1.59279   
0.0179504   0.0161837   0.0146647   0.0135033   0.0125585   0.0116978   0.0113749   0.011586   0.011692   0.0117089   0.0117675   0.011929   0.0123114   0.0128785   0.0131196   0.0146609   0.0175939   0.0213188   0.024921   0.0283915   0.0318865   0.0359227   0.0403757   0.045611   0.0516538   0.0598298   0.0769945   0.0959305   0.113901   
-0.202185   -0.201122   -0.200624   -0.1999   -0.199233   -0.198877   -0.198363   -0.197123   -0.196037   -0.19446   -0.191933   -0.188425   -0.185529   -0.181463   -0.176351   -0.168194   -0.159286   -0.150819   -0.144723   -0.139965   -0.135873   -0.131733   -0.127781   -0.123893   -0.120189   -0.116083   -0.108922   -0.104314   -0.103676   

510000
-10   -9   -8   -7   -6   -5   -4   -3   -2   -1   0   1   2   3   4   5   6   7   8   9   10   11   12   13   14   15   16   17   18   
-0.132003   -0.0341147   0.069192   0.172073   0.277068   0.383946   0.4902   0.595164   0.700398   0.800821   0.896916   0.988347   1.08043   1.16524   1.24381   1.30108   1.34828   1.3909   1.44425   1.503   1.56338   1.61825   1.66954   1.71412   1.75226   1.77208   1.7058   1.64097   1.59158   
0.0178611   0.0161088   0.0146079   0.0134507   0.0125098   0.0116587   0.0113229   0.011534   0.0116473   0.0116793   0.011735   0.0118895   0.0122778   0.0128499   0.0132529   0.0146478   0.0175866   0.021316   0.0249015   0.0283756   0.0318757   0.0359137   0.0403753   0.0456059   0.0516481   0.0597826   0.0773341   0.095955   0.114077   
-0.202099   -0.201102   -0.20067   -0.199839   -0.199205   -0.198899   -0.198262   -0.197059   -0.196079   -0.194315   -0.191751   -0.188361   -0.185428   -0.181429   -0.176887   -0.168157   -0.159276   -0.150824   -0.144782   -0.140024   -0.135941   -0.131811   -0.127868   -0.123988   -0.120281   -0.116195   -0.108827   -0.104339   -0.103711   

515000
-10   -9   -8   -7   -6   -5   -4   -3   -2   -1   0   1   2   3   4   5   6   7   8   9   10   11   12   13   14   15   16   17   18   
-0.13247   -0.0342189   0.0694998   0.171867   0.277019   0.384184   0.489808   0.594994   0.70067   0.800299   0.89621   0.988143   1.08003   1.16513   1.2442   1.30082   1.34808   1.39077   1.44449   1.50323   1.56363   1.61854   1.66986   1.71454   1.75266   1.77273   1.70317   1.64058   1.59024   
0.0177724   0.0160349   0.0145554   0.0134001   0.0124627   0.0116216   0.0112722   0.0114841   0.0116049   0.0116554   0.0117062   0.0118517   0.012245   0.0128231   0.013359   0.0146364   0.0175824   0.0213164   0.0248844   0.028362   0.0318664   0.0359058   0.0403723   0.0455989   0.0516441   0.0597551   0.0776341   0.0960186   0.114278   
-0.202025   -0.201087   -0.200722   -0.199785   -0.199182   -0.198929   -0.198171   -0.19701   -0.196127   -0.194179   -0.191577   -0.188305   -0.185336   -0.181397   -0.176961   -0.168115   -0.159256   -0.150823   -0.144835   -0.140076   -0.136005   -0.131885   -0.127953   -0.124082   -0.12037   -0.116296   -0.108746   -0.10436   -0.103749   

520000
-10   -9   -8   -7   -6   -5   -4   -3   -2   -1   0   1   2   3   4   5   6   7   8   9   10   11   12   14   15   16   17   18   
-0.132891   -0.0342904   0.0698534   0.171702   0.277002   0.384463   0.489459   0.594878   0.699934   0.799801   0.895569   0.987981   1.07967   1.16502   1.24413   1.30084   1.34785   1.3906   1.44469   1.50341   1.56385   1.61881   1.67019   1.75303   1.77322   1.70075   1.64002   1.58869   
0.0176846   0.0159619   0.0145083   0.0133519   0.0124173   0.0115867   0.0112228   0.011436   0.0115517   0.0116222   0.0116638   0.0118155   0.0122129   0.0127965   0.0134127   0.0146153   0.0175805   0.0213191   0.0248703   0.0283505   0.0318579   0.0358983   0.0403688   0.0516399   0.0597396   0.0779168   0.0961016   0.114493   
-0.201961   -0.201078   -0.200781   -0.199739   -0.199164   -0.198969   -0.198089   -0.196973   -0.195966   -0.194056   -0.191427   -0.188259   -0.185253   -0.181365   -0.176912   -0.168122   -0.15923   -0.150814   -0.144881   -0.140124   -0.136064   -0.131954   -0.128037   -0.120455   -0.116383   -0.108675   -0.104377   -0.103785   

525000
-10   -9   -8   -7   -6   -5   -4   -3   -2   -1   0   1   2   3   4   5   6   7   8   9   10   11   12   13   14   15   16   17   18   
-0.133265   -0.0343176   0.0697924   0.171577   0.277036   0.384788   0.489146   0.594796   0.699279   0.799314   0.895007   0.987858   1.07935   1.16487   1.24409   1.30116   1.34757   1.39039   1.44484   1.50356   1.56404   1.61905   1.6705   1.71532   1.75338   1.77353   1.69846   1.63936   1.58731   
0.0175988   0.0158899   0.0144659   0.0133064   0.0123738   0.0115541   0.0111745   0.0113895   0.0115004   0.01157   0.0116176   0.0117809   0.0121816   0.0127646   0.013419   0.0145836   0.0175812   0.0213241   0.0248588   0.0283417   0.0318519   0.035892   0.0403646   0.0455852   0.0516388   0.0597402   0.0781741   0.0961959   0.114691   
-0.201906   -0.201078   -0.200753   -0.199699   -0.199157   -0.199019   -0.198014   -0.196943   -0.195821   -0.193946   -0.191297   -0.188221   -0.185175   -0.181328   -0.176882   -0.168181   -0.159197   -0.150801   -0.144921   -0.140165   -0.136119   -0.132019   -0.128117   -0.124258   -0.120537   -0.116459   -0.108604   -0.104391   -0.10382   

530000
-10   -9   -8   -7   -6   -5   -4   -3   -2   -1   0   1   2   3   4   5   7   8   9   10   11   12   13   15   17   18   
-0.133594   -0.0343257   0.069496   0.171492   0.277115   0.385167   0.488862   0.59475   0.698693   0.798863   0.894496   0.987775   1.07906   1.16475   1.24404   1.30144   1.39056   1.44494   1.50367   1.56419   1.61927   1.67079   1.71568   1.77369   1.63867   1.58573   
0.0175155   0.0158191   0.0144305   0.0132646   0.0123324   0.0115237   0.0111274   0.0113447   0.0114508   0.0115199   0.0115733   0.0117478   0.0121512   0.0127337   0.0134203   0.014554   0.0213088   0.0248506   0.0283348   0.0318476   0.0358862   0.040361   0.0455782   0.0597533   0.0962941   0.114914   
-0.201857   -0.201082   -0.200671   -0.199664   -0.199158   -0.199082   -0.197945   -0.19692   -0.19569   -0.193843   -0.191178   -0.188191   -0.185103   -0.181295   -0.176849   -0.168233   -0.150841   -0.144955   -0.140201   -0.136168   -0.132081   -0.128192   -0.12434   -0.116524   -0.104405   -0.103855   

535000
-10   -9   -8   -7   -6   -5   -4   -3   -2   -1   0   1   2   3   4   5   6   7   8   9   10   11   12   13   15   16   17   18   
-0.133883   -0.0343168   0.0691214   0.171455   0.277225   0.384835   0.488601   0.594739   0.698163   0.798441   0.894024   0.987734   1.07879   1.16465   1.24401   1.30167   1.34748   1.39131   1.44501   1.50374   1.56431   1.61947   1.67106   1.71603   1.77368   1.69432   1.63934   1.58411   
0.0174354   0.0157496   0.014381   0.013228   0.0122937   0.0114885   0.0110812   0.0113015   0.0114028   0.0114717   0.0115308   0.0117163   0.0121218   0.012704   0.013414   0.0145266   0.0175625   0.0212633   0.0248449   0.0283298   0.0318453   0.0358839   0.0403566   0.0455716   0.0597864   0.0786488   0.0962227   0.115145   
-0.201816   -0.20109   -0.200593   -0.199636   -0.199163   -0.198997   -0.19788   -0.196905   -0.19557   -0.193746   -0.191067   -0.18817   -0.185036   -0.181265   -0.176823   -0.168276   -0.159204   -0.150962   -0.144983   -0.140232   -0.136212   -0.132139   -0.128264   -0.12442   -0.116578   -0.10848   -0.104444   -0.103891   

540000
-10   -9   -8   -7   -6   -5   -4   -3   -2   -1   0   1   2   3   4   5   6   7   8   9   10   11   12   13   14   15   16   17   18   
-0.134125   -0.0342908   0.0686629   0.171361   0.277362   0.384333   0.488362   0.594766   0.69768   0.798047   0.893593   0.98774   1.07854   1.16455   1.24396   1.30185   1.34793   1.39198   1.44503   1.50377   1.56439   1.61964   1.67132   1.71637   1.7542   1.77349   1.69248   1.63958   1.58234   
0.0173597   0.0156818   0.0143167   0.0131837   0.0122576   0.0114525   0.0110362   0.0112601   0.0113561   0.0114252   0.01149   0.0116861   0.0120936   0.0126753   0.0134061   0.0145015   0.0175316   0.0212223   0.0248413   0.0283278   0.0318448   0.0358819   0.0403537   0.0455655   0.0516433   0.0598327   0.0788602   0.0962066   0.115394   
-0.20178   -0.2011   -0.200517   -0.199608   -0.199174   -0.198877   -0.19782   -0.196899   -0.195461   -0.193654   -0.190965   -0.188159   -0.184973   -0.181236   -0.176796   -0.168311   -0.159283   -0.15107   -0.145004   -0.140256   -0.13625   -0.132192   -0.128332   -0.124497   -0.120756   -0.116619   -0.108428   -0.104475   -0.103927   

545000
-10   -9   -8   -7   -6   -5   -4   -3   -2   -1   0   2   4   5   6   7   8   9   10   11   12   13   14   15   16   17   18   
-0.134318   -0.0342474   0.0682655   0.17119   0.277527   0.383901   0.488143   0.594832   0.697236   0.797685   0.893201   1.0783   1.2439   1.30199   1.34831   1.39258   1.44502   1.50377   1.56443   1.61977   1.67155   1.71668   1.75439   1.77317   1.69071   1.63953   1.58046   
0.0172895   0.0156158   0.0142553   0.0131287   0.0122242   0.0114181   0.0109923   0.0112208   0.0113106   0.0113805   0.0114507   0.0120667   0.0133975   0.0144786   0.0175039   0.0211845   0.0248401   0.0283261   0.0318458   0.0358826   0.0403522   0.0455608   0.051649   0.0598908   0.0790638   0.0962238   0.115656   
-0.201752   -0.201114   -0.20045   -0.199579   -0.19919   -0.198771   -0.197763   -0.196901   -0.195359   -0.193568   -0.19087   -0.184911   -0.176767   -0.168339   -0.159352   -0.15117   -0.145021   -0.140274   -0.136282   -0.132241   -0.128398   -0.124571   -0.12082   -0.11665   -0.108378   -0.1045   -0.103963   

550000
-10   -9   -8   -7   -6   -5   -4   -3   -2   -1   0   1   2   3   4   5   6   7   8   9   10   11   12   13   15   16   17   18   
-0.134456   -0.034186   0.0679197   0.171052   0.277657   0.383527   0.487945   0.594944   0.696824   0.79736   0.892847   0.987523   1.07806   1.16439   1.24383   1.30208   1.34863   1.39313   1.44494   1.50376   1.56443   1.61988   1.67176   1.71698   1.7727   1.68903   1.63925   1.57831   
0.0172263   0.0155517   0.0141963   0.0130761   0.0121837   0.0113849   0.0109497   0.0111834   0.0112662   0.0113375   0.011413   0.0116261   0.0120407   0.0126182   0.013387   0.0144576   0.0174794   0.0211504   0.0248418   0.0283241   0.0318492   0.0358839   0.040351   0.0455559   0.0599616   0.0792565   0.0962694   0.115954   
-0.201729   -0.201131   -0.200391   -0.199555   -0.19921   -0.198676   -0.197711   -0.196914   -0.195263   -0.19349   -0.190784   -0.188093   -0.184851   -0.181185   -0.176739   -0.168359   -0.159411   -0.151261   -0.14503   -0.14029   -0.136309   -0.132284   -0.128458   -0.124642   -0.116669   -0.108331   -0.10452   -0.104   

555000
-10   -9   -8   -7   -6   -5   -4   -3   -2   0   1   3   4   5   6   7   9   10   11   12   13   15   16   17   18   
-0.134526   -0.0341048   0.067615   0.17095   0.277788   0.3832   0.487775   0.595109   0.696442   0.892532   0.98698   1.16431   1.24374   1.30213   1.34889   1.39363   1.50423   1.5644   1.61994   1.67194   1.71726   1.7721   1.68737   1.6388   1.57589   
0.0171722   0.0154899   0.0141391   0.0130257   0.012142   0.0113528   0.0109082   0.011148   0.011223   0.0113768   0.0115932   0.0125895   0.0133772   0.0144387   0.0174582   0.0211191   0.0282956   0.0318535   0.0358862   0.0403508   0.0455534   0.0600466   0.0794469   0.0963268   0.116286   
-0.201715   -0.201152   -0.200338   -0.199536   -0.199234   -0.19859   -0.197665   -0.196939   -0.195174   -0.190706   -0.187972   -0.181163   -0.176707   -0.168371   -0.159461   -0.151345   -0.140368   -0.136329   -0.132322   -0.128515   -0.124711   -0.11668   -0.108284   -0.104534   -0.104038   

560000
-10   -9   -8   -7   -6   -5   -4   -3   -2   0   1   2   3   4   5   6   7   8   9   10   11   12   13   14   15   16   17   18   
-0.134504   -0.0340028   0.0673437   0.170896   0.277949   0.382914   0.487649   0.595337   0.696083   0.892255   0.986503   1.07764   1.16423   1.24366   1.30213   1.34908   1.39407   1.44583   1.50516   1.56436   1.61998   1.6721   1.71751   1.75473   1.77141   1.68603   1.63821   1.57316   
0.0171306   0.0154309   0.0140834   0.0129773   0.0121025   0.0113218   0.0108683   0.0111149   0.0111808   0.011342   0.0115615   0.0119874   0.0125619   0.0133661   0.0144217   0.0174395   0.0210907   0.0247862   0.0282413   0.0318557   0.0358899   0.0403527   0.0455526   0.0516897   0.0601404   0.0796023   0.096424   0.116663   
-0.20171   -0.201175   -0.200291   -0.199525   -0.199264   -0.198514   -0.197627   -0.196977   -0.195089   -0.190637   -0.187864   -0.184745   -0.18114   -0.176676   -0.168377   -0.159501   -0.151421   -0.145181   -0.140509   -0.136344   -0.132354   -0.128569   -0.124776   -0.120986   -0.116683   -0.10825   -0.104549   -0.104079   

565000
-10   -9   -8   -7   -6   -5   -4   -3   -2   -1   0   1   2   3   4   5   6   7   8   9   10   11   12   13   14   15   16   17   18   
-0.134412   -0.0338746   0.0671009   0.170869   0.278141   0.382658   0.487554   0.59483   0.695745   0.796565   0.892018   0.98608   1.07745   1.16415   1.24355   1.30209   1.34923   1.39446   1.4468   1.50607   1.56434   1.62001   1.67224   1.71773   1.75475   1.77216   1.68502   1.63826   1.57042   
0.0170979   0.0153749   0.0140291   0.0129304   0.0120652   0.0112909   0.0108296   0.0110713   0.0111396   0.0112175   0.0113088   0.0115307   0.01196   0.0125354   0.0133563   0.0144068   0.0174236   0.021065   0.0247281   0.0281871   0.0318565   0.035893   0.0403561   0.0455508   0.0517092   0.0600906   0.0797222   0.096426   0.117035   
-0.201713   -0.201204   -0.200248   -0.199519   -0.199299   -0.198444   -0.197596   -0.196863   -0.195009   -0.193293   -0.190576   -0.187767   -0.184697   -0.181117   -0.176642   -0.168374   -0.159534   -0.151491   -0.145326   -0.140646   -0.136359   -0.132382   -0.128619   -0.124836   -0.12103   -0.116774   -0.108229   -0.104574   -0.104119   

570000
-10   -9   -8   -7   -6   -5   -4   -3   -2   -1   0   1   2   3   4   5   6   7   8   9   11   12   13   14   15   16   17   18   
-0.134585   -0.033716   0.0668811   0.170861   0.278365   0.382393   0.487479   0.594278   0.695427   0.796323   0.891821   0.985702   1.07726   1.16408   1.24343   1.30202   1.34932   1.3948   1.4477   1.50697   1.62004   1.67233   1.71793   1.75472   1.77305   1.684   1.63846   1.56772   
0.0170218   0.0153224   0.0139759   0.012885   0.0120299   0.0112532   0.0107922   0.0110273   0.0110994   0.01118   0.0112771   0.0115007   0.0119336   0.0125099   0.0133453   0.0143938   0.0174103   0.021042   0.0246736   0.028134   0.0358933   0.0403603   0.0455516   0.0517323   0.0600264   0.0798417   0.0964119   0.117405   
-0.201695   -0.201237   -0.200209   -0.199516   -0.199341   -0.19838   -0.197569   -0.19674   -0.194932   -0.193231   -0.190523   -0.187679   -0.184651   -0.181095   -0.176608   -0.168367   -0.159558   -0.151553   -0.145461   -0.140781   -0.132408   -0.128662   -0.124893   -0.12107   -0.116874   -0.108208   -0.104602   -0.10416   

575000
-10   -8   -7   -6   -5   -4   -3   -2   -1   0   1   2   3   4   5   6   7   8   9   11   12   13   14   15   16   17   18   
-0.134729   0.0666812   0.170871   0.278523   0.382156   0.487422   0.593784   0.695131   0.796082   0.891668   0.985367   1.07708   1.16401   1.2433   1.30191   1.34936   1.3951   1.44854   1.50786   1.6201   1.67239   1.71809   1.75467   1.77366   1.68291   1.63837   1.56511   
0.0169488   0.0139238   0.012841   0.0119952   0.011217   0.0107561   0.0109846   0.0110603   0.0111435   0.0112467   0.0114715   0.0119082   0.0124854   0.013336   0.0143827   0.0173998   0.0210219   0.0246226   0.0280815   0.035889   0.0403655   0.0455546   0.0517543   0.0599899   0.0799688   0.0964338   0.117767   
-0.201683   -0.200173   -0.199516   -0.19937   -0.198321   -0.197546   -0.196629   -0.19486   -0.19317   -0.190481   -0.1876   -0.184606   -0.181072   -0.17657   -0.168352   -0.159574   -0.151609   -0.145587   -0.140913   -0.132433   -0.1287   -0.124945   -0.121105   -0.116956   -0.108184   -0.104624   -0.104203   

580000
-10   -9   -8   -7   -6   -5   -4   -3   -2   -1   0   1   2   3   4   5   6   7   8   9   10   12   13   14   15   16   17   18   
-0.134859   -0.033932   0.0664981   0.170897   0.278115   0.381943   0.487384   0.593338   0.694862   0.795846   0.891565   0.985065   1.0769   1.16393   1.24315   1.30175   1.34935   1.39535   1.44934   1.50872   1.5657   1.67244   1.71821   1.7546   1.77397   1.6818   1.63805   1.56261   
0.0168783   0.0152279   0.0138727   0.0127982   0.0119545   0.0111824   0.0107214   0.010943   0.0110223   0.0111082   0.0112178   0.0114432   0.0118837   0.0124619   0.0133263   0.0143735   0.0173919   0.0210044   0.0245743   0.0280293   0.0317816   0.0403712   0.0455592   0.0517777   0.0599817   0.0800999   0.0964853   0.118114   
-0.201674   -0.201189   -0.200139   -0.199519   -0.199281   -0.198266   -0.197527   -0.196527   -0.194794   -0.19311   -0.190449   -0.187528   -0.184562   -0.181048   -0.176531   -0.168331   -0.159582   -0.151658   -0.14571   -0.141041   -0.136594   -0.128735   -0.124993   -0.121138   -0.117018   -0.108159   -0.104641   -0.104246   

585000
-10   -9   -8   -7   -6   -5   -4   -3   -2   -1   0   1   2   3   4   5   6   7   8   9   10   11   12   13   15   16   17   18   
-0.134977   -0.0341855   0.0663317   0.17094   0.277756   0.38175   0.487366   0.592934   0.694625   0.79562   0.891519   0.984791   1.07673   1.16385   1.24298   1.30156   1.34928   1.39556   1.45011   1.50956   1.5665   1.62062   1.67248   1.71832   1.77399   1.68067   1.63755   1.56019   
0.0168098   0.0151879   0.0138226   0.0127568   0.011915   0.011149   0.010688   0.0109027   0.0109856   0.011074   0.0111902   0.0114157   0.0118601   0.0124395   0.0133169   0.0143662   0.0173869   0.0209888   0.0245278   0.027979   0.0317391   0.0358539   0.0403747   0.0455642   0.0600052   0.0802321   0.0965551   0.118452   
-0.201668   -0.20113   -0.200109   -0.199525   -0.199202   -0.198214   -0.197513   -0.196435   -0.194735   -0.193052   -0.190429   -0.187461   -0.184519   -0.181024   -0.17649   -0.168304   -0.159582   -0.1517   -0.145826   -0.141167   -0.13672   -0.132526   -0.128765   -0.125037   -0.117063   -0.108133   -0.104654   -0.104289   

590000
-10   -9   -8   -7   -6   -5   -4   -3   -2   -1   1   2   3   4   5   6   7   8   9   10   11   12   13   14   15   16   17   18   
-0.135085   -0.0343522   0.0661818   0.170997   0.277438   0.381575   0.487367   0.592565   0.694404   0.795406   0.98454   1.07657   1.16376   1.2428   1.30134   1.34917   1.39572   1.45083   1.51038   1.5673   1.62136   1.67253   1.71841   1.75594   1.7737   1.67972   1.63691   1.55782   
0.0167428   0.0151556   0.0137735   0.0127168   0.0118767   0.0111167   0.0106563   0.0108636   0.0109499   0.0110411   0.0113892   0.0118376   0.012418   0.0133089   0.0143605   0.0173839   0.020976   0.0244837   0.0279302   0.0316966   0.0358196   0.0403754   0.0455693   0.0517042   0.0600566   0.0803457   0.0966429   0.118783   
-0.201664   -0.201083   -0.200081   -0.199534   -0.199131   -0.198165   -0.197502   -0.196349   -0.194679   -0.192996   -0.187398   -0.184477   -0.180998   -0.176445   -0.168271   -0.159574   -0.151737   -0.145937   -0.141288   -0.136846   -0.132648   -0.128794   -0.125078   -0.121327   -0.117089   -0.108115   -0.104664   -0.104333   

595000
-10   -9   -8   -7   -6   -5   -4   -3   -2   -1   0   1   2   3   4   5   6   7   8   9   10   11   12   13   14   15   16   17   18   
-0.135183   -0.0344156   0.0660512   0.171071   0.277156   0.381418   0.487372   0.592227   0.694198   0.795209   0.89076   0.984306   1.0764   1.16367   1.2426   1.30108   1.34901   1.39584   1.45151   1.51115   1.5681   1.62212   1.67261   1.7185   1.75707   1.77312   1.67916   1.63679   1.5555   
0.0166773   0.0151343   0.0137257   0.0126782   0.0118393   0.0110856   0.0106234   0.010826   0.0109153   0.0110094   0.0111276   0.0113637   0.0118161   0.012397   0.0133009   0.0143563   0.0173835   0.0209655   0.0244419   0.0278833   0.0316518   0.0357824   0.0403706   0.0455726   0.0516275   0.0601379   0.0804156   0.0966683   0.119109   
-0.201661   -0.201048   -0.200056   -0.199546   -0.199067   -0.19812   -0.197496   -0.19627   -0.194626   -0.192945   -0.190251   -0.187339   -0.184435   -0.180972   -0.176399   -0.168233   -0.159559   -0.151768   -0.146042   -0.141404   -0.136968   -0.132769   -0.12882   -0.125116   -0.121461   -0.117096   -0.108113   -0.104684   -0.104375   

600000
-10   -9   -8   -7   -6   -5   -4   -3   -2   -1   0   1   2   3   4   5   6   7   8   9   10   11   12   15   16   17   18   
-0.135275   -0.0347303   0.0659445   0.171162   0.276905   0.381282   0.4874   0.591912   0.694005   0.795035   0.890112   0.984087   1.07624   1.16359   1.2424   1.30082   1.3488   1.39593   1.45216   1.51188   1.5689   1.62289   1.67275   1.77228   1.67856   1.63685   1.55319   
0.0166131   0.0150808   0.0136792   0.0126411   0.0118031   0.0110555   0.0105918   0.0107896   0.0108816   0.010979   0.0110931   0.0113391   0.0117955   0.0123745   0.0132927   0.0143531   0.0173853   0.0209572   0.0244025   0.0278398   0.0316074   0.0357428   0.0403596   0.0602415   0.0804899   0.0966728   0.119431   
-0.201661   -0.200997   -0.200035   -0.199561   -0.199008   -0.198078   -0.197496   -0.196195   -0.194575   -0.192898   -0.190106   -0.187283   -0.184395   -0.180951   -0.176353   -0.168193   -0.159538   -0.151793   -0.146142   -0.141513   -0.13709   -0.13289   -0.128848   -0.117086   -0.108109   -0.104707   -0.104417   

605000
-10   -9   -8   -7   -6   -5   -4   -3   -2   -1   0   1   2   3   4   5   7   8   9   10   11   12   13   14   15   16   17   18   
-0.135359   -0.0350937   0.0658694   0.171274   0.276682   0.381174   0.487456   0.591618   0.693826   0.794889   0.889534   0.983882   1.07608   1.16351   1.24217   1.30118   1.39598   1.45277   1.51256   1.56968   1.62368   1.67349   1.71873   1.75922   1.77123   1.67794   1.63663   1.5509   
0.0165498   0.0150196   0.0136342   0.0126057   0.0117681   0.0110266   0.0105616   0.0107543   0.010849   0.0109499   0.0110598   0.0113157   0.011776   0.012353   0.0132862   0.0143265   0.0209511   0.0243649   0.0277978   0.0315625   0.0357009   0.0403245   0.0455694   0.051486   0.0603667   0.0805668   0.0967062   0.119753   
-0.201662   -0.200945   -0.20002   -0.19958   -0.198955   -0.198043   -0.197501   -0.196124   -0.194528   -0.192857   -0.189975   -0.187229   -0.184355   -0.180928   -0.176303   -0.16826   -0.151813   -0.146237   -0.141617   -0.137209   -0.133009   -0.128965   -0.125188   -0.121715   -0.117061   -0.108103   -0.104724   -0.104459   

610000
-10   -9   -8   -7   -6   -5   -4   -3   -2   -1   0   1   2   3   5   6   7   8   9   10   11   12   13   14   15   16   17   
-0.13544   -0.0354286   0.0658149   0.171408   0.276485   0.381099   0.487544   0.591342   0.69366   0.794777   0.889008   0.983688   1.07593   1.16341   1.3015   1.34849   1.39599   1.45335   1.51323   1.57047   1.62447   1.6743   1.71924   1.76019   1.77018   1.6773   1.63618   
0.0164875   0.0149606   0.0135907   0.0125719   0.0117346   0.0109989   0.0105329   0.01072   0.0108173   0.0109222   0.0110276   0.0112935   0.0117574   0.0123327   0.0143019   0.0173854   0.0209469   0.0243293   0.0277581   0.0315177   0.0356583   0.0402841   0.0455414   0.0514224   0.0604898   0.0806459   0.0967697   
-0.201665   -0.200898   -0.200008   -0.199604   -0.198906   -0.198014   -0.197514   -0.196057   -0.194484   -0.192824   -0.189856   -0.187178   -0.184317   -0.180904   -0.168318   -0.159509   -0.151828   -0.146328   -0.141718   -0.137326   -0.133128   -0.129088   -0.125264   -0.121833   -0.117036   -0.108097   -0.104736   

615000
-10   -9   -8   -6   -5   -4   -3   -2   -1   0   1   2   3   4   5   6   7   8   9   10   11   12   13   14   15   16   17   18   
-0.135515   -0.0357365   0.0657774   0.276312   0.381038   0.48767   0.591084   0.693507   0.794708   0.888526   0.983503   1.0758   1.16331   1.24174   1.30177   1.34894   1.39596   1.45389   1.51387   1.57124   1.62525   1.67513   1.72019   1.76113   1.77041   1.67663   1.63556   1.5463   
0.0164261   0.0149035   0.0135488   0.0117028   0.0109722   0.0105057   0.010687   0.0107868   0.0108959   0.0109968   0.0112723   0.0117397   0.0123133   0.0132733   0.0142793   0.0173575   0.020945   0.0242958   0.0277194   0.0314733   0.0356131   0.0402416   0.0454862   0.0513629   0.0604845   0.0807285   0.0968551   0.120397   
-0.201669   -0.200854   -0.199999   -0.198861   -0.197988   -0.197535   -0.195993   -0.194443   -0.1928   -0.189745   -0.187128   -0.184281   -0.180879   -0.176207   -0.168369   -0.159588   -0.151838   -0.146414   -0.141815   -0.137442   -0.133244   -0.129213   -0.125392   -0.121947   -0.117084   -0.108089   -0.104745   -0.104541   

620000
-10   -9   -8   -7   -6   -5   -4   -3   -2   0   1   3   4   5   6   7   8   9   10   11   12   13   14   15   16   17   18   
-0.135585   -0.0360208   0.0657573   0.171397   0.276159   0.380992   0.487602   0.590843   0.693367   0.888081   0.983322   1.16321   1.24198   1.302   1.34934   1.3959   1.45441   1.51448   1.57199   1.62605   1.67596   1.72115   1.762   1.77022   1.67589   1.6349   1.544   
0.0163656   0.0148481   0.0135088   0.012505   0.0116725   0.0109466   0.0104754   0.0106551   0.0107576   0.0109672   0.0112524   0.012295   0.0132504   0.0142584   0.017332   0.0209455   0.0242641   0.0276823   0.0314295   0.035569   0.0401973   0.0454295   0.0513042   0.0605184   0.0808183   0.0969448   0.120718   
-0.201675   -0.200815   -0.199992   -0.199593   -0.198819   -0.197965   -0.197516   -0.195933   -0.194404   -0.189641   -0.187079   -0.180851   -0.176243   -0.168413   -0.159659   -0.151841   -0.146496   -0.141909   -0.137555   -0.133362   -0.129335   -0.125519   -0.122054   -0.117107   -0.108079   -0.104753   -0.104582   

625000
-10   -9   -8   -7   -6   -5   -4   -3   -2   -1   0   2   3   4   5   6   7   8   9   10   11   12   13   14   15   16   17   18   
-0.135648   -0.0362847   0.0657555   0.171121   0.276025   0.380947   0.487196   0.590623   0.693241   0.79441   0.887671   1.07557   1.16309   1.24219   1.30219   1.3497   1.39581   1.45489   1.51506   1.57272   1.62684   1.6768   1.72212   1.76284   1.76958   1.67514   1.6349   1.54175   
0.0163059   0.0147941   0.0134708   0.0124701   0.0116437   0.0109196   0.0104387   0.0106246   0.0107296   0.0108424   0.0109387   0.0116981   0.012278   0.0132288   0.0142394   0.017309   0.0209472   0.0242344   0.0276468   0.0313869   0.0355224   0.0401513   0.0453713   0.0512519   0.0605982   0.0809096   0.0969544   0.121031   
-0.201682   -0.200778   -0.199988   -0.19953   -0.19878   -0.197945   -0.197426   -0.195877   -0.194368   -0.192718   -0.189545   -0.18422   -0.180821   -0.176274   -0.16845   -0.159723   -0.151842   -0.146574   -0.141999   -0.137663   -0.133476   -0.129456   -0.125645   -0.122159   -0.117102   -0.108068   -0.104774   -0.104623   

630000
-10   -9   -8   -7   -6   -5   -4   -3   -2   -1   0   1   2   3   4   5   6   7   8   9   10   11   12   13   14   15   16   17   18   
-0.135704   -0.0365322   0.0657756   0.170886   0.275908   0.380903   0.486829   0.590428   0.693132   0.793729   0.887289   0.982984   1.0755   1.16296   1.24238   1.30234   1.35001   1.3965   1.45534   1.51562   1.5734   1.62763   1.67764   1.72308   1.76362   1.76851   1.67459   1.63462   1.53955   
0.016247   0.0147413   0.0134353   0.0124376   0.0116165   0.0108912   0.0104031   0.0105956   0.0107031   0.0108084   0.0109114   0.0112121   0.0116733   0.0122621   0.0132085   0.0142222   0.0172878   0.0209068   0.0242066   0.0276132   0.031347   0.0354761   0.0401029   0.0453118   0.0512027   0.0607205   0.0809798   0.0969968   0.12134   
-0.201692   -0.200744   -0.199986   -0.199474   -0.198743   -0.197928   -0.197345   -0.195826   -0.194337   -0.192564   -0.189455   -0.186988   -0.184197   -0.18079   -0.176301   -0.168481   -0.159779   -0.15195   -0.146647   -0.142086   -0.137766   -0.13359   -0.129574   -0.125769   -0.122258   -0.11707   -0.108064   -0.104788   -0.104663   

635000
-9   -8   -7   -6   -5   -4   -3   -2   -1   0   1   2   3   4   5   6   7   8   9   10   11   12   14   15   16   17   18   
-0.0367642   0.0658203   0.170693   0.275766   0.380873   0.486495   0.590251   0.693042   0.793087   0.886934   0.982854   1.07544   1.16282   1.24255   1.30246   1.35029   1.39724   1.45576   1.51615   1.57404   1.62842   1.67848   1.76434   1.76704   1.6747   1.63411   1.5374   
0.0146895   0.0134031   0.0124082   0.0115843   0.0108643   0.0103683   0.0105681   0.0106781   0.0107763   0.0108852   0.0111859   0.0116491   0.0122472   0.0131893   0.0142067   0.017269   0.0208629   0.0241805   0.027581   0.0313099   0.0354288   0.0400557   0.0511559   0.0608806   0.0809717   0.0970684   0.121641   
-0.200711   -0.199988   -0.199425   -0.198709   -0.197913   -0.19727   -0.195779   -0.194308   -0.192417   -0.18937   -0.186956   -0.184177   -0.180756   -0.176324   -0.168505   -0.15983   -0.152066   -0.146717   -0.142169   -0.137862   -0.133702   -0.129693   -0.12235   -0.117014   -0.108086   -0.104798   -0.104703   

640000
-10   -9   -8   -7   -6   -5   -4   -3   -2   -1   0   1   2   3   4   5   6   7   8   9   10   11   12   13   14   16   17   18   
-0.13596   -0.0369809   0.0658947   0.170539   0.275606   0.380857   0.48619   0.590087   0.692973   0.792483   0.886601   0.982723   1.07539   1.16267   1.2427   1.30253   1.35052   1.39794   1.45615   1.51666   1.57464   1.62921   1.67932   1.725   1.76503   1.6747   1.63341   1.5353   
0.016131   0.0146385   0.0133747   0.0123818   0.0115482   0.0108386   0.0103344   0.0105419   0.0106547   0.0107457   0.0108603   0.0111605   0.0116256   0.0122335   0.0131708   0.0141929   0.0172522   0.0208216   0.0241562   0.0275506   0.0312736   0.0353822   0.0400064   0.0451908   0.0511172   0.0809795   0.0971615   0.121934   
-0.201684   -0.200682   -0.199993   -0.199381   -0.198676   -0.197901   -0.197201   -0.195734   -0.194285   -0.192278   -0.189289   -0.186924   -0.18416   -0.180721   -0.176345   -0.168523   -0.159875   -0.152174   -0.146782   -0.142249   -0.137954   -0.133814   -0.129809   -0.126012   -0.122441   -0.108104   -0.104804   -0.104743   

645000
-10   -9   -8   -7   -6   -5   -4   -3   -2   -1   0   1   2   3   4   5   6   7   8   10   11   12   13   14   15   16   17   18   
-0.13636   -0.0371841   0.0660074   0.170418   0.275459   0.380856   0.48591   0.589934   0.692928   0.791916   0.886289   0.982594   1.07536   1.16253   1.24284   1.30257   1.35071   1.3986   1.45652   1.57522   1.62998   1.68015   1.72595   1.76564   1.76381   1.6746   1.63259   1.53326   
0.0160721   0.0145885   0.0133511   0.0123582   0.0115133   0.0108141   0.0103013   0.0105172   0.0106328   0.0107168   0.0108367   0.0111359   0.0116026   0.0122192   0.0131517   0.0141809   0.0172374   0.0207831   0.0241335   0.0312401   0.0353356   0.0399577   0.0451302   0.0510798   0.0612268   0.0809977   0.0972699   0.122224   
-0.201627   -0.200654   -0.200002   -0.199342   -0.198644   -0.197893   -0.197137   -0.195691   -0.194267   -0.192146   -0.189212   -0.186893   -0.184144   -0.180688   -0.176365   -0.168534   -0.159913   -0.152278   -0.146844   -0.138044   -0.133923   -0.129924   -0.126132   -0.122525   -0.116877   -0.108118   -0.104807   -0.104785   

650000
-10   -9   -8   -7   -6   -5   -4   -3   -2   -1   0   1   2   4   5   6   7   8   9   10   11   12   13   14   15   16   17   18   
-0.136737   -0.0373692   0.0661638   0.170169   0.275326   0.380871   0.48565   0.589792   0.692915   0.791383   0.885994   0.982467   1.07532   1.24296   1.30256   1.35085   1.39921   1.45685   1.51758   1.57578   1.63074   1.68098   1.72689   1.76621   1.76213   1.67441   1.63225   1.53129   
0.016014   0.0145393   0.0133329   0.0123159   0.0114795   0.0107908   0.0102689   0.010494   0.0106124   0.0106896   0.0108144   0.0111122   0.0115804   0.0131339   0.0141706   0.0172248   0.0207466   0.0241126   0.0274946   0.0312075   0.0352897   0.039908   0.0450698   0.0510507   0.0614021   0.0810246   0.0973202   0.122506   
-0.201575   -0.20063   -0.200017   -0.1993   -0.198615   -0.197887   -0.197077   -0.19565   -0.194255   -0.192021   -0.189139   -0.186861   -0.184129   -0.176381   -0.168539   -0.159944   -0.152375   -0.146902   -0.142397   -0.138129   -0.134029   -0.130037   -0.126249   -0.122606   -0.116801   -0.108128   -0.104819   -0.104827   

655000
-10   -9   -8   -7   -6   -5   -4   -3   -1   0   1   3   4   5   6   7   8   9   10   11   12   13   14   15   16   17   18   
-0.137093   -0.0375333   0.0661743   0.169944   0.275208   0.380903   0.485409   0.589662   0.790884   0.885715   0.982339   1.1624   1.24306   1.30252   1.35096   1.39979   1.45716   1.518   1.57631   1.63146   1.68179   1.72782   1.7667   1.76015   1.67411   1.63169   1.52937   
0.0159566   0.0144909   0.0132975   0.0122753   0.0114468   0.0107687   0.0102372   0.0104724   0.0106643   0.0107937   0.0110894   0.0121846   0.0131171   0.014162   0.017214   0.0207127   0.0240933   0.0274694   0.0311766   0.0352452   0.0398588   0.0450096   0.0510209   0.0616087   0.0810664   0.0973949   0.122778   
-0.201526   -0.200609   -0.200024   -0.199261   -0.198588   -0.197885   -0.197021   -0.195611   -0.191902   -0.189069   -0.18683   -0.180655   -0.176393   -0.168538   -0.15997   -0.152467   -0.146956   -0.142465   -0.138212   -0.134132   -0.130148   -0.126364   -0.122678   -0.116706   -0.108133   -0.104827   -0.104868   

660000
-10   -9   -8   -7   -6   -5   -4   -3   -2   -1   0   1   3   4   5   6   7   8   9   10   11   12   13   14   15   16   17   18   
-0.137429   -0.0376848   0.0661217   0.169739   0.275112   0.380954   0.485182   0.589541   0.692641   0.790414   0.885448   0.982211   1.16255   1.24313   1.30245   1.35103   1.40032   1.45744   1.5184   1.57681   1.63215   1.68259   1.72872   1.76715   1.75744   1.67374   1.63095   1.52752   
0.0158999   0.0144433   0.0132541   0.0122362   0.0114152   0.0107477   0.0102062   0.0104526   0.0105679   0.0106411   0.0107747   0.0110673   0.0121602   0.0131016   0.0141552   0.0172054   0.0206807   0.0240764   0.0274457   0.0311474   0.0352043   0.0398104   0.0449507   0.0510019   0.0618845   0.0811125   0.0974917   0.123046   
-0.201481   -0.200591   -0.200029   -0.199226   -0.198565   -0.197888   -0.196968   -0.195574   -0.194179   -0.191789   -0.189001   -0.186799   -0.180678   -0.176401   -0.16853   -0.159989   -0.152553   -0.147005   -0.142531   -0.13829   -0.134231   -0.130257   -0.126476   -0.122749   -0.116566   -0.108135   -0.104831   -0.10491   

665000
-10   -9   -8   -7   -6   -5   -4   -3   -2   -1   0   1   2   3   4   5   6   7   8   9   10   11   12   13   14   15   16   17   18   
-0.137747   -0.0378276   0.0660921   0.169552   0.27503   0.381029   0.484969   0.589432   0.692292   0.789965   0.885188   0.982085   1.07523   1.16269   1.24319   1.30233   1.35106   1.40082   1.45768   1.51876   1.57728   1.63281   1.68336   1.72959   1.76753   1.75474   1.67331   1.63007   1.52575   
0.0158441   0.0143965   0.0132128   0.0121983   0.0113844   0.0107277   0.0101759   0.0104346   0.0105417   0.0106201   0.0107573   0.011046   0.011515   0.0121366   0.0130871   0.01415   0.0171987   0.0206505   0.0240616   0.0274241   0.0311199   0.0351637   0.0397631   0.0448932   0.0509848   0.0621609   0.0811668   0.0976023   0.123304   
-0.201439   -0.200574   -0.200037   -0.199192   -0.198545   -0.197895   -0.196917   -0.195539   -0.194096   -0.19168   -0.188934   -0.186768   -0.184089   -0.1807   -0.176405   -0.168516   -0.160003   -0.152634   -0.14705   -0.142591   -0.138365   -0.134325   -0.130362   -0.126585   -0.122812   -0.116425   -0.108135   -0.104831   -0.10495   

670000
-10   -9   -8   -7   -6   -4   -3   -2   -1   0   1   2   3   4   5   6   7   8   9   10   11   12   13   14   15   16   17   18   
-0.138049   -0.0379612   0.0660855   0.169378   0.274958   0.484768   0.589321   0.691972   0.789538   0.884936   0.981959   1.07521   1.16283   1.24322   1.30218   1.35105   1.40129   1.45789   1.51908   1.57772   1.63346   1.68409   1.73043   1.76785   1.7521   1.67284   1.62914   1.52408   
0.0157892   0.0143504   0.0131734   0.0121614   0.0113546   0.0101463   0.0104142   0.010517   0.0106015   0.0107415   0.0110255   0.0114921   0.0121139   0.0130738   0.0141464   0.0171939   0.0206222   0.024048   0.0274049   0.031094   0.0351249   0.0397184   0.0448405   0.0509718   0.0624265   0.0812261   0.0977289   0.123545   
-0.201399   -0.200559   -0.200048   -0.199161   -0.198526   -0.196869   -0.195506   -0.194018   -0.191574   -0.188868   -0.186737   -0.18408   -0.18072   -0.176405   -0.168497   -0.16001   -0.15271   -0.147091   -0.142646   -0.138436   -0.134418   -0.130461   -0.126691   -0.12287   -0.116284   -0.108133   -0.104832   -0.104989   

675000
-10   -9   -8   -7   -6   -5   -4   -3   -2   -1   1   2   3   4   5   6   7   8   9   10   11   12   13   14   15   16   17   18   
-0.138335   -0.0380864   0.0659559   0.169217   0.274894   0.381073   0.484578   0.589185   0.691676   0.789129   0.981835   1.07519   1.16296   1.24324   1.30198   1.351   1.40173   1.45808   1.51937   1.57814   1.63408   1.68479   1.73123   1.76811   1.74953   1.67254   1.62849   1.52251   
0.0157354   0.0143051   0.0131332   0.0121256   0.0113256   0.0106873   0.0101173   0.0103841   0.010494   0.0105856   0.0110056   0.0114698   0.012092   0.0130607   0.0141451   0.017191   0.0205957   0.0240362   0.0273879   0.0310704   0.0350868   0.0396761   0.0447876   0.0509647   0.0626869   0.0812667   0.0978157   0.123771   
-0.201362   -0.200544   -0.200035   -0.199131   -0.198509   -0.197889   -0.196823   -0.195475   -0.193945   -0.191472   -0.186707   -0.18407   -0.180739   -0.176403   -0.168469   -0.160012   -0.152782   -0.147129   -0.142698   -0.138504   -0.134507   -0.130558   -0.126791   -0.122923   -0.116147   -0.108138   -0.104837   -0.105026   

680000
-10   -9   -8   -7   -6   -5   -4   -3   -2   -1   0   1   2   3   4   5   6   7   8   9   10   11   12   13   14   15   16   17   18   
-0.138606   -0.0382018   0.0656481   0.169067   0.274839   0.380803   0.484398   0.58906   0.691402   0.788737   0.884467   0.981711   1.07516   1.16308   1.24324   1.30175   1.35092   1.40214   1.45824   1.51963   1.57852   1.63468   1.68547   1.73201   1.76831   1.74695   1.67291   1.62758   1.52104   
0.0156827   0.0142609   0.0130907   0.0120905   0.0112974   0.0106617   0.0100891   0.0103553   0.0104726   0.0105724   0.0107051   0.0109865   0.0114482   0.012071   0.0130477   0.0141452   0.0171898   0.0205707   0.0240252   0.0273725   0.0310485   0.0350506   0.0396348   0.044737   0.0509631   0.0629465   0.081232   0.0979351   0.123985   
-0.201327   -0.200532   -0.199984   -0.199103   -0.198493   -0.197824   -0.196779   -0.195446   -0.193876   -0.191372   -0.188749   -0.186677   -0.18406   -0.180756   -0.176399   -0.168436   -0.160009   -0.15285   -0.147164   -0.142746   -0.138567   -0.134595   -0.130651   -0.12689   -0.12297   -0.11601   -0.108168   -0.104837   -0.105061   

685000
-10   -9   -8   -7   -6   -5   -4   -3   -2   -1   0   1   2   3   4   6   7   8   9   10   11   12   13   14   15   16   17   18   
-0.138859   -0.0383098   0.0653666   0.168928   0.274789   0.380559   0.484229   0.588948   0.691148   0.788371   0.884265   0.98159   1.07513   1.16319   1.24322   1.3508   1.40252   1.45839   1.51986   1.57885   1.63526   1.68613   1.73277   1.76843   1.74437   1.67315   1.62669   1.5199   
0.0156315   0.0142176   0.0130494   0.0120563   0.0112699   0.0106369   0.0100616   0.0103277   0.010453   0.0105382   0.0106778   0.0109681   0.0114273   0.0120509   0.0130359   0.017191   0.0205474   0.0240157   0.0273589   0.0310287   0.0350156   0.039595   0.0446879   0.0509674   0.0632107   0.0812109   0.0980513   0.124153   
-0.201294   -0.20052   -0.199937   -0.199076   -0.198479   -0.197765   -0.196737   -0.19542   -0.19381   -0.191291   -0.188704   -0.186648   -0.18405   -0.18077   -0.176391   -0.159998   -0.152914   -0.147196   -0.142789   -0.138624   -0.134679   -0.130743   -0.126986   -0.123011   -0.115874   -0.108194   -0.104837   -0.105091   

690000
-10   -9   -8   -7   -6   -5   -4   -3   -2   -1   0   1   2   3   4   5   6   7   8   9   10   11   12   13   14   15   16   17   18   
-0.139095   -0.03841   0.065108   0.168799   0.274746   0.38034   0.484073   0.588851   0.69091   0.788024   0.884076   0.98147   1.0751   1.16329   1.24317   1.30165   1.35064   1.40287   1.45852   1.52007   1.57917   1.63582   1.68677   1.7335   1.76851   1.74179   1.67326   1.62573   1.42899   
0.0155819   0.0141754   0.0130091   0.0120229   0.0112434   0.0106129   0.0100349   0.0103013   0.0104353   0.0105053   0.0106515   0.0109503   0.0114069   0.0120316   0.0130251   0.0141319   0.0171938   0.0205258   0.0240072   0.0273471   0.0310125   0.0349821   0.0395551   0.0446406   0.0509765   0.0634731   0.0812059   0.0981759   0.124541   
-0.201264   -0.200509   -0.199894   -0.199051   -0.198465   -0.19771   -0.196698   -0.195397   -0.193748   -0.191215   -0.188661   -0.186619   -0.184039   -0.180783   -0.176379   -0.168431   -0.159983   -0.152973   -0.147225   -0.142829   -0.138679   -0.134761   -0.130831   -0.12708   -0.123048   -0.115738   -0.108215   -0.104836   -0.088038   

695000
-10   -9   -8   -7   -6   -5   -4   -3   -2   -1   0   1   2   3   4   5   6   7   8   9   10   11   12   13   14   15   16   17   18   
-0.139312   -0.0385015   0.0648692   0.168681   0.274711   0.380141   0.483931   0.588771   0.690688   0.787696   0.883899   0.981358   1.07507   1.16338   1.24311   1.30196   1.35046   1.40319   1.45862   1.52024   1.57944   1.63636   1.68739   1.73421   1.76853   1.73926   1.67327   1.62472   1.51841   
0.015534   0.0141342   0.0129696   0.0119902   0.0112178   0.0105897   0.0100092   0.010276   0.0104195   0.0104736   0.0106262   0.0109332   0.0113872   0.0120122   0.0130153   0.0141116   0.0171977   0.0205058   0.0240005   0.0273364   0.0309958   0.0349501   0.0395167   0.0445937   0.0509891   0.06373   0.0812093   0.098306   0.124384   
-0.201236   -0.2005   -0.199855   -0.199028   -0.198453   -0.19766   -0.196662   -0.195378   -0.193687   -0.191142   -0.18862   -0.186592   -0.184027   -0.180795   -0.176364   -0.168487   -0.159965   -0.153029   -0.14725   -0.142865   -0.138728   -0.13484   -0.130917   -0.127171   -0.12308   -0.115604   -0.108231   -0.104834   -0.10514   

700000
-10   -9   -8   -7   -6   -5   -4   -3   -2   -1   0   1   2   3   4   5   6   7   8   9   10   11   12   13   14   15   16   17   18   
-0.13951   -0.0385835   0.064647   0.168577   0.274684   0.37994   0.483792   0.588717   0.690464   0.787383   0.88373   0.981257   1.07503   1.16347   1.24301   1.30223   1.35058   1.40349   1.45929   1.5204   1.57969   1.63687   1.68799   1.73491   1.76852   1.73675   1.6732   1.62378   1.51797   
0.015488   0.0140941   0.012931   0.0119583   0.0111932   0.0105631   0.00998311   0.010252   0.0103969   0.0104431   0.0106019   0.0109169   0.0113679   0.0119924   0.013007   0.0140928   0.0171876   0.0204871   0.0239598   0.027328   0.0309825   0.0349198   0.0394801   0.0445492   0.0510035   0.0639834   0.0812251   0.0984278   0.124453   
-0.20121   -0.200492   -0.199818   -0.199007   -0.198442   -0.197613   -0.196628   -0.195365   -0.193631   -0.191073   -0.188581   -0.186567   -0.184015   -0.180809   -0.176343   -0.168538   -0.159992   -0.153081   -0.147348   -0.142899   -0.138775   -0.134916   -0.131001   -0.12726   -0.123108   -0.11547   -0.108244   -0.104833   -0.105158   

705000
-10   -9   -8   -7   -6   -5   -4   -2   -1   0   2   3   4   5   6   7   8   9   10   11   12   13   14   15   16   17   18   
-0.139684   -0.0386558   0.0644397   0.168485   0.274666   0.379752   0.483657   0.690233   0.787081   0.883571   1.07499   1.16356   1.2429   1.30246   1.35103   1.40376   1.46025   1.52051   1.57991   1.63735   1.68858   1.73558   1.76849   1.73428   1.67304   1.62264   1.51769   
0.0154444   0.0140553   0.0128932   0.0119272   0.0111698   0.0105369   0.00995707   0.0103646   0.0104136   0.0105784   0.0113493   0.0119733   0.0129999   0.0140755   0.0171617   0.0204699   0.0239017   0.0273211   0.0309711   0.0348911   0.0394442   0.0445077   0.0510214   0.0642327   0.0812465   0.0985756   0.124499   
-0.201187   -0.200486   -0.199784   -0.198989   -0.198433   -0.197569   -0.196595   -0.193581   -0.191005   -0.188544   -0.184002   -0.18082   -0.176317   -0.168582   -0.160069   -0.15313   -0.147485   -0.142926   -0.138817   -0.134988   -0.131083   -0.127348   -0.123135   -0.115337   -0.108252   -0.104829   -0.105175   

710000
-10   -9   -8   -7   -6   -5   -4   -3   -2   -1   0   1   2   3   4   5   6   7   8   9   10   11   12   13   14   15   16   17   18   
-0.139831   -0.0387171   0.0642454   0.1684   0.274657   0.379579   0.483527   0.588563   0.690008   0.786793   0.883418   0.981096   1.07495   1.16363   1.24276   1.30267   1.35145   1.40401   1.46117   1.5206   1.5801   1.63779   1.68914   1.73622   1.76845   1.73187   1.67281   1.62153   1.51748   
0.0154035   0.0140179   0.012856   0.0118967   0.0111475   0.0105115   0.00993167   0.010203   0.0103332   0.010385   0.0105557   0.0108839   0.0113312   0.0119551   0.0129939   0.0140598   0.0171377   0.0204541   0.0238455   0.0273149   0.0309616   0.0348648   0.0394102   0.0444665   0.0510384   0.0644746   0.081278   0.098719   0.124544   
-0.201167   -0.20048   -0.199752   -0.198972   -0.198425   -0.197528   -0.196564   -0.195328   -0.193531   -0.190941   -0.188508   -0.186525   -0.183988   -0.180829   -0.176288   -0.168621   -0.16014   -0.153175   -0.147617   -0.142948   -0.138856   -0.135056   -0.131162   -0.127431   -0.123159   -0.115207   -0.108258   -0.104826   -0.105191   

715000
-10   -9   -8   -7   -6   -5   -4   -3   -2   -1   0   1   2   3   5   6   7   8   10   11   12   13   14   15   16   17   18   
-0.139946   -0.0387658   0.0640637   0.168322   0.274656   0.379418   0.483403   0.588277   0.689777   0.786515   0.883271   0.981053   1.0749   1.16369   1.30283   1.35183   1.40423   1.46206   1.58026   1.63821   1.68968   1.73684   1.76932   1.72952   1.67252   1.62031   1.51731   
0.0153657   0.013982   0.0128195   0.011867   0.0111262   0.0104868   0.00990691   0.0101715   0.0103025   0.0103572   0.0105338   0.0108608   0.0113137   0.0119377   0.0140456   0.0171155   0.0204398   0.0237916   0.0309534   0.0348406   0.0393765   0.0444265   0.0509737   0.0647098   0.0813163   0.0988777   0.124568   
-0.201151   -0.200477   -0.199722   -0.198955   -0.198419   -0.19749   -0.196534   -0.195266   -0.193479   -0.190878   -0.188474   -0.186511   -0.183974   -0.180836   -0.168655   -0.160206   -0.153216   -0.147743   -0.138891   -0.135121   -0.131238   -0.127512   -0.123254   -0.115079   -0.108262   -0.104821   -0.105204   

720000
-10   -9   -8   -7   -6   -5   -4   -3   -2   -1   0   1   2   3   4   5   6   7   8   9   10   11   12   13   14   15   16   17   18   
-0.140023   -0.0388005   0.063891   0.16825   0.274666   0.379269   0.483284   0.588013   0.68954   0.786245   0.883129   0.981022   1.07485   1.16374   1.24244   1.30297   1.35217   1.40442   1.4629   1.5211   1.58039   1.6386   1.6902   1.73743   1.77048   1.72727   1.67219   1.61905   1.5172   
0.0153317   0.0139478   0.0127836   0.0118379   0.011106   0.0104627   0.00988286   0.0101407   0.0102725   0.0103303   0.0105127   0.0108382   0.0112969   0.011921   0.0129828   0.0140328   0.0170953   0.0204277   0.0237404   0.0272826   0.0309469   0.034818   0.0393464   0.0443894   0.0508812   0.0649359   0.0813549   0.0990424   0.124603   
-0.201139   -0.200476   -0.199693   -0.19894   -0.198415   -0.197453   -0.196504   -0.195207   -0.193427   -0.190817   -0.188441   -0.1865   -0.183959   -0.18084   -0.176224   -0.168683   -0.160265   -0.153251   -0.147864   -0.143033   -0.13892   -0.135183   -0.131312   -0.127591   -0.123371   -0.114956   -0.108264   -0.104817   -0.10522   

725000
-10   -9   -8   -7   -6   -5   -4   -3   -2   -1   0   1   2   3   4   5   6   7   8   9   10   11   12   13   14   15   16   17   
-0.140061   -0.0388191   0.0637282   0.168183   0.274687   0.379129   0.483168   0.587768   0.689298   0.785985   0.88299   0.981003   1.07479   1.16378   1.24226   1.30308   1.35247   1.40458   1.46371   1.5221   1.58048   1.63897   1.69068   1.738   1.77157   1.72508   1.67242   1.61773   
0.0153021   0.0139154   0.0127483   0.0118095   0.0110869   0.0104394   0.00985948   0.0101107   0.0102433   0.0103041   0.0104923   0.0108161   0.0112806   0.0119051   0.0129777   0.0140214   0.0170767   0.0204168   0.0236911   0.0272214   0.0309418   0.0347974   0.0393175   0.0443526   0.0507966   0.065155   0.0813393   0.0992144   
-0.201131   -0.200476   -0.199666   -0.198926   -0.198413   -0.197418   -0.196476   -0.195153   -0.193373   -0.190758   -0.188408   -0.18649   -0.183943   -0.180843   -0.176189   -0.168706   -0.16032   -0.153284   -0.14798   -0.14317   -0.138945   -0.135241   -0.131382   -0.127666   -0.123481   -0.114837   -0.108288   -0.104811   

730000
-10   -9   -8   -7   -6   -5   -4   -3   -2   -1   0   1   2   3   4   5   6   7   8   10   11   12   13   14   15   16   17   18   
-0.140054   -0.0388173   0.0635731   0.16812   0.274725   0.378998   0.483058   0.587541   0.68905   0.785731   0.882856   0.980991   1.07473   1.1638   1.24206   1.30315   1.35275   1.40472   1.46449   1.58056   1.6393   1.69114   1.73854   1.77259   1.72308   1.67287   1.61623   1.51717   
0.0152779   0.0138853   0.0127136   0.0117818   0.0110693   0.0104166   0.00983672   0.0100813   0.0102148   0.0102789   0.0104727   0.0107945   0.0112649   0.01189   0.0129735   0.0140114   0.0170596   0.0204072   0.0236433   0.0309368   0.0347788   0.0392902   0.0443202   0.0507198   0.0653561   0.081295   0.0994095   0.124617   
-0.201127   -0.20048   -0.19964   -0.198912   -0.198414   -0.197384   -0.196448   -0.195102   -0.193318   -0.190701   -0.188377   -0.186482   -0.183927   -0.180842   -0.176152   -0.168723   -0.16037   -0.153313   -0.148094   -0.138966   -0.135296   -0.131449   -0.12774   -0.123586   -0.11473   -0.10832   -0.104803   -0.105242   

735000
-10   -9   -8   -7   -6   -5   -4   -3   -2   -1   0   1   2   3   4   5   6   7   8   9   10   11   12   13   14   15   16   17   18   
-0.139989   -0.0387922   0.0634262   0.168063   0.27478   0.378875   0.482951   0.587328   0.688799   0.785485   0.882725   0.980987   1.07467   1.16382   1.24208   1.30319   1.353   1.40484   1.46526   1.52402   1.58062   1.63961   1.69157   1.73905   1.77352   1.72143   1.67317   1.61468   1.51734   
0.0152605   0.0138577   0.0126795   0.011755   0.0110529   0.0103944   0.0098146   0.0100526   0.010187   0.0102543   0.0104537   0.0107733   0.0112497   0.0118758   0.0129626   0.0140028   0.0170438   0.0203985   0.0235971   0.0271023   0.0309331   0.0347619   0.0392646   0.0442896   0.0506483   0.0655224   0.0812664   0.0996111   0.124607   
-0.201129   -0.200487   -0.199615   -0.198899   -0.198419   -0.197352   -0.196422   -0.195055   -0.193262   -0.190645   -0.188346   -0.186475   -0.18391   -0.18084   -0.176152   -0.168736   -0.160415   -0.15334   -0.148204   -0.143435   -0.138985   -0.135348   -0.131513   -0.12781   -0.123684   -0.114643   -0.108346   -0.104795   -0.105252   

740000
-10   -9   -8   -7   -5   -4   -3   -2   -1   0   1   2   3   4   5   6   7   8   9   10   11   12   13   14   15   16   17   18   
-0.139859   -0.0388041   0.0632876   0.168011   0.37876   0.482849   0.587129   0.688546   0.785247   0.882598   0.980987   1.0746   1.16382   1.24236   1.3032   1.35321   1.40494   1.46599   1.52496   1.58068   1.63989   1.69198   1.73952   1.77439   1.71982   1.67334   1.61295   1.51752   
0.0152508   0.0138315   0.012646   0.0117289   0.0103728   0.00979308   0.0100246   0.0101597   0.0102305   0.0104354   0.0107526   0.011235   0.0118624   0.0129427   0.0139956   0.0170297   0.0203909   0.0235523   0.0270441   0.0309286   0.0347467   0.0392404   0.0442613   0.0505845   0.0656864   0.0812528   0.0998389   0.124586   
-0.201136   -0.200484   -0.199592   -0.198887   -0.197322   -0.196396   -0.195009   -0.193205   -0.190591   -0.188316   -0.18647   -0.183892   -0.180834   -0.1762   -0.168743   -0.160456   -0.153365   -0.148311   -0.143564   -0.139002   -0.135397   -0.131575   -0.127876   -0.123777   -0.114559   -0.108367   -0.104784   -0.105261   

745000
-10   -9   -8   -7   -6   -5   -4   -3   -2   -1   0   1   2   3   4   5   6   7   8   9   10   11   12   13   14   15   16   17   18   
-0.139891   -0.038939   0.0631571   0.167966   0.274816   0.378653   0.482751   0.58694   0.688288   0.785015   0.882481   0.98099   1.07453   1.16381   1.24262   1.30318   1.3534   1.40504   1.4667   1.52588   1.58149   1.64015   1.69237   1.73997   1.77517   1.71825   1.6734   1.61112   1.51772   
0.0152242   0.0138055   0.0126133   0.0117037   0.0110178   0.0103518   0.00977219   0.00999704   0.0101331   0.0102074   0.0104179   0.0107324   0.0112209   0.011849   0.0129239   0.0139899   0.0170168   0.0203841   0.0235087   0.026987   0.0308774   0.0347331   0.0392185   0.0442343   0.0505253   0.0658441   0.081251   0.100071   0.124569   
-0.201132   -0.200454   -0.19957   -0.198876   -0.198415   -0.197293   -0.196371   -0.194967   -0.193147   -0.190538   -0.188288   -0.186464   -0.183873   -0.180828   -0.176244   -0.168744   -0.160492   -0.153388   -0.148415   -0.143691   -0.139111   -0.135442   -0.131634   -0.12794   -0.123862   -0.114476   -0.108384   -0.104771   -0.105269   

750000
-10   -9   -8   -7   -6   -5   -4   -3   -2   -1   0   1   2   3   4   5   6   7   8   9   10   11   12   13   14   16   17   18   
-0.140149   -0.0390288   0.0630351   0.167928   0.274599   0.378554   0.482658   0.586762   0.688028   0.78479   0.882372   0.980995   1.07446   1.1638   1.24286   1.30312   1.35356   1.40512   1.46739   1.52678   1.58252   1.64038   1.69273   1.7404   1.77588   1.67335   1.60921   1.51793   
0.0151732   0.0137837   0.0125813   0.0116797   0.0109881   0.0103315   0.00975194   0.00997008   0.010107   0.0101849   0.0104009   0.0107128   0.0112073   0.0118355   0.0129061   0.0139858   0.0170055   0.0203778   0.0234668   0.0269307   0.0308124   0.0347224   0.0391982   0.0442103   0.0504734   0.0812618   0.100318   0.124549   
-0.20111   -0.200428   -0.199549   -0.198866   -0.198372   -0.197266   -0.196347   -0.194926   -0.193089   -0.190487   -0.188262   -0.18646   -0.183854   -0.180822   -0.176283   -0.16874   -0.160524   -0.153408   -0.148516   -0.143815   -0.139248   -0.135484   -0.13169   -0.128002   -0.123942   -0.108396   -0.104757   -0.105277   

755000
-10   -9   -8   -7   -6   -5   -4   -3   -2   -1   0   1   2   3   4   5   6   7   8   9   10   11   12   13   14   15   16   17   18   
-0.140397   -0.0390702   0.0629223   0.167899   0.274401   0.378463   0.482569   0.586592   0.687767   0.784571   0.882271   0.981   1.07438   1.16377   1.24307   1.30302   1.35369   1.4053   1.46806   1.52766   1.58354   1.64057   1.69307   1.74079   1.77651   1.71541   1.67321   1.60738   1.51813   
0.0151238   0.0137666   0.0125501   0.0116572   0.0109594   0.0103119   0.00973235   0.00994372   0.0100814   0.0101631   0.0103845   0.0106937   0.0111942   0.0118227   0.0128892   0.0139834   0.0169956   0.0203658   0.0234264   0.0268755   0.0307479   0.0347109   0.0391794   0.0441867   0.0504279   0.0661307   0.0812836   0.100553   0.124527   
-0.201089   -0.200409   -0.19953   -0.198856   -0.198332   -0.19724   -0.196325   -0.194887   -0.193031   -0.190437   -0.188238   -0.186455   -0.183833   -0.180813   -0.176319   -0.168729   -0.160552   -0.153443   -0.148614   -0.143936   -0.139383   -0.13552   -0.131744   -0.12806   -0.124015   -0.114329   -0.108404   -0.104743   -0.105285   

760000
-10   -9   -8   -7   -6   -5   -4   -3   -2   -1   0   1   2   3   4   5   6   7   8   9   10   11   12   13   14   15   16   17   18   
-0.140636   -0.0390597   0.06282   0.167881   0.274219   0.378377   0.482487   0.586429   0.687503   0.784357   0.88218   0.981001   1.07429   1.16373   1.24326   1.30289   1.3538   1.40604   1.46871   1.52853   1.58454   1.64075   1.69339   1.74116   1.77706   1.71424   1.67299   1.6056   1.51832   
0.0150756   0.0137551   0.0125197   0.0116361   0.0109315   0.0102928   0.00971343   0.00991789   0.0100566   0.010142   0.0103687   0.0106752   0.0111817   0.0118108   0.0128734   0.0139825   0.0169872   0.0203234   0.0233874   0.0268215   0.0306842   0.0347025   0.0391617   0.0441659   0.0503901   0.0662497   0.0813125   0.100783   0.124512   
-0.201069   -0.200395   -0.199512   -0.198848   -0.198295   -0.197216   -0.196303   -0.194849   -0.192972   -0.190388   -0.188217   -0.186449   -0.183812   -0.180802   -0.17635   -0.168713   -0.160575   -0.153555   -0.148708   -0.144056   -0.139515   -0.135555   -0.131795   -0.128115   -0.124083   -0.114271   -0.10841   -0.104731   -0.105294   

765000
-10   -9   -8   -7   -6   -5   -4   -3   -2   -1   0   1   2   3   4   5   6   7   8   9   10   11   12   13   14   15   16   17   18   
-0.140867   -0.0392326   0.0627258   0.167871   0.274051   0.378295   0.482414   0.586273   0.68724   0.784148   0.882104   0.980997   1.0742   1.16368   1.24344   1.30273   1.35387   1.40675   1.46933   1.52937   1.58552   1.6409   1.69369   1.74152   1.77754   1.71314   1.67271   1.60386   1.51851   
0.0150286   0.0137228   0.0124902   0.0116165   0.0109043   0.0102743   0.00969527   0.00989262   0.0100323   0.0101215   0.0103534   0.0106575   0.0111698   0.0117995   0.0128585   0.0139829   0.0169802   0.0202829   0.0233496   0.0267682   0.0306213   0.0346932   0.0391463   0.0441479   0.0503584   0.0663618   0.0813492   0.101006   0.124496   
-0.201051   -0.200369   -0.199495   -0.198842   -0.19826   -0.197192   -0.196284   -0.194813   -0.192913   -0.19034   -0.188198   -0.186443   -0.18379   -0.180789   -0.176378   -0.168693   -0.160595   -0.153662   -0.1488   -0.144172   -0.139645   -0.135585   -0.131844   -0.12817   -0.124144   -0.114216   -0.108412   -0.104719   -0.105302   

770000
-10   -9   -8   -7   -6   -5   -4   -3   -2   -1   0   1   2   3   4   5   6   7   8   9   10   11   12   13   14   15   16   17   18   
-0.141087   -0.0395111   0.062638   0.167871   0.273896   0.378217   0.482351   0.586122   0.686977   0.783944   0.882043   0.980991   1.0741   1.16362   1.24359   1.30255   1.35391   1.40742   1.46993   1.5302   1.58649   1.64104   1.69395   1.74184   1.77793   1.71206   1.67267   1.60216   1.5187   
0.0149829   0.0136782   0.0124615   0.0115983   0.0108778   0.0102564   0.00967786   0.00986793   0.0100085   0.0101016   0.0103379   0.0106402   0.0111585   0.011789   0.0128445   0.0139845   0.0169752   0.0202439   0.0233132   0.0267168   0.0305586   0.0346849   0.0391316   0.0441305   0.0503334   0.0664715   0.0813588   0.101227   0.12448   
-0.201033   -0.200336   -0.19948   -0.198836   -0.198228   -0.197169   -0.196267   -0.194778   -0.192854   -0.190294   -0.188182   -0.186436   -0.183767   -0.180773   -0.176402   -0.168668   -0.160607   -0.153766   -0.148889   -0.144286   -0.139772   -0.135613   -0.131888   -0.12822   -0.124198   -0.114163   -0.108424   -0.104708   -0.105311   

775000
-10   -9   -8   -7   -6   -5   -4   -3   -2   -1   0   1   2   3   4   5   6   7   8   9   10   11   12   13   14   15   16   17   18   
-0.141299   -0.0397724   0.0625577   0.167881   0.273751   0.378142   0.482301   0.585975   0.686715   0.783746   0.881993   0.980984   1.07401   1.16355   1.24373   1.30234   1.35391   1.40807   1.47051   1.53099   1.58745   1.64118   1.6942   1.74214   1.77825   1.71101   1.67301   1.60048   1.51889   
0.0149384   0.013635   0.0124337   0.0115814   0.010852   0.010239   0.00966116   0.0098439   0.00998529   0.0100822   0.0103156   0.0106234   0.0111479   0.0117793   0.0128298   0.013987   0.016972   0.0202065   0.0232781   0.0266674   0.0304975   0.0346774   0.039119   0.0441132   0.0503178   0.0665797   0.0813261   0.101444   0.12446   
-0.201017   -0.200305   -0.199465   -0.198832   -0.198198   -0.197146   -0.196253   -0.194743   -0.192796   -0.190248   -0.188167   -0.186428   -0.183743   -0.180755   -0.176426   -0.16864   -0.160615   -0.153865   -0.148976   -0.144396   -0.139897   -0.13564   -0.13193   -0.128268   -0.124247   -0.114112   -0.108451   -0.104696   -0.105319   

780000
-10   -9   -8   -7   -6   -5   -4   -3   -2   -1   0   1   2   3   4   5   6   7   8   9   10   12   13   14   15   16   17   18   
-0.141503   -0.0400186   0.0624852   0.167904   0.273616   0.378067   0.482265   0.585831   0.686455   0.783555   0.881956   0.980975   1.0739   1.16346   1.24385   1.30218   1.35389   1.40869   1.47107   1.53175   1.58839   1.69443   1.74241   1.77847   1.70997   1.67323   1.59882   1.51907   
0.0148948   0.0135931   0.012407   0.0115663   0.0108267   0.0102219   0.00964518   0.00982052   0.00996263   0.0100635   0.0102937   0.0106072   0.0111376   0.0117705   0.0128161   0.0139878   0.01697   0.0201705   0.0232443   0.0266198   0.0304376   0.0391064   0.0441002   0.0503068   0.0666872   0.081308   0.101658   0.124449   
-0.201001   -0.200277   -0.199451   -0.19883   -0.198169   -0.197124   -0.196242   -0.19471   -0.192738   -0.190205   -0.188155   -0.186421   -0.183719   -0.180734   -0.176447   -0.168619   -0.160619   -0.15396   -0.14906   -0.144501   -0.140022   -0.13197   -0.128314   -0.124288   -0.114061   -0.108473   -0.104685   -0.105328   

785000
-10   -9   -8   -7   -6   -5   -3   -2   -1   0   1   2   3   4   5   6   7   8   9   10   11   12   13   14   16   17   18   
-0.1417   -0.0402502   0.0624219   0.167943   0.27349   0.37798   0.58569   0.686196   0.783374   0.88193   0.980963   1.0738   1.16336   1.24395   1.30248   1.35384   1.40929   1.47162   1.53247   1.58931   1.64175   1.69464   1.74266   1.77862   1.67333   1.59717   1.51937   
0.0148522   0.0135524   0.0123817   0.011553   0.0108018   0.0102019   0.00979767   0.00994052   0.0100455   0.0102722   0.0105914   0.0111279   0.0117623   0.0128033   0.0139703   0.0169689   0.0201359   0.0232115   0.0265743   0.0303763   0.0346375   0.039094   0.0440878   0.0503051   0.0812996   0.101873   0.124407   
-0.200986   -0.20025   -0.199438   -0.19883   -0.198142   -0.197102   -0.194677   -0.19268   -0.190163   -0.188146   -0.186413   -0.183694   -0.180711   -0.176464   -0.168673   -0.160619   -0.154052   -0.149141   -0.144602   -0.140141   -0.135726   -0.132007   -0.128357   -0.124322   -0.10849   -0.104675   -0.105332   

790000
-10   -9   -8   -7   -6   -5   -4   -3   -2   -1   0   1   2   3   4   5   6   7   8   9   10   11   12   13   14   15   16   17   18   
-0.14189   -0.0404698   0.0623691   0.167995   0.273371   0.377895   0.482177   0.58555   0.68594   0.783199   0.881914   0.980949   1.0737   1.16325   1.24404   1.30274   1.35378   1.40986   1.47214   1.53318   1.59022   1.64282   1.69485   1.7429   1.77866   1.70838   1.67332   1.59553   1.51981   
0.0148105   0.0135126   0.0123581   0.0115413   0.0107775   0.0101826   0.00961177   0.00977529   0.00991896   0.0100281   0.0102511   0.0105761   0.0111184   0.0117549   0.0127914   0.0139542   0.0169691   0.0201026   0.0231797   0.02653   0.0303173   0.0345679   0.039083   0.0440767   0.0503104   0.0668522   0.0813051   0.102086   0.12436   
-0.200973   -0.200225   -0.199426   -0.198832   -0.198116   -0.197082   -0.196216   -0.194644   -0.192623   -0.190123   -0.188138   -0.186404   -0.18367   -0.180686   -0.176477   -0.168722   -0.160617   -0.154141   -0.14922   -0.144701   -0.14026   -0.135859   -0.132042   -0.128397   -0.124348   -0.113991   -0.108502   -0.104664   -0.105337   

795000
-10   -9   -8   -7   -6   -5   -4   -3   -2   -1   0   1   2   3   4   5   6   7   8   9   10   11   12   13   14   15   16   17   18   
-0.142074   -0.0406782   0.0623304   0.167954   0.273259   0.377814   0.482011   0.585413   0.685686   0.783033   0.881906   0.980931   1.07386   1.16314   1.2441   1.30298   1.3537   1.41042   1.47265   1.53386   1.59111   1.64388   1.69504   1.74312   1.77864   1.7078   1.67322   1.59388   1.52025   
0.0147696   0.0134739   0.0123363   0.0115154   0.0107536   0.010164   0.00958903   0.00975337   0.00989793   0.0100113   0.0102303   0.0105613   0.0110996   0.0117473   0.0127804   0.0139393   0.0169698   0.0200707   0.023149   0.0264869   0.0302598   0.0344991   0.0390703   0.0440664   0.0503224   0.0669135   0.0813214   0.102298   0.124304   
-0.200959   -0.200201   -0.199416   -0.198831   -0.198091   -0.197061   -0.196177   -0.194612   -0.192566   -0.190085   -0.188132   -0.186394   -0.183697   -0.180661   -0.176486   -0.168766   -0.160613   -0.154227   -0.149297   -0.144797   -0.140378   -0.135991   -0.132075   -0.128436   -0.124368   -0.113967   -0.108511   -0.104653   -0.105341   

800000
-10   -9   -8   -6   -5   -4   -3   -2   -1   0   1   2   3   4   5   7   8   9   10   11   12   13   14   15   16   17   18   
-0.142251   -0.0408766   0.0623042   0.273153   0.377736   0.481859   0.585277   0.685434   0.782878   0.881907   0.98091   1.07402   1.16303   1.24413   1.30319   1.41094   1.47314   1.53453   1.59199   1.64491   1.69524   1.74333   1.77855   1.70721   1.67303   1.59222   1.52067   
0.0147295   0.013436   0.0123164   0.0107302   0.010146   0.00956694   0.00973192   0.00987741   0.00999498   0.01021   0.0105471   0.0110813   0.0117395   0.0127706   0.0139255   0.0200399   0.023119   0.026445   0.0302031   0.0344284   0.0390592   0.0440555   0.0503399   0.066976   0.081347   0.102512   0.124255   
-0.200947   -0.200178   -0.199406   -0.198067   -0.197041   -0.19614   -0.19458   -0.19251   -0.19005   -0.188128   -0.186384   -0.183723   -0.180638   -0.176491   -0.168806   -0.154309   -0.149371   -0.14489   -0.140492   -0.136119   -0.132108   -0.128474   -0.124383   -0.113944   -0.108517   -0.104642   -0.105346   

805000
-10   -9   -8   -7   -6   -5   -4   -3   -2   -1   0   1   3   4   5   6   7   8   9   10   11   12   13   14   15   16   17   18   
-0.142422   -0.0410657   0.0622909   0.167818   0.273052   0.377659   0.481715   0.585141   0.685186   0.782737   0.881913   0.980884   1.16291   1.24414   1.30337   1.35387   1.41145   1.47362   1.53518   1.59283   1.64593   1.69582   1.74354   1.77842   1.70663   1.67278   1.59054   1.52109   
0.0146901   0.0133989   0.0122983   0.011463   0.0107073   0.0101286   0.00954427   0.00971103   0.00985741   0.00997924   0.01019   0.0105335   0.0117324   0.0127617   0.013913   0.0169559   0.0200104   0.0230903   0.0264042   0.0301477   0.0343603   0.0390215   0.0440448   0.0503611   0.0670393   0.0813814   0.102729   0.124203   
-0.200936   -0.200156   -0.199398   -0.198818   -0.198045   -0.197021   -0.196107   -0.194547   -0.192455   -0.190017   -0.188124   -0.186373   -0.180612   -0.176491   -0.168842   -0.160653   -0.154388   -0.149443   -0.144982   -0.140604   -0.136246   -0.132181   -0.128509   -0.124395   -0.113921   -0.10852   -0.104631   -0.10535   

810000
-10   -9   -8   -7   -6   -5   -4   -3   -2   0   1   3   4   5   6   7   8   9   10   11   12   13   14   15   16   17   18   
-0.142587   -0.0412472   0.062292   0.167651   0.272957   0.377585   0.481582   0.585005   0.684944   0.881924   0.980854   1.16288   1.24413   1.30353   1.3543   1.41194   1.47407   1.53581   1.59365   1.64694   1.69688   1.74423   1.77826   1.70602   1.67246   1.58886   1.52148   
0.0146515   0.0133625   0.0122823   0.0114335   0.0106849   0.0101117   0.00952196   0.00969064   0.00983795   0.0101704   0.0105205   0.0117227   0.0127539   0.0139014   0.0169324   0.019982   0.0230624   0.0263645   0.0300941   0.0342924   0.038946   0.0439946   0.0503843   0.0671023   0.0814193   0.102949   0.124156   
-0.200926   -0.200136   -0.199392   -0.198789   -0.198023   -0.197002   -0.196076   -0.194516   -0.192401   -0.188122   -0.186361   -0.180603   -0.176488   -0.168873   -0.160725   -0.154465   -0.149512   -0.14507   -0.140711   -0.136372   -0.132306   -0.128589   -0.124404   -0.113896   -0.10852   -0.104621   -0.105355   

815000
-10   -9   -8   -7   -6   -5   -4   -3   -2   -1   0   1   2   3   4   5   6   7   8   9   10   11   12   13   14   15   16   17   18   
-0.142746   -0.0414209   0.0623091   0.167497   0.272868   0.377514   0.481458   0.58487   0.684712   0.782494   0.881938   0.980819   1.07445   1.16312   1.2441   1.30367   1.3547   1.41241   1.4745   1.53642   1.59443   1.64794   1.69795   1.74539   1.7781   1.70542   1.67233   1.58719   1.52185   
0.0146135   0.0133268   0.0122687   0.0114049   0.0106631   0.0100954   0.00950012   0.00967076   0.00981908   0.00994611   0.0101512   0.010508   0.0110296   0.0117042   0.012747   0.0138909   0.0169103   0.0199547   0.0230364   0.0263258   0.0300435   0.034226   0.0388721   0.0439082   0.0504081   0.0671663   0.0814398   0.103167   0.124114   
-0.200916   -0.200116   -0.199386   -0.198763   -0.198002   -0.196983   -0.196047   -0.194484   -0.19235   -0.18996   -0.188121   -0.186348   -0.183792   -0.180646   -0.17648   -0.168901   -0.160792   -0.154539   -0.149579   -0.145157   -0.140814   -0.136496   -0.13243   -0.128713   -0.124412   -0.113872   -0.108527   -0.104612   -0.10536   

820000
-10   -9   -8   -7   -6   -5   -4   -3   -2   -1   0   1   2   3   4   5   6   7   8   9   10   11   12   14   15   16   17   18   
-0.142897   -0.041587   0.0623443   0.167354   0.272785   0.377443   0.481344   0.584736   0.684487   0.78237   0.881955   0.98078   1.07458   1.16336   1.24404   1.30378   1.35507   1.41286   1.47492   1.53701   1.59518   1.64892   1.69899   1.77871   1.70481   1.6726   1.58553   1.52221   
0.0145762   0.0132918   0.0122576   0.0113769   0.0106422   0.0100797   0.00947872   0.00965142   0.00980074   0.0099239   0.0101324   0.0104961   0.0110126   0.0116865   0.0127412   0.0138816   0.0168894   0.0199285   0.0230115   0.0262887   0.0299948   0.0341592   0.0387988   0.0503629   0.0672309   0.0814143   0.103385   0.124076   
-0.200908   -0.200098   -0.199383   -0.198739   -0.197982   -0.196964   -0.19602   -0.194452   -0.1923   -0.18993   -0.18812   -0.186335   -0.183814   -0.180686   -0.176469   -0.168924   -0.160856   -0.15461   -0.149643   -0.145241   -0.140913   -0.136616   -0.132552   -0.124478   -0.113847   -0.10855   -0.104605   -0.105365   

825000
-10   -9   -8   -7   -6   -5   -4   -3   -2   -1   0   1   2   3   4   5   6   7   8   9   10   11   12   13   14   16   17   18   
-0.14304   -0.041746   0.0623354   0.167222   0.272707   0.377376   0.481237   0.584602   0.68427   0.782261   0.881972   0.980735   1.07473   1.16358   1.24396   1.30386   1.35543   1.41329   1.47532   1.53759   1.5959   1.64989   1.70003   1.74764   1.77955   1.67273   1.5839   1.52256   
0.0145394   0.0132574   0.0122415   0.0113496   0.0106219   0.0100645   0.00945775   0.00963266   0.00978293   0.00990213   0.0101142   0.0104848   0.0109936   0.0116694   0.0127362   0.0138735   0.0168696   0.0199033   0.0229874   0.0262523   0.0299467   0.0340947   0.0387267   0.0437379   0.0502946   0.0814043   0.103602   0.124031   
-0.200902   -0.20008   -0.199377   -0.198716   -0.197963   -0.196946   -0.195995   -0.19442   -0.192252   -0.189903   -0.188119   -0.18632   -0.18384   -0.180723   -0.176453   -0.168944   -0.160916   -0.154679   -0.149704   -0.145323   -0.141009   -0.136737   -0.132673   -0.128952   -0.124561   -0.108568   -0.104599   -0.10537   

830000
-10   -9   -8   -7   -6   -5   -4   -3   -2   -1   0   2   3   4   5   6   7   8   9   10   11   12   13   14   15   16   17   18   
-0.143252   -0.0418985   0.0622048   0.167098   0.272634   0.377314   0.481138   0.584468   0.684064   0.782163   0.881989   1.07487   1.16379   1.24387   1.30393   1.35576   1.41371   1.47569   1.53815   1.59661   1.65084   1.70105   1.74874   1.7803   1.70379   1.67274   1.58229   1.52291   
0.0145007   0.0132237   0.0122103   0.0113229   0.0106023   0.0100499   0.00943719   0.00961455   0.00976562   0.0098808   0.0100965   0.010975   0.0116528   0.0127323   0.0138663   0.016851   0.0198791   0.0229637   0.0262173   0.0299013   0.0340308   0.0386545   0.0436572   0.0502336   0.06734   0.0814069   0.103814   0.12399   
-0.200882   -0.200063   -0.199363   -0.198695   -0.197944   -0.196929   -0.195971   -0.194388   -0.192206   -0.189878   -0.188117   -0.183866   -0.180759   -0.176434   -0.168959   -0.160973   -0.154745   -0.149763   -0.145403   -0.141104   -0.136855   -0.132792   -0.129069   -0.124637   -0.113809   -0.10858   -0.104593   -0.105375   

835000
-10   -9   -8   -7   -6   -5   -4   -3   -2   -1   0   2   3   4   5   6   7   8   9   10   11   12   13   14   15   16   17   18   
-0.143505   -0.0420466   0.0620811   0.166983   0.272565   0.377256   0.481045   0.584335   0.683871   0.782076   0.882002   1.07501   1.16398   1.24374   1.30395   1.35607   1.4141   1.47606   1.53869   1.5973   1.65178   1.70206   1.7498   1.78096   1.70356   1.67263   1.5807   1.52324   
0.0144609   0.0131904   0.0121801   0.0112967   0.0105833   0.0100359   0.00941703   0.00959707   0.00974882   0.00985991   0.0100794   0.0109568   0.0116369   0.0127293   0.0138608   0.0168334   0.0198559   0.0229415   0.0261838   0.0298561   0.0339673   0.0385829   0.0435752   0.0501813   0.0673656   0.0814237   0.104026   0.123953   
-0.200853   -0.200047   -0.199351   -0.198675   -0.197927   -0.196913   -0.195948   -0.194357   -0.192163   -0.189855   -0.188115   -0.183891   -0.180792   -0.17641   -0.168969   -0.161027   -0.154808   -0.14982   -0.14548   -0.141195   -0.13697   -0.132909   -0.129181   -0.124706   -0.113806   -0.108587   -0.104588   -0.105381   

840000
-10   -9   -8   -7   -6   -5   -4   -3   -2   -1   0   1   2   3   4   5   6   7   8   9   10   11   12   13   14   15   16   17   18   
-0.143751   -0.0421907   0.0619646   0.166875   0.272498   0.377201   0.480957   0.584201   0.683694   0.781998   0.882013   0.980602   1.07514   1.16417   1.24361   1.30395   1.35636   1.41448   1.47641   1.5392   1.59797   1.65269   1.70306   1.75083   1.78152   1.70333   1.67242   1.57913   1.52355   
0.0144215   0.0131577   0.012151   0.011271   0.0105648   0.0100223   0.00939724   0.00958017   0.00973251   0.00983947   0.0100628   0.0104479   0.0109391   0.0116216   0.0127268   0.0138565   0.0168168   0.0198338   0.0229201   0.0261513   0.0298123   0.0339059   0.0385132   0.0434967   0.0501379   0.0673929   0.0814526   0.104233   0.12392   
-0.200826   -0.200031   -0.199338   -0.198656   -0.197909   -0.196898   -0.195926   -0.194325   -0.192124   -0.189835   -0.188113   -0.18628   -0.183914   -0.180823   -0.176385   -0.168974   -0.161077   -0.154869   -0.149875   -0.145554   -0.141285   -0.137084   -0.133025   -0.129291   -0.124767   -0.113803   -0.108591   -0.104582   -0.105386   

845000
-10   -9   -8   -7   -6   -5   -4   -3   -1   0   1   2   3   4   5   6   7   8   9   10   11   12   13   14   15   16   17   18   
-0.143988   -0.0423316   0.0618554   0.166773   0.272434   0.377152   0.480873   0.584067   0.781929   0.882022   0.980568   1.07527   1.16435   1.24346   1.30392   1.35663   1.41484   1.47675   1.53969   1.59861   1.65359   1.70405   1.75183   1.78198   1.70308   1.67213   1.57758   1.52383   
0.0143826   0.0131254   0.0121229   0.0112458   0.0105469   0.0100093   0.00937786   0.00956383   0.00981957   0.0100467   0.0104328   0.0109217   0.0116068   0.012724   0.0138533   0.0168012   0.0198126   0.0228996   0.0261206   0.0297702   0.0338449   0.0384432   0.0434222   0.0501024   0.0674206   0.0814876   0.10444   0.123886   
-0.2008   -0.200016   -0.199327   -0.198638   -0.197892   -0.196884   -0.195905   -0.194293   -0.189815   -0.18811   -0.186272   -0.183937   -0.180852   -0.176359   -0.168974   -0.161125   -0.154928   -0.149929   -0.145625   -0.141372   -0.137195   -0.133139   -0.129398   -0.12482   -0.113798   -0.108591   -0.104577   -0.105392   

850000
-10   -9   -8   -7   -6   -5   -4   -3   -1   0   1   2   3   4   5   6   7   8   9   10   11   12   13   14   15   16   17   18   
-0.144218   -0.0424694   0.0617525   0.166678   0.272371   0.37711   0.480794   0.583932   0.781867   0.882031   0.980529   1.07539   1.16451   1.2433   1.30387   1.35688   1.41517   1.47707   1.54016   1.59924   1.65446   1.70502   1.75281   1.78234   1.70282   1.67177   1.57605   1.5241   
0.014344   0.0130936   0.0120956   0.0112211   0.0105296   0.00999676   0.00935893   0.00954809   0.00980018   0.010031   0.0104181   0.0109048   0.0115926   0.0127219   0.0138514   0.0167866   0.019793   0.02288   0.0260909   0.029729   0.0337861   0.0383744   0.0433484   0.0500786   0.0674513   0.081533   0.104642   0.123858   
-0.200775   -0.2   -0.199317   -0.198622   -0.197875   -0.196872   -0.195885   -0.194261   -0.189798   -0.188107   -0.186263   -0.183958   -0.180879   -0.17633   -0.16897   -0.161169   -0.154982   -0.14998   -0.145693   -0.141456   -0.137304   -0.133251   -0.129503   -0.124865   -0.113793   -0.108589   -0.104572   -0.105398   

855000
-10   -9   -8   -7   -6   -5   -4   -3   -2   -1   0   1   2   3   4   5   6   7   8   9   10   11   12   13   14   15   16   17   18   
-0.144442   -0.0426046   0.0616561   0.166588   0.272311   0.377077   0.480718   0.583797   0.683206   0.781809   0.882039   0.980486   1.07551   1.16467   1.24313   1.30378   1.35711   1.41549   1.47738   1.54061   1.59986   1.65532   1.70598   1.75375   1.78258   1.70255   1.67133   1.57454   1.52437   
0.0143059   0.0130623   0.0120692   0.0111968   0.0105129   0.00998478   0.00934043   0.00953295   0.00967626   0.0097813   0.0100157   0.0104039   0.0108883   0.0115782   0.0127205   0.0138507   0.0167729   0.0197743   0.0228611   0.0260625   0.0296897   0.0337286   0.0383073   0.0432755   0.0500646   0.06748   0.0815872   0.104844   0.12383   
-0.200752   -0.199985   -0.199307   -0.198606   -0.197859   -0.196861   -0.195865   -0.194228   -0.192014   -0.189781   -0.188104   -0.186252   -0.183979   -0.180905   -0.1763   -0.168962   -0.161211   -0.155034   -0.15003   -0.145759   -0.14154   -0.13741   -0.133363   -0.129604   -0.124902   -0.113788   -0.108584   -0.104568   -0.105404   

860000
-10   -9   -8   -7   -6   -5   -4   -3   -2   -1   0   1   2   3   4   5   6   7   8   9   10   11   12   13   14   15   16   17   18   
-0.14466   -0.0427374   0.0615663   0.166503   0.272253   0.377055   0.480644   0.583664   0.683041   0.781758   0.882045   0.980437   1.07562   1.16482   1.24324   1.30368   1.35732   1.41579   1.47768   1.54105   1.60044   1.65614   1.70692   1.75468   1.7827   1.70227   1.67143   1.57306   1.52463   
0.0142681   0.0130314   0.0120435   0.0111729   0.0104968   0.0099733   0.00932239   0.0095185   0.00965382   0.00976288   0.0100008   0.0103901   0.0108721   0.0115638   0.0127093   0.0138512   0.0167601   0.0197567   0.0228429   0.0260352   0.0296517   0.0336734   0.0382395   0.0432062   0.0500606   0.0675124   0.0815798   0.105039   0.123795   
-0.200729   -0.199971   -0.199299   -0.198591   -0.197842   -0.196853   -0.195846   -0.194196   -0.191975   -0.189766   -0.188101   -0.186241   -0.183998   -0.180931   -0.17632   -0.168949   -0.16125   -0.155084   -0.150077   -0.145823   -0.141618   -0.137514   -0.133471   -0.129705   -0.124929   -0.113781   -0.108599   -0.104562   -0.105409   

865000
-10   -9   -8   -7   -6   -4   -3   -2   -1   0   1   2   3   4   5   6   7   8   9   10   11   12   13   14   15   16   17   18   
-0.144872   -0.0428669   0.0614839   0.166422   0.272197   0.480571   0.583532   0.682889   0.781709   0.882049   0.980385   1.07572   1.16497   1.24349   1.30355   1.35751   1.41607   1.47795   1.54146   1.601   1.65694   1.70784   1.75558   1.7827   1.70198   1.67142   1.5716   1.52486   
0.0142308   0.013001   0.0120186   0.0111494   0.0104813   0.00930487   0.00950473   0.00963179   0.00974493   0.00998639   0.0103768   0.0108564   0.0115499   0.0126935   0.0138526   0.0167483   0.0197399   0.022826   0.0260089   0.0296145   0.0336197   0.0381741   0.0431384   0.0500658   0.0675412   0.0815857   0.105233   0.123772   
-0.200707   -0.199956   -0.199291   -0.198576   -0.197826   -0.195826   -0.194165   -0.19194   -0.189751   -0.188097   -0.18623   -0.184016   -0.180956   -0.176363   -0.168933   -0.161285   -0.155131   -0.150122   -0.145884   -0.141695   -0.137614   -0.133579   -0.129802   -0.124946   -0.113773   -0.10861   -0.104558   -0.105415   

870000
-10   -9   -7   -6   -5   -4   -3   -2   -1   0   1   2   3   4   5   6   7   8   9   10   11   12   13   14   15   16   17   18   
-0.145078   -0.0429943   0.166345   0.272143   0.376957   0.4805   0.583402   0.682747   0.781663   0.882052   0.980328   1.07582   1.1651   1.24372   1.30339   1.35768   1.41634   1.47821   1.54186   1.60155   1.6577   1.70875   1.75646   1.78257   1.70164   1.67129   1.57016   1.52507   
0.0141939   0.012971   0.0111263   0.0104664   0.00994448   0.00928784   0.00949163   0.00961014   0.00972744   0.00997246   0.0103641   0.0108412   0.0115365   0.0126785   0.0138553   0.0167383   0.0197239   0.0228104   0.0259845   0.0295791   0.0335689   0.0381086   0.0430724   0.0500849   0.0675803   0.0816026   0.105424   0.123756   
-0.200686   -0.199942   -0.198563   -0.19781   -0.196825   -0.195808   -0.194133   -0.191906   -0.189737   -0.188092   -0.186217   -0.184033   -0.180977   -0.176403   -0.168913   -0.161316   -0.155176   -0.150164   -0.145943   -0.141769   -0.13771   -0.133683   -0.129897   -0.124952   -0.113764   -0.108616   -0.104553   -0.105423   

875000
-10   -9   -7   -6   -5   -4   -3   -2   -1   0   1   2   3   4   5   6   7   8   9   10   11   12   13   14   15   16   17   
-0.14528   -0.0431188   0.166271   0.272092   0.376879   0.480429   0.583273   0.682615   0.781618   0.882052   0.980267   1.07591   1.16522   1.24393   1.30321   1.35782   1.41659   1.47845   1.54224   1.60208   1.65843   1.70964   1.75731   1.7823   1.7013   1.67104   1.56875   
0.0141573   0.0129415   0.0111035   0.0104522   0.00992734   0.00927119   0.00947921   0.00958887   0.00971046   0.009959   0.0103517   0.0108263   0.0115238   0.0126643   0.0138589   0.0167292   0.0197088   0.0227955   0.0259609   0.0295447   0.0335194   0.0380459   0.0430076   0.0501133   0.0676184   0.0816347   0.105611   
-0.200665   -0.199928   -0.19855   -0.197794   -0.196804   -0.195789   -0.194102   -0.191875   -0.189723   -0.188087   -0.186204   -0.184048   -0.180997   -0.17644   -0.168889   -0.161344   -0.155219   -0.150205   -0.146   -0.141841   -0.137803   -0.133786   -0.129989   -0.124947   -0.113754   -0.108617   -0.104548   

880000
-10   -9   -8   -7   -6   -4   -3   -2   -1   0   1   2   3   4   6   7   8   9   10   11   12   13   14   15   16   17   
-0.145477   -0.0432418   0.0612369   0.1662   0.272042   0.48036   0.583134   0.682492   0.781573   0.88205   0.980201   1.07599   1.16533   1.24412   1.35793   1.41683   1.47868   1.5426   1.60258   1.65915   1.7105   1.75813   1.78194   1.70095   1.67069   1.56737   
0.0141212   0.0129124   0.0119445   0.0110812   0.0104388   0.00925495   0.00946363   0.00956796   0.00969401   0.00994601   0.0103398   0.0108119   0.0115115   0.0126509   0.0167209   0.0196945   0.0227813   0.0259381   0.0295118   0.0334714   0.0379848   0.0429445   0.0501514   0.0676562   0.081678   0.105794   
-0.200645   -0.199914   -0.199267   -0.198537   -0.197779   -0.19577   -0.194072   -0.191846   -0.189708   -0.188082   -0.186189   -0.184062   -0.181015   -0.176473   -0.161368   -0.15526   -0.150243   -0.146055   -0.141911   -0.137894   -0.133887   -0.130079   -0.124935   -0.113744   -0.108615   -0.104544   

885000
-10   -9   -8   -7   -6   -5   -4   -3   -2   -1   0   1   2   3   4   5   6   7   8   9   10   11   12   13   15   16   17   18   
-0.14567   -0.0433627   0.0611037   0.166133   0.271988   0.376735   0.480292   0.582997   0.682376   0.781526   0.882045   0.980132   1.07607   1.16542   1.24429   1.30329   1.35803   1.41705   1.47889   1.54294   1.60307   1.65986   1.71134   1.75893   1.70071   1.67027   1.56602   1.52634   
0.0140855   0.0128837   0.0119167   0.0110592   0.0104248   0.00989167   0.00923919   0.009448   0.0095474   0.00967813   0.0099335   0.0103283   0.0107978   0.0114998   0.0126383   0.0138486   0.0167139   0.0196809   0.022768   0.0259163   0.02948   0.0334252   0.0379254   0.0428848   0.0676848   0.0817298   0.105974   0.123599   
-0.200626   -0.199901   -0.199248   -0.198525   -0.197763   -0.196767   -0.195752   -0.194044   -0.191818   -0.189694   -0.188076   -0.186174   -0.184075   -0.18103   -0.176503   -0.168911   -0.161389   -0.155299   -0.150279   -0.146107   -0.141979   -0.137983   -0.133984   -0.130167   -0.113739   -0.108609   -0.10454   -0.105432   

890000
-10   -9   -8   -7   -6   -5   -4   -3   -2   -1   0   1   2   3   4   5   6   7   8   9   10   11   12   13   15   16   17   18   
-0.145857   -0.0434821   0.060978   0.166068   0.271902   0.376665   0.480224   0.582866   0.682268   0.781479   0.882038   0.980059   1.07614   1.16551   1.24445   1.30356   1.35811   1.41727   1.4791   1.54327   1.60354   1.66054   1.71215   1.75971   1.70089   1.66977   1.56469   1.52696   
0.0140503   0.0128554   0.0118894   0.0110378   0.0104055   0.00987282   0.00922389   0.00943291   0.00952719   0.00966274   0.0099215   0.0103172   0.0107841   0.0114885   0.0126263   0.0138338   0.0167079   0.0196679   0.0227554   0.025896   0.0294496   0.0333794   0.0378665   0.0428273   0.067668   0.0817892   0.106149   0.123515   
-0.200607   -0.199887   -0.19923   -0.198513   -0.197747   -0.196751   -0.195733   -0.194016   -0.191792   -0.189679   -0.18807   -0.186159   -0.184087   -0.181044   -0.176531   -0.16896   -0.161407   -0.155336   -0.150314   -0.146157   -0.142044   -0.13807   -0.134079   -0.130253   -0.113758   -0.108601   -0.104536   -0.105432   

895000
-10   -9   -8   -7   -6   -5   -4   -3   -2   -1   0   1   2   3   4   5   6   7   9   10   11   12   13   14   15   16   17   18   
-0.14604   -0.043599   0.0608594   0.166007   0.271817   0.376602   0.480153   0.582744   0.682165   0.781432   0.882028   0.979983   1.07621   1.16559   1.24459   1.3038   1.35817   1.41747   1.54357   1.604   1.6612   1.71295   1.76045   1.78099   1.70104   1.66936   1.56341   1.52757   
0.0140156   0.0128276   0.0118626   0.0110168   0.0103868   0.00985442   0.00920804   0.00941835   0.00950732   0.00964781   0.00991001   0.0103065   0.0107708   0.0114777   0.0126151   0.01382   0.0167027   0.0196556   0.0258776   0.0294203   0.0333345   0.0378096   0.0427697   0.0502516   0.0676553   0.0818392   0.106321   0.123442   
-0.200589   -0.199874   -0.199214   -0.198501   -0.197731   -0.196736   -0.195716   -0.193991   -0.191767   -0.189665   -0.188063   -0.186142   -0.184098   -0.181055   -0.176555   -0.169005   -0.161423   -0.155372   -0.146204   -0.142108   -0.138155   -0.134172   -0.130335   -0.124907   -0.113776   -0.108596   -0.104533   -0.105434   

900000
-10   -9   -8   -7   -6   -5   -4   -3   -2   -1   0   1   2   3   4   5   6   7   9   10   11   12   13   14   15   16   17   18   
-0.146219   -0.0437144   0.0607467   0.165946   0.271733   0.376544   0.480082   0.582634   0.682067   0.781386   0.882015   0.979903   1.07627   1.16565   1.24471   1.30403   1.35822   1.41764   1.54386   1.60443   1.66185   1.71374   1.76118   1.78126   1.70115   1.66916   1.56215   1.52815   
0.0139813   0.0128002   0.0118362   0.0109962   0.0103687   0.00983652   0.00919248   0.00940428   0.0094878   0.00963333   0.00989905   0.0102961   0.0107578   0.0114675   0.0126049   0.0138071   0.0166985   0.0196448   0.0258607   0.0293922   0.0332907   0.037755   0.0427171   0.0502319   0.067647   0.0818648   0.106489   0.123365   
-0.200571   -0.199861   -0.199198   -0.19849   -0.197714   -0.196722   -0.195698   -0.193968   -0.191744   -0.189651   -0.188055   -0.186126   -0.184108   -0.181064   -0.176575   -0.169047   -0.161436   -0.155403   -0.146249   -0.142169   -0.138238   -0.134266   -0.130416   -0.124941   -0.113791   -0.108599   -0.104529   -0.105435   

905000
-10   -9   -8   -7   -6   -5   -4   -3   -2   -1   0   1   2   3   4   5   6   7   9   10   11   12   13   14   15   16   17   18   
-0.146394   -0.0438279   0.0606403   0.165888   0.271651   0.376492   0.480011   0.582553   0.681973   0.78134   0.881999   0.979824   1.07632   1.16571   1.24481   1.30423   1.35825   1.41781   1.54411   1.60485   1.66247   1.71451   1.76188   1.7814   1.70123   1.66888   1.56091   1.52872   
0.0139475   0.0127733   0.0118103   0.0109759   0.0103512   0.00981902   0.00917726   0.00938633   0.00946863   0.00961939   0.00988872   0.0102861   0.0107453   0.0114578   0.0125955   0.0137952   0.0166949   0.0196345   0.0258441   0.0293651   0.0332491   0.0376986   0.0426655   0.0502244   0.0676406   0.0819006   0.106652   0.123295   
-0.200554   -0.199848   -0.199183   -0.198479   -0.197698   -0.196709   -0.19568   -0.19395   -0.191721   -0.189636   -0.188046   -0.186109   -0.184116   -0.181072   -0.176592   -0.169085   -0.161446   -0.155434   -0.146289   -0.142228   -0.138318   -0.134355   -0.130494   -0.124965   -0.113805   -0.108598   -0.104526   -0.105436   

910000
-10   -9   -8   -7   -6   -5   -4   -3   -2   -1   0   2   3   4   5   6   7   9   10   11   12   13   14   15   16   17   18   
-0.146564   -0.0439396   0.0605387   0.16583   0.271571   0.376443   0.47994   0.582491   0.681881   0.781293   0.881979   1.07637   1.16575   1.24489   1.30441   1.35825   1.41797   1.54436   1.60526   1.66308   1.71527   1.76254   1.78138   1.70128   1.66851   1.55974   1.52927   
0.0139143   0.0127469   0.0117847   0.0109561   0.0103342   0.0098019   0.0091624   0.00936569   0.00944982   0.00960593   0.00987897   0.0107331   0.0114486   0.0125868   0.0137842   0.0166929   0.0196247   0.0258292   0.0293393   0.0332092   0.0376444   0.0426162   0.0502302   0.0676383   0.0819456   0.10681   0.123225   
-0.200538   -0.199835   -0.199169   -0.198468   -0.197682   -0.196696   -0.195662   -0.193936   -0.191698   -0.189621   -0.188036   -0.184123   -0.181077   -0.176606   -0.169119   -0.161452   -0.155463   -0.146328   -0.142286   -0.138396   -0.134445   -0.130568   -0.124977   -0.113816   -0.108595   -0.104524   -0.105438   

915000
-10   -9   -8   -7   -6   -5   -4   -3   -2   -1   0   1   2   3   4   5   6   7   8   9   10   11   12   13   14   15   16   17   18   
-0.14673   -0.044049   0.0604417   0.165775   0.271492   0.376398   0.479869   0.582436   0.681791   0.781245   0.881955   0.979775   1.07641   1.16578   1.24496   1.30457   1.35824   1.41812   1.48072   1.54458   1.60565   1.66366   1.71602   1.76317   1.78119   1.7013   1.66806   1.55861   1.5298   
0.0138816   0.012721   0.0117595   0.0109368   0.0103177   0.00978511   0.00914789   0.00934545   0.00943142   0.00959302   0.0098698   0.0102631   0.0107213   0.0114399   0.0125788   0.0137741   0.0166917   0.0196154   0.0226554   0.0258154   0.0293142   0.0331696   0.0375911   0.0425693   0.0502498   0.0676382   0.0820016   0.106959   0.123159   
-0.200521   -0.199822   -0.199156   -0.198458   -0.197666   -0.196684   -0.195644   -0.193923   -0.191676   -0.189606   -0.188026   -0.186097   -0.184129   -0.18108   -0.176617   -0.169151   -0.161457   -0.155491   -0.150566   -0.146364   -0.142341   -0.138471   -0.134532   -0.13064   -0.124975   -0.113826   -0.108588   -0.104521   -0.10544   

920000
-10   -9   -8   -7   -6   -5   -4   -3   -2   -1   0   1   2   3   4   5   7   8   9   10   11   12   13   14   15   16   17   18   
-0.146892   -0.0441553   0.0603489   0.165722   0.271414   0.376356   0.479797   0.582388   0.681701   0.781197   0.881928   0.979939   1.07645   1.1658   1.24501   1.30471   1.41826   1.48149   1.54478   1.60601   1.66423   1.71675   1.76376   1.78083   1.70127   1.66755   1.55752   1.53032   
0.0138495   0.0126957   0.0117346   0.0109181   0.0103017   0.00976869   0.00913373   0.00932564   0.00941345   0.00958067   0.00986121   0.0102453   0.0107098   0.0114317   0.0125716   0.013765   0.0196063   0.0226091   0.0258026   0.029291   0.033131   0.0375388   0.0425253   0.0502857   0.0676434   0.0820621   0.107107   0.123091   
-0.200506   -0.19981   -0.199144   -0.198447   -0.19765   -0.196673   -0.195625   -0.193911   -0.191654   -0.189591   -0.188015   -0.186127   -0.184133   -0.181081   -0.176624   -0.169178   -0.155517   -0.150675   -0.146398   -0.142393   -0.138545   -0.134618   -0.130708   -0.124959   -0.113833   -0.108578   -0.10452   -0.105441   

925000
-10   -9   -8   -7   -6   -5   -4   -3   -2   -1   0   1   2   4   5   8   9   10   11   12   13   14   15   16   17   18   
-0.147049   -0.0442598   0.06026   0.165673   0.271337   0.376316   0.479725   0.582344   0.68161   0.781147   0.881896   0.980101   1.07647   1.24504   1.30482   1.48224   1.54497   1.60635   1.66478   1.71747   1.76433   1.78027   1.7012   1.66697   1.55648   1.53083   
0.013818   0.0126709   0.0117101   0.0109   0.0102861   0.00975261   0.00911994   0.00930618   0.00939595   0.00956883   0.00985321   0.0102277   0.0106987   0.0125652   0.013757   0.0225637   0.0257914   0.0292693   0.0330946   0.0374872   0.0424844   0.0503378   0.0676534   0.0821305   0.107247   0.123029   
-0.20049   -0.199798   -0.199132   -0.198437   -0.197635   -0.196662   -0.195607   -0.1939   -0.191632   -0.189575   -0.188002   -0.186157   -0.184137   -0.176629   -0.169202   -0.150782   -0.14643   -0.142443   -0.138617   -0.134704   -0.130774   -0.124928   -0.113837   -0.108566   -0.104519   -0.105444   

930000
-10   -9   -8   -7   -6   -5   -4   -3   -2   -1   0   1   2   3   4   5   6   8   10   11   12   13   14   15   16   17   18   
-0.147204   -0.0443612   0.0601746   0.165626   0.271262   0.376278   0.479653   0.582305   0.681521   0.781097   0.88186   0.980259   1.07649   1.16581   1.24506   1.30492   1.35838   1.48298   1.60668   1.66531   1.71818   1.76486   1.77951   1.70109   1.66635   1.55546   1.53133   
0.013787   0.0126466   0.0116859   0.0108826   0.010271   0.00973688   0.00910657   0.00928706   0.00937886   0.00955753   0.0098458   0.0102106   0.010688   0.0114168   0.0125581   0.0137501   0.0166786   0.0225192   0.0292484   0.0330589   0.0374369   0.0424453   0.0504079   0.0676667   0.0822056   0.107384   0.122965   
-0.200475   -0.199786   -0.19912   -0.198427   -0.19762   -0.196651   -0.195588   -0.19389   -0.19161   -0.18956   -0.187989   -0.186186   -0.184139   -0.181077   -0.176633   -0.169222   -0.161496   -0.150887   -0.142491   -0.138687   -0.134786   -0.130837   -0.12488   -0.11384   -0.108552   -0.104519   -0.105445   

935000
-10   -9   -8   -7   -6   -5   -4   -3   -2   -1   1   2   3   4   5   6   7   8   9   10   11   12   13   14   15   16   17   18   
-0.147354   -0.0444594   0.0600918   0.165582   0.27119   0.376241   0.47958   0.58227   0.681433   0.781043   0.980413   1.07651   1.1658   1.24507   1.30499   1.3588   1.41919   1.4837   1.54528   1.60699   1.66583   1.71886   1.76537   1.77857   1.70096   1.66597   1.55451   1.53181   
0.0137568   0.012623   0.0116621   0.0108657   0.0102563   0.00972152   0.00909355   0.00926828   0.00936215   0.00954677   0.0101937   0.0106776   0.0114091   0.0125519   0.013744   0.0166562   0.0195519   0.0224758   0.0257714   0.0292287   0.0330245   0.0373875   0.0424088   0.0504923   0.0676823   0.0822509   0.107513   0.12291   
-0.20046   -0.199774   -0.199109   -0.198417   -0.197605   -0.196641   -0.19557   -0.193881   -0.191589   -0.189543   -0.186214   -0.184139   -0.181075   -0.176635   -0.169238   -0.161566   -0.155669   -0.150989   -0.146485   -0.142537   -0.138754   -0.134867   -0.130897   -0.124817   -0.113841   -0.108547   -0.104519   -0.105449   

940000
-10   -9   -8   -7   -6   -5   -4   -3   -2   -1   0   1   2   3   4   5   6   7   8   9   10   11   12   13   14   15   16   17   18   
-0.147498   -0.0445538   0.0600127   0.16554   0.271121   0.376205   0.479507   0.582235   0.681346   0.780992   0.88179   0.980562   1.07651   1.16579   1.24505   1.30504   1.3592   1.41978   1.4844   1.54541   1.60728   1.66633   1.71953   1.76584   1.77751   1.70081   1.66551   1.55364   1.53226   
0.0137274   0.0126   0.0116386   0.0108494   0.0102421   0.00970654   0.0090809   0.00924981   0.00934581   0.00953657   0.00982893   0.0101773   0.0106676   0.0114018   0.0125465   0.013739   0.0166347   0.0195188   0.0224335   0.0257627   0.0292099   0.0329916   0.0373395   0.0423748   0.0505897   0.0677005   0.0823063   0.107634   0.122849   
-0.200446   -0.199763   -0.199099   -0.198408   -0.197591   -0.196631   -0.19555   -0.193872   -0.191568   -0.189527   -0.187966   -0.186242   -0.184139   -0.18107   -0.176633   -0.169251   -0.161632   -0.155758   -0.15109   -0.146509   -0.14258   -0.13882   -0.134947   -0.130954   -0.124745   -0.11384   -0.108539   -0.104521   -0.105451   

945000
-10   -9   -8   -7   -6   -5   -4   -3   -2   -1   0   1   2   3   4   5   6   7   8   10   11   12   13   14   15   16   17   18   
-0.147635   -0.0446434   0.0599358   0.1655   0.271057   0.376168   0.479432   0.582198   0.68126   0.780938   0.881777   0.980705   1.07651   1.16576   1.24502   1.30625   1.35959   1.42035   1.48509   1.60756   1.66681   1.72019   1.76628   1.77673   1.70062   1.66494   1.55294   1.53269   
0.0136988   0.0125777   0.0116154   0.0108336   0.0102282   0.00969197   0.00906864   0.00923163   0.0093298   0.00952691   0.00981476   0.0101612   0.0106581   0.0113951   0.0125419   0.013807   0.0166141   0.0194867   0.0223923   0.0291924   0.0329601   0.0372926   0.0423435   0.0506616   0.0677222   0.0823733   0.107731   0.122795   
-0.200432   -0.199753   -0.199089   -0.198398   -0.197578   -0.19662   -0.195531   -0.193863   -0.191546   -0.18951   -0.187963   -0.186268   -0.184137   -0.181064   -0.176628   -0.169481   -0.161696   -0.155845   -0.151187   -0.142622   -0.138885   -0.135025   -0.131008   -0.124695   -0.113838   -0.108527   -0.104524   -0.105454   

950000
-10   -9   -8   -7   -6   -5   -4   -3   -2   -1   0   1   2   3   4   5   6   7   8   10   11   12   13   14   16   17   18   
-0.147767   -0.044727   0.0598612   0.165461   0.271   0.376131   0.479357   0.582158   0.681175   0.780882   0.88176   0.980841   1.07651   1.16572   1.24497   1.3084   1.35996   1.4209   1.48575   1.60782   1.66728   1.72084   1.7667   1.77588   1.66433   1.55248   1.5331   
0.013671   0.0125562   0.0115926   0.0108184   0.0102148   0.0096778   0.00905679   0.00921377   0.0093141   0.00951783   0.00980096   0.0101455   0.0106489   0.0113888   0.0125382   0.0138796   0.0165943   0.0194554   0.0223523   0.0291755   0.0329288   0.0372467   0.0423145   0.050739   0.0824462   0.107796   0.122742   
-0.200418   -0.199743   -0.199079   -0.198389   -0.197566   -0.196609   -0.195511   -0.193853   -0.191525   -0.189492   -0.187959   -0.186293   -0.184134   -0.181055   -0.176619   -0.17003   -0.161758   -0.15593   -0.151282   -0.142662   -0.138946   -0.135102   -0.131059   -0.124639   -0.108513   -0.104529   -0.105457   

955000
-10   -9   -8   -7   -5   -4   -3   -2   -1   0   1   2   3   4   5   6   7   8   9   10   11   12   13   14   15   16   17   18   
-0.147893   -0.0448028   0.0597886   0.165425   0.376094   0.479283   0.582116   0.68109   0.780824   0.88174   0.980972   1.07649   1.16567   1.24489   1.31041   1.36031   1.42144   1.48639   1.54627   1.60807   1.66773   1.72147   1.76708   1.77528   1.70058   1.6638   1.55207   1.53352   
0.0136442   0.0125357   0.0115702   0.0108039   0.00966397   0.00904541   0.00919621   0.00929871   0.00950928   0.00978755   0.0101301   0.01064   0.011383   0.0125354   0.0139761   0.0165753   0.0194249   0.0223134   0.0257077   0.0291602   0.0328993   0.0372017   0.0422878   0.0507943   0.0677316   0.0825086   0.107856   0.122697   
-0.200405   -0.199734   -0.199069   -0.198379   -0.196599   -0.195492   -0.193842   -0.191505   -0.189474   -0.187955   -0.186316   -0.184129   -0.181045   -0.176606   -0.170559   -0.161817   -0.156013   -0.151375   -0.146637   -0.1427   -0.139006   -0.135177   -0.131108   -0.124601   -0.113852   -0.108502   -0.104534   -0.10546   

960000
-10   -9   -8   -7   -5   -4   -3   -2   -1   0   1   2   3   4   5   7   8   9   10   11   12   13   14   15   16   17   18   
-0.148012   -0.0448669   0.0597176   0.165391   0.376056   0.479208   0.582069   0.681006   0.780764   0.881715   0.981099   1.07647   1.16562   1.2448   1.31099   1.42197   1.48703   1.54717   1.6083   1.66816   1.72209   1.76744   1.77362   1.70089   1.66322   1.55169   1.53393   
0.0136183   0.0125164   0.011548   0.0107899   0.00965044   0.0090345   0.00917896   0.00928364   0.00950128   0.00977451   0.0101151   0.0106315   0.0113777   0.0125335   0.0141548   0.0193953   0.0222752   0.0256502   0.0291451   0.0328705   0.0371579   0.0422636   0.0509419   0.067702   0.082579   0.107914   0.122645   
-0.200392   -0.199727   -0.19906   -0.19837   -0.196588   -0.195472   -0.19383   -0.191484   -0.189456   -0.187949   -0.18634   -0.184123   -0.181033   -0.17659   -0.170752   -0.156093   -0.151466   -0.146757   -0.142735   -0.139065   -0.135251   -0.131154   -0.124481   -0.113878   -0.10849   -0.10454   -0.105463   

965000
-10   -8   -7   -6   -5   -4   -3   -2   -1   0   1   2   3   4   5   6   7   8   9   10   11   12   13   14   15   16   17   18   
-0.148123   0.059648   0.16536   0.270847   0.376019   0.479132   0.582018   0.680922   0.780702   0.881687   0.981223   1.07645   1.16555   1.24469   1.31004   1.36097   1.42248   1.48765   1.54806   1.60852   1.66858   1.72269   1.76777   1.7719   1.70117   1.66257   1.55141   1.53432   
0.0135935   0.0115263   0.0107767   0.0101692   0.00963718   0.00902372   0.0091621   0.00926889   0.00949382   0.00976183   0.0101002   0.0106234   0.0113728   0.0125322   0.0143001   0.0165396   0.0193662   0.0222376   0.0255936   0.0291314   0.032843   0.0371148   0.0422414   0.051095   0.0676771   0.0826556   0.107952   0.122594   
-0.200381   -0.19905   -0.198361   -0.197535   -0.196577   -0.195452   -0.193818   -0.191463   -0.189437   -0.187943   -0.186362   -0.184117   -0.181019   -0.176571   -0.17053   -0.161928   -0.156172   -0.151555   -0.146876   -0.142769   -0.139121   -0.135323   -0.131198   -0.124355   -0.113902   -0.108474   -0.104546   -0.105466   

970000
-10   -9   -8   -7   -6   -5   -4   -3   -2   -1   0   1   2   3   4   5   6   7   8   9   10   11   12   13   14   15   16   18   
-0.148224   -0.0449794   0.0595797   0.165331   0.270796   0.375981   0.479053   0.581961   0.680838   0.780647   0.881655   0.981344   1.07641   1.16548   1.24456   1.30935   1.36128   1.42298   1.48826   1.54893   1.60872   1.66898   1.72328   1.76807   1.77015   1.7014   1.66193   1.5347   
0.0135699   0.0124789   0.011505   0.0107642   0.0101513   0.0096242   0.00901288   0.00914557   0.00925446   0.00948153   0.00974952   0.0100857   0.0106156   0.0113682   0.0125317   0.0143685   0.0165228   0.0193379   0.0222007   0.0255377   0.0291186   0.0328168   0.0370735   0.0422221   0.0512509   0.0676515   0.0827304   0.122547   
-0.200369   -0.199712   -0.199041   -0.198352   -0.197524   -0.196566   -0.195433   -0.193804   -0.191443   -0.189423   -0.187937   -0.186384   -0.184109   -0.181004   -0.176549   -0.170363   -0.16198   -0.156249   -0.151643   -0.146992   -0.142801   -0.139175   -0.135394   -0.131238   -0.124227   -0.113923   -0.108459   -0.10547   

975000
-10   -9   -8   -7   -6   -5   -4   -3   -2   -1   0   1   2   3   4   5   6   7   8   9   10   11   12   13   14   15   16   17   18   
-0.148314   -0.0450419   0.0595122   0.165306   0.270751   0.375944   0.478973   0.5819   0.680755   0.780596   0.881619   0.981461   1.07637   1.1654   1.24442   1.30883   1.36157   1.42347   1.48886   1.5498   1.60891   1.66936   1.72385   1.76833   1.7684   1.70161   1.66136   1.55113   1.53507   
0.0135478   0.0124588   0.011484   0.0107524   0.0101339   0.0096115   0.00900243   0.00912932   0.00924035   0.00946618   0.00973756   0.0100714   0.0106081   0.011364   0.0125317   0.0144108   0.0165066   0.0193104   0.0221643   0.025483   0.0291063   0.0327921   0.0370321   0.0422044   0.0514091   0.0676356   0.0827972   0.108006   0.122516   
-0.200359   -0.199703   -0.199032   -0.198344   -0.197513   -0.196555   -0.195413   -0.19379   -0.191422   -0.189412   -0.187929   -0.186405   -0.1841   -0.180988   -0.176525   -0.170243   -0.16203   -0.156325   -0.15173   -0.147107   -0.142831   -0.139227   -0.135462   -0.131275   -0.124101   -0.113943   -0.108446   -0.10456   -0.105476   

980000
-10   -9   -8   -7   -6   -5   -4   -3   -2   -1   0   1   2   3   4   5   6   7   8   9   11   12   13   14   15   16   17   18   
-0.148392   -0.0450936   0.059446   0.165283   0.270711   0.375906   0.478894   0.581836   0.680671   0.780543   0.88158   0.981574   1.07633   1.16531   1.24428   1.30843   1.36185   1.42394   1.48946   1.55064   1.66972   1.72441   1.76857   1.76668   1.70176   1.66071   1.55112   1.53538   
0.0135272   0.0124398   0.0114634   0.0107414   0.0101168   0.00959909   0.00899237   0.00911335   0.00922657   0.00945116   0.00972595   0.0100575   0.010601   0.01136   0.0125321   0.0144397   0.0164912   0.0192834   0.0221287   0.0254291   0.032768   0.0369927   0.0421886   0.0515649   0.0676212   0.0828749   0.108015   0.122465   
-0.200349   -0.199694   -0.199023   -0.198335   -0.197504   -0.196544   -0.195393   -0.193774   -0.191402   -0.1894   -0.187921   -0.186425   -0.18409   -0.180971   -0.1765   -0.170153   -0.162078   -0.156398   -0.151816   -0.147219   -0.139277   -0.13553   -0.13131   -0.123978   -0.113959   -0.108431   -0.104568   -0.105478   

985000
-10   -9   -8   -7   -6   -5   -4   -3   -2   -1   0   1   2   3   4   5   6   7   8   9   10   11   12   13   14   15   16   17   18   
-0.14846   -0.0451339   0.0593813   0.165264   0.270675   0.375867   0.478815   0.581769   0.680587   0.780488   0.881538   0.981682   1.07628   1.1653   1.24419   1.30826   1.36211   1.42441   1.49004   1.55146   1.60927   1.67007   1.72496   1.7688   1.76497   1.70187   1.65998   1.55114   1.5357   
0.0135081   0.0124221   0.0114431   0.0107314   0.0101   0.00958694   0.00898271   0.00909761   0.00921311   0.00943646   0.00971468   0.0100439   0.0105942   0.0113538   0.0125308   0.0144535   0.0164769   0.0192569   0.0220936   0.0253765   0.0290835   0.0327458   0.036954   0.0421755   0.05172   0.0676121   0.0829627   0.108021   0.122429   
-0.20034   -0.199687   -0.199014   -0.198327   -0.197496   -0.196533   -0.195373   -0.193758   -0.191381   -0.189388   -0.187912   -0.186445   -0.184079   -0.180968   -0.176484   -0.170109   -0.162124   -0.15647   -0.151899   -0.147329   -0.142888   -0.139326   -0.135596   -0.131344   -0.123854   -0.113973   -0.108412   -0.104577   -0.105482   

990000
-10   -9   -8   -6   -5   -4   -3   -2   -1   0   1   2   3   4   5   6   7   8   9   11   12   13   14   15   16   17   18   
-0.148515   -0.0451622   0.0593181   0.270643   0.375828   0.478736   0.581699   0.680503   0.780433   0.881493   0.981787   1.07623   1.16555   1.24442   1.30833   1.36236   1.42486   1.49061   1.55227   1.67041   1.72549   1.76901   1.76327   1.70195   1.65929   1.55119   1.53602   
0.0134906   0.0124057   0.0114233   0.0100836   0.00957508   0.00897346   0.00908212   0.00919999   0.00942214   0.00970373   0.0100305   0.0105876   0.0113395   0.0125179   0.0144557   0.0164632   0.0192311   0.0220592   0.0253248   0.0327241   0.0369157   0.0421618   0.0518729   0.0676059   0.0830428   0.108014   0.122391   
-0.200333   -0.199681   -0.199005   -0.197488   -0.196522   -0.195353   -0.193742   -0.19136   -0.189377   -0.187903   -0.186464   -0.184067   -0.181012   -0.176524   -0.170106   -0.162166   -0.156541   -0.151982   -0.147437   -0.139372   -0.13566   -0.131375   -0.123731   -0.113985   -0.108395   -0.104583   -0.105486   

995000
-10   -9   -8   -7   -6   -5   -4   -3   -2   -1   0   1   2   3   4   5   6   7   8   9   10   11   12   13   14   15   16   17   18   
-0.148556   -0.0451777   0.0592568   0.165212   0.270614   0.375789   0.47866   0.581626   0.680419   0.780375   0.881445   0.981889   1.07618   1.16579   1.24463   1.3084   1.36259   1.42531   1.49116   1.55307   1.61014   1.67072   1.726   1.76921   1.76159   1.70199   1.65859   1.55126   1.53633   
0.0134749   0.0123908   0.0114038   0.0107102   0.0100674   0.00956355   0.00896469   0.00906685   0.00918725   0.00940813   0.0096931   0.0100175   0.0105812   0.0113256   0.0125058   0.0144566   0.0164501   0.0192059   0.0220254   0.0252744   0.029024   0.0327024   0.0368791   0.0421501   0.0520238   0.0676038   0.083125   0.10801   0.122356   
-0.200326   -0.199677   -0.198996   -0.19831   -0.197481   -0.196511   -0.195333   -0.193725   -0.191339   -0.189364   -0.187893   -0.186482   -0.184055   -0.181055   -0.176561   -0.170106   -0.162206   -0.15661   -0.152062   -0.147544   -0.143005   -0.139416   -0.135723   -0.131406   -0.123609   -0.113995   -0.108377   -0.104591   -0.105491   

1000000
-10   -9   -8   -7   -6   -5   -4   -3   -2   -1   0   1   2   3   4   5   6   7   8   9   10   11   12   13   14   15   16   17   18   
-0.148582   -0.0451794   0.0591977   0.16513   0.270588   0.375749   0.478585   0.58155   0.680333   0.780315   0.881397   0.981986   1.07612   1.16602   1.24482   1.30851   1.36281   1.42574   1.49171   1.55385   1.61105   1.67103   1.72651   1.7694   1.7599   1.702   1.65784   1.55135   1.53662   
0.0134612   0.0123776   0.0113848   0.0106914   0.0100516   0.00955233   0.00895633   0.0090518   0.00917488   0.00939444   0.00968277   0.0100047   0.0105751   0.0113121   0.0124943   0.0144533   0.0164378   0.0191812   0.0219923   0.0252246   0.0289641   0.0326835   0.0368436   0.0421386   0.0521746   0.0676049   0.0832131   0.108004   0.12232   
-0.20032   -0.199674   -0.198987   -0.198299   -0.197474   -0.196499   -0.195314   -0.193707   -0.191318   -0.189351   -0.187883   -0.186499   -0.184043   -0.181095   -0.176595   -0.170117   -0.162245   -0.156677   -0.152142   -0.147648   -0.14312   -0.13946   -0.135785   -0.131435   -0.123486   -0.114004   -0.108357   -0.104599   -0.105495   

1005000
-10   -9   -8   -7   -6   -5   -4   -3   -2   -1   0   1   2   3   4   5   6   7   8   9   10   11   12   13   14   15   16   17   18   
-0.148592   -0.0451654   0.0591412   0.16505   0.270565   0.375703   0.478514   0.581472   0.680247   0.780253   0.881348   0.98208   1.07623   1.16623   1.245   1.30858   1.36301   1.42617   1.49225   1.55461   1.61193   1.67132   1.727   1.76959   1.75822   1.70198   1.65701   1.55144   1.53688   
0.0134495   0.0123662   0.0113664   0.0106732   0.010036   0.00954022   0.00894838   0.00903697   0.00916286   0.00938105   0.00967274   0.00999218   0.010564   0.0112991   0.0124835   0.0144523   0.0164262   0.019157   0.0219598   0.0251756   0.0289053   0.0326647   0.0368093   0.042127   0.0523246   0.0676116   0.0833113   0.107999   0.122288   
-0.200315   -0.199672   -0.198979   -0.198287   -0.197468   -0.196487   -0.195295   -0.193689   -0.191297   -0.189338   -0.187873   -0.186515   -0.184063   -0.181134   -0.176626   -0.17012   -0.162281   -0.156744   -0.15222   -0.14775   -0.143231   -0.139502   -0.135845   -0.131464   -0.123364   -0.11401   -0.108335   -0.104607   -0.105498   

1010000
-10   -9   -8   -7   -6   -5   -3   -2   -1   1   2   3   4   5   6   7   8   9   10   11   12   13   14   15   16   17   18   
-0.148582   -0.0451339   0.0590886   0.164971   0.270544   0.37565   0.581391   0.680159   0.780189   0.98217   1.07645   1.16644   1.24516   1.30865   1.3632   1.42658   1.49278   1.55535   1.61279   1.6716   1.72747   1.76978   1.75658   1.7019   1.65626   1.55153   1.53712   
0.0134403   0.0123569   0.0113488   0.0106554   0.0100208   0.00952716   0.00902237   0.00915119   0.00936795   0.00997991   0.0105497   0.0112866   0.0124734   0.0144506   0.0164152   0.0191334   0.0219279   0.0251277   0.0288481   0.0326469   0.0367753   0.0421155   0.0524724   0.0676195   0.083398   0.107993   0.122263   
-0.200312   -0.199672   -0.19897   -0.198276   -0.197463   -0.196475   -0.19367   -0.191275   -0.189325   -0.186531   -0.184102   -0.18117   -0.176654   -0.170125   -0.162315   -0.156808   -0.152297   -0.14785   -0.143341   -0.139541   -0.135902   -0.131493   -0.123245   -0.114013   -0.108315   -0.104615   -0.105504   

1015000
-10   -9   -8   -7   -6   -5   -3   -2   -1   1   2   3   4   5   6   7   8   9   10   11   12   13   14   15   16   17   18   
-0.148552   -0.045084   0.0590391   0.164893   0.270525   0.375597   0.581307   0.680071   0.780123   0.982256   1.07666   1.16663   1.24531   1.3087   1.36338   1.42698   1.4933   1.55608   1.61363   1.67186   1.72792   1.7702   1.75496   1.70181   1.65542   1.55162   1.53732   
0.0134336   0.0123499   0.0113317   0.0106381   0.0100059   0.00951443   0.00900799   0.0091399   0.00935515   0.0099679   0.0105358   0.0112744   0.0124639   0.0144502   0.016405   0.0191105   0.0218966   0.0250815   0.0287922   0.03263   0.0367432   0.0420832   0.0526174   0.06763   0.0834975   0.107986   0.122238   
-0.200311   -0.199674   -0.198962   -0.198264   -0.197457   -0.196463   -0.19365   -0.191254   -0.189311   -0.186546   -0.18414   -0.181205   -0.17668   -0.170124   -0.162347   -0.156871   -0.152373   -0.147949   -0.143447   -0.139579   -0.135959   -0.131543   -0.123126   -0.114016   -0.108292   -0.104623   -0.105508   

1020000
-10   -9   -8   -7   -6   -5   -3   -2   -1   0   1   2   3   4   5   6   7   8   9   10   11   12   13   14   15   16   
-0.148498   -0.0450196   0.0589917   0.164816   0.270508   0.375543   0.581221   0.679981   0.780055   0.881343   0.982338   1.07687   1.16682   1.24544   1.30876   1.36355   1.42738   1.49381   1.5568   1.61446   1.67211   1.72837   1.77116   1.75335   1.70171   1.65448   
0.0134299   0.0123447   0.0113152   0.0106213   0.00999139   0.00950201   0.00899383   0.00912897   0.00934266   0.00963925   0.00995614   0.0105221   0.0112627   0.0124551   0.0144488   0.0163954   0.0190885   0.0218662   0.0250362   0.0287378   0.0326141   0.0367137   0.0420076   0.05276   0.0676417   0.0836065   
-0.200312   -0.199677   -0.198954   -0.198253   -0.197452   -0.196451   -0.193631   -0.191231   -0.189296   -0.187871   -0.18656   -0.184178   -0.181238   -0.176704   -0.170127   -0.162377   -0.156933   -0.152447   -0.148045   -0.143552   -0.139616   -0.136014   -0.13164   -0.123009   -0.114017   -0.108265   

1025000
-9   -8   -7   -6   -5   -4   -3   -2   -1   0   1   2   4   5   6   7   8   9   10   11   12   13   14   15   16   17   
-0.0451594   0.0589473   0.164742   0.270493   0.375489   0.478359   0.581132   0.679891   0.779985   0.88149   0.982416   1.07706   1.24556   1.3088   1.3637   1.42776   1.4943   1.55748   1.61527   1.67235   1.72879   1.77209   1.75179   1.70161   1.65357   1.55197   
0.0123152   0.0112993   0.0106049   0.00997725   0.00948988   0.00891339   0.00897991   0.00911843   0.00933048   0.00962324   0.00994463   0.0105088   0.0124467   0.0144469   0.0163865   0.0190668   0.0218365   0.0249921   0.0286844   0.0325987   0.0366836   0.0419342   0.0528996   0.0676524   0.0837139   0.107953   
-0.199666   -0.198947   -0.198242   -0.197447   -0.196438   -0.195245   -0.19361   -0.191209   -0.189282   -0.187899   -0.186574   -0.184214   -0.176724   -0.17013   -0.162405   -0.156993   -0.152519   -0.148138   -0.143656   -0.139651   -0.136067   -0.131734   -0.122895   -0.114019   -0.108239   -0.10464   

1030000
-10   -9   -8   -7   -6   -5   -4   -3   -2   -1   0   1   2   3   4   5   6   7   8   9   10   11   12   13   14   15   17   18   
-0.148571   -0.0452942   0.0589054   0.164668   0.270477   0.375433   0.478369   0.58104   0.6798   0.779915   0.881636   0.982491   1.07726   1.16717   1.24568   1.30883   1.36384   1.42813   1.49478   1.55815   1.61607   1.67258   1.7292   1.77298   1.75028   1.70189   1.55225   1.53827   
0.0134038   0.0122864   0.011284   0.0105889   0.00996348   0.00947804   0.00890032   0.00896623   0.00910834   0.0093186   0.00960748   0.00993336   0.0104958   0.0112403   0.0124381   0.0144465   0.0163783   0.0190453   0.0218074   0.0249498   0.0286313   0.032584   0.0366542   0.0418639   0.0530352   0.0676287   0.107923   0.122123   
-0.2003   -0.199655   -0.198939   -0.198231   -0.197443   -0.196425   -0.195244   -0.193589   -0.191187   -0.189267   -0.187927   -0.186587   -0.184249   -0.181299   -0.176745   -0.170128   -0.162432   -0.157051   -0.152589   -0.148228   -0.143759   -0.139684   -0.136118   -0.131827   -0.122784   -0.114042   -0.10465   -0.105519   

1035000
-10   -9   -8   -7   -6   -5   -4   -3   -2   -1   0   1   2   4   5   6   7   8   9   10   11   12   13   14   15   16   17   18   
-0.148773   -0.0454243   0.0588672   0.164597   0.270462   0.375376   0.478383   0.580947   0.67971   0.779844   0.88178   0.982561   1.07744   1.24578   1.30885   1.36396   1.42849   1.49526   1.55879   1.61687   1.67279   1.7296   1.77384   1.74879   1.70228   1.65142   1.55253   1.53891   
0.0133731   0.0122581   0.0112695   0.0105732   0.00995011   0.00946653   0.00888759   0.0089528   0.00909866   0.00930702   0.00959197   0.00992234   0.0104831   0.0124297   0.0144463   0.0163706   0.0190246   0.0217789   0.0249093   0.028579   0.0325695   0.0366263   0.0417964   0.0531666   0.067591   0.0839641   0.107889   0.122043   
-0.200283   -0.199644   -0.198932   -0.19822   -0.197437   -0.196412   -0.195242   -0.193567   -0.191165   -0.189252   -0.187955   -0.186599   -0.184282   -0.176765   -0.170125   -0.162456   -0.157108   -0.152659   -0.148315   -0.14386   -0.139715   -0.136168   -0.131915   -0.122675   -0.114071   -0.108175   -0.104658   -0.10552   

1040000
-10   -9   -8   -7   -6   -5   -4   -3   -2   -1   0   1   2   3   4   5   6   7   8   9   10   11   12   13   14   15   16   17   18   
-0.148971   -0.0455503   0.0588319   0.164529   0.270446   0.375319   0.478399   0.580851   0.679618   0.779773   0.881922   0.982628   1.07762   1.16748   1.24587   1.30886   1.36407   1.42884   1.49572   1.55941   1.61765   1.673   1.72999   1.77467   1.74734   1.70262   1.65024   1.55282   1.53952   
0.0133431   0.0122304   0.0112556   0.0105579   0.00993719   0.00945532   0.00887518   0.00893964   0.00908937   0.00929572   0.0095767   0.00991157   0.0104707   0.0112193   0.0124219   0.0144457   0.0163637   0.0190044   0.021751   0.02487   0.0285273   0.0325564   0.0365997   0.0417331   0.0532952   0.0675582   0.0841017   0.10786   0.121961   
-0.200266   -0.199634   -0.198924   -0.19821   -0.197432   -0.196398   -0.195242   -0.193545   -0.191142   -0.189237   -0.187982   -0.18661   -0.184315   -0.181354   -0.176782   -0.170123   -0.162478   -0.157164   -0.152727   -0.148401   -0.14396   -0.139747   -0.136218   -0.132002   -0.122568   -0.114098   -0.10814   -0.104668   -0.105521   

1045000
-10   -9   -8   -7   -6   -5   -4   -3   -2   -1   0   1   2   4   5   6   7   8   9   11   12   13   14   15   16   17   18   
-0.149164   -0.0456723   0.0587993   0.164464   0.270429   0.37526   0.478419   0.580752   0.679524   0.779703   0.882062   0.98269   1.0778   1.24594   1.30886   1.36416   1.42919   1.49617   1.56002   1.6732   1.73036   1.77545   1.74592   1.70291   1.649   1.5531   1.54011   
0.0133138   0.0122033   0.0112423   0.010543   0.00992466   0.00944437   0.00886313   0.00892674   0.0090805   0.0092847   0.00956169   0.00990104   0.0104585   0.0124148   0.0144459   0.0163578   0.0189846   0.0217236   0.0248314   0.0325439   0.0365729   0.041671   0.0534206   0.0675301   0.0842471   0.10783   0.121887   
-0.20025   -0.199625   -0.198917   -0.1982   -0.197427   -0.196385   -0.195241   -0.193523   -0.191119   -0.189223   -0.188009   -0.18662   -0.184346   -0.176796   -0.170118   -0.162496   -0.157219   -0.152794   -0.148484   -0.139777   -0.136265   -0.132084   -0.122464   -0.114121   -0.108104   -0.104677   -0.105523   

1050000
-10   -9   -8   -6   -5   -4   -3   -2   -1   0   1   2   3   4   5   6   7   8   9   10   11   12   13   14   15   16   17   18   
-0.149353   -0.0457911   0.0587702   0.270412   0.3752   0.478441   0.580652   0.679429   0.779633   0.882199   0.982748   1.07796   1.16777   1.246   1.30884   1.36424   1.42953   1.49662   1.56062   1.61918   1.67339   1.73073   1.77621   1.74453   1.70314   1.64777   1.55337   1.54068   
0.013285   0.0121768   0.0112298   0.00991248   0.0094337   0.00885145   0.00891407   0.00907203   0.00927395   0.00954694   0.00989077   0.0104466   0.0111986   0.0124083   0.0144471   0.0163525   0.0189653   0.0216968   0.0247937   0.0284256   0.0325304   0.036548   0.0416131   0.0535441   0.0675086   0.0843918   0.1078   0.121814   
-0.200234   -0.199615   -0.198911   -0.197421   -0.196371   -0.195241   -0.1935   -0.191095   -0.189208   -0.188035   -0.18663   -0.184377   -0.181405   -0.176808   -0.170109   -0.162512   -0.157273   -0.152859   -0.148566   -0.144156   -0.139805   -0.136312   -0.132164   -0.122363   -0.114142   -0.108068   -0.104686   -0.105525   

1055000
-10   -9   -8   -6   -5   -4   -3   -2   -1   0   1   2   3   4   5   6   7   8   9   10   11   12   13   14   15   16   17   18   
-0.149537   -0.045907   0.0587446   0.270396   0.375138   0.478464   0.580548   0.679332   0.779563   0.882333   0.982802   1.07813   1.1679   1.24605   1.3088   1.36431   1.42986   1.49705   1.5612   1.61993   1.67364   1.73108   1.77692   1.74318   1.70333   1.64655   1.55364   1.54124   
0.0132568   0.0121508   0.011218   0.00990064   0.00942328   0.00884008   0.00890162   0.00906397   0.00926346   0.00953244   0.00988073   0.0104351   0.0111883   0.0124025   0.0144484   0.0163478   0.0189465   0.0216706   0.0247573   0.0283758   0.0325137   0.0365226   0.0415568   0.0536652   0.0674912   0.0845364   0.107765   0.121749   
-0.200218   -0.199606   -0.198904   -0.197415   -0.196356   -0.195242   -0.193476   -0.191071   -0.189194   -0.18806   -0.186639   -0.184406   -0.18143   -0.176816   -0.1701   -0.162527   -0.157325   -0.152923   -0.148646   -0.144252   -0.139839   -0.136357   -0.132239   -0.122264   -0.11416   -0.108034   -0.104694   -0.105528   

1060000
-10   -9   -8   -6   -5   -4   -3   -2   -1   0   1   2   3   4   5   6   7   8   9   10   11   12   13   14   15   16   17   18   
-0.149717   -0.0460208   0.058723   0.270381   0.375075   0.478489   0.580442   0.679234   0.779494   0.882463   0.982852   1.07828   1.16803   1.24608   1.30876   1.36436   1.43018   1.49748   1.56177   1.62067   1.67457   1.73143   1.77761   1.74185   1.70348   1.64534   1.55391   1.54178   
0.0132292   0.0121253   0.0112071   0.00988917   0.00941312   0.00882903   0.0088894   0.00905633   0.00925323   0.00951821   0.00987094   0.0104238   0.0111784   0.0123973   0.0144498   0.0163435   0.0189281   0.0216449   0.0247215   0.0283267   0.0324478   0.0364988   0.0415043   0.053782   0.0674771   0.0846798   0.107733   0.121676   
-0.200203   -0.199597   -0.198897   -0.19741   -0.196342   -0.195242   -0.193452   -0.191047   -0.189179   -0.188085   -0.186647   -0.184434   -0.181452   -0.176822   -0.170089   -0.162541   -0.157376   -0.152986   -0.148724   -0.144347   -0.13995   -0.136402   -0.132313   -0.122166   -0.114175   -0.108   -0.104703   -0.10553   

1065000
-10   -9   -8   -7   -6   -5   -4   -3   -2   -1   0   1   3   4   5   6   7   8   9   10   11   12   13   14   15   16   17   18   
-0.149891   -0.046132   0.0587063   0.164264   0.270366   0.375011   0.478515   0.580334   0.679134   0.779428   0.882589   0.982898   1.16814   1.24609   1.3087   1.36442   1.43049   1.4979   1.56231   1.62141   1.6755   1.73177   1.77826   1.74054   1.70359   1.64414   1.5542   1.54232   
0.0132022   0.0121003   0.0111972   0.0104813   0.00987805   0.00940323   0.0088183   0.00887741   0.0090491   0.00924323   0.00950427   0.00986139   0.0111689   0.012393   0.0144523   0.0163396   0.0189102   0.0216199   0.0246867   0.0282783   0.0323838   0.0364754   0.0414543   0.053899   0.0674676   0.0848237   0.107706   0.121608   
-0.200188   -0.199587   -0.198891   -0.198172   -0.197404   -0.196327   -0.195243   -0.193427   -0.191022   -0.189166   -0.188109   -0.186654   -0.181474   -0.176825   -0.170075   -0.162554   -0.157426   -0.153048   -0.1488   -0.144441   -0.14006   -0.136445   -0.132383   -0.12207   -0.114188   -0.107967   -0.104713   -0.105532   

1070000
-10   -9   -8   -7   -6   -5   -4   -3   -2   0   1   3   4   5   6   7   8   9   10   11   12   13   14   15   16   17   18   
-0.15006   -0.0462406   0.0586946   0.164236   0.270351   0.374945   0.478542   0.580224   0.679032   0.882708   0.98294   1.16825   1.24607   1.30861   1.36447   1.4308   1.4983   1.56285   1.62213   1.67641   1.73209   1.77887   1.73923   1.70366   1.64294   1.55448   1.54286   
0.0131756   0.0120758   0.0111882   0.0104633   0.00986729   0.00939359   0.00880789   0.0088657   0.00904228   0.00949067   0.00985211   0.0111597   0.0123895   0.014456   0.0163357   0.0188926   0.0215955   0.0246534   0.0282302   0.0323191   0.0364525   0.0414073   0.0540149   0.0674621   0.0849656   0.107672   0.121545   
-0.200174   -0.199578   -0.198886   -0.198169   -0.197399   -0.196312   -0.195244   -0.193402   -0.190997   -0.188132   -0.186661   -0.181493   -0.176824   -0.170056   -0.162566   -0.157475   -0.153108   -0.148875   -0.144534   -0.140168   -0.136487   -0.13245   -0.121975   -0.114199   -0.107934   -0.104721   -0.105536   

1075000
-9   -8   -7   -6   -5   -4   -3   -2   0   1   3   4   6   7   8   9   10   11   12   13   14   15   16   17   18   
-0.0463467   0.0586883   0.16421   0.270337   0.374877   0.478569   0.580113   0.678929   0.882824   0.982977   1.16835   1.24605   1.36452   1.4311   1.4987   1.56338   1.62284   1.67732   1.73241   1.77945   1.73797   1.70369   1.64176   1.55475   1.54338   
0.0120517   0.0111802   0.0104455   0.00985686   0.00938421   0.0087979   0.00885426   0.00903591   0.00947732   0.00984311   0.0111509   0.0123867   0.0163321   0.0188755   0.0215717   0.02462   0.028183   0.0322566   0.0364307   0.0413637   0.0541267   0.0674616   0.0851064   0.107636   0.121473   
-0.19957   -0.19888   -0.198167   -0.197393   -0.196296   -0.195244   -0.193377   -0.190972   -0.188154   -0.186666   -0.181511   -0.17682   -0.162578   -0.157523   -0.153167   -0.148948   -0.144626   -0.140277   -0.136528   -0.132513   -0.121883   -0.114207   -0.107901   -0.104729   -0.105538   

1080000
-10   -9   -8   -7   -6   -5   -4   -3   -2   -1   0   1   3   4   5   6   7   8   9   10   11   12   13   14   15   16   17   18   
-0.150381   -0.0464508   0.0586887   0.164187   0.270306   0.374809   0.478596   0.579999   0.678825   0.779287   0.882936   0.983011   1.16844   1.246   1.30839   1.36457   1.43139   1.49909   1.5639   1.62355   1.67821   1.73272   1.78   1.7367   1.70366   1.64059   1.55503   1.54389   
0.013123   0.0120279   0.0111735   0.010428   0.00984366   0.0093751   0.00878836   0.0088431   0.00902994   0.0092132   0.00946417   0.00983436   0.0111425   0.0123846   0.0144646   0.0163285   0.0188588   0.0215484   0.024588   0.0281366   0.0321941   0.0364092   0.0413222   0.0542406   0.0674659   0.0852469   0.10761   0.12141   
-0.200149   -0.199561   -0.198876   -0.198165   -0.197387   -0.19628   -0.195245   -0.193351   -0.190946   -0.189137   -0.188175   -0.186671   -0.181528   -0.176813   -0.170013   -0.16259   -0.15757   -0.153225   -0.14902   -0.144716   -0.140383   -0.136568   -0.132574   -0.12179   -0.114213   -0.107869   -0.104739   -0.105541   

1085000
-10   -9   -8   -7   -6   -5   -3   -2   -1   0   1   2   3   4   5   7   8   9   10   11   12   13   14   15   16   17   18   
-0.150533   -0.0465529   0.0586964   0.164166   0.270266   0.37474   0.579883   0.678721   0.779404   0.883047   0.98304   1.07899   1.16852   1.24594   1.30826   1.43167   1.49946   1.5644   1.62424   1.6791   1.73302   1.78051   1.73542   1.7036   1.63942   1.55528   1.5444   
0.0130942   0.0120046   0.0111681   0.0104107   0.00982906   0.00936623   0.00883219   0.00902173   0.00919811   0.00945121   0.00982585   0.0103701   0.0111344   0.0123833   0.0144693   0.0188425   0.0215254   0.0245562   0.0280906   0.0321327   0.0363884   0.0412826   0.0543553   0.0674736   0.0853877   0.10758   0.121348   
-0.200138   -0.199552   -0.198871   -0.198163   -0.19738   -0.196264   -0.193324   -0.190922   -0.18916   -0.188196   -0.186675   -0.184562   -0.181542   -0.176803   -0.16999   -0.157616   -0.153281   -0.149091   -0.144805   -0.140488   -0.136607   -0.132632   -0.121697   -0.114216   -0.107838   -0.104747   -0.105544   

1090000
-10   -9   -8   -7   -6   -5   -4   -3   -2   -1   0   1   2   3   4   5   7   8   9   10   11   12   13   14   15   16   17   18   
-0.150681   -0.0466531   0.0585974   0.164147   0.270226   0.37467   0.478642   0.579765   0.678617   0.779521   0.883154   0.983065   1.07913   1.16859   1.24586   1.30812   1.43195   1.49983   1.56491   1.62492   1.67996   1.73331   1.781   1.73418   1.70351   1.63826   1.55553   1.54491   
0.0130658   0.0119815   0.0111486   0.0103936   0.00981474   0.00935764   0.00876962   0.00882151   0.00900959   0.00918323   0.00943844   0.0098176   0.0103583   0.0111267   0.0123827   0.0144746   0.0188268   0.0215032   0.0245255   0.0280454   0.032071   0.0363687   0.0412458   0.0544665   0.0674822   0.0855268   0.107557   0.121284   
-0.200127   -0.199543   -0.19886   -0.198162   -0.197373   -0.196249   -0.195244   -0.193297   -0.190901   -0.189182   -0.188216   -0.186678   -0.184589   -0.181555   -0.176789   -0.169965   -0.157661   -0.153337   -0.149162   -0.144892   -0.140591   -0.136646   -0.132688   -0.121607   -0.114218   -0.107807   -0.104757   -0.105547   

1095000
-10   -9   -8   -7   -6   -5   -4   -3   -2   -1   0   1   2   3   4   5   6   7   8   9   10   11   12   13   14   15   16   17   18   
-0.150824   -0.0467517   0.058497   0.16413   0.270186   0.374601   0.478659   0.579645   0.678513   0.779637   0.883261   0.983086   1.07927   1.16865   1.24577   1.30797   1.36522   1.43222   1.5002   1.56539   1.62559   1.68083   1.7336   1.78147   1.73298   1.70342   1.63712   1.55578   1.5454   
0.0130378   0.0119589   0.0111291   0.0103768   0.0098007   0.00934936   0.00876007   0.00881109   0.00899776   0.00916855   0.00942585   0.00980959   0.0103467   0.0111195   0.0123828   0.0144805   0.0162922   0.0188112   0.0214814   0.0244945   0.0280012   0.0320107   0.0363488   0.0412112   0.0545738   0.0674957   0.0856649   0.107532   0.121224   
-0.200117   -0.199535   -0.198848   -0.198161   -0.197366   -0.196233   -0.195243   -0.19327   -0.19088   -0.189205   -0.188236   -0.186681   -0.184615   -0.181565   -0.176773   -0.169938   -0.162704   -0.157704   -0.153391   -0.14923   -0.144978   -0.140694   -0.136683   -0.13274   -0.121521   -0.114219   -0.107776   -0.104766   -0.10555   

1100000
-10   -9   -8   -7   -6   -5   -4   -3   -2   -1   0   1   2   3   4   5   6   7   8   9   10   11   12   13   14   16   17   18   
-0.150964   -0.0468488   0.0583978   0.164115   0.270145   0.374533   0.478673   0.579521   0.67841   0.779753   0.883364   0.983102   1.0794   1.1687   1.24566   1.30782   1.36559   1.43247   1.50055   1.56587   1.62624   1.68168   1.73388   1.7819   1.73196   1.63598   1.55601   1.54588   
0.0130102   0.0119366   0.01111   0.0103601   0.00978693   0.00934133   0.00875086   0.00880089   0.00898622   0.00915407   0.00941344   0.00980183   0.0103353   0.0111127   0.0123834   0.0144866   0.0162729   0.0187966   0.0214598   0.0244643   0.027958   0.0319505   0.0363286   0.0411791   0.0546663   0.0858025   0.107501   0.121163   
-0.200107   -0.199526   -0.198836   -0.19816   -0.197359   -0.196217   -0.195242   -0.193242   -0.190859   -0.189227   -0.188256   -0.186682   -0.18464   -0.181574   -0.176755   -0.16991   -0.162765   -0.157745   -0.153443   -0.149297   -0.145063   -0.140795   -0.136719   -0.13279   -0.121448   -0.107746   -0.104773   -0.105553   

1105000
-10   -9   -8   -7   -6   -5   -4   -3   -2   -1   0   1   2   3   4   6   7   8   9   10   11   12   13   14   15   16   17   18   
-0.1511   -0.0469445   0.0582997   0.164101   0.270104   0.374467   0.478687   0.579394   0.678307   0.779869   0.883465   0.983115   1.07952   1.16874   1.24554   1.36595   1.43272   1.5009   1.56635   1.62688   1.68252   1.73449   1.7823   1.7312   1.70362   1.63485   1.55626   1.54636   
0.012983   0.0119146   0.0110913   0.0103437   0.00977341   0.00933354   0.00874189   0.00879097   0.00897497   0.00913978   0.00940122   0.0097943   0.0103243   0.0111063   0.0123846   0.0162543   0.0187824   0.0214391   0.0244348   0.0279158   0.0318916   0.0362828   0.0411496   0.0547361   0.0674792   0.0859385   0.107475   0.121105   
-0.200097   -0.199518   -0.198824   -0.19816   -0.197351   -0.196202   -0.195241   -0.193214   -0.190838   -0.18925   -0.188275   -0.186683   -0.184663   -0.181581   -0.176735   -0.162824   -0.157785   -0.153496   -0.149363   -0.145145   -0.140895   -0.13679   -0.132837   -0.121395   -0.114244   -0.107716   -0.104781   -0.105556   

1110000
-10   -9   -8   -7   -6   -5   -4   -3   -2   -1   0   1   2   3   4   5   6   7   8   9   10   11   12   13   14   15   16   17   18   
-0.151232   -0.0470391   0.0582028   0.164088   0.270063   0.374403   0.478699   0.579266   0.678207   0.779983   0.883564   0.983124   1.07964   1.16877   1.24542   1.30774   1.36629   1.43296   1.50123   1.56681   1.6275   1.68335   1.73542   1.78267   1.73041   1.70391   1.63373   1.55651   1.54682   
0.0129562   0.0118928   0.0110731   0.0103275   0.00976013   0.009326   0.00873313   0.00878129   0.00896398   0.00912569   0.00938919   0.00978702   0.0103134   0.0111002   0.0123862   0.0144882   0.0162362   0.0187686   0.0214193   0.0244057   0.0278741   0.0318329   0.0362126   0.0411225   0.0548073   0.0674516   0.086073   0.107447   0.12104   
-0.200088   -0.199509   -0.198812   -0.19816   -0.197344   -0.196187   -0.195239   -0.193185   -0.190818   -0.189272   -0.188294   -0.186683   -0.184686   -0.181587   -0.176713   -0.169893   -0.162881   -0.157824   -0.153546   -0.149428   -0.145226   -0.140994   -0.136892   -0.132881   -0.121341   -0.114267   -0.107686   -0.10479   -0.105558   

1115000
-10   -9   -8   -7   -6   -4   -3   -2   -1   0   1   2   3   4   5   6   7   8   9   10   11   12   13   14   15   16   18   
-0.151362   -0.0471327   0.0581069   0.164076   0.270021   0.478711   0.579135   0.67811   0.780097   0.883659   0.983129   1.07975   1.16879   1.24529   1.30792   1.36662   1.43319   1.50155   1.56727   1.62812   1.68417   1.73634   1.783   1.72954   1.70415   1.63261   1.34521   
0.0129297   0.0118714   0.0110552   0.0103115   0.00974709   0.00872459   0.00877186   0.00895325   0.0091118   0.00937734   0.00977999   0.0103029   0.0110947   0.012388   0.0144792   0.0162187   0.0187551   0.0213999   0.0243777   0.0278333   0.0317749   0.0361446   0.0410974   0.054887   0.0674287   0.0862069   0.133538   
-0.200079   -0.199501   -0.1988   -0.198159   -0.197336   -0.195237   -0.193155   -0.190798   -0.189294   -0.188312   -0.186683   -0.184707   -0.18159   -0.17669   -0.169921   -0.162936   -0.157863   -0.153594   -0.149493   -0.145306   -0.141092   -0.136993   -0.132921   -0.121281   -0.114287   -0.107656   -0.0870404   

1120000
-10   -9   -8   -7   -6   -4   -3   -1   0   1   2   3   4   5   6   7   8   9   10   11   12   13   14   15   16   18   
-0.151488   -0.0472252   0.0580123   0.164065   0.269978   0.478721   0.579002   0.78021   0.883753   0.983129   1.07986   1.1688   1.24537   1.30809   1.36695   1.43341   1.50186   1.56771   1.62872   1.68498   1.73723   1.78331   1.72883   1.70434   1.63151   1.54773   
0.0129035   0.0118503   0.0110377   0.0102956   0.00973428   0.00871626   0.00876269   0.0090981   0.00936567   0.00977325   0.0102925   0.0110895   0.0123819   0.0144708   0.0162017   0.0187419   0.0213807   0.0243496   0.0277925   0.0317177   0.036078   0.0410753   0.0549517   0.0674098   0.0863397   0.120931   
-0.200071   -0.199492   -0.198789   -0.198159   -0.197328   -0.195234   -0.193125   -0.189316   -0.188329   -0.186681   -0.184728   -0.181591   -0.176705   -0.169947   -0.16299   -0.1579   -0.153641   -0.149555   -0.145384   -0.141188   -0.137092   -0.132959   -0.121233   -0.114305   -0.107626   -0.105566   

1125000
-10   -9   -8   -7   -6   -5   -4   -3   -1   0   1   2   3   4   5   6   7   8   9   10   11   12   13   14   15   16   18   
-0.151612   -0.047317   0.0579189   0.164055   0.269934   0.374308   0.478731   0.578866   0.78032   0.883843   0.983126   1.07996   1.1688   1.24554   1.30824   1.36726   1.43363   1.50216   1.56815   1.62933   1.68578   1.7381   1.78358   1.72816   1.7045   1.63042   1.54818   
0.0128776   0.0118294   0.0110206   0.01028   0.00972169   0.00929999   0.00870815   0.00875379   0.00908462   0.00935418   0.00976676   0.0102825   0.0110848   0.0123724   0.014463   0.0161853   0.0187291   0.0213622   0.024322   0.0277532   0.0316612   0.0360132   0.0410557   0.055013   0.0673954   0.0864711   0.120877   
-0.200062   -0.199484   -0.198777   -0.198159   -0.19732   -0.196163   -0.195232   -0.193095   -0.189337   -0.188346   -0.186679   -0.184747   -0.18159   -0.176736   -0.169971   -0.163042   -0.157936   -0.153688   -0.149617   -0.145463   -0.141283   -0.137189   -0.132993   -0.121188   -0.11432   -0.107596   -0.10557   

1130000
-10   -9   -8   -7   -6   -5   -4   -3   -2   -1   0   1   2   3   4   5   6   7   8   9   10   11   12   13   14   15   16   17   18   
-0.151734   -0.047408   0.057827   0.164045   0.26989   0.374337   0.47874   0.578729   0.678018   0.780428   0.883931   0.98312   1.08006   1.16879   1.24571   1.30838   1.36756   1.43385   1.50246   1.56858   1.62993   1.68656   1.73895   1.78382   1.7275   1.70462   1.62933   1.55777   1.54862   
0.0128521   0.0118088   0.0110038   0.0102646   0.0097093   0.00928808   0.00870038   0.00874513   0.00891732   0.00907136   0.00934288   0.00976051   0.0102726   0.0110805   0.0123634   0.0144557   0.0161694   0.0187165   0.0213443   0.0242954   0.0277142   0.0316056   0.0359504   0.0410387   0.0550741   0.0673847   0.0866027   0.107303   0.120824   
-0.200054   -0.199475   -0.198765   -0.198159   -0.197311   -0.196167   -0.195229   -0.193064   -0.190779   -0.189358   -0.188363   -0.186676   -0.184766   -0.181588   -0.176764   -0.169992   -0.163093   -0.157972   -0.153733   -0.149678   -0.145541   -0.141376   -0.137284   -0.133025   -0.121144   -0.114333   -0.107567   -0.104826   -0.105573   

1135000
-10   -9   -8   -7   -6   -5   -4   -3   -2   -1   0   1   2   3   4   5   6   7   8   9   10   11   12   13   14   15   16   17   18   
-0.151853   -0.0474984   0.0577369   0.164035   0.269846   0.374368   0.478747   0.578591   0.6781   0.780534   0.884016   0.98311   1.08015   1.16877   1.24586   1.30852   1.36785   1.43406   1.50275   1.569   1.63051   1.68733   1.73978   1.78402   1.72684   1.70472   1.62825   1.55821   1.54904   
0.0128268   0.0117884   0.0109874   0.0102494   0.00969717   0.00927637   0.00869292   0.00873674   0.00890259   0.00905831   0.00933175   0.00975448   0.0102631   0.0110765   0.0123548   0.014449   0.0161538   0.0187042   0.0213268   0.0242688   0.0276754   0.0315514   0.0358893   0.0410245   0.0551328   0.067378   0.0867323   0.10725   0.12077   
-0.200046   -0.199467   -0.198754   -0.198159   -0.197303   -0.196171   -0.195226   -0.193033   -0.190795   -0.189379   -0.188379   -0.186673   -0.184783   -0.181584   -0.176791   -0.170012   -0.163142   -0.158006   -0.153778   -0.149737   -0.145617   -0.141467   -0.137376   -0.133053   -0.121099   -0.114345   -0.107538   -0.104837   -0.105576   

1140000
-10   -9   -8   -7   -6   -5   -4   -3   -2   -1   0   1   2   3   4   5   6   7   8   9   10   11   12   13   14   15   16   17   18   
-0.151971   -0.0475884   0.0576487   0.164025   0.2698   0.3744   0.478754   0.578452   0.678182   0.780636   0.884098   0.983097   1.08023   1.16874   1.246   1.30863   1.36814   1.43426   1.50304   1.56942   1.63109   1.68808   1.74058   1.78418   1.7262   1.70476   1.62718   1.55864   1.54947   
0.0128019   0.0117683   0.0109713   0.0102345   0.00968527   0.00926486   0.00868569   0.00872861   0.00888808   0.00904547   0.00932079   0.00974868   0.0102539   0.0110729   0.0123467   0.0144429   0.0161385   0.0186923   0.0213097   0.024243   0.0276374   0.031498   0.0358303   0.0410139   0.0551946   0.0673749   0.0868602   0.107201   0.12072   
-0.200038   -0.199458   -0.198742   -0.198159   -0.197294   -0.196176   -0.195222   -0.193001   -0.190811   -0.189399   -0.188394   -0.186668   -0.184799   -0.181578   -0.176816   -0.17003   -0.163189   -0.15804   -0.153821   -0.149796   -0.145692   -0.141557   -0.137467   -0.133077   -0.121057   -0.114354   -0.107509   -0.104848   -0.10558   

1145000
-10   -9   -8   -7   -6   -4   -3   -2   -1   0   1   2   3   4   5   6   7   8   9   10   11   12   13   14   15   16   17   18   
-0.152087   -0.0476779   0.0575629   0.164015   0.269753   0.478759   0.578313   0.678264   0.780735   0.884178   0.983081   1.08031   1.1687   1.24614   1.30875   1.36842   1.43447   1.50331   1.56982   1.63166   1.68882   1.74136   1.78431   1.72563   1.70477   1.62612   1.55905   1.54988   
0.0127772   0.0117485   0.0109554   0.0102198   0.00967358   0.00867869   0.00872068   0.00887379   0.00903285   0.00931001   0.0097431   0.0102449   0.0110697   0.0123382   0.0144367   0.0161237   0.0186808   0.021293   0.0242177   0.0275992   0.0314465   0.0357732   0.0410054   0.0552462   0.0673758   0.0869887   0.107148   0.120668   
-0.200031   -0.199449   -0.198731   -0.198159   -0.197285   -0.195218   -0.19297   -0.190828   -0.189418   -0.188409   -0.186664   -0.184814   -0.181571   -0.176841   -0.170047   -0.163236   -0.158074   -0.153863   -0.149854   -0.145766   -0.141646   -0.137555   -0.133097   -0.12102   -0.114361   -0.107481   -0.104857   -0.105584   

1150000
-10   -9   -8   -7   -6   -5   -4   -3   -2   -1   0   1   2   3   4   5   6   7   8   9   10   11   12   13   14   15   16   17   18   
-0.152202   -0.047767   0.0574799   0.164004   0.269706   0.374466   0.478763   0.57817   0.678346   0.78083   0.884255   0.983061   1.08038   1.16866   1.24626   1.30886   1.36869   1.43467   1.50358   1.57022   1.63222   1.68954   1.74212   1.78442   1.72528   1.70473   1.62506   1.55946   1.55028   
0.0127528   0.0117288   0.0109399   0.0102054   0.0096621   0.00924217   0.00867192   0.00871056   0.00885971   0.00902045   0.00929939   0.00973773   0.0102361   0.0110668   0.01233   0.0144306   0.0161095   0.0186693   0.0212767   0.0241923   0.0275622   0.0313957   0.0357178   0.0409992   0.0552805   0.0673798   0.0871157   0.107099   0.120616   
-0.200023   -0.19944   -0.198721   -0.198158   -0.197275   -0.196186   -0.195214   -0.19294   -0.190844   -0.189436   -0.188423   -0.186658   -0.184828   -0.181563   -0.176865   -0.170065   -0.163282   -0.158107   -0.153905   -0.149909   -0.14584   -0.141732   -0.137641   -0.133115   -0.120999   -0.114365   -0.107452   -0.104867   -0.105587   

1155000
-10   -9   -8   -7   -6   -5   -3   -2   -1   0   1   2   3   4   5   6   7   8   9   10   11   12   13   14   15   16   17   18   
-0.152316   -0.047856   0.0574003   0.163993   0.269657   0.374493   0.578028   0.678427   0.780923   0.884329   0.98304   1.08045   1.1686   1.24638   1.30895   1.36895   1.43486   1.50385   1.57061   1.63278   1.69024   1.74286   1.7845   1.72492   1.70466   1.62402   1.55988   1.55068   
0.0127287   0.0117094   0.0109247   0.0101913   0.00965082   0.00922948   0.00870066   0.00884584   0.00900823   0.00928895   0.00973257   0.0102276   0.0110641   0.0123224   0.0144249   0.0160956   0.0186581   0.0212608   0.0241683   0.0275258   0.0313467   0.0356632   0.0409952   0.055312   0.0673888   0.0872417   0.107059   0.120568   
-0.200015   -0.199431   -0.198711   -0.198157   -0.197266   -0.196191   -0.192911   -0.19086   -0.189454   -0.188437   -0.186653   -0.184841   -0.181553   -0.176887   -0.17008   -0.163326   -0.15814   -0.153945   -0.149966   -0.145913   -0.141817   -0.137724   -0.133132   -0.120977   -0.114367   -0.107424   -0.10488   -0.105591   

1160000
-10   -9   -7   -6   -5   -4   -3   -2   -1   0   1   2   3   4   5   6   7   8   9   10   11   12   13   14   15   16   17   18   
-0.152429   -0.0479446   0.163982   0.269607   0.374521   0.478763   0.577889   0.678508   0.781015   0.8844   0.983016   1.08051   1.16855   1.24649   1.30904   1.3692   1.43505   1.5041   1.571   1.63333   1.69092   1.74359   1.78456   1.72458   1.70456   1.62298   1.56027   1.55105   
0.0127049   0.0116902   0.0101776   0.00963977   0.00921701   0.00865851   0.00869098   0.00883218   0.00899615   0.00927868   0.00972762   0.0102194   0.0110616   0.0123152   0.0144199   0.0160819   0.0186472   0.0212454   0.0241448   0.0274896   0.0312985   0.0356106   0.0409915   0.0553454   0.0674005   0.0873663   0.107005   0.120515   
-0.200007   -0.199422   -0.198157   -0.197256   -0.196196   -0.195205   -0.192882   -0.190876   -0.189472   -0.18845   -0.186646   -0.184852   -0.181543   -0.176907   -0.170094   -0.163369   -0.158172   -0.153985   -0.150021   -0.145984   -0.141899   -0.137808   -0.133145   -0.120957   -0.114368   -0.107397   -0.104889   -0.105593   

1165000
-10   -9   -8   -7   -6   -5   -4   -3   -2   -1   0   1   2   3   4   5   6   7   8   9   10   11   12   13   14   15   16   17   18   
-0.152541   -0.048033   0.0572809   0.163971   0.269557   0.374549   0.478756   0.577755   0.678587   0.781105   0.884469   0.982991   1.08056   1.16849   1.24658   1.30911   1.36945   1.43524   1.50435   1.57136   1.63387   1.69159   1.74431   1.78461   1.72424   1.70445   1.62195   1.56067   1.55144   
0.0126814   0.0116713   0.010892   0.0101642   0.00962894   0.00920476   0.0086508   0.00868152   0.00881876   0.00898422   0.00926858   0.00972285   0.0102115   0.0110594   0.0123084   0.0144154   0.0160686   0.0186363   0.0212303   0.0241214   0.0274538   0.031251   0.0355582   0.0409892   0.0553757   0.0674126   0.0874912   0.106961   0.120474   
-0.199999   -0.199413   -0.198699   -0.198156   -0.197246   -0.196201   -0.1952   -0.192854   -0.190891   -0.189489   -0.188463   -0.18664   -0.184863   -0.181532   -0.176925   -0.170105   -0.163412   -0.158203   -0.154023   -0.150073   -0.146055   -0.14198   -0.13789   -0.133158   -0.120936   -0.114367   -0.107369   -0.1049   -0.105598   

1170000
-10   -9   -8   -7   -6   -5   -4   -3   -2   -1   0   2   4   5   6   7   8   9   10   11   12   13   14   15   16   17   18   
-0.152653   -0.0481216   0.0572475   0.163961   0.269505   0.374578   0.478748   0.577626   0.678664   0.781194   0.884534   1.08061   1.24667   1.30917   1.36969   1.43542   1.50459   1.57172   1.6344   1.69225   1.74501   1.78466   1.72391   1.70433   1.62093   1.56106   1.55181   
0.0126582   0.0116526   0.0108737   0.010151   0.0096184   0.00919273   0.00864329   0.00867227   0.00880554   0.00897243   0.00925865   0.0102038   0.0123022   0.0144114   0.0160557   0.0186256   0.0212157   0.0240991   0.0274184   0.0312046   0.0355068   0.0409871   0.0554086   0.0674296   0.087614   0.106914   0.120429   
-0.199991   -0.199404   -0.198698   -0.198155   -0.197235   -0.196207   -0.195195   -0.192828   -0.190906   -0.189506   -0.188475   -0.184872   -0.176941   -0.170115   -0.163453   -0.158234   -0.154061   -0.150125   -0.146124   -0.142059   -0.13797   -0.133171   -0.120917   -0.114367   -0.107342   -0.10491   -0.105602   

1175000
-10   -9   -8   -7   -6   -5   -4   -3   -2   -1   0   2   3   4   5   6   7   8   9   10   11   12   13   14   15   16   17   18   
-0.152764   -0.0482094   0.057216   0.163951   0.269452   0.374605   0.478737   0.577597   0.678739   0.781281   0.884597   1.08065   1.16854   1.24674   1.30922   1.36993   1.4356   1.50483   1.57208   1.63493   1.6929   1.7457   1.78471   1.72356   1.70428   1.61992   1.56145   1.55218   
0.0126352   0.0116341   0.0108557   0.010138   0.00960816   0.00918095   0.00863597   0.00866075   0.00879253   0.00896079   0.0092489   0.0101963   0.0110497   0.0122964   0.014408   0.0160433   0.0186151   0.0212014   0.0240774   0.0273836   0.0311598   0.0354558   0.0409846   0.0554414   0.0674345   0.0877356   0.106875   0.120383   
-0.199983   -0.199394   -0.198698   -0.198154   -0.197225   -0.196212   -0.195189   -0.192821   -0.190921   -0.189523   -0.188487   -0.18488   -0.18154   -0.176954   -0.170122   -0.163493   -0.158264   -0.154098   -0.150176   -0.146193   -0.142138   -0.138049   -0.133184   -0.120896   -0.11437   -0.107314   -0.10492   -0.105605   

1180000
-10   -9   -8   -7   -6   -5   -4   -3   -2   -1   0   1   2   3   4   5   6   7   8   9   10   11   12   13   14   15   16   17   18   
-0.152874   -0.0482976   0.0571862   0.16394   0.269399   0.374632   0.478725   0.577649   0.678812   0.781367   0.884657   0.98312   1.08069   1.16875   1.2468   1.30926   1.37015   1.43578   1.50506   1.57242   1.63544   1.69353   1.74639   1.78478   1.7232   1.70456   1.61892   1.5618   1.55254   
0.0126124   0.0116158   0.0108379   0.0101253   0.00959813   0.00916937   0.00862885   0.00864735   0.00877972   0.00894929   0.00923932   0.0097032   0.0101892   0.0110388   0.0122913   0.0144053   0.0160311   0.0186047   0.0211875   0.024056   0.0273494   0.0311146   0.0354064   0.0409811   0.0554746   0.0674074   0.087857   0.106826   0.12034   
-0.199975   -0.199385   -0.198697   -0.198152   -0.197214   -0.196217   -0.195183   -0.192831   -0.190936   -0.18954   -0.188498   -0.18666   -0.184887   -0.181578   -0.176966   -0.170127   -0.163532   -0.158295   -0.154134   -0.150225   -0.146261   -0.142215   -0.138128   -0.133197   -0.120875   -0.114392   -0.107288   -0.104929   -0.105609   

1185000
-10   -9   -8   -7   -6   -5   -4   -3   -2   -1   0   1   2   3   4   5   6   7   8   9   10   11   12   13   14   15   16   17   18   
-0.152983   -0.048386   0.0571581   0.16393   0.269344   0.374657   0.47871   0.577703   0.678881   0.781451   0.884713   0.9833   1.08072   1.16896   1.24684   1.30928   1.37037   1.43596   1.50529   1.57275   1.63595   1.69416   1.74705   1.78486   1.72284   1.70478   1.61793   1.56216   1.5529   
0.0125899   0.0115977   0.0108203   0.0101127   0.00958832   0.00915799   0.00862193   0.00863415   0.00876715   0.00893792   0.00922993   0.00969272   0.0101823   0.0110282   0.0122867   0.0144036   0.0160193   0.018594   0.0211741   0.0240347   0.0273157   0.0310712   0.0353578   0.0409761   0.055509   0.0673871   0.087977   0.106787   0.120296   
-0.199967   -0.199375   -0.198697   -0.198151   -0.197203   -0.196221   -0.195176   -0.192841   -0.190949   -0.189556   -0.188508   -0.186693   -0.184893   -0.181615   -0.176975   -0.170128   -0.163569   -0.158324   -0.154169   -0.150273   -0.146328   -0.142291   -0.138204   -0.133213   -0.120853   -0.11441   -0.107262   -0.104939   -0.105613   

1190000
-10   -9   -8   -7   -6   -5   -4   -3   -2   -1   0   1   2   3   4   5   6   7   8   9   10   11   12   13   14   15   16   17   18   
-0.153092   -0.0484746   0.0571314   0.16392   0.269288   0.374681   0.478694   0.577756   0.678948   0.781534   0.884767   0.983477   1.08074   1.16915   1.24688   1.30927   1.37059   1.43614   1.5055   1.57308   1.63646   1.69477   1.74771   1.78535   1.72248   1.70495   1.61694   1.56252   1.55325   
0.0125675   0.0115799   0.0108029   0.0101004   0.00957868   0.00914685   0.00861526   0.00862113   0.00875478   0.0089267   0.00922078   0.00968246   0.0101756   0.0110178   0.0122827   0.0144025   0.0160078   0.0185836   0.0211609   0.0240146   0.0272824   0.0310286   0.03531   0.0409395   0.0555432   0.0673703   0.0880967   0.106747   0.120257   
-0.199959   -0.199366   -0.198697   -0.19815   -0.197191   -0.196226   -0.195169   -0.192852   -0.190962   -0.189572   -0.188518   -0.186726   -0.184898   -0.181651   -0.176981   -0.170127   -0.163606   -0.158354   -0.154203   -0.15032   -0.146393   -0.142366   -0.138279   -0.133266   -0.120831   -0.114426   -0.107235   -0.104949   -0.105617   

1195000
-10   -9   -8   -7   -6   -5   -4   -3   -2   -1   0   1   2   4   5   6   7   8   9   10   11   12   13   14   15   16   17   18   
-0.153199   -0.0485633   0.0571059   0.16391   0.269231   0.374703   0.478677   0.57781   0.679011   0.781615   0.884817   0.983651   1.08076   1.2469   1.30926   1.37079   1.4366   1.50571   1.5734   1.63695   1.69536   1.74835   1.78594   1.72211   1.70508   1.61596   1.56285   1.55357   
0.0125454   0.0115622   0.0107857   0.0100883   0.00956924   0.00913596   0.00860895   0.0086083   0.00874261   0.00891561   0.00921183   0.0096724   0.0101693   0.0122793   0.0144019   0.0159967   0.0185578   0.0211481   0.0239945   0.0272498   0.0309862   0.0352632   0.040893   0.0555772   0.0673582   0.0882145   0.106703   0.120208   
-0.199951   -0.199356   -0.198698   -0.198148   -0.19718   -0.196229   -0.195162   -0.192862   -0.190974   -0.189588   -0.188527   -0.186757   -0.184902   -0.176986   -0.170125   -0.163641   -0.158425   -0.154236   -0.150366   -0.146458   -0.142439   -0.138354   -0.133329   -0.120809   -0.11444   -0.10721   -0.104958   -0.105619   

1200000
-10   -9   -8   -7   -6   -5   -4   -3   -2   -1   0   2   4   5   6   7   8   9   10   11   12   13   15   16   17   18   
-0.153306   -0.0486523   0.0570814   0.1639   0.269173   0.374722   0.478658   0.577864   0.679073   0.781695   0.884863   1.08078   1.2469   1.30924   1.37099   1.43709   1.50591   1.57371   1.63744   1.69595   1.74899   1.78651   1.70518   1.61501   1.5632   1.55391   
0.0125235   0.0115447   0.0107687   0.0100765   0.00955999   0.00912531   0.00860286   0.00859564   0.00873059   0.00890467   0.00920309   0.0101631   0.0122765   0.0144013   0.015986   0.0185307   0.0211356   0.023975   0.0272174   0.0309456   0.035217   0.0408474   0.0673493   0.0883299   0.106668   0.120173   
-0.199943   -0.199346   -0.198698   -0.198147   -0.197168   -0.196233   -0.195154   -0.192872   -0.190986   -0.189603   -0.188535   -0.184904   -0.176987   -0.170121   -0.163675   -0.1585   -0.154268   -0.150411   -0.146522   -0.142511   -0.138427   -0.133389   -0.114451   -0.107185   -0.104968   -0.105624   

1205000
-10   -9   -8   -7   -6   -5   -4   -3   -2   -1   0   2   4   5   6   7   8   9   10   11   12   13   14   15   16   17   18   
-0.153413   -0.0487416   0.0570581   0.16389   0.269115   0.37474   0.478637   0.577917   0.679134   0.781773   0.884907   1.08079   1.24689   1.30921   1.37118   1.43758   1.50611   1.57401   1.63792   1.69652   1.74961   1.78706   1.72149   1.70523   1.61408   1.56355   1.55422   
0.0125018   0.0115274   0.0107519   0.0100648   0.00955094   0.00911485   0.008597   0.0085832   0.00871873   0.00889386   0.00919457   0.0101573   0.0122743   0.0144014   0.0159756   0.0185041   0.0211238   0.0239561   0.0271858   0.0309058   0.0351715   0.0408068   0.055636   0.0673463   0.0884422   0.106627   0.120131   
-0.199935   -0.199336   -0.198698   -0.198145   -0.197156   -0.196235   -0.195146   -0.192883   -0.190998   -0.189618   -0.188543   -0.184906   -0.176986   -0.170116   -0.163709   -0.158574   -0.154299   -0.150455   -0.146585   -0.142581   -0.138499   -0.133448   -0.120773   -0.11446   -0.10716   -0.104978   -0.105627   

1210000
-10   -9   -8   -7   -6   -5   -4   -3   -2   -1   0   1   2   4   5   6   7   8   9   10   11   12   13   14   15   16   17   18   
-0.153518   -0.0488312   0.0570356   0.16388   0.269055   0.374757   0.478614   0.577969   0.679194   0.781849   0.884947   0.984177   1.08079   1.24686   1.30916   1.37136   1.43805   1.5063   1.57431   1.63838   1.69708   1.75022   1.78757   1.7214   1.70524   1.61317   1.56388   1.55453   
0.0124803   0.0115103   0.0107353   0.0100534   0.00954209   0.00910454   0.00859137   0.00857093   0.00870701   0.0088832   0.00918624   0.00963881   0.0101516   0.0122727   0.0144021   0.0159656   0.0184779   0.0211122   0.023938   0.0271548   0.030867   0.035127   0.0407669   0.0556456   0.0673465   0.0885538   0.106585   0.120093   
-0.199927   -0.199325   -0.198699   -0.198144   -0.197143   -0.196238   -0.195137   -0.192892   -0.19101   -0.189633   -0.18855   -0.186857   -0.184907   -0.176983   -0.170108   -0.163741   -0.158647   -0.154329   -0.150499   -0.146647   -0.142651   -0.13857   -0.133503   -0.12077   -0.114466   -0.107137   -0.104986   -0.105631   

1215000
-10   -9   -8   -7   -6   -5   -4   -3   -2   -1   0   1   2   4   5   6   7   8   9   10   11   12   13   14   15   16   17   18   
-0.153623   -0.0489212   0.057014   0.16387   0.268995   0.374773   0.478589   0.578019   0.679252   0.781923   0.884984   0.984354   1.08079   1.24682   1.3091   1.37153   1.43852   1.50648   1.5746   1.63884   1.69763   1.75083   1.78806   1.7213   1.7052   1.61227   1.56422   1.55483   
0.012459   0.0114935   0.0107189   0.0100423   0.00953341   0.0090944   0.00858595   0.00855884   0.00869543   0.00887267   0.0091781   0.00962656   0.0101461   0.0122717   0.0144036   0.0159565   0.018452   0.0211011   0.0239196   0.0271243   0.0308289   0.035083   0.040729   0.0556551   0.0673524   0.0886643   0.106548   0.120062   
-0.199919   -0.199315   -0.1987   -0.198142   -0.197131   -0.196241   -0.195128   -0.192902   -0.191021   -0.189647   -0.188557   -0.186892   -0.184907   -0.176976   -0.170097   -0.163771   -0.158718   -0.154359   -0.150541   -0.146707   -0.142718   -0.138639   -0.133556   -0.120768   -0.11447   -0.107115   -0.104997   -0.105635   

1220000
-10   -9   -8   -7   -6   -5   -4   -3   -2   -1   0   1   2   4   5   6   7   8   9   10   11   12   13   14   15   16   17   18   
-0.153727   -0.0490111   0.0569923   0.16386   0.268934   0.374788   0.478562   0.578068   0.679309   0.781996   0.885018   0.984527   1.08078   1.24677   1.30902   1.37169   1.43898   1.50666   1.57488   1.63929   1.69817   1.75142   1.78852   1.72121   1.70511   1.61139   1.56455   1.55511   
0.012438   0.0114768   0.0107027   0.0100314   0.0095249   0.00908441   0.0085808   0.00854693   0.008684   0.00886227   0.00917014   0.00961449   0.0101408   0.0122714   0.0144056   0.0159476   0.0184265   0.0210902   0.0239017   0.0270944   0.030793   0.0350399   0.0406936   0.0556634   0.0673629   0.0887739   0.106511   0.120029   
-0.199911   -0.199304   -0.1987   -0.19814   -0.197118   -0.196243   -0.195118   -0.192911   -0.191032   -0.189661   -0.188563   -0.186926   -0.184906   -0.176967   -0.170084   -0.163799   -0.158789   -0.154388   -0.150581   -0.146767   -0.142786   -0.138708   -0.133606   -0.120766   -0.114471   -0.107094   -0.105006   -0.105639   

1225000
-10   -9   -8   -7   -6   -5   -4   -3   -2   -1   0   1   2   4   5   6   7   8   9   10   11   12   13   14   15   16   17   18   
-0.15383   -0.0491011   0.056971   0.16385   0.268874   0.374802   0.478533   0.578114   0.679366   0.782067   0.885048   0.984698   1.08078   1.2467   1.30893   1.37185   1.43944   1.50684   1.57515   1.63974   1.69869   1.752   1.78895   1.72113   1.70499   1.61052   1.56488   1.55537   
0.0124171   0.0114604   0.0106867   0.0100209   0.00951658   0.00907457   0.00857587   0.00853519   0.0086727   0.008852   0.00916236   0.00960261   0.0101357   0.0122717   0.0144081   0.0159391   0.0184013   0.0210795   0.0238847   0.027065   0.0307564   0.0349975   0.0406604   0.0556721   0.0673788   0.088881   0.106473   0.119995   
-0.199902   -0.199293   -0.198701   -0.198138   -0.197106   -0.196245   -0.195108   -0.19292   -0.191043   -0.189675   -0.188568   -0.18696   -0.184905   -0.176956   -0.17007   -0.163827   -0.158859   -0.154416   -0.150622   -0.146826   -0.14285   -0.138775   -0.133654   -0.120764   -0.11447   -0.107073   -0.105015   -0.105642   

1230000
-10   -9   -8   -7   -6   -5   -4   -3   -2   -1   0   1   2   4   5   6   7   8   9   10   11   12   13   14   15   16   17   18   
-0.153933   -0.0491914   0.0569499   0.163841   0.268815   0.374816   0.478501   0.578157   0.679421   0.782136   0.885076   0.984864   1.08077   1.24662   1.30884   1.37199   1.43988   1.50732   1.57542   1.64017   1.6992   1.75258   1.78935   1.72104   1.70483   1.60965   1.56519   1.55563   
0.0123965   0.0114442   0.0106708   0.0100106   0.00950845   0.00906489   0.00857113   0.00852364   0.00866155   0.00884187   0.00915476   0.0095909   0.0101307   0.0122725   0.014411   0.015931   0.0183765   0.0210505   0.0238682   0.0270363   0.0307207   0.0349566   0.0406293   0.0556798   0.0673957   0.0889882   0.106436   0.119967   
-0.199894   -0.199282   -0.198701   -0.198136   -0.197094   -0.196247   -0.195097   -0.192928   -0.191054   -0.189688   -0.188572   -0.186992   -0.184903   -0.176943   -0.170054   -0.163853   -0.158928   -0.154486   -0.150662   -0.146884   -0.142915   -0.138842   -0.133698   -0.120762   -0.114467   -0.107054   -0.105024   -0.105646   

1235000
-10   -9   -8   -7   -5   -4   -3   -2   -1   0   1   2   3   4   5   6   7   8   9   10   11   12   13   14   15   16   17   18   
-0.154036   -0.0492818   0.0569288   0.163832   0.374828   0.478467   0.578197   0.679474   0.782203   0.8851   0.985028   1.08076   1.1706   1.24653   1.30874   1.37213   1.44033   1.50791   1.57568   1.64059   1.69971   1.75313   1.78972   1.72094   1.70465   1.6088   1.56549   1.55586   
0.012376   0.0114281   0.0106551   0.0100007   0.00905535   0.00856657   0.00851227   0.00865052   0.00883186   0.00914735   0.00957938   0.0101259   0.0109365   0.0122738   0.0144141   0.0159233   0.018352   0.0210157   0.023852   0.0270082   0.0306857   0.0349149   0.040601   0.0556905   0.0674144   0.0890936   0.106403   0.119937   
-0.199886   -0.199271   -0.198702   -0.198134   -0.196249   -0.195086   -0.192936   -0.191064   -0.189701   -0.188576   -0.187025   -0.184901   -0.181916   -0.176927   -0.170038   -0.163878   -0.158996   -0.15457   -0.1507   -0.146939   -0.142978   -0.138907   -0.13374   -0.120759   -0.114462   -0.107034   -0.105034   -0.10565   

1240000
-10   -9   -8   -7   -5   -3   -2   -1   0   1   2   4   5   6   7   8   9   10   11   12   13   14   15   16   17   18   
-0.154138   -0.0493723   0.0569075   0.163823   0.37484   0.578235   0.679527   0.782269   0.885121   0.985188   1.08074   1.24643   1.30864   1.37226   1.44076   1.50849   1.57593   1.641   1.70021   1.75369   1.79005   1.72083   1.70447   1.60796   1.56579   1.55609   
0.0123557   0.0114123   0.0106396   0.00999093   0.00904596   0.00850105   0.00863964   0.00882199   0.00914012   0.00956803   0.0101211   0.0122756   0.0144173   0.0159159   0.0183279   0.0209821   0.0238363   0.0269809   0.0306511   0.0348747   0.0405753   0.0557011   0.0674351   0.0891988   0.106373   0.119912   
-0.199877   -0.19926   -0.198702   -0.198131   -0.19625   -0.192943   -0.191074   -0.189714   -0.18858   -0.187056   -0.184899   -0.17691   -0.170021   -0.163902   -0.159063   -0.154653   -0.150737   -0.146994   -0.143041   -0.138971   -0.133778   -0.120756   -0.114457   -0.107015   -0.105043   -0.105654   

1245000
-10   -9   -8   -7   -6   -5   -4   -3   -2   -1   0   1   3   4   5   6   7   8   9   10   11   12   13   14   15   16   17   18   
-0.15424   -0.049463   0.0568862   0.163813   0.268648   0.37485   0.478388   0.578271   0.679577   0.782332   0.885139   0.985346   1.17086   1.24632   1.30855   1.37238   1.44119   1.50905   1.57618   1.6414   1.7007   1.75423   1.79035   1.72072   1.70435   1.60714   1.56608   1.55631   
0.0123356   0.0113967   0.0106243   0.00998143   0.0094852   0.00903671   0.00855731   0.00848997   0.0086289   0.00881224   0.00913307   0.00955686   0.01092   0.0122776   0.0144201   0.0159086   0.0183042   0.020949   0.023821   0.0269537   0.0306174   0.0348351   0.0405525   0.0557125   0.0674492   0.0893015   0.106338   0.11989   
-0.199869   -0.199249   -0.198702   -0.198129   -0.19706   -0.196251   -0.195062   -0.19295   -0.191084   -0.189726   -0.188582   -0.187087   -0.181964   -0.176892   -0.170006   -0.163924   -0.159129   -0.154735   -0.150773   -0.147047   -0.143102   -0.139035   -0.133813   -0.120752   -0.114456   -0.106996   -0.105051   -0.105659   

1250000
-10   -9   -8   -7   -6   -5   -4   -3   -2   -1   0   1   2   3   4   5   6   7   8   9   10   11   12   13   14   15   16   17   18   
-0.154342   -0.0495535   0.0568638   0.163804   0.268623   0.37486   0.478341   0.578307   0.679627   0.782394   0.885153   0.985499   1.08078   1.17097   1.24622   1.30857   1.37251   1.44161   1.5096   1.57641   1.6418   1.70119   1.75476   1.79061   1.7206   1.70451   1.60632   1.56636   1.55651   
0.0123157   0.0113812   0.0106092   0.00997222   0.00947664   0.00902761   0.0085518   0.00847899   0.00861829   0.00880262   0.0091262   0.00954585   0.0101099   0.0109122   0.0122797   0.0144181   0.0159021   0.0182809   0.0209167   0.0238064   0.026928   0.0305843   0.0347965   0.0405335   0.0557218   0.0674342   0.0894039   0.106306   0.119864   
-0.19986   -0.199238   -0.198702   -0.198126   -0.197054   -0.196252   -0.19505   -0.192956   -0.191093   -0.189738   -0.188584   -0.187117   -0.184907   -0.181986   -0.176873   -0.170009   -0.163947   -0.159194   -0.154814   -0.150808   -0.1471   -0.143164   -0.139097   -0.133844   -0.120747   -0.114471   -0.106978   -0.10506   -0.105662   

1255000
-10   -9   -8   -7   -6   -5   -4   -3   -2   -1   0   1   2   3   4   5   6   7   8   9   10   11   12   13   14   15   16   17   
-0.154443   -0.0496436   0.0568406   0.163795   0.268661   0.374868   0.478292   0.578342   0.679675   0.782455   0.885165   0.98565   1.08099   1.17108   1.24611   1.30875   1.37262   1.44203   1.51014   1.57664   1.64218   1.70167   1.75528   1.79082   1.72047   1.70461   1.60551   1.56665   
0.012296   0.011366   0.0105942   0.00996332   0.00946533   0.00901865   0.00854645   0.00846819   0.00860781   0.00879312   0.0091195   0.00953501   0.0100987   0.0109048   0.0122818   0.014409   0.0158956   0.018258   0.0208852   0.0237923   0.0269023   0.0305517   0.0347584   0.0405168   0.0557362   0.0674249   0.0895048   0.106273   
-0.199852   -0.199226   -0.198702   -0.198124   -0.197062   -0.196253   -0.195037   -0.192963   -0.191102   -0.18975   -0.188586   -0.187147   -0.184946   -0.182007   -0.176855   -0.170038   -0.163968   -0.159258   -0.154893   -0.150842   -0.147152   -0.143224   -0.139158   -0.13387   -0.120743   -0.114482   -0.10696   -0.105069   

1260000
-10   -9   -8   -7   -6   -5   -4   -3   -2   -1   0   1   2   3   4   5   6   7   8   9   10   11   12   13   14   15   16   17   
-0.154544   -0.0497326   0.0568167   0.163786   0.268701   0.374875   0.47824   0.578376   0.679722   0.782513   0.885173   0.985797   1.08119   1.17118   1.24621   1.30892   1.37273   1.44244   1.51067   1.57686   1.64256   1.70213   1.7558   1.79099   1.72034   1.70467   1.6047   1.56693   
0.0122765   0.0113511   0.0105795   0.00995475   0.0094542   0.00900982   0.00854138   0.00845749   0.00859746   0.00878376   0.00911298   0.00952433   0.0100877   0.0108977   0.0122762   0.0144003   0.0158893   0.0182354   0.0208541   0.0237783   0.0268774   0.0305189   0.0347212   0.040504   0.0557488   0.0674201   0.0896056   0.106241   
-0.199843   -0.199215   -0.198701   -0.198121   -0.19707   -0.196253   -0.195023   -0.192969   -0.191111   -0.189761   -0.188587   -0.187175   -0.184985   -0.182026   -0.176871   -0.170066   -0.163988   -0.159322   -0.15497   -0.150875   -0.147203   -0.143282   -0.139218   -0.133893   -0.120737   -0.114491   -0.106942   -0.105078   

1265000
-10   -9   -8   -7   -6   -5   -4   -3   -2   -1   0   1   2   3   4   5   6   7   8   9   10   11   12   13   14   15   16   17   18   
-0.154644   -0.0498206   0.0567926   0.163778   0.26874   0.374881   0.478185   0.578409   0.679767   0.782569   0.885178   0.985942   1.08139   1.17128   1.24635   1.30909   1.37283   1.44285   1.51119   1.57707   1.64293   1.7026   1.7563   1.79112   1.72021   1.70469   1.60391   1.56722   1.55718   
0.0122572   0.0113364   0.0105648   0.00994654   0.00944324   0.00900114   0.00853647   0.0084469   0.00858724   0.00877452   0.00910665   0.00951381   0.010077   0.0108909   0.0122682   0.0143914   0.0158833   0.0182131   0.0208235   0.0237652   0.026853   0.030487   0.0346847   0.0404955   0.0557619   0.0674199   0.0897063   0.106209   0.119781   
-0.199834   -0.199204   -0.198701   -0.198118   -0.197078   -0.196254   -0.195009   -0.192975   -0.19112   -0.189772   -0.188587   -0.187204   -0.185022   -0.182044   -0.176898   -0.170094   -0.164008   -0.159384   -0.155046   -0.150906   -0.147252   -0.14334   -0.139277   -0.133911   -0.120732   -0.114498   -0.106925   -0.105086   -0.105672   

1270000
-10   -9   -8   -7   -6   -5   -4   -3   -2   -1   0   1   2   3   4   5   6   7   8   9   10   11   12   13   14   15   16   17   18   
-0.154744   -0.0499075   0.0567685   0.16377   0.268781   0.374886   0.478128   0.578441   0.679811   0.782623   0.88518   0.986083   1.08159   1.17136   1.2465   1.30926   1.37294   1.44325   1.51171   1.57727   1.64329   1.70305   1.75679   1.79119   1.72006   1.70466   1.60313   1.5675   1.55779   
0.0122382   0.0113219   0.0105504   0.00993866   0.00943245   0.00899259   0.00853173   0.00843645   0.00857715   0.00876546   0.00910052   0.00950345   0.0100664   0.0108844   0.0122602   0.0143827   0.0158773   0.0181911   0.0207933   0.0237527   0.0268288   0.0304563   0.0346489   0.0404894   0.0557757   0.067425   0.0898051   0.106181   0.119704   
-0.199825   -0.199193   -0.1987   -0.198116   -0.197086   -0.196254   -0.194995   -0.192981   -0.191128   -0.189782   -0.188586   -0.187231   -0.185059   -0.18206   -0.176925   -0.170122   -0.164027   -0.159446   -0.155121   -0.150937   -0.147301   -0.143398   -0.139335   -0.133924   -0.120725   -0.114502   -0.106909   -0.105096   -0.105674   

1275000
-10   -8   -7   -6   -5   -4   -3   -2   -1   0   1   2   3   4   5   6   7   8   9   10   11   12   13   14   15   16   17   18   
-0.154844   0.0567442   0.163762   0.268821   0.37489   0.478069   0.578472   0.679853   0.782676   0.885179   0.986221   1.08178   1.17144   1.24663   1.30941   1.37303   1.44364   1.51222   1.57746   1.64364   1.7035   1.75727   1.79122   1.71991   1.70459   1.60235   1.56776   1.55841   
0.0122193   0.010536   0.00993115   0.00942185   0.00898416   0.00852714   0.00842613   0.00856718   0.00875652   0.00909459   0.00949325   0.010056   0.0108783   0.0122526   0.0143745   0.0158713   0.0181694   0.0207636   0.0237402   0.0268048   0.0304249   0.0346146   0.0404882   0.0557908   0.0674326   0.0899024   0.106153   0.119633   
-0.199816   -0.198699   -0.198113   -0.197093   -0.196253   -0.19498   -0.192987   -0.191136   -0.189792   -0.188585   -0.187259   -0.185095   -0.182074   -0.17695   -0.170148   -0.164045   -0.159508   -0.155195   -0.150966   -0.147348   -0.143454   -0.139392   -0.133933   -0.120718   -0.114503   -0.106892   -0.105104   -0.105677   

1280000
-10   -8   -7   -6   -5   -4   -3   -2   -1   0   1   2   3   4   5   6   7   8   9   10   11   12   13   14   15   16   17   18   
-0.154943   0.0567197   0.163756   0.268861   0.374892   0.478008   0.578502   0.679894   0.782726   0.885176   0.986356   1.08196   1.1715   1.24676   1.30956   1.37313   1.44403   1.51272   1.57765   1.644   1.70394   1.75774   1.79118   1.71975   1.70448   1.60158   1.56802   1.559   
0.0122007   0.0105218   0.00992409   0.00941144   0.00897586   0.00852273   0.00841595   0.00855734   0.00874772   0.00908883   0.00948321   0.0100457   0.0108724   0.0122453   0.0143665   0.0158655   0.018148   0.0207344   0.0237289   0.0267825   0.0303947   0.0345794   0.0404919   0.0558055   0.0674463   0.0899996   0.106123   0.119542   
-0.199807   -0.198698   -0.19811   -0.197101   -0.196253   -0.194964   -0.192992   -0.191144   -0.189802   -0.188584   -0.187285   -0.18513   -0.182087   -0.176973   -0.170173   -0.164064   -0.159568   -0.155268   -0.150994   -0.147395   -0.14351   -0.139446   -0.133935   -0.120711   -0.114502   -0.106875   -0.105112   -0.105677   

1285000
-10   -8   -7   -6   -5   -4   -3   -2   -1   0   1   2   3   4   5   6   7   8   9   10   11   12   13   15   16   17   18   
-0.155042   0.0566953   0.16375   0.268902   0.374893   0.477944   0.578531   0.679933   0.782774   0.885169   0.986488   1.08214   1.17156   1.24688   1.3097   1.37323   1.44441   1.51321   1.57782   1.64433   1.70437   1.7582   1.79109   1.7043   1.60082   1.56827   1.55961   
0.0121822   0.0105078   0.00991743   0.00940121   0.00896769   0.00851847   0.0084059   0.00854762   0.00873904   0.00908323   0.00947331   0.0100357   0.010867   0.0122384   0.0143589   0.0158598   0.0181269   0.0207056   0.0237178   0.0267597   0.0303649   0.0345465   0.0404995   0.0674657   0.090096   0.10609   0.11947   
-0.199798   -0.198698   -0.198107   -0.197109   -0.196252   -0.194949   -0.192998   -0.191151   -0.189811   -0.188582   -0.187311   -0.185164   -0.182099   -0.176995   -0.170196   -0.164083   -0.159627   -0.15534   -0.151022   -0.147441   -0.143565   -0.139501   -0.133932   -0.114498   -0.106859   -0.105119   -0.105679   

1290000
-10   -8   -7   -6   -5   -4   -3   -2   -1   0   1   2   3   4   5   6   7   8   9   10   11   12   13   14   15   16   18   
-0.15514   0.0566705   0.163744   0.268942   0.374893   0.477879   0.57856   0.67997   0.782821   0.885162   0.986616   1.08232   1.17161   1.24699   1.30983   1.37333   1.44479   1.5137   1.57799   1.64466   1.7048   1.75865   1.79095   1.71961   1.70409   1.60007   1.56021   
0.012164   0.0104938   0.00991119   0.00939115   0.00895966   0.00851434   0.00839597   0.00853802   0.0087305   0.0090778   0.00946358   0.0100258   0.0108618   0.0122318   0.0143518   0.0158542   0.0181062   0.0206773   0.023707   0.0267378   0.0303361   0.0345137   0.0405106   0.0558207   0.067489   0.0901913   0.119394   
-0.199789   -0.198696   -0.198104   -0.197117   -0.196251   -0.194932   -0.193003   -0.191158   -0.18982   -0.18858   -0.187336   -0.185198   -0.182109   -0.177016   -0.170219   -0.164102   -0.159686   -0.155411   -0.151048   -0.147486   -0.143619   -0.139555   -0.133926   -0.120709   -0.114492   -0.106843   -0.105681   

1295000
-10   -9   -8   -6   -5   -4   -3   -2   -1   0   1   2   3   4   5   6   7   8   9   10   11   12   13   14   15   16   18   
-0.155239   -0.0502421   0.0566456   0.268982   0.374891   0.477813   0.578586   0.680007   0.782865   0.885151   0.986742   1.08249   1.17166   1.24709   1.30995   1.37343   1.44516   1.51418   1.57816   1.64499   1.70521   1.75909   1.79078   1.71978   1.70385   1.59933   1.56081   
0.0121459   0.0112493   0.01048   0.00938126   0.00895177   0.00851041   0.00838619   0.00852855   0.00872211   0.00907252   0.00945399   0.0100162   0.010857   0.0122255   0.0143449   0.0158485   0.0180858   0.0206495   0.0236966   0.0267162   0.0303073   0.0344818   0.0405247   0.0558036   0.0675161   0.0902841   0.119318   
-0.19978   -0.199156   -0.198695   -0.197125   -0.196249   -0.194916   -0.193007   -0.191165   -0.189829   -0.188577   -0.187361   -0.18523   -0.182117   -0.177035   -0.170239   -0.164121   -0.159744   -0.155481   -0.151073   -0.14753   -0.143671   -0.139607   -0.133915   -0.120725   -0.114484   -0.106827   -0.105683   

1300000
-10   -9   -8   -7   -6   -5   -4   -3   -2   -1   0   1   2   3   4   5   7   8   9   10   11   12   13   14   15   16   17   18   
-0.155337   -0.0502662   0.0566206   0.1637   0.269021   0.374889   0.477747   0.578612   0.680041   0.782907   0.885139   0.986865   1.08266   1.17169   1.24719   1.31007   1.44553   1.51465   1.57832   1.6453   1.70562   1.75952   1.79058   1.71995   1.70359   1.5986   1.56901   1.56141   
0.0121281   0.0112335   0.0104664   0.00989408   0.00937156   0.00894403   0.00850666   0.00837653   0.00851918   0.00871385   0.0090674   0.00944455   0.0100067   0.0108526   0.0122197   0.0143385   0.0180656   0.0206222   0.0236868   0.0266955   0.03028   0.0344508   0.0405411   0.05579   0.0675444   0.090377   0.106002   0.119242   
-0.199771   -0.199157   -0.198694   -0.198095   -0.197132   -0.196248   -0.1949   -0.193012   -0.191172   -0.189837   -0.188573   -0.187385   -0.185262   -0.182124   -0.177053   -0.170259   -0.159801   -0.15555   -0.151098   -0.147573   -0.143723   -0.139658   -0.133901   -0.120742   -0.114474   -0.106811   -0.105142   -0.105685   

1305000
-10   -9   -8   -7   -6   -5   -4   -3   -2   -1   0   1   2   3   4   5   7   8   9   10   11   12   13   14   15   16   18   
-0.155435   -0.0502889   0.0565951   0.16365   0.26906   0.374885   0.47768   0.578637   0.680074   0.782947   0.885125   0.986985   1.08282   1.17171   1.24727   1.31018   1.44589   1.5151   1.57847   1.64562   1.70602   1.75993   1.79036   1.7201   1.70331   1.59788   1.562   
0.0121104   0.011218   0.0104529   0.00988157   0.00936204   0.00893646   0.00850307   0.00836698   0.00850994   0.00870574   0.00906242   0.00943526   0.00999733   0.0108484   0.0122143   0.0143324   0.0180457   0.0205957   0.0236767   0.0266752   0.0302519   0.0344209   0.0405592   0.0557761   0.0675733   0.0904677   0.11917   
-0.199761   -0.199158   -0.198693   -0.198088   -0.19714   -0.196246   -0.194883   -0.193016   -0.191178   -0.189845   -0.18857   -0.187408   -0.185293   -0.182128   -0.177069   -0.170277   -0.159857   -0.155617   -0.151122   -0.147616   -0.143774   -0.139707   -0.133886   -0.120757   -0.114464   -0.106795   -0.105687   

1310000
-10   -9   -8   -7   -6   -5   -3   -2   -1   0   1   2   3   4   5   6   7   8   9   10   11   12   13   14   15   16   17   18   
-0.155533   -0.0503101   0.0565698   0.1636   0.269098   0.37488   0.57866   0.680105   0.782985   0.885111   0.987101   1.08298   1.17172   1.24735   1.31028   1.37386   1.44625   1.51555   1.57869   1.64592   1.70641   1.76033   1.79014   1.72024   1.70314   1.59717   1.56998   1.56258   
0.012093   0.0112028   0.0104395   0.0098693   0.00935271   0.00892909   0.00835755   0.00850082   0.00869779   0.00905758   0.00942611   0.00998816   0.0108447   0.0122093   0.0143267   0.0158248   0.018026   0.0205695   0.0236639   0.0266557   0.0302246   0.0343922   0.040577   0.0557651   0.0675928   0.0905555   0.105888   0.119085   
-0.199752   -0.199159   -0.198691   -0.198082   -0.197147   -0.196244   -0.19302   -0.191183   -0.189852   -0.188566   -0.187431   -0.185323   -0.182131   -0.177083   -0.170294   -0.164198   -0.159913   -0.155683   -0.151154   -0.147658   -0.143824   -0.139754   -0.133869   -0.120771   -0.11446   -0.10678   -0.105164   -0.105688   

1315000
-10   -9   -8   -7   -6   -5   -3   -2   -1   0   1   2   3   4   5   6   7   8   9   10   11   12   13   14   15   16   17   18   
-0.15563   -0.0503301   0.0565449   0.16355   0.269135   0.374874   0.578682   0.680135   0.783021   0.885095   0.987215   1.08314   1.17173   1.24742   1.31037   1.37419   1.4466   1.516   1.57933   1.64621   1.7068   1.76071   1.78993   1.72036   1.70312   1.59649   1.57046   1.56317   
0.0120757   0.0111878   0.0104264   0.00985724   0.00934357   0.00892186   0.00834822   0.00849186   0.00869   0.00905288   0.00941711   0.00997916   0.0108413   0.0122046   0.0143215   0.0158083   0.0180067   0.0205436   0.0236223   0.0266355   0.0301984   0.0343641   0.0405944   0.0557538   0.0675967   0.0906412   0.105833   0.119014   
-0.199742   -0.19916   -0.19869   -0.198075   -0.197154   -0.196241   -0.193024   -0.191189   -0.189858   -0.188562   -0.187453   -0.185353   -0.182133   -0.177096   -0.170309   -0.164251   -0.159968   -0.155748   -0.151242   -0.147698   -0.143873   -0.139801   -0.133855   -0.120783   -0.114464   -0.106765   -0.105176   -0.10569   

1320000
-10   -9   -8   -7   -6   -5   -3   -2   -1   0   1   2   3   4   5   6   7   8   9   10   11   12   13   14   15   16   17   18   
-0.155727   -0.0503488   0.0565198   0.163498   0.269171   0.374866   0.578703   0.680163   0.783054   0.885079   0.987325   1.08329   1.17172   1.24747   1.31045   1.37451   1.44695   1.51644   1.57998   1.6465   1.70718   1.76109   1.78987   1.72046   1.70305   1.59581   1.57093   1.56375   
0.0120587   0.0111731   0.0104135   0.0098454   0.00933464   0.00891477   0.00833901   0.00848302   0.00868233   0.00904829   0.00940828   0.00997034   0.0108383   0.0122004   0.0143167   0.015792   0.0179877   0.020518   0.0235819   0.0266168   0.0301722   0.034337   0.0405993   0.0557445   0.0676034   0.0907276   0.105774   0.118937   
-0.199733   -0.199161   -0.198688   -0.198067   -0.197161   -0.196239   -0.193028   -0.191194   -0.189865   -0.188559   -0.187475   -0.185382   -0.182133   -0.177107   -0.170323   -0.164304   -0.160023   -0.155813   -0.15133   -0.147738   -0.143922   -0.139846   -0.133855   -0.120795   -0.114465   -0.10675   -0.105186   -0.105691   

1325000
-10   -9   -8   -7   -6   -5   -4   -3   -2   -1   1   2   3   4   5   6   7   8   9   10   11   12   13   14   15   16   17   18   
-0.155823   -0.0503659   0.0564952   0.163446   0.269205   0.374857   0.477545   0.578723   0.68019   0.783086   0.987431   1.08344   1.17171   1.24752   1.31052   1.37482   1.4473   1.51687   1.58063   1.64679   1.70755   1.76145   1.79015   1.72056   1.70296   1.59513   1.57139   1.56434   
0.012042   0.0111588   0.0104008   0.00983375   0.00932601   0.00890781   0.00848639   0.00832991   0.00847429   0.00867479   0.00939962   0.00996167   0.0108355   0.0121966   0.0143125   0.015776   0.0179688   0.0204927   0.0235423   0.0265985   0.030147   0.0343108   0.0405779   0.0557357   0.0676157   0.0908133   0.105715   0.118864   
-0.199723   -0.199162   -0.198687   -0.19806   -0.197167   -0.196236   -0.194844   -0.193031   -0.191199   -0.189871   -0.187496   -0.185409   -0.182131   -0.177116   -0.170334   -0.164355   -0.160076   -0.155877   -0.151418   -0.147777   -0.14397   -0.13989   -0.133886   -0.120806   -0.114465   -0.106736   -0.105196   -0.105693   

1330000
-10   -9   -8   -7   -6   -5   -4   -3   -2   -1   0   1   2   3   4   5   6   7   8   9   10   11   12   13   14   15   16   17   18   
-0.155918   -0.0503817   0.0564707   0.163394   0.269238   0.374847   0.477631   0.578742   0.680214   0.783115   0.885111   0.987535   1.08358   1.17169   1.24756   1.31058   1.37512   1.44763   1.5173   1.58127   1.64706   1.70792   1.7618   1.79039   1.72064   1.70284   1.59447   1.57186   1.56492   
0.0120256   0.0111447   0.0103882   0.00982231   0.00931761   0.00890099   0.00847878   0.00832092   0.00846568   0.00866738   0.00903755   0.00939112   0.00995318   0.0108331   0.0121933   0.0143088   0.0157603   0.0179502   0.0204676   0.0235028   0.0265796   0.0301212   0.0342853   0.0405597   0.0557289   0.0676295   0.0908963   0.105664   0.118791   
-0.199713   -0.199164   -0.198685   -0.198052   -0.197173   -0.196232   -0.194859   -0.193034   -0.191203   -0.189876   -0.188563   -0.187516   -0.185437   -0.182128   -0.177123   -0.170344   -0.164406   -0.160129   -0.15594   -0.151504   -0.147814   -0.144017   -0.139932   -0.133915   -0.120816   -0.114464   -0.106721   -0.105207   -0.105695   

1335000
-10   -9   -8   -7   -6   -5   -4   -3   -2   -1   0   1   2   3   4   5   6   7   8   9   10   11   12   13   14   15   16   17   18   
-0.156013   -0.0503963   0.056447   0.16334   0.26927   0.374835   0.477717   0.578759   0.680237   0.783143   0.885277   0.987635   1.08372   1.17167   1.24759   1.31062   1.37543   1.44797   1.51773   1.5819   1.64733   1.70828   1.76214   1.79059   1.72071   1.70269   1.59386   1.57231   1.56548   
0.0120095   0.0111309   0.010376   0.00981107   0.00930939   0.0088943   0.00847129   0.00831204   0.00845718   0.00866009   0.00902792   0.00938276   0.00994484   0.010831   0.0121904   0.0143055   0.0157449   0.0179319   0.0204428   0.0234639   0.0265626   0.0300962   0.0342614   0.0405434   0.0557227   0.0676473   0.0909741   0.105609   0.118706   
-0.199703   -0.199165   -0.198683   -0.198045   -0.197179   -0.196229   -0.194874   -0.193037   -0.191208   -0.189881   -0.188595   -0.187536   -0.185463   -0.182124   -0.177129   -0.170352   -0.164456   -0.160182   -0.156003   -0.15159   -0.147851   -0.144063   -0.139974   -0.133939   -0.120825   -0.11446   -0.106709   -0.105218   -0.105695   

1340000
-10   -9   -8   -7   -6   -5   -4   -3   -2   -1   0   1   2   3   4   5   6   7   8   9   10   11   12   13   14   15   16   17   18   
-0.156105   -0.0504097   0.0564234   0.163285   0.269302   0.37482   0.477802   0.578776   0.680259   0.783168   0.88544   0.987732   1.08386   1.17163   1.2476   1.31066   1.37572   1.4483   1.51815   1.58252   1.64759   1.70864   1.76247   1.79075   1.72077   1.7025   1.59328   1.57276   1.56607   
0.0119937   0.0111174   0.010364   0.00980002   0.00930136   0.00888736   0.00846394   0.00830327   0.00844881   0.00865294   0.00901849   0.00937454   0.00993667   0.0108291   0.012188   0.0143027   0.0157297   0.0179138   0.0204182   0.0234247   0.0265456   0.0300719   0.0342368   0.0405317   0.0557182   0.067667   0.0910473   0.105554   0.118638   
-0.199693   -0.199167   -0.198682   -0.198036   -0.197184   -0.196225   -0.194889   -0.193039   -0.191211   -0.189886   -0.188626   -0.187555   -0.185489   -0.182118   -0.177132   -0.170358   -0.164505   -0.160233   -0.156065   -0.151674   -0.147887   -0.144109   -0.140014   -0.133959   -0.120833   -0.114455   -0.106697   -0.105228   -0.105698   

1345000
-10   -9   -8   -7   -6   -5   -4   -3   -2   -1   0   1   2   3   4   6   7   8   9   10   11   12   13   14   15   16   17   18   
-0.156197   -0.0504221   0.0563997   0.16323   0.269333   0.374799   0.477886   0.578791   0.680278   0.783192   0.8856   0.987825   1.08399   1.17159   1.24761   1.37601   1.44862   1.51857   1.58313   1.64783   1.70899   1.76279   1.79086   1.72082   1.70227   1.59275   1.57321   1.56664   
0.0119783   0.0111042   0.0103521   0.00978916   0.0092935   0.00887949   0.00845685   0.00829461   0.00844055   0.0086459   0.00900925   0.00936648   0.00992866   0.0108274   0.0121861   0.0157148   0.017896   0.0203939   0.0233864   0.0265286   0.0300478   0.0342138   0.0405237   0.0557137   0.0676928   0.0911155   0.105501   0.118564   
-0.199684   -0.199168   -0.19868   -0.198028   -0.19719   -0.196221   -0.194903   -0.193042   -0.191215   -0.18989   -0.188656   -0.187573   -0.185514   -0.182112   -0.177133   -0.164553   -0.160284   -0.156127   -0.151758   -0.147922   -0.144154   -0.140053   -0.133974   -0.12084   -0.114447   -0.106686   -0.105239   -0.105699   

1350000
-10   -9   -8   -7   -6   -5   -4   -3   -2   -1   0   1   2   3   4   5   6   7   8   9   10   11   12   13   14   15   16   17   18   
-0.156286   -0.0504332   0.0563758   0.163173   0.269364   0.374777   0.477968   0.578805   0.680296   0.783213   0.885755   0.987916   1.08411   1.17155   1.2476   1.3107   1.3763   1.44894   1.51899   1.58374   1.64808   1.70933   1.76309   1.79091   1.72085   1.702   1.59224   1.57366   1.56721   
0.0119633   0.0110913   0.0103404   0.00977847   0.00928582   0.00887177   0.00844989   0.00828607   0.00843242   0.00863902   0.00900021   0.00935856   0.00992086   0.010826   0.0121848   0.0142988   0.0157001   0.0178785   0.02037   0.0233485   0.026513   0.0300241   0.0341916   0.0405192   0.0557113   0.0677223   0.0911809   0.105448   0.118489   
-0.199674   -0.19917   -0.198678   -0.198019   -0.197195   -0.196216   -0.194918   -0.193044   -0.191218   -0.189894   -0.188685   -0.187591   -0.185537   -0.182105   -0.177133   -0.170364   -0.164601   -0.160334   -0.156188   -0.15184   -0.147957   -0.144198   -0.140091   -0.133984   -0.120846   -0.114437   -0.106676   -0.105249   -0.1057   

1355000
-10   -9   -8   -7   -5   -4   -3   -2   -1   0   1   2   3   4   5   6   7   8   9   10   11   12   13   14   15   16   17   18   
-0.156375   -0.0504433   0.056352   0.163116   0.374753   0.478049   0.578817   0.680312   0.783232   0.885906   0.988003   1.08423   1.17151   1.24758   1.3107   1.37658   1.44925   1.5194   1.58434   1.64832   1.70967   1.76339   1.79089   1.72087   1.7017   1.59175   1.5741   1.56777   
0.0119486   0.0110787   0.0103289   0.00976797   0.00886419   0.00844304   0.00827764   0.00842442   0.00863225   0.00899138   0.00935078   0.00991324   0.0108246   0.0121839   0.0142975   0.0156857   0.0178613   0.0203463   0.023311   0.0264977   0.0300007   0.03417   0.0405201   0.0557107   0.0677548   0.0912435   0.105394   0.118417   
-0.199664   -0.199171   -0.198675   -0.19801   -0.196211   -0.194932   -0.193046   -0.191221   -0.189898   -0.188714   -0.187608   -0.185561   -0.182098   -0.17713   -0.170365   -0.164648   -0.160384   -0.156249   -0.151923   -0.14799   -0.144242   -0.140128   -0.133987   -0.120852   -0.114426   -0.106666   -0.105259   -0.105702   

1360000
-10   -9   -8   -7   -6   -5   -4   -3   -2   -1   0   1   2   3   4   5   6   7   8   9   10   11   12   13   14   15   16   17   18   
-0.156463   -0.0504522   0.0563276   0.163058   0.269397   0.374727   0.478128   0.578828   0.680326   0.783249   0.886055   0.988087   1.08435   1.17146   1.24755   1.31071   1.37686   1.44956   1.5198   1.58494   1.64855   1.71001   1.76368   1.79081   1.72088   1.70138   1.59132   1.57453   1.56833   
0.0119342   0.0110665   0.0103175   0.00975763   0.00926556   0.00885675   0.00843629   0.00826935   0.00841654   0.00862561   0.00898271   0.00934316   0.00990579   0.0108233   0.0121835   0.014296   0.0156715   0.0178443   0.0203228   0.0232738   0.0264824   0.0299776   0.0341492   0.0405271   0.0557098   0.0677904   0.0912964   0.105342   0.118343   
-0.199654   -0.199173   -0.198673   -0.198001   -0.197204   -0.196206   -0.194945   -0.193047   -0.191223   -0.189901   -0.188742   -0.187625   -0.185583   -0.18209   -0.177124   -0.170366   -0.164694   -0.160432   -0.156308   -0.152004   -0.148022   -0.144285   -0.140164   -0.133984   -0.120856   -0.114413   -0.106658   -0.10527   -0.105704   

1365000
-10   -9   -8   -7   -6   -5   -4   -3   -2   -1   0   1   2   4   5   6   7   8   9   10   11   12   13   14   15   16   17   18   
-0.15655   -0.0504604   0.0563033   0.162999   0.26941   0.374701   0.478202   0.578838   0.680338   0.783264   0.886201   0.988167   1.08447   1.2475   1.3107   1.37713   1.44987   1.5202   1.58553   1.64877   1.71034   1.76396   1.79064   1.72086   1.70104   1.59095   1.57495   1.56888   
0.0119201   0.0110546   0.0103063   0.00974746   0.00925506   0.00884943   0.00842879   0.00826118   0.0084088   0.00861909   0.00897422   0.0093357   0.0098985   0.0121837   0.014295   0.0156575   0.0178277   0.0202997   0.0232371   0.0264679   0.029955   0.0341291   0.04054   0.0557123   0.0678261   0.0913464   0.105288   0.118268   
-0.199644   -0.199174   -0.198671   -0.197992   -0.197208   -0.1962   -0.194958   -0.193048   -0.191225   -0.189903   -0.18877   -0.187641   -0.185604   -0.177117   -0.170365   -0.164739   -0.160481   -0.156367   -0.152084   -0.148054   -0.144328   -0.140199   -0.133972   -0.120859   -0.114399   -0.106652   -0.105279   -0.105705   

1370000
-10   -9   -8   -7   -6   -5   -4   -3   -2   -1   0   1   2   3   4   5   6   7   8   9   10   11   12   13   14   15   16   17   18   
-0.156636   -0.0504676   0.056279   0.162939   0.269422   0.374672   0.478272   0.578846   0.680349   0.783277   0.886344   0.988244   1.08458   1.17157   1.24745   1.31068   1.3774   1.45017   1.52059   1.58611   1.64899   1.71066   1.76424   1.79039   1.72084   1.7007   1.59069   1.57538   1.56943   
0.0119063   0.0110431   0.0102953   0.00973745   0.00924469   0.00884224   0.00842108   0.00825311   0.00840121   0.00861271   0.00896593   0.00932838   0.0098914   0.0108141   0.0121845   0.0142945   0.0156437   0.0178112   0.0202768   0.0232009   0.026454   0.0299327   0.0341098   0.04056   0.0557158   0.067863   0.0913809   0.10524   0.118197   
-0.199634   -0.199176   -0.198668   -0.197982   -0.197212   -0.196194   -0.194971   -0.193049   -0.191226   -0.189906   -0.188796   -0.187656   -0.185625   -0.182111   -0.177108   -0.170363   -0.164784   -0.160528   -0.156426   -0.152163   -0.148084   -0.14437   -0.140233   -0.133953   -0.120861   -0.114385   -0.106649   -0.10529   -0.105706   

1375000
-10   -9   -8   -7   -6   -5   -4   -3   -2   -1   0   1   2   3   4   5   6   7   8   9   10   11   12   13   14   15   16   17   18   
-0.156721   -0.0504739   0.0562545   0.162879   0.269434   0.374642   0.478339   0.578853   0.680358   0.783288   0.886484   0.988318   1.08468   1.17174   1.24738   1.31065   1.37767   1.45046   1.52099   1.58668   1.64919   1.71099   1.7645   1.79004   1.7208   1.70054   1.59059   1.5758   1.56997   
0.0118928   0.0110319   0.0102844   0.0097276   0.00923446   0.0088352   0.00841352   0.00824515   0.00839377   0.00860646   0.0089578   0.00932121   0.00988448   0.0108058   0.0121855   0.0142944   0.0156301   0.017795   0.0202542   0.0231654   0.0264402   0.0299106   0.0340904   0.040587   0.0557185   0.0678806   0.0913962   0.10519   0.118127   
-0.199624   -0.199177   -0.198666   -0.197972   -0.197216   -0.196188   -0.194983   -0.19305   -0.191228   -0.189908   -0.188823   -0.187671   -0.185645   -0.182141   -0.177097   -0.170359   -0.164828   -0.160575   -0.156484   -0.152241   -0.148114   -0.144411   -0.140265   -0.133924   -0.120861   -0.114381   -0.10665   -0.1053   -0.105708   

1380000
-10   -9   -8   -7   -6   -5   -4   -3   -2   -1   0   1   2   3   4   5   6   7   8   9   10   11   12   13   14   15   16   17   18   
-0.156805   -0.0504791   0.0562298   0.162818   0.269444   0.374611   0.478402   0.578858   0.680364   0.783298   0.886622   0.988388   1.08478   1.1719   1.24731   1.31061   1.37793   1.45075   1.52137   1.58724   1.64939   1.7113   1.76475   1.78959   1.72076   1.70036   1.59044   1.57622   1.57051   
0.0118796   0.0110211   0.0102738   0.00971791   0.00922435   0.00882827   0.00840611   0.00823729   0.00838647   0.00860032   0.00894983   0.00931419   0.00987772   0.0107977   0.0121871   0.0142946   0.0156167   0.0177791   0.0202318   0.0231302   0.0264268   0.0298889   0.034072   0.0406217   0.0557226   0.0679003   0.0914183   0.10514   0.118059   
-0.199614   -0.199178   -0.198663   -0.197963   -0.197219   -0.196182   -0.194995   -0.19305   -0.191228   -0.189909   -0.188849   -0.187685   -0.185664   -0.182171   -0.177083   -0.170354   -0.164872   -0.160621   -0.156541   -0.152318   -0.148143   -0.144453   -0.140297   -0.133886   -0.120862   -0.114376   -0.10665   -0.10531   -0.10571   

1385000
-10   -9   -8   -7   -6   -5   -4   -3   -2   -1   0   1   2   3   4   5   6   7   8   9   10   11   12   13   14   15   16   17   18   
-0.156887   -0.0504825   0.0562051   0.162757   0.269455   0.374578   0.478462   0.578861   0.68037   0.783306   0.886757   0.988455   1.08488   1.17205   1.24722   1.31057   1.37818   1.45104   1.52176   1.5878   1.64959   1.71162   1.765   1.78906   1.72072   1.70014   1.59036   1.57663   1.57104   
0.0118667   0.0110108   0.0102633   0.00970837   0.00921439   0.00882146   0.00839886   0.00822955   0.00837929   0.00859429   0.00894204   0.00930731   0.00987114   0.0107898   0.0121891   0.0142952   0.0156036   0.0177636   0.0202097   0.0230961   0.0264142   0.0298671   0.0340539   0.0406632   0.0557267   0.0679251   0.0914304   0.105091   0.117987   
-0.199604   -0.19918   -0.19866   -0.197953   -0.197223   -0.196175   -0.195006   -0.19305   -0.191229   -0.189911   -0.188874   -0.187698   -0.185682   -0.1822   -0.177069   -0.170348   -0.164915   -0.160666   -0.156598   -0.152394   -0.148171   -0.144493   -0.140329   -0.133839   -0.120863   -0.114369   -0.106652   -0.10532   -0.105712   

1390000
-10   -9   -8   -7   -6   -5   -4   -3   -2   -1   0   1   2   3   4   5   6   7   8   9   10   11   12   13   15   16   17   18   
-0.156968   -0.0504839   0.0561802   0.162696   0.269465   0.374544   0.478521   0.578863   0.680374   0.783313   0.886889   0.988519   1.08497   1.1722   1.24714   1.31052   1.37844   1.45132   1.52213   1.58834   1.64978   1.71193   1.76525   1.78846   1.69987   1.59031   1.57704   1.57157   
0.0118542   0.0110008   0.010253   0.00969898   0.00920456   0.00881478   0.00839171   0.00822191   0.00837221   0.00858838   0.0089344   0.00930058   0.00986475   0.0107821   0.0121907   0.0142961   0.0155906   0.0177483   0.0201879   0.0230621   0.0264017   0.0298461   0.0340361   0.0407106   0.0679543   0.0914392   0.105041   0.117919   
-0.199594   -0.199181   -0.198658   -0.197943   -0.197226   -0.196168   -0.195016   -0.19305   -0.191229   -0.189912   -0.188899   -0.18771   -0.185699   -0.182227   -0.177055   -0.170341   -0.164957   -0.16071   -0.156654   -0.152468   -0.148199   -0.144533   -0.14036   -0.133785   -0.114359   -0.106655   -0.105329   -0.105714   

1395000
-10   -9   -8   -7   -6   -5   -4   -3   -2   -1   0   1   2   3   4   5   6   7   8   9   10   11   12   14   15   16   17   18   
-0.157047   -0.0504833   0.0561552   0.162635   0.269474   0.374508   0.478578   0.578863   0.680375   0.783318   0.887019   0.988579   1.08505   1.17234   1.24706   1.31047   1.37869   1.45159   1.5225   1.58887   1.64997   1.71223   1.76549   1.72067   1.69957   1.59028   1.57744   1.57211   
0.0118419   0.0109912   0.0102429   0.00968974   0.00919484   0.00880822   0.00838468   0.00821438   0.00836528   0.00858257   0.00892693   0.00929399   0.00985852   0.0107747   0.0121922   0.0142969   0.0155779   0.0177335   0.020166   0.0230289   0.0263895   0.0298249   0.0340186   0.0557335   0.0679875   0.0914477   0.104993   0.117858   
-0.199584   -0.199183   -0.198655   -0.197933   -0.197229   -0.19616   -0.195026   -0.193049   -0.191229   -0.189912   -0.188923   -0.187722   -0.185716   -0.182254   -0.177042   -0.170333   -0.164999   -0.160754   -0.156709   -0.152541   -0.148226   -0.144572   -0.14039   -0.120866   -0.114347   -0.106658   -0.105339   -0.105717   

1400000
-10   -9   -8   -7   -6   -5   -4   -3   -2   -1   0   1   2   3   4   5   6   7   8   9   10   11   12   13   14   15   16   17   18   
-0.157124   -0.0504805   0.0561301   0.162574   0.269482   0.37447   0.478635   0.578861   0.680375   0.783321   0.887147   0.988636   1.08514   1.17248   1.24697   1.31043   1.37893   1.45186   1.52288   1.5894   1.65015   1.71253   1.76573   1.78708   1.72093   1.69922   1.59027   1.57784   1.57262   
0.0118301   0.010982   0.010233   0.00968063   0.00918525   0.0088018   0.00837775   0.00820697   0.00835849   0.00857687   0.00891962   0.00928756   0.00985248   0.0107675   0.0121937   0.0142978   0.0155652   0.0177189   0.0201449   0.0229964   0.0263775   0.0298042   0.034002   0.0408182   0.0557098   0.0680247   0.0914499   0.104946   0.11779   
-0.199575   -0.199185   -0.198652   -0.197923   -0.197232   -0.196152   -0.195036   -0.193048   -0.191228   -0.189913   -0.188947   -0.187734   -0.185732   -0.182279   -0.177028   -0.170326   -0.16504   -0.160796   -0.156765   -0.152614   -0.148252   -0.144612   -0.140421   -0.133661   -0.120889   -0.114332   -0.106662   -0.105348   -0.105719   

1405000
-10   -9   -8   -7   -6   -5   -4   -3   -2   -1   0   1   2   3   5   6   7   8   9   10   11   12   13   14   15   16   17   18   
-0.157199   -0.0504754   0.0561049   0.162515   0.26949   0.374432   0.478689   0.578858   0.680371   0.783323   0.887271   0.98869   1.08521   1.17261   1.31038   1.37917   1.45212   1.52324   1.58992   1.65034   1.71283   1.76597   1.78638   1.72117   1.69892   1.59027   1.57823   1.57312   
0.0118186   0.0109733   0.0102232   0.00967166   0.00917578   0.00879549   0.00837092   0.00819964   0.00835183   0.00857127   0.00891247   0.00928125   0.00984662   0.0107605   0.0142986   0.015553   0.0177045   0.0201239   0.0229645   0.026366   0.0297837   0.0339843   0.0408724   0.0556865   0.0680572   0.0914547   0.104897   0.11772   
-0.199565   -0.199187   -0.198648   -0.197913   -0.197235   -0.196144   -0.195046   -0.193046   -0.191227   -0.189913   -0.18897   -0.187744   -0.185746   -0.182304   -0.170319   -0.165081   -0.160838   -0.156819   -0.152685   -0.148279   -0.144649   -0.14045   -0.133598   -0.12091   -0.114321   -0.106667   -0.105357   -0.10572   

1410000
-10   -9   -8   -6   -5   -4   -3   -2   -1   0   1   2   3   4   6   7   8   9   10   11   12   13   14   15   17   18   
-0.157272   -0.0504677   0.0560799   0.269497   0.374391   0.478743   0.578853   0.680367   0.783325   0.887393   0.988741   1.08529   1.17273   1.24688   1.37941   1.45238   1.5236   1.59042   1.65057   1.71312   1.7662   1.78605   1.7214   1.69865   1.57862   1.57362   
0.0118075   0.010965   0.0102137   0.00916642   0.00878929   0.00836418   0.00819243   0.00834527   0.00856577   0.00890547   0.00927508   0.00984098   0.0107538   0.012194   0.0155408   0.0176905   0.020103   0.0229332   0.02635   0.0297635   0.0339673   0.0408985   0.0556668   0.0680868   0.104852   0.117652   
-0.199556   -0.199189   -0.198645   -0.197237   -0.196136   -0.195055   -0.193044   -0.191225   -0.189913   -0.188992   -0.187755   -0.18576   -0.182327   -0.177015   -0.165121   -0.160879   -0.156873   -0.152754   -0.148312   -0.144688   -0.14048   -0.13357   -0.12093   -0.11431   -0.105367   -0.105722   

1415000
-9   -8   -6   -5   -4   -3   -2   -1   0   1   2   3   4   5   6   7   8   9   10   11   12   13   14   15   17   18   
-0.0504574   0.056055   0.269503   0.37435   0.478795   0.578847   0.680361   0.783325   0.887513   0.988788   1.08535   1.17285   1.24703   1.31031   1.37964   1.45263   1.52396   1.59091   1.65119   1.71341   1.76644   1.78556   1.72162   1.69835   1.57901   1.57411   
0.0109573   0.0102044   0.00915718   0.0087832   0.00835754   0.00818533   0.00833883   0.00856036   0.00889862   0.00926905   0.00983554   0.0107473   0.0121866   0.0142993   0.0155288   0.0176767   0.0200825   0.0229026   0.0263092   0.0297435   0.0339509   0.0409366   0.0556476   0.0681191   0.104805   0.11759   
-0.199191   -0.198642   -0.19724   -0.196127   -0.195064   -0.193042   -0.191223   -0.189913   -0.189014   -0.187764   -0.185773   -0.182349   -0.177041   -0.170309   -0.16516   -0.160919   -0.156926   -0.152822   -0.148391   -0.144726   -0.14051   -0.133527   -0.12095   -0.114299   -0.105377   -0.105725   

1420000
-10   -9   -8   -7   -6   -5   -4   -3   -2   -1   0   1   2   3   4   5   6   7   8   9   10   11   12   13   14   15   17   18   
-0.157407   -0.0504443   0.0560299   0.162411   0.269509   0.374308   0.478845   0.578838   0.680353   0.783324   0.88763   0.988833   1.08542   1.17296   1.24716   1.31047   1.37987   1.45288   1.52431   1.59139   1.6518   1.7137   1.76667   1.78522   1.72182   1.69803   1.57939   1.5746   
0.0117864   0.01095   0.0101953   0.00964296   0.00914806   0.00877722   0.008351   0.00817833   0.00833253   0.00855505   0.00889192   0.00926316   0.00983029   0.010741   0.0121796   0.0142915   0.0155171   0.0176631   0.020062   0.0228731   0.0262689   0.0297238   0.0339334   0.0409635   0.0556277   0.0681537   0.104755   0.11753   
-0.199538   -0.199193   -0.198638   -0.197899   -0.197242   -0.196118   -0.195073   -0.19304   -0.191221   -0.189912   -0.189036   -0.187773   -0.185785   -0.18237   -0.177066   -0.170335   -0.165199   -0.160959   -0.156979   -0.152888   -0.14847   -0.144763   -0.140539   -0.133499   -0.120968   -0.114286   -0.105385   -0.105728   

1425000
-9   -8   -7   -6   -5   -4   -3   -2   -1   0   1   2   3   4   5   6   7   8   9   10   11   12   13   14   15   16   17   18   
-0.0504281   0.0560049   0.162439   0.269513   0.374264   0.478894   0.578828   0.680344   0.783324   0.887745   0.988874   1.08547   1.17307   1.24729   1.31065   1.3801   1.45312   1.52466   1.59186   1.65241   1.71399   1.76691   1.78473   1.72201   1.69769   1.59061   1.57977   1.57508   
0.0109433   0.0101865   0.00963135   0.00913904   0.00877135   0.00834456   0.00817144   0.00832636   0.00854983   0.00888537   0.00925739   0.00982523   0.010735   0.0121729   0.0142822   0.0155055   0.0176496   0.0200419   0.0228439   0.0262296   0.0297043   0.0339164   0.0410013   0.0556104   0.0681912   0.0914273   0.104714   0.117476   
-0.199196   -0.198635   -0.197907   -0.197244   -0.196109   -0.195082   -0.193037   -0.191218   -0.189912   -0.189057   -0.187781   -0.185796   -0.18239   -0.177089   -0.170366   -0.165237   -0.160997   -0.157031   -0.152953   -0.148549   -0.1448   -0.140569   -0.133456   -0.120985   -0.114271   -0.106693   -0.105395   -0.105732   

1430000
-9   -8   -7   -6   -5   -4   -3   -2   0   1   2   3   4   5   6   7   8   9   10   11   12   13   14   15   16   17   18   
-0.0504087   0.0559798   0.162467   0.269517   0.374221   0.478942   0.578816   0.680333   0.887858   0.988913   1.08553   1.17317   1.24742   1.31083   1.38032   1.45335   1.525   1.59232   1.65301   1.71427   1.76714   1.78351   1.72219   1.69732   1.59074   1.58015   1.57554   
0.0109372   0.0101778   0.00961986   0.00913014   0.00876558   0.00833823   0.00816466   0.00832031   0.00887897   0.00925175   0.00982035   0.0107292   0.0121666   0.0142731   0.015494   0.0176366   0.0200221   0.0228156   0.0261904   0.0296849   0.0338996   0.0410966   0.0555946   0.0682314   0.0914102   0.104667   0.11741   
-0.199199   -0.198631   -0.197915   -0.197246   -0.1961   -0.19509   -0.193033   -0.191216   -0.189078   -0.187789   -0.185806   -0.182409   -0.177111   -0.170396   -0.165274   -0.161036   -0.157082   -0.153018   -0.148627   -0.144837   -0.140598   -0.133342   -0.121002   -0.114256   -0.106701   -0.105404   -0.105734   

1435000
-10   -9   -8   -7   -6   -5   -4   -3   -2   0   1   2   3   4   5   6   7   8   9   10   11   12   13   14   15   16   17   18   
-0.157502   -0.0503859   0.0559548   0.162495   0.269521   0.374176   0.478987   0.578802   0.680321   0.887968   0.988949   1.08558   1.17326   1.24753   1.311   1.38054   1.45359   1.52534   1.59277   1.6536   1.71454   1.76738   1.78229   1.72236   1.69692   1.5909   1.58054   1.57601   
0.0117534   0.0109316   0.0101693   0.0096085   0.00912134   0.00875992   0.008332   0.00815799   0.00831439   0.00887271   0.00924624   0.00981568   0.0107236   0.0121606   0.0142644   0.0154828   0.0176238   0.0200025   0.0227874   0.0261516   0.0296659   0.0338821   0.041192   0.0555786   0.0682742   0.0913988   0.104622   0.117358   
-0.199532   -0.199202   -0.198627   -0.197923   -0.197248   -0.196091   -0.195098   -0.19303   -0.191212   -0.189098   -0.187796   -0.185815   -0.182427   -0.177132   -0.170425   -0.165311   -0.161073   -0.157133   -0.153081   -0.148704   -0.144873   -0.140628   -0.133228   -0.121018   -0.114238   -0.10671   -0.105413   -0.105739   

1440000
-10   -9   -8   -7   -6   -5   -4   -3   -2   -1   1   2   3   4   5   6   7   8   9   10   11   12   13   14   15   16   17   18   
-0.157505   -0.0503595   0.0559297   0.162522   0.269523   0.374132   0.479032   0.578786   0.680307   0.783321   0.988982   1.08562   1.17335   1.24763   1.31117   1.38076   1.45382   1.52568   1.59322   1.65419   1.71482   1.76762   1.78105   1.72252   1.69664   1.59106   1.58091   1.57645   
0.0117421   0.0109267   0.0101611   0.00959724   0.00911271   0.00875435   0.00832587   0.00815143   0.00830858   0.00853465   0.00924085   0.00981118   0.0107182   0.012155   0.0142559   0.0154717   0.0176112   0.0199831   0.0227596   0.0261132   0.029647   0.0338648   0.0412886   0.0555648   0.0683037   0.0913879   0.104576   0.117296   
-0.199535   -0.199205   -0.198623   -0.19793   -0.197249   -0.196081   -0.195105   -0.193026   -0.191209   -0.189911   -0.187803   -0.185824   -0.182444   -0.177151   -0.170453   -0.165348   -0.16111   -0.157183   -0.153142   -0.14878   -0.144908   -0.140658   -0.133113   -0.121033   -0.114227   -0.10672   -0.105422   -0.105741   

1445000
-10   -9   -8   -7   -6   -4   -3   -2   -1   0   1   2   3   4   5   6   7   8   9   10   11   12   13   14   15   16   17   18   
-0.157506   -0.050329   0.0559047   0.16255   0.269525   0.479074   0.578769   0.680292   0.783319   0.888191   0.989013   1.08566   1.17343   1.24773   1.31133   1.38097   1.45404   1.52601   1.59366   1.65477   1.71509   1.76803   1.7798   1.72267   1.69634   1.59121   1.58129   1.57687   
0.0117313   0.0109224   0.0101531   0.0095861   0.00910419   0.00831984   0.00814498   0.00830288   0.00852975   0.00885851   0.00923558   0.00980687   0.0107131   0.0121498   0.0142478   0.0154609   0.0175989   0.019964   0.0227328   0.0260753   0.0296286   0.033834   0.0413864   0.055552   0.0683363   0.0913664   0.104532   0.11723   
-0.199538   -0.199209   -0.198619   -0.197938   -0.19725   -0.195112   -0.193021   -0.191205   -0.18991   -0.18914   -0.18781   -0.185831   -0.182459   -0.177169   -0.17048   -0.165383   -0.161146   -0.157233   -0.153204   -0.148856   -0.144944   -0.140705   -0.132997   -0.121047   -0.114215   -0.106727   -0.105432   -0.105743   

1450000
-10   -9   -8   -7   -6   -4   -3   -2   -1   0   1   2   3   4   5   6   7   8   9   10   11   12   13   14   15   16   17   18   
-0.157504   -0.0503149   0.0558798   0.162577   0.269525   0.479115   0.578749   0.680276   0.783382   0.888311   0.989041   1.08569   1.17351   1.24782   1.31149   1.38117   1.45426   1.52634   1.59409   1.65535   1.71536   1.76865   1.77853   1.7228   1.69601   1.59139   1.58166   1.57731   
0.0117211   0.0109161   0.0101453   0.00957508   0.00909579   0.00831391   0.00813863   0.00829731   0.00852312   0.00884939   0.00923041   0.00980275   0.0107082   0.0121449   0.0142398   0.0154504   0.0175869   0.0199451   0.0227064   0.0260377   0.0296099   0.033788   0.0414857   0.0555398   0.0683721   0.0913483   0.104487   0.117181   
-0.199541   -0.199211   -0.198615   -0.197946   -0.197251   -0.195119   -0.193017   -0.191201   -0.189922   -0.189165   -0.187816   -0.185837   -0.182474   -0.177185   -0.170506   -0.165418   -0.161182   -0.157282   -0.153264   -0.148931   -0.144979   -0.140775   -0.13288   -0.12106   -0.114202   -0.106736   -0.105441   -0.105748   

1455000
-10   -9   -8   -7   -6   -4   -3   -2   -1   0   1   2   3   4   5   6   7   8   9   10   11   12   13   14   15   16   17   18   
-0.157498   -0.0503732   0.055855   0.162604   0.269526   0.479155   0.578729   0.680258   0.783527   0.888429   0.989066   1.08572   1.17358   1.2479   1.31164   1.38137   1.45448   1.52666   1.59451   1.65592   1.71562   1.76926   1.77729   1.72292   1.69565   1.59157   1.58203   1.57774   
0.0117113   0.0109004   0.0101377   0.00956417   0.00908751   0.00830809   0.00813239   0.00829185   0.00851427   0.0088404   0.00922534   0.0097988   0.0107036   0.0121404   0.0142321   0.0154401   0.017575   0.0199264   0.0226802   0.0260006   0.029592   0.033744   0.0415842   0.0555289   0.0684109   0.091331   0.104441   0.117128   
-0.199545   -0.199208   -0.198611   -0.197953   -0.197252   -0.195126   -0.193011   -0.191197   -0.189951   -0.189189   -0.187821   -0.185843   -0.182487   -0.177199   -0.170531   -0.165452   -0.161217   -0.157331   -0.153323   -0.149005   -0.145013   -0.140845   -0.132766   -0.121072   -0.114186   -0.106746   -0.105449   -0.105752   

1460000
-10   -9   -8   -7   -6   -4   -3   -2   -1   0   1   2   3   4   5   6   7   8   9   10   11   12   13   14   15   16   17   18   
-0.157488   -0.0504308   0.0558304   0.16263   0.269525   0.479192   0.578706   0.68024   0.78367   0.888544   0.989091   1.08575   1.17365   1.24797   1.31178   1.38156   1.45469   1.52698   1.59492   1.65648   1.71588   1.76986   1.77608   1.72303   1.69527   1.59174   1.5824   1.57817   
0.0117021   0.010885   0.0101305   0.00955337   0.00907935   0.00830237   0.00812624   0.0082865   0.00850553   0.00883152   0.00922038   0.00979504   0.0106992   0.0121363   0.0142247   0.01543   0.0175634   0.0199079   0.0226545   0.0259638   0.0295736   0.0336996   0.0416813   0.0555193   0.0684526   0.0913108   0.104394   0.117074   
-0.199548   -0.199204   -0.198607   -0.197961   -0.197253   -0.195132   -0.193006   -0.191192   -0.189979   -0.189212   -0.187826   -0.185848   -0.1825   -0.177212   -0.170555   -0.165485   -0.161251   -0.157379   -0.153381   -0.149079   -0.145047   -0.140912   -0.132656   -0.121084   -0.114169   -0.106755   -0.105458   -0.105755   

1465000
-10   -9   -8   -7   -6   -5   -4   -3   -2   -1   0   1   2   3   4   5   6   7   8   9   10   11   12   13   14   15   16   17   18   
-0.157475   -0.0504879   0.0558061   0.162655   0.269523   0.373963   0.479229   0.578682   0.680221   0.783811   0.888658   0.989113   1.08577   1.1737   1.24804   1.31192   1.38176   1.4549   1.5273   1.59533   1.65704   1.71615   1.77045   1.77488   1.72312   1.69485   1.59192   1.58277   1.5786   
0.0116934   0.0108697   0.0101234   0.00954269   0.00907131   0.00872679   0.00829675   0.0081202   0.00828126   0.00849692   0.00882275   0.00921549   0.00979144   0.0106951   0.0121325   0.0142176   0.0154201   0.0175519   0.0198897   0.0226295   0.0259276   0.0295562   0.0336562   0.041778   0.0555105   0.068497   0.0912898   0.104353   0.117022   
-0.199553   -0.199201   -0.198602   -0.197968   -0.197253   -0.196046   -0.195138   -0.193   -0.191188   -0.190006   -0.189235   -0.187831   -0.185852   -0.182511   -0.177224   -0.170578   -0.165518   -0.161285   -0.157426   -0.153438   -0.149152   -0.145081   -0.140979   -0.132548   -0.121094   -0.114151   -0.106763   -0.105467   -0.105759   

1470000
-10   -9   -8   -7   -6   -5   -4   -3   -2   -1   0   1   2   3   4   6   7   8   9   10   11   12   13   14   15   16   17   18   
-0.157458   -0.0505446   0.0557821   0.16268   0.269521   0.37404   0.479263   0.578656   0.6802   0.78395   0.888769   0.989135   1.08579   1.17375   1.24809   1.38194   1.4551   1.52761   1.59573   1.65758   1.7164   1.77103   1.7737   1.7232   1.69446   1.59211   1.58313   1.57901   
0.0116853   0.0108546   0.0101167   0.00953212   0.00906341   0.0087185   0.00829126   0.00811427   0.00827613   0.00848843   0.0088141   0.0092107   0.00978801   0.0106912   0.0121291   0.0154104   0.0175407   0.0198718   0.0226048   0.0258914   0.0295384   0.0336135   0.0418736   0.0555029   0.0685384   0.0912707   0.104312   0.116965   
-0.199557   -0.199198   -0.198598   -0.197975   -0.197254   -0.196061   -0.195143   -0.192994   -0.191183   -0.190034   -0.189258   -0.187835   -0.185855   -0.18252   -0.177234   -0.16555   -0.161318   -0.157472   -0.153494   -0.149223   -0.145115   -0.141045   -0.132442   -0.121103   -0.114134   -0.106773   -0.105476   -0.105762   

1475000
-10   -9   -8   -7   -6   -5   -4   -3   -2   -1   0   1   2   3   4   5   6   7   8   9   10   11   12   13   14   15   16   17   18   
-0.157437   -0.0506009   0.055758   0.162704   0.269517   0.374117   0.479297   0.578628   0.680179   0.784086   0.888878   0.989155   1.0858   1.1738   1.24814   1.31218   1.38213   1.4553   1.52791   1.59612   1.65813   1.71665   1.77159   1.77253   1.72326   1.69411   1.59229   1.58349   1.57943   
0.0116779   0.0108397   0.0101102   0.00952169   0.00905563   0.0087103   0.00828592   0.00810846   0.00827111   0.00848006   0.00880556   0.00920597   0.00978473   0.0106876   0.0121261   0.014204   0.015401   0.0175297   0.0198543   0.0225807   0.0258562   0.0295206   0.0335716   0.0419686   0.0554979   0.068576   0.0912544   0.104266   0.116913   
-0.199561   -0.199194   -0.198593   -0.197982   -0.197254   -0.196077   -0.195148   -0.192987   -0.191178   -0.19006   -0.18928   -0.18784   -0.185858   -0.182529   -0.177243   -0.170622   -0.165581   -0.161351   -0.157518   -0.15355   -0.149294   -0.145148   -0.14111   -0.132336   -0.12111   -0.114119   -0.106782   -0.105484   -0.105766   

1480000
-10   -9   -8   -7   -6   -5   -4   -3   -2   -1   0   1   2   3   4   6   7   8   9   10   11   12   13   14   15   16   17   18   
-0.157412   -0.0506568   0.0557344   0.162727   0.269513   0.374193   0.479328   0.578599   0.680158   0.78422   0.888985   0.989174   1.08581   1.17383   1.24818   1.38231   1.4555   1.52821   1.59651   1.65867   1.71691   1.77215   1.77135   1.7233   1.69374   1.59246   1.58385   1.57984   
0.0116711   0.010825   0.010104   0.00951137   0.00904796   0.00870222   0.00828069   0.00810275   0.00826619   0.00847182   0.00879713   0.00920131   0.0097816   0.0106843   0.0121235   0.0153917   0.0175189   0.019837   0.0225573   0.0258215   0.0295032   0.0335307   0.0420644   0.0554943   0.0686166   0.0912373   0.104225   0.11686   
-0.199566   -0.199191   -0.198589   -0.197988   -0.197253   -0.196092   -0.195153   -0.192981   -0.191173   -0.190087   -0.189302   -0.187844   -0.18586   -0.182536   -0.177249   -0.165612   -0.161383   -0.157563   -0.153604   -0.149364   -0.145181   -0.141173   -0.132231   -0.121117   -0.114103   -0.106791   -0.105493   -0.10577   

1485000
-10   -9   -8   -7   -6   -5   -4   -3   -2   -1   0   1   2   3   4   5   6   7   8   9   10   11   12   13   14   15   16   17   18   
-0.157383   -0.0507122   0.0557114   0.162749   0.269508   0.374268   0.479358   0.578568   0.680136   0.784351   0.889089   0.989193   1.08582   1.17386   1.24821   1.31243   1.38248   1.45569   1.52851   1.59688   1.6592   1.71716   1.7727   1.77017   1.72334   1.69335   1.59263   1.58419   1.58025   
0.011665   0.0108104   0.0100981   0.00950118   0.00904039   0.00869423   0.00827558   0.00809715   0.00826139   0.00846371   0.00878884   0.0091967   0.00977859   0.0106813   0.0121213   0.0141912   0.0153826   0.0175083   0.0198201   0.0225339   0.0257867   0.0294856   0.0334908   0.0421604   0.0554913   0.0686587   0.0912168   0.104183   0.11681   
-0.199571   -0.199187   -0.198584   -0.197995   -0.197253   -0.196107   -0.195157   -0.192973   -0.191167   -0.190112   -0.189323   -0.187848   -0.185862   -0.182542   -0.177254   -0.170663   -0.165642   -0.161414   -0.157608   -0.153657   -0.149434   -0.145214   -0.141236   -0.132124   -0.121122   -0.114085   -0.1068   -0.105502   -0.105774   

1490000
-10   -9   -8   -7   -6   -5   -4   -3   -2   -1   0   1   2   3   4   5   6   7   8   9   10   11   12   13   14   15   16   17   18   
-0.157349   -0.0507674   0.055689   0.162769   0.269501   0.374342   0.479386   0.578536   0.680115   0.78448   0.889191   0.989212   1.08582   1.17389   1.24822   1.31254   1.38265   1.45588   1.5288   1.59726   1.65972   1.7177   1.77323   1.76898   1.72336   1.69294   1.59281   1.58454   1.58066   
0.0116596   0.0107961   0.0100925   0.00949111   0.00903292   0.00868633   0.0082706   0.00809164   0.00825668   0.00845574   0.00878068   0.00919214   0.00977569   0.0106785   0.0121195   0.0141848   0.0153737   0.0174978   0.0198033   0.0225115   0.0257524   0.0294484   0.0334513   0.0422571   0.0554897   0.0687029   0.0912017   0.104143   0.116763   
-0.199577   -0.199184   -0.198579   -0.198001   -0.197252   -0.196122   -0.195162   -0.192966   -0.191162   -0.190137   -0.189344   -0.187852   -0.185863   -0.182546   -0.177258   -0.170683   -0.165671   -0.161446   -0.157652   -0.15371   -0.149502   -0.14528   -0.141297   -0.132018   -0.121128   -0.114067   -0.106809   -0.10551   -0.105779   

1495000
-10   -9   -8   -7   -6   -5   -4   -3   -1   0   1   2   3   4   5   6   7   8   9   10   11   12   13   14   15   16   17   18   
-0.15731   -0.0508223   0.0556673   0.162788   0.269494   0.374415   0.479413   0.578503   0.784606   0.88929   0.989232   1.08582   1.1739   1.24823   1.31265   1.38282   1.45607   1.52908   1.59762   1.66024   1.7183   1.77376   1.76778   1.72338   1.6925   1.59297   1.58487   1.58107   
0.0116549   0.0107819   0.0100872   0.00948122   0.00902555   0.00867852   0.00826572   0.00808623   0.00844791   0.00877263   0.00918762   0.00977289   0.0106761   0.0121182   0.0141787   0.0153651   0.0174875   0.0197867   0.0224894   0.0257184   0.0294056   0.0334137   0.042354   0.0554896   0.0687483   0.0911798   0.104097   0.116714   
-0.199582   -0.19918   -0.198574   -0.198006   -0.197251   -0.196137   -0.195165   -0.192958   -0.190162   -0.189364   -0.187856   -0.185863   -0.182549   -0.177259   -0.170702   -0.1657   -0.161476   -0.157695   -0.153762   -0.14957   -0.145353   -0.141358   -0.131911   -0.121133   -0.114047   -0.106817   -0.105517   -0.105783   

1500000
-10   -9   -8   -7   -6   -5   -4   -3   -1   0   1   2   4   5   6   7   8   9   10   11   12   13   14   15   16   17   18   
-0.157266   -0.0508769   0.0556465   0.162806   0.269485   0.374487   0.479438   0.578468   0.78473   0.889388   0.989252   1.08583   1.24823   1.31276   1.38298   1.45625   1.52937   1.59798   1.66076   1.7189   1.77427   1.7666   1.72339   1.69205   1.59316   1.58521   1.58146   
0.011651   0.0107679   0.0100822   0.00947146   0.00901828   0.00867081   0.00826096   0.00808006   0.00844018   0.00876469   0.00918312   0.00977018   0.0121173   0.0141729   0.0153566   0.0174775   0.0197704   0.0224675   0.025685   0.0293638   0.0333762   0.0424504   0.0554874   0.0687985   0.0911644   0.104059   0.116657   
-0.199588   -0.199177   -0.19857   -0.198012   -0.19725   -0.196152   -0.195169   -0.192951   -0.190186   -0.189384   -0.18786   -0.185864   -0.177259   -0.170721   -0.165728   -0.161507   -0.157738   -0.153813   -0.149638   -0.145425   -0.141416   -0.131804   -0.121136   -0.114027   -0.106827   -0.105526   -0.105785   

