5000
-10   -9   -8   -7   -6   -5   -4   -3   -2   -1   0   1   2   3   4   5   6   7   8   9   10   11   12   13   14   15   16   17   18   
-0.0859451   -0.0636438   -0.0444065   -0.0284249   -0.0165547   -0.0101931   -0.0110114   -0.0208938   -0.0419527   -0.0766716   -0.0943726   -0.0135697   0.0733384   0.148283   0.213925   0.271883   0.323282   0.369677   0.413021   0.454932   0.496343   0.537645   0.578944   0.620136   0.661014   0.701423   0.741151   0.780013   0.817953   
0.119801   0.112362   0.10527   0.098625   0.0925395   0.0870623   0.0821416   0.0776147   0.0731925   0.0684318   0.0639657   0.0642752   0.0674094   0.0718093   0.0773274   0.084007   0.0918473   0.100724   0.110375   0.120514   0.130933   0.141512   0.152198   0.163048   0.174109   0.185346   0.196807   0.208539   0.220582   
-0.0447304   -0.0455789   -0.0457126   -0.0451386   -0.0437559   -0.0414301   -0.0380673   -0.0336169   -0.0280223   -0.0210993   -0.0184708   -0.0294512   -0.0361942   -0.0398102   -0.0424443   -0.0450149   -0.0479443   -0.0514076   -0.055421   -0.0599399   -0.0649072   -0.0702687   -0.0759744   -0.081989   -0.0882936   -0.0949035   -0.101836   -0.109105   -0.116712   

10000
-10   -9   -8   -7   -6   -5   -4   -3   -2   -1   0   1   2   3   4   5   6   7   8   9   10   11   12   13   14   15   16   17   18   
-0.0649409   -0.0420328   -0.0216314   -0.00444197   0.00843234   0.0156646   0.0162777   0.00960728   -0.00581891   -0.0339657   -0.0814069   -0.0444476   0.0699622   0.149786   0.21413   0.268702   0.316555   0.360492   0.402494   0.443688   0.484779   0.52614   0.567816   0.609604   0.6512   0.569154   0.752169   0.817092   0.871713   
0.109911   0.10151   0.093699   0.0866801   0.0805447   0.0752585   0.0706758   0.0665647   0.0626403   0.0585135   0.0534536   0.0506794   0.0543606   0.0594258   0.0656003   0.0730426   0.0817724   0.0915512   0.102094   0.113142   0.124478   0.135954   0.147501   0.159118   0.170852   0.196508   0.199686   0.215439   0.2292   
-0.0441179   -0.0447941   -0.044789   -0.0439187   -0.0420316   -0.0390548   -0.0351034   -0.0304367   -0.0252083   -0.0191776   -0.0116526   -0.0217195   -0.0374767   -0.0428936   -0.0460529   -0.0490294   -0.0524016   -0.0562211   -0.0604271   -0.0649918   -0.0699013   -0.0751239   -0.0806176   -0.0863606   -0.0923668   -0.0867388   -0.110374   -0.123179   -0.133021   

15000
-10   -9   -8   -7   -6   -5   -4   -3   -2   -1   0   1   2   3   4   5   6   7   8   9   10   11   12   13   14   15   16   17   18   
-0.0566992   -0.0331221   -0.012296   0.00507781   0.0176791   -0.0979855   -0.229705   -0.339576   -0.383878   -0.356668   -0.279975   -0.0807104   0.0604175   0.147068   0.210726   0.263438   0.310053   0.353786   0.396046   0.437567   0.47897   0.530135   0.610691   0.670588   0.732637   0.77791   0.831895   0.678856   0.921403   
0.105988   0.0971401   0.0890275   0.0818881   0.0758108   0.0785255   0.078888   0.0745989   0.0661672   0.0570129   0.0494259   0.0454352   0.0489017   0.0543965   0.0609558   0.0688503   0.0779855   0.0881009   0.0989855   0.110435   0.122215   0.136073   0.153649   0.166823   0.182317   0.192154   0.207338   0.218823   0.232813   
-0.0436585   -0.044308   -0.0441886   -0.0430785   -0.0407696   -0.0107792   0.0140073   0.0316678   0.0375313   0.0344839   0.0282017   -0.010238   -0.0364806   -0.0442535   -0.0478481   -0.0511151   -0.0547085   -0.0586366   -0.062867   -0.067405   -0.0722473   -0.0794543   -0.0931964   -0.101555   -0.109712   -0.114994   -0.121727   -0.101412   -0.132573   

20000
-10   -9   -8   -7   -6   -5   -4   -3   -2   -1   0   1   2   3   4   5   6   7   8   9   10   11   12   13   14   15   16   17   18   
-0.237066   -0.199099   -0.00699101   0.0102616   0.0222189   -0.0547779   -0.291749   -0.410711   -0.382838   -0.303695   -0.212751   -0.128988   0.0464132   0.143306   0.206616   0.258154   0.304553   0.348731   0.391569   0.482712   0.556786   0.617679   0.66522   0.715461   0.763846   0.811067   0.855529   0.899484   0.940951   
0.12905   0.116223   0.086471   0.0792551   0.073244   0.0736799   0.0797207   0.0736053   0.0626645   0.0541625   0.0485232   0.0442908   0.0457371   0.0516005   0.0584381   0.0666266   0.0759878   0.086284   0.0973699   0.115498   0.131261   0.145136   0.156359   0.168306   0.180298   0.192617   0.205183   0.2182   0.23135   
-0.0165239   -0.0130761   -0.0437319   -0.0424297   -0.0397635   -0.0170403   0.0222923   0.0293425   0.0192529   0.0085747   0.00124023   -0.00106002   -0.0337692   -0.0449074   -0.0489482   -0.0524301   -0.0561472   -0.0601189   -0.0643498   -0.0791419   -0.0892406   -0.0959848   -0.100335   -0.104956   -0.109459   -0.114013   -0.118539   -0.12291   -0.127166   

25000
-10   -9   -8   -7   -6   -5   -4   -3   -2   -1   0   1   2   3   4   5   9   11   12   13   14   15   16   17   18   
-0.264075   -0.252514   -0.234214   -0.176699   0.0246574   0.0290045   -0.22211   -0.422679   -0.35186   -0.257555   -0.167865   -0.0838426   0.0280624   0.138882   0.202457   0.253473   0.545769   0.6533   0.698993   0.748675   0.789452   0.830809   0.871217   0.913137   0.940782   
0.130475   0.120802   0.110087   0.0957384   0.0716444   0.0668669   0.0752102   0.0702176   0.0585543   0.0510846   0.0470169   0.0447218   0.0435459   0.0497782   0.0568589   0.0652649   0.119242   0.14532   0.157031   0.169662   0.180179   0.191393   0.203411   0.2164   0.22527   
-0.0207198   -0.0154886   -0.00890589   -0.00490146   -0.0389143   -0.0345252   0.0169817   0.0160466   0.00132395   -0.0100452   -0.0151871   -0.0172188   -0.0295279   -0.0451232   -0.0496973   -0.053364   -0.08878   -0.0975051   -0.100757   -0.104488   -0.107582   -0.111096   -0.114881   -0.118564   -0.122769   

30000
-10   -9   -8   -7   -6   -5   -4   -3   -2   -1   0   1   2   3   5   6   7   11   12   14   16   17   18   
-0.275334   -0.270768   -0.275991   -0.279065   -0.249635   0.0291705   -0.067761   -0.407678   -0.321578   -0.227998   -0.143061   -0.0606572   0.0264656   0.134036   0.440897   0.537569   0.617248   0.675285   0.726006   0.798769   0.876169   0.91643   0.736557   
0.129375   0.120438   0.112586   0.104052   0.0926713   0.065923   0.0668018   0.0653532   0.0544446   0.0481672   0.0451774   0.0441838   0.0432873   0.0484795   0.0702583   0.079049   0.0887074   0.143698   0.156563   0.177319   0.19988   0.212685   0.225069   
-0.0241413   -0.0189121   -0.0111221   -0.00147675   0.00733111   -0.0334443   -0.00701217   0.000681719   -0.0129409   -0.0216083   -0.0249287   -0.0263407   -0.0282022   -0.0450196   -0.0796921   -0.0838089   -0.0857972   -0.096362   -0.0995153   -0.104671   -0.11147   -0.114992   -0.0991272   

35000
-10   -9   -8   -7   -6   -5   -3   -2   -1   0   1   2   3   4   5   6   7   8   9   11   14   15   16   17   18   
-0.282453   -0.298175   -0.295316   -0.297686   -0.308385   -0.292278   -0.392081   -0.296808   -0.208402   -0.127862   -0.0481289   0.030778   0.234368   0.409466   0.535482   0.620246   0.711299   0.727536   0.763007   0.699461   0.809482   0.848592   0.711017   0.920311   0.961928   
0.128274   0.121863   0.112373   0.103339   0.0953345   0.0857493   0.0608017   0.050476   0.0454846   0.04336   0.0432544   0.0440694   0.0516935   0.0593132   0.0654172   0.0720895   0.0788476   0.0909794   0.103937   0.142494   0.17533   0.187054   0.200531   0.210247   0.224897   
-0.026433   -0.0207404   -0.0135005   -0.0047792   0.0059361   0.0165857   -0.00999738   -0.0239856   -0.0294442   -0.0312129   -0.0319283   -0.0323401   -0.063084   -0.0790483   -0.0842689   -0.0842472   -0.083733   -0.0818406   -0.0820126   -0.0950095   -0.102146   -0.105422   -0.0922479   -0.11216   -0.116104   

40000
-10   -9   -8   -7   -6   -5   -4   -3   -2   -1   0   1   2   3   4   5   6   7   8   10   13   16   17   18   
-0.303031   -0.301435   -0.279455   -0.342454   -0.344834   -0.394744   -0.451364   -0.370189   -0.280206   -0.194479   -0.1167   -0.0412712   0.0984738   0.327463   0.472962   0.606578   0.701887   0.780522   0.815418   0.816845   0.789302   0.892168   0.925498   0.740632   
0.128919   0.119712   0.114268   0.105634   0.0962933   0.0906615   0.0729194   0.0552484   0.0470212   0.0430017   0.0417125   0.0422059   0.0458218   0.0508421   0.0555949   0.0592199   0.0634222   0.0687979   0.0788248   0.111233   0.163436   0.196544   0.208325   0.220508   
-0.0282832   -0.0228717   -0.0144119   -0.00525631   0.004428   0.0192063   -0.00147874   -0.0228463   -0.0313387   -0.0351405   -0.0357555   -0.0354667   -0.0462165   -0.0745055   -0.0826747   -0.0857584   -0.0839018   -0.080632   -0.0772269   -0.078377   -0.0972558   -0.10599   -0.109618   -0.0976932   

45000
-10   -9   -8   -7   -6   -5   -4   -3   -2   -1   0   1   2   3   4   5   6   7   8   9   16   18   
-0.309056   -0.309168   -0.323615   -0.363245   -0.375477   -0.430922   -0.440438   -0.348935   -0.263173   -0.185683   -0.110481   -0.00391226   0.186113   0.392921   0.527716   0.667301   0.786265   1.05016   1.15436   1.18681   0.896188   0.753859   
0.127636   0.118857   0.111169   0.105407   0.0966383   0.0905846   0.064987   0.0495438   0.0433473   0.040881   0.0402657   0.0425073   0.0455121   0.0483834   0.0514004   0.0527246   0.053356   0.0423437   0.0446782   0.0522296   0.194521   0.221626   
-0.0298141   -0.0241472   -0.016455   -0.00656812   0.00330788   0.0162004   -0.0154561   -0.0340671   -0.0386186   -0.0388697   -0.0385399   -0.0434429   -0.0594494   -0.0805114   -0.0850495   -0.0864553   -0.0836458   -0.0882872   -0.0839965   -0.0745676   -0.103801   -0.0965783   

50000
-10   -9   -8   -7   -6   -5   -4   -3   -2   -1   0   1   2   3   4   5   6   7   8   9   10   11   18   
-0.269086   -0.324083   -0.313587   -0.336614   -0.407688   -0.433933   -0.45961   -0.344441   -0.258204   -0.179733   -0.0972342   0.0957772   0.25105   0.440643   0.586353   0.72664   0.948309   1.11023   1.20981   1.29343   1.29907   1.24927   0.973155   
0.128156   0.118335   0.113959   0.106322   0.0970271   0.0885097   0.0738351   0.0468736   0.0411074   0.0390067   0.0392514   0.0429733   0.0441041   0.0454171   0.0467234   0.046097   0.0382669   0.0358902   0.0388646   0.0436453   0.0529541   0.0668742   0.220471   
-0.0293849   -0.0253388   -0.0161242   -0.00776036   0.00285548   0.0128815   0.00340661   -0.0367889   -0.0410884   -0.0415073   -0.0421965   -0.0591925   -0.0675902   -0.0838862   -0.0878042   -0.0874539   -0.0911381   -0.091748   -0.0876834   -0.082829   -0.0709665   -0.0579214   -0.109826   

55000
-10   -9   -8   -7   -6   -5   -4   -3   -2   -1   0   1   2   3   4   5   6   7   8   9   10   11   17   18   
-0.27726   -0.308194   -0.340047   -0.379663   -0.413263   -0.466706   -0.419269   -0.335471   -0.252487   -0.170329   0.00358302   0.14773   0.295475   0.471862   0.626521   0.806551   1.01216   1.14814   1.23438   1.31457   1.37566   1.34152   0.936543   0.750261   
0.127216   0.115308   0.108707   0.102968   0.0955494   0.087842   0.0523345   0.0433565   0.03884   0.0375895   0.0401689   0.0416652   0.0421786   0.0426065   0.0426066   0.038298   0.0320642   0.031992   0.0354484   0.040212   0.0469341   0.0582586   0.204645   0.217759   
-0.0302322   -0.0259593   -0.0184979   -0.00905381   0.00135453   0.0073572   -0.0350059   -0.0415   -0.0437466   -0.0442819   -0.0590509   -0.0661678   -0.0723738   -0.0852887   -0.0890983   -0.090965   -0.0954422   -0.094654   -0.0892911   -0.0841271   -0.0776216   -0.0624245   -0.104266   -0.0965397   

60000
-10   -9   -8   -7   -6   -5   -4   -3   -2   -1   0   1   2   3   4   5   6   7   8   9   10   11   12   
-0.314259   -0.311118   -0.352912   -0.346924   -0.42353   -0.476453   -0.4108   -0.327614   -0.247681   -0.0890327   0.0514895   0.183917   0.326858   0.514649   0.687272   0.881858   1.04671   1.16356   1.24594   1.33073   1.39457   1.40739   1.398   
0.123025   0.114034   0.108657   0.103723   0.0984479   0.0858224   0.0473836   0.0400538   0.0367831   0.037878   0.0391168   0.0400627   0.0402415   0.039529   0.0375465   0.0320985   0.0284507   0.0296899   0.0330904   0.0376068   0.0439199   0.0528996   0.0625696   
-0.0325791   -0.0265414   -0.0189443   -0.00961223   0.000469692   0.00263705   -0.0413101   -0.0455005   -0.0459293   -0.0583403   -0.0661608   -0.0704562   -0.0752283   -0.0881849   -0.0927536   -0.0968293   -0.0979997   -0.0956222   -0.0898722   -0.0854011   -0.0790359   -0.0677572   -0.0556972   

65000
-10   -9   -8   -6   -4   -3   -2   -1   0   1   2   3   4   5   6   7   8   9   10   11   12   13   14   18   
-0.283457   -0.316095   -0.329605   -0.440257   -0.399883   -0.322746   -0.187441   -0.0423156   0.0829065   0.225099   0.360947   0.551869   0.742575   0.911277   1.06535   1.16843   1.2517   1.34512   1.40342   1.44494   1.08897   1.46727   1.35558   0.993405   
0.125255   0.113196   0.110768   0.0934727   0.0414193   0.0373941   0.0364568   0.0369147   0.0377909   0.0383307   0.0381796   0.0365345   0.032921   0.0287945   0.0261501   0.028068   0.0313008   0.0355726   0.0416827   0.0490556   0.0890073   0.0615024   0.0783291   0.217965   
-0.0310994   -0.0269716   -0.0178948   -0.000588953   -0.0486101   -0.048066   -0.0568388   -0.0658254   -0.070298   -0.075134   -0.0783396   -0.0906142   -0.0967594   -0.0986221   -0.0993091   -0.0955222   -0.0899937   -0.0868716   -0.0795585   -0.0710646   -0.0518789   -0.0487708   -0.0376945   -0.103929   

70000
-10   -9   -8   -6   -5   -4   -3   -2   -1   0   1   2   3   4   5   6   7   8   9   10   11   12   13   14   15   
-0.318096   -0.320517   -0.355397   -0.535777   -0.469158   -0.400088   -0.295639   -0.144106   -0.0102164   0.115637   0.255749   0.402786   0.601443   0.792557   0.945675   1.07724   1.1706   1.25764   1.33825   1.41783   1.47308   1.50509   1.21857   1.3789   1.43574   
0.120882   0.112531   0.106131   0.0511663   0.0413284   0.0398609   0.0362964   0.035451   0.0356783   0.0364862   0.0365682   0.0357737   0.0330904   0.0291252   0.0257653   0.0244992   0.0267582   0.0298191   0.0341526   0.0396864   0.0458123   0.0511113   0.0823995   0.072855   0.0746106   
-0.0335001   -0.0272669   -0.0198225   -0.0504337   -0.0531971   -0.0490885   -0.0535292   -0.0642796   -0.0705888   -0.0744399   -0.0782733   -0.0823447   -0.0947619   -0.101331   -0.101717   -0.100126   -0.095238   -0.0903645   -0.0854244   -0.0811028   -0.0738539   -0.0639132   -0.0433513   -0.0367333   -0.0317854   

75000
-10   -9   -8   -5   -4   -3   -2   -1   0   1   2   3   4   5   6   7   8   9   10   11   12   13   14   15   16   
-0.289067   -0.333065   -0.366027   -0.468664   -0.395229   -0.2499   -0.111711   0.0192778   0.143116   0.278829   0.420672   0.646372   0.804482   0.967478   1.08725   1.17373   1.25484   1.34174   1.41876   1.47843   1.50771   1.50938   1.52032   1.49531   1.42547   
0.123641   0.112104   0.1105   0.038633   0.0364102   0.0352369   0.0342435   0.0344826   0.0351368   0.0349054   0.0340444   0.0298253   0.0271529   0.0236533   0.023201   0.0256245   0.0286786   0.0328814   0.0380484   0.0433602   0.0484051   0.0537031   0.0585855   0.0660982   0.081213   
-0.0315743   -0.0278914   -0.0191065   -0.0547654   -0.0522765   -0.0619523   -0.0695549   -0.0747166   -0.0776782   -0.0803693   -0.0834906   -0.0987919   -0.101464   -0.103689   -0.100957   -0.0952348   -0.0895494   -0.0856521   -0.0808364   -0.0739417   -0.0634144   -0.0505398   -0.0409033   -0.0318797   -0.0279523   

80000
-10   -9   -8   -6   -5   -4   -3   -2   -1   0   1   2   4   5   6   7   8   9   10   11   12   14   15   16   17   
-0.314291   -0.316897   -0.423548   -0.497712   -0.467726   -0.358324   -0.216326   -0.0836693   0.0410215   0.17367   0.309895   0.458384   0.836117   0.978151   1.08845   1.17263   1.25423   1.33951   1.42175   1.47903   1.52253   1.54042   1.49835   1.45163   1.31236   
0.118603   0.115143   0.10746   0.0889318   0.035697   0.0353303   0.033946   0.0330917   0.0333162   0.033756   0.0331399   0.031652   0.0246612   0.0221856   0.0222909   0.0246913   0.0277201   0.0317589   0.0366962   0.041517   0.0459077   0.0549226   0.0634724   0.075991   0.106405   
-0.0336823   -0.0259168   -0.0210941   -0.0110113   -0.0565956   -0.0595321   -0.0679299   -0.0738695   -0.077477   -0.0813343   -0.0836193   -0.0871476   -0.104572   -0.104396   -0.100646   -0.0946787   -0.0891695   -0.0850431   -0.0810256   -0.0736072   -0.0647556   -0.0417304   -0.0315639   -0.0271196   -0.0360134   

85000
-10   -9   -8   -7   -6   -4   -3   -2   -1   0   1   2   3   4   5   6   7   8   9   10   11   12   13   14   15   16   17   
-0.294046   -0.351471   -0.380385   -0.388248   -0.541565   -0.324205   -0.190847   -0.0578814   0.0659929   0.196023   0.331672   0.494656   0.692712   0.863305   0.990471   1.09028   1.17105   1.2524   1.34061   1.4175   1.47954   1.5149   1.54084   1.53741   1.50648   1.47471   1.23336   
0.122167   0.110668   0.10374   0.099557   0.0376308   0.0342827   0.0326522   0.0320568   0.0322048   0.0323838   0.0315604   0.0292689   0.0256443   0.022613   0.0208758   0.0215102   0.0239009   0.0268683   0.0308467   0.0354109   0.0397003   0.0441297   0.048056   0.053003   0.0607669   0.0715893   0.11996   
-0.0318439   -0.0287138   -0.0209105   -0.0120879   -0.0596199   -0.0658491   -0.0722606   -0.0776258   -0.0806999   -0.0837501   -0.0857056   -0.0908067   -0.102566   -0.107488   -0.105559   -0.100542   -0.0941247   -0.0886395   -0.0850579   -0.0800968   -0.0732591   -0.0631418   -0.0525819   -0.0410434   -0.0315117   -0.0267171   -0.0455309   

90000
-10   -9   -7   -6   -5   -4   -3   -2   -1   0   1   2   3   4   5   6   7   8   9   10   11   12   13   14   15   16   17   18   
-0.296047   -0.332799   -0.518073   -0.542712   -0.430886   -0.297374   -0.163819   -0.0335518   0.08878   0.214344   0.364478   0.502384   0.722816   0.886661   0.994258   1.09333   1.17012   1.25091   1.33437   1.42329   1.48207   1.52612   1.55147   1.5445   1.51003   1.46322   1.41074   1.34175   
0.121629   0.113967   0.0830654   0.0356388   0.0333917   0.0333792   0.0315905   0.0310488   0.0310597   0.0311229   0.0297086   0.0280234   0.0235389   0.0209325   0.0199597   0.0208135   0.0231864   0.0261639   0.0299802   0.0343015   0.0382987   0.0421135   0.0457975   0.0507803   0.0586784   0.0711249   0.0886067   0.112148   
-0.0318656   -0.0264946   -0.0221859   -0.0603053   -0.0641192   -0.0704843   -0.0766267   -0.0810727   -0.0835761   -0.0855958   -0.0893544   -0.0909059   -0.105804   -0.11018   -0.105594   -0.100708   -0.0937147   -0.0882306   -0.0838733   -0.0808584   -0.0733893   -0.0642377   -0.0533201   -0.0412268   -0.0314159   -0.026789   -0.0281757   -0.0373141   

95000
-10   -7   -5   -4   -3   -2   -1   0   1   2   3   4   5   6   7   8   9   10   11   12   13   14   15   16   17   18   
-0.302315   -0.613825   -0.402307   -0.274859   -0.146092   -0.0165887   0.105006   0.235856   0.395495   0.530777   0.747878   0.890852   1.00293   1.09207   1.168   1.24678   1.33608   1.41112   1.47045   1.52052   1.53795   1.53752   1.5136   1.46466   1.43642   1.39645   
0.12121   0.0391573   0.0323963   0.0323204   0.0306735   0.0300406   0.0300173   0.0298049   0.0278926   0.0260379   0.021782   0.0199944   0.0190418   0.0202507   0.0225801   0.025512   0.029227   0.0333042   0.0371268   0.0408724   0.044652   0.049585   0.0568866   0.0695401   0.0839428   0.102081   
-0.0321508   -0.0629457   -0.0694898   -0.0743438   -0.0792226   -0.0833065   -0.0854479   -0.087944   -0.0928988   -0.0938624   -0.108615   -0.110168   -0.106487   -0.100248   -0.0931629   -0.0873898   -0.084045   -0.0787215   -0.0713544   -0.0630979   -0.0513678   -0.0403925   -0.0314024   -0.026806   -0.0269209   -0.0320239   

100000
-10   -7   -6   -5   -4   -3   -2   -1   0   1   2   3   4   5   6   7   8   9   10   11   12   13   14   15   16   17   18   
-0.322931   -0.615007   -0.514876   -0.379593   -0.25315   -0.127718   -0.0049498   0.12304   0.263346   0.400244   0.586363   0.769348   0.900778   1.00369   1.09357   1.16581   1.24712   1.33058   1.40621   1.46603   1.50745   1.5392   1.54242   1.50775   1.47053   1.44263   1.4113   
0.120904   0.0384663   0.0327076   0.0314393   0.0312381   0.029741   0.0290853   0.0289576   0.0283908   0.026946   0.0234325   0.0203011   0.0189908   0.0184133   0.0197247   0.0220264   0.0249618   0.0285668   0.032327   0.035939   0.0397701   0.0431405   0.0478878   0.0560767   0.0677398   0.0820288   0.0988737   
-0.03337   -0.0626368   -0.0665751   -0.0735953   -0.0780139   -0.081935   -0.0846735   -0.0876149   -0.0912403   -0.0928572   -0.101274   -0.111137   -0.111149   -0.106239   -0.100273   -0.0926189   -0.0873477   -0.0830328   -0.0777595   -0.0704138   -0.0608797   -0.0511806   -0.0405402   -0.0311191   -0.0268181   -0.0268418   -0.0310209   

105000
-10   -8   -7   -6   -5   -4   -3   -2   -1   0   1   2   3   4   5   6   7   8   9   10   11   12   13   14   15   16   17   18   
-0.305703   -0.668888   -0.618584   -0.491266   -0.358992   -0.234094   -0.109198   0.0205004   0.147372   0.276018   0.451272   0.58565   0.787868   0.912408   1.00923   1.09217   1.16501   1.24211   1.32448   1.40956   1.47267   1.49939   1.53299   1.5359   1.50573   1.46384   1.44049   1.42592   
0.119961   0.0465445   0.035332   0.0312332   0.0305465   0.0301804   0.0288177   0.0281206   0.0278579   0.0273122   0.0246071   0.0227047   0.0190479   0.0180515   0.0177552   0.0192712   0.0215471   0.0244421   0.0279116   0.0315573   0.0350019   0.0386846   0.0421087   0.0470417   0.055106   0.0675095   0.0813997   0.0959026   
-0.0321348   -0.0627272   -0.0639803   -0.0714096   -0.0771983   -0.0811581   -0.0846609   -0.088292   -0.090798   -0.0923952   -0.0996321   -0.100464   -0.113402   -0.112519   -0.1068   -0.0998606   -0.0923437   -0.0863932   -0.0818996   -0.0782458   -0.0713442   -0.0594586   -0.0502291   -0.0398523   -0.0310056   -0.0270342   -0.0272285   -0.0301202   

110000
-10   -8   -7   -6   -5   -4   -3   -2   -1   0   2   3   4   5   6   7   8   9   10   11   12   13   14   15   16   17   18   
-0.309198   -0.677975   -0.600348   -0.470709   -0.340848   -0.217696   -0.0889643   0.0275373   0.155493   0.289914   0.605743   0.804244   0.915179   1.00986   1.09201   1.16183   1.23865   1.32182   1.39618   1.45591   1.49604   1.52384   1.52883   1.50669   1.46182   1.4381   1.41499   
0.119684   0.0427222   0.0333368   0.0304578   0.0296842   0.0291941   0.0279069   0.0273211   0.0270095   0.0262175   0.0213835   0.0179794   0.0174207   0.0172702   0.0188509   0.021101   0.0239604   0.0273237   0.0307893   0.0341388   0.0376277   0.0412964   0.0463457   0.0540162   0.066914   0.0810118   0.0970021   
-0.0321867   -0.0646817   -0.068385   -0.0751237   -0.0802892   -0.0837692   -0.0876625   -0.0889187   -0.0914846   -0.093778   -0.102886   -0.115491   -0.112568   -0.106645   -0.0996722   -0.0916785   -0.08571   -0.0813647   -0.0759025   -0.0684276   -0.0587511   -0.0490049   -0.0391685   -0.031018   -0.0272399   -0.0276665   -0.0314146   

115000
-10   -8   -7   -6   -5   -4   -3   -2   -1   0   2   3   4   5   6   7   8   9   10   11   12   13   14   15   16   17   18   
-0.318138   -0.456478   -0.578372   -0.452878   -0.324788   -0.20302   -0.0769794   0.0435414   0.168229   0.309817   0.623019   0.804808   0.918563   1.01258   1.09164   1.16012   1.23718   1.32276   1.38614   1.44372   1.4989   1.52086   1.52577   1.50517   1.46326   1.43952   1.42275   
0.118895   0.0924536   0.031948   0.0296908   0.0288503   0.0282945   0.027074   0.0264723   0.0261081   0.0250127   0.0202402   0.0173951   0.0168254   0.0167955   0.0184769   0.020702   0.0235461   0.0268797   0.0300606   0.0333665   0.0367257   0.0403759   0.0455218   0.053298   0.0660368   0.0802028   0.0952828   
-0.0327212   -0.0257281   -0.0729146   -0.0782929   -0.0829627   -0.0860256   -0.0892575   -0.0910115   -0.0929171   -0.0961382   -0.105019   -0.115099   -0.112762   -0.106855   -0.0994756   -0.091277   -0.0853936   -0.081505   -0.0740819   -0.0663146   -0.0590148   -0.0485094   -0.038825   -0.0309788   -0.0274081   -0.0279489   -0.0311376   

120000
-8   -7   -6   -5   -4   -3   -2   -1   0   1   2   3   4   5   6   7   8   9   10   11   12   13   14   15   16   17   18   
-0.388625   -0.560304   -0.43658   -0.309737   -0.18782   -0.0672256   0.0633651   0.185649   0.330155   0.491287   0.638241   0.811844   0.924657   1.01436   1.09039   1.15874   1.23486   1.314   1.37844   1.43529   1.48837   1.51754   1.52626   1.50022   1.4623   1.43407   1.41674   
0.102672   0.0307517   0.0289511   0.0280546   0.0275082   0.0263528   0.02558   0.025154   0.0238176   0.0215256   0.0192495   0.016706   0.0162299   0.0163923   0.0181243   0.0203569   0.023177   0.0263371   0.0293931   0.0326522   0.0360915   0.0396203   0.0446197   0.052976   0.0655887   0.0805424   0.0958902   
-0.0204605   -0.0765028   -0.0811429   -0.0854219   -0.0883232   -0.0904603   -0.093761   -0.0951304   -0.0986398   -0.104053   -0.106959   -0.115834   -0.113456   -0.106958   -0.0991425   -0.0909564   -0.0849405   -0.0799059   -0.0726555   -0.0648595   -0.0574254   -0.0480277   -0.0387823   -0.0308632   -0.0276261   -0.0286196   -0.032081   

125000
-8   -7   -6   -5   -4   -3   -2   -1   0   1   2   3   4   5   6   7   8   9   10   11   12   13   14   15   16   17   18   
-0.414541   -0.544358   -0.4184   -0.290898   -0.170158   -0.0562836   0.0837251   0.203367   0.350885   0.508823   0.652191   0.820083   0.927554   1.0152   1.09026   1.15626   1.23064   1.30713   1.37311   1.4293   1.4797   1.50805   1.5189   1.49719   1.45857   1.43378   1.42069   
0.0951153   0.029718   0.0282747   0.027323   0.0267461   0.0256498   0.0246857   0.0242078   0.0226544   0.0204834   0.0183712   0.0160481   0.0157555   0.0160381   0.0178132   0.0200137   0.0227862   0.0258349   0.0288098   0.0319954   0.0354536   0.0391679   0.0442714   0.0525723   0.0655836   0.0802113   0.0949307   
-0.0256223   -0.0795534   -0.0843004   -0.0885186   -0.0910264   -0.0918724   -0.0966421   -0.0974415   -0.10129   -0.106339   -0.108805   -0.116835   -0.113674   -0.10693   -0.0990145   -0.0904419   -0.0841314   -0.0786144   -0.0716699   -0.0638291   -0.0561293   -0.046917   -0.0381866   -0.0308318   -0.0279425   -0.0290274   -0.0321512   

130000
-9   -8   -7   -6   -5   -4   -3   -2   -1   0   1   2   3   4   5   6   7   8   9   10   11   12   13   14   15   16   17   18   
-0.748036   -0.398053   -0.52805   -0.407338   -0.280157   -0.160683   -0.0394661   0.0832728   0.220786   0.371716   0.524262   0.664938   0.828526   0.928161   1.01743   1.08916   1.15446   1.22721   1.30152   1.37105   1.42526   1.47505   1.50211   1.51311   1.49568   1.45732   1.43058   1.41453   
0.0411738   0.0941357   0.0288349   0.0275467   0.0265745   0.0260405   0.0248693   0.0241275   0.0232837   0.0215678   0.0195536   0.017595   0.0154488   0.0153575   0.015708   0.0175153   0.0197111   0.0224263   0.0253795   0.0283758   0.0314237   0.0348103   0.0386574   0.0439109   0.0521121   0.0653476   0.0804342   0.0957622   
-0.0700041   -0.0294334   -0.0825635   -0.0861488   -0.0901664   -0.0923221   -0.0943003   -0.0960972   -0.0997603   -0.104099   -0.108377   -0.110543   -0.117939   -0.113539   -0.107155   -0.0987351   -0.0900589   -0.0834582   -0.0775483   -0.0713001   -0.0631423   -0.0554089   -0.0462207   -0.0377412   -0.0308583   -0.028226   -0.0296054   -0.0331376   

135000
-8   -7   -6   -5   -4   -3   -2   -1   0   1   2   3   4   5   6   7   8   9   10   11   12   13   14   15   16   17   18   
-0.633663   -0.515705   -0.395637   -0.268293   -0.142942   -0.0211649   0.0949658   0.237922   0.391678   0.53795   0.676759   0.831433   0.931052   1.01731   1.0882   1.1533   1.22454   1.29708   1.36078   1.42365   1.47158   1.49874   1.50926   1.49517   1.4574   1.42977   1.41616   
0.0313557   0.0279896   0.0268818   0.0258858   0.0252552   0.0240756   0.0233937   0.0223924   0.0205821   0.0187245   0.0169126   0.0150102   0.0149499   0.0154287   0.0172393   0.0194612   0.0221104   0.0249723   0.0278891   0.0309983   0.0342437   0.0381203   0.0435   0.0516312   0.0649971   0.0803543   0.0953183   
-0.0804939   -0.0847962   -0.0880912   -0.0919982   -0.0950635   -0.0970054   -0.0975887   -0.102093   -0.106904   -0.110209   -0.11221   -0.118151   -0.113812   -0.107015   -0.0984845   -0.0898081   -0.0829289   -0.0767077   -0.0695151   -0.0628789   -0.0548795   -0.0458172   -0.0374579   -0.0309208   -0.0284833   -0.0300533   -0.0334291   

140000
-9   -8   -7   -6   -5   -4   -3   -2   -1   0   1   2   3   4   5   6   7   8   9   10   11   12   13   14   16   17   18   
-0.444326   -0.618449   -0.504367   -0.380587   -0.254055   -0.135579   -0.00265523   0.109085   0.254796   0.408392   0.550478   0.687008   0.832274   0.934994   1.018   1.08765   1.15129   1.22386   1.2942   1.3532   1.41383   1.46251   1.49589   1.50709   1.45811   1.42875   1.4128   
0.0929501   0.0302439   0.0272301   0.026253   0.0252221   0.0246117   0.0232873   0.0226334   0.0215439   0.019686   0.0179789   0.0163089   0.0146351   0.0145633   0.015168   0.0169974   0.0191866   0.0218745   0.0246333   0.0274564   0.0305608   0.0338594   0.0376624   0.0430518   0.0646131   0.0803756   0.0958025   
-0.0348538   -0.0835916   -0.0868008   -0.0906298   -0.0942416   -0.0960041   -0.0997804   -0.099511   -0.104444   -0.109207   -0.111922   -0.113647   -0.118031   -0.114294   -0.107018   -0.0983168   -0.0893949   -0.0827942   -0.0761736   -0.0682231   -0.0613541   -0.0536595   -0.0454906   -0.0373063   -0.0287081   -0.0304959   -0.0341496   

145000
-10   -9   -8   -7   -6   -5   -4   -3   -2   -1   0   1   2   3   4   5   6   7   8   9   10   11   12   13   14   15   16   17   18   
-0.746714   -0.725291   -0.584088   -0.490766   -0.372146   -0.243467   -0.12083   -0.00527587   0.123687   0.271488   0.423356   0.561803   0.689248   0.835582   0.93421   1.01919   1.08675   1.14942   1.21937   1.29021   1.34732   1.40644   1.45622   1.48874   1.50551   1.49138   1.45679   1.42789   1.41093   
0.0516331   0.0344703   0.0249434   0.0265487   0.0256399   0.0246246   0.0238836   0.0228447   0.0218787   0.0207324   0.0188679   0.0173107   0.0159113   0.0142428   0.0142783   0.0149355   0.0167593   0.0189343   0.0215569   0.0243144   0.0270617   0.0301622   0.0334654   0.0374126   0.042648   0.0511463   0.06459   0.0804139   0.0960799   
-0.0691754   -0.0795513   -0.0863873   -0.0891863   -0.0919555   -0.0958233   -0.0982404   -0.0989479   -0.101546   -0.106831   -0.111283   -0.113489   -0.113754   -0.118364   -0.114   -0.107123   -0.0980958   -0.089009   -0.0819134   -0.075445   -0.0672353   -0.0602315   -0.0528276   -0.0447559   -0.0372085   -0.0310211   -0.0290134   -0.030929   -0.0347491   

150000
-10   -9   -7   -6   -5   -4   -3   -2   -1   0   1   2   3   4   5   6   7   8   9   10   11   12   13   14   15   16   17   18   
-0.654865   -0.503811   -0.481877   -0.358604   -0.2322   -0.104146   0.00495053   0.138576   0.287595   0.436906   0.571859   0.691929   0.839871   0.935204   1.01877   1.08582   1.14761   1.21595   1.28444   1.34252   1.4006   1.4518   1.48383   1.50045   1.49006   1.45727   1.42838   1.41229   
0.0639245   0.0835772   0.025892   0.0250491   0.0240246   0.0231458   0.022211   0.0211436   0.0199645   0.0181201   0.0166898   0.015545   0.0138656   0.0139851   0.0147179   0.0165346   0.0187126   0.0212711   0.0239666   0.0266988   0.0297918   0.0330744   0.0371236   0.0425044   0.0509261   0.0643422   0.080254   0.095767   
-0.0572811   -0.0379955   -0.0906964   -0.094208   -0.0975368   -0.100833   -0.100329   -0.103669   -0.109192   -0.11318   -0.114877   -0.113971   -0.1189   -0.114019   -0.10697   -0.0978731   -0.0886386   -0.0812404   -0.074391   -0.0664408   -0.0593607   -0.0522524   -0.0442651   -0.0369039   -0.031104   -0.0292651   -0.0312493   -0.0350089   

155000
-10   -9   -8   -7   -6   -5   -4   -3   -2   -1   0   1   2   3   4   5   6   7   8   9   10   11   12   13   14   15   16   17   18   
-0.804215   -0.704193   -0.589097   -0.470056   -0.350041   -0.217067   -0.107223   0.0171818   0.153476   0.302898   0.44924   0.581226   0.696498   0.844436   0.937226   1.01891   1.08498   1.14601   1.21319   1.27998   1.33845   1.39574   1.44954   1.4805   1.49707   1.48941   1.45731   1.42798   1.40903   
0.0419004   0.0321105   0.0274349   0.0252866   0.0244919   0.0234003   0.0227253   0.0215605   0.0204317   0.0192352   0.0174389   0.0161294   0.0151404   0.0135178   0.0136998   0.0145204   0.0163353   0.0185257   0.0210127   0.0236515   0.0263704   0.0294458   0.0327001   0.0368117   0.042302   0.0506723   0.0642162   0.08031   0.0963706   
-0.0742867   -0.0845198   -0.0893587   -0.0927301   -0.0955506   -0.0999576   -0.0999661   -0.10207   -0.105836   -0.111458   -0.114926   -0.1162   -0.114523   -0.119515   -0.114229   -0.106918   -0.0976722   -0.0883183   -0.0807009   -0.0735853   -0.0657823   -0.0586521   -0.0519607   -0.0439427   -0.0367234   -0.031206   -0.0295266   -0.0316195   -0.0357026   

160000
-10   -9   -8   -7   -6   -5   -4   -3   -2   -1   0   1   2   3   4   5   6   7   8   9   10   11   12   13   14   16   17   18   
-0.804634   -0.695642   -0.576901   -0.459113   -0.340192   -0.211206   -0.0976244   0.0303704   0.168329   0.316576   0.460303   0.589733   0.701572   0.843509   0.938529   1.01943   1.08421   1.14431   1.2109   1.27632   1.33526   1.39161   1.44372   1.47856   1.49476   1.45807   1.42875   1.40853   
0.0398757   0.0311168   0.0268237   0.0247154   0.023947   0.0228805   0.0221432   0.0209184   0.0197397   0.0185401   0.0168216   0.0156275   0.0147612   0.0132684   0.0134478   0.0143457   0.0161561   0.0183184   0.0207782   0.0233616   0.0260812   0.0291251   0.0324576   0.0364908   0.0420658   0.0639983   0.0801508   0.0964793   
-0.0763314   -0.0864357   -0.0915283   -0.094599   -0.0971287   -0.100721   -0.101328   -0.104001   -0.108039   -0.113442   -0.116503   -0.117416   -0.115196   -0.119176   -0.114335   -0.106941   -0.0974909   -0.0879653   -0.0802575   -0.0729312   -0.0652776   -0.0580616   -0.0512514   -0.0437622   -0.0366204   -0.0297646   -0.0318976   -0.0361297   

165000
-10   -9   -8   -7   -6   -5   -4   -3   -2   -1   0   1   2   3   4   5   6   7   8   9   10   11   12   13   14   16   17   18   
-0.801842   -0.685656   -0.569328   -0.45207   -0.327491   -0.200707   -0.0860566   0.04382   0.182994   0.329425   0.470297   0.59753   0.70691   0.844085   0.938454   1.01915   1.08337   1.14264   1.20925   1.27317   1.33384   1.38806   1.43895   1.4756   1.49313   1.45891   1.42941   1.40921   
0.0367626   0.0300417   0.0262199   0.0241659   0.023409   0.0223333   0.0215597   0.0202906   0.0190784   0.0178847   0.0162616   0.0151776   0.0144149   0.0130125   0.0132266   0.0141721   0.0159626   0.0181125   0.0205785   0.0230949   0.0258532   0.0288367   0.0322169   0.036261   0.0418219   0.0638187   0.080072   0.0963448   
-0.0803024   -0.0887099   -0.0928543   -0.095747   -0.0992316   -0.102328   -0.103045   -0.106008   -0.110264   -0.115318   -0.117936   -0.118545   -0.115949   -0.119116   -0.114216   -0.106834   -0.0972976   -0.0876154   -0.0799444   -0.0723769   -0.0650659   -0.0575705   -0.0506849   -0.0434984   -0.0365678   -0.0299831   -0.0321576   -0.036393   

170000
-10   -9   -8   -7   -6   -5   -4   -3   -2   -1   0   1   2   3   4   5   6   7   8   9   10   11   12   13   14   15   16   17   18   
-0.796354   -0.679941   -0.561013   -0.440494   -0.32065   -0.188407   -0.073792   0.0572886   0.197006   0.341517   0.479559   0.597241   0.712145   0.845718   0.939249   1.01894   1.08255   1.14113   1.20826   1.27057   1.33028   1.38557   1.43545   1.47145   1.49214   1.4885   1.46001   1.43046   1.40783   
0.03453   0.0290484   0.0255951   0.023638   0.0229222   0.0217847   0.0209904   0.0196779   0.0184656   0.0172685   0.0157516   0.0149138   0.0140863   0.0127576   0.013009   0.0140117   0.0157918   0.0179321   0.0204165   0.0228556   0.0256018   0.0285861   0.0319715   0.0361035   0.0415744   0.0500399   0.0635985   0.0799129   0.0966706   
-0.0835553   -0.0901065   -0.0943348   -0.0977298   -0.100264   -0.104272   -0.104902   -0.10805   -0.112433   -0.117096   -0.119284   -0.118273   -0.116703   -0.119257   -0.114252   -0.106744   -0.0971118   -0.087304   -0.0797673   -0.0719285   -0.064502   -0.0572371   -0.0502812   -0.0431389   -0.0365551   -0.0315502   -0.0301871   -0.0323874   -0.0368576   

175000
-10   -9   -8   -7   -6   -5   -4   -3   -2   -1   0   1   2   4   5   6   7   8   9   10   11   12   13   14   15   16   17   18   
-0.787523   -0.671978   -0.550659   -0.430147   -0.313045   -0.175796   -0.0615485   0.0707095   0.209788   0.35278   0.487968   0.599376   0.713606   0.940419   1.01891   1.08167   1.13968   1.2062   1.26876   1.32677   1.38486   1.43296   1.46859   1.48998   1.48858   1.46138   1.43161   1.4079   
0.0342543   0.0283501   0.0249911   0.0231349   0.0224471   0.0212476   0.0204448   0.0190815   0.0178863   0.0166907   0.0152909   0.0146051   0.0138344   0.0128031   0.0138687   0.0156402   0.0177749   0.0202058   0.022657   0.0253475   0.0283871   0.0317274   0.0359167   0.0414415   0.0498513   0.0633776   0.0797417   0.0967039   
-0.0847822   -0.0916855   -0.0961909   -0.0994927   -0.101438   -0.106291   -0.106772   -0.110118   -0.114404   -0.118758   -0.120514   -0.118435   -0.116804   -0.11436   -0.106692   -0.096921   -0.0870156   -0.0793658   -0.0716277   -0.0639472   -0.0571574   -0.050004   -0.042906   -0.0364863   -0.031685   -0.0303629   -0.0325879   -0.0371671   

180000
-10   -9   -8   -7   -6   -5   -4   -3   -2   -1   0   1   2   3   4   5   6   7   8   9   10   11   12   13   16   17   18   
-0.780333   -0.662495   -0.54301   -0.426364   -0.302764   -0.163549   -0.0493178   0.0837598   0.221168   0.36319   0.488606   0.602824   0.713803   0.816654   0.940943   1.01901   1.08082   1.13837   1.20423   1.26727   1.32405   1.3808   1.43139   1.46644   1.46276   1.43326   1.40851   
0.033455   0.0278362   0.0244339   0.0226823   0.0219735   0.0207272   0.0199245   0.0185104   0.0173376   0.0161522   0.0149955   0.0142829   0.0136214   0.0126981   0.0126176   0.0137423   0.015501   0.0176392   0.0199942   0.0224766   0.0251093   0.0281644   0.0314962   0.0357214   0.0631493   0.0795279   0.0966016   
-0.0864411   -0.0934005   -0.0975365   -0.100037   -0.103109   -0.108263   -0.10866   -0.112158   -0.116133   -0.120296   -0.120383   -0.118846   -0.116692   -0.112953   -0.114369   -0.106669   -0.0967398   -0.0867601   -0.0789792   -0.0713793   -0.0635199   -0.0566058   -0.0498389   -0.0427444   -0.0305351   -0.0327372   -0.0373812   

185000
-10   -9   -8   -7   -6   -4   -3   -2   -1   0   1   2   3   4   5   6   7   8   9   10   11   12   13   14   15   16   17   18   
-0.487362   -0.655493   -0.538073   -0.417545   -0.292011   -0.0373174   0.0964082   0.231717   0.359601   0.489862   0.606687   0.715429   0.818576   0.940883   1.01854   1.08023   1.13728   1.20264   1.26468   1.32183   1.37788   1.42805   1.46485   1.48717   1.48899   1.46453   1.43465   1.40867   
0.085027   0.0272642   0.0239189   0.022228   0.0215089   0.0194188   0.0179755   0.0168217   0.0159167   0.0146941   0.0139758   0.0133961   0.0125465   0.0124461   0.0135988   0.0153469   0.0174956   0.0197999   0.0222452   0.0248852   0.0279467   0.0313299   0.0355262   0.0411387   0.0494845   0.0628915   0.0793255   0.0966617   
-0.0459248   -0.0947224   -0.098365   -0.101521   -0.104876   -0.110536   -0.114174   -0.117739   -0.119367   -0.120376   -0.11935   -0.116842   -0.1132   -0.114282   -0.106547   -0.096604   -0.0865417   -0.0786678   -0.0709193   -0.063176   -0.056216   -0.0494758   -0.042638   -0.0364545   -0.0319489   -0.0306718   -0.0329021   -0.0376346   

190000
-10   -9   -8   -7   -6   -5   -4   -3   -2   -1   0   1   2   3   4   5   6   7   8   9   10   11   12   13   15   16   17   18   
-0.446796   -0.65073   -0.530242   -0.408157   -0.281264   -0.152705   -0.0258464   0.108252   0.241475   0.364607   0.49343   0.610704   0.717724   0.817075   0.941224   1.01821   1.07954   1.13641   1.20125   1.2627   1.31997   1.37563   1.42538   1.46393   1.48943   1.46607   1.43648   1.40925   
0.0917394   0.0266674   0.0234632   0.0217872   0.0210563   0.0198943   0.0188843   0.0174719   0.0163377   0.0155205   0.0143714   0.0136876   0.0131639   0.0124325   0.0122824   0.0134715   0.01521   0.0173313   0.0196201   0.0220315   0.0246746   0.0277379   0.0311595   0.0353365   0.0493107   0.0626578   0.0790685   0.0966136   
-0.0426272   -0.0956534   -0.0997207   -0.103119   -0.106654   -0.109736   -0.112364   -0.116071   -0.119228   -0.119979   -0.120802   -0.1199   -0.117123   -0.112838   -0.114268   -0.106454   -0.0964531   -0.0863481   -0.0783997   -0.0705697   -0.0628918   -0.0559243   -0.0491932   -0.0425906   -0.0320739   -0.0308156   -0.0330037   -0.0378341   

195000
-10   -9   -8   -7   -6   -5   -4   -3   -2   -1   0   1   2   3   4   5   6   7   8   9   10   11   12   13   14   16   17   18   
-0.764271   -0.644109   -0.521919   -0.398749   -0.278394   -0.143203   -0.0145484   0.118601   0.250476   0.370657   0.49753   0.61492   0.720377   0.81668   0.941755   1.01795   1.07873   1.13555   1.20002   1.26113   1.31837   1.37383   1.42344   1.46171   1.4858   1.46806   1.43843   1.40989   
0.0303557   0.0260724   0.0230363   0.0213601   0.0206821   0.0194555   0.018374   0.0169964   0.0158847   0.0151192   0.0140572   0.0134199   0.012948   0.0123021   0.0121288   0.0133583   0.0150875   0.0171859   0.0194584   0.0218324   0.0244778   0.0275414   0.0309832   0.0352114   0.0408103   0.0623825   0.0788009   0.0965295   
-0.0913841   -0.0969428   -0.101177   -0.104727   -0.106975   -0.111242   -0.114188   -0.117695   -0.120603   -0.120795   -0.12134   -0.120507   -0.117482   -0.112677   -0.114292   -0.106374   -0.0962842   -0.0861669   -0.0781697   -0.0702924   -0.0626519   -0.0556985   -0.0489979   -0.042437   -0.0365146   -0.0309212   -0.0330973   -0.0380038   

200000
-10   -9   -8   -7   -6   -5   -4   -3   -2   -1   0   1   2   3   4   5   6   7   8   9   10   11   12   13   14   15   16   17   18   
-0.758368   -0.636891   -0.513696   -0.395115   -0.27175   -0.133591   -0.00357116   0.128167   0.258777   0.376713   0.501706   0.619076   0.723243   0.817038   0.942166   1.01774   1.07784   1.13466   1.19897   1.25982   1.31703   1.37242   1.42193   1.46026   1.48544   1.4917   1.46967   1.43965   1.4106   
0.0297628   0.025522   0.0226133   0.0210034   0.0202907   0.0190305   0.0178943   0.0165507   0.0154616   0.0147339   0.0137585   0.0131775   0.0127505   0.0121666   0.0119867   0.0132585   0.0149792   0.0170565   0.0193162   0.0216452   0.0243006   0.0273598   0.0308124   0.0350686   0.0406588   0.0488911   0.0621475   0.0786211   0.0964369   
-0.0926649   -0.0983265   -0.102627   -0.105256   -0.108006   -0.112786   -0.115986   -0.119194   -0.121872   -0.121629   -0.121907   -0.12112   -0.117895   -0.112657   -0.114303   -0.106309   -0.0961051   -0.0859873   -0.0779776   -0.0700628   -0.0624583   -0.0555304   -0.0488556   -0.0423522   -0.0365556   -0.0323719   -0.0310387   -0.0332277   -0.0381318   

205000
-10   -9   -8   -7   -6   -5   -4   -3   -2   -1   0   1   2   3   4   5   6   7   8   9   10   11   12   13   14   15   16   17   18   
-0.751536   -0.629365   -0.50971   -0.390319   -0.263763   -0.124057   0.0068046   0.13702   0.266496   0.382661   0.505831   0.620104   0.726171   0.817975   0.942055   1.01738   1.07729   1.13376   1.19806   1.2587   1.31595   1.37095   1.42076   1.45918   1.48525   1.49236   1.47179   1.44206   1.41168   
0.029383   0.0250883   0.0222375   0.0206481   0.0199007   0.0186114   0.0174435   0.0161341   0.0150665   0.0143683   0.0134774   0.0129754   0.0125673   0.0120378   0.0118526   0.0131435   0.0148615   0.0169417   0.0191932   0.0214733   0.0241436   0.0271891   0.030651   0.0349198   0.0405099   0.0487295   0.0618594   0.0782812   0.0963107   
-0.0938644   -0.0997042   -0.103278   -0.106007   -0.109297   -0.114339   -0.117699   -0.12058   -0.123057   -0.122463   -0.122479   -0.121172   -0.118329   -0.112752   -0.11423   -0.106219   -0.0959872   -0.0858123   -0.0778186   -0.0698712   -0.0623062   -0.0553499   -0.0487545   -0.0423028   -0.0366165   -0.0325041   -0.0311195   -0.0332469   -0.0382312   

210000
-10   -9   -8   -7   -6   -5   -4   -3   -2   -1   0   1   2   3   4   5   6   7   8   9   10   11   12   13   14   15   16   17   18   
-0.745062   -0.624684   -0.505868   -0.383648   -0.255752   -0.114724   0.0159343   0.145222   0.273616   0.388512   0.509951   0.61969   0.725277   0.81942   0.942119   1.01702   1.07682   1.13288   1.19737   1.25775   1.31512   1.36965   1.41981   1.45837   1.48539   1.49264   1.47349   1.4441   1.41259   
0.0288916   0.0247484   0.0218653   0.0202924   0.0195217   0.0181989   0.0170162   0.0157458   0.0146986   0.0140234   0.0132148   0.0127964   0.0124128   0.0119056   0.0117264   0.0130338   0.0147458   0.0168399   0.0190856   0.0213193   0.0240082   0.0270177   0.0305034   0.0347736   0.040349   0.0486061   0.0616192   0.0779879   0.0961873   
-0.0951568   -0.100501   -0.103904   -0.107114   -0.110603   -0.115883   -0.11918   -0.121864   -0.124151   -0.123302   -0.123067   -0.120965   -0.118066   -0.112944   -0.114188   -0.10613   -0.0958825   -0.0856482   -0.0777032   -0.0697124   -0.0621972   -0.0551855   -0.0486763   -0.0422797   -0.0366934   -0.0326175   -0.0312149   -0.0332963   -0.0383315   

215000
-10   -9   -8   -7   -6   -5   -4   -3   -2   -1   0   1   2   3   4   5   6   7   8   9   10   11   12   13   14   15   16   17   18   
-0.739419   -0.621251   -0.500279   -0.376695   -0.247798   -0.105657   0.024281   0.152737   0.280137   0.393971   0.514064   0.62048   0.725425   0.820871   0.942281   1.01667   1.07614   1.13204   1.19664   1.25692   1.31456   1.36869   1.41853   1.45776   1.48565   1.49468   1.47558   1.44518   1.41314   
0.0283637   0.0243794   0.0214924   0.0199449   0.0191549   0.0178053   0.0166134   0.0153868   0.0143569   0.0137026   0.0129726   0.0126138   0.0122619   0.0117889   0.0116089   0.0129355   0.0146415   0.0167526   0.0189149   0.0211813   0.0238817   0.0268534   0.0303573   0.0346331   0.0401893   0.0483469   0.0613386   0.0778283   0.0960947   
-0.096353   -0.101096   -0.104867   -0.108288   -0.111909   -0.117399   -0.120528   -0.123036   -0.12515   -0.124087   -0.123671   -0.120985   -0.118001   -0.113148   -0.114165   -0.106043   -0.0957416   -0.0854961   -0.077542   -0.0695796   -0.0621237   -0.0550706   -0.0485572   -0.0422732   -0.0367769   -0.0327626   -0.0312818   -0.0333975   -0.0384352   

220000
-10   -9   -8   -7   -6   -5   -4   -3   -2   -1   0   1   2   3   4   5   6   7   8   9   10   11   12   13   14   15   16   17   18   
-0.736928   -0.616297   -0.494323   -0.369887   -0.24   -0.0970674   0.0320258   0.159659   0.281883   0.399035   0.517616   0.621958   0.726194   0.820411   0.942515   1.0163   1.0753   1.1318   1.1961   1.25623   1.31392   1.36792   1.41772   1.45736   1.48591   1.49642   1.47743   1.44771   1.41411   
0.0278254   0.0239844   0.0211326   0.0196099   0.018801   0.0174342   0.0162338   0.0150441   0.0141121   0.0134055   0.0127585   0.0124341   0.0121171   0.0116808   0.0115014   0.0128483   0.0145465   0.0166204   0.0187578   0.0210605   0.0236982   0.0266972   0.0302094   0.0345028   0.0400361   0.0481152   0.0610832   0.077463   0.0959503   
-0.0969724   -0.102   -0.105905   -0.109442   -0.113198   -0.118847   -0.121777   -0.124119   -0.125281   -0.124814   -0.124184   -0.12114   -0.118056   -0.113007   -0.114158   -0.105956   -0.0955721   -0.0854282   -0.0774217   -0.0694729   -0.0620119   -0.0549848   -0.0484909   -0.0422807   -0.0368615   -0.0329025   -0.0313565   -0.0333792   -0.0384826   

225000
-10   -9   -8   -7   -6   -5   -4   -3   -2   -1   0   1   2   3   4   6   7   8   9   10   11   12   13   14   15   16   17   18   
-0.732972   -0.610997   -0.488329   -0.363173   -0.232398   -0.0892372   0.0391446   0.165948   0.280539   0.403816   0.516081   0.623814   0.727329   0.820533   0.942394   1.07434   1.13157   1.19567   1.25572   1.31357   1.36729   1.41715   1.45713   1.48609   1.4975   1.47914   1.44972   1.4156   
0.0272918   0.0235926   0.0207876   0.0192878   0.0184602   0.017082   0.0158773   0.01471   0.0139268   0.0131311   0.0125977   0.0122625   0.0119801   0.0115759   0.011395   0.0144612   0.0164969   0.0186118   0.0209519   0.0235244   0.0265521   0.0300635   0.0343602   0.0399006   0.0479458   0.0608455   0.077167   0.0957389   
-0.0978845   -0.102974   -0.106957   -0.110586   -0.114462   -0.120164   -0.122921   -0.125106   -0.124843   -0.125506   -0.123768   -0.121373   -0.118182   -0.112974   -0.114099   -0.095382   -0.0853653   -0.0773257   -0.0693967   -0.0619444   -0.0549203   -0.0484525   -0.0423   -0.0369389   -0.0330273   -0.0314251   -0.0333984   -0.0384941   

230000
-10   -9   -8   -7   -6   -5   -4   -3   -2   -1   0   1   2   3   4   5   6   7   8   9   10   11   12   13   14   15   16   17   18   
-0.728419   -0.605581   -0.482502   -0.356624   -0.224997   -0.0823954   0.0457693   0.171782   0.282749   0.408527   0.516329   0.625851   0.728515   0.821002   0.942288   1.01567   1.07367   1.13128   1.19528   1.25552   1.31338   1.36679   1.4167   1.45713   1.48614   1.4981   1.4813   1.45077   1.41677   
0.0268039   0.0232173   0.020458   0.0189778   0.0181327   0.0167466   0.0155422   0.0143983   0.0136897   0.0128774   0.0124238   0.0121022   0.0118335   0.0114705   0.0112949   0.0126707   0.0143709   0.0163863   0.0184779   0.0207826   0.0233591   0.0264213   0.0299233   0.0342131   0.0397833   0.0478264   0.0605541   0.0770139   0.0955642   
-0.0988903   -0.103969   -0.107981   -0.111706   -0.115698   -0.121293   -0.123986   -0.126022   -0.125073   -0.126207   -0.123684   -0.121645   -0.118319   -0.113005   -0.114042   -0.105807   -0.095243   -0.0852981   -0.077242   -0.0693366   -0.0619046   -0.0548753   -0.0484301   -0.0423394   -0.0370034   -0.0331375   -0.031473   -0.033472   -0.0385256   

235000
-10   -9   -8   -7   -6   -5   -4   -3   -2   -1   0   1   2   3   4   5   6   7   8   9   10   11   12   13   14   15   16   17   18   
-0.723357   -0.600127   -0.476806   -0.350275   -0.217846   -0.0760633   0.0519161   0.177173   0.285837   0.407406   0.517359   0.627896   0.729873   0.821683   0.94221   1.01538   1.07325   1.13095   1.19488   1.25548   1.31332   1.36656   1.41633   1.45724   1.4872   1.4998   1.48262   1.45241   1.41752   
0.0264416   0.0228673   0.020143   0.0186789   0.0178192   0.0164278   0.015228   0.0141078   0.0134493   0.012709   0.0122488   0.0119419   0.0116962   0.0113659   0.011203   0.0125799   0.0142752   0.0162852   0.0183572   0.0206247   0.0232005   0.0262808   0.0297952   0.0340699   0.0396044   0.0476106   0.0603682   0.0767651   0.0954446   
-0.0998841   -0.104968   -0.108985   -0.112795   -0.116896   -0.122336   -0.124971   -0.126868   -0.125476   -0.125848   -0.123751   -0.121926   -0.118495   -0.113076   -0.113991   -0.105738   -0.095151   -0.0852279   -0.0771616   -0.0693062   -0.0618848   -0.0548515   -0.0484193   -0.0423891   -0.0371202   -0.0332577   -0.0315473   -0.0334845   -0.0385807   

240000
-10   -9   -8   -7   -6   -5   -4   -3   -2   -1   0   1   2   3   4   5   6   7   8   9   10   11   12   13   14   15   16   17   18   
-0.718196   -0.594749   -0.471285   -0.344147   -0.210984   -0.0701904   0.0576281   0.182182   0.289137   0.407324   0.518885   0.629962   0.731456   0.822519   0.942149   1.01504   1.0727   1.13057   1.19449   1.25553   1.31335   1.36656   1.41605   1.45738   1.48847   1.50113   1.48487   1.45466   1.41763   
0.0261595   0.0225628   0.0198431   0.0183907   0.0175045   0.0161247   0.0149344   0.0138373   0.0132157   0.0125336   0.0120767   0.0117869   0.0115703   0.0112701   0.0111191   0.0124987   0.0141887   0.0161931   0.0182463   0.0204756   0.023049   0.0261289   0.0296833   0.0339327   0.0394126   0.0474333   0.0600707   0.0764364   0.0954016   
-0.100797   -0.105946   -0.109964   -0.113849   -0.11806   -0.1233   -0.125883   -0.127653   -0.12593   -0.125683   -0.123916   -0.122221   -0.118721   -0.11318   -0.113944   -0.105661   -0.0950363   -0.0851512   -0.077087   -0.0692944   -0.0618804   -0.0548515   -0.0484175   -0.0424434   -0.0372489   -0.033374   -0.031581   -0.0334601   -0.038657   

245000
-10   -9   -8   -7   -6   -5   -4   -3   -2   -1   0   1   2   3   4   5   6   7   8   9   10   11   12   13   14   15   16   17   18   
-0.71321   -0.589627   -0.465981   -0.338304   -0.20433   -0.0646842   0.0629813   0.180779   0.292432   0.408496   0.520719   0.630251   0.732244   0.823409   0.942074   1.01465   1.07203   1.13014   1.1941   1.25563   1.31338   1.36665   1.41613   1.4575   1.48962   1.50288   1.48638   1.45606   1.41899   
0.0258517   0.0222805   0.0195581   0.0181128   0.0172007   0.0158368   0.0146616   0.0136772   0.0129917   0.0123484   0.0119104   0.0116556   0.0114587   0.0111764   0.0110404   0.0124253   0.0141109   0.0161105   0.0181458   0.0203349   0.0229082   0.0259853   0.0295406   0.0338069   0.0392358   0.04722   0.0598591   0.0762279   0.0952018   
-0.101725   -0.106886   -0.110919   -0.114855   -0.119197   -0.124203   -0.126738   -0.127237   -0.126389   -0.125755   -0.124146   -0.122191   -0.118806   -0.113296   -0.113898   -0.105578   -0.0949005   -0.0850697   -0.0770171   -0.0692935   -0.0618807   -0.0548659   -0.0484402   -0.0424969   -0.0373718   -0.0334885   -0.0316359   -0.033487   -0.0386419   

250000
-10   -9   -8   -7   -6   -5   -4   -3   -2   -1   0   1   2   3   4   5   6   7   8   9   10   11   12   13   14   15   16   17   18   
-0.708381   -0.584662   -0.460862   -0.332691   -0.197908   -0.0595397   0.0679266   0.180902   0.295636   0.41016   0.522685   0.629784   0.731847   0.82356   0.941898   1.01424   1.07126   1.12969   1.1937   1.25573   1.31341   1.36677   1.41638   1.45754   1.49054   1.50427   1.48774   1.45658   1.42056   
0.0255281   0.0219953   0.0192806   0.0178444   0.0169103   0.0155642   0.0144052   0.013499   0.0127782   0.0121642   0.0117526   0.0115349   0.0113574   0.0110851   0.0109581   0.0123592   0.0140407   0.0160361   0.018056   0.0202044   0.0227782   0.0258488   0.0293961   0.033696   0.0390797   0.047044   0.0596707   0.0761378   0.0949581   
-0.102656   -0.107805   -0.111842   -0.115824   -0.120302   -0.125045   -0.127526   -0.127111   -0.126839   -0.125925   -0.124408   -0.122023   -0.11867   -0.113282   -0.113841   -0.10549   -0.0947478   -0.0849892   -0.0769496   -0.0692974   -0.061884   -0.0548869   -0.0484812   -0.0425414   -0.0374841   -0.0335966   -0.0316893   -0.0335543   -0.0386124   

255000
-10   -9   -8   -7   -6   -5   -4   -3   -2   -1   0   1   2   3   4   5   6   7   8   9   10   11   12   13   14   15   16   17   18   
-0.705044   -0.584964   -0.462461   -0.327293   -0.191757   -0.0547013   0.0724519   0.182698   0.298706   0.412088   0.524724   0.629951   0.731819   0.823556   0.941718   1.01398   1.07046   1.12924   1.19329   1.25582   1.31344   1.36687   1.41669   1.45776   1.4912   1.50589   1.48978   1.45815   1.4218   
0.0252068   0.0217569   0.019079   0.0175851   0.016632   0.0153062   0.0141502   0.0133024   0.0125758   0.011985   0.0116047   0.0114159   0.011251   0.0110001   0.0108827   0.0122846   0.0139774   0.0159696   0.0179794   0.0200839   0.0226577   0.0257218   0.0292573   0.0335839   0.0389492   0.0468478   0.0593987   0.0759007   0.0947694   
-0.103311   -0.107695   -0.111454   -0.116758   -0.121366   -0.125834   -0.128256   -0.127308   -0.12727   -0.12615   -0.12469   -0.121976   -0.118604   -0.113242   -0.113782   -0.105431   -0.0945925   -0.0849099   -0.0768841   -0.0693019   -0.0618891   -0.0549099   -0.0485307   -0.0425957   -0.0375811   -0.0337012   -0.0317175   -0.0335478   -0.0386069   

260000
-10   -9   -8   -7   -6   -5   -4   -3   -2   -1   0   1   2   3   4   5   7   8   9   10   11   12   13   14   15   16   17   18   
-0.703545   -0.581995   -0.458992   -0.322105   -0.186047   -0.0501213   0.0767181   0.184984   0.301685   0.414307   0.526781   0.630461   0.732001   0.823741   0.941518   1.01381   1.12935   1.19349   1.25589   1.31343   1.36689   1.41701   1.45885   1.49164   1.50724   1.49105   1.46027   1.42265   
0.024894   0.0214895   0.0188291   0.0173347   0.016364   0.0150626   0.0139118   0.013106   0.0123841   0.0118122   0.0114681   0.0113017   0.0111424   0.0109185   0.0108141   0.0122047   0.0158727   0.01786   0.0199715   0.022549   0.0256116   0.0291252   0.0334144   0.0388411   0.0466783   0.0592216   0.0755918   0.0946347   
-0.103613   -0.108227   -0.112055   -0.117659   -0.12235   -0.12658   -0.128946   -0.127604   -0.127692   -0.126439   -0.124983   -0.121996   -0.118578   -0.113237   -0.113721   -0.105388   -0.0849167   -0.0768999   -0.0693069   -0.0618918   -0.0549265   -0.0485837   -0.0427115   -0.0376647   -0.0337985   -0.0317666   -0.0335124   -0.0386269   

265000
-10   -9   -8   -7   -6   -5   -4   -3   -2   -1   0   1   2   3   4   5   6   7   8   9   10   11   12   13   14   15   16   17   18   
-0.700712   -0.578579   -0.455238   -0.317115   -0.180935   -0.0458211   0.0788603   0.187411   0.304712   0.416618   0.527664   0.631195   0.732385   0.82398   0.941294   1.01357   1.06981   1.12961   1.19388   1.25594   1.31338   1.36686   1.41728   1.45988   1.49272   1.50871   1.49238   1.46168   1.42303   
0.0245781   0.0212257   0.0185837   0.0170929   0.0161059   0.014834   0.0137156   0.0129148   0.0122021   0.0116483   0.011353   0.0111926   0.0110398   0.0108338   0.0107521   0.0121327   0.0138304   0.015771   0.0177347   0.0198671   0.0224519   0.025515   0.0290031   0.0332544   0.0386905   0.0465013   0.059038   0.0753808   0.0945561   
-0.104184   -0.108846   -0.112715   -0.118528   -0.123218   -0.127278   -0.129232   -0.127932   -0.128133   -0.126755   -0.125061   -0.122061   -0.118593   -0.113241   -0.113656   -0.105334   -0.0944557   -0.0849476   -0.0769441   -0.0693104   -0.0618917   -0.0549385   -0.0486345   -0.0428243   -0.0377733   -0.0338926   -0.0318084   -0.0335167   -0.0386692   

270000
-10   -9   -8   -7   -6   -5   -4   -3   -2   -1   0   1   2   3   4   5   6   7   8   9   10   11   12   13   14   15   16   17   18   
-0.69745   -0.575042   -0.451421   -0.312313   -0.176152   -0.0417654   0.0764883   0.189844   0.307663   0.418938   0.526875   0.632068   0.732926   0.824342   0.941059   1.01326   1.0695   1.12977   1.19426   1.25594   1.31332   1.36754   1.41745   1.46084   1.49474   1.51017   1.49403   1.46237   1.42281   
0.0242789   0.0209727   0.0183452   0.0168595   0.0158585   0.0146216   0.013592   0.0127318   0.0120311   0.0114947   0.0112396   0.0110887   0.0109433   0.0107556   0.0106961   0.0120676   0.0137611   0.0156791   0.0176184   0.019773   0.0223669   0.0253743   0.0288961   0.0331033   0.0384689   0.0463269   0.0588168   0.0752684   0.0945631   
-0.104839   -0.109487   -0.113391   -0.119367   -0.12403   -0.127932   -0.128645   -0.128266   -0.128569   -0.127081   -0.12483   -0.122155   -0.11864   -0.11327   -0.11359   -0.105268   -0.0943917   -0.0849634   -0.0769895   -0.0693094   -0.0618904   -0.0550176   -0.0486758   -0.0429333   -0.0379272   -0.0339837   -0.0318387   -0.0335563   -0.0387329   

275000
-10   -9   -8   -7   -6   -5   -4   -3   -2   -1   0   1   2   3   4   5   6   7   8   9   10   11   12   13   14   15   16   17   18   
-0.693905   -0.57141   -0.447623   -0.307687   -0.17166   -0.0379148   0.0773591   0.192237   0.310512   0.421234   0.526767   0.632937   0.733623   0.824793   0.940893   1.01288   1.06915   1.12986   1.19457   1.25589   1.3135   1.36831   1.41755   1.4617   1.49642   1.51157   1.49511   1.46241   1.42318   
0.0240128   0.0207351   0.018114   0.0166342   0.0156216   0.0144211   0.0134283   0.0125583   0.0118722   0.0113527   0.0111242   0.0109756   0.0108532   0.0106841   0.010629   0.0120091   0.0136977   0.0155941   0.0175122   0.0196881   0.0222726   0.0252346   0.0288044   0.0329635   0.0382763   0.0461585   0.0586626   0.0752471   0.0944831   
-0.105538   -0.11014   -0.114067   -0.120179   -0.124792   -0.128554   -0.128687   -0.128596   -0.128993   -0.127411   -0.124731   -0.122253   -0.118719   -0.113318   -0.113544   -0.10519   -0.0943204   -0.0849701   -0.0770282   -0.0693043   -0.0619183   -0.0551074   -0.0487112   -0.0430354   -0.0380652   -0.0340695   -0.0318812   -0.0336228   -0.038747   

280000
-9   -8   -7   -6   -5   -4   -3   -2   -1   0   1   2   3   4   5   6   7   8   9   10   11   12   13   14   15   16   17   18   
-0.567764   -0.44388   -0.303228   -0.16744   -0.0343755   0.0789444   0.194608   0.310601   0.420902   0.527061   0.633906   0.734457   0.825278   0.940694   1.01243   1.06872   1.1299   1.19483   1.25582   1.31437   1.36901   1.41843   1.46236   1.49772   1.51285   1.49574   1.46407   1.42501   
0.0205167   0.0178903   0.0164169   0.0153948   0.0142044   0.013262   0.012394   0.0117459   0.0112442   0.0110113   0.0108701   0.0107697   0.0106156   0.010568   0.0119567   0.0136394   0.0155154   0.0174136   0.0196132   0.0221314   0.0251036   0.0286631   0.0328429   0.0381175   0.0460027   0.058565   0.0749992   0.094214   
-0.110797   -0.114736   -0.120964   -0.125507   -0.129143   -0.12887   -0.128929   -0.128907   -0.127251   -0.124711   -0.122374   -0.118827   -0.113373   -0.113492   -0.1051   -0.0942362   -0.0849714   -0.0770616   -0.069298   -0.0620236   -0.0551936   -0.0488101   -0.0431231   -0.0381864   -0.0341512   -0.0319319   -0.033596   -0.0386887   

285000
-9   -8   -7   -6   -5   -4   -3   -2   -1   0   1   2   3   4   5   6   7   8   9   10   11   12   13   14   15   16   17   18   
-0.564333   -0.44022   -0.298926   -0.163446   -0.031036   0.0808073   0.197052   0.309716   0.420275   0.527604   0.635029   0.735352   0.825415   0.940449   1.01228   1.0682   1.1299   1.19505   1.25629   1.31517   1.36966   1.41948   1.46286   1.49876   1.51405   1.49745   1.46598   1.42646   
0.0202984   0.017674   0.0162078   0.0151774   0.0140003   0.0131002   0.0122377   0.0116313   0.0111421   0.0109014   0.010772   0.0106915   0.0105426   0.0105129   0.0118918   0.0135872   0.0154425   0.0173214   0.0195103   0.0220007   0.0249813   0.0285141   0.0327369   0.037982   0.0458573   0.0583429   0.0747242   0.0939947   
-0.11145   -0.115393   -0.121724   -0.126185   -0.129695   -0.129111   -0.129283   -0.128638   -0.127036   -0.12474   -0.122531   -0.118951   -0.113366   -0.113431   -0.105066   -0.0941385   -0.0849668   -0.0770909   -0.0693601   -0.0621233   -0.0552754   -0.0489252   -0.0431982   -0.0382943   -0.0342286   -0.0319531   -0.0335598   -0.038651   

290000
-10   -9   -8   -7   -6   -5   -4   -3   -2   -1   0   1   2   3   4   5   6   7   8   9   10   11   12   13   14   15   16   17   18   
-0.68347   -0.560953   -0.436675   -0.294786   -0.159681   -0.0278805   0.0827615   0.199454   0.309741   0.420298   0.528317   0.635881   0.735426   0.825384   0.940161   1.01219   1.06764   1.12984   1.19524   1.25721   1.3159   1.37018   1.42045   1.46323   1.49953   1.51533   1.49863   1.4674   1.42761   
0.0233523   0.0200835   0.0174658   0.0160069   0.0149689   0.0138072   0.0129462   0.0120908   0.0115107   0.0110381   0.0107951   0.0106814   0.010605   0.0104725   0.0104635   0.0118269   0.01354   0.015375   0.0172354   0.0193823   0.0218784   0.0248713   0.0283748   0.032646   0.0378709   0.0457049   0.0581784   0.0745121   0.0938166   
-0.107488   -0.112091   -0.116029   -0.122459   -0.126822   -0.130214   -0.129373   -0.129635   -0.128541   -0.126946   -0.124804   -0.12264   -0.118922   -0.113331   -0.113362   -0.105043   -0.0940332   -0.0849547   -0.0771158   -0.0694823   -0.0622176   -0.0553463   -0.049035   -0.0432606   -0.038387   -0.0343043   -0.0319838   -0.0335479   -0.0386323   

295000
-10   -9   -8   -7   -6   -5   -4   -3   -2   -1   0   1   2   3   5   6   7   8   9   10   11   12   13   14   15   16   17   18   
-0.680164   -0.557641   -0.433208   -0.290822   -0.156134   -0.0291538   0.0847531   0.201791   0.310232   0.420686   0.529143   0.635328   0.73508   0.825463   1.012   1.06738   1.12973   1.19537   1.2581   1.31653   1.3706   1.42134   1.46463   1.49999   1.51644   1.49936   1.46835   1.42848   
0.0231279   0.0198726   0.017265   0.0158133   0.0147687   0.0136792   0.0128021   0.0119536   0.0113889   0.0109231   0.0106937   0.0105954   0.0105213   0.0104077   0.0117681   0.0134864   0.0153137   0.0171566   0.0192615   0.0217659   0.0247718   0.0282445   0.032487   0.0377877   0.0455692   0.0580706   0.0743686   0.0936731   
-0.108126   -0.112719   -0.116652   -0.123165   -0.127422   -0.129862   -0.129645   -0.12998   -0.128536   -0.126936   -0.124893   -0.122483   -0.118816   -0.113317   -0.105002   -0.0939833   -0.0849346   -0.077134   -0.0696017   -0.0623018   -0.0554064   -0.0491393   -0.043393   -0.0384607   -0.0343748   -0.0320237   -0.0335608   -0.0386298   

300000
-10   -9   -8   -7   -6   -5   -4   -3   -2   -1   0   1   2   4   5   6   7   8   9   10   11   12   13   14   15   16   17   18   
-0.676927   -0.554402   -0.42982   -0.287057   -0.152778   -0.0293875   0.0867113   0.204055   0.31103   0.42134   0.530049   0.635104   0.734952   0.939632   1.01172   1.0675   1.12956   1.19545   1.25893   1.31703   1.3709   1.42209   1.46628   1.50235   1.51764   1.49974   1.46877   1.42899   
0.0229037   0.0196666   0.0170714   0.0156264   0.0145767   0.0135442   0.0126546   0.0118269   0.0112685   0.0108111   0.0105973   0.010513   0.0104424   0.0103727   0.011715   0.0134212   0.0152589   0.0170841   0.0191479   0.0216662   0.0246846   0.0281271   0.0323128   0.0375551   0.0454277   0.0580022   0.074299   0.0935851   
-0.108757   -0.113332   -0.117263   -0.123834   -0.127989   -0.129715   -0.129924   -0.130316   -0.128591   -0.12698   -0.124999   -0.122389   -0.118752   -0.113239   -0.104946   -0.0940013   -0.0849057   -0.0771465   -0.0697149   -0.0623712   -0.0554556   -0.0492318   -0.0435418   -0.0386203   -0.0344445   -0.0320668   -0.0335974   -0.0386475   

305000
-10   -9   -8   -7   -6   -5   -4   -3   -2   -1   0   1   2   3   4   5   6   7   8   9   10   11   12   14   15   16   17   18   
-0.673757   -0.551266   -0.42654   -0.283554   -0.149573   -0.0284335   0.08867   0.206241   0.312107   0.422158   0.531025   0.635101   0.73497   0.825712   0.939488   1.01137   1.06752   1.12934   1.19549   1.25966   1.31743   1.37159   1.42271   1.50435   1.51863   1.50134   1.46868   1.42895   
0.0226809   0.0194666   0.016883   0.0154457   0.0143925   0.0134001   0.0125026   0.0117117   0.0111503   0.0107028   0.0105065   0.010434   0.0103675   0.0102836   0.0103194   0.011667   0.0133616   0.0152094   0.0170174   0.0190429   0.0215757   0.0245779   0.0280219   0.037354   0.0453063   0.0577956   0.0742955   0.0935725   
-0.10938   -0.113924   -0.117862   -0.124454   -0.128532   -0.129805   -0.130219   -0.130642   -0.128704   -0.127057   -0.125122   -0.122338   -0.118716   -0.113305   -0.113203   -0.104875   -0.0940019   -0.0848719   -0.0771542   -0.0698164   -0.0624307   -0.0555417   -0.0493131   -0.0387647   -0.0345089   -0.0320839   -0.0336524   -0.0386899   

310000
-10   -9   -8   -7   -6   -5   -4   -3   -2   -1   0   1   2   3   4   5   6   7   8   9   10   11   12   13   14   15   16   17   18   
-0.670645   -0.548214   -0.423367   -0.280294   -0.146533   -0.0271139   0.090609   0.205778   0.313315   0.42309   0.532105   0.635253   0.735095   0.825849   0.939296   1.01096   1.06745   1.12969   1.19552   1.26034   1.31774   1.37282   1.42321   1.46907   1.50596   1.51975   1.50249   1.46804   1.42838   
0.0224619   0.0192729   0.0166987   0.0152715   0.0142161   0.0132575   0.0123589   0.0116171   0.0110356   0.0105986   0.010422   0.0103587   0.0102966   0.0102241   0.0102711   0.0116237   0.0133075   0.0151353   0.0169562   0.0189441   0.0214944   0.0244421   0.0279292   0.0320069   0.0371853   0.0451751   0.0576408   0.0743682   0.0936249   
-0.109994   -0.114498   -0.118449   -0.125025   -0.129045   -0.12997   -0.130512   -0.130469   -0.128846   -0.127159   -0.125269   -0.122317   -0.118701   -0.113301   -0.113158   -0.104796   -0.093987   -0.0849266   -0.0771608   -0.0699113   -0.0624789   -0.0556825   -0.0493833   -0.0438069   -0.0388911   -0.0345731   -0.0321098   -0.0337273   -0.0387472   

315000
-10   -9   -8   -7   -6   -5   -4   -3   -2   -1   0   1   2   3   5   6   7   8   9   10   11   12   13   14   15   16   17   18   
-0.667581   -0.545229   -0.420277   -0.277171   -0.143655   -0.0256431   0.0925066   0.204944   0.3146   0.424096   0.532998   0.635515   0.73532   0.826023   1.01077   1.06731   1.13026   1.19572   1.26095   1.31872   1.37392   1.42355   1.47018   1.50726   1.52052   1.50326   1.47015   1.42878   
0.0222503   0.0190861   0.0165201   0.0151041   0.0140472   0.0131193   0.0122225   0.011516   0.0109249   0.0104992   0.0103451   0.0102871   0.0102295   0.0101697   0.0115741   0.0132576   0.0150523   0.0168899   0.0188517   0.0213806   0.0243161   0.0278511   0.0318781   0.0370444   0.0450754   0.0575318   0.0740659   0.0935427   
-0.110598   -0.115057   -0.11902   -0.125572   -0.129531   -0.130167   -0.130799   -0.130232   -0.129007   -0.127279   -0.125386   -0.122318   -0.118706   -0.113305   -0.104757   -0.0939589   -0.0850164   -0.0771915   -0.0699982   -0.0626045   -0.0558111   -0.0494382   -0.0439204   -0.0390023   -0.0346303   -0.032142   -0.0336725   -0.038746   

320000
-10   -9   -8   -7   -6   -5   -4   -3   -2   -1   0   1   2   3   5   6   7   8   9   10   11   12   13   14   15   16   17   18   
-0.664552   -0.5423   -0.417269   -0.274175   -0.140922   -0.0240993   0.0943525   0.204753   0.31593   0.42515   0.532414   0.63577   0.735632   0.826197   1.01076   1.06713   1.13075   1.19663   1.2615   1.31981   1.37491   1.42497   1.47115   1.50825   1.52163   1.5037   1.47199   1.43069   
0.0220488   0.018908   0.0163468   0.0149433   0.0138858   0.0129872   0.012093   0.0114132   0.010819   0.0104051   0.0102741   0.0102078   0.0101669   0.0101195   0.0115188   0.0132113   0.0149755   0.0167882   0.0187646   0.0212638   0.0242003   0.027705   0.0317596   0.0369298   0.0449459   0.0574624   0.0738014   0.0932629   
-0.111192   -0.115603   -0.119577   -0.126097   -0.129991   -0.130381   -0.13108   -0.130119   -0.129179   -0.127412   -0.125219   -0.122322   -0.118728   -0.113311   -0.104752   -0.0939271   -0.0850945   -0.0773264   -0.0700791   -0.0627435   -0.0559295   -0.0495846   -0.0440237   -0.0390981   -0.0346906   -0.0321789   -0.0336325   -0.0386759   

325000
-10   -9   -8   -7   -6   -5   -4   -3   -2   -1   0   1   2   3   4   5   6   7   8   9   10   11   12   13   14   15   16   17   18   
-0.661535   -0.539409   -0.414334   -0.27131   -0.138309   -0.0225006   0.096138   0.204958   0.317279   0.42625   0.532063   0.636091   0.735927   0.826227   0.938527   1.01065   1.06691   1.13117   1.19746   1.26201   1.32079   1.37574   1.42641   1.47199   1.50894   1.52223   1.50401   1.47349   1.43225   
0.0218627   0.0187416   0.0161784   0.0147893   0.0137322   0.0128624   0.0119707   0.0113105   0.0107184   0.0103173   0.0101944   0.0101308   0.0101011   0.0100664   0.0101514   0.0114689   0.0131686   0.0149041   0.0166939   0.0186829   0.0211559   0.0240952   0.0275596   0.0316552   0.0368408   0.0448653   0.0574087   0.0735866   0.0930301   
-0.111775   -0.116135   -0.120121   -0.126598   -0.13043   -0.130608   -0.131351   -0.130084   -0.129359   -0.127558   -0.125102   -0.122341   -0.11875   -0.113295   -0.11299   -0.10473   -0.0938877   -0.0851621   -0.0774508   -0.070153   -0.06287   -0.0560328   -0.0497342   -0.044117   -0.039177   -0.0347427   -0.0322151   -0.0336096   -0.0386231   

330000
-10   -9   -8   -7   -6   -5   -4   -3   -2   -1   0   1   2   3   5   6   7   8   9   10   11   12   13   14   15   16   17   18   
-0.658507   -0.536539   -0.411469   -0.268563   -0.139225   -0.0208476   0.0978569   0.205467   0.318628   0.427013   0.531921   0.636511   0.73624   0.82621   1.01045   1.06664   1.13153   1.19819   1.26245   1.32163   1.37648   1.42773   1.47264   1.51038   1.5232   1.50543   1.47473   1.43357   
0.0216981   0.0185894   0.0160148   0.0146417   0.0136293   0.0127469   0.0118553   0.0112089   0.0106244   0.0102372   0.0101153   0.0100581   0.0100358   0.0100098   0.0114237   0.0131294   0.0148377   0.0166068   0.0186064   0.0210576   0.0239984   0.0274246   0.0315659   0.0366916   0.0447498   0.0572305   0.0734107   0.0928313   
-0.112349   -0.116655   -0.120652   -0.127077   -0.130153   -0.130847   -0.131613   -0.130111   -0.129544   -0.127645   -0.125027   -0.12238   -0.118777   -0.113269   -0.104691   -0.0938393   -0.0852204   -0.0775612   -0.0702204   -0.0629818   -0.0561278   -0.049874   -0.0441964   -0.0392879   -0.0347971   -0.0322332   -0.033601   -0.0385848   

335000
-10   -9   -8   -7   -6   -5   -4   -3   -2   -1   0   1   2   3   4   5   6   7   8   9   10   11   12   13   15   16   17   18   
-0.659109   -0.533841   -0.408668   -0.265953   -0.138033   -0.0192567   0.0995104   0.206145   0.319984   0.426296   0.531935   0.637045   0.736605   0.826209   0.938094   1.01017   1.0663   1.13181   1.19886   1.26287   1.32236   1.37712   1.42892   1.47338   1.52375   1.50655   1.47552   1.43469   
0.0215871   0.0184325   0.0158557   0.0144958   0.0135117   0.0126313   0.0117471   0.0111092   0.0105375   0.0101642   0.0100389   0.00998986   0.00997521   0.00995693   0.0100765   0.0113829   0.0130946   0.0147761   0.0165248   0.0185346   0.0209662   0.0239098   0.0273002   0.0314724   0.0446754   0.0570811   0.0732917   0.0926542   
-0.112183   -0.11717   -0.121173   -0.127537   -0.130305   -0.131083   -0.131864   -0.130172   -0.129734   -0.127448   -0.124982   -0.122444   -0.118815   -0.113246   -0.112898   -0.104637   -0.0937805   -0.0852687   -0.0776633   -0.070284   -0.0630821   -0.0562125   -0.0500028   -0.0442781   -0.0348445   -0.0322541   -0.0336101   -0.038556   

340000
-10   -8   -7   -6   -5   -4   -3   -2   -1   0   1   2   3   4   5   6   7   8   9   10   11   12   13   14   15   16   17   18   
-0.657886   -0.405931   -0.26349   -0.136571   -0.0178239   0.0993364   0.206924   0.318981   0.425947   0.532067   0.637644   0.736794   0.826222   0.938019   1.00984   1.06651   1.13205   1.19946   1.26324   1.32303   1.37765   1.42994   1.47536   1.51436   1.52449   1.50741   1.47588   1.43559   
0.0214264   0.0157012   0.0143469   0.0133845   0.0125007   0.0116626   0.0110121   0.0104707   0.0100921   0.0099653   0.00992671   0.00991619   0.00990823   0.0100331   0.011346   0.0130423   0.0147188   0.0164479   0.0184674   0.0208813   0.023831   0.0271883   0.0312931   0.0363128   0.0445848   0.0569658   0.0732286   0.0925134   
-0.112427   -0.121683   -0.127978   -0.130525   -0.131306   -0.131757   -0.130256   -0.129469   -0.127323   -0.124961   -0.122522   -0.118823   -0.113226   -0.11288   -0.104574   -0.093818   -0.0853087   -0.0777572   -0.0703418   -0.0631742   -0.0562847   -0.0501178   -0.0444461   -0.0395624   -0.0348936   -0.0322801   -0.0336364   -0.0385414   

345000
-10   -9   -8   -7   -6   -5   -4   -3   -2   -1   0   2   3   4   5   6   7   8   9   10   11   12   14   15   16   17   18   
-0.656179   -0.528813   -0.403259   -0.265075   -0.135093   -0.0164204   0.0985727   0.207772   0.318513   0.425845   0.532287   0.736562   0.826242   0.9379   1.00944   1.06677   1.13223   1.20002   1.26356   1.32361   1.37804   1.43085   1.51579   1.52519   1.50806   1.47578   1.43621   
0.0212649   0.0181091   0.0155513   0.0142301   0.0132475   0.0123774   0.0115885   0.0109179   0.0104026   0.0100213   0.00989447   0.00985448   0.00986359   0.00999337   0.0113127   0.0129903   0.0146652   0.0163752   0.0184053   0.0208029   0.0237626   0.0270863   0.0361703   0.044499   0.0568751   0.0732333   0.0924129   
-0.11277   -0.118166   -0.122182   -0.127608   -0.130762   -0.131523   -0.131531   -0.130356   -0.129308   -0.127246   -0.124958   -0.118751   -0.113206   -0.112854   -0.1045   -0.0938629   -0.0853411   -0.077844   -0.0703922   -0.0632564   -0.056343   -0.0502233   -0.0396732   -0.0349403   -0.0323083   -0.0336819   -0.0385418   

350000
-10   -9   -8   -7   -6   -5   -4   -3   -2   -1   0   1   2   3   4   5   6   7   8   9   10   11   12   13   14   15   16   17   18   
-0.65431   -0.526375   -0.40065   -0.263519   -0.133574   -0.0150396   0.0984067   0.208666   0.318372   0.425918   0.532579   0.6379   0.736434   0.826258   0.937735   1.0095   1.06697   1.13237   1.20053   1.26382   1.32407   1.37952   1.43161   1.47869   1.51691   1.52564   1.50845   1.47527   1.43645   
0.0211042   0.017955   0.0154061   0.014096   0.0131158   0.0122601   0.0115164   0.0108273   0.0103308   0.00995216   0.00982665   0.00980593   0.00979612   0.00982311   0.00995696   0.0112656   0.0129419   0.0146155   0.0163062   0.0183484   0.0207332   0.0236327   0.0269949   0.0309827   0.0360545   0.0444356   0.0568207   0.0732919   0.0923636   
-0.113147   -0.118644   -0.12267   -0.127868   -0.131009   -0.131737   -0.131423   -0.130466   -0.129215   -0.127204   -0.12497   -0.122503   -0.118699   -0.113186   -0.11282   -0.104511   -0.0938999   -0.0853667   -0.0779249   -0.0704348   -0.0633247   -0.0565105   -0.0503154   -0.0447408   -0.0397692   -0.0349818   -0.0323416   -0.0337401   -0.0385597   

355000
-10   -9   -8   -7   -6   -5   -4   -3   -2   -1   0   1   2   3   4   5   6   7   8   9   10   11   12   13   14   15   16   17   18   
-0.652364   -0.52399   -0.398103   -0.261848   -0.132049   -0.0136559   0.0985686   0.209586   0.318399   0.426119   0.53293   0.637635   0.736384   0.826253   0.937522   1.00947   1.06711   1.13248   1.201   1.26421   1.32482   1.38084   1.43223   1.48007   1.51775   1.52629   1.50858   1.47483   1.43623   
0.0209451   0.0178054   0.0152656   0.0139647   0.0129889   0.012148   0.0114396   0.0107409   0.010252   0.00988487   0.00976169   0.00974606   0.00974087   0.00978513   0.00992413   0.0112227   0.0128966   0.0145695   0.0162408   0.0182873   0.0206511   0.0235136   0.0269148   0.0308511   0.0359612   0.0443562   0.0567881   0.0733385   0.0923749   
-0.113539   -0.11911   -0.123148   -0.128154   -0.131258   -0.131954   -0.131387   -0.130583   -0.129162   -0.127188   -0.124994   -0.122418   -0.118663   -0.113162   -0.112776   -0.104505   -0.0939271   -0.0853873   -0.078   -0.0704951   -0.0634255   -0.0566642   -0.0503946   -0.0448696   -0.03985   -0.0350259   -0.0323732   -0.0337909   -0.0385957   

360000
-10   -9   -8   -7   -6   -5   -4   -3   -2   0   1   2   3   4   5   6   7   8   9   10   11   12   13   15   16   17   18   
-0.650388   -0.521658   -0.395615   -0.260164   -0.130517   -0.0122843   0.0988069   0.210516   0.318597   0.53335   0.637484   0.736399   0.826207   0.937266   1.00935   1.0672   1.13254   1.20144   1.26542   1.32599   1.38203   1.43272   1.4813   1.52668   1.50843   1.47713   1.43556   
0.0207883   0.0176601   0.0151296   0.0138367   0.0128664   0.0120407   0.0113461   0.0106586   0.0101749   0.00970013   0.00968884   0.00968865   0.00973975   0.00989459   0.0111838   0.0128542   0.014527   0.016179   0.0181865   0.020548   0.023404   0.0268457   0.0307302   0.0443003   0.0567952   0.0730204   0.0924454   
-0.113939   -0.119563   -0.123616   -0.128443   -0.131511   -0.13217   -0.131382   -0.130705   -0.129142   -0.125034   -0.122356   -0.118639   -0.113134   -0.112725   -0.104483   -0.0939455   -0.0854009   -0.0780707   -0.0706654   -0.0635777   -0.0568044   -0.050461   -0.0449883   -0.0350647   -0.0324093   -0.0337302   -0.0386453   

365000
-10   -9   -8   -7   -6   -5   -4   -3   -2   -1   0   1   2   3   4   5   6   7   8   9   10   11   12   13   14   15   16   17   
-0.648403   -0.519378   -0.393184   -0.258495   -0.128979   -0.0109508   0.0992043   0.211447   0.31892   0.426717   0.53388   0.637421   0.736458   0.82619   0.936984   1.00917   1.06726   1.13256   1.20184   1.26653   1.32702   1.38306   1.43421   1.4824   1.5203   1.52696   1.50977   1.47903   
0.0206342   0.0175188   0.014998   0.013712   0.0127479   0.0119381   0.0112566   0.0105806   0.0100999   0.00974971   0.00964228   0.00963419   0.00963922   0.0096946   0.0098681   0.0111488   0.0128143   0.0144878   0.0161208   0.0180922   0.020454   0.0233041   0.0267146   0.0306205   0.0357087   0.0442574   0.05663   0.0727558   
-0.114339   -0.120005   -0.124074   -0.128731   -0.131768   -0.13238   -0.131408   -0.130829   -0.129148   -0.127202   -0.125097   -0.122311   -0.118623   -0.113114   -0.112669   -0.10445   -0.093957   -0.0854083   -0.0781357   -0.0708242   -0.0637127   -0.0569292   -0.0506132   -0.0450968   -0.0400481   -0.0351001   -0.0324261   -0.0336871   

370000
-10   -9   -8   -7   -6   -5   -4   -3   -2   -1   0   1   2   3   4   5   6   7   8   9   10   11   12   13   14   15   16   17   18   
-0.646419   -0.517144   -0.390817   -0.256841   -0.127475   -0.00965607   0.0997095   0.212389   0.319335   0.427073   0.534476   0.637426   0.736501   0.826165   0.936743   1.00892   1.06726   1.13295   1.20219   1.26754   1.32792   1.384   1.43581   1.48332   1.52165   1.52757   1.51115   1.48063   1.43733   
0.0204831   0.0173818   0.0148703   0.0135907   0.0126334   0.01184   0.0111702   0.0105072   0.010027   0.00968236   0.00958811   0.00958231   0.00958747   0.00965311   0.00984164   0.0111171   0.0127776   0.0144334   0.0160659   0.0180046   0.0203679   0.023212   0.0265768   0.0305242   0.0355783   0.044182   0.0564569   0.072533   0.0921622   
-0.114739   -0.120436   -0.124521   -0.129018   -0.132019   -0.132585   -0.131454   -0.130957   -0.129172   -0.127224   -0.125176   -0.122279   -0.118606   -0.113092   -0.112622   -0.104404   -0.0939597   -0.0854763   -0.0781948   -0.0709689   -0.0638332   -0.0570455   -0.0507767   -0.0451933   -0.0401513   -0.0351402   -0.0324412   -0.0336577   -0.0385888   

375000
-10   -9   -8   -7   -6   -5   -4   -2   -1   0   1   2   3   4   5   6   7   8   9   10   11   12   14   15   16   17   18   
-0.644441   -0.514958   -0.38853   -0.255206   -0.126011   -0.00839023   0.100288   0.319816   0.427486   0.535127   0.637436   0.73654   0.826123   0.936783   1.0086   1.06721   1.13369   1.20251   1.26848   1.32874   1.38484   1.43726   1.52258   1.528   1.5123   1.48197   1.43927   
0.0203359   0.0172501   0.0147465   0.0134725   0.0125227   0.0117466   0.0110866   0.00995658   0.00961833   0.00953815   0.00952696   0.00953481   0.00961497   0.00980104   0.0110885   0.0127434   0.0143657   0.0160143   0.0179216   0.0202877   0.023127   0.0264503   0.0354824   0.0441252   0.0563137   0.0723417   0.0918815   
-0.115136   -0.120856   -0.124952   -0.129303   -0.132265   -0.132786   -0.131516   -0.12921   -0.127259   -0.125269   -0.122251   -0.118589   -0.113066   -0.112629   -0.104347   -0.0939549   -0.0855989   -0.0782481   -0.0711056   -0.0639453   -0.0571511   -0.0509274   -0.0402329   -0.0351769   -0.0324611   -0.033639   -0.0385142   

380000
-10   -9   -8   -7   -6   -5   -4   -3   -2   -1   0   1   2   3   4   5   6   7   8   9   10   11   12   14   15   16   17   18   
-0.64247   -0.512809   -0.386339   -0.25362   -0.124587   -0.00712909   0.100916   0.21256   0.320343   0.427983   0.534724   0.637464   0.73661   0.82606   0.936775   1.00833   1.06714   1.13435   1.20279   1.26937   1.32949   1.38558   1.43853   1.52411   1.52825   1.51323   1.48314   1.44098   
0.0201934   0.0171243   0.0146265   0.0133576   0.0124157   0.011658   0.0110058   0.010383   0.00988888   0.0095578   0.0094847   0.00947023   0.00948537   0.00958027   0.00976375   0.01106   0.0127117   0.0143025   0.0159658   0.0178425   0.0202125   0.0230493   0.026336   0.0353394   0.0440867   0.0561937   0.072176   0.0916329   
-0.115529   -0.121265   -0.125364   -0.12958   -0.132504   -0.132989   -0.131588   -0.130886   -0.129259   -0.127312   -0.125156   -0.122228   -0.118579   -0.113035   -0.112626   -0.104298   -0.0939453   -0.0857106   -0.0782955   -0.071235   -0.0640488   -0.057246   -0.0510627   -0.0403428   -0.0352092   -0.0324829   -0.0336283   -0.0384504   

385000
-10   -9   -8   -7   -6   -5   -4   -3   -2   -1   0   1   2   3   4   5   6   7   8   9   10   11   12   13   15   16   17   18   
-0.640527   -0.510685   -0.38426   -0.252081   -0.123199   -0.00740162   0.101576   0.212158   0.320906   0.428599   0.534438   0.637552   0.736705   0.825972   0.936716   1.00838   1.06705   1.13495   1.20301   1.2702   1.33017   1.38623   1.43967   1.48648   1.5286   1.51394   1.48405   1.4425   
0.0200578   0.0170058   0.0145103   0.0132459   0.0123123   0.0115847   0.010928   0.010327   0.00982413   0.00950125   0.00943359   0.0094163   0.00943868   0.00954928   0.00972981   0.0110222   0.0126822   0.0142433   0.0159216   0.0177673   0.0201422   0.0229779   0.026232   0.0302167   0.04404   0.0561074   0.0720464   0.091408   
-0.115913   -0.121665   -0.125754   -0.129849   -0.132737   -0.132883   -0.131667   -0.130755   -0.129316   -0.127391   -0.125065   -0.122217   -0.118574   -0.113   -0.112615   -0.10431   -0.0939326   -0.085812   -0.0783348   -0.0713575   -0.0641441   -0.0573316   -0.0511875   -0.0455024   -0.0352432   -0.0325096   -0.0336284   -0.0383964   

390000
-10   -9   -8   -7   -6   -5   -4   -3   -2   -1   0   1   2   3   4   5   6   7   8   9   10   11   12   13   14   15   16   17   18   
-0.638576   -0.511838   -0.382307   -0.250593   -0.121843   -0.00813398   0.102257   0.211982   0.321516   0.429275   0.534245   0.637703   0.736821   0.825815   0.936611   1.00836   1.06698   1.13549   1.20342   1.271   1.33079   1.38679   1.4407   1.48824   1.52631   1.52916   1.51444   1.48454   1.44387   
0.0199302   0.0169397   0.014398   0.0131372   0.0122126   0.0115174   0.0108537   0.0102722   0.00976282   0.00944898   0.00938255   0.0093655   0.00939466   0.00951683   0.00969876   0.0109881   0.0126528   0.0141876   0.01587   0.0176953   0.0200765   0.0229136   0.0261364   0.0300672   0.035125   0.0439714   0.0560375   0.0719741   0.0911999   
-0.116292   -0.121366   -0.126117   -0.130109   -0.132966   -0.132685   -0.131751   -0.130669   -0.129385   -0.127486   -0.124995   -0.122219   -0.118574   -0.112951   -0.112594   -0.104309   -0.0939241   -0.0859044   -0.0784026   -0.071476   -0.0642319   -0.0574074   -0.0513025   -0.0456554   -0.0405198   -0.0352803   -0.0325353   -0.0336453   -0.038349   

395000
-10   -9   -8   -7   -6   -5   -4   -3   -2   -1   0   1   2   3   5   6   7   8   9   10   11   12   13   14   15   16   17   18   
-0.636602   -0.510212   -0.380431   -0.249153   -0.121353   -0.00841368   0.10295   0.211969   0.322235   0.428893   0.534078   0.637892   0.736955   0.82563   1.00828   1.06745   1.13598   1.20437   1.27176   1.33134   1.38775   1.44162   1.48979   1.52753   1.52958   1.51474   1.4847   1.44509   
0.0198135   0.0168446   0.0142893   0.0130314   0.0121242   0.0114504   0.0107826   0.0102192   0.0097056   0.0093953   0.00932661   0.00931757   0.00935341   0.0094858   0.0109572   0.0126052   0.0141351   0.0157951   0.0176265   0.0200156   0.0228271   0.0260478   0.0299328   0.0350091   0.0439186   0.0559932   0.0719515   0.0910192   
-0.116668   -0.121652   -0.126465   -0.13036   -0.13302   -0.132577   -0.131838   -0.130615   -0.129478   -0.127375   -0.124933   -0.122229   -0.118578   -0.112897   -0.104295   -0.0940103   -0.0859889   -0.0785511   -0.0715894   -0.0643112   -0.0575247   -0.0514071   -0.0457941   -0.0406133   -0.0353144   -0.0325635   -0.0336755   -0.0383116   

400000
-10   -9   -8   -7   -6   -5   -4   -3   -2   -1   0   1   2   3   5   6   7   8   9   10   11   12   13   14   15   16   17   18   
-0.634591   -0.508822   -0.378619   -0.247755   -0.121819   -0.00840403   0.10366   0.21208   0.322861   0.428499   0.533981   0.638114   0.736933   0.825581   1.00813   1.06786   1.13642   1.20525   1.27248   1.33182   1.38915   1.44245   1.49119   1.52874   1.52988   1.51481   1.48453   1.44615   
0.0197111   0.0167226   0.0141839   0.0129285   0.0120471   0.0113871   0.0107154   0.0101684   0.00965272   0.00934257   0.00927279   0.00927214   0.00930906   0.00945038   0.010929   0.0125606   0.0140855   0.0157244   0.0175606   0.0199595   0.0227169   0.0259669   0.0298094   0.0348955   0.0438767   0.0559778   0.0719643   0.0908558   
-0.11704   -0.121938   -0.126801   -0.130605   -0.13288   -0.132525   -0.131929   -0.130586   -0.129558   -0.127261   -0.124885   -0.122247   -0.118554   -0.112875   -0.104271   -0.0940866   -0.0860666   -0.0786899   -0.071697   -0.0643817   -0.057687   -0.051504   -0.0459224   -0.0407054   -0.0353457   -0.0325936   -0.0337141   -0.0382819   

405000
-10   -9   -8   -7   -6   -5   -4   -3   -2   -1   0   1   2   3   5   6   8   9   10   11   12   13   14   16   17   18   
-0.63251   -0.507238   -0.376867   -0.246388   -0.121597   -0.00819777   0.104414   0.212286   0.32224   0.42824   0.533939   0.63837   0.736839   0.825534   1.00792   1.06821   1.20607   1.27315   1.33291   1.39038   1.44318   1.49245   1.52954   1.51468   1.48396   1.44701   
0.0196271   0.0166037   0.0140819   0.0128285   0.0119665   0.0113281   0.0106532   0.01012   0.00960174   0.00929144   0.00922102   0.00922924   0.0092638   0.0094167   0.0109039   0.0125191   0.0156575   0.0174979   0.0198728   0.0226166   0.0258936   0.0296978   0.0348152   0.0559869   0.0720354   0.0907249   
-0.117412   -0.12226   -0.127125   -0.130844   -0.132881   -0.132513   -0.13203   -0.130576   -0.129393   -0.127174   -0.124847   -0.122273   -0.118517   -0.112852   -0.104234   -0.0941524   -0.0788202   -0.0717991   -0.064526   -0.0578337   -0.0515912   -0.0460416   -0.0407772   -0.0326244   -0.0337666   -0.0382638   

410000
-10   -9   -8   -7   -6   -5   -4   -3   -2   -1   0   1   2   3   5   6   7   8   9   10   11   12   13   14   15   16   17   18   
-0.630491   -0.505576   -0.375197   -0.245037   -0.12111   -0.00790317   0.10526   0.212438   0.321835   0.428082   0.533941   0.638658   0.736775   0.825458   1.00763   1.06851   1.1372   1.20684   1.27379   1.33399   1.39149   1.4438   1.49357   1.53055   1.53055   1.51455   1.48309   1.44763   
0.0195446   0.016488   0.0139793   0.0127313   0.0118865   0.011267   0.0105961   0.0100563   0.00955168   0.00924177   0.00917133   0.00918916   0.00922081   0.00938613   0.0108819   0.0124801   0.0139942   0.0155938   0.0174381   0.019788   0.0225251   0.0258286   0.0295968   0.0347186   0.0437892   0.0559957   0.0721472   0.0906236   
-0.117779   -0.122594   -0.12744   -0.131081   -0.132936   -0.132523   -0.132152   -0.130568   -0.12927   -0.127108   -0.124819   -0.122306   -0.118486   -0.112824   -0.104185   -0.0942102   -0.0862047   -0.0789429   -0.0718959   -0.0646693   -0.0579669   -0.0516675   -0.0461505   -0.0408581   -0.0354083   -0.0326543   -0.033828   -0.0382565   

415000
-10   -9   -8   -7   -6   -5   -4   -3   -2   -1   0   1   2   3   5   6   7   8   9   10   11   12   13   14   15   16   17   18   
-0.62891   -0.503875   -0.373576   -0.243706   -0.120479   -0.00767198   0.105907   0.212643   0.321588   0.428003   0.533982   0.638768   0.736738   0.825347   1.00738   1.06878   1.13753   1.20757   1.27438   1.33497   1.3925   1.44493   1.49456   1.53174   1.53107   1.51621   1.48425   1.44792   
0.0194096   0.0163753   0.0138792   0.0126368   0.0118092   0.0111878   0.0105457   0.00999434   0.00950263   0.0091935   0.00912362   0.0091482   0.00918005   0.00935864   0.0108601   0.0124432   0.0139522   0.0155331   0.0173811   0.0197093   0.0224402   0.0257319   0.0295059   0.0346088   0.0437283   0.0557988   0.0719815   0.0905743   
-0.118129   -0.122934   -0.127747   -0.131316   -0.133021   -0.132538   -0.132234   -0.130571   -0.129179   -0.127057   -0.124798   -0.122306   -0.118459   -0.112788   -0.104141   -0.0942607   -0.0862647   -0.0790597   -0.0719873   -0.0648005   -0.0580908   -0.0517885   -0.0462498   -0.0409472   -0.0354444   -0.0326697   -0.0338104   -0.0382664   

420000
-10   -9   -8   -7   -6   -5   -4   -3   -2   -1   0   1   2   3   5   6   7   8   9   10   11   12   13   14   15   16   17   18   
-0.62733   -0.502152   -0.371993   -0.242409   -0.119758   -0.0073682   0.105287   0.212893   0.32146   0.427985   0.534063   0.638547   0.736723   0.825204   1.00744   1.069   1.13783   1.20826   1.27494   1.33587   1.39344   1.44648   1.49543   1.53252   1.53151   1.51764   1.48669   1.44784   
0.0192799   0.0162651   0.013782   0.0125451   0.0117351   0.0111121   0.0104966   0.00993466   0.00945466   0.00914667   0.0090777   0.00910299   0.00914161   0.00933392   0.0108298   0.0124083   0.0139124   0.0154752   0.0173269   0.0196356   0.02236   0.0256089   0.0294245   0.0345317   0.0436764   0.0556236   0.0716554   0.0905743   
-0.118475   -0.123278   -0.128047   -0.131545   -0.133124   -0.132567   -0.13207   -0.130583   -0.129111   -0.127018   -0.124786   -0.122241   -0.118437   -0.112746   -0.104157   -0.0943044   -0.0863193   -0.0791708   -0.0720734   -0.064923   -0.0582076   -0.0519483   -0.0463398   -0.0410156   -0.0354781   -0.0326855   -0.0337506   -0.0382917   

425000
-10   -9   -8   -7   -5   -4   -3   -2   -1   0   1   2   3   4   5   6   7   8   9   10   11   12   13   14   15   16   17   18   
-0.625758   -0.500412   -0.370459   -0.241146   -0.00701233   0.10479   0.213177   0.321425   0.428013   0.534204   0.638389   0.736693   0.825026   0.895239   1.00746   1.06919   1.1381   1.20891   1.27545   1.3367   1.39431   1.44787   1.49618   1.5335   1.53189   1.51893   1.48875   1.4474   
0.0191547   0.0161578   0.0136876   0.0124564   0.0110394   0.010434   0.00987709   0.00940807   0.00910136   0.00903394   0.00905986   0.00910201   0.00931099   0.00948263   0.0108018   0.0123756   0.0138745   0.0154198   0.0172758   0.0195664   0.0222849   0.0254978   0.0293526   0.0344404   0.0436305   0.0554735   0.0713766   0.0906247   
-0.118816   -0.123624   -0.128336   -0.131767   -0.132606   -0.131942   -0.130601   -0.129063   -0.126988   -0.124786   -0.122189   -0.118413   -0.112697   -0.103554   -0.104164   -0.0943432   -0.0863695   -0.0792765   -0.0721531   -0.0650367   -0.0583163   -0.0520932   -0.0464203   -0.0410935   -0.0355102   -0.0327069   -0.0337048   -0.0383313   

430000
-10   -9   -8   -7   -6   -5   -4   -3   -2   -1   0   1   2   3   4   5   6   7   8   9   10   11   12   13   14   15   16   17   18   
-0.624202   -0.495252   -0.368974   -0.239914   -0.118155   -0.00662089   0.10448   0.213486   0.32146   0.428081   0.534394   0.638278   0.73664   0.824776   0.896015   1.00741   1.06935   1.13834   1.20952   1.2759   1.33746   1.3951   1.44912   1.4968   1.53443   1.53218   1.52005   1.49055   1.44663   
0.0190333   0.0160195   0.0135958   0.0123706   0.0115972   0.0109691   0.010374   0.00982159   0.009363   0.00905776   0.00899232   0.00901859   0.00906048   0.0092859   0.00957983   0.0107763   0.0123447   0.0138388   0.0153667   0.0172284   0.0195015   0.0222151   0.0253957   0.0292899   0.0343529   0.0435948   0.0553405   0.0711301   0.0907179   
-0.119152   -0.124684   -0.128616   -0.131984   -0.133364   -0.132652   -0.131849   -0.130625   -0.129028   -0.126967   -0.124797   -0.122146   -0.118386   -0.112635   -0.103765   -0.10416   -0.0943764   -0.0864148   -0.0793769   -0.0722254   -0.0651425   -0.058418   -0.0522268   -0.0464906   -0.0411686   -0.0355406   -0.0327294   -0.0336691   -0.0383807   

435000
-10   -9   -8   -7   -6   -5   -4   -3   -2   -1   0   1   2   3   4   5   6   7   8   9   10   11   12   13   14   15   16   17   18   
-0.622665   -0.493702   -0.367537   -0.238715   -0.117278   -0.0062055   0.104305   0.213824   0.32155   0.428188   0.534615   0.638204   0.736598   0.824509   0.896595   1.00731   1.06949   1.13855   1.2101   1.27632   1.33816   1.39583   1.45028   1.49832   1.53498   1.53239   1.52101   1.49215   1.44696   
0.018915   0.0159195   0.0135066   0.0122875   0.0115339   0.0109013   0.0103159   0.00976853   0.00931927   0.00901584   0.00895291   0.00897912   0.00902103   0.00926363   0.0096193   0.0107535   0.0123153   0.0138054   0.0153159   0.0171835   0.0194406   0.0221499   0.0253001   0.0291641   0.0342963   0.0435649   0.0552264   0.0709122   0.0906564   
-0.119482   -0.12499   -0.128885   -0.132195   -0.1335   -0.132702   -0.131783   -0.130656   -0.129004   -0.126954   -0.124815   -0.122111   -0.11836   -0.11257   -0.103905   -0.104145   -0.0944058   -0.0864545   -0.0794723   -0.0722924   -0.0652408   -0.0585116   -0.0523528   -0.0466256   -0.0412239   -0.0355671   -0.0327534   -0.0336424   -0.0383752   

440000
-10   -9   -8   -7   -6   -5   -4   -3   -2   -1   0   1   2   3   4   5   6   8   9   10   11   12   13   14   15   16   17   18   
-0.621145   -0.495097   -0.366146   -0.237546   -0.116372   -0.00577333   0.104231   0.214209   0.32166   0.428342   0.534869   0.638162   0.736566   0.824443   0.896967   1.00715   1.0696   1.21065   1.27671   1.3388   1.39648   1.45137   1.49992   1.53589   1.53254   1.52181   1.49361   1.44948   
0.0187997   0.015852   0.0134198   0.0122069   0.0114715   0.0108357   0.0102595   0.00971794   0.00927402   0.00897563   0.00891587   0.00894135   0.00898356   0.0092355   0.00964592   0.0107331   0.0122876   0.0152672   0.0171411   0.0193834   0.02209   0.0252098   0.0290346   0.0342122   0.0435433   0.055132   0.0707147   0.0902946   
-0.119807   -0.124675   -0.129146   -0.1324   -0.133644   -0.132757   -0.131736   -0.130696   -0.128988   -0.126951   -0.124841   -0.122081   -0.118337   -0.112547   -0.103995   -0.104121   -0.0944297   -0.0795629   -0.0723544   -0.065332   -0.0585971   -0.0524721   -0.0467677   -0.0412965   -0.0355925   -0.0327794   -0.0336217   -0.0382714   

445000
-10   -9   -8   -7   -6   -5   -4   -3   -2   -1   0   1   2   3   4   5   6   7   8   9   10   11   12   13   14   15   16   17   18   
-0.619644   -0.493294   -0.364794   -0.2364   -0.115581   -0.00532276   0.104234   0.214676   0.321772   0.428565   0.535155   0.638106   0.73654   0.824358   0.897397   1.00695   1.06967   1.13907   1.21117   1.27708   1.33939   1.39704   1.45239   1.50135   1.53663   1.53301   1.52242   1.49493   1.45176   
0.0186873   0.0157559   0.0133355   0.0121288   0.0113951   0.0107722   0.0102047   0.00967006   0.00922592   0.00893704   0.00888114   0.00890066   0.00894807   0.00920953   0.00965306   0.0107147   0.0122615   0.0137363   0.0152205   0.0171002   0.0193299   0.0220356   0.0251255   0.0289173   0.0341417   0.0434911   0.0550567   0.0705382   0.089969   
-0.120127   -0.125031   -0.129399   -0.132601   -0.133783   -0.132815   -0.131704   -0.130755   -0.128976   -0.126963   -0.124874   -0.122051   -0.118315   -0.112521   -0.10409   -0.104088   -0.0944483   -0.0865515   -0.0796488   -0.0724139   -0.0654167   -0.0586733   -0.0525852   -0.0468973   -0.0413598   -0.0356266   -0.0328046   -0.0336079   -0.0381779   

450000
-10   -9   -8   -7   -6   -5   -4   -3   -2   -1   0   1   2   3   4   5   6   7   8   9   10   11   12   14   15   16   17   18   
-0.618164   -0.487416   -0.36348   -0.235268   -0.11478   -0.00484017   0.104296   0.215184   0.321921   0.428798   0.535474   0.638053   0.736519   0.82424   0.897877   1.00672   1.06971   1.13979   1.21165   1.27793   1.33993   1.39794   1.45333   1.53709   1.53376   1.52287   1.49608   1.45381   
0.0185776   0.0156219   0.0132536   0.0120532   0.0113217   0.010711   0.0101514   0.0096253   0.00917971   0.00889624   0.00884883   0.00885924   0.00891454   0.00918597   0.0096505   0.0106987   0.0122378   0.0136841   0.0151759   0.0170371   0.01928   0.0219632   0.0250468   0.0340941   0.0434093   0.0550049   0.0703813   0.0896704   
-0.120441   -0.126247   -0.129644   -0.132801   -0.133923   -0.132881   -0.131684   -0.130824   -0.128971   -0.126981   -0.124915   -0.122023   -0.118294   -0.112488   -0.104191   -0.104051   -0.0944595   -0.0866754   -0.0797301   -0.0725413   -0.0654946   -0.0587843   -0.0526909   -0.0414088   -0.0356667   -0.0328326   -0.0335996   -0.038094   

455000
-10   -9   -8   -7   -6   -5   -4   -3   -2   -1   0   1   2   3   4   5   7   8   9   11   12   13   14   15   16   17   18   
-0.616703   -0.485825   -0.362197   -0.234138   -0.115232   -0.00428989   0.104403   0.215724   0.322122   0.429071   0.535215   0.638031   0.736504   0.824094   0.898255   1.00665   1.14047   1.2121   1.27884   1.39918   1.45419   1.50378   1.53801   1.53444   1.52315   1.49702   1.4557   
0.0184705   0.015536   0.013174   0.0119801   0.0112595   0.0106519   0.0100994   0.00958358   0.00913568   0.00885788   0.00880926   0.0088199   0.00888283   0.00916479   0.00964658   0.010678   0.0136347   0.0151336   0.0169724   0.0218712   0.0249735   0.0287138   0.0340097   0.0433381   0.0549674   0.0702541   0.0893982   
-0.120749   -0.126556   -0.129884   -0.133001   -0.13381   -0.132962   -0.131673   -0.1309   -0.128978   -0.127009   -0.124842   -0.122001   -0.118275   -0.112449   -0.10427   -0.104044   -0.0867919   -0.0798059   -0.0726772   -0.0589328   -0.0527893   -0.0471268   -0.0414807   -0.0357067   -0.032859   -0.0335997   -0.0380195   

460000
-10   -9   -8   -7   -6   -5   -4   -3   -2   -1   0   1   2   3   4   5   6   7   8   9   10   11   12   13   14   15   16   17   18   
-0.615263   -0.484249   -0.360941   -0.233009   -0.115934   -0.00370076   0.104546   0.215402   0.32241   0.429384   0.535002   0.638031   0.736497   0.823926   0.898567   1.00674   1.07004   1.1411   1.21251   1.27968   1.34149   1.40032   1.45497   1.50483   1.53852   1.53503   1.52328   1.49765   1.45745   
0.018366   0.0154552   0.0130966   0.0119093   0.0112011   0.0105949   0.010049   0.00954254   0.00909401   0.00882207   0.00877116   0.00878244   0.0088529   0.00914607   0.00964246   0.0106528   0.0121826   0.0135876   0.0150936   0.0169115   0.019157   0.0217864   0.0249058   0.0286258   0.03396   0.0432755   0.0549504   0.070169   0.0891448   
-0.121052   -0.126858   -0.130118   -0.133201   -0.133645   -0.133053   -0.131669   -0.130805   -0.129004   -0.127047   -0.124779   -0.121983   -0.118257   -0.112406   -0.104335   -0.104066   -0.0945282   -0.0869019   -0.0798765   -0.072803   -0.0657103   -0.0590709   -0.0528807   -0.0472292   -0.0415308   -0.035744   -0.0328867   -0.0336108   -0.0379525   

465000
-10   -9   -8   -7   -6   -5   -4   -3   -2   -1   0   1   2   3   4   5   6   7   8   9   10   11   12   13   14   15   16   17   18   
-0.613841   -0.482687   -0.359704   -0.233729   -0.116351   -0.00309502   0.10472   0.215056   0.322745   0.429636   0.534841   0.638047   0.736465   0.82373   0.898789   1.00679   1.07052   1.1417   1.2129   1.28046   1.34248   1.40138   1.45565   1.50577   1.53909   1.53555   1.52319   1.49805   1.45907   
0.0182642   0.0153801   0.0130213   0.0118592   0.0111425   0.0105403   0.0100004   0.00950269   0.00905468   0.00878773   0.00873461   0.00874651   0.00881854   0.00912948   0.0096369   0.0106299   0.0121446   0.0135425   0.0150552   0.016854   0.0190855   0.0217067   0.0248452   0.0285451   0.0339052   0.0432198   0.0549612   0.0701156   0.0889034   
-0.12135   -0.127153   -0.130348   -0.133015   -0.133537   -0.133148   -0.131671   -0.130704   -0.129041   -0.127074   -0.124726   -0.121968   -0.118238   -0.112357   -0.104382   -0.10408   -0.0946186   -0.087006   -0.0799437   -0.0729204   -0.0658451   -0.0592011   -0.0529623   -0.0473239   -0.041584   -0.0357795   -0.0329166   -0.033629   -0.0378913   

470000
-10   -9   -8   -7   -6   -5   -4   -3   -2   -1   0   1   2   3   4   5   6   7   8   9   10   11   12   13   14   15   16   17   18   
-0.612436   -0.48114   -0.358498   -0.233702   -0.116587   -0.002475   0.104927   0.214814   0.323122   0.429265   0.534719   0.638076   0.736435   0.823485   0.898982   1.00679   1.07096   1.14226   1.21327   1.28118   1.3434   1.40237   1.45626   1.50661   1.53961   1.536   1.52292   1.49819   1.46058   
0.0181653   0.0153108   0.0129483   0.0118052   0.0110844   0.0104881   0.00995446   0.00946431   0.00901785   0.00874728   0.00869946   0.00871204   0.00878429   0.00911279   0.00963345   0.010609   0.0121088   0.0134993   0.0150185   0.0167997   0.0190183   0.0216315   0.0247902   0.0284723   0.0338545   0.0431707   0.0549917   0.0700983   0.0886864   
-0.121642   -0.127442   -0.130573   -0.132984   -0.133466   -0.133247   -0.131679   -0.130625   -0.129087   -0.126977   -0.124681   -0.121957   -0.118219   -0.112299   -0.104422   -0.104086   -0.0947014   -0.0871049   -0.0800068   -0.0730307   -0.0659712   -0.0593237   -0.0530363   -0.0474105   -0.0416339   -0.0358131   -0.0329454   -0.0336561   -0.0378387   

475000
-10   -9   -8   -7   -6   -5   -4   -3   -2   -1   0   1   2   4   5   6   7   8   9   10   11   12   13   14   15   17   18   
-0.611044   -0.479606   -0.357322   -0.233391   -0.116693   -0.0029962   0.105166   0.214654   0.3235   0.428973   0.534613   0.63812   0.736411   0.899079   1.00675   1.07136   1.14279   1.21361   1.28185   1.34426   1.4033   1.45709   1.50736   1.53989   1.53636   1.49804   1.46197   
0.0180701   0.0152477   0.0128775   0.0117503   0.0110269   0.010441   0.00991094   0.00942745   0.00898342   0.00870835   0.00866385   0.0086792   0.00875166   0.0096275   0.0105897   0.012075   0.0134578   0.0149835   0.0167482   0.018955   0.0215605   0.0247213   0.0284073   0.0338237   0.0431324   0.0701185   0.0884809   
-0.121929   -0.127723   -0.130792   -0.133013   -0.133422   -0.133114   -0.131694   -0.130561   -0.129136   -0.126897   -0.124639   -0.121948   -0.118201   -0.104443   -0.104085   -0.0947779   -0.087199   -0.080066   -0.0731345   -0.0660896   -0.0594399   -0.0531305   -0.0474894   -0.0416706   -0.0358452   -0.0336917   -0.0377916   

480000
-10   -9   -8   -7   -6   -5   -4   -3   -2   -1   0   1   2   3   4   5   6   7   8   9   10   11   12   13   14   15   16   17   18   
-0.60966   -0.478203   -0.356177   -0.233067   -0.116694   -0.00342842   0.105455   0.214533   0.323071   0.428743   0.534496   0.638177   0.736388   0.822989   0.899139   1.00668   1.07173   1.1433   1.21392   1.28248   1.34507   1.40418   1.45847   1.508   1.5405   1.53665   1.52392   1.49761   1.46328   
0.0179791   0.0151702   0.0128089   0.0116819   0.0109702   0.0103963   0.00986981   0.00938891   0.0089445   0.00867084   0.00862531   0.00864795   0.00872055   0.0090764   0.00962298   0.0105723   0.0120426   0.013418   0.0149505   0.0166991   0.018895   0.0214934   0.0246175   0.0283494   0.0337673   0.0431004   0.0548703   0.0701765   0.0882959   
-0.122211   -0.128001   -0.131004   -0.133062   -0.133399   -0.132997   -0.13172   -0.130508   -0.129024   -0.126829   -0.124599   -0.121943   -0.118184   -0.112185   -0.104457   -0.104078   -0.0948497   -0.0872888   -0.0801209   -0.0732324   -0.0662013   -0.0595499   -0.0532772   -0.0475601   -0.0417245   -0.0358742   -0.0329929   -0.0337356   -0.0377522   

485000
-10   -9   -8   -7   -6   -5   -4   -3   -2   -1   0   1   2   3   4   5   6   7   9   10   11   12   13   14   15   16   17   18   
-0.608283   -0.476914   -0.355061   -0.232646   -0.116604   -0.0037135   0.105814   0.214418   0.32274   0.428562   0.534406   0.638247   0.736364   0.82291   0.899168   1.00658   1.07208   1.14378   1.28307   1.34582   1.40499   1.45975   1.50859   1.54075   1.53687   1.52567   1.49693   1.4645   
0.0178928   0.0150818   0.0127423   0.0116149   0.0109141   0.0103535   0.00983121   0.00934595   0.00890688   0.00863453   0.00858821   0.00861822   0.00869101   0.00905417   0.00962079   0.0105566   0.0120117   0.0133797   0.0166525   0.0188382   0.0214298   0.0245216   0.0282963   0.0337391   0.043074   0.0546721   0.0702674   0.0881159   
-0.122488   -0.128274   -0.13121   -0.13313   -0.133395   -0.13291   -0.13176   -0.130462   -0.128932   -0.12677   -0.124563   -0.121941   -0.118165   -0.112163   -0.104465   -0.104067   -0.0949164   -0.0873743   -0.0733243   -0.0663075   -0.0596539   -0.0534142   -0.0476261   -0.0417588   -0.0359005   -0.0330142   -0.033786   -0.0377153   

490000
-10   -9   -8   -7   -6   -5   -4   -3   -2   -1   0   1   2   3   4   5   6   7   8   9   10   11   12   13   14   15   16   18   
-0.606906   -0.475675   -0.353978   -0.232162   -0.116454   -0.00388638   0.106209   0.214348   0.322485   0.428421   0.534336   0.638331   0.736339   0.822809   0.899133   1.00646   1.07239   1.14424   1.21499   1.28362   1.34653   1.40575   1.46094   1.51007   1.54103   1.537   1.52722   1.46564   
0.0178121   0.0149965   0.0126768   0.0115496   0.010859   0.0103128   0.00979551   0.00930429   0.00887038   0.00859933   0.00855235   0.00859002   0.00866291   0.00903401   0.00961733   0.0105423   0.0119824   0.0133425   0.0148669   0.0166083   0.018784   0.0213701   0.0244318   0.0281791   0.0337095   0.0430572   0.0544967   0.0879483   
-0.122761   -0.128533   -0.131411   -0.133211   -0.133403   -0.132845   -0.131808   -0.130423   -0.128856   -0.12672   -0.124532   -0.121942   -0.118147   -0.112137   -0.10446   -0.104049   -0.0949773   -0.0874572   -0.0802989   -0.073411   -0.0664081   -0.0597521   -0.0535428   -0.0477595   -0.0417938   -0.0359247   -0.0330373   -0.0376829   

495000
-10   -9   -8   -7   -6   -5   -4   -3   -2   -1   0   1   2   3   4   5   6   7   8   9   10   11   12   13   14   16   17   18   
-0.605519   -0.474483   -0.35295   -0.231633   -0.116267   -0.00397039   0.106635   0.214313   0.32229   0.428312   0.534288   0.638428   0.736282   0.822687   0.89917   1.0063   1.07267   1.14469   1.21577   1.28414   1.3472   1.40646   1.46204   1.51141   1.54115   1.52862   1.49947   1.46667   
0.0177385   0.0149141   0.0126089   0.0114857   0.0108049   0.0102745   0.00976285   0.00926382   0.00883494   0.00856524   0.00851778   0.00856336   0.00863326   0.00901575   0.00960966   0.0105293   0.0119544   0.0133066   0.014815   0.0165663   0.0187326   0.021314   0.0243474   0.0280743   0.0336928   0.054336   0.0699327   0.0878078   
-0.123029   -0.12878   -0.131608   -0.133301   -0.13342   -0.132797   -0.131862   -0.130392   -0.128791   -0.126676   -0.124505   -0.121946   -0.118123   -0.112106   -0.104468   -0.104028   -0.0950335   -0.0875366   -0.0804264   -0.0734923   -0.0665035   -0.059844   -0.0536641   -0.0478843   -0.0418206   -0.0330606   -0.0337579   -0.0376596   

500000
-10   -9   -8   -7   -6   -5   -4   -3   -2   -1   0   1   2   3   4   5   6   7   8   9   10   11   12   13   14   15   16   17   18   
-0.604108   -0.473316   -0.351944   -0.231064   -0.116048   -0.00397958   0.106985   0.214307   0.322146   0.42823   0.534265   0.638425   0.7362   0.822539   0.899446   1.00635   1.07293   1.1451   1.21652   1.28459   1.34784   1.4071   1.46309   1.51263   1.5413   1.53815   1.52994   1.50185   1.46749   
0.0176747   0.0148342   0.012543   0.0114232   0.0107519   0.010239   0.00971984   0.00922444   0.00880064   0.0085322   0.00848466   0.00853387   0.00860298   0.00899915   0.00959338   0.0105102   0.0119278   0.0132721   0.0147652   0.0165278   0.0186833   0.0212618   0.0242679   0.0279779   0.0336748   0.0429402   0.0541868   0.0696241   0.0876822   
-0.123292   -0.12902   -0.1318   -0.1334   -0.133443   -0.132764   -0.131913   -0.130366   -0.128736   -0.126637   -0.124483   -0.121931   -0.118095   -0.11207   -0.104521   -0.104043   -0.0950852   -0.0876123   -0.0805481   -0.073565   -0.0665952   -0.0599295   -0.0537799   -0.0479988   -0.0418474   -0.0359991   -0.0330852   -0.0337122   -0.037642   

505000
-10   -9   -8   -7   -6   -5   -4   -3   -2   -1   0   1   2   3   4   5   6   7   8   10   11   12   13   14   15   16   17   18   
-0.602668   -0.475222   -0.350959   -0.230456   -0.115805   -0.00399582   0.107179   0.214325   0.322039   0.428171   0.534272   0.638316   0.736113   0.822369   0.899696   1.00648   1.07316   1.14549   1.21723   1.34844   1.40769   1.46407   1.51374   1.54147   1.53905   1.53117   1.50397   1.46804   
0.0176212   0.0147854   0.0124792   0.011362   0.0107001   0.010198   0.00967715   0.00918615   0.0087672   0.00850019   0.00845314   0.00850085   0.0085743   0.00898431   0.00957949   0.0104893   0.0119025   0.0132396   0.0147175   0.0186366   0.0212131   0.0241928   0.0278889   0.0336548   0.0428512   0.054047   0.0693391   0.0876049   
-0.123552   -0.128611   -0.131987   -0.133507   -0.133471   -0.132735   -0.131935   -0.130345   -0.128689   -0.126603   -0.124467   -0.121896   -0.118065   -0.11203   -0.10457   -0.104072   -0.0951323   -0.0876822   -0.0806647   -0.0666818   -0.0600088   -0.0538905   -0.0481049   -0.0418756   -0.036046   -0.0331103   -0.0336718   -0.0376403   

510000
-10   -9   -8   -7   -6   -5   -4   -3   -2   -1   0   1   2   3   4   5   6   7   8   9   10   11   12   13   14   15   16   17   18   
-0.601195   -0.471053   -0.349991   -0.229812   -0.11554   -0.004062   0.106742   0.214364   0.321965   0.428136   0.534295   0.63823   0.736021   0.822172   0.899869   1.00657   1.07336   1.14585   1.21791   1.28572   1.34898   1.40823   1.46499   1.51476   1.54145   1.53984   1.53233   1.50594   1.46835   
0.0175789   0.0146809   0.0124171   0.0113022   0.0106497   0.0101472   0.00963411   0.0091491   0.00873469   0.0084693   0.00842286   0.00846917   0.00854707   0.00897143   0.00956436   0.0104695   0.0118791   0.0132083   0.0146715   0.0164414   0.0185931   0.0211681   0.0241217   0.027808   0.03365   0.0427724   0.0539189   0.0690886   0.0875541   
-0.123808   -0.129483   -0.13217   -0.133623   -0.133504   -0.132707   -0.131831   -0.130328   -0.128648   -0.126574   -0.124455   -0.121866   -0.118035   -0.111984   -0.104604   -0.104095   -0.0951726   -0.0877485   -0.0807766   -0.0737422   -0.0667611   -0.0600818   -0.0539957   -0.0482051   -0.0418928   -0.0360904   -0.0331371   -0.033642   -0.0376476   

515000
-10   -8   -7   -6   -5   -4   -3   -2   -1   0   1   2   3   4   5   6   7   8   9   10   11   12   13   14   15   16   17   18   
-0.599741   -0.349038   -0.229155   -0.115253   -0.00408792   0.106399   0.214428   0.321917   0.42813   0.534332   0.638163   0.735925   0.821949   0.900002   1.00664   1.07352   1.14619   1.21855   1.2865   1.34948   1.4089   1.46586   1.51568   1.54144   1.54057   1.53336   1.50773   1.46841   
0.0175389   0.0123566   0.0112437   0.0106011   0.0100984   0.00959267   0.0091134   0.00870309   0.00843972   0.00839379   0.00843877   0.00852127   0.00896041   0.00955022   0.0104512   0.011857   0.0131784   0.0146272   0.0163889   0.0185522   0.0211157   0.0240545   0.0277333   0.0336458   0.0427005   0.0538014   0.0688528   0.0875458   
-0.124062   -0.13235   -0.133741   -0.133541   -0.132685   -0.131744   -0.130316   -0.128613   -0.126551   -0.124446   -0.121839   -0.118004   -0.111934   -0.104629   -0.104114   -0.0952084   -0.0878111   -0.0808842   -0.0738612   -0.0668353   -0.0601694   -0.0540957   -0.0482975   -0.0419103   -0.0361329   -0.0331633   -0.0336151   -0.0376678   

520000
-10   -9   -8   -7   -6   -5   -4   -3   -2   -1   0   1   2   4   5   6   7   8   9   10   11   12   13   14   15   16   17   18   
-0.598688   -0.472879   -0.348647   -0.228493   -0.114939   -0.00408123   0.106129   0.214527   0.321892   0.428164   0.534384   0.63811   0.735827   0.900112   1.00668   1.07367   1.1465   1.21918   1.28724   1.34999   1.41001   1.46666   1.51652   1.54131   1.54125   1.53422   1.50941   1.46824   
0.0174387   0.0145755   0.0123039   0.0111865   0.0105545   0.0100512   0.0095525   0.00907918   0.00867252   0.0084116   0.00836593   0.00840956   0.00849696   0.00953801   0.0104342   0.0118361   0.0131496   0.0145845   0.0163391   0.0185112   0.0210387   0.0239924   0.0276648   0.0336513   0.0426356   0.0537076   0.0686368   0.0875688   
-0.124315   -0.129075   -0.132412   -0.133861   -0.133584   -0.13267   -0.131672   -0.130312   -0.128582   -0.126537   -0.12444   -0.121815   -0.117972   -0.104651   -0.104129   -0.09524   -0.0878705   -0.0809877   -0.0739736   -0.0669107   -0.0603057   -0.0541889   -0.0483833   -0.0419204   -0.0361752   -0.0331919   -0.0335941   -0.0376976   

525000
-10   -9   -8   -7   -6   -5   -4   -3   -2   -1   0   1   2   4   5   6   7   8   9   10   11   12   13   14   15   16   17   18   
-0.597637   -0.47203   -0.349121   -0.227826   -0.114595   -0.00404623   0.105918   0.214681   0.321892   0.428223   0.534449   0.63807   0.735729   0.9002   1.00671   1.07379   1.1468   1.21977   1.28793   1.35092   1.41105   1.4674   1.51729   1.54125   1.54186   1.53493   1.51096   1.46783   
0.0173424   0.0145085   0.0122628   0.0111306   0.0105092   0.0100056   0.00951341   0.00904663   0.00864306   0.00838482   0.00833929   0.00838152   0.0084742   0.00952762   0.0104184   0.0118162   0.0131219   0.0145432   0.0162914   0.0184491   0.0209665   0.023934   0.0276027   0.0336511   0.0425732   0.0536265   0.0684347   0.0876272   
-0.124564   -0.129242   -0.132288   -0.133982   -0.133633   -0.132659   -0.131612   -0.130318   -0.128557   -0.126528   -0.124438   -0.121793   -0.117941   -0.104668   -0.10414   -0.0952676   -0.0879267   -0.0810876   -0.0740805   -0.0670383   -0.060434   -0.054277   -0.0484635   -0.0419344   -0.0362137   -0.0332187   -0.0335768   -0.0377373   

530000
-10   -9   -8   -7   -6   -5   -4   -3   -2   -1   0   1   2   3   4   5   6   7   8   9   10   11   12   13   14   15   16   17   18   
-0.59659   -0.471168   -0.348972   -0.227159   -0.114203   -0.00398254   0.105754   0.214863   0.321926   0.428301   0.534529   0.638033   0.735673   0.82135   0.900255   1.00671   1.07389   1.14708   1.22035   1.28858   1.35179   1.41202   1.46811   1.51796   1.54118   1.54242   1.53553   1.51243   1.4672   
0.0172494   0.0144434   0.0122166   0.0110759   0.0104653   0.00996138   0.00947526   0.00901547   0.00861478   0.00835928   0.0083139   0.00835396   0.00844938   0.00891997   0.00951911   0.0104037   0.0117978   0.0130957   0.0145033   0.0162461   0.0183906   0.0208983   0.0238787   0.0275474   0.033652   0.0425204   0.0535607   0.0682443   0.087711   
-0.124809   -0.129411   -0.132296   -0.134103   -0.133692   -0.132655   -0.13156   -0.130331   -0.128539   -0.126523   -0.124438   -0.121773   -0.11792   -0.1118   -0.104679   -0.104147   -0.0952912   -0.0879792   -0.0811838   -0.074182   -0.0671583   -0.0605552   -0.054361   -0.0485362   -0.0419472   -0.0362525   -0.0332469   -0.0335629   -0.0377835   

535000
-10   -9   -8   -7   -6   -5   -4   -3   -2   -1   0   1   2   3   4   5   6   7   8   9   10   11   12   13   14   15   16   17   18   
-0.595547   -0.470298   -0.348631   -0.226492   -0.113784   -0.00388017   0.105628   0.215067   0.322008   0.428398   0.534623   0.637969   0.735666   0.821294   0.900232   1.00669   1.07397   1.14734   1.2209   1.2892   1.3526   1.41293   1.46876   1.51854   1.54104   1.54289   1.53603   1.51384   1.46723   
0.0171594   0.0143807   0.0121697   0.0110226   0.010423   0.00991848   0.00943798   0.00898577   0.00858788   0.00833502   0.00828982   0.00832342   0.0084217   0.00890114   0.00950853   0.01039   0.0117803   0.0130705   0.0144647   0.0162028   0.0183353   0.0208337   0.0238273   0.0274995   0.0336598   0.0424729   0.0535084   0.0680643   0.0877007   
-0.125051   -0.12958   -0.132344   -0.134226   -0.133757   -0.132659   -0.131516   -0.130349   -0.128531   -0.126522   -0.124443   -0.121749   -0.11791   -0.111785   -0.104674   -0.10415   -0.0953119   -0.0880286   -0.0812769   -0.0742784   -0.0672723   -0.0606706   -0.0544397   -0.0486009   -0.041956   -0.0362877   -0.0332758   -0.0335525   -0.0377971   

540000
-10   -9   -8   -7   -6   -5   -4   -3   -2   -1   0   1   2   3   4   5   6   7   8   9   10   11   12   13   14   15   16   17   18   
-0.594511   -0.469427   -0.348198   -0.22661   -0.113349   -0.00372383   0.105533   0.215294   0.322116   0.428514   0.534731   0.637913   0.735651   0.821216   0.90019   1.00664   1.07424   1.14759   1.22143   1.28978   1.35337   1.4138   1.46935   1.51904   1.54101   1.54331   1.53638   1.51519   1.46993   
0.0170723   0.014321   0.0121233   0.0109754   0.0103825   0.00987686   0.00940155   0.0089576   0.0085622   0.00831207   0.00826715   0.00829408   0.00839531   0.00888384   0.0094998   0.010378   0.0117563   0.0130462   0.0144275   0.0161619   0.0182824   0.0207724   0.0237796   0.0274575   0.0336577   0.042431   0.0534686   0.0678931   0.0873233   
-0.125289   -0.129748   -0.132412   -0.134186   -0.133826   -0.132673   -0.131478   -0.130372   -0.128529   -0.126526   -0.12445   -0.121726   -0.117898   -0.111765   -0.104666   -0.104148   -0.0953662   -0.088076   -0.0813665   -0.0743693   -0.0673806   -0.0607806   -0.0545131   -0.0486595   -0.0419703   -0.0363212   -0.0333025   -0.0335447   -0.0376928   

545000
-10   -9   -8   -7   -6   -5   -4   -3   -2   0   1   2   3   4   5   6   8   9   10   11   13   14   15   16   17   18   
-0.593483   -0.468558   -0.347707   -0.226975   -0.112901   -0.00353932   0.105464   0.215542   0.322247   0.534853   0.637863   0.735627   0.821117   0.900129   1.00656   1.07474   1.22193   1.29033   1.35411   1.41461   1.52015   1.54098   1.54369   1.53657   1.51646   1.47245   
0.0169876   0.0142641   0.0120777   0.010931   0.0103438   0.00983642   0.00936603   0.00893108   0.00853778   0.00824583   0.00826578   0.00837017   0.00886796   0.00949268   0.0103671   0.0117247   0.0143919   0.0161227   0.0182318   0.020714   0.0273718   0.0336558   0.0423955   0.0534507   0.0677331   0.0869659   
-0.125523   -0.129913   -0.132492   -0.134094   -0.133897   -0.132694   -0.131445   -0.1304   -0.128532   -0.124461   -0.121705   -0.117884   -0.111742   -0.104655   -0.104141   -0.0954605   -0.0814519   -0.074456   -0.067485   -0.0608857   -0.048766   -0.0419848   -0.0363543   -0.0333308   -0.03354   -0.0375948   

550000
-10   -9   -8   -7   -6   -5   -4   -3   -2   -1   0   1   2   3   4   6   7   8   9   10   11   13   14   15   16   17   18   
-0.592464   -0.467692   -0.347202   -0.227084   -0.112441   -0.00333644   0.105419   0.215811   0.322399   0.428787   0.5347   0.637818   0.735592   0.820994   0.900054   1.07521   1.14829   1.22241   1.29084   1.35481   1.4154   1.52118   1.54091   1.54398   1.53661   1.51761   1.47483   
0.0169052   0.01421   0.0120303   0.0108863   0.010307   0.00979716   0.00933164   0.00890637   0.00851468   0.00826847   0.00821665   0.00823854   0.00834623   0.00885367   0.00948744   0.0116945   0.0129902   0.0143575   0.0160854   0.0181831   0.0206581   0.0272922   0.0336576   0.0423663   0.053451   0.0675856   0.0866331   
-0.125754   -0.130075   -0.132579   -0.134056   -0.133971   -0.13272   -0.131417   -0.130433   -0.128541   -0.126547   -0.124418   -0.121685   -0.117868   -0.111713   -0.104641   -0.0955491   -0.0882057   -0.0815341   -0.0745381   -0.0675853   -0.0609869   -0.0488664   -0.0419969   -0.0363838   -0.0333599   -0.0335384   -0.0375042   

555000
-10   -9   -8   -7   -6   -5   -4   -3   -1   0   1   2   3   4   5   6   7   8   9   10   11   12   13   15   16   17   18   
-0.591455   -0.466827   -0.346697   -0.227038   -0.111969   -0.00311687   0.105397   0.215783   0.428853   0.534569   0.63778   0.735545   0.820849   0.900206   1.0067   1.07564   1.14891   1.22287   1.29133   1.35548   1.41612   1.47209   1.52207   1.54419   1.53651   1.51856   1.47708   
0.0168248   0.014159   0.0119808   0.0108417   0.0102722   0.00975908   0.00929868   0.00888058   0.00824446   0.0081884   0.00821237   0.00832352   0.00884094   0.00947448   0.0103362   0.0116656   0.0129521   0.0143243   0.0160497   0.0181365   0.0206055   0.0235784   0.0272237   0.0423454   0.053464   0.0674665   0.0863171   
-0.125981   -0.130236   -0.13267   -0.134049   -0.134048   -0.132748   -0.131393   -0.130407   -0.126547   -0.124378   -0.121666   -0.117849   -0.111681   -0.10467   -0.104179   -0.0956325   -0.0883146   -0.0816132   -0.0746163   -0.0676817   -0.0610822   -0.0548241   -0.0489565   -0.0364113   -0.0333863   -0.0335428   -0.0374192   

560000
-10   -9   -8   -7   -6   -5   -4   -3   -2   -1   0   1   2   3   4   5   6   7   8   9   10   11   12   13   14   15   16   17   18   
-0.590455   -0.465961   -0.346171   -0.226878   -0.111486   -0.00288221   0.105397   0.215532   0.322727   0.428631   0.534457   0.637745   0.735484   0.820683   0.900417   1.00689   1.07605   1.1495   1.22331   1.29179   1.35612   1.41681   1.47313   1.52284   1.54087   1.54435   1.53628   1.51933   1.47922   
0.0167464   0.0141115   0.0119327   0.0107975   0.0102394   0.00972217   0.0092668   0.00885371   0.00846699   0.00821425   0.0081611   0.00818716   0.008302   0.00882954   0.00945773   0.010317   0.011638   0.0129154   0.0142923   0.0160156   0.018092   0.0205557   0.0235035   0.0271635   0.0336543   0.0423308   0.0534939   0.0673738   0.0860118   
-0.126205   -0.130394   -0.132765   -0.134066   -0.134127   -0.132781   -0.131373   -0.130336   -0.12857   -0.126489   -0.124343   -0.121648   -0.117827   -0.111644   -0.10471   -0.104221   -0.0957116   -0.0884195   -0.0816892   -0.0746906   -0.0677741   -0.0611729   -0.0549411   -0.0490364   -0.0420258   -0.0364368   -0.0334134   -0.0335542   -0.0373381   

565000
-10   -9   -8   -7   -5   -4   -3   -1   0   1   2   3   4   5   6   7   8   9   10   11   12   13   14   15   17   18   
-0.589466   -0.465095   -0.345632   -0.226638   -0.00263357   0.105423   0.215331   0.428442   0.534363   0.637714   0.73541   0.820497   0.900576   1.00706   1.07644   1.15007   1.22373   1.29222   1.35671   1.41746   1.47412   1.52349   1.54093   1.54445   1.51994   1.48125   
0.0166697   0.0140675   0.0118859   0.0107538   0.00968646   0.00923605   0.00882802   0.00818521   0.0081347   0.00816288   0.00828161   0.00881945   0.00944097   0.0102989   0.0116115   0.01288   0.0142615   0.0159831   0.01805   0.0205085   0.0234326   0.0271118   0.033647   0.042322   0.0673004   0.0857253   
-0.126426   -0.130549   -0.132863   -0.1341   -0.132817   -0.131358   -0.130275   -0.126437   -0.124311   -0.12163   -0.117802   -0.111603   -0.10474   -0.104258   -0.0957864   -0.0885202   -0.0817621   -0.0747609   -0.0678609   -0.0612594   -0.0550532   -0.0491077   -0.0420447   -0.0364606   -0.0335691   -0.0372639   

570000
-10   -9   -8   -7   -6   -5   -4   -3   -2   -1   0   1   2   3   4   5   6   7   9   10   11   12   13   14   16   17   18   
-0.588487   -0.464225   -0.345082   -0.226349   -0.111646   -0.00237116   0.105485   0.215141   0.322578   0.42828   0.534283   0.637686   0.735324   0.820296   0.900711   1.00721   1.07681   1.15061   1.29263   1.35728   1.41807   1.47507   1.52416   1.54099   1.53729   1.52036   1.4832   
0.0165947   0.0140272   0.0118403   0.0107109   0.010169   0.00965236   0.00920658   0.00879955   0.00841329   0.00815715   0.00810917   0.00813952   0.00826234   0.00881091   0.00942583   0.0102817   0.011586   0.0128457   0.015952   0.0180099   0.0204638   0.0233653   0.0270592   0.0336404   0.0533882   0.0672533   0.0854509   
-0.126643   -0.130703   -0.132962   -0.134144   -0.134066   -0.132856   -0.131351   -0.130219   -0.12851   -0.126391   -0.124282   -0.121614   -0.117775   -0.11156   -0.104766   -0.104293   -0.0958574   -0.0886173   -0.0748283   -0.0679438   -0.0613412   -0.0551612   -0.0491799   -0.0420637   -0.0334672   -0.0335898   -0.0371945   

575000
-10   -9   -8   -7   -6   -5   -4   -3   -2   -1   0   1   2   3   4   5   6   7   8   10   11   12   13   14   15   16   17   18   
-0.587519   -0.463352   -0.344524   -0.226024   -0.112069   -0.0022496   0.105581   0.214955   0.322347   0.428139   0.534215   0.637662   0.735225   0.820081   0.900822   1.00734   1.07714   1.15114   1.22451   1.35781   1.41863   1.47595   1.52516   1.54102   1.54522   1.53919   1.52061   1.48507   
0.0165213   0.0139906   0.011796   0.0106688   0.0101283   0.0096194   0.00917837   0.00876825   0.00838458   0.00812998   0.00808459   0.0081171   0.00824426   0.00880369   0.00941225   0.0102654   0.0115619   0.0128126   0.0142035   0.0179718   0.0204218   0.0233008   0.0269833   0.0336353   0.0422506   0.0531771   0.0672255   0.085186   
-0.126857   -0.130856   -0.133062   -0.134196   -0.133971   -0.132867   -0.131351   -0.130168   -0.128448   -0.12635   -0.124256   -0.121598   -0.117745   -0.111514   -0.104787   -0.104324   -0.0959239   -0.0887111   -0.0818978   -0.0680229   -0.0614181   -0.0552632   -0.0492787   -0.042081   -0.0365254   -0.0334948   -0.0336139   -0.037129   

580000
-10   -9   -8   -7   -6   -5   -4   -3   -2   -1   1   2   4   5   6   7   8   9   10   11   12   13   14   15   16   17   18   
-0.586561   -0.462562   -0.343959   -0.225667   -0.112402   -0.00259106   0.105696   0.214799   0.32215   0.428016   0.637641   0.735117   0.900907   1.00746   1.07746   1.15164   1.22486   1.29363   1.35831   1.41916   1.4768   1.52602   1.54103   1.54636   1.54093   1.5207   1.48687   
0.0164495   0.0139466   0.0117528   0.0106278   0.0100886   0.00958618   0.00915144   0.00873792   0.00835681   0.00810361   0.00809559   0.00822753   0.00940032   0.01025   0.0115389   0.0127804   0.0141764   0.0158819   0.0179354   0.0203823   0.0232406   0.0269189   0.0336317   0.042143   0.0529882   0.0672217   0.0849324   
-0.127068   -0.131002   -0.133164   -0.134255   -0.133894   -0.132783   -0.131355   -0.130121   -0.128393   -0.126312   -0.121583   -0.117713   -0.104804   -0.104352   -0.0959858   -0.0888018   -0.0819605   -0.0749878   -0.0680979   -0.0614907   -0.0553616   -0.049366   -0.042097   -0.0365824   -0.0335242   -0.0336431   -0.0370685   

585000
-10   -9   -8   -7   -6   -5   -4   -3   -2   -1   0   1   2   4   5   6   7   8   9   10   11   12   13   15   16   17   18   
-0.585613   -0.461937   -0.343386   -0.22529   -0.112667   -0.00286909   0.105828   0.214666   0.321983   0.427909   0.534087   0.637624   0.734961   0.900966   1.00755   1.07775   1.15213   1.2252   1.2943   1.35878   1.41966   1.4776   1.52675   1.54743   1.54252   1.52062   1.48861   
0.0163793   0.0138835   0.0117106   0.0105877   0.0100499   0.009554   0.00912583   0.00870846   0.00832989   0.008078   0.00803508   0.00807499   0.00820796   0.00939002   0.0102357   0.0115169   0.0127494   0.0141503   0.0158397   0.0179011   0.0203451   0.0231822   0.0268625   0.0420416   0.052815   0.06724   0.0846882   
-0.127276   -0.131139   -0.133267   -0.134318   -0.133831   -0.132712   -0.131363   -0.13008   -0.128345   -0.126277   -0.124206   -0.121569   -0.117674   -0.104815   -0.104376   -0.0960442   -0.0888891   -0.0820208   -0.0750915   -0.0681685   -0.0615592   -0.055456   -0.0494432   -0.0366372   -0.0335544   -0.0336763   -0.0370127   

590000
-10   -9   -7   -6   -5   -4   -3   -2   -1   0   1   2   3   5   6   7   8   9   10   11   12   13   14   15   16   17   18   
-0.584673   -0.46131   -0.224893   -0.112876   -0.00309527   0.105978   0.214554   0.321838   0.427815   0.534015   0.637609   0.734797   0.819857   1.00762   1.07802   1.15259   1.22553   1.29493   1.35922   1.42012   1.47837   1.52737   1.54123   1.54845   1.54398   1.52037   1.49024   
0.0163108   0.0138226   0.0105486   0.0100119   0.00952282   0.00910168   0.00867986   0.00830375   0.00805317   0.00800908   0.00805539   0.00818956   0.00876714   0.0102226   0.0114959   0.0127197   0.0141249   0.0157992   0.0178685   0.02031   0.0231269   0.026814   0.0336117   0.0419463   0.0526554   0.0672802   0.0844593   
-0.127481   -0.131275   -0.134385   -0.133779   -0.132651   -0.131374   -0.130042   -0.1283   -0.126244   -0.124181   -0.121556   -0.117633   -0.11146   -0.104395   -0.0960992   -0.0889724   -0.082079   -0.0751903   -0.0682354   -0.0616237   -0.0555473   -0.0495117   -0.0421387   -0.0366912   -0.0335854   -0.0337132   -0.0369626   

595000
-10   -9   -8   -7   -6   -5   -4   -3   -2   -1   0   1   2   3   4   5   6   7   8   9   10   11   12   13   14   15   16   17   18   
-0.583741   -0.460679   -0.342204   -0.224482   -0.113041   -0.00327824   0.106145   0.214459   0.321714   0.427732   0.533954   0.637598   0.734685   0.819806   0.900984   1.00767   1.07828   1.15303   1.22584   1.29552   1.35971   1.42096   1.4791   1.5279   1.54151   1.54942   1.54535   1.51994   1.49183   
0.016244   0.0137637   0.0116293   0.0105104   0.00997464   0.00949267   0.00907903   0.00865207   0.00827835   0.00802907   0.00798403   0.00803676   0.00817   0.00875152   0.00937156   0.0102104   0.0114757   0.0126909   0.0141004   0.015761   0.0178336   0.0202531   0.0230743   0.0267732   0.0335873   0.0418558   0.0525081   0.0673446   0.0842391   
-0.127684   -0.131411   -0.133481   -0.134455   -0.133736   -0.132599   -0.131388   -0.130008   -0.12826   -0.126214   -0.124159   -0.121544   -0.117603   -0.111448   -0.104819   -0.104411   -0.0961508   -0.089053   -0.0821354   -0.0752833   -0.0683082   -0.0617315   -0.0556345   -0.0495724   -0.04217   -0.0367436   -0.0336173   -0.033755   -0.0369164   

600000
-10   -9   -8   -7   -6   -5   -4   -3   -2   -1   0   1   2   3   4   5   6   7   8   9   10   11   12   13   14   15   16   18   
-0.582818   -0.460045   -0.341597   -0.224056   -0.11317   -0.00342438   0.106327   0.214381   0.321605   0.427661   0.533903   0.637569   0.73467   0.819737   0.900932   1.0077   1.07851   1.15346   1.22615   1.29608   1.36051   1.42184   1.47978   1.52855   1.54179   1.55033   1.54664   1.49338   
0.0161788   0.0137065   0.0115903   0.0104732   0.00993808   0.00946363   0.00905804   0.00862519   0.00825367   0.00800571   0.00795999   0.00801388   0.00814738   0.00873719   0.00936252   0.010199   0.0114565   0.012663   0.0140765   0.0157246   0.017783   0.0201941   0.0230246   0.0267234   0.0335641   0.0417708   0.0523701   0.0840267   
-0.127884   -0.131546   -0.133592   -0.134528   -0.133699   -0.132554   -0.131407   -0.129976   -0.128223   -0.126187   -0.124138   -0.121529   -0.117594   -0.111432   -0.104809   -0.104424   -0.0961992   -0.089131   -0.0821901   -0.0753717   -0.0684213   -0.0618448   -0.0557177   -0.0496438   -0.0422015   -0.0367947   -0.03365   -0.0368729   

605000
-10   -9   -8   -7   -6   -5   -4   -3   -2   -1   0   1   2   3   4   5   6   7   9   10   11   12   13   14   15   16   17   18   
-0.581903   -0.459409   -0.340991   -0.223616   -0.113269   -0.00353915   0.106482   0.214318   0.321511   0.427603   0.53386   0.637536   0.73464   0.819651   0.900861   1.00772   1.07873   1.15387   1.29661   1.36127   1.42269   1.48043   1.52936   1.54206   1.55119   1.54787   1.52151   1.49489   
0.0161155   0.0136509   0.0115524   0.0104371   0.00990217   0.00943566   0.00903307   0.00859921   0.00822966   0.00798318   0.00793677   0.0079893   0.00812585   0.00872398   0.00935511   0.0101885   0.0114383   0.0126359   0.0156897   0.0177348   0.0201377   0.0229779   0.026663   0.0335415   0.0416917   0.0522393   0.0671586   0.0838159   
-0.128081   -0.13168   -0.133702   -0.134605   -0.133669   -0.132515   -0.131424   -0.129947   -0.128189   -0.126161   -0.124119   -0.121514   -0.117582   -0.111413   -0.104795   -0.104434   -0.0962436   -0.0892063   -0.0754565   -0.0685289   -0.0619537   -0.0557966   -0.0497269   -0.0422326   -0.0368442   -0.0336832   -0.0337718   -0.0368308   

610000
-10   -9   -8   -7   -6   -5   -4   -3   -2   -1   0   1   2   3   4   5   6   7   9   10   11   12   13   14   15   16   17   18   
-0.580993   -0.458773   -0.340387   -0.223159   -0.113344   -0.00362703   0.106614   0.21427   0.321431   0.42756   0.533822   0.637506   0.734593   0.819549   0.900773   1.00771   1.07892   1.15426   1.29711   1.36199   1.42349   1.48103   1.53005   1.54229   1.55195   1.54906   1.52391   1.49636   
0.016054   0.0135969   0.0115157   0.0104019   0.00986694   0.00940881   0.00900463   0.008574   0.00820632   0.0079616   0.0079143   0.00796561   0.00810547   0.00871184   0.00934895   0.010179   0.0114212   0.0126097   0.0156561   0.0176888   0.0200842   0.0229339   0.026611   0.03352   0.0416216   0.0521128   0.0668554   0.0836112   
-0.128275   -0.131813   -0.133811   -0.134685   -0.133643   -0.132481   -0.131442   -0.129922   -0.128157   -0.126139   -0.124101   -0.1215   -0.117566   -0.11139   -0.104779   -0.10444   -0.0962842   -0.0892791   -0.0755378   -0.0686322   -0.0620574   -0.0558717   -0.049801   -0.0422611   -0.0368909   -0.0337165   -0.0337387   -0.036791   

615000
-10   -9   -8   -7   -6   -5   -4   -3   -2   -1   0   1   2   3   4   6   7   8   9   10   11   12   13   14   15   16   17   18   
-0.580089   -0.458142   -0.339808   -0.223426   -0.113397   -0.00369075   0.106586   0.214243   0.321364   0.427531   0.533789   0.63748   0.73453   0.819431   0.900844   1.0791   1.15464   1.2274   1.2976   1.36267   1.42425   1.4816   1.53064   1.54251   1.55266   1.55022   1.52615   1.49779   
0.0159946   0.0135445   0.0114766   0.0103726   0.00983244   0.0093832   0.00897567   0.00854963   0.00818374   0.00794088   0.00789259   0.00794288   0.00808613   0.00870073   0.00933805   0.0114048   0.0125843   0.0139918   0.0156239   0.0176446   0.0200331   0.0228924   0.0265664   0.0335018   0.0415566   0.0519904   0.0665749   0.0834181   
-0.128468   -0.131945   -0.13392   -0.134615   -0.133622   -0.132451   -0.131427   -0.1299   -0.128129   -0.12612   -0.124084   -0.121486   -0.117547   -0.111365   -0.104793   -0.0963221   -0.0893494   -0.0824055   -0.0756158   -0.068731   -0.0621571   -0.0559429   -0.0498668   -0.0422892   -0.0369356   -0.03375   -0.0337111   -0.0367551   

620000
-10   -9   -8   -7   -6   -5   -4   -3   -2   -1   0   1   2   3   4   5   6   7   8   9   10   11   12   13   14   15   16   17   18   
-0.579186   -0.457519   -0.339238   -0.223621   -0.113429   -0.0037319   0.106327   0.214244   0.321314   0.427509   0.533761   0.637455   0.734451   0.819298   0.901025   1.00794   1.07926   1.15501   1.22802   1.29806   1.36333   1.42498   1.48213   1.53114   1.54272   1.55331   1.55133   1.52827   1.49915   
0.0159377   0.0134933   0.0114376   0.0103437   0.00979858   0.00935887   0.00894492   0.00852623   0.00816195   0.00792088   0.00787161   0.00792107   0.00806777   0.00869086   0.0093239   0.010152   0.011389   0.0125597   0.013955   0.0155929   0.0176025   0.0199841   0.0228534   0.0265283   0.033486   0.041497   0.0518731   0.066312   0.0832277   
-0.128657   -0.132074   -0.134028   -0.134559   -0.133605   -0.132426   -0.131366   -0.129884   -0.128104   -0.126103   -0.124068   -0.121472   -0.117525   -0.111337   -0.104828   -0.104495   -0.0963577   -0.0894172   -0.0825095   -0.0756906   -0.0688256   -0.0622532   -0.0560105   -0.0499253   -0.0423171   -0.0369786   -0.0337839   -0.0336875   -0.03672   

625000
-10   -9   -8   -7   -6   -5   -4   -3   -2   -1   0   1   2   3   4   5   6   7   8   9   10   11   12   13   14   15   16   17   18   
-0.57828   -0.456905   -0.338669   -0.22369   -0.11344   -0.00375061   0.106103   0.214262   0.321287   0.427495   0.533737   0.63743   0.734356   0.81915   0.901184   1.00816   1.07941   1.15536   1.22862   1.2985   1.36394   1.42568   1.48263   1.53153   1.5429   1.55392   1.5524   1.53027   1.50044   
0.0158843   0.0134433   0.0113997   0.010315   0.0097653   0.00933589   0.00891513   0.00850367   0.00814108   0.00790159   0.0078513   0.00789998   0.00805037   0.00868208   0.00931107   0.0101348   0.0113738   0.0125361   0.0139193   0.015563   0.0175622   0.0199371   0.0228168   0.0264982   0.0334694   0.0414413   0.051762   0.0660612   0.0830522   
-0.128845   -0.132201   -0.134135   -0.13453   -0.133593   -0.132405   -0.131312   -0.129872   -0.128083   -0.126087   -0.124053   -0.121459   -0.117499   -0.111306   -0.104858   -0.104543   -0.0963915   -0.0894822   -0.0826105   -0.075763   -0.0689158   -0.0623461   -0.0560748   -0.0499746   -0.0423421   -0.0370209   -0.0338178   -0.0336663   -0.0366904   

630000
-10   -9   -7   -6   -5   -4   -3   -2   -1   0   1   2   3   5   6   7   8   9   10   11   13   14   15   16   17   18   
-0.577363   -0.456299   -0.223674   -0.113425   -0.00378405   0.105908   0.214292   0.321274   0.427488   0.533717   0.637406   0.734245   0.818989   1.00837   1.07956   1.15568   1.22919   1.29893   1.36454   1.42635   1.53229   1.54306   1.5545   1.55337   1.53219   1.5016   
0.0158353   0.0133944   0.0102868   0.00973276   0.00930978   0.00888617   0.00848203   0.00812093   0.00788302   0.00783171   0.00787958   0.00803391   0.00867432   0.0101183   0.0113591   0.0125135   0.0138849   0.0155342   0.0175235   0.0198921   0.0264422   0.033456   0.0413902   0.0516607   0.065825   0.082894   
-0.12903   -0.132325   -0.134518   -0.133585   -0.132385   -0.131263   -0.129862   -0.128066   -0.126073   -0.124039   -0.121445   -0.11747   -0.111272   -0.104587   -0.096424   -0.0895434   -0.0827076   -0.0758326   -0.0690029   -0.0624359   -0.050054   -0.0423668   -0.037062   -0.0338516   -0.0336489   -0.0366659   

635000
-10   -9   -7   -6   -5   -4   -3   -2   -1   0   1   2   3   4   5   6   7   8   9   10   11   12   13   14   15   16   17   18   
-0.576438   -0.455701   -0.223609   -0.113374   -0.00385528   0.105737   0.214337   0.321271   0.427488   0.533702   0.637383   0.734119   0.818815   0.901396   1.00857   1.07971   1.15599   1.22974   1.29933   1.36511   1.427   1.48404   1.53301   1.54321   1.55502   1.55423   1.53401   1.50257   
0.0157906   0.0133467   0.0102574   0.00970114   0.0092774   0.00885795   0.00846143   0.00810145   0.00786518   0.00781286   0.00785991   0.00801851   0.00866746   0.00928701   0.0101023   0.0113447   0.0124918   0.0138517   0.0155066   0.0174863   0.0198486   0.0227174   0.0263897   0.0334443   0.041343   0.0515721   0.0655985   0.0827642   
-0.129213   -0.132447   -0.134518   -0.133585   -0.132363   -0.131219   -0.129856   -0.128051   -0.12606   -0.124026   -0.121432   -0.117437   -0.111235   -0.1049   -0.10463   -0.0964557   -0.0896021   -0.0828012   -0.0758988   -0.069087   -0.0625225   -0.0562442   -0.0501296   -0.0423903   -0.037101   -0.0338848   -0.0336336   -0.0366511   

640000
-10   -9   -8   -7   -6   -5   -4   -3   -2   -1   0   2   4   5   6   7   8   9   10   11   12   13   14   15   16   17   18   
-0.575509   -0.455111   -0.336977   -0.223555   -0.113289   -0.00389683   0.105586   0.214392   0.321278   0.427494   0.53369   0.733979   0.90145   1.00875   1.08008   1.15629   1.23028   1.29971   1.36565   1.42761   1.48496   1.5336   1.54352   1.5555   1.55503   1.53576   1.5034   
0.0157499   0.0133   0.0112919   0.010222   0.00967046   0.00924614   0.0088304   0.00844174   0.0080827   0.00784807   0.0077948   0.00800414   0.00927547   0.0100871   0.0113221   0.0124708   0.0138195   0.0154805   0.0174505   0.0198071   0.022655   0.0263464   0.0334196   0.0413014   0.0514936   0.0653842   0.0826555   
-0.129393   -0.132567   -0.134454   -0.134524   -0.133592   -0.132347   -0.131179   -0.129851   -0.128038   -0.126049   -0.124014   -0.117402   -0.10491   -0.10467   -0.0965289   -0.0896585   -0.082892   -0.0759615   -0.0691681   -0.0626059   -0.0563501   -0.0501953   -0.042424   -0.0371394   -0.0339187   -0.0336218   -0.0366429   

645000
-10   -9   -8   -7   -6   -5   -4   -3   -2   -1   0   1   2   3   4   5   6   7   8   9   10   11   12   13   14   15   16   17   18   
-0.574574   -0.454528   -0.336416   -0.223459   -0.113189   -0.00391196   0.105452   0.214459   0.321294   0.427507   0.533683   0.63732   0.733823   0.818497   0.901484   1.00891   1.08055   1.15658   1.2308   1.30007   1.36618   1.4282   1.48582   1.53407   1.54398   1.5559   1.55573   1.53743   1.50408   
0.0157135   0.0132545   0.011258   0.0101874   0.00964052   0.00921592   0.00880347   0.00842304   0.00806467   0.00783176   0.00777748   0.00782041   0.00799073   0.00865411   0.00926513   0.0100728   0.0112964   0.0124505   0.0137883   0.0154553   0.0174161   0.0197675   0.0225955   0.0263111   0.0333818   0.0412656   0.0514234   0.0651787   0.0825654   
-0.12957   -0.132685   -0.134559   -0.134537   -0.133602   -0.132337   -0.131142   -0.129849   -0.128027   -0.126039   -0.124003   -0.121403   -0.117364   -0.111169   -0.104917   -0.104707   -0.0966181   -0.0897131   -0.0829803   -0.0760215   -0.0692464   -0.062686   -0.0564518   -0.0502512   -0.0424666   -0.0371737   -0.0339513   -0.0336119   -0.0366407   

650000
-10   -9   -8   -7   -6   -5   -4   -3   -2   -1   0   1   2   3   4   5   6   7   8   9   10   11   12   13   14   15   16   17   18   
-0.57363   -0.453951   -0.335856   -0.22333   -0.113077   -0.00391338   0.105333   0.214536   0.321319   0.427527   0.53368   0.637269   0.733652   0.818541   0.901499   1.00907   1.08099   1.15685   1.2313   1.30041   1.36667   1.42876   1.48665   1.53444   1.54443   1.55626   1.55633   1.53903   1.50461   
0.0156819   0.0132105   0.0112249   0.0101536   0.00961131   0.00918657   0.00877721   0.00840522   0.0080475   0.00781632   0.00776089   0.0077994   0.00797829   0.00864064   0.00925604   0.0100591   0.0112719   0.0124308   0.0137579   0.0154312   0.0173834   0.0197296   0.0225389   0.0262834   0.0333453   0.0412365   0.0513618   0.0649825   0.0825011   
-0.129745   -0.132802   -0.134663   -0.134557   -0.133615   -0.132328   -0.131108   -0.12985   -0.128019   -0.126031   -0.123993   -0.121385   -0.117323   -0.111176   -0.104921   -0.104742   -0.0967028   -0.0897655   -0.0830662   -0.076079   -0.069321   -0.0627634   -0.0565493   -0.0502983   -0.0425086   -0.0372077   -0.033982   -0.0336046   -0.0366469   

655000
-10   -9   -8   -7   -6   -5   -4   -3   -2   -1   0   1   2   3   4   5   6   7   8   9   10   11   12   13   14   15   16   17   18   
-0.572675   -0.453376   -0.335529   -0.223173   -0.112952   -0.00390246   0.105227   0.214626   0.321353   0.427555   0.533683   0.637217   0.733468   0.818571   0.901493   1.00921   1.08141   1.15711   1.23178   1.30073   1.36715   1.4293   1.48743   1.53504   1.54485   1.55656   1.55686   1.54059   1.50497   
0.0156555   0.0131683   0.0111954   0.0101205   0.00958283   0.009158   0.00875153   0.00838838   0.00803109   0.00780174   0.00774505   0.00777908   0.00796681   0.00862809   0.00924819   0.0100461   0.0112483   0.0124117   0.0137284   0.015408   0.0173518   0.0196932   0.0224849   0.0262398   0.0333117   0.0412131   0.0513107   0.0647964   0.0824592   
-0.129916   -0.132916   -0.134718   -0.134582   -0.13363   -0.132323   -0.131077   -0.129853   -0.128012   -0.126025   -0.123985   -0.121368   -0.117279   -0.11118   -0.10492   -0.104774   -0.0967837   -0.0898162   -0.0831498   -0.0761342   -0.0693929   -0.0628378   -0.0566426   -0.0503641   -0.0425495   -0.0372398   -0.0340132   -0.0336016   -0.0366598   

660000
-10   -9   -8   -7   -6   -5   -4   -3   -2   -1   0   1   2   3   4   5   6   7   8   9   10   11   12   13   14   15   16   17   18   
-0.571708   -0.452804   -0.335825   -0.222993   -0.112817   -0.00388023   0.105135   0.214728   0.321396   0.427591   0.533691   0.637166   0.733392   0.818586   0.901466   1.00934   1.08181   1.15737   1.23226   1.30124   1.36761   1.42982   1.48819   1.53564   1.54525   1.55681   1.5573   1.54209   1.50516   
0.0156345   0.0131276   0.011174   0.0100881   0.00955513   0.00913019   0.00872662   0.00837259   0.00801548   0.00778797   0.00772995   0.00775945   0.00795269   0.00861652   0.00924176   0.0100336   0.0112256   0.0123932   0.0136997   0.0153763   0.0173213   0.0196582   0.0224337   0.0261957   0.0332799   0.0411908   0.0512693   0.0646132   0.082442   
-0.130086   -0.133029   -0.134639   -0.134612   -0.133647   -0.132319   -0.131048   -0.12986   -0.128008   -0.126021   -0.123978   -0.121351   -0.117258   -0.111181   -0.104916   -0.104805   -0.0968614   -0.0898654   -0.0832311   -0.0762155   -0.0694629   -0.0629093   -0.0567334   -0.0504309   -0.0425893   -0.0372684   -0.0340439   -0.0335989   -0.0366804   

665000
-10   -9   -8   -7   -6   -5   -4   -3   -2   -1   0   1   2   3   4   5   6   7   8   9   10   11   12   13   14   15   16   17   18   
-0.570727   -0.452235   -0.335912   -0.222793   -0.112672   -0.00384757   0.105057   0.214843   0.321449   0.427635   0.533696   0.637113   0.733372   0.818587   0.90142   1.00945   1.0822   1.15761   1.23271   1.30183   1.36805   1.43031   1.48891   1.53614   1.54564   1.55702   1.55766   1.54355   1.50515   
0.0156193   0.0130885   0.0111511   0.0100565   0.00952828   0.00910314   0.00870252   0.00835787   0.00800069   0.00777498   0.00771471   0.00774046   0.00793723   0.0086058   0.0092365   0.0100217   0.0112036   0.0123751   0.0136718   0.0153412   0.0172919   0.0196249   0.0223845   0.0261596   0.0332495   0.0411755   0.0512381   0.0644375   0.0824513   
-0.130252   -0.13314   -0.134604   -0.134647   -0.133667   -0.132318   -0.131021   -0.12987   -0.128006   -0.126019   -0.123971   -0.121333   -0.117248   -0.11118   -0.104908   -0.104833   -0.0969364   -0.0899133   -0.0833104   -0.0763082   -0.06953   -0.0629781   -0.0568204   -0.0504883   -0.0426283   -0.0372964   -0.0340741   -0.0335987   -0.0367091   

670000
-10   -9   -8   -7   -6   -5   -4   -3   -2   0   1   2   3   4   5   6   7   8   9   10   11   12   13   14   15   16   17   18   
-0.569916   -0.451667   -0.335873   -0.222572   -0.112518   -0.00380594   0.104992   0.21481   0.321514   0.533627   0.637061   0.733334   0.81857   0.901358   1.00955   1.08257   1.15786   1.23316   1.30239   1.36847   1.43079   1.4896   1.53653   1.54602   1.55716   1.55793   1.54497   1.50495   
0.0155768   0.0130509   0.0111278   0.0100257   0.00950225   0.0090768   0.00867918   0.00834104   0.00798696   0.00769342   0.00772212   0.00792268   0.00859541   0.00923231   0.0100107   0.0111823   0.0123575   0.0136446   0.0153076   0.0172637   0.0195925   0.0223376   0.0261311   0.03322   0.0411655   0.0512152   0.0642686   0.0824894   
-0.13042   -0.13325   -0.134596   -0.134685   -0.133688   -0.132318   -0.130997   -0.129849   -0.128007   -0.123949   -0.121315   -0.117235   -0.111174   -0.104897   -0.104858   -0.0970086   -0.0899603   -0.0833876   -0.0763967   -0.0695948   -0.0630454   -0.0569045   -0.0505373   -0.0426664   -0.0373222   -0.0341032   -0.0336005   -0.0367463   

675000
-10   -9   -8   -7   -6   -5   -4   -3   -1   0   1   2   3   5   6   8   9   10   11   12   13   14   15   16   17   18   
-0.569266   -0.451101   -0.33574   -0.222331   -0.112355   -0.00375628   0.104942   0.214649   0.427547   0.533568   0.637007   0.733277   0.818517   1.00964   1.08292   1.23359   1.30291   1.36887   1.43123   1.49025   1.5368   1.54637   1.55725   1.55811   1.54635   1.50457   
0.0155086   0.0130148   0.0111045   0.00999567   0.00947701   0.00905123   0.00865652   0.00832083   0.00773957   0.00767292   0.0077044   0.00790901   0.00858372   0.0100004   0.0111617   0.0136182   0.0152754   0.0172367   0.019562   0.0222932   0.026111   0.0331922   0.0411623   0.0512032   0.0641027   0.0825538   
-0.130588   -0.133359   -0.134607   -0.134727   -0.133712   -0.132321   -0.130976   -0.129805   -0.125984   -0.123929   -0.121298   -0.117218   -0.111163   -0.10488   -0.0970785   -0.0834627   -0.0764813   -0.0696571   -0.0631091   -0.056985   -0.0505758   -0.0427037   -0.0373459   -0.0341316   -0.0336029   -0.0367911   

680000
-10   -9   -8   -7   -6   -5   -4   -3   -2   -1   0   1   2   3   4   5   6   7   8   9   10   11   12   13   14   15   16   17   18   
-0.568623   -0.450531   -0.335582   -0.222065   -0.112184   -0.00369857   0.104911   0.214473   0.321554   0.427438   0.533517   0.636953   0.733203   0.818452   0.901454   1.00971   1.08327   1.15842   1.23401   1.30342   1.36925   1.43165   1.49087   1.53734   1.54671   1.55725   1.55819   1.54771   1.50402   
0.0154427   0.0129806   0.0110772   0.00996662   0.00945259   0.00902635   0.00863462   0.00829651   0.00795812   0.00771804   0.00765304   0.00768729   0.00789621   0.00857292   0.00921425   0.00999066   0.0111417   0.0123192   0.0135925   0.0152446   0.0172111   0.0195333   0.0222507   0.0260724   0.0331659   0.0411666   0.0512023   0.0639403   0.0826394   
-0.130752   -0.133467   -0.134629   -0.134774   -0.133737   -0.132325   -0.130959   -0.129761   -0.127993   -0.125954   -0.123911   -0.12128   -0.117198   -0.11115   -0.104916   -0.104901   -0.097146   -0.0900681   -0.0835359   -0.076563   -0.0697158   -0.0631693   -0.0570622   -0.0506367   -0.0427391   -0.0373665   -0.0341591   -0.0336059   -0.0368418   

685000
-10   -9   -8   -7   -6   -5   -4   -3   -2   -1   0   1   2   3   4   5   6   7   8   9   10   11   12   13   14   15   16   17   18   
-0.567992   -0.449958   -0.335395   -0.221777   -0.112006   -0.00363302   0.104892   0.214316   0.321428   0.427339   0.533473   0.636896   0.733111   0.818376   0.90158   1.00978   1.0836   1.15892   1.23442   1.30392   1.36986   1.43215   1.49146   1.53785   1.54701   1.55796   1.55818   1.54904   1.50434   
0.0153785   0.0129481   0.0110487   0.00993827   0.00942899   0.00900216   0.0086134   0.00827301   0.00793951   0.00769717   0.00763374   0.00767087   0.00788435   0.00856295   0.00920156   0.00998137   0.0111223   0.0122916   0.0135676   0.0152146   0.0171738   0.0195002   0.0222104   0.0260357   0.0331424   0.0411049   0.0512138   0.0637828   0.0826052   
-0.130912   -0.133575   -0.134659   -0.134826   -0.133764   -0.132331   -0.130944   -0.129721   -0.127956   -0.125926   -0.123894   -0.121261   -0.117173   -0.111134   -0.104941   -0.10492   -0.0972114   -0.0901587   -0.0836071   -0.0766425   -0.0698045   -0.0632388   -0.0571367   -0.0506953   -0.0427731   -0.0374117   -0.0341868   -0.0336099   -0.0368545   

690000
-10   -8   -7   -6   -5   -4   -3   -2   -1   0   1   2   3   4   5   6   7   8   9   10   11   12   13   14   15   16   17   18   
-0.567372   -0.335174   -0.221689   -0.111819   -0.00355946   0.104882   0.214175   0.321316   0.42725   0.533434   0.636838   0.732995   0.818287   0.901685   1.00984   1.08392   1.15941   1.2348   1.30439   1.3705   1.43292   1.49202   1.53825   1.54731   1.55915   1.55805   1.55034   1.50729   
0.0153163   0.0110209   0.00991131   0.00940625   0.00897871   0.00859283   0.00825024   0.00792147   0.00767694   0.00761501   0.00765507   0.00787263   0.00855381   0.00919001   0.00997246   0.0111035   0.0122649   0.0135438   0.0151856   0.0171347   0.0194517   0.022172   0.0260077   0.0331209   0.0409954   0.0512342   0.0636301   0.0821956   
-0.131068   -0.134695   -0.134837   -0.133793   -0.132338   -0.130931   -0.129684   -0.127922   -0.1259   -0.123878   -0.121243   -0.117145   -0.111116   -0.104962   -0.104937   -0.0972747   -0.0902463   -0.0836745   -0.0767193   -0.0698982   -0.06334   -0.0572082   -0.0507439   -0.0428065   -0.0374744   -0.0342117   -0.0336154   -0.0367499   

695000
-10   -9   -8   -7   -5   -4   -3   -2   -1   0   1   2   3   4   5   6   7   8   9   10   11   12   13   14   15   17   18   
-0.566766   -0.448795   -0.334926   -0.221986   -0.00347812   0.10488   0.214048   0.321216   0.42717   0.533399   0.636779   0.732842   0.818187   0.901771   1.0099   1.08423   1.15988   1.23517   1.30485   1.37111   1.43366   1.49256   1.53853   1.54758   1.56028   1.55158   1.5101   
0.0152559   0.0128885   0.0109936   0.00988626   0.00895604   0.00857293   0.00822819   0.00790396   0.00765728   0.00759682   0.00763987   0.00785968   0.00854545   0.00917955   0.00996378   0.0110852   0.0122389   0.0135207   0.0151577   0.0170971   0.0194053   0.0221357   0.0259873   0.0330996   0.0408937   0.0634818   0.081808   
-0.131219   -0.133792   -0.134737   -0.134768   -0.132347   -0.13092   -0.129649   -0.127891   -0.125876   -0.123863   -0.121224   -0.11711   -0.111095   -0.104979   -0.104954   -0.097336   -0.0903313   -0.08374   -0.0767935   -0.0699886   -0.063438   -0.0572768   -0.0507834   -0.0428382   -0.0375358   -0.0336203   -0.0366529   

700000
-10   -8   -7   -6   -4   -3   -2   -1   0   1   2   3   4   5   6   7   8   9   10   11   12   13   14   15   16   17   18   
-0.566175   -0.334656   -0.222228   -0.111951   0.104886   0.213933   0.321127   0.427097   0.533369   0.63672   0.732672   0.818076   0.901837   1.01   1.08452   1.16033   1.23553   1.30528   1.37171   1.43437   1.49307   1.53882   1.54785   1.56135   1.55906   1.55274   1.51272   
0.0151971   0.0109669   0.00986168   0.00936136   0.00855369   0.00820685   0.00788699   0.00763816   0.00757918   0.00762527   0.00784765   0.00853783   0.00917017   0.00995349   0.0110678   0.0122136   0.0134983   0.0151307   0.0170609   0.0193605   0.0221016   0.025967   0.0330804   0.040798   0.0511407   0.0633459   0.0814437   
-0.131366   -0.134784   -0.13471   -0.133747   -0.13091   -0.129617   -0.127862   -0.125853   -0.123849   -0.121205   -0.117071   -0.111073   -0.104993   -0.10498   -0.0973937   -0.0904138   -0.0838036   -0.0768652   -0.0700761   -0.0635323   -0.0573429   -0.0508227   -0.0428701   -0.0375957   -0.0342713   -0.0336282   -0.0365649   

705000
-10   -9   -8   -7   -6   -5   -4   -3   -2   -1   0   1   2   3   4   5   6   7   8   9   10   11   12   13   14   15   16   17   18   
-0.565593   -0.447603   -0.334368   -0.222423   -0.112153   -0.00349903   0.1049   0.21383   0.321033   0.42703   0.533341   0.636661   0.732486   0.817953   0.901884   1.01026   1.08479   1.16077   1.23587   1.3057   1.37228   1.43505   1.49354   1.53934   1.54809   1.56237   1.56086   1.55378   1.51518   
0.0151397   0.0128362   0.0109407   0.00983758   0.00933939   0.00891077   0.00853515   0.00818623   0.00786847   0.00761954   0.00756213   0.00761125   0.00783652   0.00853097   0.0091619   0.0099372   0.011051   0.0121891   0.0134766   0.0151048   0.0170259   0.0193175   0.0220689   0.0259305   0.0330618   0.0407084   0.0509507   0.063224   0.0811101   
-0.131509   -0.13401   -0.134834   -0.134661   -0.133696   -0.132329   -0.130902   -0.129587   -0.127833   -0.125831   -0.123835   -0.121187   -0.117029   -0.111048   -0.105003   -0.105034   -0.0974495   -0.090494   -0.0838653   -0.0769343   -0.0701609   -0.0636241   -0.0574054   -0.0508814   -0.0428998   -0.037655   -0.0343104   -0.0336384   -0.0364889   

710000
-10   -9   -8   -7   -6   -5   -4   -3   -2   -1   0   1   2   3   4   5   6   7   8   9   10   11   12   13   14   15   16   17   18   
-0.565017   -0.447003   -0.334066   -0.222579   -0.112325   -0.00368091   0.10492   0.213736   0.320936   0.426968   0.533317   0.636615   0.732283   0.817818   0.901911   1.01051   1.08506   1.16119   1.23621   1.30611   1.37283   1.43571   1.49398   1.53971   1.54831   1.56335   1.56255   1.55475   1.51751   
0.0150837   0.0128131   0.0109152   0.00981398   0.00931818   0.00888698   0.00851735   0.0081662   0.00784874   0.00760142   0.0075457   0.00759658   0.00782636   0.00852496   0.00915477   0.00992148   0.0110346   0.0121652   0.0134555   0.0150797   0.0169921   0.019276   0.0220391   0.025904   0.0330465   0.0406194   0.0507736   0.0631123   0.0807918   
-0.13165   -0.134118   -0.134886   -0.13462   -0.13365   -0.132286   -0.130895   -0.129558   -0.127806   -0.125811   -0.123822   -0.121171   -0.116984   -0.111021   -0.105009   -0.105085   -0.0975035   -0.0905721   -0.0839253   -0.0770008   -0.070243   -0.063713   -0.057464   -0.0509282   -0.0429281   -0.0377113   -0.0343496   -0.0336504   -0.0364187   

715000
-10   -8   -7   -6   -5   -4   -3   -2   -1   0   1   2   3   4   5   6   7   8   9   10   11   12   13   14   15   16   17   18   
-0.564447   -0.33375   -0.222703   -0.112469   -0.00384308   0.104947   0.21365   0.320847   0.426911   0.533292   0.636616   0.732063   0.817676   0.901915   1.01075   1.08532   1.16161   1.23653   1.3065   1.37336   1.43635   1.4944   1.53996   1.54852   1.5643   1.56416   1.55565   1.51977   
0.0150291   0.0108902   0.00979091   0.00929791   0.00886382   0.00850026   0.0081467   0.00782951   0.00758382   0.00752965   0.00757775   0.00781719   0.00851954   0.00914896   0.0099063   0.0110188   0.012142   0.013435   0.0150556   0.0169595   0.0192361   0.0220109   0.0258863   0.0330322   0.0405348   0.0506087   0.0630118   0.0804853   
-0.131788   -0.134941   -0.134586   -0.13361   -0.132246   -0.130889   -0.129531   -0.127779   -0.125791   -0.123809   -0.121166   -0.116935   -0.110992   -0.105011   -0.105135   -0.0975556   -0.0906479   -0.0839836   -0.0770655   -0.070323   -0.0637993   -0.0575201   -0.0509644   -0.0429555   -0.0377676   -0.0343895   -0.0336646   -0.0363523   

720000
-10   -9   -8   -7   -6   -5   -4   -3   -2   -1   0   1   2   4   5   6   7   8   9   10   11   13   14   15   16   17   18   
-0.563885   -0.445878   -0.333423   -0.222798   -0.112589   -0.00398831   0.104981   0.213572   0.320764   0.426858   0.533247   0.636617   0.731892   0.901899   1.01098   1.08557   1.16201   1.23685   1.30687   1.37388   1.43696   1.54015   1.54872   1.56522   1.56568   1.55645   1.52199   
0.0149756   0.0127595   0.0108661   0.00976843   0.00927847   0.0088412   0.0084839   0.0081277   0.00781077   0.00756673   0.00751157   0.00755956   0.0078071   0.00914425   0.00989166   0.0110034   0.0121193   0.0134151   0.0150322   0.016928   0.0191976   0.0258732   0.0330177   0.0404531   0.0504526   0.0629198   0.0801877   
-0.131924   -0.13433   -0.134999   -0.134557   -0.133575   -0.132209   -0.130885   -0.129505   -0.127754   -0.125773   -0.123794   -0.121161   -0.116897   -0.105009   -0.105183   -0.0976059   -0.0907219   -0.0840402   -0.0771279   -0.0704002   -0.0638828   -0.0509953   -0.0429829   -0.037823   -0.0344291   -0.0336795   -0.0362893   

725000
-10   -9   -8   -7   -5   -4   -3   -2   -1   0   1   2   3   4   5   6   7   8   9   10   11   12   13   14   15   16   17   18   
-0.563331   -0.445434   -0.333085   -0.222868   -0.00411867   0.105023   0.213502   0.320686   0.426811   0.533204   0.636617   0.731839   0.817641   0.901864   1.01119   1.0858   1.1624   1.23715   1.30723   1.37438   1.43755   1.49536   1.54056   1.54918   1.56612   1.56712   1.55718   1.52416   
0.0149232   0.0127162   0.0108425   0.00974656   0.00881911   0.00846832   0.00810923   0.00779251   0.00755021   0.00749398   0.00754196   0.00779402   0.00850044   0.00914065   0.00987751   0.0109885   0.0120973   0.0133957   0.0150096   0.0168975   0.0191603   0.0219464   0.0258451   0.032983   0.0403746   0.0503029   0.0628416   0.079897   
-0.132057   -0.134431   -0.135058   -0.134534   -0.132176   -0.130883   -0.129481   -0.127731   -0.125755   -0.123779   -0.121156   -0.116883   -0.110984   -0.105004   -0.105229   -0.0976546   -0.090794   -0.0840955   -0.0771885   -0.0704755   -0.0639638   -0.0576458   -0.0510442   -0.0430263   -0.0378781   -0.0344677   -0.0336976   -0.0362284   

730000
-10   -9   -8   -7   -6   -5   -4   -3   -2   -1   0   1   2   3   4   5   6   7   8   9   10   11   12   13   14   15   16   17   18   
-0.562784   -0.444991   -0.33274   -0.222944   -0.112797   -0.00423594   0.105071   0.213443   0.320615   0.426767   0.533162   0.636615   0.731769   0.817713   0.901797   1.0114   1.08603   1.16278   1.23745   1.30758   1.37486   1.43813   1.49615   1.54082   1.54986   1.567   1.5685   1.5578   1.52628   
0.014872   0.0126742   0.0108196   0.00972231   0.00923862   0.00879751   0.00845352   0.00809145   0.00777475   0.00753425   0.00747687   0.0075249   0.00778171   0.00848801   0.00913688   0.00986385   0.0109741   0.0120758   0.0133769   0.0149878   0.0168678   0.0191243   0.0218949   0.0258272   0.0329292   0.0402974   0.050162   0.0627738   0.0796097   
-0.132188   -0.134531   -0.135119   -0.134513   -0.133513   -0.132144   -0.130882   -0.129459   -0.127708   -0.125738   -0.123765   -0.12115   -0.116866   -0.110997   -0.104992   -0.105274   -0.0977016   -0.0908643   -0.0841494   -0.0772471   -0.0705487   -0.0640429   -0.0577409   -0.0510808   -0.0430834   -0.0379318   -0.034507   -0.0337163   -0.0361685   

735000
-10   -9   -8   -7   -6   -5   -4   -3   -2   -1   0   1   2   3   4   5   6   7   8   9   10   11   12   13   14   15   16   17   18   
-0.562244   -0.444548   -0.332386   -0.223018   -0.112937   -0.00434134   0.105127   0.213397   0.32055   0.426727   0.533121   0.636612   0.731684   0.817772   0.901698   1.0116   1.08625   1.16314   1.23774   1.30792   1.37533   1.43868   1.49691   1.54096   1.55051   1.56784   1.56981   1.55833   1.52835   
0.014822   0.0126333   0.0107972   0.00969656   0.0092126   0.00877641   0.00843956   0.00807439   0.00775752   0.00751879   0.00746022   0.00750836   0.00777017   0.00847637   0.00913287   0.00985066   0.0109601   0.0120548   0.0133584   0.0149666   0.0168391   0.0190894   0.0218459   0.025818   0.0328793   0.0402234   0.0500285   0.0627184   0.0793318   
-0.132317   -0.13463   -0.135181   -0.134494   -0.133481   -0.132116   -0.130883   -0.12944   -0.127686   -0.125722   -0.12375   -0.121144   -0.116845   -0.111008   -0.104975   -0.105316   -0.0977472   -0.0909328   -0.0842022   -0.0773039   -0.0706201   -0.0641199   -0.0578327   -0.0511072   -0.0431398   -0.0379849   -0.0345463   -0.033737   -0.0361122   

740000
-10   -9   -8   -7   -6   -5   -4   -3   -2   -1   0   1   2   3   4   5   6   7   8   9   10   11   12   13   14   15   16   17   18   
-0.561711   -0.444107   -0.332024   -0.223073   -0.113062   -0.00443614   0.105192   0.213357   0.320492   0.426689   0.533082   0.636605   0.731584   0.81782   0.901749   1.01179   1.08647   1.1635   1.23802   1.30823   1.37578   1.43922   1.49763   1.54109   1.55113   1.56866   1.57107   1.55874   1.53037   
0.0147729   0.0125936   0.0107754   0.0096714   0.00918718   0.00875581   0.00842649   0.00805786   0.00774088   0.00750376   0.00744402   0.0074923   0.00775949   0.00846556   0.00912423   0.00983795   0.0109464   0.0120346   0.0133404   0.0149465   0.0168112   0.0190558   0.021799   0.0258091   0.0328324   0.0401524   0.0499023   0.0626792   0.0790594   
-0.132443   -0.134728   -0.135245   -0.134478   -0.133452   -0.132089   -0.130885   -0.129422   -0.127666   -0.125706   -0.123736   -0.121138   -0.116822   -0.111016   -0.104986   -0.105357   -0.0977914   -0.0909988   -0.0842542   -0.0773578   -0.0706895   -0.0641949   -0.0579208   -0.051133   -0.0431945   -0.0380369   -0.0345865   -0.0337602   -0.0360577   

745000
-10   -9   -8   -7   -6   -5   -4   -3   -2   -1   0   1   2   3   4   5   6   7   8   10   11   12   13   14   15   16   17   18   
-0.561185   -0.443667   -0.331653   -0.223111   -0.113172   -0.0045209   0.105248   0.213323   0.320441   0.426654   0.533043   0.636596   0.731469   0.817856   0.901853   1.01197   1.08667   1.16384   1.2383   1.37622   1.43974   1.49832   1.54138   1.55171   1.56943   1.57227   1.55903   1.53235   
0.0147248   0.0125549   0.0107541   0.00964684   0.00916232   0.00873571   0.00841217   0.00804186   0.00772482   0.00748916   0.00742825   0.00747674   0.00774953   0.00845542   0.00911413   0.00982591   0.0109332   0.012015   0.0133227   0.0167843   0.019023   0.0217546   0.0257891   0.0327862   0.0400867   0.0497787   0.0626542   0.0787942   
-0.132567   -0.134825   -0.135311   -0.134466   -0.133426   -0.132064   -0.130888   -0.129405   -0.127647   -0.125691   -0.123722   -0.12113   -0.116795   -0.111023   -0.105007   -0.105396   -0.0978344   -0.0910624   -0.0843053   -0.0707568   -0.0642679   -0.0580056   -0.0511722   -0.0432452   -0.0380883   -0.0346246   -0.0337853   -0.0360061   

750000
-10   -9   -8   -7   -6   -5   -4   -3   -2   -1   0   1   2   3   4   5   6   7   8   9   10   11   12   13   14   15   16   17   18   
-0.560667   -0.443229   -0.331282   -0.22313   -0.113268   -0.00459576   0.105241   0.213294   0.320394   0.426621   0.533004   0.636584   0.731338   0.817882   0.901938   1.01213   1.08687   1.16417   1.23858   1.30894   1.37664   1.44025   1.49897   1.5415   1.55228   1.57015   1.57346   1.55921   1.53427   
0.0146775   0.0125171   0.010732   0.00962293   0.00913798   0.00871612   0.00839276   0.00802639   0.00770923   0.007475   0.00741293   0.00746164   0.00774031   0.00844594   0.00910506   0.00981446   0.0109202   0.011996   0.0133055   0.0149029   0.0167582   0.0189912   0.0217118   0.0257816   0.0327432   0.0400243   0.0496618   0.0626442   0.0785365   
-0.132689   -0.134921   -0.135379   -0.134458   -0.133402   -0.132041   -0.130883   -0.129389   -0.12763   -0.125676   -0.123708   -0.121122   -0.116766   -0.111027   -0.105024   -0.105432   -0.0978767   -0.0911243   -0.0843552   -0.0774767   -0.0708223   -0.0643396   -0.0580869   -0.0511967   -0.0432962   -0.0381361   -0.034666   -0.0338127   -0.0359578   

755000
-10   -9   -8   -7   -6   -5   -4   -3   -2   -1   0   1   2   3   4   5   6   7   8   9   10   11   12   13   14   15   16   17   18   
-0.560156   -0.442793   -0.330922   -0.223131   -0.11335   -0.00466052   0.105084   0.213269   0.320351   0.426589   0.532965   0.636568   0.731193   0.817896   0.902006   1.01228   1.08706   1.16449   1.23883   1.30945   1.37705   1.44074   1.4996   1.54148   1.55283   1.57084   1.57462   1.55927   1.53614   
0.0146311   0.0124804   0.0107073   0.0095995   0.00911417   0.00869705   0.00837004   0.00801152   0.00769407   0.00746131   0.00739809   0.00744701   0.00773186   0.0084371   0.00909695   0.00980349   0.0109079   0.0119774   0.013289   0.0148743   0.016733   0.0189605   0.0216711   0.0257836   0.0327018   0.0399645   0.0495467   0.0626483   0.0782874   
-0.132809   -0.135016   -0.135448   -0.134453   -0.133382   -0.13202   -0.130847   -0.129374   -0.127612   -0.125662   -0.123694   -0.121114   -0.116733   -0.111029   -0.105039   -0.105466   -0.0979165   -0.0911846   -0.0844027   -0.0775578   -0.0708859   -0.0644092   -0.0581659   -0.0512088   -0.043346   -0.038183   -0.0347061   -0.0338419   -0.0359132   

760000
-10   -9   -8   -7   -6   -5   -4   -3   -2   -1   0   1   2   3   4   5   6   7   8   9   10   11   12   13   14   15   16   17   18   
-0.559652   -0.442359   -0.330546   -0.223111   -0.113415   -0.00471428   0.104942   0.213249   0.32031   0.42656   0.532927   0.636549   0.731033   0.8179   0.902056   1.01243   1.08725   1.1648   1.23909   1.30993   1.37745   1.44122   1.50021   1.54158   1.55336   1.57149   1.57575   1.55922   1.53795   
0.0145857   0.0124443   0.0106832   0.00957654   0.00909087   0.00867855   0.00834796   0.00799719   0.00767937   0.00744822   0.00738367   0.00743291   0.00772414   0.00842889   0.00908979   0.00979301   0.0108959   0.0119594   0.0132727   0.0148465   0.0167086   0.0189307   0.021632   0.0257777   0.0326626   0.0399098   0.0494331   0.0626676   0.0780481   
-0.132926   -0.13511   -0.13552   -0.134452   -0.133364   -0.132001   -0.130815   -0.129359   -0.127596   -0.125648   -0.12368   -0.121104   -0.116697   -0.111029   -0.10505   -0.105499   -0.0979553   -0.0912433   -0.08445   -0.0776363   -0.0709478   -0.0644768   -0.0582423   -0.051231   -0.0433951   -0.038229   -0.0347457   -0.0338733   -0.0358734   

765000
-10   -9   -8   -7   -6   -5   -4   -3   -2   -1   0   1   2   3   4   5   7   8   9   10   11   12   13   14   15   16   17   18   
-0.559155   -0.441928   -0.330162   -0.223069   -0.113461   -0.00475545   0.104811   0.213235   0.320272   0.426533   0.532888   0.636527   0.730855   0.817894   0.902088   1.01256   1.1651   1.23935   1.3104   1.37782   1.44167   1.50079   1.54154   1.55387   1.57211   1.57688   1.55906   1.53972   
0.014541   0.0124091   0.0106597   0.00955402   0.00906809   0.00866063   0.00832647   0.00798346   0.00766515   0.00743556   0.00736967   0.00741925   0.00771733   0.00842136   0.00908364   0.00978299   0.0119419   0.0132566   0.0148197   0.0166856   0.0189024   0.0215946   0.0257812   0.0326233   0.0398589   0.0493228   0.0627014   0.0778172   
-0.133042   -0.135203   -0.135593   -0.134455   -0.13335   -0.131984   -0.130784   -0.129346   -0.12758   -0.125634   -0.123666   -0.121094   -0.116658   -0.111027   -0.105057   -0.105529   -0.0913005   -0.0844971   -0.0777125   -0.0710062   -0.0645417   -0.0583162   -0.0512415   -0.0434426   -0.0382741   -0.034786   -0.0339071   -0.0358366   

770000
-10   -9   -8   -7   -6   -5   -4   -3   -2   -1   0   1   2   3   4   5   6   7   8   9   10   11   12   13   14   15   16   17   18   
-0.558665   -0.441499   -0.330034   -0.223016   -0.113496   -0.00478675   0.104691   0.213225   0.320237   0.426507   0.53285   0.636501   0.730663   0.817878   0.9021   1.01269   1.08775   1.16539   1.23978   1.31086   1.37818   1.4421   1.50135   1.54139   1.55437   1.57269   1.57797   1.55877   1.54148   
0.0144971   0.0123745   0.0106392   0.00953198   0.00904576   0.00864333   0.0083055   0.00797028   0.00765137   0.00742335   0.00735608   0.00740604   0.00771125   0.00841444   0.00907867   0.00977342   0.0108672   0.0119248   0.0132326   0.0147936   0.0166635   0.0188756   0.0215588   0.0257935   0.0325859   0.0398093   0.049213   0.0627499   0.0775876   
-0.133156   -0.135296   -0.135612   -0.134461   -0.133339   -0.13197   -0.130755   -0.129334   -0.127565   -0.125621   -0.123652   -0.121083   -0.116616   -0.111023   -0.105061   -0.105559   -0.0980563   -0.091356   -0.0845722   -0.0777866   -0.0710628   -0.0646037   -0.0583878   -0.0512415   -0.0434895   -0.0383165   -0.0348252   -0.0339423   -0.0358004   

775000
-10   -9   -8   -7   -6   -5   -4   -3   -2   -1   0   1   2   3   4   5   6   7   8   9   10   11   12   13   14   15   16   17   18   
-0.558181   -0.441072   -0.330188   -0.222953   -0.113524   -0.00481064   0.10458   0.21322   0.320205   0.426483   0.532812   0.636471   0.730458   0.81783   0.902093   1.0128   1.08813   1.16567   1.24022   1.3113   1.37853   1.44251   1.50189   1.54142   1.55485   1.57324   1.57906   1.55872   1.54322   
0.014454   0.0123406   0.0106218   0.00951039   0.00902388   0.00862668   0.00828504   0.00795768   0.00763804   0.00741158   0.00734293   0.00739327   0.00770589   0.00840614   0.00907476   0.00976429   0.0108479   0.0119083   0.0132086   0.0147684   0.0166421   0.0188499   0.0215247   0.0257926   0.03255   0.0397634   0.0491056   0.0627647   0.077358   
-0.133268   -0.135388   -0.135571   -0.134468   -0.133329   -0.131957   -0.130728   -0.129324   -0.12755   -0.125608   -0.123639   -0.121071   -0.116571   -0.111013   -0.105062   -0.105586   -0.0981317   -0.09141   -0.0846477   -0.0778586   -0.0711178   -0.064664   -0.0584569   -0.0512575   -0.0435352   -0.0383585   -0.0348648   -0.0339706   -0.035764   

780000
-10   -9   -8   -7   -6   -5   -4   -3   -2   -1   0   1   3   4   5   6   7   8   9   10   11   12   13   14   15   16   17   18   
-0.557703   -0.441346   -0.330264   -0.222882   -0.113544   -0.00482882   0.104477   0.213221   0.320175   0.42646   0.532774   0.636437   0.817769   0.902069   1.01291   1.08851   1.16594   1.24063   1.31172   1.37886   1.44291   1.5024   1.5413   1.55532   1.57376   1.58013   1.56101   1.54496   
0.0144117   0.0123135   0.0106043   0.0094893   0.00900244   0.0086105   0.00826503   0.00794567   0.00762515   0.00740025   0.00733017   0.00738093   0.00839824   0.00907182   0.00975557   0.010829   0.0118921   0.0131855   0.014744   0.0166215   0.0188251   0.0214921   0.0258023   0.0325155   0.0397211   0.0490012   0.0624917   0.0771309   
-0.133378   -0.135329   -0.135546   -0.134478   -0.13332   -0.131944   -0.130703   -0.129314   -0.127536   -0.125596   -0.123625   -0.121058   -0.111002   -0.105059   -0.105612   -0.0982053   -0.0914627   -0.084721   -0.0779283   -0.0711714   -0.0647222   -0.0585236   -0.0512604   -0.0435799   -0.0383995   -0.034905   -0.0339573   -0.0357292   

785000
-10   -9   -8   -7   -6   -5   -4   -3   -2   -1   0   2   3   5   6   7   8   9   11   12   13   14   15   16   17   18   
-0.55723   -0.441647   -0.330281   -0.222804   -0.113557   -0.00484087   0.104382   0.213226   0.320149   0.426439   0.532737   0.730189   0.817696   1.01301   1.08888   1.16621   1.24104   1.31213   1.44329   1.50288   1.54105   1.55577   1.57425   1.58118   1.56317   1.5467   
0.0143701   0.0122872   0.0105867   0.00946866   0.00898146   0.00859489   0.00824548   0.00793424   0.0076127   0.00738936   0.0073179   0.007692   0.00839105   0.0097472   0.0108106   0.0118765   0.013163   0.0147203   0.0188011   0.0214611   0.0258208   0.0324827   0.0396806   0.0488981   0.0622324   0.0769041   
-0.133487   -0.135265   -0.135533   -0.134488   -0.133313   -0.131933   -0.130679   -0.129305   -0.127523   -0.125584   -0.123611   -0.116511   -0.110988   -0.105637   -0.098277   -0.0915139   -0.0847916   -0.0779962   -0.0647786   -0.0585878   -0.0512522   -0.0436233   -0.0384388   -0.0349448   -0.0339468   -0.0356943   

790000
-10   -9   -8   -7   -6   -5   -4   -3   -2   -1   0   1   2   3   4   5   6   7   8   9   10   11   12   13   14   15   16   17   18   
-0.556761   -0.44178   -0.330254   -0.222719   -0.113563   -0.00484693   0.104293   0.213237   0.320125   0.426419   0.532701   0.636349   0.730133   0.817615   0.901952   1.01311   1.08924   1.16647   1.24143   1.31253   1.37969   1.44366   1.50335   1.54077   1.55618   1.57471   1.58222   1.56521   1.54841   
0.0143293   0.01226   0.0105692   0.00944849   0.00896102   0.00857985   0.00822637   0.00792344   0.00760071   0.00737891   0.00730605   0.00735697   0.00768334   0.00838445   0.00906734   0.00973933   0.0107927   0.0118612   0.0131413   0.0146972   0.016572   0.018778   0.0214317   0.0258415   0.032452   0.0396433   0.0487969   0.0619907   0.0766789   
-0.133594   -0.135236   -0.13553   -0.1345   -0.133307   -0.131924   -0.130656   -0.129298   -0.12751   -0.125572   -0.123598   -0.12103   -0.116498   -0.110972   -0.10504   -0.10566   -0.0983471   -0.0915638   -0.0848601   -0.0780623   -0.0712992   -0.0648335   -0.0586497   -0.0512415   -0.0436645   -0.0384767   -0.0349843   -0.0339413   -0.0356598   

795000
-10   -9   -8   -7   -6   -5   -4   -3   -2   -1   0   1   2   3   4   5   6   7   8   9   10   11   12   13   14   15   16   17   18   
-0.556295   -0.441812   -0.330191   -0.222628   -0.113563   -0.00484795   0.10421   0.213254   0.320105   0.426402   0.532665   0.636281   0.730066   0.817525   0.901848   1.01319   1.08959   1.16672   1.24181   1.31292   1.38023   1.44402   1.50379   1.54044   1.55658   1.57515   1.58323   1.56715   1.5501   
0.0142893   0.0122324   0.0105519   0.00942876   0.0089411   0.00856546   0.00820772   0.00791331   0.00758918   0.00736895   0.00729463   0.00734363   0.00767533   0.00837841   0.00906528   0.00973196   0.0107751   0.0118464   0.0131202   0.0146748   0.0165408   0.0187562   0.0214043   0.0258669   0.0324236   0.0396094   0.0486997   0.0617607   0.0764574   
-0.1337   -0.135228   -0.135534   -0.134513   -0.133302   -0.131915   -0.130634   -0.129292   -0.127498   -0.125561   -0.123585   -0.121011   -0.116481   -0.110954   -0.105022   -0.105682   -0.0984156   -0.0916125   -0.0849267   -0.0781269   -0.0713801   -0.0648862   -0.0587087   -0.0512251   -0.0437054   -0.0385141   -0.0350244   -0.0339392   -0.0356265   

800000
-10   -9   -8   -7   -6   -4   -2   -1   0   1   2   3   4   5   6   7   8   9   10   11   12   13   14   15   16   18   
-0.555832   -0.441773   -0.330098   -0.22253   -0.113557   0.104134   0.320088   0.426388   0.53263   0.636209   0.729985   0.817428   0.901862   1.01327   1.08993   1.16696   1.24217   1.3133   1.38075   1.44453   1.50419   1.54012   1.55696   1.57554   1.5842   1.55174   
0.01425   0.0122048   0.0105349   0.0094095   0.00892168   0.00818954   0.00757825   0.00735953   0.0072837   0.00733075   0.00766794   0.00837286   0.0090593   0.00972476   0.010758   0.0118319   0.0130998   0.0146529   0.0165105   0.0187247   0.0213786   0.0258905   0.0323958   0.0395775   0.0486034   0.0762433   
-0.133805   -0.135235   -0.135543   -0.134528   -0.133299   -0.130613   -0.127487   -0.125551   -0.123572   -0.120993   -0.116463   -0.110936   -0.105027   -0.105702   -0.0984826   -0.09166   -0.0849915   -0.07819   -0.0714594   -0.0649583   -0.0587641   -0.0512105   -0.0437444   -0.0385489   -0.0350625   -0.0355956   

805000
-10   -9   -8   -7   -6   -5   -4   -2   0   1   2   3   4   5   6   7   8   9   10   11   12   13   14   15   16   17   18   
-0.555371   -0.441677   -0.32998   -0.222427   -0.113546   -0.00484542   0.104064   0.320076   0.532596   0.636134   0.729893   0.817327   0.901939   1.01335   1.09027   1.1672   1.24252   1.31367   1.38126   1.44513   1.50458   1.53979   1.55733   1.57591   1.58514   1.57087   1.55332   
0.0142115   0.0121773   0.0105182   0.00939077   0.00890267   0.00853707   0.00817193   0.00756788   0.0072732   0.00731834   0.00766115   0.00836773   0.00905136   0.00971762   0.0107412   0.0118177   0.01308   0.0146317   0.0164811   0.0186888   0.0213544   0.0259153   0.0323696   0.0395501   0.0485166   0.0613236   0.0760391   
-0.13391   -0.135254   -0.135558   -0.134543   -0.133296   -0.131899   -0.130594   -0.127478   -0.12356   -0.120973   -0.116441   -0.110916   -0.105043   -0.105723   -0.0985483   -0.0917067   -0.0850542   -0.0782514   -0.0715359   -0.0650404   -0.0588174   -0.0511948   -0.0437828   -0.0385834   -0.0351024   -0.0339387   -0.0355676   

810000
-10   -9   -8   -7   -6   -5   -4   -3   -2   0   1   2   3   4   5   6   7   8   9   10   11   12   13   14   15   16   17   18   
-0.55491   -0.44154   -0.329841   -0.222318   -0.11353   -0.00488631   0.104   0.213177   0.320069   0.532564   0.636056   0.729788   0.817321   0.901999   1.0136   1.09059   1.16743   1.24286   1.31402   1.38175   1.44571   1.50494   1.53943   1.5577   1.57624   1.586   1.57266   1.55479   
0.0141738   0.0121504   0.0105021   0.00937266   0.00888406   0.00851757   0.00815485   0.00787269   0.007558   0.0072631   0.00730638   0.00765496   0.00835935   0.00904429   0.00970377   0.0107249   0.011804   0.0130612   0.0146111   0.0164527   0.018654   0.0213316   0.0259424   0.0323448   0.0395253   0.0484298   0.0611157   0.0758509   
-0.134014   -0.135282   -0.135577   -0.134559   -0.133294   -0.131887   -0.130575   -0.129258   -0.127469   -0.123548   -0.120953   -0.116418   -0.110915   -0.105056   -0.105775   -0.0986119   -0.0917516   -0.0851135   -0.0783112   -0.0716107   -0.0651204   -0.0588685   -0.0511755   -0.0438217   -0.0386156   -0.0351378   -0.0339404   -0.0355444   

815000
-10   -9   -8   -7   -6   -5   -4   -3   -2   0   1   2   3   4   5   6   7   8   9   10   11   12   13   14   15   16   17   18   
-0.554447   -0.441374   -0.329683   -0.222203   -0.11351   -0.00492232   0.103944   0.213064   0.320066   0.532539   0.635974   0.729672   0.817417   0.902044   1.01385   1.0909   1.16765   1.24318   1.31437   1.38223   1.44627   1.50529   1.53913   1.55804   1.57653   1.58685   1.5744   1.55612   
0.014137   0.0121243   0.0104862   0.00935506   0.00886584   0.00849859   0.00813824   0.00785459   0.0075486   0.00725221   0.00729487   0.00764937   0.00834751   0.00903804   0.00968984   0.0107091   0.011791   0.0130429   0.014591   0.016425   0.0186203   0.02131   0.0259657   0.0323194   0.039504   0.048349   0.0609106   0.0756795   
-0.134118   -0.135314   -0.1356   -0.134577   -0.133294   -0.131876   -0.130558   -0.129231   -0.127461   -0.123538   -0.120932   -0.116392   -0.110934   -0.105067   -0.105827   -0.0986738   -0.0917946   -0.0851709   -0.0783696   -0.0716838   -0.0651985   -0.0589178   -0.0511617   -0.0438576   -0.0386459   -0.0351749   -0.0339418   -0.035526   

820000
-10   -9   -8   -7   -6   -5   -4   -3   -2   -1   0   1   2   3   4   5   6   7   8   9   10   11   12   13   14   15   16   17   18   
-0.553983   -0.441186   -0.329509   -0.222085   -0.113486   -0.00495411   0.103892   0.212961   0.32007   0.426326   0.532534   0.63589   0.729541   0.817502   0.902071   1.01409   1.09121   1.16786   1.24348   1.3147   1.3827   1.44682   1.50563   1.53882   1.55837   1.57678   1.58766   1.57609   1.55734   
0.0141015   0.0120988   0.0104707   0.00933794   0.00884802   0.00848011   0.00812206   0.00783706   0.00753969   0.00732099   0.0072371   0.00728381   0.0076445   0.00833628   0.00903281   0.00967634   0.0106937   0.0117781   0.0130253   0.0145715   0.0163982   0.0185876   0.0212897   0.0259894   0.0322963   0.0394871   0.0482708   0.0607143   0.0755251   
-0.13422   -0.135352   -0.135626   -0.134595   -0.133294   -0.131867   -0.130542   -0.129205   -0.127456   -0.125514   -0.123532   -0.120911   -0.116363   -0.11095   -0.105074   -0.105877   -0.0987344   -0.0918369   -0.0852266   -0.0784266   -0.0717553   -0.065275   -0.0589655   -0.051147   -0.0438936   -0.0386753   -0.0352114   -0.0339453   -0.0355127   

825000
-10   -9   -8   -7   -6   -5   -4   -3   -2   -1   0   1   2   3   4   5   6   7   8   9   10   11   12   14   15   16   17   18   
-0.553518   -0.440979   -0.329321   -0.221962   -0.113457   -0.00498191   0.103844   0.212866   0.320015   0.42628   0.532532   0.635804   0.729388   0.817578   0.90208   1.01433   1.09151   1.16807   1.24378   1.31503   1.38315   1.44735   1.50617   1.55869   1.57699   1.58845   1.57775   1.55846   
0.0140676   0.0120739   0.0104555   0.00932131   0.00883058   0.00846211   0.00810625   0.00782011   0.00752622   0.00730522   0.00722239   0.00727327   0.0076392   0.00832561   0.00902856   0.00966323   0.0106785   0.0117655   0.0130082   0.0145528   0.0163721   0.0185558   0.0212557   0.0322743   0.039474   0.0481983   0.0605239   0.0753831   
-0.134322   -0.135392   -0.135656   -0.134614   -0.133295   -0.131858   -0.130526   -0.12918   -0.127438   -0.1255   -0.123527   -0.120889   -0.11633   -0.110965   -0.105077   -0.105926   -0.0987939   -0.0918788   -0.0852806   -0.0784812   -0.0718251   -0.0653496   -0.0590353   -0.0439285   -0.0387026   -0.0352478   -0.0339501   -0.0355029   

830000
-10   -9   -7   -6   -5   -4   -3   -2   -1   0   1   2   3   4   5   6   8   9   10   11   12   13   14   15   16   17   18   
-0.553051   -0.440757   -0.221836   -0.113425   -0.00500598   0.103799   0.212778   0.319951   0.426239   0.532531   0.635734   0.729213   0.817645   0.902075   1.01456   1.0918   1.24407   1.31533   1.38359   1.44787   1.50678   1.53822   1.55899   1.57715   1.58919   1.57934   1.55949   
0.0140356   0.0120496   0.00930516   0.00881354   0.00844459   0.00809078   0.00780367   0.00751188   0.00728986   0.0072081   0.0072624   0.00763337   0.00831548   0.00902521   0.00965051   0.0106637   0.0129916   0.0145349   0.0163467   0.0185248   0.0212179   0.0260359   0.0322536   0.0394657   0.0481272   0.060333   0.0752559   
-0.134422   -0.135435   -0.134634   -0.133297   -0.131849   -0.130511   -0.129157   -0.127419   -0.125487   -0.123522   -0.120871   -0.116294   -0.110978   -0.105078   -0.105973   -0.0988522   -0.0853329   -0.0785341   -0.0718933   -0.0654227   -0.0591125   -0.0511186   -0.0439624   -0.0387278   -0.0352826   -0.0339527   -0.0354975   

835000
-10   -9   -7   -6   -5   -4   -3   -2   -1   0   1   2   3   4   5   6   7   8   9   10   11   12   13   14   15   16   17   18   
-0.552584   -0.440522   -0.221731   -0.113389   -0.00502651   0.103757   0.212695   0.319892   0.426202   0.532531   0.635754   0.729027   0.817703   0.902053   1.01477   1.09208   1.1685   1.24435   1.31563   1.38402   1.44838   1.50735   1.53798   1.55926   1.57726   1.5899   1.58092   1.56043   
0.014005   0.0120259   0.0092865   0.00879689   0.00842751   0.00807569   0.00778763   0.00749785   0.00727487   0.00719422   0.00724795   0.00762816   0.00830585   0.00902271   0.00963838   0.0106493   0.0117406   0.0129756   0.0145175   0.016322   0.0184944   0.0211827   0.0260552   0.0322358   0.0394615   0.0480606   0.0601551   0.0751413   
-0.134521   -0.135481   -0.134653   -0.1333   -0.131842   -0.130497   -0.129135   -0.1274   -0.125475   -0.123517   -0.120872   -0.116255   -0.110989   -0.105076   -0.106018   -0.0989094   -0.0919619   -0.0853835   -0.0785854   -0.0719602   -0.0654948   -0.0591852   -0.0511094   -0.0439939   -0.0387499   -0.0353172   -0.0339612   -0.0354959   

840000
-10   -9   -8   -7   -6   -5   -3   -2   -1   0   1   2   3   4   5   6   8   9   10   11   12   13   14   15   16   17   18   
-0.552117   -0.440276   -0.328741   -0.221627   -0.113349   -0.00504336   0.212618   0.319839   0.426168   0.532532   0.63577   0.728831   0.817753   0.902016   1.01498   1.09236   1.24461   1.31592   1.38444   1.44887   1.50787   1.53776   1.55952   1.57732   1.59056   1.58245   1.56127   
0.0139757   0.0120028   0.0104032   0.00926767   0.00878069   0.0084109   0.00777199   0.00748418   0.00726024   0.00718072   0.00723392   0.00762354   0.00829672   0.00902107   0.00962663   0.0106351   0.0129601   0.0145006   0.016298   0.0184649   0.02115   0.0260725   0.0322192   0.0394612   0.0479977   0.0599782   0.0750419   
-0.134619   -0.135529   -0.135756   -0.134672   -0.133303   -0.131835   -0.129114   -0.127383   -0.125463   -0.123513   -0.120872   -0.116214   -0.110999   -0.105071   -0.106062   -0.0989654   -0.0854325   -0.0786355   -0.0720255   -0.0655656   -0.0592538   -0.0511023   -0.0440244   -0.0387704   -0.0353507   -0.0339685   -0.0354983   

845000
-10   -9   -8   -7   -6   -5   -4   -3   -2   -1   0   1   3   4   5   6   7   8   9   10   11   12   13   14   15   16   17   18   
-0.551649   -0.44002   -0.32853   -0.221519   -0.113304   -0.00505623   0.103679   0.212545   0.319789   0.426136   0.532533   0.635782   0.817795   0.901963   1.01518   1.09264   1.16909   1.24487   1.3162   1.38485   1.44936   1.50837   1.53756   1.55976   1.57775   1.59119   1.58393   1.56201   
0.013948   0.0119804   0.0103846   0.00924939   0.00876489   0.00839476   0.00804665   0.00775672   0.00747083   0.00724595   0.00716758   0.00722027   0.00828808   0.00902039   0.00961523   0.0106213   0.0117087   0.0129452   0.0144841   0.0162746   0.018436   0.0211197   0.0260892   0.0322039   0.0394279   0.047941   0.0598073   0.0749544   
-0.134716   -0.135579   -0.135795   -0.134692   -0.133308   -0.131829   -0.130469   -0.129094   -0.127367   -0.125452   -0.123508   -0.120872   -0.111007   -0.105063   -0.106104   -0.0990204   -0.0920746   -0.0854801   -0.0786842   -0.0720893   -0.0656349   -0.0593194   -0.0510963   -0.0440537   -0.0388058   -0.0353845   -0.0339774   -0.0355034   

850000
-10   -9   -8   -7   -6   -5   -3   -2   -1   0   1   2   3   5   6   7   8   10   11   12   14   15   16   17   18   
-0.55118   -0.439753   -0.328304   -0.221407   -0.113257   -0.00506547   0.212476   0.319743   0.426107   0.532533   0.635789   0.728534   0.817828   1.01537   1.09291   1.16947   1.24512   1.38525   1.44984   1.50883   1.55998   1.5789   1.59176   1.58537   1.56268   
0.0139219   0.011959   0.0103664   0.00923162   0.0087495   0.00837907   0.00774182   0.00745785   0.00723199   0.00715481   0.00720701   0.00761246   0.00827991   0.00960419   0.0106077   0.0116893   0.0129306   0.0162518   0.018408   0.0210913   0.0321899   0.0393266   0.04789   0.0596422   0.0748817   
-0.134812   -0.13563   -0.135837   -0.134713   -0.133314   -0.131823   -0.129074   -0.127351   -0.125441   -0.123503   -0.12087   -0.116153   -0.111014   -0.106145   -0.0990743   -0.0921452   -0.085526   -0.0721517   -0.0657029   -0.0593808   -0.0440821   -0.0388711   -0.0354167   -0.0339879   -0.0355126   

855000
-10   -9   -8   -7   -4   -3   -2   -1   0   1   2   3   5   6   7   8   9   10   11   12   13   14   15   16   17   18   
-0.550709   -0.439477   -0.328067   -0.221292   0.10361   0.212411   0.319701   0.42608   0.532532   0.635792   0.728482   0.817853   1.01556   1.09317   1.16985   1.24536   1.31678   1.38564   1.4503   1.50926   1.53727   1.56021   1.58002   1.59228   1.58677   1.56322   
0.0138974   0.0119384   0.0103487   0.00921434   0.00801902   0.0077273   0.00744523   0.00721835   0.00714242   0.00719411   0.00760434   0.00827222   0.00959349   0.0105945   0.0116704   0.0129166   0.014451   0.0162299   0.0183807   0.0210649   0.0261143   0.0321766   0.0392299   0.0478441   0.0594823   0.0748153   
-0.134906   -0.135682   -0.135881   -0.134734   -0.130443   -0.129055   -0.127336   -0.125431   -0.123498   -0.120867   -0.116141   -0.111018   -0.106185   -0.0991271   -0.0922144   -0.0855706   -0.0787832   -0.0722123   -0.0657695   -0.0594393   -0.0510935   -0.0441103   -0.0389349   -0.0354484   -0.0339995   -0.0355219   

860000
-10   -9   -8   -6   -5   -4   -3   -2   -1   0   1   2   3   4   5   6   7   8   9   10   11   12   13   14   15   16   17   18   
-0.550235   -0.439194   -0.327822   -0.113371   -0.00508426   0.103579   0.212349   0.319662   0.426054   0.532529   0.63579   0.728422   0.81787   0.901803   1.01574   1.09342   1.17021   1.24559   1.31721   1.386   1.45075   1.50967   1.53725   1.56063   1.58108   1.59275   1.58816   1.56365   
0.0138747   0.0119186   0.0103314   0.00871674   0.00834864   0.00800575   0.00771317   0.00743289   0.00720502   0.00713039   0.00718157   0.00759671   0.00826504   0.00901692   0.00958314   0.0105816   0.0116519   0.0129029   0.0144277   0.016209   0.0183541   0.0210406   0.026118   0.0321457   0.0391371   0.0478025   0.0593288   0.0747722   
-0.135   -0.135736   -0.135926   -0.133282   -0.131813   -0.130431   -0.129037   -0.127322   -0.125421   -0.123493   -0.120864   -0.116128   -0.111022   -0.10504   -0.106223   -0.0991789   -0.0922822   -0.0856138   -0.0788533   -0.0722705   -0.0658347   -0.0594946   -0.0511034   -0.0441513   -0.0389967   -0.0354787   -0.034014   -0.0355381   

865000
-10   -9   -8   -7   -6   -5   -4   -3   -2   -1   0   1   2   3   4   5   6   7   8   9   10   11   12   13   14   15   16   17   18   
-0.549757   -0.438904   -0.327573   -0.221304   -0.113492   -0.00519484   0.10355   0.212291   0.319625   0.426029   0.532526   0.635784   0.728354   0.817877   0.901843   1.01591   1.09367   1.17056   1.24582   1.31762   1.38636   1.45119   1.51004   1.53725   1.56137   1.58211   1.59318   1.58953   1.56396   
0.0138541   0.0118995   0.0103145   0.00917989   0.00869977   0.00833067   0.00799283   0.00769947   0.00742083   0.00719202   0.00711864   0.00716939   0.00758953   0.00825847   0.00901088   0.00957314   0.0105689   0.011634   0.0128897   0.014405   0.0161887   0.0183284   0.021018   0.0261207   0.0320892   0.0390488   0.0477654   0.0591725   0.074742   
-0.135092   -0.13579   -0.135973   -0.134726   -0.133254   -0.131788   -0.130419   -0.129019   -0.127308   -0.125411   -0.123487   -0.120859   -0.116114   -0.111023   -0.10505   -0.106261   -0.0992295   -0.0923482   -0.0856559   -0.0789217   -0.0723273   -0.0658985   -0.0595468   -0.0511143   -0.0442142   -0.039058   -0.0355081   -0.0340269   -0.0355568   

870000
-10   -9   -8   -7   -6   -5   -4   -3   -2   -1   1   2   3   4   5   6   7   8   9   10   11   12   13   14   15   16   17   18   
-0.549274   -0.438606   -0.327318   -0.221465   -0.113604   -0.00529752   0.103524   0.212237   0.319589   0.426005   0.635774   0.728278   0.817876   0.901872   1.01607   1.09392   1.17091   1.24607   1.31802   1.3867   1.45161   1.51039   1.53725   1.5621   1.5831   1.59356   1.5909   1.56416   
0.0138357   0.0118814   0.0102979   0.00916244   0.00868314   0.00831311   0.00798026   0.00768624   0.00740904   0.00717934   0.00715754   0.0075828   0.00825238   0.00900551   0.00956348   0.0105566   0.0116164   0.0128753   0.014383   0.0161691   0.0183038   0.0209973   0.0261239   0.0320345   0.0389635   0.0477344   0.0590197   0.0747294   
-0.135184   -0.135846   -0.136021   -0.13469   -0.133227   -0.131765   -0.130407   -0.129002   -0.127295   -0.125402   -0.120854   -0.116097   -0.111023   -0.105057   -0.106296   -0.0992792   -0.0924125   -0.0857023   -0.0789885   -0.0723826   -0.0659599   -0.0595962   -0.051125   -0.0442758   -0.0391177   -0.0355365   -0.0340409   -0.0355803   

875000
-10   -9   -8   -7   -6   -5   -4   -3   -2   -1   1   2   3   4   5   6   7   8   9   10   11   12   13   14   15   16   17   18   
-0.55   -0.438301   -0.327058   -0.22161   -0.113706   -0.00539279   0.103498   0.212187   0.319555   0.425982   0.635758   0.728192   0.817867   0.901885   1.01623   1.09416   1.17125   1.24645   1.31842   1.38704   1.45202   1.51078   1.53724   1.56281   1.58406   1.59388   1.59226   1.56424   
0.0138347   0.0118641   0.0102817   0.00914538   0.00866683   0.00829595   0.007968   0.00767345   0.00739755   0.00716706   0.00714604   0.00757656   0.00824677   0.00900108   0.00955417   0.0105446   0.0115993   0.0128553   0.0143615   0.0161501   0.01828   0.0209736   0.026127   0.0319824   0.03888   0.0477086   0.0588694   0.0747351   
-0.135007   -0.135902   -0.136069   -0.134657   -0.133202   -0.131743   -0.130396   -0.128986   -0.127281   -0.125392   -0.120847   -0.116079   -0.111021   -0.105062   -0.106331   -0.0993278   -0.0924756   -0.0857691   -0.0790537   -0.0724364   -0.06602   -0.0596503   -0.0511354   -0.0443377   -0.0391756   -0.0355639   -0.0340557   -0.0356081   

880000
-10   -9   -8   -7   -6   -5   -4   -3   -2   -1   0   1   2   3   4   5   6   7   8   9   10   11   12   13   14   15   16   17   18   
-0.550108   -0.43799   -0.327039   -0.22174   -0.1138   -0.00548133   0.103476   0.212138   0.319522   0.42596   0.532498   0.635738   0.728098   0.817849   0.901887   1.01638   1.09439   1.17158   1.24681   1.3188   1.38736   1.45242   1.51131   1.53724   1.5635   1.58499   1.59416   1.5936   1.56419   
0.0138288   0.0118477   0.0102677   0.00912869   0.00865083   0.00827921   0.00795619   0.007661   0.00738636   0.00715521   0.00708318   0.00713492   0.00757084   0.00824163   0.00899727   0.00954521   0.0105328   0.0115825   0.0128359   0.0143406   0.0161317   0.0182568   0.0209414   0.0261299   0.0319307   0.0388003   0.0476891   0.0587169   0.0747507   
-0.134963   -0.13596   -0.136067   -0.134627   -0.133179   -0.131722   -0.130386   -0.12897   -0.127268   -0.125383   -0.123468   -0.12084   -0.11606   -0.111018   -0.105064   -0.106364   -0.0993754   -0.0925376   -0.085834   -0.0791176   -0.0724887   -0.0660787   -0.0597194   -0.0511461   -0.044397   -0.0392334   -0.0355908   -0.0340689   -0.0356371   

885000
-10   -9   -8   -7   -6   -5   -4   -3   -2   -1   0   1   2   3   4   5   6   7   8   9   10   11   12   13   14   15   16   17   18   
-0.550006   -0.437672   -0.327136   -0.221857   -0.113885   -0.00556412   0.103456   0.21209   0.31949   0.425937   0.532476   0.635712   0.727996   0.817823   0.901879   1.01653   1.09462   1.1719   1.24717   1.31917   1.38768   1.4528   1.51181   1.53723   1.56417   1.5859   1.59437   1.59493   1.56405   
0.0138232   0.0118321   0.0102548   0.00911236   0.00863527   0.00826284   0.0079448   0.00764893   0.0073755   0.0071437   0.00707053   0.00712415   0.00756555   0.00823693   0.00899414   0.00953658   0.0105213   0.011566   0.012817   0.0143202   0.016114   0.0182344   0.0209114   0.0261326   0.0318796   0.0387241   0.0476755   0.0585676   0.0747923   
-0.134963   -0.136018   -0.13604   -0.134599   -0.133157   -0.131702   -0.130375   -0.128955   -0.127256   -0.125373   -0.12346   -0.120831   -0.116038   -0.111013   -0.105065   -0.106396   -0.099422   -0.0925986   -0.0858973   -0.0791802   -0.0725398   -0.0661362   -0.0597846   -0.0511569   -0.0444544   -0.0392907   -0.0356161   -0.0340832   -0.0356751   

890000
-10   -9   -8   -7   -6   -5   -4   -3   -2   -1   0   1   2   4   5   6   7   8   9   10   11   12   13   14   15   16   17   18   
-0.549804   -0.437347   -0.327195   -0.221962   -0.113963   -0.00564194   0.103438   0.212045   0.319459   0.425915   0.532453   0.63568   0.727885   0.901861   1.01666   1.09484   1.17222   1.24752   1.31954   1.38798   1.45318   1.51227   1.53724   1.56482   1.58677   1.59452   1.59625   1.56377   
0.013819   0.0118176   0.010242   0.00909639   0.00862007   0.00824679   0.00793383   0.00763718   0.00736499   0.00713246   0.00705821   0.00711372   0.00756073   0.00899167   0.0095283   0.0105101   0.0115499   0.0127986   0.0143003   0.016097   0.0182127   0.0208835   0.0261351   0.0318305   0.0386493   0.0476673   0.0584188   0.0748434   
-0.134982   -0.136077   -0.13602   -0.134573   -0.133137   -0.131683   -0.130366   -0.128939   -0.127243   -0.125364   -0.123452   -0.120821   -0.116015   -0.105064   -0.106427   -0.0994677   -0.0926583   -0.085959   -0.0792415   -0.0725887   -0.0661924   -0.0598465   -0.0511681   -0.0445117   -0.0393463   -0.03564   -0.0340973   -0.0357133   

895000
-10   -9   -8   -7   -6   -5   -4   -3   -2   -1   0   1   2   3   4   5   6   7   8   9   10   11   12   14   15   16   17   18   
-0.549536   -0.437014   -0.327223   -0.222057   -0.114034   -0.0057152   0.103422   0.212   0.319428   0.425892   0.532429   0.635644   0.727765   0.817747   0.901831   1.01679   1.09505   1.17253   1.24786   1.3199   1.38826   1.45355   1.5127   1.56546   1.58763   1.59463   1.59756   1.56427   
0.0138166   0.011804   0.0102293   0.00908075   0.00860519   0.00823103   0.00792328   0.00762575   0.00735471   0.0071215   0.00704617   0.00710368   0.00755636   0.00822851   0.00898987   0.00952038   0.0104995   0.0115341   0.0127807   0.0142809   0.0160808   0.0181916   0.0208575   0.0317832   0.0385769   0.0476648   0.0582725   0.0747859   
-0.135013   -0.136138   -0.136008   -0.13455   -0.133118   -0.131665   -0.130357   -0.128924   -0.127231   -0.125354   -0.123443   -0.12081   -0.11599   -0.110998   -0.105061   -0.106456   -0.0995113   -0.092717   -0.0860192   -0.0793016   -0.0726359   -0.0662473   -0.0599052   -0.0445684   -0.0394014   -0.0356628   -0.0341119   -0.0357231   

900000
-10   -9   -8   -7   -6   -5   -4   -3   -2   -1   0   1   2   3   4   5   6   7   8   9   10   11   12   14   15   16   17   18   
-0.549318   -0.436674   -0.327226   -0.222141   -0.114099   -0.00578419   0.103409   0.211958   0.319397   0.425869   0.532404   0.635603   0.727637   0.817683   0.901789   1.01691   1.09525   1.17283   1.24819   1.32025   1.38854   1.45391   1.51311   1.56608   1.58847   1.59468   1.59885   1.56707   
0.0138077   0.0117914   0.0102167   0.00906545   0.00859059   0.00821558   0.00791311   0.00761466   0.00734468   0.00711083   0.0070344   0.007094   0.00755245   0.00822341   0.00898881   0.00951304   0.0104891   0.0115186   0.0127633   0.014262   0.016065   0.0181712   0.0208334   0.031737   0.0385067   0.0476682   0.0581288   0.0744194   
-0.135042   -0.136199   -0.136   -0.134528   -0.1331   -0.131648   -0.130348   -0.128909   -0.127218   -0.125345   -0.123435   -0.120798   -0.115964   -0.110986   -0.105055   -0.106483   -0.0995538   -0.0927747   -0.0860781   -0.0793605   -0.0726819   -0.0663009   -0.0599609   -0.0446237   -0.0394561   -0.0356844   -0.0341269   -0.0356537   

905000
-10   -9   -8   -7   -6   -5   -4   -3   -1   0   1   2   4   5   6   7   8   9   11   12   13   14   15   16   17   18   
-0.549404   -0.436325   -0.327206   -0.222216   -0.114158   -0.00584929   0.103399   0.211916   0.425846   0.532379   0.635556   0.7275   0.901731   1.01702   1.09545   1.17313   1.2485   1.32059   1.45425   1.51348   1.53757   1.56669   1.58929   1.59467   1.60012   1.56969   
0.0137674   0.0117798   0.0102044   0.00905049   0.00857627   0.00820044   0.00790335   0.00760389   0.00710043   0.00702294   0.00708467   0.007549   0.00898865   0.009506   0.0104789   0.0115034   0.0127467   0.0142435   0.0181518   0.0208111   0.0261204   0.0316929   0.0384378   0.0476777   0.0579873   0.074072   
-0.135046   -0.136262   -0.135997   -0.134509   -0.133083   -0.131631   -0.13034   -0.128895   -0.125335   -0.123426   -0.120785   -0.115936   -0.105047   -0.106509   -0.0995956   -0.0928314   -0.0861342   -0.0794182   -0.0663526   -0.0600136   -0.0512297   -0.0446782   -0.0395099   -0.0357051   -0.0341421   -0.0355881   

910000
-10   -8   -7   -6   -5   -4   -3   -2   -1   0   1   2   3   4   5   6   7   8   9   10   11   12   13   14   15   16   17   18   
-0.549438   -0.327166   -0.222282   -0.114211   -0.00591051   0.103391   0.211876   0.319326   0.425823   0.532353   0.635504   0.727354   0.817615   0.901662   1.01712   1.09565   1.17343   1.2488   1.32092   1.3892   1.45457   1.51383   1.53774   1.56727   1.59009   1.59484   1.60136   1.57218   
0.0137278   0.0101924   0.00903585   0.00856226   0.00818562   0.007894   0.0075934   0.00732407   0.00709028   0.00701175   0.00707569   0.00754614   0.00821148   0.00898916   0.00949926   0.0104689   0.0114885   0.0127305   0.0142254   0.0160283   0.0181331   0.0207907   0.0261107   0.0316503   0.0383701   0.0476677   0.0578489   0.0737416   
-0.13506   -0.135998   -0.134491   -0.133068   -0.131616   -0.130333   -0.12888   -0.127193   -0.125325   -0.123417   -0.120771   -0.115906   -0.110975   -0.105036   -0.106534   -0.0996367   -0.0928872   -0.0861889   -0.0794749   -0.0727877   -0.0664026   -0.0600631   -0.0512556   -0.0447308   -0.0395631   -0.0357284   -0.0341576   -0.0355274   

915000
-10   -9   -8   -7   -6   -5   -4   -3   -2   -1   0   1   2   3   4   5   6   7   8   9   10   11   12   13   14   15   16   17   18   
-0.549432   -0.435673   -0.327109   -0.222339   -0.114257   -0.00596754   0.103387   0.211837   0.319282   0.4258   0.532326   0.635446   0.7272   0.817715   0.901584   1.01722   1.09584   1.17371   1.2491   1.32125   1.38965   1.45489   1.51415   1.53792   1.56783   1.59088   1.59628   1.60255   1.57453   
0.0136888   0.0117493   0.0101807   0.00902154   0.0085486   0.00817113   0.00788507   0.00758321   0.00731273   0.00708039   0.00700082   0.00706705   0.00754373   0.00820087   0.00899029   0.00949275   0.0104591   0.0114739   0.0127148   0.0142079   0.0160035   0.018115   0.0207726   0.0261006   0.0316092   0.0383039   0.0475246   0.0577175   0.0734351   
-0.135081   -0.136386   -0.136002   -0.134474   -0.133054   -0.1316   -0.130326   -0.128866   -0.127179   -0.125316   -0.123408   -0.120755   -0.115874   -0.110995   -0.105024   -0.106558   -0.0996774   -0.092942   -0.0862424   -0.0795301   -0.0728575   -0.0664516   -0.0601088   -0.051282   -0.0447818   -0.0396159   -0.0357739   -0.034174   -0.035474   

920000
-10   -9   -8   -7   -6   -5   -4   -3   -2   -1   0   1   3   4   5   6   7   8   9   10   11   12   13   14   15   16   17   18   
-0.549396   -0.435436   -0.327036   -0.222387   -0.114296   -0.0060215   0.103387   0.211799   0.319238   0.425777   0.532299   0.635383   0.817807   0.901526   1.01732   1.09603   1.174   1.24938   1.32156   1.39009   1.45521   1.51443   1.53811   1.56837   1.59167   1.59766   1.60366   1.57676   
0.0136506   0.0117204   0.0101692   0.00900757   0.00853528   0.00815694   0.00787659   0.00757335   0.00730171   0.00707076   0.00699016   0.00705878   0.00819072   0.00899089   0.00948644   0.0104494   0.0114596   0.0126996   0.014191   0.0159794   0.0180973   0.020756   0.0260906   0.0315702   0.0382386   0.0473899   0.0575941   0.0731442   
-0.135108   -0.136444   -0.13601   -0.13446   -0.133041   -0.131586   -0.130321   -0.128853   -0.127166   -0.125306   -0.123399   -0.120739   -0.111013   -0.105016   -0.106582   -0.0997175   -0.0929959   -0.0862945   -0.0795834   -0.0729256   -0.0664996   -0.0601513   -0.0513091   -0.044832   -0.039668   -0.0358203   -0.0341909   -0.0354248   

925000
-10   -9   -8   -7   -6   -5   -4   -3   -2   -1   0   1   2   3   4   5   6   7   8   9   10   11   13   14   15   16   17   18   
-0.549336   -0.435189   -0.326949   -0.222426   -0.114331   -0.00607303   0.103347   0.211763   0.319195   0.425754   0.53227   0.635315   0.726964   0.817892   0.901585   1.01742   1.09623   1.17427   1.24966   1.32186   1.39052   1.45551   1.53829   1.56889   1.59243   1.59898   1.60472   1.57887   
0.0136131   0.0116921   0.010158   0.00899394   0.00852227   0.00814305   0.00786538   0.0075638   0.007291   0.00706138   0.00697974   0.0070509   0.00753716   0.00818098   0.00898685   0.00948022   0.0104399   0.0114456   0.0126847   0.0141746   0.0159559   0.01808   0.0260805   0.0315321   0.0381743   0.0472591   0.057479   0.0728696   
-0.13514   -0.136504   -0.13602   -0.134447   -0.133029   -0.131572   -0.130308   -0.128839   -0.127153   -0.125296   -0.123389   -0.120721   -0.115826   -0.11103   -0.105029   -0.106605   -0.0997575   -0.0930488   -0.0863453   -0.0796356   -0.0729923   -0.066547   -0.0513353   -0.0448803   -0.0397196   -0.0358647   -0.0342088   -0.0353805   

930000
-10   -9   -8   -7   -6   -5   -4   -3   -2   -1   0   1   2   3   4   5   6   7   8   9   10   12   13   14   15   16   17   18   
-0.549255   -0.434937   -0.326849   -0.222456   -0.114362   -0.00612263   0.103301   0.211728   0.319153   0.425731   0.532241   0.635241   0.726956   0.81797   0.90163   1.01752   1.09642   1.17454   1.24993   1.32216   1.39094   1.51513   1.53846   1.56939   1.5932   1.60025   1.60573   1.58085   
0.0135763   0.0116644   0.0101469   0.00898063   0.00850956   0.00812935   0.0078538   0.00755463   0.00728059   0.00705234   0.00696959   0.00704343   0.00753045   0.00817164   0.00898353   0.00947406   0.0104305   0.0114319   0.0126703   0.0141587   0.0159331   0.0207157   0.0260715   0.0314956   0.0381117   0.0471328   0.0573696   0.0726125   
-0.135175   -0.136564   -0.136034   -0.134436   -0.133018   -0.131558   -0.130293   -0.128826   -0.127139   -0.125287   -0.12338   -0.120702   -0.115823   -0.111046   -0.105039   -0.106629   -0.0997975   -0.0931008   -0.0863948   -0.0796865   -0.0730577   -0.0602495   -0.0513614   -0.0449281   -0.0397712   -0.0359089   -0.0342279   -0.0353421   

935000
-10   -9   -8   -7   -6   -5   -4   -3   -2   -1   0   1   2   3   4   5   6   8   9   10   11   12   13   14   15   16   17   18   
-0.549156   -0.434681   -0.326735   -0.222474   -0.114389   -0.00617042   0.103225   0.211694   0.319111   0.425708   0.532211   0.635163   0.726941   0.818042   0.901659   1.01761   1.09661   1.2502   1.32244   1.39135   1.45625   1.51557   1.53863   1.56989   1.59394   1.6015   1.6067   1.58271   
0.0135401   0.0116373   0.010136   0.00896769   0.00849721   0.00811594   0.00783799   0.00754588   0.00727048   0.00704357   0.00695968   0.00703631   0.00752411   0.00816268   0.00897996   0.00946814   0.0104211   0.0126563   0.0141431   0.0159108   0.0180388   0.0206894   0.0260621   0.0314598   0.0380499   0.0470108   0.0572644   0.0723739   
-0.135213   -0.136625   -0.13605   -0.134427   -0.133008   -0.131545   -0.130276   -0.128813   -0.127126   -0.125277   -0.12337   -0.120683   -0.11582   -0.11106   -0.105047   -0.106651   -0.0998375   -0.0864431   -0.0797363   -0.0731219   -0.066656   -0.0603096   -0.0513866   -0.0449749   -0.0398221   -0.0359532   -0.0342464   -0.0353101   

940000
-10   -9   -7   -6   -5   -4   -3   -2   -1   0   1   2   3   4   5   6   7   8   9   10   11   12   13   14   15   16   17   18   
-0.549041   -0.434424   -0.222493   -0.114413   -0.00621715   0.103153   0.211663   0.319069   0.425685   0.532179   0.63508   0.726919   0.818106   0.901669   1.01781   1.09679   1.17507   1.25045   1.32273   1.39175   1.45676   1.51599   1.5388   1.57037   1.59468   1.60272   1.60762   1.5845   
0.0135046   0.0116108   0.0089542   0.00848525   0.00810282   0.00782244   0.0075375   0.00726074   0.00703504   0.00695003   0.00702955   0.00751812   0.00815409   0.0089759   0.00945756   0.010412   0.0114052   0.0126427   0.0141281   0.015889   0.0180099   0.0206649   0.0260531   0.0314256   0.0379883   0.0468918   0.0571661   0.0721462   
-0.135254   -0.136686   -0.134419   -0.132998   -0.131531   -0.13026   -0.128801   -0.127113   -0.125267   -0.12336   -0.120662   -0.115815   -0.111073   -0.105051   -0.106694   -0.0998759   -0.093202   -0.0864902   -0.079785   -0.0731848   -0.0667289   -0.0603665   -0.0514121   -0.0450211   -0.0398716   -0.0359969   -0.0342664   -0.0352815   

945000
-10   -9   -7   -6   -5   -4   -3   -2   -1   0   1   2   3   4   5   6   7   8   9   10   11   12   13   14   15   16   17   18   
-0.548912   -0.434164   -0.222528   -0.114435   -0.00626226   0.103085   0.211632   0.319029   0.425661   0.532147   0.634993   0.726891   0.818165   0.901672   1.01805   1.09698   1.17533   1.2507   1.323   1.39214   1.45726   1.51638   1.53897   1.57084   1.59539   1.60391   1.60851   1.58625   
0.0134697   0.0115847   0.0089385   0.00847359   0.00808994   0.00780723   0.00752946   0.00725132   0.00702676   0.00694062   0.00702313   0.00751257   0.00814588   0.00897233   0.00944578   0.0104025   0.0113923   0.0126295   0.0141134   0.0158678   0.0179818   0.0206421   0.026044   0.031392   0.0379285   0.0467747   0.0570734   0.0719223   
-0.135297   -0.136747   -0.13441   -0.132988   -0.131518   -0.130244   -0.128789   -0.1271   -0.125257   -0.12335   -0.120641   -0.115808   -0.111085   -0.105054   -0.106742   -0.0999163   -0.0932514   -0.0865362   -0.0798325   -0.0732466   -0.0668004   -0.0604203   -0.0514377   -0.0450662   -0.0399208   -0.0360394   -0.0342875   -0.0352535   

950000
-10   -9   -8   -7   -6   -5   -4   -3   -2   -1   0   1   2   3   4   5   6   7   8   9   10   11   12   13   14   15   16   17   18   
-0.548769   -0.433903   -0.326356   -0.222557   -0.114453   -0.00630524   0.10302   0.211603   0.318988   0.425637   0.532113   0.634903   0.726856   0.818216   0.901667   1.01827   1.09731   1.17558   1.25094   1.32326   1.39253   1.45775   1.51675   1.53914   1.57129   1.5961   1.60508   1.60934   1.58797   
0.0134354   0.0115593   0.0100994   0.00892328   0.00846224   0.00807739   0.00779236   0.00752176   0.00724218   0.00701871   0.00693147   0.00701703   0.00750737   0.00813803   0.00896927   0.00943433   0.0103881   0.0113797   0.0126166   0.0140992   0.015847   0.0179543   0.0206211   0.026035   0.0313595   0.0378711   0.0466624   0.0569823   0.0717054   
-0.135343   -0.136808   -0.136112   -0.134402   -0.132979   -0.131506   -0.130229   -0.128777   -0.127087   -0.125247   -0.123339   -0.120619   -0.115801   -0.111096   -0.105055   -0.106788   -0.0999809   -0.0932998   -0.0865806   -0.0798789   -0.0733073   -0.0668705   -0.0604717   -0.0514631   -0.0451105   -0.0399694   -0.0360829   -0.0343064   -0.0352275   

955000
-10   -9   -8   -7   -6   -5   -4   -3   -2   -1   0   1   2   3   4   5   6   7   8   9   10   11   12   13   14   15   16   17   18   
-0.548613   -0.433985   -0.32624   -0.222582   -0.114468   -0.00634689   0.102958   0.211576   0.318948   0.425613   0.532079   0.634922   0.726815   0.81826   0.901656   1.01849   1.09763   1.17582   1.25117   1.32351   1.3929   1.45823   1.51709   1.53931   1.57174   1.59677   1.60622   1.61015   1.58965   
0.0134016   0.0115369   0.0100842   0.00890845   0.00845119   0.00806508   0.00777779   0.00751441   0.00723337   0.0070109   0.00692262   0.0070075   0.00750252   0.00813063   0.00896671   0.00942317   0.0103739   0.0113674   0.0126042   0.0140856   0.0158268   0.0179275   0.0206016   0.0260261   0.031328   0.0378148   0.0465504   0.0568974   0.0714884   
-0.135391   -0.136795   -0.136134   -0.134395   -0.132971   -0.131493   -0.130215   -0.128766   -0.127074   -0.125237   -0.123329   -0.12062   -0.115792   -0.111105   -0.105055   -0.106834   -0.100045   -0.0933472   -0.086624   -0.0799232   -0.0733669   -0.0669394   -0.0605203   -0.0514883   -0.0451541   -0.0400164   -0.0361251   -0.0343265   -0.0352006   

960000
-10   -9   -8   -7   -6   -5   -4   -3   -2   -1   0   1   2   3   4   5   6   7   8   9   10   11   12   13   14   15   16   17   18   
-0.548444   -0.434137   -0.326116   -0.222602   -0.11448   -0.00638695   0.102898   0.21155   0.318909   0.425588   0.532044   0.634952   0.726768   0.818298   0.901634   1.01866   1.09795   1.17606   1.2514   1.32376   1.39326   1.45869   1.5174   1.53947   1.57217   1.59744   1.60735   1.61092   1.59131   
0.0133684   0.0115154   0.0100694   0.00889396   0.00844044   0.00805304   0.00776353   0.0075074   0.00722489   0.00700333   0.00691401   0.00699772   0.00749802   0.00812359   0.00896474   0.00941201   0.01036   0.0113553   0.0125922   0.0140724   0.0158073   0.0179014   0.0205837   0.0260178   0.0312974   0.0377618   0.0464426   0.0568172   0.0712758   
-0.135441   -0.136767   -0.136158   -0.134389   -0.132964   -0.131481   -0.130201   -0.128755   -0.127062   -0.125227   -0.123318   -0.120624   -0.115782   -0.111113   -0.105054   -0.106867   -0.100107   -0.0933938   -0.0866662   -0.0799663   -0.0734245   -0.067007   -0.0605659   -0.0515129   -0.0451969   -0.0400637   -0.0361682   -0.034347   -0.0351748   

965000
-10   -9   -8   -7   -6   -5   -4   -3   -2   -1   0   2   3   4   5   6   7   8   9   10   11   12   14   15   16   17   18   
-0.548263   -0.434238   -0.325985   -0.222617   -0.114521   -0.00642576   0.102841   0.211507   0.318869   0.425563   0.532008   0.726714   0.818329   0.901601   1.01613   1.09826   1.17629   1.25162   1.324   1.39362   1.45915   1.51768   1.5726   1.59808   1.60846   1.61165   1.59295   
0.0133357   0.0114942   0.0100549   0.0088798   0.00842617   0.00804124   0.00774957   0.00749793   0.0072167   0.00699602   0.00690565   0.00749386   0.0081169   0.00896346   0.00937669   0.0103463   0.0113435   0.0125806   0.0140597   0.0157884   0.0178759   0.0205684   0.0312677   0.0377081   0.0463343   0.0567395   0.0710688   
-0.135493   -0.13675   -0.136182   -0.134383   -0.132953   -0.131469   -0.130187   -0.128743   -0.127049   -0.125217   -0.123307   -0.115771   -0.111119   -0.10505   -0.106302   -0.100169   -0.0934396   -0.0867069   -0.0800086   -0.073481   -0.0670735   -0.0606072   -0.0452394   -0.0401087   -0.0362098   -0.0343665   -0.0351506   

970000
-10   -9   -8   -7   -6   -5   -4   -3   -2   -1   0   2   3   4   5   6   7   8   10   11   12   14   15   16   17   18   
-0.548078   -0.434302   -0.325848   -0.222629   -0.114567   -0.0064633   0.102787   0.211466   0.318831   0.425537   0.531971   0.726655   0.818353   0.901559   0.974071   1.09857   1.17652   1.25182   1.39396   1.4596   1.51793   1.57301   1.59871   1.60955   1.61233   1.59455   
0.0133035   0.011473   0.0100409   0.00886596   0.00841129   0.00802969   0.00773592   0.00748865   0.0072088   0.00698891   0.00689753   0.00749006   0.00811059   0.00896272   0.00958627   0.0103329   0.0113319   0.0125696   0.0157699   0.0178511   0.0205546   0.0312388   0.0376563   0.0462289   0.0566708   0.0708635   
-0.135546   -0.13674   -0.136208   -0.134378   -0.132943   -0.131458   -0.130173   -0.128731   -0.127037   -0.125207   -0.123296   -0.115758   -0.111125   -0.105045   -0.0969252   -0.100229   -0.0934845   -0.0867454   -0.0735364   -0.0671391   -0.0606459   -0.045281   -0.0401538   -0.0362512   -0.0343873   -0.035127   

975000
-10   -9   -8   -7   -6   -5   -4   -2   -1   0   1   2   3   4   5   6   7   8   10   11   12   13   14   15   16   17   18   
-0.547888   -0.434335   -0.325705   -0.222636   -0.11461   -0.00649963   0.102734   0.318792   0.42551   0.531934   0.635005   0.726589   0.818371   0.901509   0.974382   1.09887   1.17675   1.25201   1.3943   1.46004   1.51816   1.53995   1.57342   1.59933   1.61063   1.61296   1.59613   
0.0132718   0.011452   0.0100272   0.00885243   0.00839668   0.0080184   0.0077226   0.00720116   0.00698199   0.00688968   0.00697002   0.0074866   0.00810467   0.00896249   0.0095906   0.0103197   0.0113207   0.012559   0.0157519   0.0178267   0.0205419   0.0259939   0.0312101   0.0376056   0.0461251   0.0566058   0.0706654   
-0.1356   -0.136737   -0.136235   -0.134374   -0.132932   -0.131446   -0.13016   -0.127024   -0.125197   -0.123285   -0.120627   -0.115744   -0.111129   -0.105038   -0.096991   -0.100289   -0.0935282   -0.0867828   -0.0735907   -0.0672031   -0.0606823   -0.051585   -0.0453214   -0.040198   -0.0362926   -0.0344073   -0.0351059   

980000
-10   -9   -8   -7   -6   -5   -4   -3   -2   -1   0   1   2   3   4   6   7   8   9   10   11   12   13   14   15   16   17   18   
-0.547695   -0.434344   -0.325558   -0.22264   -0.114651   -0.0065348   0.102683   0.211379   0.318754   0.425483   0.531895   0.634998   0.726516   0.818382   0.901452   1.09917   1.17696   1.2522   1.32481   1.39463   1.46047   1.51842   1.54013   1.57381   1.59994   1.61168   1.61355   1.59768   
0.0132405   0.0114313   0.0100138   0.00883919   0.00838235   0.00800736   0.00770963   0.00746817   0.00719381   0.00697526   0.00688211   0.00695989   0.0074835   0.00809914   0.00896274   0.0103068   0.0113099   0.0125488   0.0140167   0.0157344   0.0178033   0.0205283   0.0259843   0.0311824   0.0375572   0.0460237   0.0565466   0.0704706   
-0.135654   -0.136738   -0.136263   -0.13437   -0.132923   -0.131435   -0.130148   -0.128708   -0.127012   -0.125187   -0.123274   -0.120623   -0.115729   -0.111132   -0.10503   -0.100348   -0.0935701   -0.0868192   -0.0801499   -0.0736439   -0.0672654   -0.0607213   -0.0516109   -0.0453611   -0.0402423   -0.0363338   -0.0344273   -0.0350855   

985000
-10   -9   -8   -7   -6   -5   -4   -3   -2   -1   0   1   2   3   4   5   6   7   9   10   11   12   13   14   15   16   17   18   
-0.547499   -0.434332   -0.325406   -0.222641   -0.11469   -0.00656886   0.102635   0.211322   0.318718   0.425453   0.531856   0.634986   0.726435   0.818387   0.901391   0.97495   1.09946   1.17717   1.32517   1.39495   1.46088   1.51887   1.54049   1.5742   1.60053   1.61272   1.61408   1.59917   
0.0132098   0.0114106   0.0100007   0.00882625   0.00836828   0.00799658   0.00769703   0.007455   0.00718676   0.00696831   0.00687476   0.00695007   0.00748091   0.00809397   0.00896334   0.00959873   0.0102941   0.0112994   0.0139979   0.0157174   0.0177805   0.0205019   0.0259616   0.0311556   0.0375087   0.0459236   0.0564949   0.0702794   
-0.135708   -0.136744   -0.136291   -0.134367   -0.132913   -0.131424   -0.130135   -0.128694   -0.127   -0.125177   -0.123263   -0.120619   -0.115713   -0.111133   -0.105021   -0.0971119   -0.100406   -0.0936112   -0.0802109   -0.0736961   -0.0673266   -0.0607818   -0.0516533   -0.0454002   -0.0402849   -0.0363746   -0.034448   -0.0350659   

990000
-10   -9   -7   -6   -5   -4   -3   -2   -1   0   1   3   4   5   6   7   8   9   10   11   12   13   14   15   16   17   18   
-0.5473   -0.434303   -0.222639   -0.114726   -0.00660188   0.102587   0.211269   0.318682   0.425413   0.531817   0.634968   0.818385   0.901332   0.975183   1.09974   1.17737   1.25264   1.32553   1.39526   1.46129   1.51929   1.54085   1.57457   1.60111   1.61375   1.61455   1.60062   
0.0131795   0.0113902   0.00881359   0.00835448   0.00798605   0.00768474   0.00744213   0.00718   0.00696031   0.00686765   0.00694056   0.00808915   0.00896404   0.00960108   0.0102817   0.0112892   0.0125256   0.0139796   0.0157008   0.0177583   0.0204778   0.0259394   0.0311298   0.0374617   0.0458251   0.0564475   0.0701009   
-0.135762   -0.136753   -0.134365   -0.132904   -0.131413   -0.130123   -0.12868   -0.126989   -0.125165   -0.123251   -0.120614   -0.111133   -0.105012   -0.0971618   -0.100463   -0.0936514   -0.0869015   -0.0802707   -0.0737473   -0.0673868   -0.060839   -0.0516955   -0.0454387   -0.0403271   -0.0364151   -0.0344674   -0.0350504   

995000
-10   -9   -8   -7   -6   -5   -4   -3   -2   -1   1   3   4   5   6   7   8   9   10   11   12   13   14   15   16   17   18   
-0.547099   -0.434258   -0.325371   -0.222633   -0.114761   -0.00663389   0.10254   0.211218   0.318648   0.425374   0.634944   0.818376   0.901385   0.975411   1.10003   1.17757   1.25295   1.32588   1.39557   1.46169   1.51968   1.5412   1.57494   1.60168   1.61476   1.61497   1.60201   
0.0131496   0.01137   0.00997643   0.00880122   0.00834093   0.00797577   0.0076727   0.00742956   0.00717354   0.00695257   0.00693136   0.00808472   0.00896013   0.00960367   0.0102694   0.0112792   0.0125102   0.0139618   0.0156847   0.0177365   0.0204557   0.0259179   0.0311045   0.0374159   0.0457283   0.0564086   0.0699288   
-0.135816   -0.136766   -0.136292   -0.134363   -0.132895   -0.131402   -0.130111   -0.128667   -0.126978   -0.125154   -0.120607   -0.111132   -0.105024   -0.0972105   -0.10052   -0.093691   -0.0869567   -0.0803294   -0.0737973   -0.0674459   -0.0608922   -0.0517375   -0.0454762   -0.0403687   -0.0364556   -0.0344877   -0.0350369   

1000000
-10   -9   -8   -7   -6   -5   -4   -3   -2   -1   0   1   2   3   4   5   6   7   8   9   10   11   12   13   14   15   16   17   18   
-0.546896   -0.434201   -0.325449   -0.222625   -0.114795   -0.00666487   0.102495   0.211171   0.318617   0.425335   0.531764   0.634914   0.726139   0.818358   0.901434   0.975636   1.1003   1.17776   1.25325   1.32622   1.39587   1.46208   1.52003   1.54155   1.57529   1.60222   1.61576   1.61532   1.60334   
0.0131201   0.01135   0.00996507   0.00878914   0.00832765   0.00796576   0.00766088   0.00741727   0.00716736   0.00694511   0.0068524   0.00692247   0.00747346   0.00808075   0.00895659   0.00960652   0.0102574   0.0112693   0.0124952   0.0139442   0.015669   0.0177154   0.020436   0.025896   0.0310802   0.037372   0.0456327   0.056376   0.0697632   
-0.13587   -0.13678   -0.136272   -0.134361   -0.132887   -0.131392   -0.130099   -0.128654   -0.126967   -0.125143   -0.123234   -0.120599   -0.115653   -0.11113   -0.105035   -0.0972587   -0.100575   -0.0937299   -0.0870107   -0.0803869   -0.0738463   -0.0675039   -0.0609417   -0.0517782   -0.0455131   -0.0404093   -0.0364957   -0.0345077   -0.0350254   

1005000
-10   -9   -8   -7   -6   -5   -4   -3   -2   -1   0   1   2   3   4   5   6   7   8   9   10   11   12   13   14   15   16   17   18   
-0.546692   -0.434132   -0.325507   -0.222614   -0.114826   -0.00669403   0.102449   0.211125   0.31859   0.425297   0.531793   0.634878   0.726021   0.818335   0.901478   0.975862   1.10058   1.17796   1.25354   1.32655   1.39615   1.46246   1.52035   1.54189   1.57564   1.60275   1.61674   1.61561   1.60463   
0.0130911   0.0113301   0.00995384   0.00877733   0.00831466   0.0079561   0.00764928   0.00740523   0.00716003   0.0069379   0.00684179   0.00691389   0.00747056   0.00807711   0.00895334   0.00960963   0.0102456   0.0112597   0.0124805   0.0139272   0.0156541   0.0176948   0.0204181   0.0258749   0.0310571   0.0373306   0.0455384   0.0563509   0.0696039   
-0.135925   -0.136798   -0.136257   -0.13436   -0.132879   -0.131382   -0.130086   -0.128642   -0.126958   -0.125133   -0.123237   -0.12059   -0.11563   -0.111126   -0.105046   -0.0973068   -0.10063   -0.0937684   -0.0870635   -0.0804434   -0.0738933   -0.0675609   -0.0609879   -0.0518186   -0.0455499   -0.0404491   -0.0365356   -0.0345278   -0.0350156   

1010000
-10   -9   -8   -7   -6   -5   -4   -3   -2   0   1   2   3   4   5   6   7   8   9   10   11   12   13   14   15   16   17   18   
-0.546487   -0.434052   -0.325548   -0.2226   -0.114855   -0.00672193   0.102405   0.211082   0.318569   0.53182   0.634836   0.725901   0.818307   0.901519   0.976036   1.10085   1.17815   1.25383   1.32687   1.39642   1.46283   1.52064   1.54222   1.57597   1.60326   1.61772   1.61584   1.60589   
0.0130624   0.0113105   0.00994273   0.00876581   0.00830196   0.00794675   0.00763789   0.00739346   0.00714935   0.00683141   0.00690561   0.0074679   0.00807376   0.0089504   0.00961071   0.010234   0.0112502   0.0124662   0.0139105   0.0156397   0.0176747   0.020402   0.025855   0.0310338   0.0372895   0.0454467   0.0563352   0.0694484   
-0.135979   -0.136817   -0.136244   -0.13436   -0.132871   -0.131372   -0.130075   -0.12863   -0.12695   -0.12324   -0.120579   -0.115607   -0.111121   -0.105055   -0.0973444   -0.100684   -0.0938064   -0.0871153   -0.0804989   -0.0739391   -0.0676169   -0.0610307   -0.0518579   -0.0455845   -0.0404876   -0.0365761   -0.0345486   -0.0350065   

1015000
-10   -9   -8   -7   -6   -5   -4   -3   -2   -1   0   1   2   3   4   6   7   8   9   10   11   12   13   14   15   16   17   18   
-0.54628   -0.433962   -0.325574   -0.222584   -0.114883   -0.00674893   0.102361   0.21104   0.31855   0.425234   0.531845   0.634788   0.725852   0.818276   0.901555   1.10111   1.17833   1.25411   1.32719   1.39669   1.4632   1.52091   1.54254   1.5763   1.60375   1.61867   1.616   1.60712   
0.013034   0.011291   0.0099318   0.00875456   0.00828953   0.00793766   0.0076267   0.00738193   0.00713899   0.00692316   0.00682128   0.00689765   0.00746291   0.00807065   0.00894776   0.0102226   0.0112408   0.0124523   0.0138942   0.0156257   0.0176551   0.0203876   0.0258353   0.0310117   0.03725   0.0453547   0.0563241   0.0692969   
-0.136034   -0.136838   -0.136235   -0.134359   -0.132864   -0.131362   -0.130063   -0.128619   -0.126942   -0.125114   -0.123242   -0.120567   -0.115597   -0.111116   -0.105064   -0.100738   -0.0938441   -0.0871661   -0.0805534   -0.0739839   -0.0676717   -0.0610706   -0.0518965   -0.0456188   -0.0405252   -0.0366153   -0.0345681   -0.034998   

1020000
-9   -8   -7   -6   -5   -4   -3   -2   -1   0   1   2   4   6   7   8   9   10   11   12   13   14   15   16   17   18   
-0.433863   -0.325587   -0.222565   -0.114909   -0.00677499   0.102317   0.210999   0.318534   0.425237   0.531868   0.634734   0.725859   0.901587   1.10137   1.17852   1.25438   1.3275   1.39695   1.46355   1.52115   1.54286   1.57662   1.60423   1.61961   1.6161   1.60832   
0.0112718   0.00992104   0.00874361   0.00827737   0.00792884   0.00761573   0.00737065   0.00712892   0.00691215   0.0068114   0.00688999   0.00745603   0.00894541   0.0102114   0.0112315   0.0124386   0.0138784   0.0156121   0.0176361   0.0203749   0.0258162   0.0309913   0.0372118   0.0452653   0.0563228   0.0691501   
-0.136862   -0.136228   -0.13436   -0.132857   -0.131353   -0.130051   -0.128607   -0.126935   -0.125112   -0.123244   -0.120554   -0.115599   -0.105072   -0.10079   -0.0938816   -0.0872158   -0.0806061   -0.0740278   -0.0677256   -0.0611077   -0.0519351   -0.0456531   -0.0405621   -0.036655   -0.0345889   -0.0349903   

1025000
-10   -9   -8   -7   -6   -5   -4   -3   -2   -1   0   1   2   3   5   6   7   8   9   10   11   12   13   14   15   16   17   18   
-0.545865   -0.433754   -0.325588   -0.222544   -0.114934   -0.00680019   0.102273   0.21096   0.318519   0.425241   0.531889   0.634672   0.725863   0.818347   0.976655   1.10163   1.17871   1.25465   1.3278   1.39721   1.4639   1.52136   1.54317   1.5769   1.6047   1.62054   1.61612   1.60947   
0.0129784   0.0112527   0.00991048   0.00873301   0.00826542   0.00792029   0.00760496   0.00735961   0.00711908   0.00690135   0.0068017   0.00688271   0.00744944   0.00805966   0.00961072   0.0102004   0.0112223   0.0124253   0.0138631   0.0155988   0.0176176   0.0203644   0.0257971   0.0309719   0.037175   0.0451772   0.0563287   0.0690093   
-0.136142   -0.136887   -0.136224   -0.134361   -0.13285   -0.131343   -0.130039   -0.128596   -0.126928   -0.12511   -0.123245   -0.120539   -0.1156   -0.111131   -0.0974745   -0.100842   -0.093919   -0.0872646   -0.0806579   -0.0740708   -0.0677783   -0.061141   -0.0519725   -0.045684   -0.0405983   -0.0366944   -0.0346089   -0.0349837   

1030000
-9   -8   -7   -6   -5   -4   -3   -2   -1   0   1   2   3   4   5   6   7   8   9   10   11   12   13   14   15   16   17   18   
-0.433637   -0.325577   -0.22252   -0.114958   -0.00682434   0.10223   0.210922   0.318505   0.425246   0.53191   0.634604   0.725862   0.818451   0.90162   0.976974   1.10188   1.17889   1.2549   1.3281   1.39746   1.46423   1.52161   1.54348   1.57718   1.60515   1.62145   1.61608   1.61056   
0.0112339   0.0099001   0.00872269   0.00825369   0.00791202   0.00759439   0.00734883   0.00710945   0.00689077   0.0067922   0.00687577   0.00744312   0.00805168   0.00894045   0.00960676   0.0101896   0.0112133   0.0124124   0.013848   0.0155859   0.0175997   0.0203505   0.0257787   0.0309546   0.0371402   0.0450913   0.0563419   0.0688756   
-0.136913   -0.136222   -0.134362   -0.132843   -0.131334   -0.130027   -0.128585   -0.126921   -0.125108   -0.123247   -0.120523   -0.1156   -0.111151   -0.105082   -0.0975383   -0.100893   -0.0939555   -0.0873118   -0.0807087   -0.0741132   -0.0678298   -0.0611795   -0.0520099   -0.0457156   -0.0406341   -0.0367343   -0.0346286   -0.0349783   

1035000
-9   -8   -7   -6   -5   -4   -3   -2   -1   0   1   2   3   4   5   6   7   8   9   10   11   12   13   14   15   16   18   
-0.433511   -0.325554   -0.222494   -0.114981   -0.00684748   0.102188   0.210884   0.318492   0.425252   0.531929   0.63453   0.725858   0.818549   0.901618   0.977276   1.10213   1.17907   1.25516   1.32838   1.39771   1.46456   1.52199   1.54378   1.57745   1.60558   1.62236   1.61158   
0.0112153   0.00988993   0.00871261   0.00824217   0.00790403   0.00758401   0.00733831   0.00710005   0.00688039   0.0067829   0.00686916   0.00743704   0.00804403   0.00893778   0.00960261   0.0101789   0.0112047   0.0123999   0.0138334   0.0155732   0.0175827   0.0203296   0.0257605   0.0309375   0.0371059   0.0450085   0.068752   
-0.136942   -0.136223   -0.134363   -0.132837   -0.131325   -0.130015   -0.128574   -0.126915   -0.125107   -0.123248   -0.120506   -0.115599   -0.111171   -0.105084   -0.0975989   -0.100944   -0.0939908   -0.087358   -0.0807586   -0.0741548   -0.0678793   -0.0612319   -0.0520471   -0.0457453   -0.0406684   -0.0367752   -0.0349747   

1040000
-9   -8   -7   -6   -5   -4   -3   -2   -1   0   1   2   3   4   5   6   7   8   9   10   11   12   13   14   15   16   17   18   
-0.433374   -0.325521   -0.222467   -0.115003   -0.00686946   0.102145   0.210845   0.31848   0.425257   0.531947   0.634448   0.725849   0.818642   0.90161   0.977547   1.10238   1.17924   1.2554   1.32867   1.39795   1.46487   1.52234   1.54408   1.5777   1.606   1.62323   1.61766   1.61253   
0.011197   0.00987996   0.00870277   0.00823087   0.00789631   0.00757382   0.0073281   0.00709085   0.00687021   0.0067738   0.00686289   0.00743122   0.00803671   0.00893549   0.00959741   0.0101685   0.011196   0.0123877   0.013819   0.0155608   0.0175662   0.0203104   0.0257425   0.0309208   0.0370732   0.0449239   0.0561741   0.068637   
-0.136973   -0.136226   -0.134365   -0.132831   -0.131317   -0.130004   -0.128563   -0.126908   -0.125105   -0.123248   -0.120487   -0.115598   -0.111189   -0.105085   -0.0976532   -0.100994   -0.0940261   -0.0874033   -0.0808075   -0.074196   -0.0679277   -0.0612805   -0.0520842   -0.0457734   -0.0407018   -0.0368134   -0.0346634   -0.0349728   

1045000
-9   -8   -7   -6   -5   -4   -3   -1   0   1   2   3   4   5   6   7   8   9   10   11   12   13   14   15   16   17   18   
-0.433228   -0.325476   -0.222438   -0.115023   -0.00689007   0.102102   0.210807   0.425263   0.531964   0.634361   0.725837   0.818729   0.901597   0.977814   1.10262   1.17942   1.25564   1.32894   1.39819   1.46518   1.52265   1.54438   1.57794   1.6064   1.6241   1.61942   1.61342   
0.0111789   0.00987032   0.00869321   0.0082198   0.00788887   0.00756383   0.00731817   0.00686022   0.0067649   0.00685695   0.00742565   0.00802969   0.00893356   0.00959251   0.0101583   0.0111874   0.0123757   0.013805   0.0155485   0.0175503   0.0202932   0.0257245   0.0309054   0.0370423   0.0448429   0.05598   0.0685292   
-0.137005   -0.136231   -0.134367   -0.132825   -0.131308   -0.129992   -0.128552   -0.125104   -0.123249   -0.120467   -0.115596   -0.111206   -0.105085   -0.0977068   -0.101043   -0.0940615   -0.0874478   -0.0808555   -0.0742368   -0.0679753   -0.0613254   -0.05212   -0.0458009   -0.0407344   -0.0368531   -0.034679   -0.0349722   

1050000
-9   -8   -7   -4   -3   -1   0   1   2   4   5   6   7   8   9   10   11   12   13   14   15   16   17   18   
-0.433072   -0.325419   -0.222407   0.10206   0.210769   0.425268   0.531979   0.634267   0.725821   0.901578   0.978078   1.10285   1.1796   1.25588   1.32921   1.39852   1.46547   1.52293   1.54467   1.57817   1.60678   1.62495   1.62109   1.61426   
0.0111612   0.00986095   0.00868392   0.00755404   0.00730845   0.00685043   0.00675618   0.0068514   0.00742032   0.008932   0.00958797   0.0101482   0.0111787   0.012364   0.0137914   0.0155316   0.0175347   0.020278   0.0257074   0.0308914   0.0370133   0.0447629   0.0557928   0.0684306   
-0.13704   -0.136238   -0.13437   -0.12998   -0.128541   -0.125102   -0.123249   -0.120446   -0.115593   -0.105084   -0.0977597   -0.101091   -0.0940972   -0.0874912   -0.0809025   -0.0742898   -0.0680217   -0.0613673   -0.0521561   -0.0458285   -0.0407664   -0.0368925   -0.0346936   -0.0349738   

1055000
-10   -9   -8   -7   -6   -4   -3   -2   -1   0   1   2   3   4   5   6   7   8   9   10   11   12   13   14   15   16   17   18   
-0.544611   -0.432909   -0.325355   -0.222374   -0.115068   0.102018   0.210731   0.318447   0.425274   0.531993   0.634167   0.7258   0.818882   0.901554   0.978338   1.10309   1.17986   1.2561   1.32948   1.39891   1.46576   1.52319   1.54496   1.5784   1.60714   1.62579   1.6227   1.61503   
0.0128193   0.011144   0.0098518   0.0086749   0.00819791   0.00754444   0.00729894   0.00706449   0.00684083   0.00674769   0.00684619   0.00741524   0.0080164   0.00893078   0.00958374   0.0101384   0.0111663   0.0123527   0.0137781   0.0155114   0.0175196   0.0202643   0.0256902   0.0308776   0.0369855   0.0446845   0.0556136   0.0683383   
-0.136465   -0.137075   -0.136247   -0.134373   -0.132813   -0.129968   -0.12853   -0.12689   -0.125101   -0.123249   -0.120424   -0.115589   -0.111237   -0.105082   -0.097812   -0.101139   -0.094148   -0.0875339   -0.0809486   -0.0743519   -0.0680672   -0.061406   -0.0521911   -0.0458544   -0.0407965   -0.036931   -0.0347088   -0.034976   

1060000
-10   -9   -8   -7   -6   -5   -4   -3   -2   -1   0   1   2   3   4   5   6   7   8   9   10   11   12   13   14   15   16   17   18   
-0.544402   -0.432743   -0.325285   -0.222358   -0.115133   -0.00702043   0.101976   0.210693   0.318424   0.425278   0.532006   0.634061   0.725776   0.818939   0.901526   0.978595   1.10332   1.18016   1.25633   1.32973   1.3993   1.46605   1.52342   1.54524   1.5786   1.60749   1.62663   1.62423   1.61574   
0.0127939   0.0111272   0.00984285   0.00866392   0.00818505   0.00785634   0.00753512   0.00728963   0.00705469   0.00683144   0.00673939   0.0068413   0.00741043   0.00800903   0.00892988   0.00957981   0.0101287   0.0111524   0.0123416   0.0137651   0.0154917   0.017505   0.0202522   0.0256736   0.030865   0.0369592   0.0446068   0.0554417   0.068256   
-0.136518   -0.137111   -0.136257   -0.134374   -0.132798   -0.131277   -0.129957   -0.128519   -0.126883   -0.125099   -0.123249   -0.1204   -0.115585   -0.111249   -0.105079   -0.0978637   -0.101186   -0.0942051   -0.0875756   -0.0809939   -0.0744128   -0.0681119   -0.0614419   -0.0522259   -0.0458794   -0.0408262   -0.0369701   -0.0347243   -0.0349809   

1065000
-10   -9   -8   -7   -6   -5   -4   -3   -2   -1   0   1   2   3   4   5   6   7   8   9   10   11   12   13   14   15   16   17   18   
-0.544192   -0.432573   -0.32521   -0.222347   -0.115194   -0.00707625   0.101935   0.210655   0.318401   0.425282   0.532017   0.633974   0.725748   0.818991   0.90149   0.978849   1.10354   1.18046   1.25655   1.32998   1.39967   1.46633   1.52363   1.54551   1.5788   1.60782   1.62745   1.62571   1.61639   
0.0127687   0.0111107   0.00983412   0.0086524   0.00817239   0.00784317   0.00752603   0.0072805   0.00704513   0.00682224   0.00673125   0.00683604   0.00740588   0.00800196   0.00892945   0.00957624   0.0101193   0.0111388   0.0123308   0.0137526   0.0154724   0.0174906   0.0202419   0.0256575   0.0308531   0.0369346   0.0445302   0.0552771   0.0681822   
-0.136571   -0.137148   -0.136268   -0.134376   -0.132785   -0.131265   -0.129945   -0.128508   -0.126875   -0.125097   -0.123248   -0.12038   -0.115579   -0.11126   -0.105075   -0.0979149   -0.101232   -0.0942615   -0.0876165   -0.081038   -0.0744725   -0.0681558   -0.0614749   -0.0522604   -0.0459035   -0.0408551   -0.0370086   -0.0347406   -0.0349874   

1070000
-10   -9   -8   -7   -6   -5   -4   -3   -2   -1   1   2   3   4   5   6   7   8   9   10   11   12   13   14   15   16   17   18   
-0.543983   -0.4324   -0.325129   -0.222333   -0.115253   -0.00713002   0.101894   0.210617   0.318377   0.425285   0.633988   0.725716   0.819037   0.901449   0.979094   1.10376   1.18075   1.25676   1.33022   1.40004   1.4666   1.5238   1.54578   1.57908   1.60813   1.62826   1.62713   1.61697   
0.0127438   0.0110946   0.0098256   0.00864122   0.00815993   0.00783024   0.00751717   0.00727157   0.00703584   0.00681329   0.00682797   0.00740158   0.00799519   0.00892934   0.00957266   0.0101102   0.0111254   0.0123202   0.0137405   0.0154538   0.0174766   0.0202334   0.0256418   0.0308347   0.0369119   0.0444546   0.0551208   0.0681114   
-0.136624   -0.137185   -0.13628   -0.134378   -0.132772   -0.131254   -0.129934   -0.128497   -0.126867   -0.125095   -0.120382   -0.115573   -0.11127   -0.105069   -0.0979643   -0.101276   -0.094317   -0.0876565   -0.0810803   -0.0745307   -0.068199   -0.0615043   -0.0522937   -0.0459333   -0.0408831   -0.0370468   -0.0347582   -0.0349935   

1075000
-10   -9   -8   -6   -5   -4   -3   -2   -1   0   1   2   3   5   6   7   8   9   10   11   12   13   14   15   16   17   18   
-0.543773   -0.432224   -0.325045   -0.115309   -0.00718197   0.101853   0.210579   0.318353   0.425286   0.532031   0.633995   0.725678   0.819078   0.979308   1.10397   1.18104   1.25696   1.33046   1.40039   1.46687   1.52395   1.54603   1.57976   1.60842   1.62906   1.62849   1.6175   
0.0127192   0.0110786   0.00981722   0.00814766   0.00781755   0.0075085   0.00726282   0.00702681   0.00680456   0.00671499   0.00682018   0.0073976   0.00798872   0.00956789   0.0101013   0.0111123   0.0123101   0.0137288   0.0154356   0.0174629   0.0202263   0.0256272   0.0307838   0.0368904   0.0443806   0.0549714   0.0680559   
-0.136677   -0.137222   -0.136293   -0.132759   -0.131243   -0.129922   -0.128486   -0.126859   -0.125092   -0.123245   -0.120382   -0.115566   -0.111279   -0.0980076   -0.10132   -0.0943718   -0.0876953   -0.0811219   -0.0745878   -0.0682418   -0.0615312   -0.0523258   -0.0459926   -0.0409096   -0.0370846   -0.0347764   -0.0350039   

1080000
-10   -9   -8   -7   -6   -5   -4   -3   -2   -1   0   1   2   3   4   5   6   7   8   9   10   11   12   13   14   15   16   17   18   
-0.543563   -0.432046   -0.324957   -0.222384   -0.115362   -0.00723247   0.101812   0.210541   0.318328   0.425287   0.532027   0.633996   0.725636   0.819114   0.90145   0.979519   1.10418   1.18133   1.25716   1.33068   1.40074   1.46713   1.52429   1.54628   1.58043   1.60869   1.62985   1.62979   1.61795   
0.0126948   0.011063   0.00980902   0.00861818   0.00813558   0.00780509   0.00750005   0.00725426   0.00701796   0.00679603   0.00670594   0.00681267   0.00739391   0.00798256   0.00892596   0.00956339   0.0100926   0.0110993   0.0123003   0.0137174   0.0154178   0.0174494   0.0202077   0.025613   0.0307342   0.0368713   0.0443081   0.0548283   0.0680076   
-0.136729   -0.13726   -0.136307   -0.134365   -0.132747   -0.131232   -0.129911   -0.128475   -0.126852   -0.12509   -0.123243   -0.12038   -0.115558   -0.111287   -0.105074   -0.0980503   -0.101363   -0.0944258   -0.0877328   -0.0811625   -0.074644   -0.0682841   -0.0615788   -0.0523574   -0.0460509   -0.0409355   -0.0371223   -0.0347952   -0.0350154   

1085000
-10   -9   -8   -7   -6   -5   -4   -3   -2   -1   0   1   2   3   4   5   6   7   8   9   10   12   13   14   15   16   17   
-0.543351   -0.431866   -0.324865   -0.222461   -0.115413   -0.00728149   0.101771   0.210502   0.318303   0.425287   0.532021   0.633991   0.725589   0.819143   0.901525   0.979728   1.10438   1.18161   1.25735   1.3309   1.40109   1.52461   1.54652   1.58109   1.60895   1.63061   1.63104   
0.0126708   0.0110477   0.00980101   0.00860604   0.0081237   0.00779288   0.00749179   0.00724591   0.0070093   0.00678773   0.00669706   0.00680544   0.00739049   0.0079767   0.00892119   0.00955923   0.0100841   0.0110866   0.0122907   0.0137063   0.0154003   0.0201903   0.025599   0.0306855   0.0368539   0.0442384   0.0546912   
-0.136782   -0.137298   -0.136321   -0.134349   -0.132736   -0.131221   -0.129899   -0.128464   -0.126844   -0.125087   -0.123239   -0.120378   -0.115549   -0.111294   -0.10509   -0.0980925   -0.101406   -0.0944792   -0.0877695   -0.0812022   -0.0746992   -0.0616246   -0.0523887   -0.0461084   -0.0409601   -0.0371592   -0.0348145   

1090000
-10   -9   -8   -7   -6   -5   -4   -3   -2   -1   0   1   2   3   4   5   6   7   8   9   10   11   12   13   14   15   16   17   18   
-0.543139   -0.431683   -0.32477   -0.222532   -0.115462   -0.0073294   0.101731   0.210464   0.318277   0.425287   0.532014   0.63398   0.725537   0.819168   0.901596   0.979933   1.10458   1.18188   1.25754   1.33112   1.40142   1.46766   1.5249   1.54676   1.58174   1.60918   1.63134   1.63225   1.62011   
0.012647   0.0110326   0.00979321   0.00859418   0.00811201   0.00778091   0.00748374   0.00723779   0.00700082   0.00677958   0.00668835   0.00679849   0.00738733   0.00797116   0.00891669   0.00955533   0.0100757   0.011074   0.0122814   0.0136955   0.0153833   0.0174227   0.0201749   0.0255854   0.0306379   0.0368378   0.0441694   0.0545621   0.0677459   
-0.136835   -0.137337   -0.136337   -0.134333   -0.132724   -0.13121   -0.129887   -0.128452   -0.126835   -0.125084   -0.123236   -0.120374   -0.115539   -0.1113   -0.105105   -0.0981341   -0.101447   -0.0945318   -0.0878054   -0.0812412   -0.0747535   -0.0683682   -0.0616665   -0.0524195   -0.046165   -0.0409834   -0.037195   -0.0348361   -0.0350032   

1095000
-10   -9   -7   -6   -5   -4   -3   -2   -1   0   1   2   3   4   5   6   7   8   9   10   11   12   13   14   15   16   17   18   
-0.542925   -0.431498   -0.222598   -0.115509   -0.00737632   0.10169   0.210426   0.318251   0.425287   0.532006   0.633963   0.725481   0.819186   0.901663   0.980135   1.10478   1.18216   1.25773   1.33133   1.40175   1.46807   1.52516   1.547   1.58237   1.60939   1.63208   1.63342   1.62182   
0.0126234   0.011018   0.00858259   0.00810059   0.0077692   0.0074759   0.00722987   0.00699252   0.00677159   0.00667982   0.00679181   0.00738444   0.00796593   0.00891244   0.00955171   0.0100676   0.0110616   0.0122724   0.013685   0.0153666   0.0174009   0.0201614   0.0255719   0.0305913   0.0368238   0.0441028   0.0544327   0.0675314   
-0.136888   -0.137376   -0.134318   -0.132714   -0.1312   -0.129876   -0.128441   -0.126827   -0.125081   -0.123232   -0.120369   -0.115528   -0.111304   -0.105119   -0.0981753   -0.101488   -0.0945838   -0.0878406   -0.0812794   -0.074807   -0.068429   -0.0617049   -0.0524499   -0.0462207   -0.0410056   -0.0372315   -0.0348557   -0.0349802   

1100000
-10   -9   -7   -6   -5   -4   -3   -2   -1   0   1   2   3   4   5   6   7   8   9   10   11   12   13   14   15   16   17   18   
-0.542709   -0.431311   -0.22266   -0.115554   -0.00742244   0.101649   0.210387   0.318225   0.425286   0.531995   0.633939   0.72542   0.819198   0.901727   0.980332   1.10497   1.18242   1.2579   1.33154   1.40208   1.46849   1.52539   1.54724   1.58299   1.60958   1.63279   1.6346   1.62343   
0.0126001   0.0110036   0.00857125   0.00808939   0.00775774   0.00746826   0.00722212   0.00698439   0.00676375   0.00667146   0.00678541   0.00738179   0.00796103   0.00890845   0.00954851   0.0100596   0.0110495   0.0122635   0.0136747   0.0153503   0.0173787   0.0201498   0.0255585   0.0305458   0.0368116   0.0440368   0.054311   0.0673326   
-0.136942   -0.137415   -0.134304   -0.132703   -0.13119   -0.129864   -0.12843   -0.126819   -0.125078   -0.123228   -0.120362   -0.115517   -0.111308   -0.105133   -0.0982154   -0.101528   -0.0946351   -0.087875   -0.081317   -0.0748596   -0.0684908   -0.0617401   -0.0524803   -0.0462758   -0.0410268   -0.0372671   -0.0348788   -0.0349623   

1105000
-10   -9   -8   -7   -6   -5   -4   -3   -2   -1   0   1   2   3   4   5   6   7   8   9   10   11   12   13   14   16   17   18   
-0.542491   -0.431122   -0.324479   -0.222718   -0.115597   -0.00746777   0.101609   0.210349   0.318199   0.425284   0.531984   0.633909   0.725356   0.819202   0.901787   0.980524   1.10516   1.18269   1.25808   1.33175   1.40239   1.4689   1.52558   1.54747   1.5836   1.6335   1.63573   1.62495   
0.0125772   0.0109895   0.009769   0.00856017   0.00807837   0.00774654   0.00746083   0.00721458   0.00697642   0.00675606   0.00666327   0.00677929   0.0073794   0.00795655   0.00890471   0.0095457   0.0100518   0.0110375   0.0122549   0.0136646   0.0153344   0.017357   0.02014   0.0255451   0.0305008   0.0439729   0.0541867   0.067146   
-0.136995   -0.137454   -0.136386   -0.134291   -0.132693   -0.131179   -0.129853   -0.128418   -0.12681   -0.125075   -0.123224   -0.120354   -0.115504   -0.11131   -0.105146   -0.0982546   -0.101568   -0.0946857   -0.0879089   -0.0813541   -0.0749113   -0.0685516   -0.061772   -0.0525105   -0.0463297   -0.0373029   -0.0348987   -0.034948   

1110000
-10   -9   -7   -6   -5   -4   -3   -2   -1   0   1   2   3   4   5   6   7   8   9   10   11   12   13   14   16   17   18   
-0.542269   -0.430931   -0.222771   -0.115639   -0.00751249   0.101568   0.21031   0.318171   0.425282   0.53197   0.633872   0.725288   0.8192   0.901844   0.980713   1.10535   1.18295   1.25825   1.33195   1.4027   1.46931   1.52575   1.54771   1.5842   1.63419   1.63685   1.62643   
0.0125546   0.0109758   0.00854933   0.00806751   0.00773555   0.00745359   0.00720721   0.00696863   0.00674852   0.00665524   0.00677349   0.00737723   0.00795243   0.0089012   0.0095432   0.0100442   0.0110257   0.0122464   0.0136547   0.0153187   0.0173358   0.0201321   0.0255318   0.0304567   0.0439089   0.0540662   0.0669657   
-0.137049   -0.137494   -0.134278   -0.132683   -0.131169   -0.129842   -0.128407   -0.126802   -0.125072   -0.123219   -0.120345   -0.115491   -0.11131   -0.105158   -0.0982932   -0.101607   -0.0947357   -0.0879421   -0.0813907   -0.0749622   -0.0686113   -0.0618003   -0.0525407   -0.0463831   -0.0373376   -0.0349198   -0.0349348   

1115000
-10   -9   -8   -7   -6   -5   -4   -3   -2   -1   0   1   3   4   5   6   7   10   11   12   13   14   15   16   17   18   
-0.542044   -0.430738   -0.32446   -0.222821   -0.115681   -0.00755685   0.101528   0.210271   0.318143   0.425279   0.531955   0.633828   0.819191   0.901894   0.980879   1.10553   1.18321   1.40301   1.4697   1.52589   1.54794   1.58479   1.6105   1.63488   1.63797   1.62787   
0.0125326   0.0109624   0.00974567   0.00853873   0.00805683   0.00772471   0.00744657   0.00720007   0.00696101   0.00674114   0.00664738   0.006768   0.00794863   0.00889809   0.00953995   0.0100367   0.0110141   0.0153034   0.0173151   0.0201263   0.0255186   0.0304134   0.0367428   0.0438471   0.0539468   0.0667898   
-0.137104   -0.137534   -0.136389   -0.134266   -0.132673   -0.131159   -0.12983   -0.128395   -0.126793   -0.125068   -0.123214   -0.120335   -0.11131   -0.105169   -0.0983275   -0.101646   -0.0947851   -0.0750122   -0.0686699   -0.0618249   -0.0525707   -0.0464359   -0.0411074   -0.0373725   -0.0349411   -0.0349225   

1120000
-10   -9   -8   -7   -6   -5   -4   -3   -2   -1   0   1   3   4   5   6   7   8   9   10   11   12   13   14   15   16   17   18   
-0.541814   -0.430572   -0.32455   -0.222867   -0.115721   -0.00760098   0.101489   0.210231   0.318115   0.425276   0.531939   0.633776   0.819177   0.90194   0.981032   1.10571   1.18346   1.25859   1.33248   1.40331   1.47008   1.52604   1.54818   1.58538   1.61135   1.63555   1.63905   1.62928   
0.0125108   0.0109496   0.00973431   0.00852839   0.0080463   0.00771403   0.00743974   0.00719313   0.00695355   0.0067339   0.0066397   0.00676284   0.00794513   0.00889527   0.00953639   0.0100294   0.0110027   0.0122299   0.0136288   0.0152885   0.0172949   0.0201192   0.0255053   0.0303709   0.0366725   0.0437859   0.0538306   0.0666189   
-0.137159   -0.137568   -0.13637   -0.134255   -0.132663   -0.131149   -0.129819   -0.128384   -0.126784   -0.125064   -0.123208   -0.120322   -0.111308   -0.10518   -0.098359   -0.101684   -0.0948339   -0.0880075   -0.0814829   -0.0750614   -0.0687276   -0.0618518   -0.0526005   -0.0464882   -0.0411629   -0.0374065   -0.0349625   -0.0349114   

1125000
-10   -9   -8   -7   -6   -5   -3   -2   -1   0   1   2   3   4   5   6   7   8   9   10   11   12   13   14   15   16   17   18   
-0.541579   -0.430639   -0.324631   -0.222909   -0.115761   -0.00764468   0.210191   0.318086   0.425272   0.53192   0.633718   0.725087   0.819157   0.901983   0.981181   1.10589   1.18371   1.25887   1.33278   1.4036   1.47046   1.52636   1.54841   1.58596   1.61218   1.63621   1.64013   1.63067   
0.0124896   0.0109388   0.00972317   0.00851831   0.00803593   0.00770351   0.00718638   0.00694625   0.00672681   0.00663217   0.00675799   0.00737121   0.00794192   0.00889273   0.00953315   0.0100222   0.0109914   0.0122167   0.0136138   0.0152739   0.0172752   0.0201023   0.025492   0.0303293   0.0366033   0.0437268   0.0537159   0.0664494   
-0.137215   -0.137553   -0.136353   -0.134244   -0.132653   -0.131138   -0.128372   -0.126775   -0.125061   -0.123202   -0.120309   -0.115453   -0.111306   -0.10519   -0.0983899   -0.101721   -0.0948821   -0.0880582   -0.0815356   -0.0751099   -0.0687845   -0.0618964   -0.0526304   -0.0465403   -0.041217   -0.0374412   -0.0349839   -0.0349001   

1130000
-10   -9   -8   -7   -6   -5   -3   -2   -1   0   1   2   3   4   5   6   7   8   9   10   11   12   13   14   15   16   17   18   
-0.541341   -0.430683   -0.324706   -0.222947   -0.1158   -0.00768815   0.210151   0.318057   0.425267   0.531901   0.633652   0.725128   0.819134   0.902021   0.981327   1.10606   1.18396   1.25914   1.33308   1.40389   1.47084   1.52663   1.54865   1.58652   1.61299   1.63685   1.64119   1.63203   
0.0124689   0.0109283   0.00971222   0.00850842   0.0080257   0.00769314   0.00717981   0.00693912   0.00671987   0.00662484   0.00675346   0.00736535   0.00793895   0.00889046   0.0095302   0.010015   0.0109803   0.0122037   0.0135992   0.0152596   0.0172558   0.020088   0.0254787   0.0302877   0.0365359   0.0436668   0.0536033   0.0662834   
-0.137271   -0.137541   -0.136337   -0.134234   -0.132643   -0.131128   -0.128361   -0.126766   -0.125057   -0.123196   -0.120293   -0.115461   -0.111302   -0.105199   -0.0984202   -0.101759   -0.0949297   -0.0881083   -0.0815872   -0.0751574   -0.0688404   -0.0619363   -0.0526602   -0.0465908   -0.0412706   -0.0374735   -0.0350056   -0.0348895   

1135000
-10   -9   -8   -7   -6   -5   -4   -3   -2   -1   0   1   2   3   5   6   7   8   9   10   11   12   14   15   16   17   18   
-0.5411   -0.430707   -0.324773   -0.222983   -0.115838   -0.00773137   0.101384   0.210111   0.318026   0.425262   0.531879   0.633578   0.725165   0.819107   0.98147   1.10623   1.1842   1.25941   1.33338   1.40417   1.4712   1.52686   1.58708   1.61379   1.63748   1.64224   1.63338   
0.0124488   0.010918   0.00970148   0.00849876   0.00801564   0.00768293   0.00741947   0.00717343   0.00693214   0.00671307   0.00661769   0.00674927   0.0073597   0.00793618   0.00952753   0.0100083   0.0109694   0.012191   0.0135849   0.0152459   0.0172369   0.020076   0.0302472   0.0364701   0.0436112   0.0534911   0.0661187   
-0.137328   -0.137534   -0.136322   -0.134224   -0.132634   -0.131118   -0.129789   -0.128349   -0.126757   -0.125053   -0.12319   -0.120277   -0.115468   -0.111298   -0.09845   -0.101794   -0.0949766   -0.0881574   -0.081638   -0.0752035   -0.0688955   -0.061972   -0.0466416   -0.0413231   -0.0375067   -0.0350268   -0.0348787   

1140000
-10   -9   -8   -7   -6   -5   -4   -3   -2   -1   0   1   2   3   4   5   6   7   8   9   10   11   12   13   14   15   16   17   18   
-0.540859   -0.430715   -0.324834   -0.223015   -0.115875   -0.00777435   0.101362   0.21007   0.317995   0.425256   0.531856   0.633497   0.725199   0.819095   0.902075   0.98161   1.1064   1.18444   1.25968   1.33367   1.40444   1.47156   1.52706   1.5493   1.58763   1.61457   1.63809   1.64327   1.6347   
0.0124292   0.010908   0.00969094   0.00848937   0.00800572   0.00767287   0.00741015   0.00716724   0.00692533   0.00670641   0.00661074   0.00674541   0.00735424   0.00793289   0.00888607   0.00952514   0.0100017   0.0109587   0.0121785   0.0135709   0.0152325   0.0172183   0.0200662   0.0254382   0.0302066   0.0364062   0.0435568   0.0533804   0.0659594   
-0.137384   -0.13753   -0.136309   -0.134215   -0.132624   -0.131108   -0.129783   -0.128337   -0.126748   -0.125048   -0.123183   -0.120258   -0.115475   -0.111297   -0.105213   -0.0984791   -0.101829   -0.095023   -0.0882057   -0.081688   -0.0752486   -0.0689497   -0.0620037   -0.0527371   -0.0466912   -0.0413756   -0.0375394   -0.0350479   -0.0348696   

1145000
-10   -9   -8   -7   -6   -5   -4   -3   -2   -1   0   1   2   3   4   5   6   7   8   9   10   11   12   13   14   15   16   17   18   
-0.540617   -0.430705   -0.324889   -0.223044   -0.115912   -0.007817   0.101341   0.210029   0.317964   0.425249   0.531831   0.633409   0.72523   0.819179   0.902085   0.981747   1.10656   1.18467   1.25994   1.33395   1.4047   1.47191   1.52723   1.54973   1.58818   1.61533   1.63868   1.64429   1.636   
0.0124101   0.0108985   0.00968056   0.00848022   0.00799594   0.00766297   0.00740101   0.00716128   0.00691871   0.00669989   0.00660397   0.00674188   0.00734897   0.00792597   0.00888333   0.00952302   0.00999511   0.0109481   0.0121664   0.0135571   0.0152195   0.0172002   0.0200585   0.0254112   0.0301669   0.0363424   0.0435035   0.053272   0.0658022   
-0.137439   -0.13753   -0.136296   -0.134207   -0.132615   -0.131098   -0.129776   -0.128325   -0.126738   -0.125044   -0.123176   -0.120239   -0.115481   -0.111314   -0.105217   -0.0985078   -0.101864   -0.0950688   -0.088253   -0.0817374   -0.0752929   -0.0690033   -0.0620316   -0.0527845   -0.046741   -0.0414264   -0.0375713   -0.0350692   -0.0348607   

1150000
-10   -9   -8   -7   -6   -5   -4   -3   -2   -1   0   1   2   3   4   5   6   7   8   9   10   11   12   13   14   15   16   17   18   
-0.540375   -0.430682   -0.324938   -0.223071   -0.115948   -0.00785966   0.101321   0.209988   0.317932   0.425242   0.531805   0.633313   0.725258   0.819258   0.90209   0.981882   1.10672   1.18491   1.26019   1.33423   1.40496   1.47226   1.52736   1.55014   1.58872   1.61609   1.63926   1.6453   1.63727   
0.0123913   0.0108893   0.00967037   0.00847128   0.00798632   0.00765321   0.00739205   0.00715552   0.00691227   0.0066935   0.00659737   0.00673873   0.00734387   0.00791931   0.00888089   0.00952119   0.0099886   0.0109377   0.0121544   0.0135436   0.0152068   0.0171825   0.0200531   0.0253853   0.0301278   0.0362807   0.0434513   0.0531659   0.0656443   
-0.137495   -0.137531   -0.136285   -0.134199   -0.132606   -0.131088   -0.12977   -0.128314   -0.126729   -0.12504   -0.123168   -0.120217   -0.115487   -0.11133   -0.10522   -0.0985362   -0.101899   -0.0951141   -0.0882995   -0.0817859   -0.0753365   -0.069056   -0.0620554   -0.0528309   -0.0467903   -0.0414781   -0.0376027   -0.0350909   -0.034851   

1155000
-10   -9   -8   -7   -6   -5   -4   -3   -2   -1   0   1   2   3   4   5   6   7   8   9   10   11   12   13   14   15   16   17   18   
-0.540131   -0.430648   -0.324982   -0.223095   -0.115983   -0.00790197   0.101302   0.209947   0.3179   0.425234   0.531777   0.63321   0.725284   0.819332   0.902091   0.982016   1.10689   1.18514   1.26044   1.33451   1.40522   1.4726   1.52745   1.55054   1.58925   1.61683   1.63983   1.64629   1.63852   
0.012373   0.0108804   0.00966035   0.00846257   0.00797684   0.0076436   0.00738326   0.00714994   0.00690605   0.00668725   0.00659094   0.00673593   0.00733897   0.00791291   0.00887873   0.00951959   0.00998213   0.0109274   0.0121428   0.0135304   0.0151944   0.0171651   0.0200502   0.02536   0.0300892   0.0362193   0.0434   0.0530604   0.0654916   
-0.137551   -0.137536   -0.136275   -0.134191   -0.132597   -0.131077   -0.129763   -0.128302   -0.126719   -0.125035   -0.12316   -0.120194   -0.115492   -0.111346   -0.105222   -0.0985642   -0.101934   -0.0951588   -0.0883452   -0.0818338   -0.0753793   -0.0691079   -0.0620745   -0.0528768   -0.0468389   -0.0415284   -0.0376331   -0.0351122   -0.0348431   

1160000
-10   -9   -8   -7   -6   -5   -4   -3   -2   -1   0   1   2   3   4   5   6   7   8   9   10   11   12   13   14   15   16   17   18   
-0.540339   -0.430601   -0.32502   -0.223118   -0.116017   -0.00794356   0.101284   0.209905   0.317867   0.425225   0.531748   0.6331   0.725308   0.819402   0.902085   0.98214   1.10705   1.18536   1.26068   1.33478   1.40547   1.47293   1.5276   1.55094   1.58978   1.61757   1.64037   1.64727   1.63976   
0.0123592   0.0108718   0.0096505   0.00845407   0.00796751   0.00763421   0.00737464   0.00714455   0.00690005   0.00668113   0.00658467   0.00673345   0.00733427   0.00790675   0.00887697   0.00951845   0.00997571   0.0109173   0.0121314   0.0135174   0.0151823   0.0171481   0.0200434   0.0253352   0.0300512   0.0361588   0.043352   0.0529581   0.0653416   
-0.137508   -0.137542   -0.136266   -0.134183   -0.132588   -0.131067   -0.129757   -0.12829   -0.126709   -0.12503   -0.123152   -0.12017   -0.115497   -0.11136   -0.105223   -0.0985906   -0.101969   -0.0952029   -0.0883901   -0.0818809   -0.0754214   -0.0691591   -0.0621005   -0.0529219   -0.0468872   -0.0415782   -0.0376637   -0.0351344   -0.0348359   

1165000
-10   -9   -8   -7   -6   -5   -4   -3   -2   -1   0   1   2   3   4   5   6   7   8   9   10   11   12   13   14   15   16   17   18   
-0.540479   -0.430543   -0.325052   -0.223137   -0.116051   -0.00798499   0.101266   0.209864   0.317833   0.425215   0.531716   0.632984   0.725328   0.819467   0.902073   0.982249   1.10721   1.18559   1.26092   1.33504   1.40571   1.47326   1.52783   1.55133   1.5903   1.61829   1.64091   1.64823   1.64098   
0.0123452   0.0108636   0.00964082   0.0084459   0.00795831   0.00762495   0.00736619   0.00713934   0.00689422   0.00667513   0.00657857   0.00673126   0.00732974   0.00790084   0.00887559   0.00951659   0.00996921   0.0109074   0.0121202   0.0135047   0.0151706   0.0171315   0.0200318   0.0253107   0.0300142   0.0360998   0.043305   0.0528564   0.0651972   
-0.13748   -0.137551   -0.136258   -0.134176   -0.132579   -0.131057   -0.129751   -0.128278   -0.126699   -0.125025   -0.123143   -0.120145   -0.115501   -0.111373   -0.105223   -0.0986137   -0.102003   -0.0952464   -0.0884342   -0.0819274   -0.0754629   -0.0692094   -0.0621359   -0.0529661   -0.0469349   -0.0416282   -0.0376935   -0.035156   -0.0348308   

1170000
-10   -9   -8   -7   -6   -5   -4   -3   -2   -1   0   1   2   3   4   5   6   7   8   9   10   11   12   13   14   15   16   17   18   
-0.540568   -0.430475   -0.325079   -0.223155   -0.116085   -0.00802624   0.101248   0.209823   0.317799   0.425204   0.531683   0.63295   0.725347   0.819527   0.902057   0.982347   1.10738   1.18581   1.26116   1.3353   1.40595   1.47358   1.52802   1.55171   1.5908   1.61901   1.64142   1.64917   1.64217   
0.0123314   0.0108558   0.0096313   0.00843794   0.00794927   0.00761585   0.00735792   0.00713431   0.00688855   0.00666931   0.00657263   0.00672681   0.00732538   0.00789517   0.00887443   0.00951438   0.00996271   0.0108976   0.0121093   0.0134923   0.0151591   0.0171153   0.0200224   0.0252869   0.0299776   0.0360408   0.0432604   0.0527566   0.0650539   
-0.137462   -0.137562   -0.136251   -0.13417   -0.13257   -0.131047   -0.129745   -0.128267   -0.126689   -0.12502   -0.123135   -0.120136   -0.115505   -0.111386   -0.105222   -0.0986349   -0.102039   -0.0952894   -0.0884776   -0.0819732   -0.0755035   -0.0692589   -0.0621661   -0.0530099   -0.0469813   -0.0416769   -0.0377231   -0.0351776   -0.0348262   

1175000
-10   -9   -8   -7   -6   -5   -4   -2   -1   0   1   2   3   4   5   6   7   8   9   10   11   12   13   14   15   16   17   18   
-0.540619   -0.430396   -0.325101   -0.223178   -0.116117   -0.00806755   0.101231   0.317765   0.425194   0.531649   0.632946   0.725362   0.819584   0.90204   0.982447   1.10757   1.18602   1.26139   1.33556   1.40618   1.47389   1.52817   1.55209   1.59129   1.61972   1.64192   1.6501   1.64333   
0.0123176   0.0108483   0.00962193   0.00842932   0.00794037   0.00760689   0.00734985   0.00688305   0.0066637   0.00656686   0.00672153   0.0073212   0.00788974   0.00887343   0.0095123   0.00995521   0.010888   0.0120985   0.01348   0.0151478   0.0170997   0.0200156   0.025264   0.0299419   0.0359832   0.043217   0.05266   0.0649151   
-0.137452   -0.137574   -0.136245   -0.134163   -0.132561   -0.131037   -0.129739   -0.126679   -0.125015   -0.123125   -0.120134   -0.115508   -0.111398   -0.105221   -0.0986563   -0.102079   -0.0953318   -0.0885203   -0.0820184   -0.0755436   -0.0693072   -0.0621922   -0.0530538   -0.0470272   -0.0417257   -0.0377519   -0.0351999   -0.0348229   

1180000
-10   -9   -8   -7   -6   -5   -2   -1   0   1   2   3   4   5   6   7   8   9   10   11   12   13   14   15   16   17   18   
-0.54064   -0.430307   -0.325119   -0.223216   -0.116149   -0.00810833   0.317729   0.425182   0.531613   0.632936   0.725375   0.819636   0.902023   0.982547   1.10785   1.18624   1.26161   1.33581   1.40642   1.47419   1.52829   1.55245   1.59178   1.62042   1.64238   1.651   1.64447   
0.012304   0.0108412   0.00961267   0.00841893   0.00793163   0.00759808   0.00687772   0.0066582   0.00656124   0.00671651   0.00731718   0.00788455   0.0088725   0.00951031   0.00994474   0.0108786   0.012088   0.0134681   0.0151369   0.0170847   0.0200109   0.0252409   0.0299073   0.0359261   0.0431743   0.0525633   0.0647805   
-0.137449   -0.137589   -0.13624   -0.134154   -0.132553   -0.131027   -0.126669   -0.125009   -0.123116   -0.120131   -0.115511   -0.111409   -0.10522   -0.0986778   -0.102134   -0.0953737   -0.0885622   -0.0820629   -0.0755833   -0.0693544   -0.0622143   -0.053096   -0.0470721   -0.0417739   -0.0377789   -0.0352209   -0.0348213   

1185000
-10   -9   -8   -7   -6   -5   -4   -2   -1   0   1   2   3   4   5   6   7   8   9   10   11   12   13   14   15   16   17   18   
-0.540634   -0.430208   -0.325135   -0.223252   -0.11618   -0.00814922   0.101195   0.317693   0.425169   0.531576   0.632919   0.725384   0.819683   0.902012   0.98265   1.10812   1.18644   1.26183   1.33606   1.40664   1.47449   1.52837   1.55282   1.59225   1.62111   1.64284   1.65188   1.64558   
0.0122908   0.0108345   0.00960357   0.00840878   0.0079231   0.0075894   0.00733428   0.00687255   0.00665281   0.00655579   0.00671176   0.00731336   0.00787961   0.00887144   0.00950836   0.00993441   0.0108694   0.0120778   0.0134563   0.015126   0.01707   0.0200084   0.0252183   0.0298742   0.0358692   0.0431355   0.0524727   0.0646501   
-0.13745   -0.137605   -0.136235   -0.134146   -0.132545   -0.131017   -0.129727   -0.126658   -0.125004   -0.123106   -0.120126   -0.115513   -0.111419   -0.10522   -0.0986998   -0.102188   -0.0954143   -0.0886034   -0.0821068   -0.075622   -0.0694005   -0.0622325   -0.0531378   -0.0471174   -0.0418213   -0.0378064   -0.0352438   -0.0348208   

1190000
-10   -9   -8   -7   -6   -5   -4   -2   -1   0   1   2   3   4   6   7   8   9   10   11   12   13   14   15   16   17   18   
-0.540607   -0.430099   -0.325147   -0.223286   -0.11621   -0.00819005   0.101176   0.317655   0.425155   0.531537   0.632896   0.72539   0.819726   0.902089   1.10839   1.18664   1.26205   1.33631   1.40687   1.47478   1.52841   1.55317   1.59272   1.6218   1.64327   1.65274   1.64668   
0.0122781   0.0108283   0.00959461   0.00839887   0.0079147   0.00758087   0.00732678   0.00686754   0.00664751   0.0065505   0.00670731   0.00730975   0.00787491   0.0088665   0.00992424   0.0108605   0.0120678   0.0134449   0.0151154   0.0170556   0.0200087   0.0251961   0.0298411   0.0358144   0.0430991   0.0523852   0.0645208   
-0.137456   -0.137623   -0.136231   -0.134138   -0.132536   -0.131007   -0.129721   -0.126648   -0.124998   -0.123096   -0.12012   -0.115514   -0.111428   -0.105236   -0.102242   -0.0954542   -0.0886437   -0.0821498   -0.0756605   -0.0694456   -0.0622454   -0.0531789   -0.0471612   -0.0418696   -0.0378334   -0.0352667   -0.0348204   

1195000
-10   -9   -8   -7   -6   -5   -4   -3   -2   -1   0   2   3   4   5   6   7   8   9   10   11   12   13   14   15   16   17   18   
-0.540562   -0.429979   -0.325158   -0.223318   -0.11624   -0.0082307   0.10114   0.209643   0.317618   0.42514   0.531497   0.725393   0.819764   0.902165   0.982867   1.10865   1.18684   1.26226   1.33654   1.40709   1.47506   1.52847   1.55352   1.59318   1.62247   1.64369   1.65355   1.64777   
0.0122658   0.0108225   0.0095858   0.00838918   0.00790645   0.0075725   0.00731708   0.00710375   0.0068627   0.0066423   0.00654537   0.00730632   0.00787046   0.00886171   0.00950445   0.00991422   0.0108517   0.0120581   0.0134338   0.015105   0.0170418   0.0200078   0.0251743   0.0298092   0.0357584   0.0430649   0.0522988   0.0643905   
-0.137465   -0.137643   -0.136228   -0.134131   -0.132528   -0.130997   -0.129712   -0.128218   -0.126637   -0.124992   -0.123086   -0.115515   -0.111437   -0.105252   -0.0987458   -0.102295   -0.0954934   -0.0886828   -0.0821915   -0.0756986   -0.0694901   -0.0622605   -0.0532196   -0.0472051   -0.0419158   -0.0378596   -0.0352882   -0.0348194   

1200000
-10   -9   -8   -7   -6   -5   -4   -3   -2   0   1   2   3   4   5   6   7   8   9   10   11   12   13   14   15   16   17   18   
-0.5405   -0.429853   -0.325165   -0.223348   -0.11627   -0.00827108   0.101104   0.209623   0.31758   0.531456   0.632829   0.725393   0.819798   0.902238   0.983097   1.10891   1.18704   1.26246   1.33677   1.40731   1.47533   1.52866   1.55387   1.59363   1.62313   1.64407   1.65433   1.64886   
0.0122539   0.0108171   0.00957714   0.00837972   0.00789833   0.00756428   0.00730756   0.00709391   0.00685802   0.00654039   0.00669922   0.00730307   0.00786627   0.00885708   0.009498   0.00990435   0.0108431   0.0120487   0.013423   0.0150947   0.0170283   0.0199986   0.0251529   0.0297776   0.0357031   0.0430321   0.0522194   0.0642622   
-0.137477   -0.137665   -0.136224   -0.134123   -0.13252   -0.130987   -0.129704   -0.128213   -0.126626   -0.123075   -0.120104   -0.115515   -0.111444   -0.105267   -0.098791   -0.102348   -0.0955322   -0.0887212   -0.0822326   -0.0757365   -0.0695338   -0.0622906   -0.0532598   -0.0472482   -0.0419615   -0.0378844   -0.0353109   -0.0348189   

1205000
-10   -8   -7   -6   -5   -4   -3   -2   -1   0   1   2   3   4   5   6   7   8   9   10   11   12   13   14   15   16   17   18   
-0.540424   -0.325171   -0.223377   -0.116299   -0.00831139   0.101068   0.209604   0.317541   0.4251   0.531415   0.63278   0.725389   0.819826   0.90231   0.983321   1.10917   1.18723   1.26266   1.337   1.40752   1.4756   1.52879   1.55421   1.59407   1.6238   1.64443   1.65507   1.64995   
0.0122425   0.00956862   0.00837047   0.00789036   0.00755622   0.00729819   0.00708425   0.00685351   0.00663115   0.00653555   0.00669502   0.00729999   0.00786238   0.00885259   0.00949194   0.00989462   0.0108347   0.0120395   0.0134125   0.0150849   0.0170152   0.0199928   0.0251319   0.0297452   0.0356497   0.0430011   0.052145   0.0641336   
-0.137492   -0.136221   -0.134116   -0.132512   -0.130977   -0.129696   -0.128208   -0.126615   -0.124979   -0.123065   -0.120093   -0.115515   -0.111451   -0.105282   -0.0988352   -0.1024   -0.0955704   -0.0887589   -0.0822731   -0.075773   -0.0695764   -0.0623144   -0.0532996   -0.0472894   -0.0420085   -0.0379079   -0.0353337   -0.0348181   

1210000
-10   -8   -7   -6   -5   -4   -3   -2   -1   0   1   2   3   4   5   6   7   8   9   11   12   13   14   15   16   17   18   
-0.540336   -0.325174   -0.223404   -0.116327   -0.00835172   0.101032   0.209586   0.317502   0.425073   0.531376   0.63272   0.725382   0.819848   0.90238   0.983541   1.10942   1.18742   1.26286   1.33722   1.47586   1.52888   1.55454   1.5945   1.62446   1.64476   1.65577   1.65102   
0.0122316   0.00956025   0.00836144   0.00788255   0.00754829   0.00728899   0.00707476   0.00684915   0.00662501   0.00653071   0.00669054   0.00729711   0.00785885   0.00884826   0.0094861   0.00988504   0.0108264   0.0120305   0.0134022   0.0170025   0.0199902   0.0251112   0.0297147   0.0355958   0.0429738   0.0520739   0.0640058   
-0.137509   -0.136219   -0.134109   -0.132504   -0.130967   -0.129688   -0.128203   -0.126605   -0.124972   -0.123055   -0.12008   -0.115513   -0.111456   -0.105297   -0.0988789   -0.102451   -0.0956079   -0.0887959   -0.0823128   -0.0696183   -0.0623325   -0.0533389   -0.0473315   -0.0420541   -0.0379314   -0.0353562   -0.0348173   

1215000
-10   -9   -8   -7   -6   -5   -4   -3   -2   -1   0   1   2   3   4   5   6   7   8   9   10   11   12   13   14   15   16   17   18   
-0.540235   -0.429525   -0.325176   -0.223429   -0.116356   -0.00839204   0.100996   0.209568   0.317463   0.425045   0.531412   0.632653   0.725364   0.819864   0.902446   0.983759   1.10967   1.18761   1.26305   1.33744   1.40796   1.47612   1.52891   1.55488   1.59493   1.62511   1.64507   1.65646   1.6521   
0.0122212   0.0107932   0.00955204   0.00835263   0.00787488   0.0075405   0.00727996   0.00706544   0.00684495   0.00661901   0.00652304   0.00668637   0.00729368   0.0078556   0.00884415   0.00948048   0.00987559   0.0108183   0.0120216   0.0133921   0.015064   0.0169901   0.0199906   0.0250906   0.0296845   0.0355433   0.0429479   0.0520039   0.0638785   
-0.137528   -0.137726   -0.136217   -0.134103   -0.132496   -0.130957   -0.129679   -0.128198   -0.126594   -0.124964   -0.123061   -0.120066   -0.115511   -0.11146   -0.105311   -0.0989219   -0.102502   -0.0956449   -0.0888321   -0.0823518   -0.0758495   -0.0696594   -0.062345   -0.0533778   -0.0473729   -0.0421   -0.0379533   -0.0353779   -0.0348165   

1220000
-10   -9   -8   -7   -6   -5   -4   -3   -2   -1   0   1   2   3   4   5   6   7   8   9   10   11   12   13   14   15   16   17   18   
-0.540123   -0.42949   -0.325175   -0.223452   -0.116383   -0.00843241   0.100961   0.20955   0.317425   0.425017   0.531446   0.63258   0.72534   0.819874   0.90251   0.983973   1.10992   1.18779   1.26323   1.33765   1.40829   1.47637   1.5289   1.5552   1.59535   1.62575   1.64536   1.65712   1.65317   
0.0122114   0.0107758   0.00954397   0.00834403   0.00786734   0.00753286   0.00727108   0.00705629   0.0068409   0.00661313   0.00651551   0.00668252   0.00729008   0.00785265   0.0088402   0.00947507   0.00986631   0.0108104   0.0120131   0.0133822   0.0150483   0.0169781   0.0199941   0.0250704   0.029655   0.0354905   0.0429263   0.051937   0.0637539   
-0.137549   -0.137739   -0.136215   -0.134096   -0.132488   -0.130946   -0.129671   -0.128193   -0.126583   -0.124957   -0.123066   -0.12005   -0.115507   -0.111463   -0.105325   -0.0989644   -0.102552   -0.0956814   -0.0888677   -0.0823902   -0.0759021   -0.0696996   -0.0623519   -0.0534163   -0.0474132   -0.0421447   -0.0379753   -0.0353998   -0.0348166   

1225000
-10   -9   -8   -7   -6   -5   -4   -3   -2   -1   0   1   2   3   4   5   6   7   8   9   10   11   12   13   14   15   16   17   18   
-0.540001   -0.42945   -0.325173   -0.223475   -0.116411   -0.0084728   0.100925   0.209533   0.317387   0.424987   0.531479   0.632499   0.725314   0.819879   0.902573   0.984174   1.11017   1.18797   1.26342   1.33786   1.40861   1.47661   1.52888   1.55553   1.59575   1.62639   1.64561   1.65777   1.65424   
0.0122022   0.0107586   0.00953603   0.00833558   0.00785994   0.00752535   0.00726237   0.00704732   0.006837   0.00660739   0.00650813   0.00667899   0.00728667   0.00785   0.0088364   0.00946918   0.00985712   0.0108026   0.0120047   0.0133726   0.0150329   0.0169665   0.0199975   0.0250507   0.0296263   0.0354393   0.0429053   0.0518727   0.0636278   
-0.137572   -0.137754   -0.136214   -0.13409   -0.13248   -0.130936   -0.129662   -0.128189   -0.126573   -0.124949   -0.123071   -0.120033   -0.115502   -0.111465   -0.105338   -0.099004   -0.102602   -0.0957173   -0.0889026   -0.082428   -0.0759541   -0.0697392   -0.0623587   -0.0534546   -0.0474525   -0.04219   -0.0379951   -0.0354217   -0.0348157   

1230000
-10   -9   -8   -7   -6   -5   -4   -3   -1   0   1   2   3   4   5   6   7   8   9   10   11   12   13   14   15   16   17   18   
-0.539869   -0.429406   -0.325169   -0.223496   -0.116438   -0.00851326   0.100889   0.209515   0.424957   0.531511   0.632411   0.725284   0.819877   0.902633   0.984362   1.11041   1.18814   1.2636   1.33806   1.40892   1.47685   1.52892   1.55585   1.59616   1.62702   1.64584   1.6584   1.65528   
0.0121936   0.0107418   0.00952824   0.00832734   0.00785267   0.00751798   0.00725378   0.00703852   0.00660178   0.0065009   0.00667577   0.00728345   0.00784766   0.00883276   0.00946299   0.00984807   0.0107949   0.0119965   0.0133633   0.0150177   0.0169552   0.019998   0.0250308   0.0295988   0.0353877   0.0428879   0.0518096   0.0635012   
-0.137596   -0.137769   -0.136213   -0.134084   -0.132472   -0.130926   -0.129654   -0.128184   -0.124941   -0.123076   -0.120015   -0.115497   -0.111466   -0.105351   -0.0990415   -0.102651   -0.0957528   -0.0889369   -0.0824652   -0.0760054   -0.069778   -0.0623707   -0.0534921   -0.0474923   -0.0422343   -0.0380146   -0.0354431   -0.0348142   

1235000
-10   -9   -8   -7   -6   -5   -4   -3   -2   -1   0   1   2   3   4   5   6   7   8   9   10   11   12   13   14   15   16   17   18   
-0.539728   -0.429359   -0.325163   -0.223515   -0.116466   -0.0085538   0.100853   0.209497   0.317354   0.424926   0.531541   0.632315   0.725251   0.819869   0.902691   0.984548   1.11065   1.18832   1.26377   1.33826   1.40923   1.47709   1.5289   1.55617   1.59655   1.62765   1.64604   1.659   1.65632   
0.0121856   0.0107252   0.00952059   0.00831929   0.00784553   0.00751074   0.00724531   0.00702988   0.00682646   0.00659629   0.0064938   0.00667289   0.00728042   0.00784563   0.00882931   0.00945698   0.00983916   0.0107874   0.0119885   0.0133541   0.0150028   0.0169441   0.0200014   0.0250114   0.0295714   0.0353387   0.0428739   0.0517489   0.0633807   
-0.137622   -0.137784   -0.136212   -0.134078   -0.132464   -0.130916   -0.129645   -0.128179   -0.126561   -0.124933   -0.12308   -0.119995   -0.115492   -0.111465   -0.105363   -0.0990785   -0.1027   -0.0957876   -0.0889705   -0.0825015   -0.076056   -0.0698161   -0.0623774   -0.0535294   -0.047531   -0.04228   -0.0380333   -0.0354642   -0.034815   

1240000
-10   -9   -8   -7   -6   -5   -4   -3   -2   -1   0   1   2   3   4   5   6   7   8   9   10   11   12   13   14   15   16   17   18   
-0.539577   -0.429309   -0.325154   -0.223533   -0.116492   -0.00859443   0.100817   0.209479   0.317366   0.424895   0.531569   0.632212   0.725216   0.819856   0.902747   0.984732   1.11089   1.18849   1.26394   1.33846   1.40954   1.47732   1.52884   1.55648   1.59694   1.62826   1.64622   1.65959   1.65734   
0.0121783   0.0107088   0.00951326   0.00831146   0.00783852   0.00750365   0.00723698   0.0070214   0.00681916   0.00659093   0.00648684   0.00667033   0.00727755   0.00784386   0.00882603   0.00945117   0.00983037   0.01078   0.0119807   0.0133451   0.0149882   0.0169333   0.0200077   0.0249922   0.0295446   0.035288   0.0428622   0.0516917   0.0632585   
-0.137649   -0.1378   -0.136212   -0.134072   -0.132456   -0.130906   -0.129637   -0.128174   -0.126561   -0.124924   -0.123085   -0.119973   -0.115486   -0.111464   -0.105375   -0.0991151   -0.102748   -0.095822   -0.0890036   -0.0825375   -0.0761061   -0.0698539   -0.0623788   -0.0535664   -0.0475694   -0.0423227   -0.0380513   -0.0354857   -0.0348144   

1245000
-10   -9   -8   -7   -6   -5   -4   -3   -1   0   1   2   3   4   5   6   7   8   9   10   11   12   13   14   15   16   17   18   
-0.539418   -0.429254   -0.325143   -0.22355   -0.116519   -0.0086353   0.100781   0.20946   0.424862   0.531596   0.632102   0.725179   0.819838   0.902801   0.984913   1.11112   1.18866   1.26411   1.33865   1.40984   1.47755   1.52874   1.55679   1.59732   1.62887   1.64637   1.66015   1.65833   
0.0121717   0.0106927   0.00950608   0.00830383   0.00783164   0.00749668   0.00722878   0.0070131   0.00658569   0.00648002   0.00666811   0.00727484   0.00784234   0.00882291   0.00944554   0.00982172   0.0107728   0.011973   0.0133363   0.0149738   0.0169227   0.0200166   0.0249733   0.0295175   0.0352384   0.0428531   0.0516357   0.0631375   
-0.137677   -0.137817   -0.136212   -0.134067   -0.132449   -0.130896   -0.129628   -0.128169   -0.124916   -0.123088   -0.11995   -0.115479   -0.111462   -0.105387   -0.0991513   -0.102796   -0.095856   -0.0890361   -0.0825728   -0.0761556   -0.0698912   -0.0623753   -0.0536029   -0.0476065   -0.0423661   -0.038068   -0.035506   -0.0348136   

1250000
-10   -9   -8   -7   -6   -5   -4   -3   -2   -1   0   1   2   3   4   5   6   7   8   9   10   11   12   13   14   15   16   17   18   
-0.539249   -0.429197   -0.32513   -0.223565   -0.116546   -0.00867639   0.100744   0.20944   0.31738   0.42483   0.531621   0.631984   0.725139   0.819817   0.902852   0.985092   1.11135   1.18882   1.26428   1.33884   1.41014   1.47777   1.52863   1.55709   1.5977   1.62948   1.64649   1.66069   1.65931   
0.0121658   0.0106768   0.00949905   0.00829638   0.0078249   0.00748985   0.00722071   0.00700497   0.0068036   0.00658056   0.00647335   0.00666619   0.00727227   0.00784101   0.00881996   0.00944009   0.00981319   0.0107657   0.0119655   0.0133277   0.0149596   0.0169124   0.0200262   0.0249547   0.0294925   0.0351898   0.0428465   0.0515809   0.0630231   
-0.137707   -0.137834   -0.136212   -0.134062   -0.132441   -0.130885   -0.129619   -0.128163   -0.12656   -0.124908   -0.123092   -0.119926   -0.115472   -0.111459   -0.105398   -0.099187   -0.102843   -0.0958896   -0.0890683   -0.0826077   -0.0762046   -0.0699276   -0.0623705   -0.0536391   -0.047645   -0.0424097   -0.0380838   -0.0355259   -0.0348148   

1255000
-10   -9   -8   -7   -6   -5   -4   -3   -2   -1   0   1   2   4   5   6   7   8   9   10   11   12   13   14   15   16   17   18   
-0.539072   -0.429137   -0.325116   -0.223579   -0.116573   -0.0087174   0.100707   0.20942   0.317383   0.424796   0.531645   0.63186   0.725099   0.902901   0.985269   1.11158   1.18899   1.26444   1.33903   1.41043   1.47798   1.52863   1.5574   1.59807   1.63008   1.64659   1.66121   1.66023   
0.0121606   0.0106612   0.00949216   0.00828914   0.00781827   0.00748319   0.00721277   0.00699704   0.00679549   0.00657556   0.00646685   0.00666458   0.00726981   0.00881719   0.00943483   0.00980478   0.0107587   0.0119583   0.0133193   0.0149457   0.0169026   0.0200285   0.0249365   0.0294663   0.0351415   0.0428425   0.0515303   0.0629151   
-0.137738   -0.137852   -0.136213   -0.134057   -0.132433   -0.130875   -0.129611   -0.128158   -0.126559   -0.124899   -0.123095   -0.1199   -0.115465   -0.105409   -0.0992223   -0.10289   -0.0959228   -0.0890993   -0.0826422   -0.076253   -0.0699627   -0.062379   -0.0536751   -0.0476814   -0.0424528   -0.0380987   -0.035546   -0.034817   

1260000
-10   -9   -8   -7   -6   -5   -4   -3   -2   -1   0   1   2   4   5   6   7   8   9   10   11   12   13   14   15   16   17   18   
-0.538887   -0.429074   -0.325101   -0.223592   -0.1166   -0.00875849   0.10067   0.209398   0.317386   0.424763   0.531667   0.631731   0.725059   0.902947   0.985442   1.11181   1.18915   1.26459   1.33921   1.41072   1.47819   1.52855   1.5577   1.59844   1.63068   1.64734   1.66171   1.66113   
0.0121561   0.0106458   0.00948541   0.00828208   0.00781178   0.00747668   0.00720495   0.00698925   0.00678753   0.00657072   0.00646048   0.00666322   0.00726743   0.00881459   0.00942982   0.0097965   0.0107518   0.0119513   0.0133112   0.0149319   0.0168929   0.0200361   0.0249184   0.029441   0.0350944   0.0427731   0.0514823   0.0628127   
-0.13777   -0.13787   -0.136214   -0.134052   -0.132426   -0.130865   -0.129602   -0.128152   -0.126558   -0.12489   -0.123098   -0.119873   -0.115458   -0.105419   -0.099257   -0.102936   -0.0959557   -0.0891298   -0.0826756   -0.0763008   -0.0699978   -0.0623775   -0.0537105   -0.0477178   -0.0424965   -0.0381352   -0.0355658   -0.0348205   

1265000
-10   -9   -8   -7   -6   -5   -4   -3   -2   0   1   2   3   4   5   6   9   10   11   12   13   14   15   16   17   18   
-0.538693   -0.429008   -0.325084   -0.223603   -0.116627   -0.00879983   0.100633   0.209376   0.317388   0.531688   0.631706   0.725018   0.819848   0.90299   0.985612   1.11203   1.33939   1.41101   1.47841   1.52841   1.55799   1.5988   1.63127   1.64834   1.66218   1.662   
0.0121523   0.0106306   0.0094788   0.00827522   0.00780541   0.00747031   0.00719728   0.00698159   0.00677971   0.00645424   0.00665883   0.00726509   0.00783284   0.00881218   0.00942503   0.00978834   0.0133033   0.0149184   0.0168831   0.0200475   0.0249002   0.0294162   0.0350471   0.04268   0.0514386   0.0627112   
-0.137803   -0.137889   -0.136215   -0.134047   -0.132418   -0.130854   -0.129593   -0.128146   -0.126557   -0.1231   -0.119868   -0.115451   -0.111468   -0.105429   -0.099291   -0.102982   -0.0827083   -0.0763481   -0.0700329   -0.0623692   -0.0537451   -0.0477538   -0.0425394   -0.0381798   -0.0355861   -0.0348238   

1270000
-10   -9   -8   -7   -6   -5   -4   -3   -2   0   1   2   3   4   5   6   7   8   9   10   11   12   13   14   15   16   17   18   
-0.53849   -0.42894   -0.325066   -0.223613   -0.116654   -0.00884135   0.100595   0.209354   0.31739   0.531707   0.631676   0.725027   0.819909   0.90303   0.98578   1.11225   1.18946   1.26494   1.33957   1.41129   1.47868   1.52825   1.55828   1.59915   1.63185   1.64931   1.66262   1.66285   
0.0121493   0.0106157   0.00947235   0.00826866   0.00779916   0.00746406   0.00718974   0.00697404   0.00677204   0.00644812   0.00665467   0.00726092   0.00782704   0.00880992   0.00942043   0.0097803   0.0107388   0.0119358   0.0132955   0.0149051   0.0168703   0.0200602   0.0248824   0.0293919   0.0349998   0.0425914   0.0513942   0.0626149   
-0.137837   -0.137908   -0.136216   -0.134042   -0.13241   -0.130844   -0.129584   -0.12814   -0.126556   -0.123102   -0.119861   -0.115453   -0.111481   -0.105438   -0.0993246   -0.103027   -0.0960186   -0.0891964   -0.0827408   -0.076395   -0.0700755   -0.0623584   -0.0537796   -0.0477896   -0.0425814   -0.0382245   -0.0356044   -0.0348286   

1275000
-10   -9   -8   -7   -6   -5   -4   -3   -2   -1   0   1   2   3   5   6   7   8   9   10   11   13   14   15   16   17   18   
-0.538279   -0.42887   -0.325046   -0.223622   -0.116681   -0.00888306   0.100558   0.209332   0.317392   0.424704   0.531725   0.63164   0.725081   0.819967   0.985946   1.11247   1.18961   1.26518   1.33974   1.41157   1.47902   1.55857   1.5995   1.63243   1.65024   1.66304   1.66366   
0.0121471   0.0106009   0.00946604   0.0082623   0.00779303   0.00745794   0.00718234   0.00696664   0.00676452   0.00655483   0.00644212   0.00665077   0.00725502   0.00782147   0.00941603   0.00977248   0.0107325   0.0119249   0.0132877   0.014892   0.0168533   0.0248651   0.0293678   0.0349529   0.0425062   0.0513548   0.0625196   
-0.137873   -0.137927   -0.136218   -0.134038   -0.132402   -0.130833   -0.129575   -0.128134   -0.126555   -0.124873   -0.123104   -0.119853   -0.115465   -0.111493   -0.0993579   -0.103071   -0.0960492   -0.0892411   -0.0827732   -0.0764413   -0.0701275   -0.0538141   -0.0478247   -0.0426232   -0.0382685   -0.0356233   -0.0348331   

1280000
-10   -9   -8   -7   -6   -5   -4   -3   -2   -1   0   1   2   3   4   5   6   7   8   9   10   11   12   13   14   15   16   17   18   
-0.53806   -0.428797   -0.325025   -0.223629   -0.116708   -0.00892485   0.10052   0.209309   0.317393   0.424731   0.531741   0.631598   0.725133   0.82002   0.903088   0.986109   1.11268   1.18976   1.26542   1.33996   1.41184   1.47935   1.52799   1.55885   1.59985   1.633   1.65114   1.66342   1.66445   
0.0121455   0.0105863   0.00945987   0.00825613   0.00778702   0.00745194   0.00717509   0.00695937   0.00675714   0.00654736   0.00643624   0.00664712   0.00724927   0.00781613   0.00880549   0.0094118   0.00976481   0.0107263   0.0119142   0.0132779   0.0148792   0.0168369   0.0200812   0.024848   0.0293448   0.0349073   0.0424224   0.0513186   0.0624255   
-0.137909   -0.137947   -0.13622   -0.134034   -0.132395   -0.130823   -0.129566   -0.128128   -0.126554   -0.124877   -0.123106   -0.119845   -0.115475   -0.111505   -0.105452   -0.0993907   -0.103115   -0.0960797   -0.0892851   -0.0828124   -0.076487   -0.0701781   -0.0623445   -0.0538483   -0.0478602   -0.0426655   -0.0383111   -0.0356419   -0.0348374   

1285000
-9   -8   -7   -6   -5   -4   -3   -2   -1   0   1   2   3   4   5   6   7   8   9   10   11   12   13   14   15   16   17   18   
-0.428723   -0.325004   -0.223636   -0.116736   -0.00896662   0.100482   0.209286   0.317393   0.424758   0.531755   0.631552   0.725182   0.820069   0.903104   0.986269   1.11289   1.1899   1.26566   1.34023   1.41211   1.47967   1.52772   1.55913   1.60019   1.63357   1.65203   1.66378   1.66522   
0.010572   0.00945379   0.00825015   0.00778113   0.00744606   0.00716796   0.00695222   0.00674991   0.00654001   0.00643047   0.00664371   0.00724366   0.00781102   0.00880298   0.00940775   0.00975726   0.0107201   0.0119037   0.0132654   0.0148667   0.0168211   0.0201007   0.0248311   0.0293213   0.0348621   0.0423408   0.0512859   0.0623373   
-0.137967   -0.136222   -0.134029   -0.132387   -0.130813   -0.129556   -0.128121   -0.126552   -0.124881   -0.123107   -0.119835   -0.115486   -0.111515   -0.105457   -0.099423   -0.103158   -0.0961098   -0.0893285   -0.0828599   -0.0765318   -0.0702275   -0.0623207   -0.0538821   -0.0478941   -0.0427073   -0.0383531   -0.0356601   -0.0348435   

1290000
-10   -8   -7   -6   -5   -4   -3   -2   -1   0   1   2   3   4   5   6   7   8   9   10   11   12   13   14   15   16   18   
-0.537809   -0.324981   -0.223642   -0.116771   -0.00900821   0.100443   0.209263   0.317392   0.424783   0.531767   0.6315   0.725229   0.820114   0.903117   0.986428   1.11309   1.19005   1.26589   1.3405   1.41237   1.47998   1.52735   1.55941   1.60052   1.63413   1.6529   1.66596   
0.0121179   0.0094478   0.00824436   0.0077745   0.00744031   0.00716095   0.00694519   0.00674284   0.00653278   0.00642482   0.00664056   0.00723821   0.00780613   0.00880065   0.00940392   0.00974984   0.010714   0.0118934   0.0132532   0.0148545   0.0168058   0.0201261   0.0248145   0.0292984   0.0348165   0.0422625   0.0622543   
-0.13797   -0.136224   -0.134025   -0.132378   -0.130802   -0.129547   -0.128115   -0.126551   -0.124885   -0.123107   -0.119824   -0.115496   -0.111525   -0.105461   -0.0994549   -0.1032   -0.09614   -0.0893714   -0.0829068   -0.0765761   -0.0702757   -0.0622864   -0.0539157   -0.0479278   -0.0427481   -0.0383954   -0.0348508   

1295000
-10   -9   -8   -7   -6   -5   -4   -3   -2   -1   0   1   2   3   4   5   6   7   8   9   10   11   12   13   14   15   16   17   18   
-0.537747   -0.428723   -0.324958   -0.223656   -0.116816   -0.00904483   0.100405   0.209239   0.31739   0.424809   0.531778   0.631442   0.725274   0.820154   0.903127   0.98658   1.1133   1.1902   1.26612   1.34077   1.41263   1.48028   1.52686   1.55969   1.60085   1.63469   1.65375   1.66504   1.6667   
0.012095   0.0105444   0.00944195   0.00823766   0.00776668   0.00743428   0.00715406   0.00693826   0.00673593   0.00652567   0.00641927   0.00663765   0.00723289   0.00780147   0.0087985   0.00939998   0.00974256   0.0107079   0.0118833   0.0132411   0.0148424   0.0167911   0.0201589   0.024798   0.0292765   0.0347725   0.0421851   0.0511599   0.0621749   
-0.137996   -0.137975   -0.136227   -0.134021   -0.132369   -0.130793   -0.129538   -0.128109   -0.126549   -0.124889   -0.123108   -0.119812   -0.115505   -0.111534   -0.105465   -0.0994856   -0.103242   -0.09617   -0.0894136   -0.0829531   -0.0766197   -0.0703227   -0.0622384   -0.0539488   -0.0479615   -0.0427895   -0.0384366   -0.0357013   -0.0348598   

1300000
-10   -9   -8   -7   -5   -4   -3   -2   -1   0   1   2   3   4   5   6   7   8   9   10   11   12   13   14   15   16   17   18   
-0.537678   -0.428802   -0.324934   -0.22368   -0.00905823   0.100366   0.209215   0.317386   0.424833   0.531787   0.63138   0.725316   0.820191   0.903136   0.986717   1.1135   1.19035   1.26634   1.34103   1.41289   1.48058   1.52639   1.55996   1.60118   1.63524   1.65458   1.6661   1.6674   
0.0120724   0.0105311   0.00943622   0.00822999   0.00742646   0.00714729   0.00693145   0.00672919   0.00651867   0.00641383   0.006635   0.00722772   0.00779704   0.00879651   0.0093954   0.0097354   0.0107018   0.0118733   0.0132293   0.0148306   0.0167768   0.0201908   0.0247815   0.0292545   0.0347284   0.0421089   0.0510505   0.0620951   
-0.138024   -0.137963   -0.136229   -0.134015   -0.130789   -0.129528   -0.128102   -0.126546   -0.124893   -0.123108   -0.119799   -0.115514   -0.111543   -0.105468   -0.0995133   -0.103284   -0.0962001   -0.0894553   -0.0829988   -0.076663   -0.0703686   -0.0621918   -0.0539808   -0.0479945   -0.04283   -0.0384771   -0.0357259   -0.0348676   

1305000
-10   -9   -8   -7   -5   -4   -3   -2   -1   0   1   2   3   4   5   6   7   8   9   10   11   12   13   14   15   16   17   18   
-0.537601   -0.428871   -0.32491   -0.223702   -0.00907177   0.100326   0.20919   0.317382   0.424856   0.531793   0.631312   0.725357   0.820223   0.903142   0.986852   1.11369   1.19049   1.26656   1.34128   1.41314   1.48086   1.52593   1.56022   1.6015   1.63578   1.65539   1.66714   1.66809   
0.0120502   0.010518   0.00943061   0.00822251   0.00741876   0.00714064   0.00692475   0.00672255   0.0065118   0.00640849   0.0066326   0.00722268   0.00779285   0.00879466   0.00939101   0.00972837   0.0106958   0.0118635   0.0132177   0.0148189   0.0167631   0.020222   0.024766   0.0292326   0.0346857   0.0420344   0.0509436   0.0620172   
-0.138053   -0.137952   -0.136232   -0.134009   -0.130785   -0.129519   -0.128096   -0.126544   -0.124896   -0.123107   -0.119785   -0.115522   -0.11155   -0.105471   -0.0995407   -0.103325   -0.0962303   -0.0894965   -0.0830439   -0.0767055   -0.0704133   -0.0621465   -0.0540126   -0.0480267   -0.0428707   -0.0385171   -0.0357506   -0.0348753   

1310000
-10   -9   -8   -7   -6   -5   -4   -3   -2   -1   1   2   3   4   5   6   7   8   9   10   11   12   13   14   15   16   17   18   
-0.537519   -0.428932   -0.324884   -0.223724   -0.116939   -0.00908549   0.100286   0.209165   0.317377   0.424878   0.631238   0.725395   0.82025   0.903149   0.986983   1.11389   1.19064   1.26678   1.34154   1.41339   1.48114   1.5255   1.56048   1.60181   1.63631   1.6562   1.66815   1.66876   
0.0120281   0.010505   0.00942513   0.00821525   0.00774253   0.00741121   0.0071341   0.00691816   0.00671603   0.00650506   0.00663046   0.00721778   0.00778891   0.0087929   0.00938674   0.00972148   0.0106896   0.0118539   0.0132063   0.0148074   0.0167499   0.020251   0.0247506   0.0292115   0.034643   0.0419605   0.0508384   0.0619439   
-0.138084   -0.137943   -0.136235   -0.134004   -0.132342   -0.130781   -0.129509   -0.128089   -0.126541   -0.124899   -0.119769   -0.11553   -0.111557   -0.105475   -0.0995674   -0.103365   -0.0962607   -0.0895371   -0.0830884   -0.0767477   -0.0704571   -0.0621051   -0.0540439   -0.048059   -0.0429103   -0.0385566   -0.0357747   -0.0348836   

1315000
-10   -9   -8   -7   -6   -5   -4   -3   -2   -1   0   1   2   3   4   5   6   7   8   9   10   11   12   13   14   15   16   17   18   
-0.537434   -0.428984   -0.324858   -0.223744   -0.116972   -0.00909953   0.100245   0.209139   0.317371   0.424899   0.531801   0.631158   0.725431   0.820271   0.903155   0.987112   1.11408   1.19079   1.267   1.34179   1.41364   1.4814   1.52508   1.56073   1.60212   1.63683   1.65699   1.66915   1.6694   
0.0120064   0.0104921   0.00941977   0.00820819   0.00773341   0.00740378   0.00712768   0.00691167   0.0067096   0.00649844   0.00639816   0.00662859   0.00721301   0.00778527   0.00879115   0.00938267   0.00971471   0.0106835   0.0118444   0.013195   0.0147962   0.0167372   0.0202797   0.0247354   0.0291913   0.0346024   0.0418882   0.0507367   0.0618715   
-0.138114   -0.137936   -0.136238   -0.133999   -0.132336   -0.130777   -0.129499   -0.128082   -0.126538   -0.124902   -0.123105   -0.119753   -0.115538   -0.111562   -0.105477   -0.0995938   -0.103405   -0.0962914   -0.0895773   -0.0831324   -0.0767893   -0.0704992   -0.0620642   -0.054075   -0.0480915   -0.0429504   -0.0385957   -0.0357991   -0.0348921   

1320000
-10   -9   -8   -7   -6   -5   -4   -3   -2   -1   0   1   2   3   5   6   7   8   9   10   11   12   13   14   15   16   17   18   
-0.537346   -0.429029   -0.324832   -0.223764   -0.117003   -0.00911402   0.100204   0.209113   0.317365   0.424919   0.5318   0.631073   0.725464   0.820287   0.987239   1.11426   1.19095   1.26721   1.34203   1.41388   1.48166   1.52466   1.56099   1.60243   1.63734   1.65778   1.67012   1.67002   
0.0119849   0.0104793   0.00941453   0.00820132   0.00772444   0.00739649   0.00712138   0.00690529   0.00670329   0.00649195   0.00639296   0.006627   0.00720837   0.00778189   0.00937874   0.00970808   0.0106773   0.0118351   0.013184   0.0147852   0.0167253   0.0203086   0.0247207   0.0291709   0.034562   0.0418184   0.0506359   0.0618026   
-0.138145   -0.13793   -0.136241   -0.133993   -0.132329   -0.130773   -0.129489   -0.128075   -0.126535   -0.124904   -0.123103   -0.119735   -0.115545   -0.111566   -0.0996197   -0.103444   -0.0963224   -0.0896168   -0.0831758   -0.0768304   -0.0705395   -0.0620231   -0.0541062   -0.0481229   -0.0429891   -0.0386354   -0.0358228   -0.0349003   

1325000
-10   -9   -7   -6   -5   -4   -3   -2   -1   0   1   2   3   5   6   7   8   9   10   11   12   13   14   15   16   17   18   
-0.537255   -0.429066   -0.223784   -0.117034   -0.00912908   0.100163   0.209086   0.317358   0.424937   0.531791   0.630981   0.725496   0.820297   0.987363   1.11445   1.1911   1.26742   1.34227   1.41412   1.4819   1.52422   1.56124   1.60273   1.63785   1.65855   1.67107   1.67063   
0.0119638   0.0104666   0.0081946   0.00771563   0.00738934   0.00711518   0.00689902   0.00669708   0.00648559   0.00638709   0.00662569   0.00720388   0.00777881   0.009375   0.00970159   0.010671   0.0118261   0.0131732   0.0147744   0.0167139   0.0203386   0.024706   0.0291509   0.034523   0.0417488   0.0505374   0.0617377   
-0.138176   -0.137926   -0.133988   -0.132323   -0.130769   -0.129479   -0.128068   -0.126532   -0.124906   -0.1231   -0.119716   -0.115552   -0.11157   -0.0996452   -0.103482   -0.0963538   -0.0896554   -0.0832187   -0.0768711   -0.0705787   -0.0619797   -0.0541368   -0.0481537   -0.0430278   -0.0386745   -0.0358467   -0.0349097   

1330000
-10   -9   -7   -6   -5   -4   -3   -2   -1   0   1   2   3   4   5   6   7   8   9   10   11   12   13   14   15   16   17   18   
-0.537162   -0.429096   -0.223802   -0.117066   -0.00914446   0.100121   0.209059   0.317351   0.424955   0.53178   0.630883   0.725524   0.820302   0.903203   0.987486   1.11463   1.1913   1.26762   1.34251   1.41436   1.48213   1.52378   1.56149   1.60302   1.63834   1.65931   1.67201   1.6712   
0.0119428   0.0104541   0.00818807   0.00770698   0.00738231   0.0071091   0.00689286   0.00669096   0.00647931   0.00638134   0.00662466   0.00719956   0.007776   0.00878499   0.00937145   0.00969522   0.010663   0.0118172   0.0131626   0.0147638   0.016703   0.0203693   0.0246912   0.0291313   0.0344841   0.0416792   0.0504409   0.0616732   
-0.138208   -0.137923   -0.133983   -0.132316   -0.130764   -0.129469   -0.128061   -0.126529   -0.124909   -0.123097   -0.119696   -0.115558   -0.111572   -0.105492   -0.0996704   -0.10352   -0.0963925   -0.0896935   -0.0832607   -0.0769112   -0.0706167   -0.0619354   -0.0541669   -0.0481842   -0.0430658   -0.0387125   -0.0358706   -0.034918   

1335000
-10   -9   -7   -6   -5   -4   -3   -2   -1   0   1   2   3   4   5   6   7   8   9   10   11   13   14   15   16   17   18   
-0.537067   -0.42912   -0.22382   -0.117097   -0.00915994   0.100078   0.209032   0.317343   0.424972   0.531768   0.630779   0.725551   0.820301   0.903292   0.987606   1.11481   1.19152   1.26782   1.34274   1.41459   1.48236   1.56173   1.60331   1.63883   1.66006   1.67293   1.67175   
0.0119222   0.0104416   0.00818171   0.00769848   0.00737538   0.00710313   0.00688684   0.00668495   0.00647313   0.00637572   0.00662391   0.00719537   0.00777349   0.00877977   0.00936802   0.00968899   0.0106538   0.0118085   0.0131523   0.0147533   0.0166926   0.0246766   0.0291114   0.0344463   0.0416124   0.0503471   0.0616129   
-0.138239   -0.137921   -0.133978   -0.13231   -0.13076   -0.129459   -0.128053   -0.126526   -0.124911   -0.123093   -0.119675   -0.115564   -0.111573   -0.10551   -0.099695   -0.103558   -0.0964361   -0.0897312   -0.0833019   -0.0769507   -0.0706536   -0.0541965   -0.0482133   -0.0431039   -0.0387514   -0.0358949   -0.0349271   

1340000
-10   -9   -6   -5   -4   -3   -2   -1   0   1   2   3   4   5   6   7   8   9   10   11   12   13   14   15   16   17   18   
-0.536969   -0.429136   -0.117128   -0.00917559   0.100035   0.209003   0.317335   0.424989   0.531753   0.63067   0.725575   0.820294   0.903377   0.987724   1.11498   1.19174   1.26802   1.34297   1.41481   1.48258   1.52296   1.56198   1.60359   1.63931   1.66081   1.67383   1.67226   
0.0119018   0.0104293   0.00769009   0.00736855   0.00709727   0.00688092   0.00667904   0.00646705   0.00637024   0.00662343   0.00719133   0.00777129   0.00877471   0.00936478   0.00968286   0.0106449   0.0118   0.0131421   0.0147431   0.0166826   0.0204257   0.0246623   0.0290926   0.0344082   0.0415455   0.0502532   0.0615556   
-0.138271   -0.137921   -0.132303   -0.130755   -0.129449   -0.128046   -0.126523   -0.124912   -0.123089   -0.119653   -0.115569   -0.111573   -0.105527   -0.0997192   -0.103594   -0.0964791   -0.0897683   -0.0833427   -0.0769898   -0.0706894   -0.0618549   -0.0542265   -0.0482428   -0.0431411   -0.0387893   -0.035918   -0.0349362   

1345000
-10   -9   -8   -6   -5   -4   -3   -2   -1   0   1   2   3   4   5   6   7   8   9   10   11   12   13   14   15   16   17   18   
-0.53687   -0.429147   -0.32473   -0.117159   -0.00919144   0.0999917   0.208975   0.317326   0.425005   0.531736   0.630556   0.725596   0.82028   0.903461   0.987838   1.11515   1.19196   1.26821   1.3432   1.41504   1.48279   1.52272   1.56222   1.60388   1.63979   1.66154   1.67473   1.67275   
0.0118817   0.0104171   0.00938585   0.00768182   0.00736182   0.00709152   0.00687511   0.00667326   0.00646105   0.00636489   0.00662319   0.00718744   0.00776938   0.00876977   0.00936177   0.00967691   0.010636   0.0117915   0.0131321   0.0147331   0.0166731   0.020443   0.0246481   0.0290749   0.0343709   0.0414784   0.0501636   0.0615044   
-0.138303   -0.137922   -0.136254   -0.132297   -0.130751   -0.129438   -0.128038   -0.126519   -0.124914   -0.123085   -0.119629   -0.115574   -0.111572   -0.105544   -0.0997426   -0.103631   -0.0965214   -0.089805   -0.0833829   -0.0770284   -0.070724   -0.0618344   -0.0542563   -0.0482725   -0.0431784   -0.0388262   -0.0359426   -0.0349463   

1350000
-10   -9   -8   -7   -6   -5   -4   -3   -2   -1   0   1   2   3   4   5   6   7   8   9   10   11   12   13   14   15   16   17   18   
-0.536768   -0.429154   -0.324738   -0.223881   -0.11719   -0.00920708   0.0999476   0.208945   0.317317   0.425021   0.531718   0.630438   0.725615   0.820261   0.903543   0.987947   1.11532   1.19217   1.2684   1.34342   1.41526   1.48299   1.52255   1.56246   1.60415   1.64026   1.66227   1.6756   1.67321   
0.0118619   0.0104049   0.00937683   0.00816176   0.00767367   0.00735519   0.00708588   0.0068694   0.00666759   0.00645515   0.00635967   0.00662315   0.0071837   0.00776777   0.00876496   0.009359   0.00967107   0.0106274   0.0117833   0.0131223   0.0147232   0.0166641   0.0204566   0.0246341   0.0290565   0.0343337   0.0414142   0.0500754   0.0614568   
-0.138336   -0.137923   -0.136254   -0.133962   -0.13229   -0.130746   -0.129428   -0.128031   -0.126515   -0.124916   -0.12308   -0.119605   -0.115578   -0.11157   -0.105561   -0.0997653   -0.103666   -0.0965631   -0.0898412   -0.0834226   -0.0770663   -0.0707576   -0.0618206   -0.054286   -0.0483005   -0.0432154   -0.0388643   -0.0359668   -0.0349571   

1355000
-10   -9   -8   -7   -6   -5   -4   -3   -2   -1   0   1   2   3   4   5   6   7   8   9   10   11   12   13   14   15   16   17   18   
-0.536665   -0.429157   -0.324746   -0.223908   -0.11722   -0.00922289   0.099903   0.208916   0.317307   0.425035   0.531697   0.63039   0.725631   0.820237   0.903624   0.988054   1.11549   1.19238   1.26859   1.34364   1.41548   1.48318   1.52237   1.5627   1.60441   1.64073   1.66299   1.67645   1.67362   
0.0118422   0.0103929   0.00936796   0.00815439   0.00766565   0.00734867   0.00708035   0.0068638   0.00666202   0.00644935   0.00635458   0.00662085   0.00718011   0.00776646   0.00876026   0.00935639   0.00966535   0.0106189   0.0117752   0.0131127   0.0147136   0.0166555   0.0204701   0.0246203   0.0290389   0.0342971   0.0413498   0.0499881   0.0614079   
-0.138368   -0.137926   -0.136253   -0.133955   -0.132283   -0.130741   -0.129417   -0.128023   -0.126511   -0.124917   -0.123074   -0.119595   -0.115582   -0.111567   -0.105577   -0.0997874   -0.103701   -0.0966043   -0.0898768   -0.0834618   -0.0771038   -0.0707902   -0.061807   -0.054315   -0.0483284   -0.0432522   -0.0389013   -0.0359905   -0.0349653   

1360000
-10   -9   -8   -7   -6   -5   -4   -3   -2   -1   0   1   2   3   4   5   6   7   8   9   10   11   12   13   14   15   16   17   18   
-0.53656   -0.429158   -0.324754   -0.223933   -0.11725   -0.0092389   0.0998579   0.208885   0.317296   0.42505   0.531674   0.630362   0.725644   0.820206   0.903703   0.988159   1.11565   1.19259   1.26877   1.34385   1.41569   1.48337   1.52221   1.56293   1.60467   1.6412   1.66369   1.67729   1.67402   
0.0118228   0.0103811   0.00935924   0.00814719   0.00765776   0.00734224   0.00707493   0.0068583   0.00665654   0.00644365   0.00634963   0.006618   0.00717667   0.00776541   0.00875567   0.00935395   0.00965975   0.0106105   0.0117672   0.0131033   0.0147041   0.0166474   0.0204833   0.0246064   0.0290219   0.0342607   0.0412866   0.0499043   0.0613664   
-0.138401   -0.137928   -0.136253   -0.133949   -0.132277   -0.130737   -0.129407   -0.128015   -0.126508   -0.124918   -0.123068   -0.119589   -0.115585   -0.111563   -0.105593   -0.0998092   -0.103736   -0.0966449   -0.089912   -0.0835005   -0.0771409   -0.0708218   -0.0617938   -0.0543433   -0.0483559   -0.0432883   -0.0389381   -0.0360151   -0.0349759   

1365000
-10   -9   -8   -7   -6   -5   -4   -3   -2   -1   0   1   2   3   4   5   6   7   8   9   10   11   12   13   14   15   16   17   18   
-0.536454   -0.429155   -0.324761   -0.223957   -0.11728   -0.00925479   0.0998125   0.208854   0.317284   0.425063   0.53165   0.630329   0.725656   0.820172   0.90378   0.988263   1.11581   1.19279   1.26896   1.34406   1.4159   1.48357   1.52203   1.56317   1.60493   1.64165   1.6644   1.6781   1.67487   
0.0118037   0.0103693   0.00935067   0.00814017   0.00764997   0.00733592   0.00706961   0.00685291   0.00665116   0.00643804   0.0063448   0.00661537   0.00717341   0.00776459   0.00875121   0.00935169   0.00965427   0.0106023   0.0117594   0.013094   0.0146949   0.0166381   0.0204969   0.024593   0.0290054   0.0342251   0.0412251   0.049822   0.061273   
-0.138434   -0.137932   -0.136252   -0.133943   -0.13227   -0.130732   -0.129396   -0.128007   -0.126503   -0.12492   -0.123062   -0.119583   -0.115588   -0.111557   -0.105609   -0.0998308   -0.10377   -0.096685   -0.0899468   -0.0835386   -0.0771776   -0.070856   -0.0617797   -0.0543718   -0.0483829   -0.0433243   -0.0389756   -0.0360394   -0.0349819   

1370000
-10   -9   -8   -7   -6   -5   -4   -3   -2   -1   0   1   2   3   4   5   6   7   8   9   10   11   12   13   14   15   16   17   18   
-0.536346   -0.42915   -0.324767   -0.223979   -0.117309   -0.00927105   0.0997669   0.208822   0.317272   0.425076   0.531623   0.630293   0.725664   0.820134   0.903855   0.988365   1.11597   1.19299   1.26914   1.34427   1.41611   1.48387   1.52189   1.5634   1.60518   1.64211   1.66508   1.67891   1.6761   
0.0117848   0.0103576   0.00934226   0.00813333   0.00764231   0.0073297   0.00706439   0.00684761   0.00664588   0.00643253   0.0063401   0.00661295   0.00717031   0.00776394   0.00874687   0.00934957   0.00964904   0.0105943   0.0117518   0.0130849   0.0146857   0.0166239   0.020508   0.0245795   0.0289894   0.0341897   0.0411619   0.0497419   0.0611274   
-0.138467   -0.137936   -0.136252   -0.133937   -0.132264   -0.130727   -0.129385   -0.127999   -0.126499   -0.12492   -0.123055   -0.119575   -0.11559   -0.111552   -0.105624   -0.099852   -0.103803   -0.0967246   -0.089981   -0.0835763   -0.0772137   -0.0709017   -0.0617701   -0.0543998   -0.0484095   -0.04336   -0.0390107   -0.036064   -0.0349808   

1375000
-10   -9   -8   -7   -6   -5   -4   -3   -2   -1   0   1   2   3   4   5   6   7   8   9   10   11   12   13   14   15   16   17   18   
-0.536237   -0.429142   -0.324772   -0.223999   -0.117338   -0.00928706   0.099721   0.208791   0.31726   0.425088   0.531594   0.630252   0.72567   0.820095   0.903929   0.988465   1.11612   1.19319   1.26931   1.34448   1.41632   1.48415   1.52178   1.56363   1.60542   1.64256   1.66577   1.67969   1.67731   
0.0117661   0.010346   0.00933399   0.00812678   0.00763476   0.00732357   0.00705928   0.00684246   0.00664069   0.00642711   0.00633554   0.00661074   0.00716737   0.00776339   0.00874266   0.00934757   0.00964397   0.0105863   0.0117443   0.013076   0.0146767   0.0166102   0.0205176   0.0245666   0.0289737   0.0341551   0.0411004   0.0496636   0.0609863   
-0.1385   -0.13794   -0.136252   -0.133931   -0.132257   -0.130723   -0.129374   -0.127991   -0.126495   -0.124921   -0.123048   -0.119567   -0.115592   -0.111546   -0.10564   -0.0998729   -0.103835   -0.0967636   -0.0900147   -0.0836134   -0.0772495   -0.0709463   -0.0617633   -0.0544281   -0.0484355   -0.0433957   -0.0390464   -0.0360886   -0.0349805   

1380000
-10   -9   -8   -7   -6   -5   -3   -2   -1   0   1   2   3   4   5   6   7   8   9   10   11   12   13   14   15   16   17   18   
-0.536127   -0.429132   -0.324777   -0.224018   -0.117367   -0.00930281   0.208758   0.317246   0.4251   0.531564   0.630209   0.725673   0.820131   0.904001   0.988557   1.11626   1.19339   1.26949   1.34468   1.41652   1.48443   1.52171   1.56385   1.60566   1.643   1.66644   1.68045   1.6785   
0.0117476   0.0103346   0.00932587   0.00812041   0.00762731   0.00731762   0.00683741   0.00663564   0.00642179   0.0063311   0.00660873   0.00716459   0.00775974   0.00873857   0.00934512   0.00963903   0.0105786   0.0117369   0.0130673   0.0146683   0.0165969   0.0205246   0.0245535   0.0289584   0.0341199   0.04104   0.0495859   0.0608511   
-0.138533   -0.137945   -0.136252   -0.133926   -0.132251   -0.130718   -0.127982   -0.12649   -0.124922   -0.123041   -0.119558   -0.115593   -0.111554   -0.105654   -0.0998922   -0.103866   -0.0968021   -0.0900479   -0.08365   -0.0772842   -0.0709898   -0.0617611   -0.0544558   -0.0484608   -0.0434303   -0.0390822   -0.0361126   -0.0349822   

1385000
-10   -9   -7   -6   -5   -3   -2   -1   0   1   2   3   4   5   6   7   8   9   10   11   12   13   14   15   16   17   18   
-0.536016   -0.429119   -0.224035   -0.117396   -0.0093185   0.208725   0.317232   0.425111   0.531531   0.630161   0.725673   0.820178   0.904072   0.988641   1.11641   1.19358   1.26966   1.34488   1.41671   1.4847   1.52171   1.56408   1.6059   1.64345   1.66711   1.68122   1.67964   
0.0117293   0.0103232   0.00811424   0.00761998   0.00731178   0.00683246   0.00663069   0.00641655   0.00632679   0.00660691   0.00716197   0.00775564   0.00873459   0.00934229   0.0096342   0.0105709   0.0117298   0.0130587   0.0146599   0.0165841   0.0205275   0.0245405   0.0289438   0.0340866   0.0409803   0.0495117   0.0607137   
-0.138566   -0.13795   -0.13392   -0.132244   -0.130713   -0.127974   -0.126486   -0.124923   -0.123033   -0.119548   -0.115594   -0.111564   -0.105669   -0.09991   -0.103897   -0.09684   -0.0900807   -0.083686   -0.0773182   -0.0710322   -0.0617661   -0.0544832   -0.048486   -0.0434661   -0.0391177   -0.0361381   -0.0349813   

1390000
-10   -9   -8   -7   -6   -5   -3   -2   -1   0   1   2   3   4   5   6   7   8   9   10   11   12   13   14   15   16   17   18   
-0.535903   -0.429104   -0.324805   -0.224052   -0.117425   -0.00933437   0.208691   0.317218   0.425121   0.531496   0.63011   0.72567   0.82022   0.904141   0.988725   1.11655   1.19377   1.26982   1.34507   1.4169   1.48496   1.52171   1.5643   1.60612   1.64388   1.66778   1.68197   1.68077   
0.0117112   0.010312   0.00930952   0.00810825   0.00761275   0.00730603   0.00682762   0.00662583   0.00641141   0.00632261   0.0066053   0.0071595   0.00775176   0.00873073   0.00933952   0.00962948   0.0105634   0.0117227   0.0130503   0.0146516   0.0165717   0.0205301   0.0245277   0.0289293   0.0340528   0.0409214   0.0494374   0.0605832   
-0.138599   -0.137956   -0.136248   -0.133915   -0.132237   -0.130709   -0.127965   -0.126481   -0.124923   -0.123025   -0.119537   -0.115594   -0.111573   -0.105683   -0.0999278   -0.103928   -0.0968775   -0.0901129   -0.0837216   -0.0773519   -0.0710738   -0.0617721   -0.0545104   -0.0485104   -0.0435009   -0.0391532   -0.0361627   -0.034983   

1395000
-10   -9   -8   -7   -6   -5   -3   -2   -1   0   1   2   3   4   5   6   7   8   9   10   11   12   13   14   15   16   17   18   
-0.53579   -0.429087   -0.324857   -0.224067   -0.117453   -0.00936159   0.208657   0.317203   0.425131   0.53146   0.630055   0.725665   0.820259   0.904208   0.98881   1.11669   1.19395   1.26999   1.34527   1.41709   1.48522   1.52172   1.56452   1.60634   1.64432   1.66843   1.68272   1.68188   
0.0116933   0.0103009   0.0093006   0.00810243   0.00760564   0.00729889   0.00682287   0.00662107   0.00640644   0.00631855   0.00660388   0.00715719   0.00774809   0.008727   0.00933679   0.00962486   0.0105561   0.0117158   0.0130421   0.0146435   0.0165598   0.020532   0.024515   0.0289154   0.0340195   0.0408629   0.0493628   0.0604556   
-0.138632   -0.137962   -0.136238   -0.13391   -0.132231   -0.130703   -0.127957   -0.126476   -0.124923   -0.123016   -0.119526   -0.115594   -0.111582   -0.105697   -0.0999458   -0.103958   -0.0969145   -0.0901448   -0.0837566   -0.0773854   -0.0711144   -0.0617787   -0.0545375   -0.0485344   -0.0435353   -0.0391881   -0.0361872   -0.0349852   

1400000
-10   -9   -8   -7   -6   -5   -4   -3   -2   -1   0   1   2   3   4   5   6   7   8   9   10   11   12   13   14   15   16   17   18   
-0.535676   -0.429068   -0.324906   -0.224082   -0.117482   -0.00939289   0.099526   0.208622   0.317187   0.425141   0.531422   0.629996   0.725657   0.820293   0.904273   0.988897   1.11682   1.19414   1.27015   1.34545   1.41728   1.48546   1.52174   1.56474   1.60656   1.64475   1.66908   1.68346   1.68295   
0.0116756   0.0102899   0.00929185   0.00809678   0.00759862   0.00729132   0.00703341   0.00681822   0.0066164   0.00640155   0.00631461   0.00660267   0.00715503   0.00774466   0.00872338   0.00933409   0.0096203   0.0105488   0.0117091   0.0130341   0.0146355   0.0165482   0.0205335   0.0245024   0.0289018   0.0339867   0.040805   0.0492894   0.0603294   
-0.138666   -0.137969   -0.136229   -0.133905   -0.132224   -0.130696   -0.129328   -0.127948   -0.126471   -0.124923   -0.123007   -0.119514   -0.115593   -0.11159   -0.105711   -0.099964   -0.103988   -0.096951   -0.0901756   -0.0837912   -0.0774187   -0.0711539   -0.0617862   -0.0545644   -0.0485579   -0.0435697   -0.0392227   -0.0362118   -0.0349869   

1405000
-10   -9   -8   -7   -6   -5   -4   -3   -2   -1   0   1   2   3   4   5   6   7   8   9   10   11   12   13   15   16   17   18   
-0.535561   -0.429046   -0.324953   -0.224095   -0.11751   -0.00942428   0.0995214   0.208586   0.31717   0.425149   0.531383   0.629933   0.725647   0.820323   0.904337   0.988985   1.11696   1.19432   1.2703   1.34564   1.41747   1.4857   1.52176   1.56496   1.64517   1.66972   1.6842   1.68399   
0.0116582   0.010279   0.00928328   0.00809128   0.00759172   0.00728386   0.00702628   0.00681366   0.00661184   0.00639676   0.00631078   0.00660167   0.00715301   0.00774144   0.00871989   0.00933139   0.00961583   0.0105417   0.0117027   0.0130261   0.0146275   0.0165371   0.0205345   0.0244898   0.0339534   0.0407481   0.0492158   0.0602078   
-0.138699   -0.137976   -0.13622   -0.1339   -0.132217   -0.130689   -0.129326   -0.127939   -0.126466   -0.124923   -0.122998   -0.119501   -0.115591   -0.111596   -0.105724   -0.0999826   -0.104017   -0.0969869   -0.0902059   -0.0838252   -0.0774518   -0.0711927   -0.0617943   -0.0545914   -0.0436031   -0.0392573   -0.0362358   -0.03499   

1410000
-10   -9   -8   -7   -6   -5   -4   -3   -2   -1   0   1   2   3   4   5   6   7   8   9   10   11   12   15   16   17   18   
-0.535445   -0.429022   -0.324998   -0.224108   -0.117539   -0.00945573   0.0995168   0.20855   0.317153   0.425157   0.531342   0.629866   0.725635   0.820348   0.904399   0.989077   1.11709   1.19449   1.27046   1.34582   1.41766   1.48594   1.52179   1.64559   1.67035   1.68493   1.68502   
0.0116409   0.0102683   0.00927483   0.00808598   0.00758492   0.0072765   0.00701925   0.00680921   0.00660737   0.00639205   0.00630707   0.00660089   0.00715112   0.0077385   0.00871653   0.0093287   0.00961141   0.0105349   0.0116963   0.0130184   0.0146196   0.0165263   0.0205352   0.0339214   0.0406921   0.0491435   0.0600912   
-0.138733   -0.137983   -0.136212   -0.133895   -0.132211   -0.130683   -0.129324   -0.12793   -0.12646   -0.124923   -0.122988   -0.119488   -0.11559   -0.111602   -0.105737   -0.100002   -0.104046   -0.0970218   -0.0902357   -0.0838588   -0.0774847   -0.0712303   -0.0618032   -0.0436369   -0.0392917   -0.0362603   -0.0349946   

1415000
-10   -9   -8   -7   -6   -5   -4   -3   -2   -1   0   1   2   3   4   6   7   8   9   10   11   12   13   15   16   17   18   
-0.535328   -0.428996   -0.325041   -0.224132   -0.117567   -0.00948735   0.099512   0.208513   0.317135   0.425164   0.5313   0.629794   0.725621   0.820369   0.904458   1.11723   1.19466   1.27061   1.346   1.41784   1.48616   1.52182   1.56545   1.646   1.67097   1.68566   1.68601   
0.0116238   0.0102577   0.0092665   0.0080793   0.00757822   0.00726925   0.00701233   0.00680485   0.00660303   0.00638742   0.00630346   0.00660033   0.00714934   0.0077358   0.00871329   0.00960703   0.0105283   0.0116901   0.0130108   0.0146117   0.0165164   0.0205356   0.0244612   0.0338896   0.0406371   0.0490705   0.0599779   
-0.138766   -0.137991   -0.136204   -0.133889   -0.132204   -0.130676   -0.129323   -0.127921   -0.126455   -0.124923   -0.122978   -0.119473   -0.115588   -0.111608   -0.105749   -0.104075   -0.097056   -0.0902652   -0.0838919   -0.0775176   -0.0712662   -0.0618124   -0.0546506   -0.0436703   -0.0393259   -0.0362841   -0.0349997   

1420000
-10   -9   -8   -7   -6   -5   -4   -3   -2   -1   0   1   2   3   4   5   6   7   8   9   10   11   12   13   14   15   16   17   18   
-0.535437   -0.428967   -0.325082   -0.224164   -0.117595   -0.00951908   0.0995072   0.208476   0.317116   0.425171   0.531256   0.629718   0.725605   0.820384   0.904516   0.989283   1.11736   1.19483   1.27076   1.34618   1.41803   1.48637   1.52186   1.56586   1.60771   1.64642   1.67158   1.68638   1.68697   
0.0116083   0.0102472   0.00925829   0.00807189   0.00757162   0.00726208   0.0070055   0.00680058   0.00659878   0.00638288   0.00629995   0.0066   0.00714766   0.00773336   0.00871018   0.00932242   0.00960267   0.0105217   0.011684   0.0130034   0.0146038   0.0165068   0.0205359   0.0244353   0.0288257   0.033858   0.0405827   0.0489993   0.0598681   
-0.138751   -0.137999   -0.136196   -0.133883   -0.132197   -0.130669   -0.129321   -0.127911   -0.126449   -0.124923   -0.122968   -0.119458   -0.115585   -0.111612   -0.105761   -0.100044   -0.104104   -0.0970898   -0.0902943   -0.0839244   -0.0775506   -0.071301   -0.061822   -0.0546961   -0.0486746   -0.0437033   -0.0393599   -0.0363086   -0.0350056   

1425000
-10   -9   -8   -7   -6   -5   -4   -3   -2   -1   0   1   2   3   4   5   6   7   8   9   11   12   13   14   15   16   17   18   
-0.535546   -0.428937   -0.325121   -0.224193   -0.117624   -0.00955105   0.099502   0.208438   0.317097   0.425176   0.531213   0.629637   0.725589   0.820394   0.904571   0.989453   1.1175   1.195   1.2709   1.34635   1.48657   1.52188   1.56626   1.60823   1.64682   1.67219   1.6871   1.68791   
0.0115931   0.0102369   0.00925019   0.00806466   0.00756513   0.00725502   0.00699877   0.00679641   0.00659463   0.00637845   0.00629653   0.00659989   0.00714607   0.00773117   0.0087072   0.00931675   0.00959831   0.0105153   0.011678   0.0129964   0.0164977   0.0205368   0.0244098   0.0287889   0.033827   0.0405294   0.048927   0.0597628   
-0.138736   -0.138007   -0.136189   -0.133876   -0.13219   -0.130663   -0.129319   -0.127902   -0.126444   -0.124922   -0.122958   -0.119441   -0.115583   -0.111615   -0.105773   -0.100078   -0.104134   -0.0971229   -0.0903231   -0.0839559   -0.0713348   -0.0618301   -0.0547412   -0.0487227   -0.0437361   -0.0393938   -0.0363316   -0.0350128   

1430000
-10   -9   -8   -7   -6   -5   -4   -3   -2   -1   0   1   2   3   4   5   6   7   9   10   11   12   13   14   15   16   17   18   
-0.535639   -0.428904   -0.325159   -0.224222   -0.117652   -0.00958312   0.0994965   0.2084   0.317077   0.425181   0.531198   0.629552   0.725572   0.8204   0.904624   0.989622   1.11763   1.19516   1.34651   1.41848   1.48677   1.52191   1.56666   1.60874   1.64722   1.67279   1.68783   1.68883   
0.0115779   0.0102268   0.00924221   0.00805758   0.00755874   0.00724805   0.00699215   0.00679234   0.00659057   0.00637409   0.00629225   0.0066   0.00714452   0.00772924   0.00870442   0.00931121   0.00959394   0.0105091   0.0129895   0.0145843   0.016489   0.0205376   0.0243846   0.0287529   0.0337961   0.0404778   0.0488571   0.0596588   
-0.138724   -0.138016   -0.136182   -0.13387   -0.132184   -0.130656   -0.129317   -0.127893   -0.126438   -0.124921   -0.122954   -0.119424   -0.11558   -0.111617   -0.105784   -0.100111   -0.104163   -0.0971555   -0.083987   -0.0776263   -0.0713676   -0.0618385   -0.0547862   -0.0487709   -0.0437684   -0.0394276   -0.0363571   -0.03502   

1435000
-10   -9   -8   -7   -6   -5   -4   -3   -2   -1   0   1   3   4   5   6   7   8   9   10   11   12   13   14   15   16   17   18   
-0.535717   -0.428867   -0.325195   -0.22425   -0.11768   -0.00961535   0.0994906   0.208362   0.317057   0.425185   0.53123   0.629463   0.8204   0.904673   0.989788   1.11777   1.19531   1.27119   1.34668   1.41875   1.48696   1.52194   1.56706   1.60925   1.64762   1.67336   1.68854   1.68975   
0.0115629   0.010217   0.00923433   0.00805067   0.00755245   0.00724119   0.00698562   0.00678835   0.00658661   0.00636981   0.00628654   0.00660031   0.00772759   0.00870184   0.00930578   0.00958955   0.010503   0.0116662   0.0129827   0.0145718   0.0164807   0.0205382   0.0243596   0.0287167   0.033766   0.0404263   0.048786   0.0595553   
-0.138715   -0.138026   -0.136175   -0.133864   -0.132177   -0.130649   -0.129315   -0.127883   -0.126432   -0.12492   -0.12296   -0.119406   -0.111619   -0.105795   -0.100144   -0.104192   -0.0971876   -0.09038   -0.0840175   -0.0776723   -0.0713994   -0.0618471   -0.0548306   -0.0488179   -0.0438007   -0.0394597   -0.0363812   -0.0350275   

1440000
-10   -9   -8   -7   -6   -5   -4   -3   -2   -1   0   1   3   4   5   6   7   8   9   10   11   12   13   14   15   16   17   18   
-0.535783   -0.428828   -0.32523   -0.224276   -0.117708   -0.0096478   0.0994841   0.208324   0.317035   0.425188   0.53126   0.629371   0.820395   0.904719   0.989954   1.11791   1.19547   1.27134   1.34684   1.41902   1.48714   1.52197   1.56745   1.60975   1.64801   1.67392   1.68926   1.69066   
0.0115479   0.0102074   0.00922656   0.00804395   0.0075463   0.00723443   0.00697921   0.00678446   0.00658273   0.00636559   0.00628092   0.0066008   0.00772621   0.0086994   0.00930046   0.0095851   0.010497   0.0116604   0.012976   0.0145594   0.0164728   0.0205388   0.0243348   0.0286809   0.0337359   0.0403767   0.0487153   0.0594523   
-0.138709   -0.138035   -0.136168   -0.133858   -0.13217   -0.130642   -0.129312   -0.127874   -0.126426   -0.124919   -0.122965   -0.119388   -0.111619   -0.105805   -0.100177   -0.104222   -0.0972191   -0.0904082   -0.0840478   -0.0777177   -0.0714302   -0.0618559   -0.0548747   -0.0488645   -0.0438322   -0.0394922   -0.0364053   -0.0350349   

1445000
-10   -9   -8   -7   -6   -5   -4   -3   -2   -1   0   2   3   5   6   7   8   9   10   11   12   13   14   15   16   17   18   
-0.535837   -0.428787   -0.325264   -0.224302   -0.117736   -0.00968043   0.0994769   0.208285   0.317013   0.42519   0.531289   0.725589   0.820383   0.990117   1.11805   1.19562   1.27154   1.347   1.41929   1.48732   1.52201   1.56783   1.61024   1.6484   1.67448   1.68997   1.69157   
0.011533   0.010198   0.0092189   0.00803738   0.00754031   0.00722776   0.00697289   0.00678065   0.00657893   0.00636144   0.00627541   0.00713735   0.00772514   0.00929526   0.00958059   0.0104912   0.0116517   0.0129695   0.0145472   0.0164654   0.020539   0.0243102   0.0286453   0.033706   0.0403281   0.0486455   0.0593512   
-0.138705   -0.138046   -0.136161   -0.133852   -0.132163   -0.130635   -0.12931   -0.127865   -0.126419   -0.124918   -0.12297   -0.115585   -0.111618   -0.100209   -0.104252   -0.0972501   -0.090447   -0.0840777   -0.0777624   -0.0714601   -0.061865   -0.054918   -0.04891   -0.0438634   -0.0395243   -0.0364296   -0.0350429   

1450000
-10   -9   -8   -7   -6   -5   -4   -2   -1   0   1   2   3   5   6   7   8   9   10   11   12   13   14   15   16   17   18   
-0.535881   -0.428745   -0.325296   -0.224326   -0.117764   -0.00971323   0.0994689   0.316991   0.425191   0.531316   0.629193   0.72565   0.820366   0.990278   1.11819   1.19577   1.27176   1.34716   1.41956   1.48749   1.52205   1.56822   1.61074   1.64878   1.67502   1.69068   1.69247   
0.0115182   0.0101887   0.00921135   0.00803099   0.00753442   0.00722119   0.00696669   0.00657522   0.00635734   0.00627   0.00660176   0.00713278   0.00772437   0.00929025   0.00957599   0.0104855   0.0116428   0.012963   0.0145353   0.0164583   0.020539   0.0242859   0.0286114   0.0336772   0.0402806   0.0485763   0.0592498   
-0.138703   -0.138056   -0.136155   -0.133846   -0.132156   -0.130628   -0.129307   -0.126413   -0.124916   -0.122975   -0.119352   -0.115597   -0.111616   -0.100241   -0.104282   -0.0972806   -0.0904868   -0.0841074   -0.0778066   -0.0714891   -0.0618752   -0.0549612   -0.0489567   -0.0438947   -0.0395561   -0.036454   -0.0350505   

1455000
-10   -9   -8   -7   -6   -5   -4   -3   -2   -1   0   1   2   3   5   6   7   8   9   10   11   12   13   14   15   16   17   18   
-0.535916   -0.4287   -0.325327   -0.22435   -0.117792   -0.00974633   0.0994598   0.20821   0.316967   0.42519   0.531342   0.629177   0.725709   0.820343   0.990438   1.11837   1.19592   1.27197   1.34732   1.41982   1.48765   1.5221   1.5686   1.61123   1.64916   1.67555   1.69138   1.69337   
0.0115034   0.0101795   0.0092039   0.00802476   0.00752864   0.0072147   0.0069606   0.00677328   0.0065716   0.00635329   0.00626469   0.00659968   0.00712832   0.0077239   0.00928535   0.00956986   0.01048   0.011634   0.0129566   0.0145236   0.0164515   0.0205381   0.0242621   0.0285772   0.0336488   0.0402347   0.0485069   0.0591499   
-0.138703   -0.138067   -0.136149   -0.13384   -0.132149   -0.13062   -0.129304   -0.127846   -0.126406   -0.124914   -0.122979   -0.119348   -0.115609   -0.111613   -0.100272   -0.10432   -0.0973105   -0.0905263   -0.0841369   -0.0778503   -0.071517   -0.0618859   -0.0550046   -0.0490023   -0.0439256   -0.0395876   -0.0364776   -0.0350584   

1460000
-10   -9   -8   -7   -6   -5   -4   -3   -2   -1   0   1   2   3   4   5   6   7   8   9   10   12   13   14   15   16   17   18   
-0.535942   -0.428655   -0.325358   -0.224372   -0.117819   -0.0097797   0.0994501   0.208173   0.316943   0.425189   0.531366   0.629158   0.725767   0.820313   0.90487   0.990595   1.11859   1.19606   1.27218   1.34747   1.42008   1.52221   1.56898   1.61171   1.64953   1.67607   1.69207   1.69426   
0.0114888   0.0101704   0.00919655   0.0080187   0.00752296   0.00720831   0.00695461   0.00676971   0.00656807   0.0063493   0.00625947   0.00659773   0.00712397   0.00772374   0.00869017   0.00928055   0.00956237   0.0104746   0.0116253   0.0129503   0.014512   0.0205338   0.0242387   0.0285433   0.0336206   0.0401899   0.0484379   0.0590497   
-0.138704   -0.138078   -0.136143   -0.133835   -0.132142   -0.130613   -0.129301   -0.127837   -0.126399   -0.124912   -0.122983   -0.119344   -0.115621   -0.111609   -0.105838   -0.100304   -0.104365   -0.09734   -0.090565   -0.0841663   -0.0778937   -0.0619034   -0.0550479   -0.0490473   -0.043956   -0.0396187   -0.0365009   -0.0350661   

1465000
-10   -9   -8   -7   -6   -5   -4   -2   -1   0   1   2   3   4   5   6   7   8   9   10   11   12   13   14   15   16   17   18   
-0.53596   -0.428693   -0.325387   -0.224394   -0.117847   -0.00981334   0.0994402   0.316917   0.425187   0.531388   0.629137   0.725822   0.820277   0.904894   0.990752   1.11881   1.1962   1.27238   1.34763   1.42033   1.488   1.52237   1.56935   1.61218   1.6499   1.67657   1.69276   1.69514   
0.0114742   0.0101615   0.0091893   0.0080128   0.00751738   0.007202   0.0069487   0.00656462   0.00634542   0.00625436   0.00659592   0.00711972   0.00772389   0.00868757   0.00927587   0.00955497   0.0104693   0.0116169   0.012944   0.0145006   0.0164367   0.0205264   0.0242151   0.0285099   0.0335929   0.0401459   0.0483719   0.0589498   
-0.138708   -0.138071   -0.136137   -0.133829   -0.132135   -0.130606   -0.129298   -0.126393   -0.12491   -0.122987   -0.11934   -0.115632   -0.111603   -0.105844   -0.100334   -0.104409   -0.0973688   -0.0906031   -0.0841956   -0.0779365   -0.071576   -0.0619265   -0.0550899   -0.0490921   -0.0439861   -0.0396489   -0.0365255   -0.0350737   

1470000
-10   -9   -8   -7   -6   -5   -4   -3   -2   -1   0   1   2   3   4   5   6   7   8   9   10   11   12   13   14   16   17   18   
-0.53597   -0.428739   -0.325416   -0.224414   -0.117875   -0.0098473   0.0994301   0.208156   0.316891   0.425184   0.531409   0.629114   0.725875   0.820237   0.904917   0.990907   1.11902   1.19634   1.27258   1.34779   1.42059   1.48825   1.52253   1.56972   1.61265   1.67707   1.69344   1.69603   
0.0114597   0.0101527   0.00918213   0.00800707   0.0075119   0.00719578   0.00694286   0.00675955   0.00656124   0.00634161   0.00624934   0.00659422   0.00711559   0.00772431   0.00868512   0.00927129   0.00954766   0.0104641   0.0116086   0.0129377   0.0144894   0.016425   0.0205188   0.0241919   0.0284769   0.0401032   0.0483052   0.0588522   
-0.138712   -0.138063   -0.136131   -0.133823   -0.132128   -0.130598   -0.129295   -0.127831   -0.126385   -0.124908   -0.122991   -0.119335   -0.115643   -0.111597   -0.10585   -0.100365   -0.104453   -0.0973972   -0.0906409   -0.084225   -0.077979   -0.0716159   -0.0619498   -0.055132   -0.0491365   -0.0396792   -0.036549   -0.0350821   

1475000
-10   -9   -8   -7   -6   -5   -4   -3   -1   0   1   2   3   4   6   7   8   9   10   11   12   13   14   15   16   17   18   
-0.535973   -0.428781   -0.325445   -0.224433   -0.117903   -0.00988144   0.0994193   0.208166   0.425178   0.531429   0.629088   0.725927   0.820191   0.904937   1.11923   1.19647   1.27278   1.34801   1.42084   1.48849   1.52269   1.57009   1.61312   1.65061   1.67756   1.69412   1.69691   
0.0114453   0.010144   0.00917505   0.00800154   0.00750653   0.00718965   0.0069371   0.00675349   0.00633753   0.00624442   0.00659265   0.00711155   0.00772496   0.00868282   0.00954045   0.0104591   0.0116004   0.012928   0.0144783   0.0164137   0.0205111   0.0241691   0.0284443   0.0335391   0.0400599   0.0482405   0.0587529   
-0.138719   -0.138055   -0.136126   -0.133818   -0.132121   -0.130591   -0.129292   -0.127832   -0.124905   -0.122994   -0.11933   -0.115653   -0.11159   -0.105856   -0.104496   -0.0974252   -0.0906782   -0.0842651   -0.0780211   -0.0716548   -0.0619733   -0.0551737   -0.0491809   -0.0440447   -0.0397084   -0.0365732   -0.0350896   

1480000
-10   -9   -8   -7   -6   -5   -4   -3   -1   0   1   2   3   4   5   6   7   8   9   10   11   12   13   14   15   16   17   18   
-0.535968   -0.428818   -0.325472   -0.224451   -0.117932   -0.0099162   0.0994084   0.208176   0.425167   0.531446   0.629059   0.725976   0.820143   0.904956   0.991208   1.11944   1.19661   1.27297   1.34824   1.42108   1.48873   1.52285   1.57045   1.61358   1.65096   1.67805   1.69477   1.69779   
0.011431   0.0101355   0.00916807   0.00799625   0.00750126   0.00718359   0.00693141   0.00674752   0.00633291   0.00623961   0.00659119   0.00710762   0.0077258   0.00868063   0.00926215   0.00953332   0.0104541   0.0115923   0.0129181   0.0144673   0.0164028   0.0205037   0.0241464   0.0284119   0.0335133   0.0400185   0.0481741   0.0586554   
-0.138727   -0.138049   -0.13612   -0.133813   -0.132113   -0.130583   -0.129289   -0.127833   -0.124902   -0.122996   -0.119324   -0.115663   -0.111582   -0.105861   -0.100425   -0.104539   -0.0974527   -0.0907151   -0.0843062   -0.0780628   -0.0716927   -0.0619967   -0.055215   -0.0492245   -0.0440738   -0.0397381   -0.0365953   -0.0350977   

1485000
-10   -9   -8   -7   -6   -5   -4   -3   -1   0   2   3   4   5   6   7   8   9   10   11   12   13   14   15   16   17   18   
-0.535956   -0.42885   -0.325499   -0.224468   -0.11796   -0.00995088   0.0993972   0.208186   0.425154   0.531463   0.726023   0.820099   0.904974   0.991345   1.11965   1.19674   1.27317   1.34847   1.42133   1.48896   1.523   1.57081   1.61404   1.6513   1.67853   1.69543   1.69867   
0.0114168   0.010127   0.00916119   0.00799114   0.00749609   0.00717763   0.0069258   0.00674163   0.00632837   0.00623494   0.00710379   0.00772653   0.00867854   0.00925701   0.00952629   0.0104493   0.0115844   0.0129084   0.0144566   0.0163922   0.0204964   0.0241241   0.0283798   0.0334874   0.039978   0.0481096   0.0585567   
-0.138736   -0.138043   -0.136115   -0.133808   -0.132106   -0.130576   -0.129285   -0.127834   -0.124898   -0.122999   -0.115673   -0.111575   -0.105866   -0.100452   -0.104582   -0.0974799   -0.0907517   -0.0843465   -0.078104   -0.0717296   -0.0620192   -0.055256   -0.0492678   -0.0441018   -0.0397677   -0.0366181   -0.0351051   

1490000
-10   -9   -8   -7   -6   -5   -4   -3   -2   -1   0   1   2   3   4   5   6   7   8   9   10   11   12   13   14   15   16   17   18   
-0.535937   -0.428877   -0.325526   -0.224484   -0.117988   -0.00998601   0.0993855   0.208196   0.316769   0.425141   0.531477   0.628989   0.726068   0.820133   0.90499   0.991481   1.11986   1.19687   1.27336   1.34869   1.42157   1.48918   1.52315   1.57116   1.6145   1.65163   1.679   1.69607   1.69953   
0.0114026   0.0101187   0.00915438   0.0079862   0.00749101   0.00717175   0.00692025   0.00673582   0.00654681   0.00632392   0.00623038   0.00658777   0.00710007   0.00772379   0.00867652   0.00925196   0.00951934   0.0104446   0.0115765   0.0128989   0.0144459   0.0163821   0.0204891   0.024102   0.0283483   0.0334624   0.0399372   0.0480478   0.0584585   
-0.138746   -0.138039   -0.136109   -0.133803   -0.132099   -0.130568   -0.129282   -0.127835   -0.126355   -0.124895   -0.123001   -0.119311   -0.115682   -0.111583   -0.10587   -0.100479   -0.104624   -0.0975066   -0.0907878   -0.0843864   -0.0781449   -0.0717657   -0.062042   -0.0552967   -0.0493111   -0.0441298   -0.0397963   -0.0366416   -0.0351125   

1495000
-10   -9   -8   -7   -6   -5   -4   -3   -2   -1   0   1   2   3   4   5   6   7   8   9   10   11   12   13   14   15   16   17   18   
-0.535913   -0.4289   -0.325551   -0.224499   -0.118017   -0.0100215   0.0993735   0.208206   0.316733   0.425127   0.53149   0.628947   0.726107   0.820163   0.905007   0.991616   1.12006   1.19699   1.27355   1.34891   1.42181   1.4894   1.52331   1.57152   1.61494   1.65196   1.67946   1.69671   1.70039   
0.0113885   0.0101105   0.00914768   0.00798144   0.00748604   0.00716595   0.00691478   0.00673009   0.00654275   0.00631955   0.00622592   0.00658587   0.007096   0.00772127   0.00867454   0.00924702   0.00951248   0.01044   0.0115688   0.0128894   0.0144354   0.0163723   0.0204818   0.0240806   0.028317   0.033438   0.0398983   0.0479851   0.0583621   
-0.138758   -0.138035   -0.136104   -0.133798   -0.132091   -0.13056   -0.129278   -0.127836   -0.126347   -0.124891   -0.123002   -0.119303   -0.115691   -0.111589   -0.105875   -0.100506   -0.104665   -0.097533   -0.0908236   -0.0844259   -0.0781854   -0.0718009   -0.0620647   -0.0553375   -0.0493539   -0.0441575   -0.0398254   -0.0366639   -0.0351204   

1500000
-10   -9   -8   -7   -6   -5   -4   -2   -1   0   1   2   3   4   5   6   7   8   9   10   11   12   13   14   15   16   17   18   
-0.535886   -0.428919   -0.325576   -0.224513   -0.118046   -0.0100575   0.0993611   0.316696   0.425112   0.531501   0.628904   0.726142   0.820188   0.905024   0.991749   1.12026   1.19712   1.27374   1.34913   1.42204   1.48961   1.52346   1.57186   1.61539   1.65228   1.67992   1.69733   1.70125   
0.0113746   0.0101024   0.00914105   0.00797688   0.00748116   0.00716024   0.00690938   0.00653877   0.00631527   0.00622157   0.0065841   0.00709173   0.00771901   0.00867259   0.00924216   0.00950572   0.0104354   0.0115612   0.0128802   0.0144251   0.0163629   0.0204744   0.0240589   0.028286   0.033414   0.0398584   0.0479249   0.0582675   
-0.13877   -0.138032   -0.136099   -0.133793   -0.132084   -0.130552   -0.129275   -0.126338   -0.124887   -0.123004   -0.119295   -0.115698   -0.111595   -0.10588   -0.100533   -0.104706   -0.0975592   -0.090859   -0.0844649   -0.0782255   -0.0718353   -0.0620876   -0.0553768   -0.0493964   -0.0441841   -0.0398531   -0.0366865   -0.0351289   

