5000
-9   -8   -7   -6   -5   -4   -3   -2   -1   0   1   2   3   4   5   6   7   8   9   10   11   12   13   14   15   16   17   18   
0.0394205   0.0396883   0.0345766   0.024563   0.0102917   -0.00723313   -0.026716   -0.0472028   -0.0688048   -0.0925142   -0.119136   -0.136368   0.0404097   0.262179   0.351917   0.424608   0.490739   0.5529   0.612116   0.668872   0.723611   0.776507   0.82768   0.877254   0.925312   0.971896   1.01706   1.0608   
0.134739   0.131647   0.128825   0.126256   0.123924   0.121683   0.119274   0.116423   0.11289   0.108439   0.102674   0.0956781   0.0996485   0.114144   0.123719   0.132954   0.142264   0.151717   0.161386   0.171297   0.181402   0.191702   0.202191   0.212881   0.223774   0.234866   0.246168   0.257723   
-0.0473831   -0.0442635   -0.0405778   -0.0365709   -0.032469   -0.0284735   -0.024731   -0.0212775   -0.018004   -0.0147175   -0.0113463   -0.0111383   -0.0598683   -0.109339   -0.119569   -0.125778   -0.130932   -0.13573   -0.140446   -0.145217   -0.150153   -0.155305   -0.160708   -0.166388   -0.172362   -0.178636   -0.185225   -0.192153   

10000
-10   -9   -8   -7   -6   -5   -4   -3   -2   -1   0   1   2   3   4   5   6   7   8   9   10   11   12   13   14   15   16   17   18   
0.0465828   0.0487509   0.0449921   0.035493   0.0202254   0.00041158   -0.0199946   -0.085364   -0.209545   -0.331426   -0.381879   -0.306647   -0.165879   -0.0236988   0.22539   0.383931   0.453884   0.516742   0.576038   0.632899   0.687805   0.740977   0.792552   0.842586   0.891126   0.938237   1.0056   1.06054   1.1112   
0.129445   0.125811   0.122688   0.120169   0.118401   0.117269   0.116097   0.116042   0.116183   0.113635   0.107764   0.101545   0.0978098   0.0963005   0.104469   0.119137   0.129199   0.139258   0.149443   0.15978   0.170287   0.180976   0.191862   0.20297   0.21431   0.225799   0.2381   0.247602   0.257367   
-0.0478396   -0.0444974   -0.0404172   -0.0358816   -0.0311506   -0.0265726   -0.0225878   -0.00821818   0.0169153   0.0377369   0.0397234   0.0154685   -0.0153985   -0.0400106   -0.101909   -0.132402   -0.138066   -0.142577   -0.146841   -0.15113   -0.155566   -0.16022   -0.165143   -0.170369   -0.175912   -0.181778   -0.193024   -0.201249   -0.208722   

15000
-10   -9   -8   -7   -6   -5   -4   -3   -2   -1   0   1   2   3   4   5   6   7   8   9   10   11   12   13   14   15   16   17   18   
-0.146377   -0.117223   0.042993   0.030413   0.0103797   -0.013375   -0.0330676   -0.0481071   -0.144043   -0.304242   -0.401728   -0.23078   -0.0510247   0.107683   0.23258   0.400995   0.469659   0.530791   0.588724   0.644553   0.727629   0.792052   0.856887   0.907637   0.969897   1.01217   1.06189   1.10965   1.1532   
0.165444   0.143017   0.119245   0.117171   0.116359   0.116267   0.115399   0.113499   0.112684   0.111332   0.107162   0.101936   0.099964   0.102771   0.106587   0.117943   0.128402   0.138814   0.149347   0.160027   0.174585   0.184496   0.196647   0.204041   0.218044   0.223422   0.233291   0.243424   0.252257   
-0.0110437   -0.0102018   -0.0379698   -0.0329772   -0.0278315   -0.0231862   -0.0196287   -0.0168702   0.004795   0.0351367   0.0398431   -0.0194582   -0.0600805   -0.0876266   -0.101933   -0.139153   -0.144573   -0.148734   -0.152726   -0.156799   -0.167149   -0.173521   -0.179989   -0.184139   -0.190605   -0.194182   -0.199345   -0.204671   -0.209896   

20000
-10   -9   -8   -7   -6   -5   -4   -3   -2   -1   0   1   2   3   4   5   6   7   8   9   10   11   12   13   14   15   16   
-0.208752   -0.204942   -0.235687   -0.253275   -0.261052   -0.0254084   -0.0427716   -0.0552852   -0.0654743   -0.164484   -0.35494   -0.202218   0.00939124   0.160941   0.283918   0.411991   0.501648   0.585828   0.53389   0.718933   0.788437   0.835893   0.893801   0.951736   0.994128   1.03899   1.0846   
0.161462   0.163962   0.15105   0.146388   0.140779   0.116633   0.115627   0.113542   0.11077   0.108118   0.104202   0.100901   0.0989335   0.102897   0.109996   0.117587   0.130789   0.143225   0.161127   0.164054   0.176876   0.183646   0.194192   0.206234   0.213074   0.221265   0.230449   
-0.0175454   -0.00849433   -0.0023779   0.00574211   0.0131692   -0.0210019   -0.0179155   -0.0155203   -0.0134558   0.00941115   0.0462858   -0.0335592   -0.0840005   -0.108856   -0.122924   -0.143501   -0.153184   -0.161423   -0.14276   -0.170778   -0.176109   -0.178214   -0.182265   -0.186738   -0.189717   -0.193517   -0.197899   

25000
-10   -9   -8   -7   -6   -5   -4   -2   -1   0   2   4   5   6   7   8   9   10   11   12   13   14   15   16   
-0.218346   -0.232235   -0.259679   -0.289753   -0.310247   -0.334359   -0.367549   -0.0690703   -0.0770037   -0.205554   0.0530585   0.365028   0.491438   0.563632   0.6404   0.692853   0.755627   0.820516   0.866014   0.913722   0.962043   1.00935   1.05512   1.10139   
0.159492   0.154339   0.162076   0.159631   0.155509   0.150941   0.136098   0.110931   0.10761   0.103184   0.0972595   0.11458   0.123479   0.133818   0.145713   0.153864   0.164206   0.176128   0.183608   0.191823   0.200589   0.20959   0.218677   0.228649   
-0.0206716   -0.0140955   -0.00511339   0.0012072   0.00705718   0.013633   0.0230946   -0.0128008   -0.0110043   0.0187069   -0.100313   -0.143561   -0.159396   -0.163978   -0.169025   -0.170454   -0.173651   -0.177408   -0.17909   -0.181553   -0.184589   -0.188029   -0.191825   -0.196128   

30000
-10   -9   -8   -7   -6   -5   -4   -3   -2   -1   0   1   2   3   4   5   6   7   8   9   10   11   12   13   14   15   16   17   
-0.223601   -0.250578   -0.281764   -0.312125   -0.357461   -0.387683   -0.417579   -0.437834   -0.443857   -0.438573   -0.166627   -0.0584201   0.188936   0.331801   0.447292   0.52943   0.603046   0.659985   0.72675   0.789328   0.8341   0.882617   0.932087   0.980715   1.0289   1.0808   1.11114   1.16269   
0.15762   0.154816   0.151776   0.149014   0.147478   0.143172   0.138219   0.131852   0.124206   0.115191   0.103316   0.099422   0.101093   0.108617   0.117858   0.123529   0.134483   0.14337   0.154262   0.165356   0.172977   0.181453   0.190468   0.199678   0.209343   0.220685   0.225915   0.239111   
-0.0219485   -0.0158596   -0.00933799   -0.00252844   0.00396714   0.0107714   0.0181609   0.0238593   0.0309385   0.0449142   0.0102476   -0.0815716   -0.131612   -0.149267   -0.158564   -0.16412   -0.168119   -0.169588   -0.172564   -0.175272   -0.176288   -0.178206   -0.180699   -0.183576   -0.186881   -0.190698   -0.19435   -0.199101   

35000
-10   -9   -8   -7   -6   -5   -4   -2   -1   0   1   2   3   4   5   6   7   8   9   10   11   12   13   14   15   16   17   18   
-0.230841   -0.262477   -0.292302   -0.324722   -0.229635   -0.242592   -0.241981   -0.438908   -0.401207   -0.375353   0.0974506   0.274702   0.390528   0.492526   0.556991   0.627756   0.6971   0.744385   0.792798   0.844351   0.895351   0.945769   1.00011   1.04559   0.781188   1.13093   1.15716   1.19567   
0.168137   0.154732   0.151514   0.150775   0.137862   0.134565   0.128721   0.122839   0.115779   0.108113   0.0986239   0.101488   0.108898   0.117548   0.122958   0.133263   0.144483   0.152891   0.161211   0.170177   0.17932   0.188694   0.199493   0.208526   0.206565   0.227981   0.232997   0.241621   
-0.0194782   -0.016848   -0.0105894   -0.0101005   -0.0262927   -0.025562   -0.0218796   0.0166033   0.0146499   0.0268576   -0.120309   -0.148926   -0.159097   -0.164944   -0.166418   -0.169366   -0.172119   -0.1725   -0.173395   -0.175055   -0.17711   -0.179533   -0.182548   -0.185487   -0.137627   -0.193115   -0.19776   -0.202782   

40000
-10   -9   -8   -7   -6   -5   -4   -3   -2   1   2   3   4   5   6   7   8   9   10   11   12   13   14   15   16   17   
-0.245175   -0.2623   -0.292628   -0.162928   -0.147225   -0.149812   -0.169956   -0.172098   -0.205087   0.191425   0.335543   0.440207   0.530075   0.582541   0.642241   0.703938   0.763565   0.818258   0.867535   0.913113   0.955466   0.999786   1.05885   1.08495   1.1364   1.17205   
0.157323   0.152717   0.149834   0.14325   0.129264   0.12468   0.121648   0.116979   0.115039   0.0968944   0.101067   0.10865   0.116824   0.122343   0.131684   0.141509   0.151429   0.160933   0.169758   0.1782   0.186527   0.195597   0.207888   0.213584   0.225424   0.234231   
-0.0228674   -0.0172867   -0.0110578   -0.041418   -0.0446662   -0.0428156   -0.0395139   -0.0354439   -0.0284038   -0.140546   -0.158634   -0.165761   -0.168892   -0.168113   -0.169397   -0.170881   -0.172327   -0.173587   -0.174791   -0.176279   -0.178266   -0.180956   -0.184252   -0.187745   -0.191756   -0.196508   

45000
-10   -9   -8   -7   -6   -5   -4   -3   -2   -1   0   3   4   5   6   7   8   9   10   12   14   15   16   
-0.240772   -0.24222   -0.162285   -0.143307   -0.113058   -0.0913873   -0.079572   -0.100332   -0.096927   -0.0860073   0.249161   0.463808   0.539627   0.602493   0.665589   0.72899   0.787329   0.838727   0.883952   0.963364   1.05258   1.10424   1.12929   
0.154987   0.159726   0.145994   0.131519   0.124635   0.117476   0.111647   0.109039   0.106341   0.10361   0.0896377   0.106943   0.114424   0.121044   0.130907   0.141072   0.151035   0.160235   0.168661   0.18501   0.203387   0.215298   0.221269   
-0.0224695   -0.0184466   -0.0399633   -0.0489033   -0.0557691   -0.0563121   -0.0564182   -0.0492535   -0.0495578   -0.0452153   -0.148625   -0.168026   -0.169148   -0.168821   -0.170271   -0.171585   -0.17259   -0.173303   -0.174067   -0.177268   -0.183018   -0.186651   -0.191168   

50000
-10   -9   -7   -6   -5   -4   -3   -2   0   1   4   5   6   7   9   10   11   12   14   15   17   
-0.250103   -0.266728   -0.118951   -0.0409943   -0.010734   -0.028008   -0.0345456   -0.0178133   0.4386   0.524369   0.56131   0.618149   0.679077   0.738878   0.842782   0.884068   0.927543   0.984964   1.07317   1.09558   1.17728   
0.155109   0.150274   0.128568   0.115532   0.107671   0.104424   0.102014   0.0978905   0.0747389   0.0800308   0.113134   0.119807   0.129398   0.139039   0.157397   0.165825   0.17486   0.185265   0.204567   0.211011   0.229726   
-0.0226529   -0.0173194   -0.0583432   -0.0675307   -0.0694879   -0.0641288   -0.0651077   -0.0614271   -0.166505   -0.172252   -0.17054   -0.169136   -0.170077   -0.170805   -0.17188   -0.172669   -0.1743   -0.176477   -0.181946   -0.186033   -0.194769   

55000
-9   -8   -7   -6   -5   -4   -3   -1   0   2   7   8   9   10   11   12   13   15   
-0.238786   -0.136297   -0.0558933   0.00226678   0.0410512   0.0395226   0.0516674   0.23703   0.519159   0.588113   0.74327   0.795165   0.843335   0.912027   0.938366   0.999759   1.02413   1.10093   
0.147161   0.132145   0.119507   0.109358   0.100528   0.0960766   0.09206   0.0785735   0.066542   0.085356   0.137061   0.146152   0.155321   0.166367   0.173558   0.185322   0.191773   0.209851   
-0.0253845   -0.0489334   -0.0670734   -0.075578   -0.07874   -0.075838   -0.0773677   -0.121862   -0.172313   -0.172663   -0.169791   -0.170088   -0.170748   -0.172506   -0.17344   -0.175776   -0.178132   -0.185251   

60000
-10   -9   -8   -7   -6   -5   -4   -3   -2   -1   0   1   7   8   9   10   11   12   13   14   
-0.256065   -0.19312   -0.107453   -0.011237   0.0337166   0.0937524   0.132892   0.119313   0.439093   0.562656   0.606824   0.640678   0.769579   0.818195   0.857241   0.902549   0.949391   0.997102   1.02991   1.0912   
0.153996   0.14194   0.128422   0.113759   0.104654   0.0945143   0.0860436   0.0839015   0.0533018   0.050422   0.0569846   0.0660962   0.1361   0.145228   0.153983   0.163607   0.172578   0.182899   0.190612   0.20285   
-0.0222698   -0.0355566   -0.0575419   -0.0749578   -0.0848045   -0.0967032   -0.0949069   -0.0872408   -0.166773   -0.177518   -0.176845   -0.175573   -0.170119   -0.169992   -0.170109   -0.171273   -0.172691   -0.174888   -0.177382   -0.179997   

65000
-10   -9   -8   -7   -6   -5   -4   -3   -2   -1   0   7   8   9   10   11   12   13   15   16   
-0.254231   -0.156434   -0.0705736   0.00566309   0.0860917   0.148398   0.203301   0.277952   0.557214   0.680344   0.761169   0.797246   0.839348   0.870071   0.908987   0.954531   1.01782   0.789936   0.81314   1.14701   
0.152934   0.137621   0.123569   0.110442   0.0975876   0.0867822   0.0778604   0.0692851   0.0418855   0.0394489   0.0417521   0.135361   0.144308   0.152796   0.162291   0.171278   0.182785   0.187401   0.200756   0.217168   
-0.0216974   -0.044447   -0.0639741   -0.0791348   -0.0919475   -0.101755   -0.104188   -0.112517   -0.183084   -0.188207   -0.186819   -0.170524   -0.169804   -0.169507   -0.170559   -0.171982   -0.173962   -0.136719   -0.136257   -0.188414   

70000
-10   -8   -7   -6   -5   -2   -1   0   10   11   12   13   14   15   16   
-0.221848   0.00910568   0.0281413   0.107714   0.18613   0.593472   0.718905   0.838318   0.945437   0.956029   1.01068   1.03873   0.818465   1.12925   1.17415   
0.14934   0.119158   0.10696   0.0938202   0.0817634   0.0373469   0.0349777   0.0341658   0.162631   0.17004   0.179941   0.188781   0.1943   0.208012   0.218916   
-0.0321593   -0.0767991   -0.0853397   -0.0981876   -0.106198   -0.187298   -0.191356   -0.192969   -0.170206   -0.17142   -0.173195   -0.176216   -0.136039   -0.182253   -0.18605   

75000
-10   -9   -8   -7   -6   -5   -4   -3   -2   -1   0   1   2   3   7   9   10   11   12   15   16   
-0.179407   -0.108225   -0.0221748   0.112656   0.126805   0.207872   0.281575   0.441417   0.629279   0.74958   0.855399   0.967878   1.01634   1.1092   0.797112   0.880228   0.938076   0.964024   1.00411   1.11989   1.15914   
0.144386   0.131281   0.116686   0.100845   0.0906404   0.0783559   0.0679798   0.0460296   0.0333178   0.0314363   0.0315036   0.0318306   0.0350823   0.0389593   0.131523   0.150164   0.160104   0.169425   0.178214   0.205915   0.21535   
-0.0394501   -0.0596757   -0.0759885   -0.096259   -0.103641   -0.112086   -0.1213   -0.167244   -0.191387   -0.193917   -0.193877   -0.193271   -0.183492   -0.183433   -0.168257   -0.168179   -0.169182   -0.170897   -0.172862   -0.182556   -0.186747   

80000
-10   -9   -8   -7   -6   -5   -3   -2   -1   0   1   2   3   4   5   10   11   15   16   
-0.159981   -0.0727295   -0.00171002   0.130143   0.148535   0.225159   0.450417   0.645121   0.765402   0.88261   0.979169   1.05567   1.15717   1.20909   1.2812   0.93046   0.984147   1.15311   1.16292   
0.142201   0.126764   0.113518   0.0976524   0.0873855   0.0751795   0.0476927   0.0309592   0.0291764   0.028457   0.0298191   0.0304935   0.0342501   0.0409   0.0463574   0.158511   0.16836   0.207706   0.215139   
-0.0478933   -0.0642555   -0.0818272   -0.100989   -0.107117   -0.115829   -0.162819   -0.192694   -0.194994   -0.196121   -0.193847   -0.186117   -0.187478   -0.182056   -0.178616   -0.1686   -0.169899   -0.180058   -0.186287   

85000
-10   -9   -7   -6   -5   -3   -2   -1   0   1   2   3   4   5   6   11   12   15   18   
-0.125018   -0.0517648   0.113002   0.161459   0.228781   0.515788   0.527823   0.777064   0.888232   1.00116   1.07612   1.17872   1.27851   1.30492   1.24693   0.972768   1.02158   1.13105   1.23133   
0.137656   0.124076   0.0959163   0.0848837   0.0734487   0.034636   0.0444933   0.027386   0.0270365   0.0273281   0.0285406   0.0316865   0.0350608   0.0431385   0.0582583   0.166963   0.176304   0.204079   0.232062   
-0.0528701   -0.0709244   -0.101315   -0.111316   -0.118774   -0.185335   -0.153803   -0.195768   -0.196141   -0.195704   -0.188338   -0.189221   -0.188732   -0.180012   -0.165381   -0.169715   -0.171397   -0.181069   -0.196626   

90000
-10   -9   -8   -7   -6   -5   -3   -2   -1   0   1   2   3   4   5   6   12   
-0.119733   -0.0283946   0.0437139   0.123951   0.17662   0.238755   0.533875   0.667326   0.786092   0.901329   1.00611   1.09337   1.2082   1.287   1.35912   1.27347   1.0166   
0.136907   0.120726   0.10752   0.0937729   0.0822996   0.0713793   0.0317066   0.0273585   0.0260111   0.0253396   0.0261371   0.0269363   0.0291174   0.0334947   0.0383682   0.0541081   0.175623   
-0.060344   -0.0750728   -0.0917531   -0.106215   -0.113721   -0.121444   -0.188835   -0.194659   -0.196354   -0.197171   -0.195884   -0.190345   -0.192269   -0.189161   -0.185151   -0.166072   -0.171389   

95000
-10   -9   -8   -7   -5   -3   -2   -1   0   1   2   3   4   5   6   7   11   15   16   
-0.0852118   -0.012186   0.0741598   0.144081   0.247952   0.54806   0.672963   0.790568   0.90482   1.01684   1.10821   1.20767   1.30617   1.40073   1.45475   1.38236   0.781008   1.13653   1.17253   
0.132098   0.118597   0.103753   0.0908359   0.0695005   0.0294667   0.0260515   0.024892   0.0243822   0.0247671   0.0256938   0.028257   0.0314824   0.0350227   0.040748   0.0544398   0.170461   0.202268   0.211839   
-0.0644618   -0.0814816   -0.0963503   -0.10953   -0.123067   -0.191201   -0.195054   -0.196407   -0.197171   -0.19684   -0.192182   -0.191772   -0.191028   -0.189616   -0.183224   -0.164424   -0.139013   -0.180132   -0.184565   

100000
-10   -9   -8   -7   -6   -5   -3   -2   -1   0   1   2   3   4   5   6   7   8   9   11   13   15   
-0.063581   0.0153715   0.0795759   0.162543   0.204776   0.255878   0.550338   0.680335   0.797262   0.910729   1.02157   1.1144   1.22074   1.32767   1.40355   1.47042   1.52457   1.56916   1.00073   1.01504   1.06546   1.16116   
0.12932   0.115068   0.102385   0.0885704   0.0781458   0.067883   0.0283591   0.0248456   0.0238201   0.0233492   0.0238896   0.0249708   0.0268922   0.0297691   0.0339638   0.0387056   0.0442154   0.0502241   0.131979   0.163748   0.182616   0.201674   
-0.0682889   -0.0847068   -0.102505   -0.112123   -0.116021   -0.123886   -0.191283   -0.195653   -0.196863   -0.197508   -0.197189   -0.193041   -0.193112   -0.193476   -0.189546   -0.184545   -0.178235   -0.171113   -0.1593   -0.167222   -0.172693   -0.177645   

105000
-10   -8   -6   -5   -3   -2   -1   0   1   2   3   4   5   6   7   8   12   15   16   18   
-0.0456212   0.111701   0.203385   0.262552   0.559049   0.681169   0.798522   0.914964   1.02572   1.12583   1.22715   1.32391   1.41484   1.50066   1.57854   1.57392   1.03547   1.14011   1.17428   1.26952   
0.126946   0.0987794   0.0773446   0.0665538   0.0267806   0.0239886   0.0231121   0.0225654   0.023102   0.0240511   0.0260331   0.029125   0.0325283   0.0361718   0.0402601   0.0485405   0.172279   0.200788   0.210488   0.230661   
-0.0723861   -0.104469   -0.116498   -0.124209   -0.192665   -0.195461   -0.196668   -0.197738   -0.197511   -0.1945   -0.193709   -0.192635   -0.190622   -0.187907   -0.184263   -0.170944   -0.169412   -0.179467   -0.184134   -0.191007   

110000
-10   -9   -8   -6   -5   -4   -3   -2   -1   0   1   2   3   4   5   6   7   8   9   13   15   
-0.0322332   0.0462955   0.118001   0.20392   0.268462   0.413357   0.562204   0.686158   0.803011   0.916689   1.03336   1.12828   1.22898   1.33289   1.43144   1.52615   1.58021   1.60084   1.50652   1.07252   0.856117   
0.124717   0.110505   0.097021   0.0760306   0.0654105   0.0371757   0.0258228   0.0230505   0.0223551   0.0219545   0.0223443   0.0235944   0.0253381   0.0280636   0.031054   0.0342963   0.0391503   0.0457473   0.0600801   0.181053   0.195061   
-0.0772341   -0.0928558   -0.108883   -0.118422   -0.124916   -0.178003   -0.192965   -0.195871   -0.196925   -0.19766   -0.198364   -0.194867   -0.193702   -0.193568   -0.192536   -0.190992   -0.184043   -0.173398   -0.153726   -0.171781   -0.134553   

115000
-10   -9   -8   -6   -5   -4   -3   -2   -1   0   1   2   3   4   5   6   7   8   9   10   11   
-0.0119677   0.0630623   0.154988   0.213794   0.268266   0.410793   0.564876   0.686712   0.803516   0.921216   1.03222   1.13262   1.23614   1.34479   1.43636   1.51718   1.58767   1.64169   1.66058   1.5715   1.08432   
0.122316   0.108276   0.094601   0.0749061   0.0640418   0.0378057   0.0249439   0.0223938   0.0217609   0.0213065   0.0218947   0.0230389   0.024562   0.0271427   0.0302322   0.0337652   0.0377652   0.0424722   0.0486017   0.0631304   0.149374   
-0.0804578   -0.096781   -0.113542   -0.117711   -0.12965   -0.175627   -0.193176   -0.195663   -0.196733   -0.198029   -0.198042   -0.195435   -0.194493   -0.195042   -0.192975   -0.189427   -0.184596   -0.177815   -0.166985   -0.149356   -0.159251   

120000
-10   -9   -8   -7   -6   -5   -3   -2   -1   0   1   2   3   4   5   6   7   8   9   10   
-0.006002   0.0752134   0.142911   0.185453   0.21244   0.270245   0.570657   0.688899   0.805237   0.921509   1.03511   1.1398   1.24053   1.34187   1.43676   1.52523   1.60601   1.6751   1.72787   1.73243   
0.120882   0.106249   0.0936459   0.083343   0.0736899   0.0634392   0.0239001   0.021695   0.0211895   0.0208883   0.0213846   0.0225102   0.0240264   0.0266443   0.0295106   0.0326218   0.0359956   0.0398159   0.0441841   0.050558   
-0.0838392   -0.100381   -0.111544   -0.116417   -0.120674   -0.127421   -0.194026   -0.195748   -0.196722   -0.19785   -0.198299   -0.196436   -0.194982   -0.194412   -0.192773   -0.190232   -0.186677   -0.181662   -0.174673   -0.162138   

125000
-9   -8   -7   -6   -5   -4   -3   -2   -1   0   2   3   4   5   6   7   8   9   10   11   15   
0.126268   0.139827   0.187085   0.220733   0.273465   0.435431   0.570243   0.69172   0.808322   0.923004   1.14024   1.23966   1.34449   1.44335   1.53631   1.62316   1.70067   1.76769   1.81153   1.75921   1.20679   
0.103599   0.0927704   0.0821371   0.0729337   0.0628047   0.0305497   0.0234172   0.0210787   0.0206784   0.0204715   0.0221726   0.0235622   0.0260086   0.028632   0.0314478   0.0344277   0.0377344   0.0413174   0.045774   0.0549918   0.187969   
-0.106617   -0.114484   -0.117576   -0.119229   -0.127186   -0.185363   -0.193699   -0.195917   -0.196928   -0.197854   -0.196506   -0.194681   -0.194596   -0.193481   -0.191521   -0.188727   -0.184732   -0.179409   -0.17128   -0.153215   -0.169185   

130000
-9   -8   -7   -6   -4   -3   -2   -1   0   1   2   3   4   5   6   7   8   9   10   11   15   
0.0958289   0.153969   0.168967   0.217484   0.442496   0.572134   0.6914   0.808091   0.925943   1.03857   1.14191   1.24252   1.35004   1.45204   1.54855   1.63992   1.71671   1.77522   1.80774   1.51768   1.18588   
0.102965   0.0912442   0.082469   0.0721278   0.0287655   0.0227597   0.0206051   0.0203203   0.0200716   0.0206186   0.0217969   0.0230528   0.0253588   0.0278086   0.0304206   0.0331473   0.0363101   0.0400559   0.0448085   0.0760617   0.189939   
-0.10584   -0.114309   -0.11951   -0.120453   -0.187439   -0.193843   -0.195695   -0.196692   -0.198123   -0.198585   -0.196736   -0.194954   -0.195245   -0.194567   -0.193093   -0.190905   -0.186697   -0.180072   -0.170334   -0.140888   -0.171753   

135000
-10   -9   -8   -7   -6   -5   -3   -2   -1   0   1   2   3   4   5   6   7   8   9   10   11   12   14   
0.0327715   0.105702   0.154722   0.1921   0.21282   0.277141   0.503058   0.692716   0.808994   0.925847   1.03977   1.14567   1.24743   1.357   1.45553   1.54784   1.63276   1.70891   1.77107   1.34925   1.73338   1.15815   1.22619   
0.115675   0.101827   0.0905424   0.0808356   0.0712052   0.0613015   0.036651   0.0201041   0.0198932   0.0197782   0.0202771   0.0214248   0.0226035   0.0248599   0.0272586   0.0298526   0.0326432   0.0357525   0.0392521   0.0858897   0.0542345   0.147637   0.166605   
-0.0912906   -0.106131   -0.114583   -0.116974   -0.12559   -0.128512   -0.170724   -0.19571   -0.19666   -0.197957   -0.198668   -0.197282   -0.195588   -0.196198   -0.194949   -0.192801   -0.189616   -0.185298   -0.179148   -0.1444   -0.150164   -0.155472   -0.15906   

140000
-10   -8   -7   -6   -4   -3   -2   -1   1   2   3   4   5   6   7   8   9   10   11   12   14   16   
0.0386851   0.157422   0.187132   0.221647   0.44973   0.576008   0.694575   0.810907   1.04244   1.14982   1.24846   1.35418   1.45353   1.54743   1.63476   1.71361   1.78062   1.8268   1.8229   1.60427   1.78398   0.872113   
0.114253   0.0896269   0.0801241   0.0710663   0.0264345   0.0216268   0.01967   0.0195328   0.0199677   0.021161   0.0222727   0.0244528   0.0267637   0.0292423   0.0318559   0.0347561   0.0379372   0.0418403   0.0476951   0.0752081   0.0729766   0.2003   
-0.0943317   -0.11492   -0.11784   -0.11945   -0.189481   -0.194205   -0.195809   -0.196788   -0.19899   -0.197935   -0.195659   -0.195627   -0.194479   -0.192541   -0.18967   -0.185684   -0.180117   -0.171942   -0.1581   -0.137668   -0.13171   -0.135017   

145000
-10   -9   -8   -6   -5   -4   -3   -2   -1   0   1   2   3   4   5   6   7   8   9   10   11   12   13   14   
0.0499536   0.116573   0.161295   0.219648   0.283095   0.454967   0.576245   0.694194   0.810648   0.927615   1.04367   1.14869   1.24733   1.35437   1.45524   1.55066   1.63989   1.72104   1.7917   1.84467   1.86329   1.88552   1.92922   1.9085   
0.113033   0.0997675   0.0889585   0.070094   0.0585108   0.0250772   0.0212129   0.0193212   0.0192154   0.0192214   0.0197269   0.0208738   0.0219128   0.0240129   0.0262061   0.0285485   0.0309908   0.0336939   0.0366136   0.040121   0.0445332   0.0481661   0.0506036   0.0588312   
-0.0956687   -0.108422   -0.11488   -0.121913   -0.136773   -0.190952   -0.194087   -0.195628   -0.196634   -0.197944   -0.199122   -0.197755   -0.195373   -0.195526   -0.19458   -0.192837   -0.190197   -0.186482   -0.181343   -0.173944   -0.162224   -0.152176   -0.145398   -0.135764   

150000
-10   -9   -8   -7   -6   -4   -3   -2   -1   0   1   2   3   4   5   6   7   8   9   10   11   12   13   14   16   17   
0.0560982   0.117694   0.15729   0.188894   0.21828   0.456727   0.577872   0.694764   0.810997   0.929179   1.04294   1.14935   1.24833   1.35649   1.45871   1.55556   1.64663   1.73008   1.80419   1.86295   1.90052   1.94936   1.974   1.8849   1.85821   1.34696   
0.111817   0.0987718   0.0885481   0.0788074   0.0689998   0.0244938   0.0207318   0.0189641   0.0189086   0.0190109   0.0194638   0.0205866   0.0215494   0.0235607   0.0256357   0.0278432   0.0301241   0.032639   0.0353219   0.0384943   0.0416955   0.0432114   0.0466239   0.0603288   0.0807492   0.184663   
-0.0975135   -0.110143   -0.114687   -0.117983   -0.126827   -0.191186   -0.194235   -0.195583   -0.196573   -0.198096   -0.198935   -0.197836   -0.195426   -0.195733   -0.194965   -0.193405   -0.190997   -0.187561   -0.182837   -0.176112   -0.166391   -0.158345   -0.148982   -0.134623   -0.125985   -0.164228   

155000
-10   -9   -8   -7   -6   -4   -3   -2   -1   0   1   2   3   4   5   6   7   8   9   10   11   12   13   14   
0.0572428   0.150577   0.160073   0.191835   0.223483   0.461773   0.579037   0.695845   0.811965   0.928349   1.04354   1.15135   1.25054   1.35954   1.4629   1.56102   1.65366   1.73913   1.81609   1.87957   1.93336   1.98536   1.95715   1.90388   
0.110887   0.0973977   0.08816   0.0785679   0.0695913   0.0232433   0.0202851   0.018644   0.0186418   0.0187855   0.0192101   0.0203166   0.021208   0.0231379   0.025107   0.027185   0.0293193   0.0316604   0.0341399   0.0370328   0.0392475   0.0406431   0.0468809   0.0577423   
-0.100262   -0.111947   -0.114028   -0.11681   -0.119616   -0.19256   -0.194353   -0.195615   -0.196606   -0.197849   -0.19896   -0.198136   -0.195689   -0.196108   -0.195493   -0.194094   -0.191884   -0.188694   -0.184314   -0.178149   -0.170357   -0.162361   -0.147258   -0.135413   

160000
-10   -8   -6   -4   -3   -2   -1   0   1   2   3   4   5   6   7   8   9   10   11   12   13   14   15   17   
0.0689197   0.185507   0.221106   0.460441   0.58028   0.696289   0.812778   0.928547   1.04494   1.15413   1.25384   1.36368   1.46802   1.56696   1.6608   1.74773   1.82696   1.89422   1.96594   1.96862   1.95344   1.93133   1.95821   1.79173   
0.109908   0.086783   0.0688643   0.0230906   0.019925   0.0183765   0.0184137   0.0185969   0.018986   0.0200976   0.0209383   0.0228055   0.0246882   0.0266327   0.0286257   0.0307985   0.0330974   0.0357376   0.0371827   0.0405347   0.0463449   0.0544796   0.0591551   0.101188   
-0.100115   -0.113241   -0.120966   -0.192047   -0.194438   -0.195572   -0.196657   -0.197759   -0.199122   -0.198579   -0.196168   -0.19671   -0.196229   -0.194917   -0.19285   -0.189819   -0.18571   -0.17999   -0.174662   -0.16   -0.146759   -0.136724   -0.131542   -0.127858   

165000
-10   -9   -8   -6   -5   -4   -3   -2   -1   0   1   2   3   4   5   6   7   8   9   10   11   12   13   14   15   16   18   
0.0720468   0.12108   0.181872   0.218907   0.282469   0.463302   0.580485   0.696265   0.812452   0.929296   1.04702   1.15535   1.25395   1.36294   1.46613   1.56634   1.66185   1.75524   1.83826   1.90891   1.95658   1.96127   1.25411   1.95896   1.94408   1.85416   1.63962   
0.108916   0.0970298   0.0861903   0.0679016   0.0578263   0.0222425   0.0195993   0.0181197   0.0181659   0.01839   0.0188389   0.0199235   0.0206936   0.022498   0.0243253   0.0262287   0.0281457   0.0301142   0.0322009   0.0345859   0.0366782   0.0400854   0.14253   0.0514116   0.0602556   0.0808626   0.138011   
-0.101655   -0.111177   -0.113609   -0.124271   -0.131886   -0.192757   -0.194366   -0.195486   -0.196533   -0.197811   -0.199431   -0.198788   -0.196134   -0.196515   -0.195823   -0.19471   -0.192893   -0.190857   -0.187267   -0.181941   -0.172977   -0.158864   -0.1507   -0.138231   -0.131205   -0.127021   -0.138949   

170000
-10   -9   -7   -6   -4   -3   -2   -1   0   1   2   3   4   5   6   7   8   9   10   11   12   13   14   16   17   18   
0.0700747   0.125632   0.187649   0.222174   0.46516   0.581308   0.696634   0.812697   0.930565   1.04612   1.15439   1.25264   1.36166   1.46495   1.56456   1.65926   1.75006   1.83433   1.91255   1.94718   1.96045   1.96776   1.98161   1.8896   1.83555   1.79235   
0.108465   0.0966878   0.0772806   0.0680833   0.0216792   0.0192425   0.0178809   0.0179455   0.018245   0.0186276   0.0196813   0.0204041   0.0221674   0.0239484   0.025818   0.0277124   0.0296976   0.0317351   0.0338695   0.0361816   0.0393674   0.043933   0.0489674   0.0760829   0.0948285   0.113338   
-0.102865   -0.109772   -0.116673   -0.120996   -0.193102   -0.194436   -0.195454   -0.196493   -0.197962   -0.199233   -0.198601   -0.195845   -0.196219   -0.195526   -0.194302   -0.192341   -0.189881   -0.186484   -0.182295   -0.171273   -0.158527   -0.147681   -0.139605   -0.127248   -0.127362   -0.130499   

175000
-10   -9   -8   -7   -6   -5   -4   -3   -2   -1   0   1   2   3   4   5   6   7   8   9   10   11   12   13   14   15   16   18   
0.0785557   0.122636   0.151004   0.188412   0.220616   0.338422   0.465604   0.582234   0.697315   0.813228   0.930213   1.04569   1.15448   1.25252   1.36171   1.46521   1.56455   1.65891   1.74843   1.83093   1.90552   1.94361   1.96308   1.29022   2.00142   1.94182   1.918   1.78499   
0.107839   0.0961337   0.0864552   0.0770284   0.0671608   0.0291775   0.0213204   0.0189045   0.0176775   0.0177596   0.0180724   0.0184133   0.0194604   0.0201272   0.0218392   0.023563   0.0253869   0.0272437   0.029216   0.0312563   0.0334319   0.0355379   0.0385171   0.135289   0.0469491   0.0599512   0.0723569   0.114659   
-0.102278   -0.110336   -0.114391   -0.116333   -0.123239   -0.185235   -0.193117   -0.194534   -0.195476   -0.196502   -0.197837   -0.19911   -0.19859   -0.195756   -0.196144   -0.195467   -0.19418   -0.192149   -0.189468   -0.185779   -0.181012   -0.170453   -0.158607   -0.147831   -0.140914   -0.131494   -0.127602   -0.13122   

180000
-10   -9   -5   -4   -3   -2   -1   0   1   2   3   4   5   6   7   8   9   10   11   12   13   14   15   16   17   18   
0.119155   0.124408   0.334813   0.467176   0.582088   0.697431   0.814157   0.92985   1.04595   1.15523   1.2531   1.36248   1.46628   1.56562   1.65997   1.74888   1.83052   1.90292   1.94345   1.96855   1.99112   1.99082   1.94835   1.93212   1.84571   1.78354   
0.106612   0.0958782   0.0303476   0.020694   0.0186483   0.0174696   0.0176118   0.0179005   0.0182231   0.0192479   0.01986   0.0215156   0.0231771   0.0249456   0.0267548   0.0286946   0.0307124   0.0328827   0.0348107   0.0375746   0.0412083   0.0473583   0.0590307   0.0705304   0.0935735   0.115047   
-0.105997   -0.109927   -0.182858   -0.193505   -0.194433   -0.195425   -0.196622   -0.197696   -0.199105   -0.198681   -0.195789   -0.196189   -0.19554   -0.194235   -0.192183   -0.189385   -0.185538   -0.180402   -0.170143   -0.15904   -0.149556   -0.140214   -0.13188   -0.127933   -0.127923   -0.131651   

185000
-10   -9   -8   -7   -6   -4   -3   -2   -1   0   1   2   3   4   5   6   7   8   9   10   11   12   13   14   15   16   17   
0.0780127   0.124803   0.153623   0.20912   0.219917   0.469284   0.582644   0.697708   0.813796   0.929932   1.04665   1.15653   1.25436   1.3638   1.46777   1.5672   1.6617   1.75042   1.83174   1.90299   1.94506   1.97527   2.0022   1.98497   1.95624   1.92647   1.86547   
0.106452   0.0956213   0.0858257   0.0749156   0.066714   0.020057   0.0183645   0.0173045   0.0174105   0.017761   0.0180535   0.0190627   0.0196117   0.0212069   0.0228041   0.02451   0.0262663   0.0281607   0.0301408   0.032268   0.0340608   0.0366286   0.0400268   0.0474542   0.0579912   0.0712435   0.0907777   
-0.104758   -0.109157   -0.112781   -0.114407   -0.122257   -0.193978   -0.194457   -0.195385   -0.196516   -0.197626   -0.19918   -0.198878   -0.195942   -0.196335   -0.195691   -0.194377   -0.19233   -0.189476   -0.185553   -0.180198   -0.170106   -0.159648   -0.150518   -0.139876   -0.13231   -0.12822   -0.127826   

190000
-10   -9   -5   -4   -3   -2   -1   0   1   2   3   4   5   6   7   8   9   10   11   12   13   14   15   16   17   18   
0.115423   0.121152   0.286573   0.46896   0.583264   0.697778   0.813754   0.930303   1.04768   1.15811   1.25607   1.3657   1.46986   1.56915   1.6637   1.7524   1.83366   1.90432   1.94866   1.98228   2.00707   1.98296   1.96617   1.92481   1.87907   1.80992   
0.105453   0.0951531   0.0552101   0.019897   0.0180823   0.0171333   0.0172291   0.0175998   0.0179086   0.0189084   0.0193998   0.020928   0.0224563   0.0240925   0.0257933   0.0276347   0.0295699   0.0316319   0.033293   0.0357327   0.0393214   0.0472745   0.0567658   0.071479   0.0888767   0.111203   
-0.107295   -0.109553   -0.135841   -0.193787   -0.194516   -0.19535   -0.196456   -0.19765   -0.199321   -0.199127   -0.196189   -0.196593   -0.195957   -0.19459   -0.192529   -0.189647   -0.185687   -0.18019   -0.170378   -0.160324   -0.150929   -0.139802   -0.132795   -0.128532   -0.127828   -0.131093   

195000
-10   -9   -8   -6   -5   -4   -3   -2   -1   0   1   2   3   4   5   6   7   8   9   10   11   12   14   15   16   17   18   
0.0851272   0.120151   0.15464   0.220697   0.330563   0.469739   0.58327   0.698064   0.813946   0.930972   1.04913   1.15952   1.25831   1.36808   1.47241   1.57169   1.66616   1.75465   1.83587   1.90626   1.95311   1.98956   1.98343   1.97821   1.92622   1.87501   1.80661   
0.105786   0.0950168   0.0854494   0.0663537   0.0319611   0.019506   0.0178596   0.016989   0.017076   0.0174765   0.0178329   0.0188064   0.0192641   0.0207081   0.0221562   0.0237044   0.0253421   0.0271271   0.0290152   0.0309995   0.0325539   0.0349084   0.046921   0.0553557   0.0713321   0.0896144   0.11188   
-0.103751   -0.109301   -0.111502   -0.12118   -0.178938   -0.193928   -0.194466   -0.19535   -0.196431   -0.197728   -0.199565   -0.199373   -0.196561   -0.19696   -0.196324   -0.194919   -0.192816   -0.189869   -0.185876   -0.180283   -0.170803   -0.161077   -0.139895   -0.133332   -0.128848   -0.128282   -0.131553   

200000
-10   -8   -7   -5   -4   -3   -2   -1   0   1   2   3   4   5   6   7   8   9   10   11   12   13   14   16   17   18   
0.0835929   0.149818   0.179742   0.352337   0.470807   0.583417   0.698259   0.814171   0.931807   1.04811   1.15841   1.25685   1.36821   1.47497   1.57458   1.66903   1.75749   1.83865   1.90923   1.95812   1.99755   1.99385   1.98527   1.93004   1.87357   1.80595   
0.105238   0.0850374   0.0753229   0.0236518   0.019032   0.0176355   0.0168387   0.0169286   0.0173895   0.0176372   0.0186004   0.0190295   0.0204972   0.0219332   0.0233665   0.0249248   0.0266407   0.0284782   0.0303697   0.0318644   0.0341731   0.0393097   0.0464722   0.0708729   0.0899734   0.11213   
-0.104385   -0.112013   -0.116648   -0.190985   -0.194169   -0.194444   -0.195342   -0.196447   -0.197849   -0.199348   -0.199152   -0.196261   -0.196946   -0.196727   -0.195333   -0.193192   -0.190206   -0.186168   -0.180549   -0.171344   -0.161977   -0.149585   -0.140075   -0.129156   -0.128667   -0.131873   

205000
-10   -9   -8   -5   -4   -3   -2   -1   0   1   2   3   4   5   6   7   8   9   10   12   13   14   15   16   17   18   
0.0797188   0.119969   0.150111   0.355895   0.472034   0.583763   0.69836   0.814788   0.931114   1.04767   1.15786   1.25584   1.36668   1.4726   1.57708   1.67217   1.76059   1.84184   1.91276   1.98889   1.99106   1.98775   1.97379   1.93633   1.8755   1.80822   
0.104819   0.0945122   0.0849894   0.0222987   0.0185801   0.0174127   0.0166838   0.0168202   0.017222   0.0174638   0.0184083   0.0188022   0.0202405   0.0216525   0.0231033   0.0245559   0.026189   0.0279684   0.0297645   0.0341019   0.0391257   0.0459961   0.0556507   0.0700852   0.0898227   0.111882   
-0.105655   -0.108167   -0.11146   -0.19243   -0.194419   -0.194456   -0.195317   -0.196532   -0.197678   -0.199236   -0.199025   -0.196039   -0.196626   -0.196251   -0.195713   -0.193637   -0.190602   -0.186544   -0.180922   -0.16079   -0.14931   -0.140299   -0.133587   -0.129441   -0.128947   -0.132024   

210000
-10   -9   -8   -5   -4   -3   -2   -1   0   1   2   3   4   5   6   7   8   9   10   11   12   13   14   15   16   18   
0.0870255   0.114316   0.15161   0.354628   0.471902   0.584187   0.698529   0.814998   0.930821   1.04759   1.15784   1.25771   1.36593   1.4713   1.57436   1.67566   1.76392   1.8452   1.91663   1.97001   1.98275   1.98984   1.99162   1.97271   1.94377   1.8138   
0.104837   0.0941904   0.084861   0.0224883   0.0184105   0.017188   0.0165512   0.0166919   0.0170803   0.0173032   0.0182351   0.0187379   0.0199967   0.0213854   0.0228193   0.0242623   0.0257826   0.0274948   0.0291978   0.0306968   0.0339687   0.0388672   0.0454274   0.0557107   0.0691251   0.111058   
-0.103844   -0.108803   -0.110535   -0.191802   -0.194325   -0.194496   -0.195297   -0.196544   -0.197574   -0.19919   -0.198994   -0.196517   -0.196444   -0.195966   -0.195173   -0.194178   -0.19106   -0.186968   -0.181373   -0.17285   -0.159953   -0.149189   -0.140603   -0.133766   -0.129681   -0.131961   

215000
-10   -9   -8   -6   -5   -4   -3   -2   -1   0   1   2   3   4   5   6   7   8   9   10   11   12   13   14   15   16   17   18   
0.0863911   0.119135   0.176286   0.218044   0.319431   0.472224   0.584218   0.698766   0.814827   0.930755   1.04777   1.1581   1.26033   1.36564   1.47067   1.57283   1.67261   1.76756   1.84874   1.92089   1.96152   1.97858   1.98969   1.99678   1.97294   1.9449   1.10896   1.81192   
0.104546   0.0943751   0.0837125   0.0646128   0.0369042   0.0181542   0.0170059   0.0164513   0.0165391   0.0169636   0.0171581   0.0180715   0.0186511   0.01976   0.0211238   0.0225417   0.0239835   0.0254418   0.0270658   0.0286848   0.0305072   0.0337815   0.0385627   0.0447846   0.0556427   0.0690282   0.170539   0.111504   
-0.103653   -0.107171   -0.10991   -0.12389   -0.169456   -0.194359   -0.194472   -0.195284   -0.196478   -0.197502   -0.199189   -0.199011   -0.197124   -0.196341   -0.195796   -0.19484   -0.193579   -0.191603   -0.187446   -0.18192   -0.171434   -0.159379   -0.149172   -0.140981   -0.133984   -0.129937   -0.122074   -0.132299   

220000
-10   -7   -6   -5   -4   -3   -2   -1   0   1   2   3   4   5   6   7   8   9   11   12   13   14   16   17   18   
0.0843782   0.182209   0.220066   0.358126   0.472781   0.584202   0.698994   0.814824   0.930877   1.0481   1.15852   1.26197   1.36569   1.47044   1.57201   1.67056   1.76569   1.85258   1.95522   1.97585   1.99015   2.00004   1.94339   1.88554   1.81105   
0.104117   0.0749125   0.0653657   0.0211131   0.0178281   0.0168327   0.0163708   0.0164069   0.0168367   0.0170276   0.0179124   0.0185227   0.0195295   0.0208667   0.022266   0.0237066   0.0251663   0.0266977   0.0302973   0.033553   0.0382394   0.0443381   0.0693108   0.0886256   0.111765   
-0.103938   -0.114557   -0.120462   -0.192981   -0.194474   -0.194445   -0.195281   -0.196441   -0.197494   -0.199214   -0.199054   -0.197465   -0.196299   -0.195695   -0.194629   -0.193154   -0.19121   -0.188002   -0.170385   -0.158992   -0.149217   -0.141249   -0.13022   -0.1295   -0.132566   

225000
-10   -8   -5   -4   -3   -2   -1   0   1   2   3   4   5   6   7   8   9   10   11   12   13   14   15   16   17   18   
0.080472   0.149075   0.3183   0.47346   0.584317   0.699172   0.814873   0.931153   1.04857   1.15916   1.26336   1.36607   1.47055   1.57161   1.66931   1.76282   1.85191   1.91939   1.95061   1.97421   1.99086   1.99617   1.97639   1.9431   1.88451   1.81057   
0.103733   0.0843444   0.0370104   0.0174961   0.0166588   0.0162663   0.016274   0.0167164   0.0169087   0.0177726   0.0183869   0.0193069   0.020615   0.0219931   0.0234298   0.0248929   0.0264159   0.028008   0.0300666   0.0332959   0.0379207   0.0445105   0.0551886   0.0694304   0.0889215   0.111928   
-0.104616   -0.109767   -0.168555   -0.194605   -0.194438   -0.195306   -0.196438   -0.197522   -0.199271   -0.199142   -0.197734   -0.196316   -0.195655   -0.194491   -0.192867   -0.190643   -0.187816   -0.181459   -0.169609   -0.158743   -0.149289   -0.141125   -0.134479   -0.130491   -0.129811   -0.132784   

230000
-8   -5   -4   -3   -2   -1   0   1   2   3   4   5   6   7   8   9   10   11   12   13   14   15   16   17   18   
0.147567   0.36229   0.474104   0.584542   0.699168   0.815026   0.931594   1.04926   1.16003   1.26471   1.36664   1.47095   1.57155   1.66857   1.76091   1.848   1.91405   1.9473   1.97328   1.99219   1.99392   1.97903   1.94384   1.88443   1.81019   
0.0840882   0.0196537   0.0171918   0.0164841   0.0161269   0.0161568   0.0166222   0.0168205   0.0176595   0.0182554   0.0190953   0.020371   0.0217244   0.0231541   0.0246173   0.0261549   0.0277465   0.0298197   0.0330231   0.0375857   0.0445734   0.0548601   0.0694068   0.089057   0.112035   
-0.109659   -0.194323   -0.194715   -0.194456   -0.195291   -0.196448   -0.197584   -0.199378   -0.19928   -0.197984   -0.196371   -0.195667   -0.194413   -0.192666   -0.190238   -0.18707   -0.180463   -0.169036   -0.158587   -0.14942   -0.141111   -0.13473   -0.130744   -0.130073   -0.132957   

235000
-10   -9   -8   -6   -5   -4   -3   -2   -1   0   1   2   3   4   5   6   7   8   9   10   11   12   13   14   15   16   17   18   
0.0850154   0.113485   0.172825   0.234654   0.310632   0.474184   0.584827   0.699248   0.81535   0.932443   1.05   1.16109   1.2661   1.3674   1.47155   1.57182   1.6682   1.75963   1.84518   1.90923   1.94491   1.97274   1.99443   1.99273   1.9819   1.94508   1.8848   1.80916   
0.103822   0.093601   0.0829363   0.0296114   0.0332103   0.0170169   0.0163092   0.0160027   0.0160627   0.016569   0.016761   0.0175809   0.0181412   0.0188986   0.0201378   0.0214622   0.0228809   0.0243412   0.02589   0.0274669   0.0295626   0.0327508   0.0372148   0.0445629   0.0545076   0.0693065   0.089099   0.112269   
-0.102735   -0.106297   -0.109176   -0.182826   -0.160981   -0.1947   -0.194488   -0.195285   -0.196489   -0.197732   -0.199506   -0.199465   -0.198243   -0.196465   -0.195717   -0.194394   -0.192531   -0.18994   -0.186509   -0.179528   -0.168607   -0.158483   -0.149632   -0.141164   -0.134968   -0.130978   -0.130296   -0.133172   

240000
-10   -9   -8   -7   -6   -5   -4   -3   -2   -1   0   1   2   3   4   5   6   7   8   9   10   11   12   13   14   15   16   17   18   
0.0837318   0.132844   0.169912   0.180525   0.2327   0.361649   0.474229   0.584861   0.699368   0.815882   0.932125   1.04924   1.16087   1.2677   1.36833   1.47229   1.57229   1.6682   1.75884   1.84314   1.90559   1.94314   1.97252   1.99728   1.99229   1.98493   1.94647   1.88523   1.80776   
0.103533   0.0926353   0.082529   0.0742294   0.0308421   0.0194216   0.0168471   0.0161683   0.0158922   0.0159969   0.0164389   0.0166058   0.0174526   0.0180701   0.0187231   0.0199181   0.0212091   0.022612   0.0240661   0.0256222   0.027189   0.0293019   0.032482   0.0368345   0.0445014   0.0541322   0.069169   0.0891103   0.112549   
-0.10265   -0.107774   -0.109432   -0.113866   -0.18056   -0.194034   -0.194696   -0.194483   -0.195283   -0.196571   -0.197649   -0.199335   -0.19941   -0.198556   -0.196596   -0.195798   -0.194412   -0.19246   -0.189726   -0.18608   -0.178801   -0.168276   -0.158422   -0.149899   -0.141265   -0.135183   -0.131188   -0.130488   -0.133389   

245000
-10   -9   -8   -7   -5   -4   -3   -2   -1   0   1   2   3   4   5   6   7   8   9   10   11   12   13   14   15   16   17   18   
0.0809335   0.112905   0.14506   0.17997   0.362442   0.474457   0.584808   0.699525   0.816097   0.931774   1.04879   1.16018   1.26747   1.36946   1.47318   1.57289   1.66841   1.75846   1.84175   1.90278   1.94184   1.97253   1.99764   1.99241   1.98394   1.94791   1.88578   1.80621   
0.103205   0.0933641   0.0836691   0.0740332   0.0190344   0.0166394   0.0160404   0.0157994   0.0159071   0.0163062   0.0164613   0.017293   0.0179353   0.0185817   0.0197164   0.0209674   0.0223499   0.0237939   0.0253529   0.0269141   0.0290417   0.0322202   0.0366399   0.0443998   0.054273   0.0690108   0.0890832   0.112864   
-0.102748   -0.105378   -0.109101   -0.113696   -0.194262   -0.194731   -0.19447   -0.195287   -0.19659   -0.197554   -0.199226   -0.199258   -0.198518   -0.196778   -0.195912   -0.194459   -0.192427   -0.189584   -0.185761   -0.178224   -0.168016   -0.158394   -0.149961   -0.141396   -0.135374   -0.131368   -0.130644   -0.133612   

250000
-10   -9   -6   -5   -4   -3   -2   -1   0   1   2   3   4   5   6   7   8   9   10   11   12   13   14   15   16   17   18   
0.0768938   0.109722   0.229122   0.316516   0.474718   0.584824   0.699708   0.815955   0.931592   1.04854   1.15983   1.2669   1.37014   1.47421   1.57361   1.66877   1.75832   1.84076   1.90057   1.94092   1.97291   1.99442   1.99312   1.98369   1.94905   1.88573   1.8042   
0.102895   0.0930201   0.033393   0.0378012   0.0164231   0.0159133   0.0157239   0.0157833   0.0161904   0.0163312   0.0171501   0.0177803   0.018463   0.0195409   0.0207396   0.0220963   0.0235273   0.0250853   0.0266427   0.0287835   0.0319619   0.0366854   0.0442508   0.0543343   0.0688944   0.0891808   0.113231   
-0.103165   -0.105627   -0.175847   -0.166305   -0.194771   -0.194466   -0.195295   -0.196542   -0.197487   -0.199155   -0.199173   -0.198408   -0.19689   -0.196064   -0.194532   -0.192423   -0.189484   -0.18551   -0.177754   -0.167819   -0.158414   -0.149733   -0.141554   -0.135577   -0.131538   -0.130845   -0.13384   

255000
-9   -8   -6   -5   -4   -3   -2   -1   0   1   2   3   4   5   6   7   8   9   10   11   12   13   14   15   16   17   18   
0.105215   0.170441   0.23729   0.364747   0.474998   0.584923   0.699949   0.815927   0.931513   1.04844   1.15963   1.26664   1.36883   1.47547   1.57445   1.66924   1.75835   1.84005   1.89884   1.94026   1.97402   1.99225   1.99413   1.98399   1.94899   1.88543   1.80214   
0.0926768   0.0823541   0.0274226   0.0181492   0.0162107   0.0157861   0.0156692   0.0156636   0.0160885   0.0162117   0.0170073   0.0176363   0.0182716   0.0194046   0.0205305   0.0218527   0.0232679   0.0248214   0.0263764   0.028533   0.0316909   0.0366787   0.0440826   0.0543314   0.0690101   0.0893462   0.113605   
-0.106213   -0.108431   -0.184651   -0.19491   -0.194815   -0.194478   -0.195315   -0.19653   -0.197437   -0.199108   -0.199111   -0.198354   -0.196619   -0.196272   -0.194633   -0.192442   -0.189417   -0.185307   -0.177373   -0.167664   -0.158522   -0.149607   -0.141723   -0.135785   -0.131782   -0.131074   -0.134064   

260000
-9   -8   -6   -5   -4   -3   -2   -1   0   1   2   3   4   5   6   7   8   9   10   11   12   13   14   15   16   17   18   
0.105769   0.13945   0.244784   0.320822   0.475381   0.585198   0.700185   0.815979   0.931524   1.04844   1.15957   1.26654   1.36792   1.47491   1.57543   1.6698   1.75851   1.83956   1.89749   1.93975   1.97565   1.99081   1.99526   1.9846   1.94923   1.88509   1.79948   
0.0927563   0.0828199   0.0234555   0.0372547   0.0160042   0.0156392   0.0156127   0.0155551   0.0159895   0.0160974   0.0168736   0.0174954   0.0180933   0.019243   0.020346   0.0216211   0.0230168   0.0245628   0.0261165   0.0282925   0.031422   0.0366363   0.0439072   0.0542891   0.0690729   0.089494   0.114053   
-0.105729   -0.109424   -0.190085   -0.168782   -0.19488   -0.194526   -0.195332   -0.196528   -0.197411   -0.199082   -0.199079   -0.198323   -0.196423   -0.196144   -0.194769   -0.192482   -0.189374   -0.185145   -0.177061   -0.167537   -0.158694   -0.149547   -0.141891   -0.135987   -0.132008   -0.131279   -0.134301   

265000
-9   -6   -5   -4   -3   -2   -1   0   1   2   3   4   5   6   7   8   9   10   11   12   13   14   15   16   17   18   
0.110515   0.243545   0.365587   0.475641   0.585424   0.700261   0.816081   0.931637   1.04852   1.15964   1.26662   1.36732   1.47365   1.57663   1.67045   1.75875   1.83922   1.8964   1.93937   1.97771   1.98988   1.99643   1.98529   1.94962   1.88448   1.79698   
0.0930523   0.0238028   0.0176725   0.0158343   0.0155064   0.0155171   0.0154555   0.0158839   0.0159886   0.0167482   0.0173629   0.0179239   0.0190588   0.0201971   0.0214044   0.0227754   0.0243112   0.0258656   0.0280646   0.0311637   0.0365702   0.0437334   0.0542335   0.0691044   0.0896602   0.1145   
-0.104141   -0.189299   -0.195088   -0.194911   -0.194562   -0.195322   -0.196532   -0.197421   -0.199073   -0.199069   -0.198327   -0.196285   -0.195882   -0.19496   -0.192543   -0.18935   -0.185009   -0.176799   -0.167435   -0.158922   -0.149534   -0.142054   -0.13618   -0.132215   -0.131465   -0.134533   

270000
-10   -9   -8   -6   -5   -4   -3   -2   -1   0   1   2   3   4   5   6   7   8   9   10   11   12   13   14   15   16   17   18   
0.0783772   0.109198   0.141111   0.243962   0.365416   0.475403   0.585567   0.700329   0.816213   0.931805   1.04868   1.15981   1.26675   1.36695   1.47275   1.57636   1.67119   1.75907   1.83898   1.89551   1.93928   1.9743   1.98933   1.99765   1.98598   1.95   1.88343   1.79388   
0.1028   0.0928509   0.0829465   0.0234401   0.0175528   0.0157373   0.0153914   0.0153993   0.015365   0.0157896   0.0158897   0.0166309   0.0172305   0.0177608   0.0188834   0.0200446   0.0212058   0.0225456   0.0240674   0.0256249   0.0278467   0.0311483   0.0364882   0.0435592   0.0541697   0.0691249   0.0898687   0.115011   
-0.100995   -0.103991   -0.108466   -0.189538   -0.195021   -0.194859   -0.194584   -0.19534   -0.196539   -0.197437   -0.199077   -0.199077   -0.198335   -0.196187   -0.195686   -0.194887   -0.192628   -0.189343   -0.184893   -0.176576   -0.16738   -0.158547   -0.149554   -0.142209   -0.136361   -0.132404   -0.13164   -0.134778   

275000
-10   -9   -6   -5   -4   -3   -2   -1   0   1   2   3   4   5   6   7   8   9   10   11   12   13   14   15   16   17   18   
0.0759079   0.107027   0.245972   0.365565   0.475318   0.585516   0.700433   0.816389   0.932042   1.04889   1.15999   1.26699   1.36672   1.47213   1.57483   1.67208   1.75946   1.8388   1.89477   1.9399   1.97171   1.98908   1.99841   1.98664   1.95021   1.88207   1.79096   
0.102497   0.0925602   0.0223839   0.017374   0.0156185   0.0152992   0.015296   0.0152874   0.0157085   0.0158016   0.0165172   0.0171059   0.0176029   0.0187142   0.0198629   0.0210308   0.0223289   0.0238329   0.0253971   0.0276275   0.0311107   0.0363928   0.0434419   0.0541107   0.0691554   0.0901096   0.115504   
-0.101083   -0.104135   -0.190735   -0.195044   -0.194838   -0.19459   -0.195359   -0.196553   -0.197466   -0.199094   -0.199088   -0.198364   -0.196117   -0.195541   -0.194573   -0.192749   -0.189352   -0.184791   -0.176386   -0.167429   -0.158272   -0.149601   -0.142347   -0.136527   -0.132575   -0.131802   -0.135011   

280000
-10   -9   -6   -5   -4   -3   -2   -1   0   1   2   3   4   5   6   7   8   9   10   11   12   13   14   15   16   17   18   
0.0725601   0.10404   0.226773   0.365913   0.475424   0.58554   0.700554   0.816635   0.932427   1.04918   1.16022   1.26726   1.36661   1.4717   1.57369   1.67332   1.75991   1.83867   1.89417   1.94109   1.96977   1.98916   1.9982   1.98721   1.95015   1.88074   1.78748   
0.102198   0.09222   0.033466   0.0171566   0.0154817   0.0152054   0.0152044   0.0152286   0.015648   0.0157248   0.0164077   0.016984   0.0174499   0.01855   0.0196891   0.0208892   0.0221273   0.0236088   0.0251829   0.0274149   0.0310534   0.0362821   0.0434496   0.0540536   0.0692099   0.0903491   0.116065   
-0.101393   -0.10448   -0.173539   -0.195123   -0.194858   -0.194603   -0.195378   -0.196579   -0.197527   -0.199132   -0.199109   -0.198398   -0.196068   -0.195429   -0.19433   -0.192949   -0.189381   -0.184699   -0.176225   -0.167564   -0.158078   -0.149674   -0.142485   -0.136676   -0.132728   -0.131956   -0.13526   

285000
-10   -9   -6   -5   -4   -3   -2   -1   0   1   2   3   4   5   6   7   8   9   10   11   12   13   14   15   16   17   18   
0.0680748   0.100121   0.250763   0.366377   0.475499   0.585577   0.700691   0.816962   0.932991   1.04965   1.16051   1.26759   1.36659   1.47139   1.57281   1.67255   1.7605   1.83857   1.89379   1.94217   1.96837   1.98945   1.99839   1.98768   1.94988   1.88074   1.7844   
0.101943   0.09188   0.0202512   0.0169218   0.0153454   0.0151176   0.0151256   0.0151788   0.0156132   0.0156711   0.0163111   0.0168691   0.017302   0.0183901   0.0195209   0.0207338   0.0219443   0.0233961   0.0249823   0.0272306   0.0309795   0.0361604   0.0434221   0.0540002   0.0692808   0.0904496   0.116568   
-0.101953   -0.105058   -0.193172   -0.195231   -0.19487   -0.194618   -0.195398   -0.196637   -0.197626   -0.19921   -0.199147   -0.198444   -0.196038   -0.195343   -0.194138   -0.192779   -0.189439   -0.184617   -0.176109   -0.167692   -0.157948   -0.14976   -0.14264   -0.136807   -0.132864   -0.132133   -0.135489   

290000
-10   -9   -6   -5   -4   -3   -2   0   1   2   3   4   5   6   7   8   9   10   12   13   14   16   17   18   
0.0739722   0.0950532   0.252543   0.366886   0.475528   0.585813   0.700843   0.932946   1.05011   1.16089   1.26795   1.36664   1.47121   1.57215   1.67087   1.76146   1.83848   1.89413   1.96738   1.98985   1.99883   1.94943   1.88016   1.78075   
0.102421   0.0915728   0.01966   0.0166934   0.0152149   0.0150062   0.0150573   0.0155171   0.0156271   0.0162311   0.0167623   0.0171591   0.0182348   0.0193574   0.0205643   0.0217848   0.0231962   0.0247904   0.0308932   0.0360393   0.0433728   0.0693657   0.0906167   0.11716   
-0.100339   -0.105901   -0.193851   -0.195344   -0.194872   -0.194669   -0.195422   -0.197611   -0.19929   -0.199205   -0.198498   -0.19602   -0.195278   -0.193983   -0.192439   -0.189577   -0.18454   -0.176114   -0.157865   -0.149854   -0.142801   -0.132982   -0.1323   -0.135741   

295000
-10   -9   -6   -5   -3   -2   -1   0   1   2   3   4   5   6   7   9   10   12   13   14   15   16   17   18   
0.0755004   0.125244   0.252341   0.36734   0.5861   0.701017   0.817362   0.932736   1.04963   1.16147   1.26835   1.36675   1.4711   1.57164   1.66952   1.83847   1.89522   1.96665   1.9903   1.99938   1.98918   1.9502   1.87902   1.77715   
0.10257   0.090984   0.019572   0.0164753   0.0148916   0.0149993   0.0150368   0.0154026   0.0155087   0.0161772   0.0166636   0.0170221   0.0180837   0.019198   0.0204007   0.0230116   0.0246111   0.0308006   0.0359213   0.0433104   0.0539195   0.0693567   0.0908465   0.117749   
-0.0995337   -0.105566   -0.193735   -0.195449   -0.194728   -0.19545   -0.196709   -0.197558   -0.199171   -0.199308   -0.198559   -0.196015   -0.195227   -0.193856   -0.19216   -0.184482   -0.176251   -0.157814   -0.14995   -0.14296   -0.137172   -0.133168   -0.132461   -0.135992   

300000
-10   -8   -6   -5   -4   -3   -2   -1   0   1   2   3   4   5   6   7   8   9   10   11   12   13   14   15   16   17   18   
0.0745844   0.13683   0.251692   0.367804   0.475676   0.586345   0.701226   0.81736   0.932629   1.0493   1.16167   1.26883   1.36691   1.47105   1.57126   1.66844   1.76086   1.83912   1.89587   1.93393   1.96616   1.99076   1.99998   1.99004   1.95097   1.87738   1.77334   
0.102446   0.0821503   0.0195657   0.0162906   0.0149816   0.0147867   0.0149528   0.014938   0.0152984   0.0153974   0.0161077   0.0165811   0.0168921   0.0179369   0.0190429   0.0202416   0.0214947   0.022844   0.0244588   0.0270037   0.0307043   0.0358069   0.0432451   0.053875   0.0693407   0.0911352   0.118357   
-0.0993289   -0.107969   -0.193477   -0.195538   -0.194881   -0.194779   -0.195487   -0.196697   -0.197523   -0.199088   -0.199337   -0.198641   -0.196021   -0.195189   -0.193754   -0.191929   -0.189409   -0.184551   -0.176327   -0.166534   -0.157791   -0.150042   -0.143115   -0.137364   -0.133347   -0.132618   -0.136246   

305000
-10   -9   -6   -5   -4   -3   -2   -1   0   1   2   3   4   5   6   7   8   9   10   11   12   13   14   15   16   17   18   
0.104678   0.103834   0.251489   0.367968   0.475691   0.586559   0.701436   0.817413   0.932594   1.04908   1.16115   1.26946   1.36711   1.47105   1.57097   1.66755   1.75888   1.84073   1.8924   1.93219   1.96582   1.99129   2.00057   1.99082   1.95144   1.87534   1.76976   
0.102451   0.0921152   0.0194621   0.016172   0.0148952   0.0146911   0.0148943   0.0148479   0.015202   0.0152957   0.01598   0.0165194   0.0167703   0.017795   0.0188916   0.0200864   0.0213398   0.0226996   0.0243518   0.0269141   0.0306054   0.0356961   0.0431801   0.053835   0.069355   0.0914741   0.118943   
-0.100228   -0.102815   -0.193392   -0.195549   -0.194876   -0.194822   -0.195522   -0.196693   -0.197501   -0.199023   -0.199219   -0.19876   -0.196038   -0.195161   -0.193669   -0.191733   -0.189017   -0.184807   -0.175739   -0.166297   -0.157786   -0.150137   -0.143264   -0.137542   -0.133511   -0.132772   -0.136489   

310000
-9   -8   -6   -5   -4   -3   -2   -1   0   1   2   3   4   5   6   7   8   9   10   11   12   13   14   15   16   18   
0.101862   0.137093   0.251634   0.367804   0.475522   0.586701   0.701587   0.817499   0.932605   1.04894   1.16079   1.27001   1.36736   1.4711   1.57075   1.66683   1.75722   1.8387   1.88952   1.9308   1.96564   1.9919   2.00113   1.99146   1.95152   1.76607   
0.0918255   0.0820495   0.0192632   0.0160735   0.0148221   0.0146094   0.0148035   0.0147653   0.0151123   0.0152017   0.0158633   0.016463   0.0166589   0.0176587   0.0187443   0.0199349   0.0211891   0.0225563   0.0242448   0.02682   0.0305048   0.0355847   0.0431182   0.0538048   0.0694087   0.119536   
-0.102988   -0.107338   -0.193454   -0.195503   -0.194855   -0.194857   -0.195539   -0.196693   -0.197486   -0.19897   -0.199131   -0.198863   -0.196068   -0.195142   -0.193596   -0.191569   -0.188683   -0.184398   -0.175254   -0.166111   -0.157797   -0.150233   -0.143405   -0.137706   -0.133659   -0.136733   

315000
-10   -9   -7   -6   -5   -4   -3   -2   -1   0   1   2   3   4   5   6   7   8   9   10   11   12   13   14   15   16   17   18   
0.101921   0.0993885   0.128447   0.219493   0.367775   0.47536   0.586763   0.701756   0.817599   0.932645   1.04886   1.16054   1.26946   1.36771   1.47117   1.57058   1.66623   1.7558   1.83523   1.88715   1.9297   1.96561   1.99202   2.00164   1.99195   1.95124   1.8719   1.76254   
0.102045   0.0914987   0.0292443   0.0384566   0.0159649   0.0147482   0.0145396   0.0147214   0.0146903   0.015029   0.0151099   0.0157548   0.0163443   0.0165621   0.0175285   0.0186013   0.0197868   0.0210419   0.0224128   0.0241369   0.0267217   0.0304014   0.0355253   0.0430606   0.0537844   0.0694997   0.0920593   0.120106   
-0.100095   -0.103319   -0.180456   -0.163372   -0.195487   -0.194833   -0.194888   -0.195558   -0.196693   -0.197474   -0.198934   -0.199066   -0.198745   -0.196119   -0.195131   -0.193535   -0.191426   -0.188393   -0.183726   -0.174855   -0.165966   -0.157826   -0.150319   -0.14354   -0.137855   -0.133794   -0.133058   -0.136968   

320000
-10   -9   -8   -7   -6   -5   -4   -3   -2   -1   0   1   2   3   4   5   6   7   8   9   10   11   12   13   14   15   16   17   18   
0.0657042   0.129213   0.133017   0.125684   0.222134   0.367839   0.475226   0.586845   0.70193   0.817698   0.932732   1.04882   1.16037   1.26907   1.36828   1.47128   1.57046   1.66572   1.75459   1.83232   1.88517   1.9288   1.96569   1.99212   2.00209   1.99229   1.95063   1.87029   1.75901   
0.101413   0.0910126   0.0814095   0.0316705   0.0353   0.0158461   0.0146728   0.0144718   0.0146473   0.0146242   0.0149448   0.0150232   0.0156527   0.0162317   0.0164865   0.0174054   0.018463   0.0196422   0.020898   0.0222768   0.024029   0.0266237   0.0302996   0.0354748   0.0430087   0.053779   0.0696257   0.0923441   0.120675   
-0.099834   -0.103557   -0.107869   -0.175817   -0.168276   -0.195493   -0.194814   -0.19492   -0.195578   -0.196689   -0.197482   -0.198906   -0.199016   -0.198655   -0.196221   -0.195128   -0.193483   -0.1913   -0.188142   -0.183165   -0.174523   -0.165849   -0.157865   -0.150417   -0.143664   -0.137991   -0.133917   -0.133201   -0.137201   

325000
-7   -6   -5   -4   -3   -2   -1   0   1   2   3   4   5   6   7   8   9   10   11   12   13   15   16   17   
0.12545   0.253348   0.367987   0.475306   0.586935   0.7021   0.817822   0.932845   1.04882   1.16027   1.2688   1.36878   1.47143   1.57038   1.66528   1.75355   1.82987   1.88355   1.92804   1.96583   1.99248   1.99245   1.94979   1.86814   
0.0317639   0.0183291   0.0157146   0.0145851   0.0144082   0.0145816   0.0145564   0.0148639   0.0149419   0.0155561   0.0161248   0.0164186   0.0172911   0.0183295   0.0195009   0.0207574   0.0221454   0.0239201   0.0265255   0.0301997   0.0354092   0.0537863   0.069775   0.0926938   
-0.175327   -0.194147   -0.195523   -0.194836   -0.194952   -0.195595   -0.196701   -0.197496   -0.198881   -0.198978   -0.198589   -0.196313   -0.195135   -0.19344   -0.191187   -0.18792   -0.182691   -0.17425   -0.165754   -0.157911   -0.150533   -0.138112   -0.134027   -0.133343   

330000
-10   -9   -7   -6   -5   -4   -2   -1   0   1   2   3   4   5   6   7   8   9   10   11   12   13   14   15   16   17   18   
0.057282   0.088014   0.122658   0.254145   0.368208   0.475361   0.702258   0.817974   0.93297   1.04884   1.16022   1.26864   1.36808   1.47166   1.57032   1.66489   1.7526   1.82779   1.88216   1.92742   1.96602   1.993   2.00261   1.99247   1.94874   1.86662   1.75218   
0.100915   0.0905066   0.0343201   0.0180012   0.0155706   0.0145008   0.0145252   0.0144862   0.014788   0.0148631   0.0154625   0.0160242   0.0162922   0.0171885   0.0182011   0.0193636   0.0206194   0.022018   0.0238118   0.0264282   0.0301023   0.0353337   0.0429373   0.0538077   0.069944   0.0929608   0.121775   
-0.100984   -0.105268   -0.170203   -0.194437   -0.195574   -0.194851   -0.195608   -0.196728   -0.197511   -0.198864   -0.198951   -0.198544   -0.196163   -0.195162   -0.193403   -0.191085   -0.187715   -0.182289   -0.174018   -0.165679   -0.157961   -0.150659   -0.143869   -0.138221   -0.134127   -0.133477   -0.137652   

335000
-10   -9   -7   -6   -5   -4   -3   -2   -1   0   1   2   3   4   5   6   7   8   9   10   11   12   13   14   15   16   17   18   
0.0697519   0.101503   0.120884   0.254838   0.368414   0.475382   0.587435   0.70241   0.818137   0.933106   1.04889   1.1602   1.26854   1.36754   1.47211   1.5703   1.66455   1.75173   1.82599   1.88099   1.92691   1.96625   1.9936   2.00272   1.99235   1.94767   1.86506   1.74883   
0.102019   0.0918149   0.0361166   0.0177404   0.0154327   0.0144229   0.0142443   0.0144635   0.0144241   0.0147177   0.0147874   0.0153674   0.0159275   0.0161729   0.0171014   0.0180784   0.0192299   0.0204844   0.0218932   0.0237043   0.0263323   0.0300087   0.0352537   0.0429145   0.053839   0.0701154   0.0932364   0.122316   
-0.097994   -0.101896   -0.166479   -0.194655   -0.195616   -0.194857   -0.195069   -0.195633   -0.196755   -0.197527   -0.198852   -0.198931   -0.198512   -0.196044   -0.195234   -0.193372   -0.190992   -0.187523   -0.18194   -0.17382   -0.16562   -0.158016   -0.150787   -0.143953   -0.138318   -0.134222   -0.13361   -0.137875   

340000
-10   -9   -6   -5   -4   -3   -2   -1   0   1   2   3   4   5   6   7   8   9   10   11   12   13   14   15   16   17   18   
0.0694954   0.10086   0.217558   0.36862   0.475378   0.587753   0.702571   0.818319   0.93326   1.04895   1.16021   1.26849   1.36712   1.47279   1.5703   1.66424   1.75091   1.82442   1.88   1.92651   1.96654   1.99421   2.00395   1.99207   1.94885   1.86282   1.74561   
0.101989   0.0917046   0.0382148   0.0153016   0.0143537   0.0141556   0.0143928   0.0143707   0.0146544   0.014717   0.0152766   0.015832   0.0160592   0.0170332   0.0179627   0.0191001   0.0203527   0.0217714   0.023598   0.0262378   0.0299187   0.0351732   0.0428231   0.053888   0.0700372   0.0935946   0.12284   
-0.0977313   -0.101758   -0.162491   -0.195654   -0.194855   -0.195137   -0.195675   -0.196786   -0.197547   -0.198841   -0.198917   -0.198486   -0.19595   -0.195358   -0.19335   -0.190907   -0.187341   -0.181634   -0.173653   -0.165578   -0.158074   -0.150913   -0.144145   -0.138402   -0.134368   -0.133743   -0.138091   

345000
-10   -9   -6   -5   -4   -3   -2   -1   0   1   2   3   4   5   6   7   8   9   10   11   12   13   14   15   16   17   18   
0.0686723   0.0997187   0.255764   0.368816   0.47535   0.588035   0.70273   0.81852   0.933462   1.04901   1.16024   1.26848   1.36681   1.47279   1.57035   1.66397   1.7501   1.82304   1.87914   1.92626   1.96689   1.99483   2.00516   1.99315   1.9494   1.86079   1.74259   
0.10187   0.0915258   0.0174215   0.0151833   0.0142971   0.0140748   0.0143299   0.0143252   0.0146015   0.0146515   0.0151902   0.0157407   0.0159501   0.0169454   0.0178549   0.0189745   0.0202238   0.0216525   0.0234936   0.0261435   0.0298319   0.0350936   0.0427307   0.0538079   0.0700289   0.0939226   0.123332   
-0.0976419   -0.101753   -0.194891   -0.195683   -0.194843   -0.195198   -0.195715   -0.19682   -0.197576   -0.198832   -0.198908   -0.198469   -0.195875   -0.195347   -0.193339   -0.190827   -0.18716   -0.181364   -0.173509   -0.165554   -0.158137   -0.151036   -0.144331   -0.138557   -0.134497   -0.133871   -0.138296   

350000
-9   -7   -6   -5   -4   -3   -2   -1   0   1   2   3   4   5   6   7   8   9   10   11   12   13   14   15   16   17   18   
0.0982307   0.157561   0.255407   0.369008   0.475326   0.588286   0.702884   0.818751   0.933707   1.04911   1.1603   1.2685   1.36658   1.47205   1.57054   1.66371   1.74916   1.82182   1.8784   1.92613   1.96731   1.99544   2.00629   1.9946   1.94943   1.85889   1.73958   
0.091286   0.0694066   0.017336   0.0150858   0.0142558   0.0140007   0.0142755   0.0142892   0.0145593   0.0145893   0.0151078   0.0156531   0.0158451   0.0168277   0.0177571   0.0188532   0.0200967   0.0215363   0.0233911   0.02605   0.0297469   0.0350169   0.0426425   0.0536984   0.0700798   0.094231   0.123824   
-0.101851   -0.116313   -0.194789   -0.195702   -0.194824   -0.195252   -0.195753   -0.196861   -0.197616   -0.198833   -0.198902   -0.198459   -0.195817   -0.19519   -0.193358   -0.190754   -0.186952   -0.181126   -0.173385   -0.165548   -0.158206   -0.151157   -0.144505   -0.138731   -0.134615   -0.133993   -0.138499   

355000
-10   -9   -5   -4   -3   -2   -1   0   1   2   3   4   5   6   7   8   9   10   11   12   13   14   15   16   17   18   
0.0659976   0.096488   0.369245   0.475361   0.588515   0.703042   0.819028   0.934035   1.04925   1.16037   1.26853   1.36641   1.47146   1.57092   1.66348   1.74813   1.82073   1.87776   1.92607   1.96718   1.99601   2.00733   1.99578   1.94902   1.85658   1.73664   
0.101459   0.0910026   0.0150189   0.0141921   0.0139329   0.0142285   0.0142647   0.014524   0.0145373   0.0150296   0.0155677   0.0157434   0.0167152   0.0176706   0.0187367   0.0199719   0.0214227   0.0232908   0.025959   0.0296926   0.0349425   0.0425638   0.0536116   0.0701822   0.0945954   0.1243   
-0.0976602   -0.102073   -0.195717   -0.194854   -0.195301   -0.195792   -0.196913   -0.197683   -0.198844   -0.1989   -0.19845   -0.19577   -0.195061   -0.193416   -0.190685   -0.186724   -0.180911   -0.173277   -0.165551   -0.158247   -0.151274   -0.14467   -0.138886   -0.134723   -0.134117   -0.138697   

360000
-9   -7   -6   -5   -4   -3   -2   -1   0   1   2   3   4   5   6   7   8   9   10   11   12   13   14   15   16   17   18   
0.094404   0.138251   0.255146   0.369222   0.475399   0.588695   0.703215   0.8192   0.934356   1.04945   1.16045   1.26856   1.36628   1.47098   1.57149   1.66327   1.74717   1.81974   1.8772   1.92608   1.96726   1.99654   2.00825   1.99672   1.94825   1.85424   1.73389   
0.0906965   0.0210693   0.0171407   0.0149324   0.0141326   0.013873   0.0141897   0.0142152   0.0144877   0.0144964   0.0149559   0.0154823   0.0156445   0.0166072   0.0175971   0.0186258   0.0198516   0.0213121   0.0231928   0.0258722   0.02963   0.0348753   0.0424924   0.0535479   0.070327   0.0949644   0.124745   
-0.102376   -0.191278   -0.194713   -0.195715   -0.194879   -0.195349   -0.195834   -0.196936   -0.197748   -0.198868   -0.198901   -0.198439   -0.195733   -0.194954   -0.193513   -0.190623   -0.186512   -0.180717   -0.173185   -0.165563   -0.158308   -0.151384   -0.144823   -0.139028   -0.134824   -0.134242   -0.138883   

365000
-10   -9   -7   -6   -5   -4   -3   -2   -1   0   1   2   3   4   5   6   7   8   9   10   11   12   13   14   15   16   17   18   
0.0622065   0.091955   0.139491   0.255177   0.369156   0.475439   0.588854   0.70342   0.819261   0.934314   1.04974   1.16054   1.2686   1.3662   1.4706   1.5721   1.66311   1.74632   1.81886   1.87671   1.92613   1.96748   1.997   2.00907   1.99742   1.94724   1.85231   1.73116   
0.100944   0.0903752   0.0207015   0.0170215   0.0148453   0.0140753   0.0138167   0.0141532   0.014143   0.0143989   0.0144658   0.0148853   0.0154006   0.0155486   0.0165031   0.017533   0.0185208   0.019736   0.0212042   0.0230977   0.025789   0.0295623   0.034813   0.0424282   0.0535037   0.070498   0.0952779   0.125191   
-0.0979614   -0.102772   -0.191847   -0.194725   -0.195709   -0.194901   -0.195396   -0.195883   -0.196928   -0.197729   -0.198912   -0.198906   -0.198432   -0.195703   -0.194867   -0.193622   -0.190572   -0.18632   -0.180542   -0.173104   -0.165581   -0.158383   -0.151487   -0.144965   -0.139154   -0.134915   -0.134359   -0.139068   

370000
-10   -9   -7   -6   -5   -4   -3   -2   -1   0   1   2   3   4   5   6   7   8   9   10   11   12   13   14   15   16   17   18   
0.0598161   0.0890986   0.138803   0.255287   0.369108   0.475471   0.589008   0.703632   0.819337   0.934323   1.05005   1.16067   1.26866   1.36615   1.47029   1.57128   1.6631   1.74554   1.81805   1.87628   1.92625   1.96782   1.99741   2.00978   1.9979   1.94598   1.84987   1.7284   
0.100662   0.0900454   0.0207433   0.0168886   0.0147623   0.0140199   0.0137629   0.0140725   0.0140796   0.0143164   0.0144413   0.0148178   0.0153226   0.0154552   0.0164021   0.0174242   0.018423   0.0196255   0.0210991   0.0230055   0.0257096   0.02949   0.0347565   0.0423742   0.0534831   0.0706966   0.0956564   0.125636   
-0.0982341   -0.103266   -0.191485   -0.194763   -0.195703   -0.194919   -0.195441   -0.195922   -0.19692   -0.197719   -0.198966   -0.198921   -0.198429   -0.19568   -0.194793   -0.193451   -0.19055   -0.186147   -0.180383   -0.173034   -0.165608   -0.158468   -0.151582   -0.145097   -0.139269   -0.135   -0.134481   -0.139253   

375000
-10   -7   -6   -5   -4   -3   -2   -1   0   1   2   3   4   5   6   7   8   9   10   12   13   14   15   16   17   18   
0.0570254   0.138203   0.255465   0.369061   0.475482   0.589149   0.703856   0.819451   0.934369   1.04988   1.16087   1.26873   1.36612   1.47004   1.5706   1.66323   1.74484   1.81731   1.87596   1.96825   1.99775   2.01036   1.99816   1.94456   1.84729   1.72591   
0.100383   0.0207906   0.0167445   0.0146814   0.0139677   0.0137127   0.0139972   0.0140149   0.0142391   0.0143606   0.0147606   0.0152484   0.0153643   0.0163041   0.0173195   0.0183329   0.0195198   0.0209973   0.0229162   0.0294152   0.0347062   0.0423294   0.0534843   0.070914   0.0960525   0.126044   
-0.0986018   -0.191158   -0.194823   -0.195696   -0.194932   -0.195482   -0.195964   -0.196928   -0.197716   -0.198907   -0.198951   -0.198428   -0.195661   -0.19473   -0.193306   -0.190557   -0.185989   -0.180236   -0.17298   -0.158562   -0.15167   -0.145218   -0.139371   -0.135079   -0.134601   -0.139426   

380000
-7   -6   -5   -4   -3   -2   -1   0   2   3   4   5   6   7   8   9   10   11   12   13   14   15   16   17   18   
0.137827   0.255703   0.369005   0.475476   0.589277   0.704086   0.819615   0.934442   1.16113   1.26881   1.36612   1.46984   1.57004   1.6635   1.74421   1.81663   1.87575   1.92676   1.96874   1.99803   2.01078   1.99823   1.94305   1.84503   1.72339   
0.0207903   0.0165928   0.0146025   0.0139187   0.0136668   0.0139263   0.0139445   0.0141661   0.0147134   0.0151755   0.0152758   0.0162087   0.0172187   0.0182511   0.0194188   0.020899   0.0228292   0.025558   0.0293387   0.0346613   0.042302   0.0535042   0.071141   0.0964048   0.126459   
-0.190952   -0.194902   -0.195686   -0.19494   -0.195521   -0.196007   -0.196957   -0.197717   -0.198997   -0.198429   -0.195648   -0.194677   -0.193184   -0.190593   -0.185848   -0.180102   -0.172946   -0.165696   -0.158661   -0.15175   -0.145326   -0.139462   -0.135153   -0.134714   -0.139601   

385000
-10   -9   -7   -6   -5   -4   -2   -1   0   1   2   3   4   5   6   7   8   9   10   11   12   13   14   15   16   17   18   
0.0873804   0.0969774   0.137555   0.255984   0.3691   0.475469   0.704318   0.819786   0.934535   1.04969   1.16148   1.26889   1.36613   1.46969   1.56957   1.66395   1.74371   1.816   1.87561   1.92683   1.96925   1.99826   2.01104   1.99809   1.94403   1.84257   1.72084   
0.100158   0.0911247   0.0207176   0.0164383   0.014514   0.0138735   0.013859   0.0138787   0.0140975   0.014213   0.0146781   0.0151063   0.0151898   0.0161158   0.017121   0.0181789   0.0193228   0.0208039   0.0227449   0.0254912   0.0292624   0.0346231   0.0422838   0.0535442   0.0710674   0.0967813   0.126877   
-0.099634   -0.100952   -0.19086   -0.194992   -0.195708   -0.194946   -0.196051   -0.196987   -0.197722   -0.198825   -0.199061   -0.198433   -0.195638   -0.194632   -0.193079   -0.190666   -0.185733   -0.179979   -0.172923   -0.165723   -0.15876   -0.151823   -0.14542   -0.139543   -0.135259   -0.134824   -0.139778   

390000
-8   -7   -6   -5   -4   -3   -2   -1   0   1   2   3   4   5   6   7   8   9   10   11   12   13   14   15   16   18   
0.130486   0.110492   0.256259   0.369187   0.475561   0.589668   0.704549   0.819961   0.934644   1.04967   1.16176   1.26901   1.36616   1.46956   1.56918   1.66465   1.7434   1.81545   1.87554   1.92657   1.96976   1.99842   2.0112   1.99774   1.94431   1.7185   
0.0807411   0.0389851   0.0162829   0.0144266   0.013824   0.0135649   0.0137952   0.0138165   0.0140316   0.0141446   0.0146397   0.0150435   0.0151063   0.0160251   0.0170263   0.0181183   0.0192321   0.020713   0.0226641   0.0254312   0.0291887   0.0345903   0.0422786   0.0536038   0.0710768   0.12726   
-0.10628   -0.156653   -0.195083   -0.195728   -0.194968   -0.195618   -0.196094   -0.197015   -0.197731   -0.198798   -0.199113   -0.198446   -0.195631   -0.194594   -0.192989   -0.19079   -0.185655   -0.179872   -0.17291   -0.165717   -0.158858   -0.151888   -0.145505   -0.139609   -0.135355   -0.139943   

395000
-6   -5   -4   -3   -2   -1   0   1   2   3   4   5   6   7   8   9   10   11   12   13   14   15   16   17   18   
0.256509   0.369229   0.475772   0.590013   0.704776   0.820137   0.934781   1.04966   1.16158   1.2692   1.3662   1.46947   1.56885   1.66414   1.74322   1.81502   1.87552   1.92648   1.97026   1.99876   2.01123   1.99722   1.94407   1.83775   1.71622   
0.0161344   0.014344   0.0137687   0.013494   0.0137343   0.0137572   0.0139646   0.01408   0.014555   0.0149889   0.0150258   0.0159366   0.0169341   0.018032   0.0191466   0.0206251   0.0225867   0.0253674   0.0291167   0.0345476   0.0422808   0.0536795   0.0711491   0.0975191   0.127642   
-0.195162   -0.195737   -0.195008   -0.19569   -0.196137   -0.197043   -0.197752   -0.198776   -0.199063   -0.198473   -0.195627   -0.194561   -0.192912   -0.190681   -0.185603   -0.179786   -0.172907   -0.165732   -0.158954   -0.151969   -0.145578   -0.139668   -0.135442   -0.135042   -0.140106   

400000
-10   -9   -7   -6   -5   -4   -3   -2   -1   0   1   2   3   4   5   6   7   8   9   10   11   12   13   14   15   16   17   18   
0.0632814   0.0946836   0.137857   0.256773   0.369222   0.475948   0.590343   0.705   0.820312   0.934924   1.04968   1.16147   1.26944   1.36625   1.46939   1.56858   1.66327   1.74317   1.81472   1.87558   1.92652   1.97076   2.00009   2.01121   1.99665   1.94344   1.83525   1.71382   
0.101283   0.0907196   0.0200902   0.0159967   0.0142674   0.0137216   0.0134272   0.0136761   0.0137008   0.0139005   0.0140189   0.0144754   0.0149424   0.0149484   0.0158502   0.0168442   0.0179368   0.0190665   0.0205408   0.022513   0.0253011   0.0290471   0.0344406   0.042289   0.0537623   0.0712703   0.0978993   0.128028   
-0.0962206   -0.100899   -0.191257   -0.195237   -0.195734   -0.195037   -0.195757   -0.19618   -0.19707   -0.197773   -0.198756   -0.199025   -0.198511   -0.195626   -0.194534   -0.192845   -0.190502   -0.185578   -0.179722   -0.172916   -0.165764   -0.159049   -0.152151   -0.145643   -0.139721   -0.135523   -0.135149   -0.140272   

405000
-10   -8   -7   -6   -5   -4   -3   -2   -1   0   1   2   3   4   5   6   7   8   9   10   11   12   13   14   15   16   17   18   
0.0949036   0.0231648   0.138221   0.209585   0.369168   0.476085   0.590653   0.705214   0.820486   0.935072   1.04973   1.1614   1.26974   1.36631   1.46934   1.56835   1.66251   1.74329   1.8145   1.87573   1.92667   1.97125   2.00132   2.0114   1.9984   1.94249   1.83257   1.71141   
0.101242   0.026138   0.0197856   0.0415783   0.0141985   0.0136856   0.0133647   0.0136209   0.0136471   0.0138391   0.0139574   0.0143984   0.014904   0.0148744   0.0157659   0.0167564   0.0178444   0.0189923   0.0204607   0.0224425   0.0252322   0.0289796   0.03434   0.0422787   0.0536082   0.0714284   0.0983071   0.128425   
-0.0976231   -0.183896   -0.191541   -0.154111   -0.195719   -0.195053   -0.195821   -0.196221   -0.197096   -0.197794   -0.198747   -0.198998   -0.198564   -0.195629   -0.19451   -0.192786   -0.190341   -0.185584   -0.179675   -0.172939   -0.165808   -0.159142   -0.152324   -0.14572   -0.139872   -0.135598   -0.135261   -0.140438   

410000
-8   -7   -6   -5   -4   -3   -2   -1   0   1   2   3   4   5   6   7   8   9   10   11   12   13   14   15   16   17   
0.126256   0.138658   0.257344   0.369289   0.476174   0.590937   0.705416   0.820657   0.935223   1.04979   1.16138   1.27012   1.3664   1.4693   1.56816   1.66182   1.7436   1.81437   1.876   1.92691   1.97172   2.0025   2.01312   1.99977   1.94126   1.83008   
0.0799372   0.019462   0.0157869   0.0141273   0.0136525   0.0133073   0.0135697   0.0135961   0.01378   0.0138985   0.0143216   0.0148732   0.0148052   0.0156839   0.0166705   0.0177546   0.0189245   0.0203845   0.0223749   0.025162   0.0289149   0.034244   0.0421391   0.0534903   0.071623   0.0986871   
-0.106716   -0.191855   -0.19536   -0.195737   -0.195069   -0.195879   -0.19626   -0.197121   -0.197815   -0.19874   -0.198981   -0.198638   -0.195639   -0.19449   -0.192735   -0.190197   -0.185631   -0.179644   -0.17298   -0.165863   -0.159231   -0.152488   -0.145905   -0.140005   -0.13567   -0.135368   

415000
-8   -7   -6   -5   -4   -3   -2   -1   0   1   2   3   4   5   6   7   8   9   11   12   13   14   15   16   17   18   
0.0201189   0.139144   0.257665   0.369341   0.476244   0.591193   0.705606   0.820823   0.935375   1.04985   1.16138   1.27016   1.36655   1.46928   1.568   1.66122   1.74419   1.81435   1.92721   1.97217   2.00361   2.01469   2.00083   1.9398   1.82755   1.70644   
0.0279738   0.0191341   0.0157444   0.0140709   0.0136046   0.013255   0.0135222   0.0135484   0.0137231   0.0138422   0.0142483   0.014813   0.0147419   0.0156042   0.0165866   0.0176671   0.0188643   0.0203125   0.0250911   0.0288533   0.0341526   0.0420124   0.0534059   0.071846   0.0990681   0.129236   
-0.179747   -0.192179   -0.1954   -0.195735   -0.195106   -0.195931   -0.196297   -0.197145   -0.197836   -0.198734   -0.198971   -0.198637   -0.195661   -0.194473   -0.19269   -0.190067   -0.185729   -0.179633   -0.165927   -0.159318   -0.152644   -0.146076   -0.140124   -0.135738   -0.135472   -0.140777   

420000
-9   -8   -7   -6   -5   -4   -3   -2   -1   0   1   2   3   4   5   6   7   8   9   10   11   12   13   14   15   16   17   18   
0.0886768   0.0182096   0.139665   0.257609   0.369329   0.476307   0.591424   0.705787   0.820982   0.935527   1.04993   1.16142   1.27003   1.36674   1.46927   1.56787   1.66068   1.74389   1.81448   1.87591   1.92757   1.97259   2.00466   2.01609   2.0016   1.9382   1.82496   1.7038   
0.0896968   0.029609   0.0188131   0.0156766   0.0140356   0.0135609   0.0132048   0.0134777   0.0135058   0.0136685   0.0137879   0.0141781   0.0147358   0.014684   0.0155268   0.0165045   0.0175818   0.018795   0.0202448   0.0222488   0.0250192   0.0287945   0.0340667   0.0418992   0.053351   0.0720837   0.0994604   0.129665   
-0.101717   -0.17624   -0.192503   -0.195381   -0.195712   -0.195138   -0.195989   -0.196333   -0.197167   -0.197856   -0.198728   -0.198965   -0.198595   -0.195692   -0.194459   -0.192651   -0.18995   -0.185663   -0.179647   -0.172977   -0.165997   -0.159401   -0.152794   -0.146235   -0.140229   -0.135803   -0.135577   -0.140954   

425000
-8   -7   -6   -5   -4   -3   -2   -1   0   2   3   4   5   6   7   8   9   10   11   12   13   14   15   16   17   18   
0.0138798   0.140202   0.257468   0.369221   0.476362   0.591645   0.705957   0.82113   0.935677   1.16147   1.26994   1.36698   1.46927   1.56776   1.6602   1.74282   1.81478   1.87551   1.92797   1.97299   2.00562   2.01735   2.00211   1.93698   1.82245   1.7012   
0.0339304   0.0185161   0.0155912   0.0140236   0.0135204   0.0131566   0.0134365   0.0134688   0.0136164   0.0141106   0.0146627   0.0146321   0.015452   0.0164241   0.0174983   0.0187149   0.0201823   0.0221857   0.0249478   0.0287394   0.0339863   0.0417985   0.0533216   0.0722737   0.0998392   0.130084   
-0.166661   -0.19281   -0.195359   -0.195663   -0.195165   -0.196042   -0.196366   -0.197185   -0.197876   -0.198964   -0.198564   -0.195733   -0.194448   -0.192616   -0.189842   -0.185452   -0.179693   -0.172927   -0.166072   -0.15948   -0.152933   -0.146382   -0.140321   -0.135868   -0.135678   -0.141128   

430000
-7   -6   -5   -4   -3   -2   -1   0   1   2   3   4   5   6   7   8   10   11   12   13   14   15   16   17   18   
0.140616   0.257376   0.36906   0.476409   0.591852   0.706118   0.821265   0.935827   1.05011   1.16154   1.26989   1.36727   1.46929   1.56767   1.65968   1.74192   1.87524   1.9284   1.97335   2.00649   2.01847   2.00241   1.93654   1.82004   1.69862   
0.0182824   0.0155112   0.0139585   0.0134823   0.013111   0.0133993   0.0134372   0.0135674   0.0136822   0.0140455   0.0145929   0.0145872   0.01538   0.0163454   0.0174161   0.0186368   0.0221215   0.0248767   0.0286879   0.033914   0.0417091   0.0533138   0.072363   0.100202   0.1305   
-0.193026   -0.195346   -0.195652   -0.195189   -0.196092   -0.196399   -0.1972   -0.197896   -0.198727   -0.198965   -0.198541   -0.195788   -0.194441   -0.192585   -0.189727   -0.185275   -0.172896   -0.16615   -0.159554   -0.153064   -0.146518   -0.140404   -0.135938   -0.135775   -0.141301   

435000
-10   -7   -6   -5   -4   -3   -2   -1   0   1   2   4   5   6   7   8   9   10   11   12   13   14   15   16   17   18   
0.0538708   0.109564   0.257322   0.368904   0.47644   0.592046   0.706268   0.821385   0.935988   1.05021   1.16162   1.36764   1.46934   1.5676   1.65913   1.74117   1.8145   1.87509   1.92884   1.97368   2.00728   2.01945   2.00246   1.93558   1.81761   1.69613   
0.0998462   0.0368148   0.0154338   0.0139001   0.0134472   0.0130678   0.0133661   0.0134117   0.0135208   0.0136307   0.0139827   0.0145506   0.0153119   0.0162686   0.017335   0.0185607   0.0200569   0.0220566   0.0248072   0.02864   0.0338473   0.0416309   0.053332   0.0725225   0.100569   0.130901   
-0.0968598   -0.159222   -0.195342   -0.195638   -0.195208   -0.196138   -0.196429   -0.19721   -0.197922   -0.198732   -0.198969   -0.195861   -0.19444   -0.192559   -0.189603   -0.185123   -0.179639   -0.172882   -0.166228   -0.159624   -0.153186   -0.146643   -0.140475   -0.136003   -0.135871   -0.141469   

440000
-7   -6   -5   -4   -3   -2   -1   0   1   2   3   4   5   6   7   8   9   10   11   12   13   14   15   16   17   18   
0.108334   0.2573   0.368705   0.476464   0.592227   0.706408   0.821518   0.936158   1.05032   1.16171   1.26989   1.36794   1.46942   1.56754   1.65855   1.74052   1.81378   1.87502   1.92927   1.97398   2.00798   2.02025   2.00223   1.93435   1.81513   1.69369   
0.0376652   0.0153571   0.0138492   0.0134144   0.0130268   0.0133374   0.0133868   0.0134764   0.0135811   0.0139219   0.0144583   0.0145092   0.0152482   0.0161935   0.0172552   0.0184863   0.0199893   0.0219915   0.0247399   0.0285958   0.0337872   0.0415705   0.0533794   0.0727097   0.100938   0.131295   
-0.157469   -0.195345   -0.195614   -0.195225   -0.196182   -0.196458   -0.197229   -0.197952   -0.198736   -0.198975   -0.198514   -0.195918   -0.194448   -0.192535   -0.189474   -0.184994   -0.179515   -0.17288   -0.166305   -0.159689   -0.153299   -0.146756   -0.140534   -0.136061   -0.135966   -0.141634   

445000
-7   -6   -5   -4   -3   -2   -1   0   1   2   3   4   5   6   7   8   9   10   11   12   13   14   15   16   17   18   
0.107414   0.257322   0.368454   0.47669   0.592395   0.70654   0.821703   0.936329   1.05042   1.16182   1.26993   1.36782   1.46954   1.5675   1.658   1.73998   1.8132   1.87502   1.92969   1.97424   2.0086   2.02091   2.00181   1.93291   1.81282   1.6913   
0.0385552   0.0152766   0.0138042   0.0133654   0.0129881   0.013314   0.0133549   0.0134358   0.0135336   0.013863   0.0143926   0.0144324   0.0151885   0.0161202   0.0171771   0.0184133   0.0199223   0.0219263   0.0246744   0.0285557   0.0337344   0.0415206   0.0534455   0.0729214   0.101284   0.131688   
-0.155738   -0.19536   -0.195578   -0.195276   -0.196223   -0.196485   -0.197272   -0.197983   -0.198741   -0.198983   -0.198509   -0.195884   -0.194463   -0.192514   -0.189351   -0.184884   -0.179415   -0.17289   -0.166381   -0.159749   -0.153404   -0.146858   -0.140584   -0.136115   -0.136056   -0.141799   

450000
-7   -6   -5   -4   -3   -1   0   1   2   3   4   5   6   7   8   9   10   11   12   13   14   15   16   17   18   
0.106783   0.25741   0.36832   0.476927   0.59255   0.821892   0.9365   1.05053   1.16193   1.26998   1.36775   1.46969   1.56747   1.65754   1.73953   1.81273   1.87509   1.93012   1.97447   2.00913   2.02143   2.00124   1.93239   1.81052   1.68895   
0.0394278   0.0151864   0.0137559   0.0133168   0.0129522   0.013329   0.0133991   0.0134888   0.0138044   0.0143292   0.0143584   0.0151329   0.0160486   0.0171011   0.0183417   0.0198557   0.021861   0.0246109   0.0285175   0.0336878   0.0414844   0.0535295   0.0730179   0.101628   0.132068   
-0.154104   -0.195394   -0.195564   -0.195327   -0.196261   -0.197315   -0.198014   -0.198746   -0.198994   -0.198508   -0.195861   -0.194485   -0.192496   -0.189244   -0.184792   -0.179335   -0.172908   -0.166457   -0.159805   -0.1535   -0.14695   -0.140626   -0.136177   -0.136145   -0.141962   

455000
-7   -6   -5   -4   -3   -2   -1   0   1   2   3   4   5   6   7   8   9   10   11   12   13   14   15   16   17   18   
0.106353   0.257513   0.368154   0.477146   0.592692   0.70687   0.822093   0.936675   1.05063   1.16206   1.27006   1.36773   1.46987   1.56745   1.65714   1.73916   1.81238   1.87521   1.93054   1.97494   2.00959   2.02182   2.00055   1.93159   1.80818   1.68666   
0.0403048   0.0150959   0.0137106   0.0132713   0.0129192   0.0132583   0.0133088   0.0133671   0.0134474   0.013745   0.0142679   0.014287   0.015082   0.0159788   0.0170273   0.0182714   0.0197897   0.0217958   0.0245493   0.0284677   0.0336479   0.0414598   0.053623   0.0731518   0.101978   0.132444   
-0.1525   -0.195431   -0.195543   -0.195373   -0.196297   -0.196545   -0.197361   -0.198046   -0.198751   -0.199009   -0.198511   -0.195846   -0.194515   -0.19248   -0.189151   -0.184714   -0.179273   -0.172935   -0.166532   -0.159887   -0.153588   -0.147033   -0.140662   -0.136236   -0.136236   -0.142123   

460000
-8   -7   -6   -5   -4   -3   -2   -1   0   1   2   3   4   5   6   7   8   9   10   11   12   13   14   16   18   
0.125379   0.141385   0.257625   0.367953   0.477348   0.592822   0.707122   0.822301   0.936856   1.05076   1.16219   1.27015   1.36733   1.4701   1.56744   1.6568   1.73886   1.81211   1.87538   1.93095   1.97614   2.00996   2.02208   1.93037   1.68443   
0.0796905   0.0176583   0.0150054   0.0136687   0.0132289   0.0128892   0.0132049   0.0132471   0.0133401   0.0134083   0.0136875   0.0142084   0.0142189   0.0150364   0.0159112   0.0169553   0.0182021   0.0197242   0.0217309   0.0244902   0.028372   0.0336144   0.0414461   0.0733395   0.132807   
-0.105931   -0.193333   -0.195469   -0.195516   -0.195415   -0.19633   -0.196588   -0.197395   -0.198081   -0.198762   -0.199025   -0.198516   -0.195751   -0.194555   -0.192467   -0.18907   -0.184649   -0.179226   -0.172969   -0.166605   -0.160054   -0.153667   -0.147106   -0.136292   -0.142279   

465000
-8   -7   -6   -5   -4   -3   -2   -1   0   1   2   3   4   5   6   7   8   9   10   11   12   13   14   15   16   17   18   
0.021391   0.141234   0.206849   0.367709   0.47753   0.592942   0.707406   0.822515   0.937052   1.05089   1.16232   1.27025   1.36897   1.47039   1.56745   1.6565   1.73861   1.81192   1.87558   1.93134   1.97732   2.01025   2.02223   2.00128   1.92883   1.80365   1.68226   
0.0235181   0.0175733   0.0433841   0.0136308   0.0131904   0.0128623   0.0131432   0.0131889   0.0133188   0.0133702   0.0136319   0.0141508   0.0142269   0.014997   0.0158463   0.0168851   0.0181341   0.0196591   0.0216663   0.0244332   0.0282777   0.0335862   0.0414399   0.0535875   0.0735692   0.102664   0.133163   
-0.185484   -0.193308   -0.150056   -0.19548   -0.195451   -0.196361   -0.196649   -0.197431   -0.198118   -0.198779   -0.199042   -0.198523   -0.196134   -0.194609   -0.192459   -0.188998   -0.184595   -0.179193   -0.173008   -0.166676   -0.160218   -0.153737   -0.147169   -0.140807   -0.136345   -0.136416   -0.142432   

470000
-8   -7   -6   -5   -4   -3   -2   -1   0   1   2   3   4   6   7   8   9   10   11   12   13   14   15   16   17   18   
0.0226512   0.105912   0.257836   0.367583   0.477693   0.593093   0.707687   0.822736   0.937245   1.05103   1.16246   1.27035   1.37178   1.5675   1.65625   1.73841   1.8118   1.87583   1.93172   1.97847   2.01048   2.02229   2.00236   1.92762   1.80148   1.68014   
0.0223911   0.0428025   0.014828   0.0135882   0.0131563   0.0128334   0.013085   0.0131336   0.0132904   0.0133356   0.0135781   0.0140948   0.0142613   0.0157845   0.0168165   0.0180673   0.0195947   0.0216022   0.0243789   0.0281861   0.0335652   0.041445   0.0534914   0.0737523   0.10299   0.133509   
-0.18721   -0.148012   -0.195541   -0.195467   -0.195481   -0.196396   -0.196708   -0.197468   -0.198153   -0.198797   -0.19906   -0.198531   -0.196796   -0.192458   -0.188934   -0.184549   -0.179172   -0.173053   -0.166744   -0.160376   -0.153801   -0.147226   -0.140906   -0.136398   -0.136501   -0.14258   

475000
-10   -8   -7   -6   -5   -4   -3   -2   -1   0   1   2   3   4   5   6   7   8   9   10   11   12   13   14   15   16   17   18   
0.0576367   0.0236328   0.141082   0.257928   0.367447   0.477831   0.593412   0.707962   0.82296   0.937401   1.05117   1.1626   1.27047   1.37308   1.47083   1.56756   1.65603   1.73826   1.81174   1.8761   1.93207   1.97956   2.01063   2.02226   2.00315   1.92645   1.79934   1.67811   
0.100597   0.0215886   0.0173931   0.0147423   0.0135485   0.0131281   0.012782   0.0130298   0.0130809   0.0132329   0.0133047   0.0135264   0.0140391   0.0142581   0.0149079   0.0157254   0.0167495   0.0180017   0.019531   0.0215386   0.0243269   0.0280989   0.0335485   0.0414559   0.0534275   0.0739288   0.103314   0.133842   
-0.0950002   -0.188384   -0.193311   -0.195572   -0.195451   -0.195503   -0.196456   -0.196765   -0.197505   -0.198172   -0.198816   -0.199078   -0.198542   -0.197089   -0.19469   -0.19246   -0.188879   -0.184512   -0.179159   -0.173102   -0.166809   -0.160528   -0.153858   -0.147275   -0.140993   -0.136449   -0.136586   -0.142723   

480000
-10   -8   -7   -6   -5   -4   -3   -2   -1   0   1   2   3   4   5   6   7   8   9   10   11   12   13   15   16   17   18   
0.0569499   0.0242273   0.141065   0.258018   0.367294   0.477939   0.593715   0.708234   0.823186   0.93757   1.05132   1.16274   1.2706   1.37371   1.47077   1.56763   1.65584   1.73815   1.81172   1.87639   1.9324   1.9806   2.01074   2.00369   1.92504   1.79723   1.67616   
0.100476   0.0211054   0.0172951   0.0146587   0.0135117   0.013108   0.012734   0.012977   0.0130305   0.0131781   0.0132779   0.0134772   0.0139827   0.0142319   0.0148386   0.0156689   0.0166841   0.0179373   0.019468   0.0214763   0.0242781   0.0280157   0.0335369   0.0533875   0.074139   0.10363   0.134162   
-0.0949788   -0.189031   -0.193335   -0.195601   -0.195431   -0.195514   -0.196513   -0.196821   -0.197543   -0.198193   -0.198837   -0.199096   -0.198557   -0.19722   -0.194667   -0.192466   -0.18883   -0.184484   -0.179155   -0.173154   -0.166872   -0.160673   -0.153909   -0.141069   -0.136498   -0.136667   -0.142861   

485000
-8   -7   -6   -5   -4   -3   -2   -1   0   1   2   3   4   5   6   7   8   9   10   11   12   13   14   15   16   17   18   
0.0247782   0.14108   0.258105   0.367111   0.478031   0.594007   0.708501   0.823413   0.937758   1.05148   1.16288   1.27073   1.37416   1.47076   1.56772   1.65569   1.73807   1.81175   1.87669   1.9327   1.9816   2.01122   2.02314   2.004   1.92346   1.79519   1.67431   
0.0207365   0.0171911   0.0145783   0.0134794   0.0130842   0.0126879   0.0129262   0.0129821   0.0131239   0.0132557   0.0134313   0.0139278   0.0141989   0.0147714   0.0156152   0.0166202   0.0178738   0.0194057   0.0214156   0.0242321   0.0279352   0.0334975   0.0413952   0.0533751   0.0743668   0.103932   0.134469   
-0.189529   -0.193372   -0.195627   -0.195405   -0.195534   -0.196571   -0.196876   -0.197581   -0.198221   -0.198862   -0.199117   -0.198573   -0.197309   -0.194654   -0.192475   -0.188788   -0.184461   -0.179158   -0.173206   -0.16693   -0.160814   -0.153992   -0.14743   -0.141136   -0.136542   -0.136745   -0.142994   

490000
-10   -8   -7   -6   -5   -4   -3   -2   -1   0   1   2   3   4   5   6   7   8   9   10   11   12   13   14   15   16   17   18   
0.0891695   0.0253077   0.141124   0.258195   0.366984   0.478136   0.594295   0.708765   0.82364   0.937959   1.05165   1.16303   1.27087   1.37452   1.47078   1.56783   1.65557   1.73803   1.81181   1.87697   1.93297   1.98256   2.01273   2.02464   2.00401   1.92187   1.79329   1.67277   
0.100371   0.0204865   0.0170814   0.0145021   0.0134475   0.013046   0.0126415   0.0128772   0.0129355   0.0130709   0.0132392   0.0133886   0.0138745   0.0141606   0.0147061   0.0155645   0.0165582   0.0178114   0.0193442   0.0213571   0.024189   0.0278575   0.0333815   0.0412684   0.0533917   0.0745949   0.104219   0.134725   
-0.0965075   -0.189892   -0.193422   -0.195653   -0.195388   -0.195576   -0.196633   -0.19693   -0.197618   -0.198253   -0.19889   -0.199138   -0.198589   -0.197377   -0.194648   -0.19249   -0.188753   -0.184446   -0.179167   -0.173258   -0.166985   -0.16095   -0.154165   -0.147574   -0.14119   -0.136586   -0.136821   -0.143108   

495000
-8   -7   -6   -5   -4   -3   -2   -1   0   1   2   3   4   5   6   7   8   9   10   11   12   13   14   15   16   17   18   
0.0258102   0.141192   0.258287   0.366919   0.478229   0.594572   0.709024   0.823866   0.938166   1.05183   1.16318   1.27101   1.37487   1.47084   1.56797   1.65548   1.73802   1.8119   1.87726   1.93321   1.98348   2.01411   2.02598   2.00381   1.92083   1.7914   1.67136   
0.0203938   0.0169671   0.0144319   0.0134159   0.0130112   0.0125971   0.0128299   0.0128906   0.0130198   0.013218   0.0133487   0.0138228   0.0141214   0.0146427   0.0155173   0.0164981   0.0177499   0.0192835   0.0213004   0.0241491   0.0277831   0.0332743   0.0411554   0.0534319   0.0747522   0.104501   0.134961   
-0.190091   -0.193481   -0.195677   -0.19538   -0.195613   -0.196692   -0.196982   -0.197655   -0.198287   -0.198917   -0.19916   -0.198607   -0.197441   -0.194649   -0.19251   -0.188724   -0.184436   -0.179181   -0.173309   -0.167035   -0.161081   -0.154327   -0.147706   -0.141234   -0.13663   -0.136894   -0.143214   

500000
-8   -7   -6   -5   -4   -3   -2   -1   0   1   2   3   4   5   6   7   8   9   10   11   12   13   14   15   16   17   18   
0.0259515   0.141281   0.258378   0.366841   0.478312   0.59484   0.709278   0.824089   0.938376   1.05194   1.16334   1.27116   1.37518   1.47092   1.56813   1.65543   1.73804   1.81202   1.87755   1.93342   1.98435   2.01539   2.02715   2.00342   1.91944   1.78953   1.67003   
0.0204181   0.0168492   0.0143699   0.0133903   0.0129793   0.0125544   0.012784   0.0128475   0.0129706   0.0131663   0.0133116   0.0137725   0.0140797   0.0145808   0.0154737   0.0164405   0.0176894   0.0192235   0.0212454   0.0241132   0.0277114   0.0331753   0.0410583   0.0534915   0.0749549   0.104778   0.135184   
-0.190053   -0.193549   -0.195697   -0.195366   -0.195646   -0.196749   -0.197034   -0.197692   -0.19832   -0.198922   -0.199183   -0.198625   -0.197496   -0.194656   -0.192538   -0.188703   -0.184431   -0.1792   -0.17336   -0.16708   -0.161207   -0.154479   -0.147827   -0.14127   -0.136672   -0.136966   -0.143316   

505000
-10   -8   -7   -6   -5   -4   -3   -2   -1   0   1   2   3   5   6   7   8   9   10   11   12   13   14   15   16   17   18   
0.0871611   0.025511   0.141388   0.258501   0.366741   0.478387   0.595099   0.709528   0.824306   0.938588   1.05208   1.1635   1.27131   1.47103   1.56835   1.6554   1.73807   1.81217   1.87783   1.9336   1.98519   2.01657   2.02816   2.00287   1.91777   1.78764   1.66888   
0.0999549   0.0203378   0.0167286   0.0143158   0.0133733   0.0129498   0.0125133   0.0127397   0.0128065   0.0129231   0.013115   0.0132745   0.0137238   0.0145204   0.0154341   0.0163849   0.0176298   0.0191642   0.0211922   0.0240798   0.0276433   0.033083   0.0409764   0.0535692   0.0751921   0.105063   0.13538   
-0.0965886   -0.189921   -0.193623   -0.195719   -0.195345   -0.195676   -0.196804   -0.197085   -0.197726   -0.198354   -0.198935   -0.199212   -0.198643   -0.194667   -0.192575   -0.188688   -0.184429   -0.179224   -0.173411   -0.167121   -0.161328   -0.154621   -0.147938   -0.1413   -0.136712   -0.137039   -0.143408   

510000
-10   -8   -7   -6   -5   -4   -3   -2   -1   0   1   2   3   4   5   6   7   8   9   10   11   12   13   14   15   16   17   18   
0.0512926   0.0251545   0.14151   0.25869   0.366621   0.478456   0.595345   0.709771   0.824517   0.938802   1.05224   1.16367   1.27146   1.37577   1.47116   1.56861   1.65538   1.73813   1.81234   1.8781   1.93378   1.98598   2.01767   2.02903   2.00221   1.916   1.78587   1.66799   
0.0994339   0.0202687   0.0166068   0.0142691   0.0133679   0.0129221   0.0124741   0.0126969   0.0127676   0.0128772   0.0130639   0.0132411   0.013677   0.0139961   0.0144614   0.0153986   0.0163313   0.0175713   0.0191059   0.0211407   0.0240478   0.0275783   0.0329992   0.0409058   0.0536563   0.0754449   0.105328   0.135536   
-0.0954289   -0.189816   -0.193702   -0.195748   -0.195313   -0.195703   -0.196856   -0.197134   -0.197758   -0.198388   -0.198955   -0.199242   -0.198663   -0.197598   -0.194683   -0.192624   -0.188676   -0.184432   -0.179252   -0.173461   -0.167163   -0.161443   -0.154755   -0.148038   -0.141323   -0.136752   -0.137109   -0.143485   

515000
-8   -7   -6   -3   -2   -1   0   1   2   3   4   5   6   7   8   9   10   11   12   13   14   15   16   17   18   
0.0248658   0.141673   0.258867   0.595577   0.710005   0.824722   0.939016   1.05242   1.16384   1.27161   1.37605   1.47131   1.56896   1.65539   1.7382   1.81253   1.87836   1.93476   1.98673   2.01866   2.02978   2.00148   1.91453   1.7842   1.66717   
0.0202032   0.0164789   0.014245   0.0124368   0.0126561   0.0127307   0.0128328   0.0130148   0.013212   0.0136328   0.013954   0.0144036   0.0153678   0.0162798   0.0175138   0.0190486   0.0210916   0.0239684   0.0275167   0.0329205   0.040846   0.0537503   0.0756566   0.105577   0.135685   
-0.189737   -0.193794   -0.195763   -0.196905   -0.197182   -0.197789   -0.198422   -0.198977   -0.199274   -0.198683   -0.197646   -0.194702   -0.192688   -0.188669   -0.184438   -0.179283   -0.173509   -0.167307   -0.161554   -0.154879   -0.148129   -0.141341   -0.136793   -0.137174   -0.143559   

520000
-8   -7   -6   -5   -4   -3   -2   -1   0   1   2   3   4   5   6   7   8   9   10   11   12   13   14   15   16   17   18   
0.0246355   0.141848   0.259027   0.366382   0.478817   0.595799   0.710227   0.82492   0.93923   1.05259   1.16403   1.27176   1.3763   1.47147   1.5691   1.65542   1.73828   1.81273   1.87861   1.93573   1.98743   2.01959   2.0304   2.00075   1.91291   1.78252   1.66639   
0.0201351   0.0163507   0.0142555   0.013358   0.0128496   0.0124009   0.0126175   0.012696   0.0127897   0.0129675   0.0131873   0.0135907   0.0139129   0.0143471   0.0153211   0.0162303   0.0174576   0.0189928   0.0210445   0.0238898   0.0274583   0.0328495   0.040799   0.0538458   0.075888   0.105829   0.135829   
-0.189683   -0.193886   -0.195757   -0.195261   -0.195793   -0.196952   -0.197227   -0.197817   -0.198455   -0.199   -0.199309   -0.198705   -0.197689   -0.194725   -0.192711   -0.188666   -0.184447   -0.179316   -0.173555   -0.167451   -0.161659   -0.154998   -0.148213   -0.141359   -0.136832   -0.137242   -0.14363   

525000
-8   -7   -6   -5   -4   -3   -2   -1   0   1   2   3   4   5   6   7   8   9   10   11   12   13   14   15   16   17   18   
0.0244573   0.141989   0.259005   0.366338   0.479069   0.596012   0.710441   0.825108   0.939442   1.05278   1.16423   1.27192   1.37654   1.47165   1.56907   1.65546   1.73838   1.81294   1.87884   1.9367   1.98808   2.02042   2.03089   2.00155   1.9112   1.7808   1.66566   
0.0200601   0.016232   0.0141871   0.0133163   0.0128079   0.0123665   0.0125804   0.0126635   0.0127479   0.0129218   0.0131676   0.0135482   0.01387   0.0142918   0.0152592   0.016183   0.017403   0.0189389   0.0209995   0.0238122   0.0274032   0.0327842   0.0407624   0.0537727   0.0761324   0.10609   0.135956   
-0.189657   -0.193962   -0.19577   -0.195278   -0.195848   -0.196997   -0.197271   -0.197843   -0.198489   -0.199024   -0.199349   -0.19873   -0.197728   -0.194751   -0.192693   -0.188667   -0.184459   -0.17935   -0.173599   -0.167593   -0.161758   -0.155107   -0.148288   -0.141433   -0.13687   -0.137311   -0.143696   

530000
-8   -7   -6   -5   -4   -3   -2   -1   0   1   2   3   4   5   6   7   8   9   10   11   12   13   14   15   16   17   18   
0.0243251   0.14213   0.258978   0.366296   0.47931   0.596215   0.710647   0.825286   0.939654   1.05297   1.16442   1.27209   1.37679   1.47184   1.56908   1.65552   1.73849   1.81315   1.87906   1.93767   1.98869   2.02118   2.03127   2.00246   1.90938   1.77906   1.66514   
0.0199752   0.0161166   0.0141175   0.013278   0.0127679   0.0123335   0.0125448   0.0126336   0.0127075   0.0128776   0.0131338   0.0135081   0.0138292   0.0142376   0.0151988   0.0161383   0.0173502   0.0188864   0.0209568   0.0237359   0.0273517   0.032725   0.0407368   0.0536904   0.0763897   0.106352   0.136052   
-0.189657   -0.194034   -0.195784   -0.195294   -0.195901   -0.197039   -0.197314   -0.197866   -0.198522   -0.199049   -0.199381   -0.198755   -0.197768   -0.19478   -0.192683   -0.188672   -0.184473   -0.179386   -0.173642   -0.167734   -0.161852   -0.15521   -0.148354   -0.14151   -0.136906   -0.13738   -0.143752   

535000
-8   -7   -6   -5   -4   -3   -2   -1   0   1   2   3   4   5   6   7   8   9   10   11   12   13   14   15   16   17   18   
0.0242345   0.1044   0.258954   0.366254   0.479539   0.596408   0.710845   0.825491   0.939865   1.05316   1.16459   1.27225   1.37703   1.47204   1.56912   1.6556   1.73862   1.81337   1.87926   1.93861   1.98925   2.02187   2.03153   2.00308   1.90783   1.77747   1.66479   
0.0198788   0.0416495   0.0140531   0.0132427   0.0127296   0.0123021   0.0125106   0.0125984   0.0126683   0.0128347   0.0130807   0.0134705   0.0137889   0.0141843   0.0151398   0.0160959   0.0172988   0.0188354   0.0209175   0.0236611   0.0273037   0.0326717   0.0407213   0.0536384   0.0766089   0.106589   0.136129   
-0.189685   -0.149109   -0.195797   -0.195308   -0.195951   -0.19708   -0.197355   -0.197901   -0.198554   -0.199076   -0.199403   -0.198781   -0.197809   -0.19481   -0.19268   -0.188683   -0.18449   -0.179422   -0.173681   -0.167872   -0.16194   -0.155305   -0.148411   -0.141576   -0.136941   -0.137445   -0.143799   

540000
-9   -8   -7   -6   -5   -4   -3   -2   -1   0   1   2   3   4   5   6   7   8   9   10   11   12   13   14   15   16   17   18   
0.0875314   0.0241981   0.104253   0.25893   0.36621   0.479755   0.596591   0.711035   0.825714   0.940073   1.05336   1.16477   1.27241   1.37726   1.47226   1.56919   1.65571   1.73875   1.81359   1.87943   1.93953   1.98976   2.02248   2.03168   2.00343   1.90624   1.77596   1.66447   
0.0895011   0.019765   0.0421669   0.013993   0.0132097   0.012693   0.0122722   0.012478   0.0125597   0.0126302   0.012793   0.0130295   0.0134353   0.0137479   0.0141321   0.0150821   0.0160561   0.0172488   0.0187859   0.0208804   0.0235888   0.0272596   0.0326237   0.0407158   0.0536133   0.0768325   0.106819   0.136201   
-0.0996325   -0.189745   -0.148146   -0.195809   -0.195321   -0.195999   -0.197119   -0.197395   -0.197947   -0.198586   -0.199102   -0.199428   -0.198807   -0.197847   -0.194843   -0.192683   -0.188699   -0.184509   -0.179459   -0.173717   -0.168007   -0.162023   -0.155392   -0.148461   -0.14163   -0.136974   -0.137508   -0.143843   

545000
-8   -7   -6   -5   -4   -3   -2   -1   0   1   2   3   4   5   6   7   8   9   10   11   12   13   14   15   16   17   18   
0.0242043   0.142569   0.258904   0.366162   0.479959   0.596762   0.711217   0.825927   0.940291   1.05355   1.16496   1.27257   1.3775   1.47248   1.56929   1.65585   1.73888   1.81381   1.87959   1.94041   1.99023   2.02302   2.03174   2.0035   1.90453   1.77444   1.66417   
0.0196363   0.015806   0.0139362   0.0131783   0.0126583   0.012244   0.0124469   0.0125231   0.0125912   0.0127525   0.0129801   0.0134032   0.0137095   0.0140807   0.0150258   0.016019   0.0172003   0.0187379   0.0208457   0.023519   0.0272185   0.0325819   0.0407174   0.0536203   0.0770742   0.107048   0.136256   
-0.189831   -0.19423   -0.195819   -0.195332   -0.196043   -0.197155   -0.197433   -0.19799   -0.198623   -0.199129   -0.199455   -0.198833   -0.197886   -0.194878   -0.192691   -0.188722   -0.184529   -0.179496   -0.17375   -0.168137   -0.1621   -0.155474   -0.148504   -0.141673   -0.137006   -0.137571   -0.143883   

550000
-8   -7   -6   -5   -4   -3   -2   -1   0   1   2   3   4   5   6   7   8   9   10   11   12   13   14   15   16   17   18   
0.0242359   0.142733   0.258876   0.36611   0.48015   0.596923   0.71139   0.826132   0.940513   1.05375   1.16516   1.27273   1.37773   1.47271   1.56941   1.65604   1.73903   1.81403   1.87973   1.94124   1.99065   2.02349   2.03172   2.00336   1.90271   1.77291   1.66388   
0.0194967   0.0157211   0.0138821   0.0131487   0.0126254   0.0122174   0.0124173   0.0124882   0.0125523   0.0127133   0.0129324   0.0133742   0.0136729   0.0140302   0.0149706   0.0159845   0.0171533   0.0186914   0.0208139   0.0234522   0.027181   0.032545   0.0407269   0.0536476   0.0773283   0.107282   0.136313   
-0.189936   -0.194289   -0.195828   -0.195341   -0.196084   -0.197188   -0.19747   -0.198031   -0.198661   -0.199157   -0.199484   -0.198861   -0.197925   -0.194914   -0.192705   -0.188753   -0.18455   -0.179534   -0.173782   -0.16826   -0.162172   -0.155548   -0.148541   -0.141707   -0.137037   -0.137635   -0.143924   

555000
-8   -7   -6   -5   -4   -3   -2   -1   0   1   2   3   4   5   6   7   8   9   10   11   12   13   14   15   16   17   18   
0.0242907   0.1429   0.258846   0.36605   0.48033   0.597073   0.711554   0.826329   0.940731   1.05395   1.16537   1.27289   1.37796   1.47294   1.56956   1.65627   1.73918   1.81424   1.87987   1.94205   1.99102   2.0239   2.03165   2.00303   1.90101   1.77138   1.6636   
0.0193476   0.0156525   0.0138303   0.0131209   0.0125944   0.0121926   0.0123894   0.012455   0.0125146   0.0126752   0.0128863   0.0133483   0.0136365   0.0139806   0.0149165   0.015953   0.0171078   0.0186465   0.0207841   0.023388   0.0271468   0.0325134   0.0407414   0.0536969   0.0775673   0.107514   0.136386   
-0.190057   -0.194339   -0.195836   -0.195349   -0.196122   -0.197219   -0.197505   -0.198071   -0.198699   -0.199184   -0.199513   -0.19889   -0.197963   -0.194952   -0.192722   -0.188794   -0.184573   -0.179572   -0.173812   -0.168381   -0.162239   -0.155617   -0.148574   -0.141734   -0.137069   -0.137698   -0.143967   

560000
-10   -8   -7   -6   -5   -4   -3   -2   -1   0   1   2   3   4   5   6   8   9   11   12   13   14   15   16   17   18   
0.0349387   0.0243641   0.14307   0.258814   0.366009   0.480498   0.597211   0.711709   0.826518   0.940945   1.05415   1.16559   1.27307   1.37818   1.47319   1.56971   1.73932   1.81446   1.94284   1.99134   2.02425   2.03155   2.00252   1.89927   1.76985   1.66334   
0.0971203   0.0191903   0.0156069   0.0137805   0.0130927   0.0125657   0.0121695   0.0123632   0.0124236   0.0124783   0.012638   0.0128396   0.0133262   0.0136026   0.0139318   0.0148634   0.0170641   0.0186036   0.0233253   0.0271172   0.032486   0.0407587   0.053765   0.0778105   0.107747   0.136446   
-0.097891   -0.190192   -0.194375   -0.195843   -0.195359   -0.196157   -0.197247   -0.197539   -0.198109   -0.198736   -0.199211   -0.199548   -0.198922   -0.198   -0.194991   -0.192742   -0.184597   -0.179608   -0.168498   -0.162299   -0.15568   -0.148605   -0.141753   -0.1371   -0.137761   -0.144006   

565000
-9   -8   -7   -6   -5   -4   -3   -2   -1   0   1   2   3   4   5   6   7   8   9   10   11   12   13   14   15   16   17   18   
-0.095957   0.0244568   0.143241   0.258862   0.366083   0.480651   0.597336   0.711855   0.826699   0.941152   1.05436   1.16582   1.27325   1.3784   1.47343   1.56987   1.65669   1.73947   1.81466   1.88062   1.9436   1.99161   2.02455   2.03148   2.00186   1.89749   1.76863   1.66317   
0.0299625   0.0190257   0.0155944   0.0137255   0.0130575   0.0125398   0.0121484   0.0123388   0.0123938   0.0124438   0.0126011   0.0127935   0.0133079   0.0135699   0.0138838   0.0148112   0.0158771   0.0170223   0.0185626   0.0206988   0.0232643   0.0270913   0.0324632   0.0407724   0.0538482   0.0780601   0.10793   0.13647   
-0.170824   -0.190339   -0.194392   -0.195867   -0.195388   -0.196187   -0.197273   -0.19757   -0.198145   -0.198771   -0.19924   -0.199585   -0.198957   -0.198037   -0.195032   -0.192762   -0.188865   -0.184621   -0.179644   -0.17394   -0.168612   -0.162353   -0.155738   -0.148637   -0.141765   -0.13713   -0.137814   -0.144036   

570000
-9   -8   -7   -6   -5   -4   -3   -2   -1   0   1   2   3   4   5   6   7   8   9   10   11   12   13   14   15   16   17   18   
-0.102113   0.0245701   0.14341   0.25896   0.366155   0.480788   0.597459   0.71199   0.826871   0.94135   1.05458   1.16605   1.27345   1.37861   1.47369   1.57004   1.65677   1.73963   1.81486   1.88138   1.94434   1.99184   2.0248   2.03282   2.0011   1.89567   1.76731   1.66327   
0.0328317   0.0188546   0.0156333   0.0136671   0.0130231   0.012517   0.0121266   0.0123167   0.0123658   0.0124111   0.0125623   0.0127489   0.0132908   0.0135377   0.0138366   0.0147599   0.0158226   0.0169822   0.0185235   0.0206334   0.0232052   0.027068   0.0324434   0.0406573   0.0539418   0.0783131   0.108124   0.136467   
-0.162961   -0.190498   -0.194376   -0.195901   -0.195417   -0.196213   -0.197302   -0.197601   -0.19818   -0.198805   -0.199276   -0.199623   -0.198994   -0.198073   -0.195074   -0.192784   -0.18887   -0.184647   -0.17968   -0.174058   -0.168723   -0.162403   -0.155791   -0.148756   -0.141771   -0.137159   -0.137869   -0.144054   

575000
-10   -9   -8   -7   -6   -5   -4   -3   -2   -1   0   1   2   3   4   5   6   7   8   9   10   11   12   13   14   15   16   17   18   
0.0525062   -0.105789   0.0247015   0.143352   0.259049   0.366225   0.480905   0.597578   0.712127   0.827035   0.941543   1.0548   1.16629   1.27365   1.37882   1.47395   1.57021   1.65689   1.73979   1.81505   1.88214   1.94506   1.99204   2.02499   2.034   2.00029   1.89393   1.7659   1.66338   
0.099892   0.0352871   0.0186792   0.0155906   0.0136102   0.0129895   0.0124985   0.0121047   0.0122934   0.0123395   0.0123797   0.0125245   0.0127055   0.0132421   0.0135081   0.0137904   0.0147095   0.0157692   0.0169439   0.0184861   0.0205688   0.0231479   0.0270469   0.0324293   0.0405561   0.0540413   0.0785523   0.108343   0.136472   
-0.0940524   -0.15671   -0.190667   -0.194364   -0.195932   -0.195445   -0.196232   -0.197334   -0.197636   -0.198213   -0.198838   -0.199312   -0.199661   -0.19902   -0.198109   -0.195117   -0.192806   -0.188883   -0.184673   -0.179714   -0.174177   -0.16883   -0.162449   -0.155838   -0.148865   -0.141775   -0.137187   -0.137928   -0.144072   

580000
-10   -9   -8   -7   -6   -5   -4   -3   -1   0   1   2   3   4   5   6   7   8   9   10   11   12   13   14   15   16   17   18   
0.0521342   -0.106855   0.0248434   0.143236   0.259119   0.366292   0.481   0.597686   0.827189   0.94173   1.05502   1.16653   1.27386   1.37902   1.47421   1.57038   1.65705   1.73996   1.81524   1.8829   1.94575   1.99305   2.02513   2.03503   1.99964   1.89223   1.76443   1.66346   
0.0998245   0.0374812   0.0185023   0.0155115   0.013555   0.0129568   0.0124853   0.0120847   0.0123153   0.0123497   0.0124875   0.0126632   0.0131923   0.0134806   0.0137453   0.0146598   0.0157166   0.0169074   0.0184507   0.0205049   0.0230926   0.0269724   0.0324187   0.0404668   0.0541229   0.0787926   0.108563   0.136481   
-0.0940425   -0.151802   -0.190839   -0.194365   -0.19596   -0.195471   -0.196243   -0.197363   -0.198244   -0.19887   -0.199348   -0.1997   -0.199053   -0.198143   -0.19516   -0.192829   -0.188903   -0.184702   -0.179749   -0.174297   -0.168935   -0.162581   -0.15588   -0.148964   -0.141785   -0.137215   -0.137986   -0.144092   

585000
-10   -9   -8   -7   -6   -5   -4   -3   -2   -1   0   1   2   3   4   5   6   7   8   9   10   11   12   14   15   16   17   18   
0.0516754   -0.106348   0.0249947   0.143139   0.259178   0.366357   0.481084   0.597785   0.712419   0.827333   0.94191   1.05524   1.16677   1.27409   1.37921   1.47447   1.57056   1.65724   1.74013   1.81543   1.88367   1.94641   1.99429   2.03595   1.99987   1.89054   1.76291   1.66352   
0.0997333   0.0394823   0.0183254   0.0154386   0.0135012   0.0129249   0.0124733   0.0120664   0.0122476   0.0122932   0.012321   0.0124513   0.0126221   0.0131441   0.013454   0.0137013   0.0146109   0.015665   0.0168729   0.0184171   0.0204418   0.0230391   0.026883   0.0403895   0.0541093   0.079024   0.108789   0.13648   
-0.094044   -0.14778   -0.191012   -0.194369   -0.195985   -0.195497   -0.196254   -0.197389   -0.197711   -0.198274   -0.198901   -0.199384   -0.199738   -0.199088   -0.198177   -0.195204   -0.192854   -0.18893   -0.184731   -0.179783   -0.174416   -0.169035   -0.162737   -0.149055   -0.141827   -0.137241   -0.138045   -0.14411   

590000
-9   -8   -7   -6   -5   -4   -2   -1   0   1   2   3   4   5   6   7   8   9   10   11   12   13   14   15   16   17   18   
-0.10492   0.0251531   0.143057   0.259225   0.366415   0.481216   0.712718   0.827469   0.942084   1.05546   1.16701   1.27432   1.3794   1.47472   1.57075   1.65746   1.74031   1.81562   1.88444   1.94705   1.99546   2.0266   2.03674   1.9998   1.88879   1.76142   1.66359   
0.0412391   0.0181504   0.0153705   0.0134486   0.0128945   0.0124421   0.0122039   0.0122732   0.0122938   0.012416   0.0125818   0.0130973   0.0134299   0.013659   0.0145628   0.0156142   0.0168402   0.0183853   0.0203798   0.0229875   0.0267977   0.0323056   0.0403231   0.0541268   0.0792701   0.109012   0.136482   
-0.144499   -0.191185   -0.194375   -0.196007   -0.195521   -0.196297   -0.19777   -0.198303   -0.19893   -0.199419   -0.199778   -0.199124   -0.198211   -0.195248   -0.19288   -0.188961   -0.184764   -0.179818   -0.174536   -0.169133   -0.162886   -0.156064   -0.149138   -0.141856   -0.137267   -0.138103   -0.144129   

595000
-9   -8   -7   -6   -5   -4   -3   -2   -1   0   1   2   3   4   5   6   7   8   9   10   11   12   13   14   15   16   17   18   
-0.0884616   0.0252918   0.142989   0.259262   0.366465   0.481339   0.59814   0.713012   0.827597   0.942249   1.05568   1.16725   1.27457   1.37958   1.47498   1.57094   1.6577   1.74052   1.81582   1.88521   1.94766   1.99657   2.02786   2.03743   1.99944   1.88703   1.75984   1.66363   
0.0231509   0.0179866   0.0153063   0.0133975   0.0128656   0.0124131   0.0120143   0.0121616   0.0122555   0.0122681   0.0123817   0.0125425   0.013052   0.0134086   0.0136179   0.0145153   0.0155643   0.0168096   0.0183553   0.0203187   0.0229378   0.0267174   0.032208   0.040267   0.054174   0.0795123   0.109248   0.136494   
-0.185199   -0.19134   -0.194383   -0.196027   -0.195543   -0.196337   -0.197468   -0.197829   -0.19833   -0.198958   -0.199454   -0.199817   -0.199163   -0.198244   -0.195292   -0.192907   -0.188997   -0.1848   -0.179854   -0.174654   -0.169227   -0.163029   -0.156201   -0.149214   -0.141874   -0.137291   -0.138163   -0.14415   

600000
-10   -9   -8   -7   -6   -5   -4   -3   -2   0   1   2   3   4   5   6   7   8   9   10   11   12   13   14   15   16   17   18   
0.0499332   -0.0890034   0.025386   0.142966   0.259286   0.366509   0.481454   0.598419   0.713302   0.942407   1.05589   1.16749   1.27482   1.37976   1.47523   1.57114   1.65796   1.74074   1.81603   1.88597   1.94825   1.99762   2.02903   2.038   1.99887   1.88545   1.7583   1.66366   
0.0993851   0.0230538   0.0178412   0.0152406   0.013348   0.012838   0.0123858   0.0119776   0.0121207   0.0122441   0.0123484   0.0125042   0.0130079   0.0133879   0.0135779   0.0144686   0.0155151   0.0167811   0.0183273   0.0202586   0.02289   0.0266408   0.0321168   0.0402211   0.0542457   0.0797311   0.109476   0.136508   
-0.0941157   -0.185053   -0.191461   -0.194401   -0.196044   -0.195562   -0.196375   -0.197523   -0.197886   -0.198985   -0.199488   -0.199856   -0.199202   -0.198277   -0.195336   -0.192936   -0.189037   -0.18484   -0.179891   -0.174772   -0.169318   -0.163165   -0.15633   -0.149282   -0.141884   -0.137316   -0.138222   -0.144171   

605000
-9   -8   -7   -6   -5   -4   -3   -2   -1   0   1   2   3   4   5   6   7   9   10   11   12   13   14   15   16   17   18   
-0.0894628   0.0254816   0.142986   0.259297   0.366546   0.481561   0.598691   0.713587   0.827918   0.942554   1.0561   1.16773   1.27507   1.37995   1.47549   1.57135   1.65824   1.81636   1.88671   1.94881   1.99862   2.03013   2.03844   1.99816   1.88386   1.75661   1.66366   
0.0229711   0.0177001   0.0151726   0.0133002   0.012812   0.0123601   0.0119421   0.012081   0.0122132   0.0122219   0.0123165   0.0124667   0.0129649   0.0133701   0.013539   0.0144226   0.0154668   0.01829   0.0201998   0.0228441   0.0265683   0.0320321   0.0401861   0.0543308   0.0799517   0.109725   0.136518   
-0.184933   -0.191578   -0.194428   -0.196058   -0.19558   -0.19641   -0.197576   -0.197943   -0.198394   -0.19901   -0.199521   -0.199896   -0.199243   -0.198311   -0.19538   -0.192966   -0.18908   -0.179948   -0.174888   -0.169405   -0.163294   -0.156452   -0.149341   -0.141887   -0.137341   -0.138283   -0.144191   

610000
-9   -8   -7   -6   -5   -4   -3   -2   -1   0   1   2   3   4   5   6   7   8   9   10   11   12   13   14   15   16   17   18   
-0.0898559   0.0255773   0.143013   0.259295   0.366576   0.481662   0.598956   0.713867   0.828195   0.942693   1.0563   1.16798   1.27533   1.38013   1.47574   1.57156   1.65853   1.7413   1.81689   1.88744   1.94935   1.99956   2.03114   2.03878   1.99751   1.88219   1.75491   1.66366   
0.0228974   0.0175652   0.0151062   0.0132543   0.012788   0.0123358   0.0119076   0.0120425   0.0121738   0.0122016   0.0122862   0.0124301   0.0129232   0.0133555   0.0135012   0.0143772   0.0154192   0.016711   0.0182349   0.0201424   0.0227999   0.0264999   0.0319536   0.0401609   0.0544139   0.080184   0.109976   0.136545   
-0.184835   -0.191688   -0.194457   -0.196069   -0.195596   -0.196442   -0.197629   -0.197999   -0.198443   -0.199033   -0.199553   -0.199935   -0.199285   -0.198346   -0.195423   -0.192998   -0.189127   -0.184936   -0.180034   -0.175001   -0.169489   -0.163417   -0.156567   -0.149393   -0.141895   -0.137366   -0.138346   -0.144215   

615000
-9   -8   -7   -6   -5   -4   -3   -2   -1   0   1   2   3   5   6   7   8   9   10   11   12   13   14   15   16   17   18   
-0.0901954   0.0256712   0.143045   0.259282   0.366599   0.481755   0.599215   0.714142   0.828468   0.942823   1.05649   1.16822   1.27559   1.47598   1.57179   1.65884   1.74163   1.81744   1.88815   1.94986   2.00044   2.03209   2.03902   1.99755   1.88047   1.75324   1.66366   
0.0228275   0.017438   0.0150411   0.0132106   0.012766   0.0123129   0.0118742   0.0120051   0.0121358   0.0121832   0.0122569   0.0123944   0.0128825   0.0134645   0.0143325   0.0153722   0.01666   0.0181804   0.0200868   0.022758   0.0264343   0.0318807   0.040145   0.0544188   0.0804226   0.110226   0.136552   
-0.184759   -0.191791   -0.194486   -0.196078   -0.195609   -0.196473   -0.19768   -0.198054   -0.198492   -0.199055   -0.199584   -0.199974   -0.199327   -0.195467   -0.193032   -0.189176   -0.184988   -0.180123   -0.175111   -0.16957   -0.163535   -0.156676   -0.149437   -0.141925   -0.13739   -0.138408   -0.144235   

620000
-9   -8   -7   -6   -5   -4   -3   -1   0   1   2   3   4   5   6   7   8   9   10   11   12   14   15   17   18   
-0.0904886   0.0257655   0.143081   0.259382   0.366618   0.481839   0.599468   0.828739   0.942957   1.05668   1.16847   1.27586   1.3806   1.47623   1.57201   1.65915   1.74198   1.818   1.88882   1.95034   2.00129   2.03916   1.99725   1.75161   1.66403   
0.0227571   0.0173201   0.0149767   0.0131607   0.0127464   0.0122914   0.0118418   0.0120991   0.0121646   0.0122287   0.0123579   0.0128427   0.0133038   0.0134292   0.0142885   0.015326   0.0166096   0.0181265   0.0200337   0.0227181   0.0263723   0.0401378   0.0544597   0.110464   0.136499   
-0.184707   -0.191885   -0.194516   -0.196109   -0.19562   -0.196501   -0.197729   -0.198539   -0.199081   -0.199615   -0.200016   -0.19937   -0.198426   -0.19551   -0.193067   -0.189227   -0.185045   -0.180215   -0.175216   -0.169646   -0.163647   -0.149475   -0.141942   -0.138468   -0.144233   

625000
-9   -8   -7   -6   -4   -3   -2   -1   0   1   2   3   4   5   6   7   8   9   10   11   12   13   14   15   16   17   18   
-0.0907438   0.0258666   0.14312   0.259487   0.482024   0.599714   0.71468   0.829004   0.943092   1.05687   1.16872   1.27613   1.38088   1.47647   1.57225   1.65948   1.74235   1.81858   1.88947   1.95078   2.00209   2.03375   2.03921   1.99671   1.87722   1.74999   1.66443   
0.0226824   0.0172126   0.0149129   0.0131116   0.0122616   0.0118104   0.0119331   0.0120638   0.0121469   0.0122016   0.0123215   0.0128039   0.013263   0.0133951   0.0142452   0.0152804   0.0165598   0.0180732   0.019982   0.0226807   0.0263142   0.0317518   0.0401386   0.0545275   0.0808724   0.110705   0.13644   
-0.184679   -0.191973   -0.194547   -0.19614   -0.196546   -0.197777   -0.198161   -0.198586   -0.199108   -0.199644   -0.200059   -0.199414   -0.198471   -0.195553   -0.193103   -0.18928   -0.185106   -0.180308   -0.175318   -0.169718   -0.163755   -0.156872   -0.149507   -0.141949   -0.137437   -0.138529   -0.14423   

630000
-9   -8   -7   -6   -5   -4   -3   -2   -1   0   1   2   3   4   5   6   7   8   9   10   11   12   13   14   15   16   17   18   
-0.0909626   0.0259852   0.143163   0.259575   0.366822   0.482279   0.599954   0.714943   0.829264   0.94322   1.05705   1.16897   1.27639   1.38117   1.4767   1.57249   1.65982   1.74274   1.81916   1.89011   1.9512   2.00284   2.03449   2.03919   1.99597   1.87569   1.74837   1.66482   
0.0226005   0.0171169   0.0148496   0.0130654   0.0127014   0.0122261   0.0117799   0.0118984   0.0120299   0.0121316   0.0121755   0.0122858   0.012766   0.0132235   0.0133623   0.0142028   0.0152354   0.0165107   0.0180205   0.0199317   0.0226452   0.0262582   0.0316952   0.0401472   0.0546166   0.081084   0.110944   0.136398   
-0.184678   -0.192058   -0.194579   -0.196166   -0.195664   -0.196602   -0.197824   -0.198213   -0.198631   -0.199135   -0.199673   -0.200102   -0.199458   -0.198517   -0.195595   -0.193142   -0.189336   -0.18517   -0.180402   -0.175419   -0.169787   -0.163857   -0.156962   -0.149534   -0.14195   -0.13746   -0.13859   -0.14423   

635000
-9   -8   -7   -6   -5   -4   -3   -2   -1   1   2   3   5   6   7   8   9   10   11   12   13   14   15   16   17   18   
-0.0911502   0.0261401   0.143207   0.259644   0.366933   0.482526   0.600188   0.715201   0.82952   1.05722   1.16922   1.27666   1.47693   1.57274   1.66017   1.74315   1.81975   1.89073   1.9516   2.00354   2.03516   2.0391   1.99508   1.87417   1.74678   1.66518   
0.0225096   0.0170347   0.0147866   0.0130224   0.012683   0.0121917   0.0117505   0.0118645   0.0119971   0.0121506   0.0122511   0.0127289   0.0133307   0.0141613   0.015191   0.0164621   0.0179685   0.0198826   0.0226114   0.0262057   0.0316438   0.0401597   0.0547231   0.0812959   0.111185   0.136361   
-0.184704   -0.192139   -0.194611   -0.196188   -0.195683   -0.196655   -0.19787   -0.198264   -0.198676   -0.199701   -0.200145   -0.199502   -0.195637   -0.193181   -0.189393   -0.185236   -0.180498   -0.175517   -0.169852   -0.163954   -0.157045   -0.149555   -0.141945   -0.137482   -0.138652   -0.144231   

640000
-9   -8   -7   -6   -5   -4   -3   -2   -1   0   1   2   3   4   5   6   7   8   9   10   11   12   13   14   15   16   17   18   
-0.0913114   0.026326   0.143252   0.259691   0.367026   0.482763   0.600415   0.715456   0.829772   0.943574   1.05739   1.16947   1.27693   1.38176   1.47716   1.57299   1.66052   1.74356   1.82034   1.89134   1.95197   2.00421   2.03577   2.03896   1.99448   1.87264   1.7452   1.6655   
0.0224099   0.0169719   0.0147241   0.0129835   0.0126706   0.0121585   0.011722   0.0118313   0.0119655   0.0120877   0.0121271   0.0122173   0.0126926   0.0131463   0.0133005   0.014121   0.0151471   0.0164141   0.0179169   0.0198346   0.0225794   0.0261563   0.031597   0.0401768   0.0547968   0.0815065   0.11142   0.136321   
-0.184754   -0.192209   -0.194643   -0.196203   -0.195695   -0.196707   -0.197913   -0.198315   -0.198719   -0.199201   -0.199727   -0.200187   -0.199546   -0.198612   -0.195678   -0.193221   -0.189451   -0.185304   -0.180594   -0.175612   -0.169914   -0.164047   -0.157123   -0.149574   -0.14195   -0.137504   -0.138713   -0.144232   

645000
-9   -8   -7   -6   -5   -4   -3   -2   -1   0   1   2   3   4   5   6   7   8   9   10   11   12   13   14   15   16   17   18   
-0.0914344   0.0265166   0.143299   0.259716   0.367096   0.482992   0.600636   0.715708   0.830018   0.943846   1.05754   1.16971   1.27721   1.38206   1.47738   1.57324   1.66088   1.74399   1.82094   1.89193   1.95232   2.00483   2.03632   2.03878   1.99394   1.87113   1.74363   1.66582   
0.0222974   0.0169395   0.0146619   0.0129492   0.0126665   0.0121264   0.0116944   0.0117988   0.011935   0.0120509   0.0121048   0.0121847   0.0126566   0.0131085   0.0132717   0.014082   0.0151039   0.0163668   0.017866   0.0197879   0.0225491   0.0261099   0.0315544   0.0402012   0.0548634   0.0817151   0.111654   0.136284   
-0.184834   -0.192257   -0.194676   -0.196211   -0.195698   -0.196757   -0.197956   -0.198365   -0.198762   -0.199248   -0.199752   -0.200229   -0.199591   -0.198661   -0.195719   -0.193262   -0.189512   -0.185375   -0.18069   -0.175705   -0.169973   -0.164134   -0.157194   -0.149588   -0.141957   -0.137524   -0.138774   -0.144234   

650000
-10   -9   -8   -7   -6   -5   -4   -3   -2   -1   0   1   2   3   4   5   6   7   8   9   10   11   12   13   15   16   17   18   
0.0774303   -0.0915007   0.026714   0.143345   0.259716   0.367143   0.48321   0.600849   0.715955   0.83026   0.944117   1.0577   1.16994   1.27749   1.38237   1.4776   1.57349   1.66125   1.74443   1.82154   1.8925   1.95265   2.00541   2.0368   1.9932   1.86963   1.74206   1.6661   
0.0980831   0.0221669   0.0169486   0.0146001   0.0129203   0.0126729   0.0120955   0.0116678   0.011767   0.0119056   0.0120151   0.012083   0.0121536   0.0126196   0.0130718   0.0132444   0.0140439   0.0150612   0.0163201   0.0178157   0.0197424   0.0225203   0.0260666   0.0315171   0.0549529   0.08192   0.111891   0.136253   
-0.0962596   -0.184952   -0.192273   -0.194709   -0.196213   -0.195689   -0.196805   -0.197997   -0.198414   -0.198803   -0.199295   -0.199778   -0.200268   -0.19964   -0.198711   -0.19576   -0.193303   -0.189573   -0.185448   -0.180787   -0.175797   -0.17003   -0.164217   -0.157261   -0.141955   -0.137544   -0.138837   -0.144238   

655000
-10   -9   -8   -7   -6   -5   -4   -3   -2   -1   0   1   2   3   4   5   6   7   8   9   10   11   12   13   14   15   16   17   18   
0.0403261   -0.0915442   0.0269165   0.143392   0.259691   0.36724   0.483419   0.601053   0.716199   0.830496   0.944386   1.05786   1.17017   1.27777   1.38268   1.47781   1.57374   1.66162   1.74488   1.82214   1.89306   1.95296   2.00594   2.03723   2.03945   1.99231   1.86832   1.74049   1.66636   
0.0975006   0.0220253   0.0170191   0.0145387   0.0128979   0.0126424   0.0120657   0.0116424   0.0117358   0.0118773   0.0119803   0.0120603   0.0121235   0.0125832   0.0130361   0.0132186   0.0140067   0.015019   0.0162739   0.017766   0.0196981   0.0224928   0.0260263   0.0314841   0.0401496   0.0550578   0.0821014   0.112126   0.136228   
-0.0952296   -0.185093   -0.192241   -0.194741   -0.196206   -0.195725   -0.196851   -0.198036   -0.198463   -0.198843   -0.199341   -0.199808   -0.200307   -0.199688   -0.198761   -0.1958   -0.193345   -0.189636   -0.185522   -0.180885   -0.175886   -0.170084   -0.164295   -0.157321   -0.149682   -0.141949   -0.137564   -0.138899   -0.144243   

660000
-9   -8   -7   -6   -5   -4   -3   -2   -1   0   1   2   3   5   6   7   8   9   10   11   12   13   14   15   16   17   18   
-0.0915738   0.0269481   0.143425   0.25964   0.367343   0.483621   0.601247   0.716439   0.830727   0.944653   1.05802   1.17039   1.27805   1.47802   1.57399   1.662   1.74533   1.82275   1.89361   1.95325   2.00644   2.0376   2.04036   1.99131   1.86699   1.73894   1.66662   
0.0218729   0.0170355   0.0144794   0.0128838   0.0126079   0.0120368   0.0116181   0.0117052   0.01185   0.0119466   0.0120391   0.0120945   0.0125476   0.0131944   0.0139704   0.0149774   0.0162283   0.0177168   0.019655   0.0224672   0.0259888   0.031456   0.0400716   0.0551757   0.0822828   0.112359   0.136199   
-0.185255   -0.192207   -0.19477   -0.196189   -0.195766   -0.196895   -0.198074   -0.198511   -0.198882   -0.199387   -0.199837   -0.200345   -0.199737   -0.195841   -0.193387   -0.1897   -0.185597   -0.180982   -0.175973   -0.170134   -0.164368   -0.157377   -0.149765   -0.141938   -0.137582   -0.13896   -0.144248   

665000
-9   -8   -7   -6   -5   -4   -3   -2   -1   0   1   2   3   4   5   6   7   8   9   10   11   12   13   14   15   16   17   18   
-0.0915868   0.0268262   0.143455   0.25967   0.367441   0.483816   0.601433   0.716675   0.830953   0.944918   1.05817   1.17061   1.27833   1.38329   1.47823   1.57424   1.66238   1.74579   1.82335   1.89414   1.95377   2.00689   2.03792   2.04116   1.99021   1.86565   1.73741   1.66683   
0.0217111   0.0169414   0.0144209   0.012873   0.0125752   0.0120088   0.0115949   0.0116754   0.0118238   0.0119138   0.0120194   0.0120664   0.0125127   0.0129661   0.0131722   0.0139349   0.0149363   0.0161832   0.0176682   0.0196131   0.0224282   0.0259542   0.0314317   0.0400024   0.0553042   0.0824707   0.112588   0.136175   
-0.185434   -0.192224   -0.194797   -0.196184   -0.195805   -0.196938   -0.198109   -0.198558   -0.198919   -0.199433   -0.199865   -0.200381   -0.199785   -0.198863   -0.195881   -0.193429   -0.189764   -0.185673   -0.18108   -0.176057   -0.170213   -0.164437   -0.157427   -0.14984   -0.141924   -0.137603   -0.139021   -0.144255   

670000
-9   -8   -7   -6   -5   -4   -3   -2   -1   0   1   2   3   4   5   6   7   8   9   10   11   12   13   14   15   16   17   18   
-0.0915873   0.0267207   0.143484   0.259719   0.367533   0.484004   0.601612   0.716905   0.831173   0.945179   1.05831   1.17082   1.27861   1.38361   1.47844   1.57449   1.66277   1.74626   1.82395   1.89465   1.95482   2.00729   2.03818   2.04186   1.98954   1.86431   1.73591   1.66703   
0.0215407   0.0168538   0.014363   0.0128717   0.0125442   0.0119817   0.0115726   0.0116463   0.0117986   0.0118819   0.0120013   0.0120393   0.0124784   0.0129315   0.0131518   0.0139005   0.0148958   0.0161386   0.0176202   0.0195724   0.0223576   0.0259234   0.0314124   0.0399421   0.0553851   0.082655   0.112814   0.136155   
-0.185629   -0.192243   -0.194824   -0.196175   -0.195842   -0.196979   -0.198143   -0.198604   -0.198955   -0.199478   -0.199892   -0.200417   -0.199833   -0.198915   -0.195922   -0.193471   -0.189829   -0.185751   -0.181177   -0.176139   -0.170358   -0.164499   -0.157472   -0.149909   -0.141923   -0.137622   -0.13908   -0.144262   

675000
-9   -8   -7   -6   -5   -4   -3   -2   -1   0   1   2   3   4   5   6   7   8   9   10   11   12   13   14   15   16   17   18   
-0.0915761   0.026629   0.143512   0.259728   0.367619   0.484186   0.601784   0.717128   0.831387   0.945438   1.05845   1.17102   1.2789   1.38392   1.47865   1.57473   1.66315   1.74673   1.82455   1.89514   1.95583   2.00764   2.03837   2.04246   1.98883   1.86296   1.73443   1.66723   
0.0213633   0.0167716   0.0143056   0.012888   0.0125146   0.0119555   0.0115514   0.0116181   0.0117746   0.0118509   0.0119849   0.0120132   0.0124448   0.0128977   0.0131332   0.013867   0.014856   0.0160946   0.0175729   0.0195333   0.0222896   0.0258959   0.0313982   0.0398901   0.0554702   0.0828413   0.113037   0.136136   
-0.185836   -0.192263   -0.194851   -0.196149   -0.195877   -0.197019   -0.198176   -0.198648   -0.19899   -0.199522   -0.199917   -0.200452   -0.199882   -0.198967   -0.195964   -0.193513   -0.189895   -0.185829   -0.181274   -0.176219   -0.170498   -0.164556   -0.157511   -0.149971   -0.141921   -0.137642   -0.13914   -0.14427   

680000
-9   -8   -7   -6   -5   -4   -3   -1   0   1   2   3   4   6   7   8   9   10   11   12   13   14   15   17   18   
-0.0915542   0.0265492   0.143542   0.259704   0.367701   0.484362   0.601965   0.831608   0.945693   1.05857   1.17122   1.27917   1.38423   1.57498   1.66354   1.7472   1.82514   1.89562   1.95681   2.00796   2.03852   2.04295   1.98796   1.73296   1.6674   
0.0211801   0.0166939   0.014249   0.0128772   0.0124863   0.0119302   0.0115272   0.0117494   0.0118208   0.0119704   0.0119879   0.0124118   0.0128646   0.0138345   0.0148169   0.016051   0.0175263   0.0194956   0.022224   0.025871   0.0313874   0.0398496   0.0555727   0.113257   0.136124   
-0.186053   -0.192284   -0.194878   -0.19614   -0.195911   -0.197057   -0.198215   -0.199027   -0.199566   -0.199941   -0.200486   -0.19993   -0.19902   -0.193554   -0.18996   -0.185908   -0.18137   -0.176295   -0.170634   -0.164609   -0.157546   -0.150025   -0.141912   -0.139198   -0.144279   

685000
-9   -8   -7   -6   -5   -4   -3   -1   0   2   3   4   5   6   7   8   9   10   11   12   13   14   15   16   17   18   
-0.0915203   0.0264799   0.143572   0.259661   0.367778   0.484532   0.60214   0.831862   0.945946   1.17143   1.27945   1.38454   1.47924   1.57522   1.66391   1.74768   1.82572   1.89607   1.95775   2.00825   2.03865   2.04334   1.98692   1.86038   1.73152   1.66757   
0.0209918   0.01662   0.0141931   0.0128346   0.0124592   0.0119058   0.0115038   0.0117181   0.0117914   0.011962   0.0123796   0.0128323   0.0130763   0.0138029   0.0147789   0.0160079   0.0174807   0.0194592   0.0221604   0.0258482   0.0313783   0.0398164   0.055692   0.0831999   0.113476   0.136119   
-0.186279   -0.192307   -0.194905   -0.196155   -0.195944   -0.197094   -0.198252   -0.199078   -0.199609   -0.200523   -0.199978   -0.199072   -0.196072   -0.193596   -0.190024   -0.185988   -0.181465   -0.176369   -0.170766   -0.164659   -0.157578   -0.150073   -0.141897   -0.137682   -0.139256   -0.14429   

690000
-9   -8   -7   -6   -5   -4   -3   -2   -1   0   1   2   3   4   5   6   7   8   9   10   11   12   13   14   15   16   17   18   
-0.0914723   0.026419   0.143603   0.259589   0.367853   0.484695   0.602309   0.717756   0.832113   0.946195   1.05883   1.17162   1.27972   1.38485   1.47962   1.57545   1.66428   1.74816   1.82629   1.89651   1.95867   2.00851   2.03876   2.04366   1.98579   1.85918   1.73011   1.66771   
0.0207983   0.016549   0.0141384   0.0127959   0.0124332   0.0118825   0.0114811   0.0115385   0.0116876   0.0117628   0.0119439   0.0119373   0.0123483   0.0128007   0.0130359   0.0137723   0.0147419   0.0159653   0.0174363   0.0194239   0.0220986   0.0258276   0.0313706   0.0397919   0.0558237   0.083369   0.113688   0.136097   
-0.186516   -0.19233   -0.194933   -0.196163   -0.195974   -0.197129   -0.198289   -0.198775   -0.199128   -0.199651   -0.199991   -0.200558   -0.200025   -0.199123   -0.196138   -0.193637   -0.190087   -0.186068   -0.181558   -0.17644   -0.170894   -0.164705   -0.157608   -0.150115   -0.141879   -0.137702   -0.139312   -0.144297   

695000
-10   -9   -8   -7   -6   -5   -4   -3   -1   0   1   2   3   4   5   6   7   8   9   10   11   12   13   14   15   16   17   18   
-0.206626   -0.0914151   0.0263662   0.143633   0.259487   0.367924   0.484851   0.602473   0.832359   0.946442   1.05911   1.17181   1.27999   1.38517   1.48   1.57568   1.66465   1.74864   1.82684   1.89693   1.95956   2.00874   2.03887   2.04388   1.98478   1.85798   1.72872   1.66838   
0.0282661   0.0206017   0.0164805   0.0140849   0.0127612   0.0124081   0.0118602   0.0114592   0.0116578   0.0117349   0.01191   0.0119136   0.0123181   0.0127688   0.0129963   0.0137426   0.0147056   0.0159231   0.0173933   0.01939   0.0220387   0.0258088   0.0313628   0.0397743   0.0559406   0.0835361   0.113897   0.136003   
-0.172111   -0.186759   -0.192355   -0.194959   -0.196164   -0.196004   -0.197162   -0.198324   -0.199177   -0.199693   -0.200038   -0.200592   -0.200071   -0.199176   -0.196205   -0.193677   -0.19015   -0.186149   -0.181647   -0.17651   -0.171019   -0.164749   -0.157639   -0.150151   -0.141864   -0.137721   -0.139367   -0.144278   

700000
-10   -9   -8   -7   -6   -5   -4   -3   -2   -1   0   1   2   3   4   5   6   7   8   9   10   11   12   13   14   15   16   17   18   
-0.205789   -0.107645   0.0263196   0.143698   0.259433   0.367992   0.484998   0.602632   0.71815   0.8326   0.946685   1.05938   1.172   1.28025   1.38548   1.48039   1.57591   1.66501   1.74912   1.82737   1.89733   1.96042   2.00896   2.03953   2.04403   1.98385   1.85679   1.72736   1.66901   
0.0272661   0.0422637   0.0164138   0.0140296   0.0127259   0.0123837   0.0118394   0.0114378   0.0114887   0.0116288   0.0117077   0.0118771   0.0118911   0.0122891   0.0127368   0.0129574   0.013714   0.01467   0.0158815   0.0173515   0.0193573   0.0219805   0.0257908   0.0313122   0.0397653   0.0560495   0.0836999   0.114099   0.13592   
-0.174456   -0.141266   -0.19238   -0.194993   -0.196173   -0.196033   -0.197193   -0.198359   -0.198855   -0.199225   -0.199734   -0.200085   -0.200625   -0.200115   -0.19923   -0.196274   -0.193717   -0.190212   -0.18623   -0.181735   -0.176576   -0.171141   -0.16479   -0.157716   -0.150181   -0.141852   -0.13774   -0.139421   -0.144261   

705000
-10   -9   -8   -7   -6   -5   -4   -3   -2   -1   0   1   2   3   4   5   6   7   8   9   10   11   12   13   14   15   16   17   18   
-0.205298   -0.0912834   0.0262782   0.143807   0.259426   0.368059   0.485137   0.602786   0.71834   0.832835   0.946925   1.05966   1.17217   1.2805   1.3858   1.48078   1.57613   1.66537   1.7496   1.8279   1.89772   1.96126   2.00916   2.04051   2.04409   1.98283   1.8556   1.72604   1.6696   
0.0265577   0.0202085   0.016349   0.0139718   0.0126894   0.01236   0.0118202   0.0114172   0.0114648   0.0116007   0.0116811   0.011845   0.0118697   0.0122607   0.0127055   0.0129193   0.0136864   0.014635   0.0158404   0.0173103   0.0193258   0.0219241   0.0257753   0.0312353   0.0397628   0.0561667   0.083865   0.114302   0.135841   
-0.176034   -0.187244   -0.192406   -0.195035   -0.196191   -0.196061   -0.197221   -0.198392   -0.198893   -0.199271   -0.199775   -0.200131   -0.200657   -0.200159   -0.199283   -0.196342   -0.193756   -0.190275   -0.186311   -0.181821   -0.17664   -0.171259   -0.164828   -0.157821   -0.150206   -0.141836   -0.137759   -0.139475   -0.144248   

710000
-10   -9   -8   -7   -6   -4   -3   -1   0   1   2   3   4   5   6   7   8   9   10   11   12   13   14   15   16   17   18   
-0.204953   -0.106446   0.0262421   0.143912   0.259386   0.485265   0.602935   0.833063   0.947161   1.05993   1.17234   1.28075   1.38611   1.48117   1.57634   1.66572   1.75008   1.82841   1.89809   1.96207   2.00985   2.04143   2.04407   1.98172   1.85441   1.72475   1.67014   
0.0260107   0.0432173   0.0162854   0.0139161   0.0126563   0.011803   0.0113971   0.0115735   0.0116553   0.0118138   0.0118496   0.0122331   0.0126747   0.0128818   0.0136599   0.0146008   0.0157999   0.01727   0.0192953   0.0218691   0.0257248   0.0311641   0.039768   0.0562943   0.0840322   0.114497   0.135759   
-0.177209   -0.139588   -0.192433   -0.195075   -0.196202   -0.197246   -0.198424   -0.199316   -0.199815   -0.200178   -0.200687   -0.200202   -0.199337   -0.196412   -0.193795   -0.190336   -0.186391   -0.181906   -0.176702   -0.171374   -0.164919   -0.15792   -0.150226   -0.141816   -0.137778   -0.139527   -0.144233   

715000
-10   -9   -8   -7   -6   -4   -3   -2   -1   0   1   2   3   4   5   6   7   8   9   10   11   12   13   14   15   17   18   
-0.204678   -0.0911395   0.0262105   0.144014   0.259309   0.485384   0.603079   0.718703   0.833283   0.947393   1.0602   1.1725   1.28099   1.38643   1.48157   1.57655   1.66607   1.75056   1.82892   1.89844   1.96286   2.01084   2.04228   2.04399   1.98054   1.7235   1.67068   
0.0255798   0.0198224   0.0162229   0.013863   0.0126266   0.0117877   0.0113776   0.0114191   0.0115472   0.0116302   0.0117834   0.0118308   0.0122062   0.0126446   0.012845   0.0136344   0.0145673   0.0157603   0.0172306   0.0192663   0.0218159   0.0256552   0.0310967   0.039779   0.05643   0.114687   0.135692   
-0.178112   -0.187715   -0.192461   -0.195112   -0.196205   -0.197267   -0.198455   -0.198967   -0.19936   -0.199854   -0.200224   -0.200715   -0.200245   -0.19939   -0.196482   -0.193833   -0.190397   -0.186472   -0.181989   -0.176762   -0.171486   -0.165042   -0.158013   -0.150241   -0.141794   -0.139579   -0.144222   

720000
-10   -9   -8   -7   -6   -5   -4   -3   -2   -1   0   1   2   3   4   5   6   7   8   9   10   11   12   13   14   15   16   17   18   
-0.204435   -0.0910637   0.0261823   0.144112   0.259194   0.36828   0.485492   0.603218   0.718877   0.833498   0.94763   1.06047   1.17265   1.28123   1.38674   1.48196   1.57676   1.66642   1.75102   1.82942   1.89878   1.96362   2.01179   2.04308   2.04385   1.97943   1.85213   1.7223   1.67119   
0.0252474   0.0196344   0.0161611   0.0138128   0.0126003   0.0122901   0.0117744   0.0113587   0.0113972   0.0115216   0.0116045   0.0117537   0.0118133   0.0121802   0.012615   0.0128088   0.0136104   0.0145346   0.0157215   0.017192   0.0192385   0.0217643   0.025589   0.0310356   0.0397957   0.0565594   0.0843465   0.114868   0.135621   
-0.178803   -0.187943   -0.19249   -0.195147   -0.196201   -0.196146   -0.197286   -0.198485   -0.199002   -0.199403   -0.199895   -0.200269   -0.200742   -0.200286   -0.199443   -0.196552   -0.193871   -0.190457   -0.18655   -0.182071   -0.176819   -0.171595   -0.165161   -0.158103   -0.150251   -0.141774   -0.137813   -0.139628   -0.14421   

725000
-10   -9   -8   -7   -6   -5   -4   -3   -2   -1   0   1   2   3   4   5   6   7   8   9   10   11   12   13   14   15   16   17   18   
-0.19901   -0.0909888   0.0261575   0.144206   0.259037   0.368441   0.485588   0.60335   0.719046   0.833709   0.94788   1.06074   1.17279   1.28146   1.38704   1.48235   1.57696   1.66676   1.75147   1.8299   1.8991   1.96436   2.01268   2.04382   2.04363   1.97846   1.85112   1.72114   1.67168   
0.0462677   0.0194519   0.0160999   0.013766   0.0125777   0.0122605   0.0117635   0.0113407   0.011376   0.0114966   0.011577   0.0117247   0.0117973   0.0121551   0.0125861   0.0127732   0.0135876   0.0145026   0.0156839   0.0171541   0.0192121   0.0217139   0.0255254   0.0309773   0.0398196   0.0566711   0.0844862   0.115045   0.135552   
-0.133638   -0.188162   -0.19252   -0.195179   -0.196188   -0.196188   -0.197301   -0.198513   -0.199036   -0.199445   -0.199941   -0.200315   -0.200768   -0.200326   -0.199495   -0.196622   -0.193908   -0.190517   -0.186626   -0.182152   -0.176872   -0.171701   -0.165273   -0.158186   -0.150256   -0.141758   -0.13783   -0.139677   -0.1442   

730000
-10   -9   -8   -7   -6   -5   -4   -3   -1   0   1   2   3   4   5   6   7   8   9   10   11   12   13   14   15   16   17   18   
-0.195211   -0.0909734   0.0261359   0.144296   0.258983   0.368597   0.48567   0.603476   0.833915   0.948126   1.061   1.17292   1.28169   1.38735   1.48275   1.57716   1.6671   1.75191   1.83038   1.8994   1.96509   2.01353   2.04452   2.04339   1.97739   1.85012   1.72004   1.67214   
0.0474851   0.0193014   0.0160391   0.0137232   0.0125502   0.0122317   0.0117553   0.0113233   0.0114722   0.01155   0.0116963   0.011783   0.0121304   0.0125578   0.0127382   0.0135661   0.0144712   0.0156471   0.0171172   0.019187   0.021665   0.0254646   0.0309235   0.039845   0.056794   0.0846247   0.115213   0.135493   
-0.131757   -0.188318   -0.192551   -0.195208   -0.196195   -0.196229   -0.197311   -0.198541   -0.199486   -0.199986   -0.200359   -0.200791   -0.200366   -0.199547   -0.196692   -0.193945   -0.190576   -0.186701   -0.18223   -0.176924   -0.171804   -0.165381   -0.158265   -0.15026   -0.141739   -0.137847   -0.139723   -0.144192   

735000
-10   -9   -8   -7   -6   -5   -4   -3   -2   -1   0   1   2   3   4   5   6   7   8   9   10   11   12   13   14   15   16   17   18   
-0.191488   -0.090958   0.0261175   0.144381   0.258896   0.368749   0.48579   0.603596   0.719379   0.834117   0.94837   1.06126   1.17305   1.28192   1.38766   1.48314   1.57736   1.66743   1.75235   1.83084   1.89968   1.96579   2.01435   2.04516   2.04316   1.97623   1.84913   1.71918   1.67258   
0.0485724   0.0191542   0.0159787   0.013685   0.0125255   0.0122036   0.0117363   0.0113067   0.0113327   0.0114485   0.0115235   0.0116686   0.0117702   0.012105   0.0125289   0.0127037   0.0135459   0.0144405   0.015611   0.0170814   0.0191629   0.0216175   0.0254074   0.0308743   0.0398698   0.0569272   0.0847655   0.115349   0.135442   
-0.130127   -0.188469   -0.192583   -0.195233   -0.196195   -0.196269   -0.197341   -0.198567   -0.199109   -0.199526   -0.200031   -0.200404   -0.200814   -0.200408   -0.1996   -0.196763   -0.193982   -0.190634   -0.186775   -0.182307   -0.176973   -0.171905   -0.165486   -0.15834   -0.150264   -0.141716   -0.137864   -0.139764   -0.144186   

740000
-10   -9   -8   -7   -6   -5   -4   -3   -2   -1   0   1   2   3   4   5   6   7   8   9   10   11   12   13   14   15   16   17   18   
-0.187966   -0.090943   0.0261018   0.113202   0.258761   0.368897   0.485922   0.603711   0.71954   0.834315   0.948612   1.06152   1.17317   1.28215   1.38796   1.48354   1.57755   1.66775   1.75278   1.83128   1.89996   1.96647   2.01513   2.04575   2.04297   1.97499   1.84812   1.71839   1.67298   
0.0495159   0.0190115   0.0159184   0.0539685   0.0125044   0.012176   0.0117131   0.0112907   0.0113115   0.0114253   0.0114976   0.0116415   0.0117583   0.0120803   0.0125007   0.0126698   0.0135271   0.0144106   0.0155755   0.0170465   0.0191397   0.021571   0.0253521   0.0308275   0.0398905   0.0570706   0.0848957   0.11547   0.135384   
-0.12876   -0.188613   -0.192616   -0.128102   -0.196186   -0.196308   -0.197378   -0.198592   -0.199144   -0.199565   -0.200076   -0.200448   -0.200837   -0.200449   -0.199652   -0.196834   -0.19402   -0.190691   -0.186848   -0.182381   -0.177021   -0.172004   -0.165586   -0.15841   -0.15027   -0.141691   -0.137878   -0.139801   -0.144179   

745000
-10   -9   -8   -7   -6   -5   -4   -3   -2   -1   0   1   3   4   5   6   7   8   9   11   12   13   14   15   16   17   18   
-0.184896   -0.0909293   0.0038388   0.144534   0.25858   0.369041   0.486047   0.60382   0.719695   0.834508   0.94885   1.06178   1.28236   1.38825   1.48393   1.57775   1.66807   1.7532   1.83172   1.96713   2.01588   2.0463   2.04372   1.97379   1.8471   1.71757   1.67338   
0.0502664   0.0188737   0.0480557   0.0136269   0.0124869   0.0121491   0.0116912   0.0112755   0.011291   0.0114027   0.0114721   0.0116149   0.0120565   0.0124734   0.0126364   0.0135096   0.0143813   0.0155407   0.0170124   0.021526   0.0252993   0.0307851   0.0398254   0.0572087   0.0850456   0.115595   0.135331   
-0.127703   -0.188751   -0.13389   -0.195267   -0.196169   -0.196346   -0.197413   -0.198616   -0.199179   -0.199604   -0.200119   -0.200491   -0.200489   -0.199703   -0.196904   -0.194057   -0.190747   -0.186921   -0.182454   -0.1721   -0.165682   -0.158476   -0.150336   -0.141668   -0.137896   -0.139839   -0.144174   

750000
-10   -9   -8   -7   -6   -5   -4   -3   -1   0   1   2   3   4   5   7   8   9   10   11   12   13   14   15   16   17   18   
-0.203157   -0.0909164   0.0261373   0.1446   0.258418   0.36918   0.486167   0.603923   0.834696   0.949084   1.06204   1.17353   1.28258   1.38854   1.48432   1.66838   1.75362   1.83214   1.90102   1.96777   2.01659   2.04681   2.04443   1.97263   1.84606   1.71687   1.67377   
0.025347   0.0187417   0.0157921   0.0136099   0.0124695   0.0121228   0.0116701   0.0112611   0.0113806   0.0114473   0.0115889   0.0117221   0.0120335   0.012447   0.0126034   0.0143528   0.0155068   0.0169793   0.0190661   0.0214822   0.0252491   0.0307463   0.0397624   0.0573438   0.0851907   0.115707   0.13528   
-0.178929   -0.188881   -0.192697   -0.195274   -0.196155   -0.196383   -0.197447   -0.198639   -0.199641   -0.200162   -0.200535   -0.200904   -0.200528   -0.199753   -0.196975   -0.190802   -0.186992   -0.182525   -0.177187   -0.172193   -0.165775   -0.158537   -0.1504   -0.141647   -0.137912   -0.139874   -0.144169   

755000
-10   -8   -7   -6   -5   -4   -3   -2   -1   0   1   2   3   4   5   6   7   8   9   10   11   12   13   14   15   16   17   18   
-0.203654   0.0261886   0.144657   0.258274   0.369315   0.486281   0.60402   0.719989   0.834878   0.949313   1.06229   1.17384   1.28278   1.38882   1.48471   1.57829   1.66869   1.75403   1.83255   1.90189   1.9684   2.01727   2.04726   2.04502   1.9715   1.84501   1.71621   1.67414   
0.0252078   0.0157257   0.0136036   0.0124517   0.0120971   0.0116499   0.0112474   0.0112521   0.0113594   0.0114231   0.0115632   0.0116908   0.0120114   0.0124213   0.0125709   0.0134659   0.014325   0.0154736   0.0169472   0.0190118   0.0214397   0.0252009   0.0307109   0.0397105   0.0574746   0.0853364   0.115813   0.13523   
-0.178947   -0.192746   -0.195272   -0.196144   -0.196419   -0.197479   -0.19866   -0.199245   -0.199677   -0.200204   -0.200578   -0.200957   -0.200565   -0.199802   -0.197045   -0.194158   -0.190856   -0.187061   -0.182594   -0.177317   -0.172284   -0.165864   -0.158595   -0.150456   -0.141627   -0.137928   -0.139908   -0.144165   

760000
-9   -8   -7   -6   -5   -4   -3   -1   0   1   2   3   4   5   6   7   8   9   10   11   12   13   14   15   16   17   18   
-0.0908615   0.0262403   0.144705   0.258099   0.369446   0.486391   0.604111   0.835055   0.949536   1.06254   1.17414   1.28298   1.3891   1.4851   1.57875   1.66899   1.75443   1.83295   1.90273   1.969   2.01792   2.04767   2.04552   1.97022   1.84426   1.71566   1.6745   
0.0184926   0.0156598   0.0136113   0.0124368   0.0120721   0.0116304   0.0112345   0.0113386   0.0113997   0.011538   0.0116603   0.0119901   0.0123961   0.0125389   0.0134285   0.0142979   0.0154411   0.0169161   0.0189584   0.0213985   0.0251545   0.0306792   0.0396667   0.0576233   0.0854396   0.115901   0.135189   
-0.189124   -0.192794   -0.195259   -0.196128   -0.196454   -0.19751   -0.19868   -0.199713   -0.200245   -0.200621   -0.201009   -0.200602   -0.19985   -0.197116   -0.194239   -0.19091   -0.18713   -0.182661   -0.177444   -0.172372   -0.165949   -0.158648   -0.150505   -0.141602   -0.137943   -0.139939   -0.144162   

765000
-10   -9   -8   -7   -6   -5   -4   -3   -1   0   1   2   3   4   5   6   7   8   9   10   11   12   13   14   15   16   17   18   
-0.204463   -0.0907886   0.0262914   0.144743   0.257894   0.369574   0.486496   0.604194   0.835227   0.949751   1.06279   1.17444   1.28318   1.38937   1.48549   1.57921   1.66928   1.75482   1.83333   1.90356   1.96958   2.01854   2.04804   2.04593   1.96892   1.84348   1.71524   1.67482   
0.0249474   0.018372   0.0155941   0.0136372   0.0124244   0.0120476   0.0116116   0.0112226   0.0113185   0.0113771   0.0115125   0.0116305   0.0119697   0.0123716   0.0125073   0.0133917   0.0142715   0.0154094   0.0168857   0.0189063   0.0213587   0.0251104   0.0306509   0.0396309   0.0577746   0.0855496   0.115969   0.135149   
-0.179032   -0.189249   -0.192843   -0.195232   -0.196107   -0.196488   -0.19754   -0.198699   -0.199747   -0.200284   -0.200665   -0.201061   -0.200637   -0.199897   -0.197186   -0.194321   -0.190962   -0.187198   -0.182726   -0.177569   -0.172458   -0.166032   -0.158697   -0.150549   -0.141576   -0.137959   -0.139965   -0.14416   

770000
-10   -9   -8   -7   -6   -5   -4   -2   -1   0   1   2   3   4   5   6   7   8   9   10   11   12   13   14   15   16   17   18   
-0.204777   -0.0907006   0.0263424   0.144769   0.257707   0.369698   0.486597   0.720385   0.835395   0.949962   1.06305   1.17473   1.28336   1.38964   1.48588   1.57968   1.66956   1.7552   1.8337   1.90437   1.97014   2.01913   2.04837   2.04626   1.96781   1.84264   1.71485   1.67512   
0.0248196   0.0182556   0.0155287   0.0136881   0.0124118   0.0120238   0.0115935   0.0111993   0.011299   0.0113551   0.0114859   0.0116015   0.0119502   0.0123479   0.0124761   0.0133556   0.0142459   0.0153783   0.0168565   0.0188553   0.0213205   0.0250685   0.0306262   0.0396028   0.0579045   0.0856669   0.116036   0.135113   
-0.179103   -0.189375   -0.192891   -0.195186   -0.196089   -0.196521   -0.197568   -0.199335   -0.199781   -0.200322   -0.200713   -0.201112   -0.200671   -0.199943   -0.197256   -0.194404   -0.191013   -0.187264   -0.182789   -0.17769   -0.17254   -0.166111   -0.158742   -0.150587   -0.141557   -0.137974   -0.139991   -0.144159   

775000
-10   -9   -8   -7   -6   -5   -4   -3   -2   -1   0   1   2   3   4   5   6   7   8   9   10   11   12   13   14   15   16   17   18   
-0.205058   -0.0906073   0.026393   0.144763   0.257546   0.369818   0.486694   0.604366   0.720504   0.835557   0.950168   1.06331   1.17503   1.28354   1.3899   1.48627   1.58015   1.66984   1.75558   1.83406   1.90516   1.97067   2.01969   2.04863   2.04651   1.9668   1.84174   1.71448   1.67541   
0.0246983   0.0181479   0.0154638   0.0136558   0.0123983   0.0120005   0.011576   0.011199   0.0111832   0.01128   0.0113336   0.0114599   0.0115732   0.0119317   0.0123248   0.0124453   0.0133201   0.0142213   0.0153479   0.0168282   0.0188057   0.0212838   0.0250284   0.0306061   0.0395822   0.0580238   0.0857902   0.116099   0.135081   
-0.179177   -0.189494   -0.192939   -0.195197   -0.196075   -0.196553   -0.197596   -0.198737   -0.199363   -0.199814   -0.20036   -0.20076   -0.201163   -0.200704   -0.199988   -0.197326   -0.194487   -0.191062   -0.187329   -0.18285   -0.17781   -0.172619   -0.166186   -0.158781   -0.150619   -0.141541   -0.137989   -0.140017   -0.144159   

780000
-10   -9   -8   -7   -6   -5   -3   -2   -1   0   1   2   3   4   5   6   7   8   9   10   11   12   13   14   15   16   17   18   
-0.20531   -0.0905103   0.0264417   0.144753   0.257375   0.369935   0.604591   0.720616   0.835715   0.95037   1.06357   1.17532   1.28371   1.39016   1.48665   1.58062   1.67011   1.75595   1.8344   1.90593   1.97118   2.02023   2.04884   2.04668   1.96566   1.84075   1.71415   1.67568   
0.0245788   0.0180504   0.0153995   0.0136047   0.0123861   0.0119779   0.0111748   0.0111682   0.0112616   0.0113127   0.0114343   0.0115456   0.0119143   0.0123015   0.0124148   0.0132851   0.0141975   0.0153183   0.0168008   0.0187573   0.0212485   0.0249904   0.0305901   0.0395691   0.0581559   0.0859301   0.116155   0.135043   
-0.179262   -0.189602   -0.192986   -0.195222   -0.196061   -0.196584   -0.198779   -0.199389   -0.199846   -0.200396   -0.200807   -0.201212   -0.200736   -0.200033   -0.197396   -0.194571   -0.19111   -0.187392   -0.182908   -0.177926   -0.172696   -0.166259   -0.158815   -0.150646   -0.14152   -0.138006   -0.14004   -0.144159   

785000
-10   -9   -8   -7   -6   -5   -3   -2   -1   0   1   2   3   4   5   6   7   8   9   10   11   12   13   14   15   16   17   18   
-0.205534   -0.0904089   0.00546216   0.144742   0.257196   0.370047   0.604811   0.720721   0.835867   0.950568   1.06382   1.1756   1.28387   1.39042   1.48704   1.58109   1.67036   1.75631   1.83473   1.90667   1.97168   2.02074   2.04901   2.04677   1.9645   1.8397   1.71381   1.67596   
0.0244596   0.0179649   0.0490399   0.0135561   0.0123751   0.011956   0.0111512   0.0111539   0.0112438   0.0112923   0.0114092   0.0115187   0.011898   0.0122782   0.0123848   0.0132507   0.0141746   0.0152894   0.0167746   0.0187105   0.0212146   0.0249543   0.030577   0.0395634   0.0582914   0.086077   0.116212   0.13502   
-0.17936   -0.189699   -0.132289   -0.195246   -0.196044   -0.196615   -0.198821   -0.199414   -0.199877   -0.200432   -0.200853   -0.201262   -0.200765   -0.200079   -0.197466   -0.194656   -0.191157   -0.187455   -0.182964   -0.178039   -0.172769   -0.166328   -0.158845   -0.150667   -0.141499   -0.138022   -0.140064   -0.144161   

790000
-10   -9   -8   -7   -6   -5   -3   -1   0   1   2   3   4   5   6   7   8   9   10   11   12   13   14   15   16   17   18   
-0.205734   -0.0903024   0.0265085   0.144731   0.257019   0.370156   0.605025   0.836014   0.950761   1.06407   1.17589   1.28402   1.39067   1.48742   1.58157   1.67062   1.75666   1.83504   1.9074   1.97214   2.0212   2.04915   2.04677   1.96328   1.83859   1.7135   1.67621   
0.0243398   0.0178939   0.0152782   0.0135096   0.0123647   0.0119349   0.0111284   0.0112266   0.0112725   0.0113844   0.0114925   0.0118827   0.0122556   0.0123551   0.0132168   0.0141526   0.0152612   0.0167497   0.0186647   0.0211817   0.0249211   0.0305667   0.039565   0.0584304   0.0862306   0.116266   0.134981   
-0.179469   -0.189783   -0.193067   -0.195269   -0.196028   -0.196643   -0.198861   -0.199906   -0.200467   -0.200898   -0.20131   -0.200794   -0.200124   -0.197535   -0.19474   -0.191203   -0.187516   -0.183018   -0.178149   -0.17284   -0.166393   -0.158873   -0.150682   -0.141475   -0.138039   -0.140087   -0.14416   

795000
-10   -9   -8   -7   -6   -5   -4   -3   -1   0   1   2   3   4   5   6   7   8   9   10   11   12   13   14   15   16   17   
-0.20591   -0.09019   0.0265411   0.14472   0.2569   0.370261   0.487222   0.605235   0.836156   0.95095   1.06432   1.17617   1.28417   1.39092   1.4878   1.58204   1.67086   1.757   1.83533   1.90811   1.9726   2.02164   2.04926   2.0467   1.96198   1.83756   1.7132   
0.0242189   0.0178399   0.0152181   0.0134653   0.0123507   0.0119145   0.0114967   0.0111061   0.01121   0.0112532   0.0113601   0.0114668   0.0118685   0.0122335   0.0123258   0.0131835   0.0141314   0.0152337   0.0167258   0.0186197   0.0211506   0.0248896   0.0305584   0.0395739   0.0585839   0.0863737   0.116317   
-0.179591   -0.18985   -0.193107   -0.195291   -0.196023   -0.196671   -0.197726   -0.1989   -0.199935   -0.200501   -0.200943   -0.201358   -0.200821   -0.200168   -0.197605   -0.194825   -0.191247   -0.187575   -0.183069   -0.178258   -0.172909   -0.166454   -0.158897   -0.150693   -0.141449   -0.138055   -0.140109   

800000
-10   -9   -8   -7   -6   -5   -4   -3   -2   -1   0   1   2   3   4   5   6   7   8   9   10   11   12   13   14   15   16   17   18   
-0.206068   -0.0900703   0.0265731   0.144709   0.256782   0.370361   0.487427   0.60544   0.721213   0.836292   0.951133   1.06457   1.17645   1.2843   1.39116   1.48818   1.58251   1.67109   1.75733   1.8356   1.90881   1.97303   2.02204   2.04935   2.04655   1.96069   1.83646   1.71302   1.67734   
0.0240962   0.0178068   0.0151585   0.0134228   0.0123373   0.0118951   0.0114711   0.0110845   0.0110963   0.0111941   0.0112345   0.0113362   0.0114413   0.0118555   0.0122121   0.0122969   0.0131507   0.0141111   0.015207   0.016703   0.0185756   0.0211206   0.0248604   0.0305519   0.0395891   0.0587356   0.0865254   0.116351   0.134822   
-0.179724   -0.189898   -0.193147   -0.195312   -0.196017   -0.196697   -0.19777   -0.198938   -0.199518   -0.199963   -0.200534   -0.200988   -0.201406   -0.200847   -0.200211   -0.197674   -0.19491   -0.191291   -0.187633   -0.183117   -0.178365   -0.172975   -0.166512   -0.15892   -0.150698   -0.141424   -0.138071   -0.140128   -0.144129   

805000
-10   -9   -8   -7   -6   -5   -4   -3   -2   -1   0   1   2   3   4   5   6   7   8   9   10   11   12   13   14   15   16   17   18   
-0.206208   -0.0899422   0.0266057   0.144697   0.256667   0.370457   0.487628   0.605641   0.721454   0.836421   0.951312   1.06482   1.17673   1.28443   1.3914   1.48855   1.58299   1.67132   1.75765   1.83586   1.9095   1.97344   2.02242   2.04943   2.04632   1.95954   1.83528   1.71296   1.67809   
0.0239714   0.0177998   0.0150992   0.013382   0.0123241   0.0118765   0.0114461   0.0110635   0.0110703   0.011179   0.0112164   0.0113126   0.0114153   0.0118436   0.0121913   0.0122684   0.0131183   0.0140918   0.015181   0.0166814   0.0185326   0.0210917   0.0248331   0.0305459   0.0396125   0.058871   0.0866899   0.116368   0.134716   
-0.179868   -0.189922   -0.193187   -0.195332   -0.196012   -0.196723   -0.197814   -0.198975   -0.199565   -0.19999   -0.200566   -0.201032   -0.201456   -0.200871   -0.200253   -0.197742   -0.194995   -0.191333   -0.18769   -0.183163   -0.17847   -0.173038   -0.166567   -0.158942   -0.150697   -0.141403   -0.138088   -0.140144   -0.144104   

810000
-10   -9   -8   -7   -6   -5   -4   -3   -2   -1   0   1   2   4   5   6   7   8   9   10   11   12   13   14   15   16   17   18   
-0.206334   -0.0898031   0.0266394   0.113834   0.256548   0.370548   0.487825   0.605836   0.721692   0.836543   0.951487   1.06506   1.17701   1.39163   1.48892   1.58346   1.67154   1.75796   1.8361   1.91016   1.97383   2.02277   2.04949   2.04601   1.95843   1.83404   1.71293   1.67879   
0.0238443   0.0178271   0.0150402   0.0550202   0.0123119   0.0118589   0.0114215   0.0110431   0.0110449   0.0111646   0.0111988   0.0112895   0.0113898   0.0121711   0.0122403   0.0130864   0.0140733   0.015156   0.0166609   0.0184904   0.0210642   0.0248078   0.0305419   0.0396433   0.0590008   0.086861   0.116381   0.134612   
-0.180022   -0.189912   -0.193227   -0.12571   -0.196007   -0.196746   -0.197856   -0.199011   -0.199611   -0.200016   -0.200597   -0.201076   -0.201506   -0.200293   -0.19781   -0.19508   -0.191374   -0.187745   -0.183206   -0.178572   -0.173098   -0.166618   -0.158961   -0.150692   -0.141383   -0.138105   -0.140158   -0.14408   

815000
-10   -9   -8   -7   -6   -5   -4   -2   -1   0   1   2   3   4   5   6   7   8   9   10   11   12   13   14   15   16   17   18   
-0.206448   -0.089651   0.0266749   0.144778   0.256426   0.370635   0.488017   0.721926   0.836659   0.951656   1.0653   1.17729   1.28479   1.39185   1.48929   1.58393   1.67176   1.75826   1.83633   1.91082   1.9742   2.0231   2.04955   2.04567   1.95731   1.83282   1.7129   1.67947   
0.0237148   0.0179015   0.0149815   0.0132966   0.0123004   0.0118425   0.0113975   0.0110199   0.0111511   0.0111817   0.0112668   0.0113649   0.0118127   0.0121516   0.0122126   0.013055   0.0140558   0.0151318   0.0166415   0.0184491   0.0210378   0.024784   0.0305381   0.0396763   0.0591322   0.0870305   0.116394   0.13452   
-0.180185   -0.189857   -0.193268   -0.195393   -0.196   -0.196768   -0.197897   -0.199657   -0.20004   -0.200628   -0.201119   -0.201555   -0.200937   -0.200333   -0.197878   -0.195165   -0.191414   -0.187797   -0.183247   -0.178673   -0.173157   -0.166667   -0.158979   -0.150683   -0.141362   -0.138122   -0.140172   -0.144059   

820000
-10   -9   -8   -7   -6   -5   -4   -3   -2   -1   0   1   2   3   4   5   6   7   8   9   10   11   12   13   14   15   16   17   18   
0.0733372   -0.0894795   0.0267099   0.144844   0.256333   0.370714   0.488206   0.606227   0.722156   0.836768   0.951821   1.06553   1.17756   1.28512   1.39207   1.48965   1.5844   1.67196   1.75855   1.83654   1.91146   1.97456   2.0234   2.04973   2.04531   1.95615   1.83149   1.71287   1.68012   
0.0972953   0.0180427   0.0149235   0.0132537   0.0122872   0.0118274   0.0113739   0.011001   0.0109955   0.0111383   0.0111651   0.0112445   0.0113405   0.0117844   0.0121327   0.0121855   0.013024   0.0140391   0.0151085   0.0166232   0.0184088   0.0210126   0.0247623   0.0305247   0.0397115   0.059267   0.0872145   0.116408   0.134428   
-0.0955705   -0.189736   -0.193309   -0.195427   -0.195999   -0.196788   -0.197938   -0.199087   -0.199702   -0.200063   -0.200657   -0.201162   -0.201603   -0.200994   -0.200372   -0.197944   -0.19525   -0.191453   -0.187849   -0.183286   -0.178771   -0.173213   -0.166713   -0.159009   -0.150673   -0.14134   -0.13814   -0.140187   -0.144039   

825000
-10   -9   -8   -7   -6   -5   -4   -3   -2   -1   0   1   2   3   4   5   6   8   9   10   11   12   13   14   15   16   17   18   
0.0369605   -0.0894428   0.0135983   0.144909   0.256288   0.370787   0.488391   0.606424   0.722382   0.83687   0.951981   1.06576   1.17783   1.28544   1.39229   1.49001   1.58487   1.75883   1.83674   1.91208   1.97488   2.02368   2.0505   2.04497   1.95492   1.83012   1.71283   1.68075   
0.0968914   0.0181097   0.0527772   0.0132122   0.012271   0.0118139   0.0113509   0.0109789   0.0109714   0.0111265   0.0111491   0.0112228   0.0113166   0.0117568   0.0121144   0.0121591   0.0129934   0.0150859   0.0166059   0.0183694   0.0209893   0.0247421   0.0304642   0.0397444   0.0594096   0.0874027   0.11642   0.134339   
-0.0941919   -0.189653   -0.126688   -0.19546   -0.196005   -0.196805   -0.197978   -0.199127   -0.199746   -0.200085   -0.200685   -0.201203   -0.20165   -0.201052   -0.200409   -0.198009   -0.195335   -0.187898   -0.183322   -0.178867   -0.173265   -0.166756   -0.159092   -0.150664   -0.141315   -0.138157   -0.140201   -0.14402   

830000
-9   -8   -7   -6   -5   -4   -3   -2   -1   0   1   2   3   5   6   7   8   10   11   12   13   14   15   16   17   18   
-0.0895758   0.026777   0.144971   0.256245   0.370851   0.488571   0.606618   0.722606   0.836965   0.952136   1.06598   1.1781   1.28577   1.49035   1.58533   1.67248   1.75909   1.91269   1.97519   2.02394   2.05123   2.04487   1.95359   1.82876   1.71283   1.68135   
0.0180149   0.0148105   0.0131717   0.0122551   0.0118025   0.0113283   0.0109573   0.0109478   0.0111155   0.0111337   0.0112018   0.0112932   0.0117294   0.0121332   0.0129632   0.0140013   0.0150643   0.0183308   0.0209672   0.0247226   0.030408   0.0397558   0.0595668   0.0875901   0.116438   0.134253   
-0.189694   -0.193387   -0.195493   -0.196012   -0.19682   -0.198016   -0.199166   -0.19979   -0.200106   -0.200713   -0.201243   -0.201697   -0.201109   -0.198073   -0.19542   -0.191549   -0.187946   -0.178962   -0.173315   -0.166797   -0.159171   -0.150671   -0.141288   -0.138174   -0.140216   -0.144002   

835000
-10   -9   -8   -7   -6   -5   -4   -3   -2   0   1   2   3   4   5   6   7   8   9   10   11   12   13   14   15   16   17   18   
-0.20679   -0.0896972   0.0523356   0.145031   0.256204   0.370908   0.488747   0.606808   0.722825   0.952286   1.0662   1.17836   1.2861   1.39269   1.4907   1.5858   1.67302   1.75935   1.83751   1.91329   1.97549   2.02417   2.05191   2.04511   1.95244   1.82742   1.7128   1.68194   
0.0231752   0.017925   0.0623599   0.0131323   0.0122396   0.0117931   0.0113063   0.0109362   0.0109246   0.0111189   0.0111813   0.0112703   0.0117013   0.0120797   0.0121078   0.0129334   0.0139662   0.0150434   0.0165532   0.0182931   0.0209459   0.0247057   0.0303548   0.0397352   0.0597008   0.0877738   0.116447   0.134175   
-0.180914   -0.189736   -0.116783   -0.195524   -0.196019   -0.196832   -0.198054   -0.199205   -0.199833   -0.200739   -0.201283   -0.201743   -0.201169   -0.200481   -0.198136   -0.195505   -0.191642   -0.187992   -0.183451   -0.179055   -0.173363   -0.166835   -0.159245   -0.1507   -0.141266   -0.13819   -0.140229   -0.143986   

840000
-10   -9   -8   -7   -6   -5   -4   -3   -2   -1   0   1   2   3   4   5   6   7   8   9   10   11   12   13   14   15   16   17   18   
0.0347632   -0.0898092   0.0268399   0.145089   0.256159   0.370957   0.488919   0.606995   0.723042   0.837272   0.952429   1.06641   1.17862   1.28643   1.39289   1.49103   1.58627   1.67356   1.7596   1.83826   1.91388   1.97577   2.02438   2.05256   2.04523   1.95131   1.8261   1.71275   1.6825   
0.0964119   0.0178394   0.0147021   0.0130938   0.0122252   0.0117858   0.0112848   0.0109154   0.0109018   0.0110838   0.0111048   0.0111613   0.011248   0.0116739   0.0120623   0.0120828   0.012904   0.0139317   0.0150235   0.0165089   0.0182561   0.0209253   0.0246902   0.0303047   0.0397252   0.0598326   0.0879561   0.116455   0.134093   
-0.0944945   -0.189777   -0.193463   -0.195555   -0.196024   -0.19684   -0.198091   -0.199243   -0.199876   -0.200166   -0.200764   -0.201321   -0.201788   -0.201227   -0.200518   -0.198198   -0.19559   -0.191736   -0.188037   -0.183572   -0.179145   -0.173409   -0.16687   -0.159316   -0.150721   -0.141244   -0.138206   -0.140242   -0.143969   

845000
-9   -8   -7   -6   -5   -4   -3   -2   -1   0   1   2   3   4   5   6   7   8   9   10   11   12   13   14   15   16   17   18   
-0.089913   0.0268698   0.145144   0.256113   0.370998   0.489086   0.607179   0.723255   0.837514   0.952567   1.06662   1.17888   1.28675   1.39308   1.49137   1.58673   1.67409   1.75983   1.83899   1.91445   1.97604   2.02459   2.05316   2.04526   1.95018   1.82479   1.71273   1.68306   
0.0177578   0.01465   0.0130562   0.0122116   0.0117809   0.0112637   0.010895   0.0108794   0.0110602   0.0110913   0.0111417   0.0112261   0.0116469   0.0120456   0.0120583   0.0128749   0.0138976   0.0150044   0.0164653   0.01822   0.0209059   0.0246754   0.0302578   0.0397248   0.0599668   0.0881353   0.116474   0.134017   
-0.189818   -0.193499   -0.195584   -0.196029   -0.196846   -0.198127   -0.19928   -0.199918   -0.200211   -0.200788   -0.201359   -0.201832   -0.201286   -0.200553   -0.19826   -0.195675   -0.191829   -0.18808   -0.18369   -0.179234   -0.173454   -0.166904   -0.159384   -0.150735   -0.141224   -0.138222   -0.140257   -0.143954   

850000
-10   -9   -8   -7   -6   -5   -4   -3   -2   -1   0   1   2   3   4   5   6   7   8   9   10   11   12   13   14   15   16   17   18   
-0.206972   -0.0900103   0.0268986   0.145197   0.256065   0.371029   0.489248   0.60736   0.723466   0.837753   0.952699   1.06683   1.17914   1.28707   1.39327   1.49169   1.58719   1.67462   1.76006   1.83971   1.91501   1.9763   2.02479   2.05373   2.04519   1.94906   1.82349   1.7127   1.6836   
0.0227541   0.0176797   0.0145996   0.0130194   0.0121987   0.0117787   0.0112432   0.010875   0.0108574   0.011037   0.0110784   0.0111224   0.0112046   0.0116205   0.0120296   0.0120342   0.0128462   0.013864   0.0149861   0.0164225   0.0181847   0.0208867   0.0246606   0.030214   0.0397326   0.0600986   0.0883138   0.116478   0.133936   
-0.181512   -0.189858   -0.193533   -0.195613   -0.196033   -0.196847   -0.198162   -0.199316   -0.199959   -0.200255   -0.200811   -0.201396   -0.201876   -0.201343   -0.200587   -0.19832   -0.19576   -0.191922   -0.188121   -0.183807   -0.179321   -0.173497   -0.166937   -0.159448   -0.150743   -0.141204   -0.138238   -0.140269   -0.143939   

855000
-10   -9   -8   -7   -6   -5   -4   -3   -2   -1   0   1   2   3   4   5   6   7   8   9   10   13   14   15   16   17   18   
-0.207023   -0.0901013   0.026858   0.145248   0.256015   0.371049   0.489407   0.607537   0.723673   0.837987   0.952831   1.06703   1.17939   1.28739   1.39345   1.49202   1.58766   1.67515   1.76028   1.84043   1.91555   2.05426   2.04503   1.94793   1.8222   1.71271   1.68414   
0.0226119   0.017605   0.0572122   0.0129832   0.0121868   0.0117797   0.0112231   0.0108554   0.0108357   0.0110144   0.0110654   0.0111037   0.0111836   0.0115945   0.0120144   0.0120105   0.0128179   0.0138308   0.0149687   0.0163805   0.0181505   0.0301726   0.0397481   0.0602337   0.0884918   0.116483   0.133865   
-0.181716   -0.189897   -0.120817   -0.195641   -0.196036   -0.196844   -0.198196   -0.199352   -0.2   -0.200298   -0.200835   -0.201432   -0.201919   -0.2014   -0.20062   -0.19838   -0.195844   -0.192015   -0.18816   -0.183922   -0.179406   -0.159508   -0.150745   -0.141185   -0.138254   -0.140281   -0.143925   

860000
-10   -9   -8   -7   -6   -4   -3   -2   -1   0   1   2   3   4   5   6   7   8   9   10   11   12   13   14   15   16   17   18   
-0.207071   -0.0901861   0.0269526   0.145296   0.255961   0.489562   0.60771   0.723877   0.838218   0.952975   1.06723   1.17964   1.2877   1.39362   1.49234   1.58812   1.67567   1.76048   1.84112   1.91608   1.97729   2.02548   2.05476   2.0448   1.94677   1.82092   1.71295   1.68464   
0.0224691   0.0175331   0.0145043   0.0129478   0.0121761   0.0112035   0.0108363   0.0108145   0.0109922   0.0110502   0.0110855   0.0111619   0.011569   0.0119999   0.0119872   0.0127899   0.0137982   0.0149522   0.0163393   0.0181171   0.0208219   0.024611   0.0301348   0.039771   0.0603714   0.0886678   0.116461   0.133784   
-0.181922   -0.189936   -0.193598   -0.195669   -0.196038   -0.19823   -0.199387   -0.20004   -0.20034   -0.200864   -0.201468   -0.201964   -0.201457   -0.200651   -0.19844   -0.195928   -0.192107   -0.188198   -0.184035   -0.179489   -0.173641   -0.167036   -0.159566   -0.150742   -0.141165   -0.13827   -0.140287   -0.14391   

865000
-10   -9   -8   -7   -6   -4   -3   -2   -1   0   1   2   3   4   5   6   7   9   10   11   12   13   14   15   16   17   18   
-0.207115   -0.0902655   0.0269778   0.145341   0.255952   0.489714   0.60788   0.724079   0.838446   0.953113   1.06742   1.1799   1.28801   1.39378   1.49265   1.58857   1.6762   1.84181   1.91659   1.97805   2.02626   2.05521   2.04449   1.94567   1.81966   1.71318   1.68515   
0.0223261   0.0174638   0.0144599   0.012913   0.0121627   0.0111842   0.0108175   0.0107935   0.0109705   0.0110357   0.0110676   0.0111403   0.0115439   0.0119862   0.0119642   0.0127622   0.0137659   0.0162989   0.0180844   0.020773   0.0245576   0.0300986   0.0398005   0.0605028   0.088841   0.116434   0.133723   
-0.182129   -0.189974   -0.193627   -0.195695   -0.196046   -0.198263   -0.199421   -0.200079   -0.200382   -0.200892   -0.201503   -0.202009   -0.201513   -0.200681   -0.198498   -0.196013   -0.192199   -0.184146   -0.17957   -0.173748   -0.167133   -0.159619   -0.150734   -0.141147   -0.138286   -0.140293   -0.143898   

870000
-10   -9   -8   -7   -6   -5   -4   -3   -2   -1   0   1   2   3   4   5   6   7   8   9   10   11   12   13   14   15   16   17   18   
-0.207157   -0.09034   0.0312817   0.145384   0.255966   0.37126   0.489863   0.608044   0.724278   0.83867   0.953245   1.06762   1.18015   1.28832   1.39394   1.49296   1.58903   1.67672   1.76091   1.84249   1.9171   1.9788   2.027   2.05564   2.04412   1.94469   1.81842   1.71342   1.68564   
0.0221829   0.0173967   0.0584977   0.0128788   0.0121484   0.0117462   0.0111654   0.0107993   0.0107729   0.0109493   0.0110218   0.0110501   0.0111191   0.0115192   0.0119732   0.0119417   0.0127349   0.0137341   0.0149192   0.0162592   0.0180526   0.020725   0.0245062   0.0300663   0.0398357   0.0606198   0.0890116   0.116402   0.133653   
-0.182336   -0.190013   -0.11928   -0.195721   -0.196058   -0.196895   -0.198295   -0.199454   -0.200118   -0.200424   -0.200919   -0.201537   -0.202054   -0.201568   -0.20071   -0.198556   -0.196097   -0.192291   -0.188277   -0.184255   -0.179649   -0.173852   -0.167226   -0.15967   -0.150721   -0.141132   -0.138302   -0.140297   -0.143886   

875000
-10   -9   -8   -7   -6   -5   -4   -3   -2   -1   0   1   2   3   4   5   6   7   8   9   10   11   12   13   14   15   16   17   18   
-0.207195   -0.09041   0.0270247   0.145423   0.255979   0.371421   0.490008   0.608204   0.724474   0.83889   0.953371   1.0678   1.1804   1.28863   1.39409   1.49327   1.58948   1.67723   1.76153   1.84315   1.91759   1.97953   2.02771   2.05603   2.04379   1.94375   1.81719   1.71366   1.68612   
0.02204   0.0173318   0.0143793   0.0128453   0.0121352   0.0117191   0.011147   0.0107815   0.0107526   0.0109285   0.0110086   0.011033   0.0110983   0.011495   0.0119611   0.0119196   0.012708   0.0137027   0.0148823   0.0162203   0.0180215   0.0206789   0.0244565   0.0300359   0.0398681   0.0607334   0.0891811   0.116375   0.13359   
-0.182542   -0.190051   -0.19368   -0.195746   -0.196069   -0.196939   -0.198326   -0.199487   -0.200157   -0.200464   -0.200945   -0.20157   -0.202097   -0.201623   -0.200737   -0.198613   -0.19618   -0.192382   -0.188381   -0.184363   -0.179726   -0.173955   -0.167316   -0.159717   -0.150711   -0.141119   -0.138317   -0.140302   -0.143875   

880000
-9   -7   -6   -5   -4   -3   -2   -1   0   1   2   3   4   5   6   7   8   9   10   11   12   13   14   15   16   17   18   
-0.0904757   0.145456   0.255988   0.371577   0.49015   0.60836   0.724667   0.839107   0.95349   1.06798   1.18064   1.28893   1.39423   1.49357   1.58993   1.67774   1.76214   1.8438   1.91806   1.98024   2.02841   2.05638   2.04396   1.94283   1.81597   1.7139   1.68658   
0.0172687   0.0128126   0.0121237   0.0116929   0.0111291   0.0107641   0.0107326   0.0109081   0.010996   0.0110164   0.0110779   0.0114711   0.0119497   0.0118978   0.0126815   0.0136716   0.0148459   0.0161823   0.0179912   0.020634   0.0244088   0.0300084   0.0398535   0.0608447   0.0893483   0.116347   0.133526   
-0.190089   -0.195769   -0.196077   -0.196982   -0.198356   -0.199518   -0.200194   -0.200504   -0.200969   -0.201603   -0.20214   -0.201677   -0.200763   -0.19867   -0.196263   -0.192472   -0.188484   -0.184468   -0.179802   -0.174055   -0.167403   -0.15976   -0.150734   -0.141106   -0.138332   -0.140307   -0.143863   

885000
-9   -8   -7   -6   -5   -4   -3   -2   -1   0   1   2   3   4   5   6   7   8   9   10   11   12   13   14   15   16   17   18   
-0.0905378   0.027112   0.145486   0.255991   0.37173   0.490288   0.608514   0.724858   0.83932   0.953603   1.06816   1.18089   1.28922   1.39436   1.49387   1.59038   1.67825   1.76274   1.84443   1.91853   1.98092   2.02907   2.05669   2.04398   1.94192   1.81476   1.71412   1.68703   
0.0172073   0.0143078   0.0127805   0.0121141   0.0116673   0.0111119   0.0107471   0.0107129   0.0108882   0.0109842   0.0110001   0.011058   0.0114476   0.0119391   0.0118764   0.0126555   0.013641   0.0148101   0.0161451   0.0179617   0.0205901   0.0243627   0.0299851   0.0398524   0.0609544   0.0895154   0.116323   0.133461   
-0.190127   -0.193731   -0.195792   -0.196084   -0.197023   -0.198386   -0.199549   -0.200232   -0.200543   -0.200992   -0.201635   -0.202183   -0.201731   -0.200788   -0.198725   -0.196345   -0.192562   -0.188587   -0.184571   -0.179876   -0.174152   -0.167487   -0.1598   -0.150747   -0.141094   -0.138348   -0.140313   -0.143852   

890000
-10   -9   -8   -7   -6   -5   -4   -3   -2   -1   0   1   2   3   5   6   7   8   9   10   11   12   13   14   15   16   17   18   
-0.207302   -0.090596   0.0271917   0.145513   0.25599   0.371878   0.490422   0.608664   0.725047   0.83953   0.953711   1.06834   1.18112   1.28952   1.49416   1.59082   1.67876   1.76334   1.84505   1.91898   1.98159   2.02971   2.05694   2.04389   1.94098   1.81355   1.71432   1.68746   
0.0216137   0.0171473   0.0142745   0.012749   0.0121067   0.0116425   0.0110952   0.0107304   0.0106935   0.0108687   0.010973   0.0109843   0.0110387   0.0114245   0.0118554   0.0126299   0.0136108   0.0147748   0.0161088   0.0179329   0.0205475   0.0243186   0.0299655   0.0398618   0.0610673   0.0896835   0.1163   0.133404   
-0.183154   -0.190164   -0.19376   -0.195814   -0.196087   -0.197063   -0.198414   -0.19958   -0.200269   -0.200581   -0.201015   -0.201666   -0.202224   -0.201784   -0.19878   -0.196426   -0.192652   -0.188688   -0.184672   -0.179948   -0.174246   -0.167569   -0.159834   -0.150752   -0.141081   -0.138364   -0.140318   -0.143843   

895000
-8   -7   -6   -5   -4   -3   -2   -1   0   1   2   3   4   5   6   7   8   9   10   11   12   13   14   15   16   17   18   
0.0272684   0.145536   0.255983   0.372022   0.490552   0.608812   0.725232   0.839736   0.953811   1.06851   1.18136   1.28981   1.39466   1.49445   1.59125   1.67926   1.76393   1.84565   1.91942   1.98224   2.03032   2.05715   2.04369   1.94003   1.81236   1.71452   1.68787   
0.014246   0.012718   0.0121017   0.0116183   0.0110792   0.0107141   0.0106745   0.0108496   0.0109626   0.0109689   0.0110199   0.0114018   0.0119171   0.0118348   0.0126049   0.0135809   0.0147399   0.0160736   0.0179049   0.0205061   0.0242761   0.0299482   0.0398807   0.0611824   0.0898478   0.116279   0.133352   
-0.193784   -0.195835   -0.196088   -0.197102   -0.198441   -0.199609   -0.200305   -0.200619   -0.201036   -0.201696   -0.202264   -0.201837   -0.200842   -0.198834   -0.196506   -0.192741   -0.188789   -0.18477   -0.180018   -0.174338   -0.167648   -0.159864   -0.15075   -0.141068   -0.138381   -0.140325   -0.143835   

900000
-10   -9   -8   -7   -6   -5   -4   -3   -2   -1   1   2   3   4   5   6   7   8   9   10   11   12   13   14   15   16   17   18   
-0.207336   -0.0906769   0.0273417   0.145557   0.255969   0.372163   0.490679   0.608957   0.725415   0.839939   1.06867   1.18158   1.2901   1.395   1.49473   1.59167   1.67976   1.76452   1.84623   1.91985   1.98287   2.03092   2.05733   2.0434   1.93909   1.81117   1.71473   1.68827   
0.021331   0.0170287   0.014223   0.0126876   0.0120998   0.0115948   0.0110637   0.0106981   0.0106557   0.010831   0.0109539   0.0110016   0.0113794   0.0118926   0.0118146   0.0125804   0.0135514   0.0147056   0.0160394   0.0178776   0.0204659   0.0242351   0.0299344   0.0399082   0.0612978   0.0900121   0.116255   0.133294   
-0.18356   -0.190246   -0.193803   -0.195856   -0.196086   -0.19714   -0.198467   -0.199638   -0.200341   -0.200656   -0.201726   -0.202303   -0.201889   -0.200903   -0.198888   -0.196584   -0.192829   -0.188889   -0.184865   -0.180087   -0.174428   -0.167724   -0.159891   -0.150741   -0.141055   -0.138397   -0.14033   -0.143826   

905000
-10   -9   -8   -7   -6   -5   -4   -3   -2   -1   0   1   2   3   4   5   6   7   8   9   10   11   12   13   14   15   16   17   18   
-0.20732   -0.0906741   0.0274116   0.145574   0.255948   0.372301   0.490802   0.609099   0.725594   0.840139   0.95403   1.06884   1.1818   1.29039   1.39535   1.49501   1.59208   1.68026   1.7651   1.84679   1.92027   1.98348   2.03148   2.05747   2.04303   1.93815   1.80999   1.71493   1.68866   
0.0211875   0.0169672   0.0142066   0.0126577   0.0121012   0.0115718   0.0110488   0.0106823   0.0106373   0.0108128   0.0109409   0.0109392   0.0109841   0.0113574   0.0118679   0.0117947   0.0125565   0.0135222   0.0146717   0.016006   0.017851   0.0204268   0.0241955   0.0299237   0.0399437   0.0614091   0.0901781   0.116233   0.133247   
-0.183767   -0.190295   -0.193816   -0.195876   -0.196079   -0.197177   -0.198493   -0.199667   -0.200376   -0.200692   -0.20108   -0.201755   -0.20234   -0.20194   -0.200964   -0.19894   -0.196661   -0.192917   -0.188988   -0.184958   -0.180154   -0.174515   -0.167797   -0.159915   -0.150727   -0.141041   -0.138415   -0.140336   -0.143819   

910000
-10   -9   -8   -7   -6   -5   -4   -3   -2   -1   0   1   2   3   4   5   6   7   8   9   10   11   12   13   14   15   16   17   18   
-0.188907   -0.0906698   0.0274777   0.145589   0.255916   0.372435   0.490921   0.609239   0.72577   0.840335   0.954275   1.06901   1.18202   1.29067   1.3957   1.49528   1.59249   1.68075   1.76568   1.84735   1.92068   1.98408   2.03203   2.05758   2.04258   1.93724   1.80883   1.71512   1.68903   
0.0508768   0.0169067   0.0141979   0.0126284   0.0121067   0.0115494   0.0110345   0.0106669   0.0106193   0.010795   0.0109191   0.0109235   0.0109667   0.0113356   0.0118432   0.0117753   0.0125328   0.0134934   0.0146383   0.0159733   0.0178253   0.0203888   0.0241577   0.0299159   0.0399869   0.0615196   0.0903404   0.11621   0.133193   
-0.125799   -0.190344   -0.193822   -0.195895   -0.196067   -0.197214   -0.198517   -0.199695   -0.200411   -0.200728   -0.201125   -0.201787   -0.202377   -0.201991   -0.201026   -0.198992   -0.196737   -0.193005   -0.189086   -0.185049   -0.180219   -0.174601   -0.167868   -0.159935   -0.150708   -0.141028   -0.138432   -0.140342   -0.143812   

915000
-10   -9   -8   -7   -6   -5   -4   -3   -2   -1   0   1   2   3   4   5   6   7   8   9   10   11   12   13   14   15   16   17   18   
-0.20729   -0.0906643   0.0275396   0.145601   0.255872   0.372567   0.491036   0.609376   0.725941   0.840528   0.954515   1.06917   1.18224   1.29095   1.39604   1.49555   1.5929   1.68124   1.76625   1.84789   1.92107   1.98465   2.03255   2.05765   2.04204   1.93644   1.80767   1.71531   1.6894   
0.0209045   0.016847   0.0141986   0.0125995   0.0121168   0.0115276   0.0110208   0.0106518   0.0106017   0.0107777   0.0108977   0.0109079   0.0109487   0.0113142   0.0118189   0.0117562   0.0125096   0.0134649   0.0146053   0.0159411   0.0178   0.0203518   0.0241218   0.0299097   0.0400365   0.0616184   0.0905022   0.116194   0.133149   
-0.184171   -0.190393   -0.193819   -0.195913   -0.19605   -0.197249   -0.19854   -0.199723   -0.200445   -0.200762   -0.201169   -0.201819   -0.202416   -0.202042   -0.201087   -0.199043   -0.196812   -0.193092   -0.189183   -0.185139   -0.180283   -0.174684   -0.167937   -0.159952   -0.150683   -0.141019   -0.138449   -0.140348   -0.143806   

920000
-10   -9   -8   -7   -6   -5   -4   -3   -2   -1   0   1   2   3   4   5   6   7   8   9   10   11   12   13   14   15   16   17   18   
-0.207277   -0.0906575   0.0275971   0.145611   0.255816   0.372695   0.491146   0.60951   0.726108   0.840718   0.954752   1.06934   1.18245   1.29123   1.39638   1.49582   1.5933   1.68172   1.76681   1.84843   1.92145   1.98521   2.03305   2.0577   2.04167   1.93564   1.80652   1.71548   1.68977   
0.0207647   0.0167881   0.0142109   0.0125712   0.0121322   0.0115062   0.0110078   0.010637   0.0105845   0.0107607   0.0108768   0.0108927   0.0109313   0.0112931   0.011795   0.0117375   0.0124867   0.0134367   0.0145727   0.0159096   0.0177754   0.0203156   0.0240867   0.0299057   0.0400713   0.0617129   0.0906633   0.116184   0.133104   
-0.184369   -0.190442   -0.193806   -0.195932   -0.196027   -0.197283   -0.198562   -0.19975   -0.200478   -0.200797   -0.201212   -0.20185   -0.202454   -0.202092   -0.201148   -0.199093   -0.196887   -0.193178   -0.18928   -0.185228   -0.180344   -0.174764   -0.168002   -0.159966   -0.150669   -0.141008   -0.138467   -0.140357   -0.1438   

925000
-9   -8   -7   -6   -5   -4   -3   -2   -1   0   1   2   3   4   5   6   7   8   9   10   11   12   13   14   15   16   17   18   
-0.0906503   0.0276499   0.145658   0.255748   0.372821   0.491253   0.609642   0.726272   0.840905   0.954986   1.06949   1.18266   1.2915   1.39671   1.49607   1.59369   1.6822   1.76737   1.84895   1.92182   1.98576   2.03352   2.05773   2.04146   1.93485   1.80538   1.71562   1.6901   
0.0167299   0.0142377   0.0125406   0.0121538   0.0114852   0.0109955   0.0106224   0.0105676   0.0107441   0.0108563   0.0108781   0.0109142   0.0112722   0.0117715   0.0117194   0.0124641   0.0134088   0.0145406   0.0158785   0.0177522   0.0202812   0.0240543   0.0299035   0.0400914   0.0618105   0.0908239   0.11616   0.133049   
-0.19049   -0.19378   -0.195957   -0.195997   -0.197317   -0.198583   -0.199776   -0.20051   -0.20083   -0.201255   -0.20188   -0.202491   -0.202142   -0.201207   -0.199141   -0.196961   -0.193264   -0.189376   -0.185315   -0.180404   -0.174844   -0.168065   -0.159978   -0.150665   -0.140999   -0.138484   -0.140362   -0.143792   

930000
-9   -8   -7   -5   -4   -3   -2   -1   0   1   2   3   4   5   6   7   8   9   10   11   12   13   14   15   16   17   18   
-0.0906421   0.0276982   0.145744   0.372944   0.491354   0.60977   0.726437   0.841089   0.955217   1.06964   1.18287   1.29178   1.39704   1.49632   1.59408   1.68268   1.76793   1.84947   1.92217   1.98628   2.03396   2.05771   2.04117   1.93406   1.80425   1.71578   1.69046   
0.0166723   0.014283   0.0125074   0.0114647   0.0109842   0.0106083   0.0105503   0.0107278   0.0108362   0.0108641   0.0108977   0.0112518   0.0117484   0.0117017   0.0124419   0.0133812   0.0145088   0.0158483   0.0177295   0.0202478   0.0240235   0.029904   0.0401187   0.0619068   0.0909814   0.116141   0.133012   
-0.190538   -0.193738   -0.19599   -0.19735   -0.198602   -0.199802   -0.200543   -0.200863   -0.201297   -0.201909   -0.202527   -0.20219   -0.201267   -0.199189   -0.197033   -0.19335   -0.189471   -0.1854   -0.180462   -0.174919   -0.168124   -0.159986   -0.150656   -0.140989   -0.138502   -0.140368   -0.143788   

935000
-9   -8   -7   -5   -4   -3   -2   -1   0   1   2   3   4   5   6   7   8   9   10   11   12   13   14   15   16   
-0.0906331   0.0277408   0.145827   0.373064   0.491449   0.609896   0.726602   0.841269   0.955444   1.06979   1.18307   1.29205   1.39737   1.49657   1.59446   1.68316   1.76848   1.84997   1.92252   1.98679   2.03438   2.05769   2.04082   1.93327   1.80313   
0.0166154   0.0143534   0.0124747   0.0114447   0.0109738   0.0105944   0.0105328   0.010712   0.0108164   0.0108506   0.0108816   0.0112316   0.0117256   0.0116844   0.01242   0.013354   0.0144775   0.0158186   0.0177075   0.0202156   0.0239942   0.0299064   0.0401523   0.0620023   0.0911386   
-0.190586   -0.193674   -0.196022   -0.197383   -0.19862   -0.199827   -0.200577   -0.200895   -0.201338   -0.201936   -0.202562   -0.202239   -0.201325   -0.199236   -0.197105   -0.193435   -0.189565   -0.185483   -0.180518   -0.174993   -0.16818   -0.159994   -0.150643   -0.140979   -0.138519   

940000
-10   -9   -8   -7   -6   -5   -4   -3   -2   -1   0   1   2   3   4   5   6   7   8   9   10   11   12   13   14   15   16   
-0.207246   -0.0906237   0.0277595   0.145906   0.255811   0.373182   0.491539   0.610019   0.726764   0.841447   0.955668   1.06993   1.18326   1.29231   1.39769   1.49681   1.59484   1.68363   1.76902   1.85047   1.92285   1.98727   2.03478   2.05767   2.04038   1.93248   1.80202   
0.020229   0.0165589   0.014357   0.0124426   0.0121114   0.0114249   0.0109643   0.0105807   0.0105155   0.0106966   0.0107971   0.0108377   0.010866   0.0112117   0.0117033   0.0116676   0.0123984   0.013327   0.0144466   0.0157896   0.0176858   0.0201842   0.0239668   0.029908   0.0401936   0.0620989   0.0912944   
-0.185102   -0.190634   -0.193664   -0.196053   -0.196045   -0.197414   -0.198636   -0.199852   -0.200611   -0.200926   -0.201379   -0.201963   -0.202595   -0.202287   -0.201383   -0.199282   -0.197176   -0.19352   -0.189658   -0.185566   -0.180572   -0.175064   -0.168235   -0.160001   -0.150623   -0.140969   -0.138536   

945000
-10   -9   -8   -7   -6   -5   -4   -3   -2   -1   0   1   2   4   5   6   7   8   9   10   11   12   13   14   15   16   17   18   
-0.20727   -0.0906138   0.0277659   0.145982   0.255878   0.373298   0.491624   0.61014   0.726924   0.841644   0.955889   1.07007   1.18346   1.39801   1.49705   1.59521   1.6841   1.76956   1.85095   1.92317   1.98775   2.03515   2.05767   2.03988   1.93168   1.80092   1.71668   1.6916   
0.0201143   0.016503   0.0143046   0.0124109   0.012087   0.0114056   0.0109559   0.0105674   0.0104986   0.0106776   0.0107781   0.0108253   0.010851   0.0116813   0.0116512   0.0123772   0.0133003   0.014416   0.0157612   0.0176649   0.020154   0.0239405   0.0299083   0.0402401   0.0621953   0.0914494   0.116031   0.132836   
-0.185242   -0.190682   -0.1937   -0.196083   -0.196076   -0.197445   -0.198651   -0.199876   -0.200644   -0.200965   -0.201419   -0.201989   -0.202628   -0.201441   -0.199327   -0.197246   -0.193604   -0.189751   -0.185646   -0.180626   -0.175133   -0.168286   -0.16001   -0.1506   -0.140959   -0.138553   -0.140375   -0.14376   

950000
-10   -9   -8   -7   -6   -5   -4   -3   -2   -1   0   1   2   4   5   6   7   8   9   10   11   12   14   15   16   17   18   
-0.207293   -0.0771548   0.0277731   0.146054   0.255943   0.373411   0.491702   0.610258   0.727081   0.841844   0.956106   1.0702   1.18365   1.39833   1.49728   1.59558   1.68457   1.77009   1.85142   1.92349   1.9882   2.0355   2.03933   1.93086   1.79983   1.71713   1.69242   
0.0200004   0.0549532   0.0142541   0.0123797   0.0120632   0.0113866   0.0109485   0.0105544   0.0104819   0.0106582   0.0107594   0.0108134   0.0108364   0.0116596   0.0116352   0.0123562   0.013274   0.0143859   0.0157333   0.0176449   0.020125   0.0239161   0.0402913   0.0622923   0.0916036   0.115972   0.132729   
-0.18538   -0.121569   -0.193736   -0.196113   -0.196107   -0.197476   -0.198664   -0.1999   -0.200677   -0.201005   -0.201459   -0.202013   -0.20266   -0.201497   -0.199371   -0.197314   -0.193687   -0.189843   -0.185725   -0.180678   -0.175201   -0.168334   -0.150573   -0.140947   -0.13857   -0.140373   -0.143731   

955000
-10   -9   -8   -7   -6   -5   -4   -3   -2   -1   0   1   2   3   4   5   6   7   8   9   10   11   12   13   14   15   16   17   18   
-0.207319   -0.0905933   0.0277808   0.146123   0.256008   0.373523   0.491774   0.610373   0.727235   0.842042   0.956321   1.07032   1.18383   1.2931   1.39864   1.4975   1.59594   1.68503   1.77062   1.85189   1.9238   1.98864   2.03583   2.05821   2.03873   1.93005   1.79876   1.71758   1.6932   
0.0198879   0.0163924   0.0142051   0.0123491   0.0120401   0.011368   0.0109424   0.0105416   0.0104655   0.010639   0.0107411   0.0108021   0.0108223   0.0111532   0.0116383   0.0116197   0.0123356   0.013248   0.0143562   0.0157061   0.0176252   0.0200968   0.0238931   0.0298656   0.0403468   0.0623927   0.0917541   0.11592   0.132604   
-0.185515   -0.190776   -0.19377   -0.196141   -0.196137   -0.197506   -0.198675   -0.199923   -0.200708   -0.201045   -0.201498   -0.202036   -0.20269   -0.202428   -0.201553   -0.199414   -0.197382   -0.19377   -0.189933   -0.185802   -0.180729   -0.175266   -0.16838   -0.160078   -0.150543   -0.140936   -0.138587   -0.140372   -0.143702   

960000
-10   -9   -8   -7   -6   -5   -4   -3   -2   -1   0   1   2   3   4   5   6   7   8   9   10   11   12   13   14   15   16   17   18   
-0.207343   -0.0905829   0.027789   0.146189   0.256072   0.373632   0.491889   0.610486   0.727386   0.842237   0.956532   1.07044   1.18402   1.29335   1.39895   1.49771   1.5963   1.68549   1.77114   1.85234   1.9241   1.98906   2.03613   2.05876   2.03808   1.9294   1.7977   1.71798   1.69397   
0.0197773   0.0163377   0.0141577   0.012319   0.0120175   0.0113497   0.0109256   0.0105292   0.0104494   0.0106201   0.0107231   0.0107914   0.0108073   0.0111336   0.0116173   0.0116046   0.0123153   0.0132223   0.0143269   0.0156794   0.017606   0.0200697   0.0238718   0.029823   0.0404082   0.0624711   0.0919027   0.115858   0.132491   
-0.185647   -0.190823   -0.193804   -0.196169   -0.196166   -0.197535   -0.198704   -0.199946   -0.20074   -0.201083   -0.201536   -0.202059   -0.202723   -0.202476   -0.201609   -0.199456   -0.197449   -0.193852   -0.190023   -0.185878   -0.180779   -0.175328   -0.168424   -0.160139   -0.150509   -0.140929   -0.138603   -0.14037   -0.143674   

965000
-10   -9   -8   -7   -6   -5   -4   -3   -2   -1   0   1   2   3   4   5   6   7   8   9   10   11   12   14   15   16   17   18   
-0.207369   -0.0905726   0.0277975   0.11624   0.256135   0.373739   0.492002   0.610597   0.727535   0.842429   0.956741   1.07055   1.1842   1.29361   1.39926   1.49793   1.59665   1.68594   1.77166   1.85278   1.92439   1.98947   2.03642   2.03785   1.92877   1.79666   1.71838   1.69472   
0.0196687   0.0162834   0.0141118   0.0565585   0.0119956   0.0113317   0.010909   0.010517   0.0104336   0.0106014   0.0107054   0.0107812   0.0107927   0.0111144   0.0115967   0.01159   0.0122953   0.013197   0.014298   0.0156533   0.0175874   0.0200439   0.0238518   0.0404309   0.0625486   0.0920498   0.115802   0.132386   
-0.185775   -0.19087   -0.193837   -0.123306   -0.196195   -0.197564   -0.198733   -0.199968   -0.200771   -0.201122   -0.201574   -0.20208   -0.202756   -0.202523   -0.201663   -0.199497   -0.197515   -0.193933   -0.190112   -0.185952   -0.180828   -0.175389   -0.168464   -0.150503   -0.140923   -0.138619   -0.140368   -0.143648   

970000
-10   -9   -8   -7   -6   -5   -4   -3   -2   -1   0   1   2   3   4   5   6   7   8   9   10   11   12   13   14   15   16   17   18   
-0.207395   -0.0905628   0.0278064   0.146308   0.256196   0.373844   0.492112   0.610705   0.727681   0.842618   0.956947   1.07066   1.18438   1.29385   1.39956   1.49813   1.597   1.68639   1.77216   1.85322   1.92467   1.98985   2.03667   2.05977   2.03753   1.92813   1.79562   1.71878   1.69545   
0.0195621   0.0162295   0.0140673   0.0122606   0.0119742   0.011314   0.0108929   0.0105051   0.010418   0.0105831   0.0106881   0.0107717   0.0107785   0.0110957   0.0115763   0.0115759   0.0122757   0.013172   0.0142696   0.0156277   0.0175691   0.0200188   0.0238332   0.0297447   0.0404611   0.0626259   0.0921948   0.115755   0.132283   
-0.185899   -0.190916   -0.193869   -0.196221   -0.196223   -0.197592   -0.198761   -0.19999   -0.200801   -0.20116   -0.201611   -0.202099   -0.202787   -0.202568   -0.201717   -0.199537   -0.19758   -0.194014   -0.190199   -0.186025   -0.180875   -0.175447   -0.168502   -0.16025   -0.150491   -0.140916   -0.138635   -0.140369   -0.143622   

975000
-10   -9   -8   -7   -6   -5   -4   -3   -2   -1   0   1   2   3   4   5   6   7   8   9   10   11   12   13   14   15   16   17   18   
-0.207421   -0.0905532   0.0278153   0.146361   0.256256   0.373947   0.492219   0.61081   0.727825   0.842805   0.95715   1.07076   1.18456   1.29409   1.39986   1.49833   1.59733   1.68683   1.77266   1.85364   1.92495   1.99022   2.03692   2.06024   2.03712   1.92749   1.79461   1.71916   1.69617   
0.0194577   0.016176   0.0140241   0.0122323   0.0119533   0.0112966   0.0108772   0.0104936   0.0104027   0.0105651   0.010671   0.0107627   0.0107648   0.0110773   0.0115563   0.0115623   0.0122563   0.0131475   0.0142417   0.0156027   0.0175511   0.0199948   0.0238165   0.0297093   0.0404995   0.0627034   0.0923381   0.115706   0.132183   
-0.18602   -0.190962   -0.193901   -0.196246   -0.19625   -0.197619   -0.198788   -0.200011   -0.200831   -0.201197   -0.201648   -0.202118   -0.202817   -0.202613   -0.201771   -0.199575   -0.197644   -0.194093   -0.190286   -0.186097   -0.180921   -0.175503   -0.168538   -0.160302   -0.150474   -0.140909   -0.138651   -0.140368   -0.143598   

980000
-10   -9   -7   -6   -5   -4   -3   -2   -1   0   1   2   3   4   5   6   7   8   9   10   11   12   13   14   15   16   17   18   
-0.207448   -0.0905437   0.14641   0.256315   0.374047   0.492324   0.610913   0.727967   0.842987   0.957351   1.07086   1.18473   1.29433   1.40016   1.49852   1.59767   1.68726   1.77315   1.85406   1.92522   1.99058   2.03714   2.06067   2.03662   1.92685   1.79362   1.71954   1.69687   
0.0193552   0.0161228   0.0122047   0.011933   0.0112796   0.0108619   0.0104823   0.0103877   0.0105475   0.0106542   0.0107535   0.0107516   0.0110593   0.0115365   0.0115491   0.0122373   0.0131236   0.0142144   0.0155782   0.0175336   0.0199719   0.0238009   0.0296755   0.0405465   0.062782   0.0924773   0.115658   0.132075   
-0.186138   -0.191008   -0.19627   -0.196277   -0.197647   -0.198815   -0.200032   -0.20086   -0.201234   -0.201684   -0.202138   -0.202846   -0.202657   -0.201824   -0.199613   -0.197707   -0.19417   -0.19037   -0.186166   -0.180967   -0.175557   -0.168572   -0.160351   -0.15045   -0.140903   -0.138666   -0.140368   -0.143573   

985000
-10   -9   -8   -7   -6   -5   -4   -3   -2   -1   0   1   2   3   5   6   7   8   9   10   11   12   13   14   15   16   17   18   
-0.207473   -0.0905347   0.027833   0.146454   0.256372   0.374145   0.492427   0.611013   0.728107   0.843166   0.957549   1.07095   1.18489   1.29457   1.4987   1.598   1.68768   1.77362   1.85446   1.92549   1.99092   2.03732   2.06107   2.03606   1.92621   1.79264   1.71991   1.69756   
0.0192541   0.01607   0.0139413   0.0121778   0.0119131   0.0112628   0.0108469   0.0104714   0.0103728   0.0105302   0.0106377   0.0107444   0.010739   0.0110415   0.0115365   0.0122185   0.0131001   0.0141877   0.0155542   0.0175164   0.01995   0.0237875   0.0296438   0.0405995   0.0628615   0.0926146   0.115614   0.131979   
-0.186255   -0.191054   -0.193961   -0.196292   -0.196303   -0.197673   -0.198841   -0.200052   -0.200889   -0.201269   -0.201719   -0.202157   -0.202874   -0.202701   -0.199649   -0.197769   -0.194246   -0.190453   -0.186235   -0.181012   -0.175609   -0.168601   -0.160397   -0.150422   -0.140897   -0.138681   -0.140368   -0.14355   

990000
-10   -9   -8   -6   -5   -4   -3   -2   -1   0   1   2   3   5   6   7   8   9   10   11   12   13   14   15   16   17   18   
-0.207494   -0.090526   0.0278415   0.256428   0.374242   0.492527   0.611111   0.728244   0.843341   0.957744   1.07104   1.18506   1.2948   1.49888   1.59832   1.68809   1.77409   1.85486   1.92584   1.99124   2.03749   2.06145   2.03543   1.92556   1.79167   1.72028   1.69823   
0.0191538   0.0160176   0.0139017   0.0118938   0.0112464   0.0108322   0.0104607   0.0103583   0.0105132   0.0106215   0.010736   0.0107268   0.0110241   0.0115244   0.0122   0.0130769   0.0141617   0.0155308   0.0174953   0.0199291   0.0237756   0.0296144   0.0406581   0.0629417   0.0927523   0.115566   0.131878   
-0.186371   -0.191099   -0.193991   -0.196329   -0.197699   -0.198867   -0.200071   -0.200918   -0.201304   -0.201754   -0.202175   -0.202901   -0.202743   -0.199684   -0.19783   -0.194322   -0.190533   -0.186302   -0.181068   -0.175659   -0.168628   -0.160441   -0.15039   -0.140891   -0.138696   -0.140369   -0.143526   

995000
-10   -9   -8   -7   -6   -5   -4   -3   -2   -1   0   2   3   4   5   6   7   8   9   10   11   12   13   14   15   16   17   18   
-0.207509   -0.0905177   0.0278498   0.130613   0.256481   0.374336   0.492624   0.611206   0.728379   0.843514   0.957937   1.18521   1.29503   1.40104   1.49936   1.59864   1.6885   1.77454   1.85525   1.92647   1.99154   2.03764   2.0618   2.03474   1.92487   1.79074   1.72063   1.69888   
0.0190536   0.0159655   0.0138631   0.0547118   0.0118748   0.0112302   0.0108179   0.0104504   0.0103439   0.0104966   0.0106055   0.0107153   0.0110069   0.011478   0.0115269   0.0121819   0.0130541   0.0141361   0.0155078   0.017459   0.0199095   0.0237647   0.0295871   0.0407228   0.0630263   0.0928836   0.115517   0.131776   
-0.18649   -0.191144   -0.19402   -0.118612   -0.196354   -0.197725   -0.198891   -0.20009   -0.200946   -0.201339   -0.201789   -0.202926   -0.202786   -0.201981   -0.199782   -0.19789   -0.194396   -0.190613   -0.186368   -0.181165   -0.175706   -0.168653   -0.160482   -0.150355   -0.140884   -0.138711   -0.140368   -0.143503   

1000000
-10   -9   -8   -7   -6   -5   -4   -3   -2   -1   0   1   2   3   4   5   6   7   8   9   10   11   12   13   14   15   16   17   18   
-0.207522   -0.0905099   0.0278577   0.146559   0.256532   0.374429   0.492718   0.611297   0.728511   0.843684   0.958127   1.07126   1.18537   1.29526   1.40133   1.50048   1.59895   1.68891   1.775   1.85563   1.92709   1.99182   2.03778   2.06213   2.03416   1.92418   1.78983   1.72098   1.69954   
0.0189551   0.0159137   0.0138254   0.0121017   0.0118563   0.0112142   0.0108041   0.0104405   0.0103298   0.0104802   0.0105898   0.0107168   0.0107032   0.01099   0.0114583   0.011558   0.0121642   0.0130315   0.0141109   0.0154854   0.0174234   0.019891   0.0237549   0.0295619   0.0407786   0.0631133   0.0930126   0.115469   0.131681   
-0.186608   -0.191188   -0.194048   -0.196352   -0.196378   -0.19775   -0.198915   -0.200109   -0.200974   -0.201373   -0.201823   -0.202218   -0.202953   -0.202828   -0.202035   -0.200043   -0.197948   -0.19447   -0.190691   -0.186432   -0.18126   -0.17575   -0.168677   -0.16052   -0.150325   -0.140878   -0.138726   -0.140368   -0.143481   

1005000
-10   -9   -8   -7   -6   -5   -4   -2   -1   0   1   2   3   4   6   7   8   9   10   11   12   13   14   15   16   17   18   
-0.207533   -0.0905088   0.0278651   0.146583   0.256581   0.37452   0.49281   0.728642   0.843851   0.958315   1.0715   1.18552   1.29548   1.40162   1.59925   1.68931   1.77544   1.856   1.9277   1.99209   2.03791   2.0624   2.03366   1.92348   1.78895   1.72132   1.70018   
0.0188593   0.0158642   0.0137888   0.0120779   0.0118383   0.0111985   0.0107905   0.0103159   0.010464   0.0105744   0.0106976   0.0106911   0.0109734   0.0114389   0.0121468   0.0130092   0.0140861   0.0154634   0.0173885   0.0198737   0.0237452   0.0295404   0.0408256   0.0631982   0.0931369   0.115428   0.131593   
-0.186721   -0.191229   -0.194075   -0.196369   -0.196402   -0.197775   -0.198939   -0.201001   -0.201407   -0.201857   -0.202261   -0.20298   -0.202869   -0.202087   -0.198005   -0.194543   -0.190769   -0.186495   -0.181354   -0.175792   -0.1687   -0.160554   -0.150302   -0.140871   -0.13874   -0.140369   -0.14346   

1010000
-10   -9   -8   -7   -6   -5   -4   -2   -1   0   1   2   3   4   5   6   7   8   9   10   11   12   13   14   15   16   17   18   
-0.207543   -0.0905107   0.0278719   0.146603   0.256629   0.374609   0.492899   0.72877   0.844015   0.958501   1.07174   1.18568   1.2957   1.40191   1.50355   1.59955   1.68971   1.77588   1.85636   1.92829   1.99234   2.03804   2.06265   2.03312   1.92283   1.78816   1.72165   1.70081   
0.0187662   0.0158158   0.013753   0.0120551   0.0118207   0.011183   0.0107773   0.0103022   0.0104481   0.0105592   0.0106788   0.0106796   0.010957   0.0114197   0.0116464   0.0121298   0.0129872   0.0140616   0.0154421   0.0173543   0.0198573   0.023736   0.0295211   0.0408771   0.0632791   0.093249   0.115382   0.131501   
-0.186832   -0.191268   -0.194102   -0.196385   -0.196426   -0.197799   -0.198962   -0.201028   -0.20144   -0.20189   -0.202304   -0.203005   -0.202909   -0.202139   -0.200748   -0.198062   -0.194615   -0.190845   -0.186557   -0.181445   -0.175832   -0.168722   -0.160585   -0.150276   -0.140865   -0.138754   -0.14037   -0.143439   

1015000
-10   -9   -8   -7   -6   -5   -4   -3   -2   -1   0   1   2   3   4   5   6   7   8   9   10   11   12   13   14   15   16   17   18   
-0.207552   -0.0905127   0.0278783   0.146616   0.256675   0.374697   0.492986   0.61157   0.728896   0.844177   0.958684   1.07197   1.18582   1.29591   1.40219   1.50448   1.59984   1.69011   1.77631   1.85671   1.92887   1.99258   2.03817   2.06287   2.03252   1.92239   1.7875   1.72198   1.70142   
0.018676   0.0157676   0.0137181   0.0120333   0.0118035   0.0111678   0.0107643   0.0104089   0.0102888   0.0104325   0.0105443   0.0106603   0.0106688   0.0109409   0.0114008   0.0116648   0.012113   0.0129655   0.0140375   0.0154214   0.0173208   0.0198417   0.0237267   0.0295042   0.0409331   0.0633346   0.0933428   0.115344   0.131413   
-0.186938   -0.191306   -0.194128   -0.1964   -0.196449   -0.197823   -0.198984   -0.200167   -0.201054   -0.201472   -0.201922   -0.202346   -0.20303   -0.202949   -0.202191   -0.200943   -0.198117   -0.194687   -0.190921   -0.186617   -0.181535   -0.175871   -0.168744   -0.160613   -0.150246   -0.140864   -0.138767   -0.140371   -0.14342   

1020000
-10   -9   -8   -7   -6   -5   -4   -3   -2   -1   0   1   2   3   4   5   6   7   8   9   10   11   12   13   14   15   16   17   18   
-0.207561   -0.0905146   0.0278842   0.116961   0.25672   0.374783   0.493071   0.611661   0.72902   0.844337   0.958864   1.0722   1.18596   1.29613   1.40247   1.50506   1.60012   1.6905   1.77674   1.85705   1.92945   1.9928   2.0383   2.06305   2.03188   1.92193   1.78687   1.72227   1.70202   
0.0185891   0.0157196   0.0136839   0.0571924   0.0117867   0.0111528   0.0107517   0.0103978   0.0102756   0.0104171   0.0105297   0.0106423   0.0106585   0.0109251   0.0113821   0.0116682   0.0120966   0.012944   0.0140137   0.0154012   0.017288   0.0198268   0.0237173   0.0294896   0.0409935   0.0633943   0.0934346   0.115299   0.131325   
-0.18704   -0.191345   -0.194154   -0.122364   -0.196471   -0.197847   -0.199006   -0.200188   -0.20108   -0.201504   -0.201954   -0.202387   -0.203052   -0.202989   -0.202242   -0.201057   -0.198172   -0.194758   -0.190996   -0.186675   -0.181624   -0.175907   -0.168767   -0.160638   -0.150213   -0.140864   -0.13878   -0.140371   -0.1434   

1025000
-10   -9   -8   -7   -6   -5   -4   -3   -2   -1   0   1   2   3   4   5   6   7   8   9   10   11   12   13   14   15   16   17   18   
-0.207568   -0.0905162   0.0278899   0.146629   0.256764   0.374867   0.493153   0.611749   0.729141   0.844495   0.959042   1.07243   1.18609   1.29634   1.40275   1.50552   1.6004   1.69088   1.77716   1.85738   1.93001   1.99302   2.03845   2.0632   2.03121   1.92143   1.78625   1.72257   1.70263   
0.0185056   0.0156717   0.0136505   0.0119929   0.0117702   0.0111381   0.0107394   0.0103869   0.0102626   0.0104019   0.0105153   0.0106245   0.0106488   0.0109096   0.0113637   0.0116626   0.0120805   0.0129229   0.0139904   0.0153815   0.0172557   0.0198125   0.023707   0.0294774   0.0410575   0.063455   0.0935236   0.11527   0.13124   
-0.187138   -0.191384   -0.194179   -0.196424   -0.196493   -0.19787   -0.199028   -0.200208   -0.201105   -0.201536   -0.201986   -0.202428   -0.203074   -0.203027   -0.202292   -0.201143   -0.198225   -0.194828   -0.191069   -0.186732   -0.181711   -0.175943   -0.168791   -0.16066   -0.150179   -0.140861   -0.138792   -0.140374   -0.143381   

1030000
-10   -9   -8   -7   -6   -5   -4   -3   -2   -1   0   1   2   3   4   5   6   7   8   9   10   11   12   13   14   15   16   17   18   
-0.207573   -0.0905176   0.0278955   0.146674   0.256808   0.374951   0.493233   0.611834   0.729261   0.84465   0.959217   1.07265   1.18622   1.29654   1.40302   1.50594   1.60068   1.69126   1.77757   1.8577   1.93056   1.99323   2.03876   2.06333   2.0305   1.92092   1.78564   1.72286   1.70322   
0.0184257   0.015624   0.0136177   0.0119712   0.011754   0.0111236   0.0107273   0.0103763   0.0102498   0.0103869   0.0105013   0.0106072   0.0106397   0.0108943   0.0113455   0.0116551   0.0120647   0.012902   0.0139673   0.0153623   0.0172241   0.0197989   0.0236851   0.029468   0.0411254   0.0635205   0.0936126   0.115233   0.131158   
-0.187232   -0.191423   -0.194204   -0.196443   -0.196515   -0.197893   -0.199048   -0.200228   -0.20113   -0.201567   -0.202017   -0.202468   -0.203094   -0.203066   -0.202342   -0.201221   -0.198277   -0.194898   -0.191142   -0.186787   -0.181796   -0.175978   -0.168834   -0.160679   -0.150142   -0.14086   -0.138805   -0.140376   -0.143363   

1035000
-10   -9   -8   -7   -5   -4   -3   -2   -1   0   1   2   3   4   5   6   7   8   9   10   11   12   13   14   15   16   17   18   
-0.207577   -0.0905182   0.027901   0.146743   0.375032   0.493311   0.611917   0.729378   0.844804   0.959389   1.07287   1.18635   1.29675   1.4033   1.50633   1.60095   1.69164   1.77798   1.85802   1.9311   1.99343   2.0393   2.06342   2.02976   1.92038   1.78504   1.72315   1.70379   
0.0183497   0.0155763   0.0135856   0.0119486   0.0111093   0.0107155   0.0103661   0.0102374   0.0103722   0.0104875   0.0105901   0.0106306   0.0108792   0.0113276   0.0116436   0.0120492   0.0128813   0.0139447   0.0153435   0.0171929   0.0197855   0.0236477   0.0294605   0.0411961   0.0635887   0.0936977   0.115206   0.131078   
-0.187321   -0.191463   -0.194228   -0.196466   -0.197915   -0.199069   -0.200247   -0.201155   -0.201598   -0.202047   -0.202507   -0.203114   -0.203103   -0.202392   -0.201292   -0.198328   -0.194967   -0.191214   -0.186842   -0.18188   -0.176011   -0.168903   -0.160695   -0.150103   -0.140857   -0.138817   -0.140379   -0.143345   

1040000
-10   -9   -8   -7   -6   -5   -4   -3   -2   -1   0   1   2   3   4   5   6   7   8   9   10   11   12   13   14   15   16   17   18   
-0.20758   -0.0905179   0.0279066   0.146808   0.256889   0.375113   0.493387   0.611996   0.729491   0.844955   0.959562   1.07309   1.18647   1.29695   1.40356   1.50671   1.60121   1.69201   1.77838   1.85833   1.93163   1.99363   2.03983   2.06348   2.02926   1.91981   1.78441   1.72342   1.70436   
0.018278   0.0155287   0.013554   0.0119272   0.0117227   0.0110952   0.010704   0.0103561   0.0102252   0.0103576   0.0104735   0.0105734   0.0106213   0.0108645   0.0113099   0.0116318   0.012034   0.012861   0.0139224   0.0153252   0.0171623   0.0197723   0.023612   0.0294554   0.0412435   0.0636604   0.0937875   0.11517   0.130997   
-0.187404   -0.191503   -0.194253   -0.196487   -0.196556   -0.197938   -0.199089   -0.200265   -0.201179   -0.201629   -0.202078   -0.202546   -0.203135   -0.20314   -0.20244   -0.20136   -0.198378   -0.195035   -0.191284   -0.186895   -0.181963   -0.176044   -0.168971   -0.160708   -0.15008   -0.140854   -0.13883   -0.140381   -0.143328   

1045000
-10   -9   -7   -6   -5   -4   -3   -2   -1   0   1   2   3   4   6   7   8   9   10   11   12   13   14   15   16   17   18   
-0.20758   -0.0905176   0.146866   0.256928   0.37519   0.49346   0.612073   0.729603   0.845104   0.959751   1.0733   1.18659   1.29715   1.40383   1.60146   1.69238   1.77878   1.85863   1.93216   1.99383   2.04034   2.06351   2.02871   1.91919   1.78377   1.72369   1.70491   
0.0182108   0.0154814   0.011907   0.0117075   0.0110814   0.0106928   0.0103465   0.0102132   0.0103433   0.0104571   0.010557   0.0106126   0.01085   0.0112925   0.0120192   0.0128409   0.0139004   0.0153074   0.0171323   0.0197594   0.0235769   0.0294525   0.0412968   0.063739   0.09388   0.115131   0.130919   
-0.187483   -0.191542   -0.196506   -0.196577   -0.197959   -0.199108   -0.200283   -0.201203   -0.201659   -0.202115   -0.202584   -0.203154   -0.203177   -0.202488   -0.198427   -0.195103   -0.191354   -0.186947   -0.182045   -0.176077   -0.169036   -0.160718   -0.150053   -0.140849   -0.138843   -0.140382   -0.143311   

1050000
-10   -9   -8   -7   -6   -5   -3   -2   -1   0   1   2   3   4   5   6   7   8   9   10   11   12   13   14   15   16   18   
-0.207579   -0.0905174   0.0279622   0.146919   0.256969   0.375266   0.612147   0.729712   0.84525   0.959936   1.07351   1.18671   1.29734   1.40409   1.50743   1.60171   1.69275   1.77916   1.85892   1.93267   1.99403   2.04083   2.06352   2.0281   1.91853   1.78321   1.70543   
0.0181489   0.0154345   0.0134889   0.0118884   0.0116923   0.0110679   0.0103371   0.0102015   0.0103291   0.0104411   0.0105406   0.0106045   0.0108358   0.0112754   0.0116051   0.0120047   0.0128211   0.0138788   0.0152899   0.017103   0.0197464   0.0235432   0.0294516   0.0413547   0.0638208   0.0939617   0.130833   
-0.187554   -0.191582   -0.194309   -0.196523   -0.196597   -0.19798   -0.200301   -0.201226   -0.201688   -0.202151   -0.202622   -0.203172   -0.203212   -0.202536   -0.20149   -0.198475   -0.195169   -0.191423   -0.186998   -0.182125   -0.176109   -0.1691   -0.160726   -0.150023   -0.140844   -0.138855   -0.143294   

1055000
-10   -9   -8   -7   -5   -2   -1   0   1   2   3   4   5   6   7   8   9   10   12   13   14   15   16   17   18   
-0.207576   -0.0905171   0.0280209   0.146965   0.375341   0.729818   0.845395   0.960119   1.07373   1.18681   1.29753   1.40435   1.50777   1.60196   1.69311   1.77955   1.85921   1.93317   2.04131   2.06349   2.02746   1.91784   1.78272   1.72423   1.70595   
0.0180924   0.0153879   0.0134546   0.0118713   0.0110546   0.01019   0.0103152   0.0104253   0.0105235   0.0105969   0.0108219   0.0112587   0.0115903   0.0119905   0.0128015   0.0138576   0.0152729   0.0170741   0.0235105   0.0294534   0.0414154   0.0639075   0.0940333   0.115061   0.130759   
-0.18762   -0.191622   -0.194343   -0.196538   -0.198001   -0.201248   -0.201717   -0.202186   -0.202662   -0.203189   -0.203248   -0.202582   -0.201553   -0.198522   -0.195235   -0.19149   -0.187048   -0.182204   -0.169161   -0.160731   -0.14999   -0.140838   -0.138868   -0.140386   -0.143279   

1060000
-10   -9   -8   -7   -6   -5   -4   -2   -1   0   1   2   3   4   5   6   7   8   9   10   11   12   13   14   15   16   17   18   
-0.207565   -0.0905168   0.0280787   0.147004   0.257113   0.375415   0.493795   0.729922   0.845538   0.960299   1.07394   1.18691   1.29772   1.4046   1.50812   1.6022   1.69346   1.77992   1.85949   1.93367   1.99459   2.04177   2.06343   2.0268   1.91713   1.78233   1.7245   1.70647   
0.0180415   0.0153418   0.0134207   0.0118559   0.0116571   0.0110415   0.01065   0.0101788   0.0103015   0.0104097   0.0105068   0.0105899   0.0108081   0.0112423   0.0115757   0.0119766   0.0127822   0.0138367   0.0152563   0.0170458   0.0197108   0.0234788   0.0294578   0.0414783   0.063996   0.0940959   0.115028   0.13069   
-0.187679   -0.191661   -0.194377   -0.19655   -0.196648   -0.198022   -0.199184   -0.20127   -0.201746   -0.202221   -0.202701   -0.203204   -0.203282   -0.202627   -0.201614   -0.198568   -0.195301   -0.191557   -0.187097   -0.182282   -0.176196   -0.169221   -0.160731   -0.149957   -0.140832   -0.13888   -0.140387   -0.143265   

1065000
-10   -9   -8   -7   -6   -5   -4   -3   -2   -1   0   1   2   3   4   5   6   7   8   9   10   11   12   13   14   15   16   17   18   
-0.207513   -0.0905162   0.0281357   0.147036   0.257197   0.375487   0.493942   0.612391   0.730024   0.845679   0.960476   1.07415   1.18701   1.2979   1.40484   1.50845   1.60243   1.69382   1.78029   1.85976   1.93415   1.99514   2.04221   2.06335   2.02607   1.91649   1.78193   1.72504   1.70696   
0.0179938   0.0152961   0.0133873   0.0118424   0.0116386   0.0110286   0.0106331   0.0103078   0.0101678   0.0102879   0.0103945   0.0104904   0.0105837   0.0107947   0.0112263   0.0115615   0.0119632   0.0127632   0.0138162   0.0152402   0.0170179   0.0196769   0.0234484   0.0294636   0.0415473   0.064076   0.0941514   0.114957   0.130619   
-0.187739   -0.1917   -0.19441   -0.19656   -0.196675   -0.198042   -0.199215   -0.200356   -0.201292   -0.201775   -0.202255   -0.20274   -0.203218   -0.203316   -0.202672   -0.201675   -0.198613   -0.195365   -0.191622   -0.187145   -0.182358   -0.176274   -0.169279   -0.160731   -0.149918   -0.140826   -0.138891   -0.140382   -0.143251   

1070000
-10   -9   -8   -7   -6   -5   -4   -3   -2   -1   0   1   2   3   4   6   7   8   9   10   11   12   13   14   15   16   17   18   
-0.207459   -0.0905153   0.0605217   0.14706   0.25728   0.375558   0.494087   0.612546   0.730122   0.845817   0.960649   1.07436   1.18711   1.29809   1.40508   1.60265   1.69416   1.78066   1.86003   1.93463   1.99567   2.04264   2.06326   2.02531   1.91585   1.78155   1.72562   1.70744   
0.0179534   0.0152509   0.0647982   0.0118309   0.0116204   0.011016   0.0106163   0.0102921   0.0101571   0.0102746   0.0103796   0.0104742   0.0105769   0.0107815   0.0112106   0.01195   0.0127445   0.013796   0.0152244   0.0169905   0.019644   0.0234197   0.0294696   0.0416209   0.0641564   0.0942087   0.114878   0.130549   
-0.187791   -0.191739   -0.113583   -0.196567   -0.196701   -0.198062   -0.199246   -0.200386   -0.201313   -0.201803   -0.202288   -0.202777   -0.203233   -0.20335   -0.202716   -0.198656   -0.195429   -0.191687   -0.187191   -0.182433   -0.176351   -0.169335   -0.160729   -0.149878   -0.140821   -0.138903   -0.140375   -0.143237   

1075000
-10   -9   -8   -7   -6   -5   -4   -3   -2   -1   0   1   2   3   4   5   6   7   8   9   10   11   12   13   14   15   16   17   18   
-0.207403   -0.0905139   0.0282469   0.147076   0.257362   0.375627   0.494229   0.612699   0.730219   0.845954   0.960818   1.07456   1.1872   1.29826   1.40532   1.50911   1.60287   1.69451   1.78102   1.86029   1.93511   1.99619   2.04304   2.06319   2.02488   1.91514   1.78119   1.72619   1.70791   
0.0179211   0.0152061   0.0133218   0.0118217   0.0116024   0.0110035   0.0105998   0.0102768   0.0101466   0.0102615   0.010365   0.0104584   0.0105704   0.0107687   0.0111951   0.0115317   0.0119372   0.0127259   0.0137761   0.0152089   0.0169635   0.0196119   0.0233915   0.0294759   0.0416626   0.0642446   0.0942633   0.114796   0.130488   
-0.187832   -0.191778   -0.194475   -0.196571   -0.196728   -0.198081   -0.199276   -0.200416   -0.201334   -0.20183   -0.202321   -0.202815   -0.203247   -0.203382   -0.202759   -0.201794   -0.198698   -0.195492   -0.191751   -0.187237   -0.182507   -0.176425   -0.169388   -0.160729   -0.149859   -0.140815   -0.138914   -0.140368   -0.143225   

1080000
-10   -9   -8   -7   -6   -5   -4   -3   -2   -1   0   1   2   3   4   5   6   7   8   9   10   11   12   13   14   15   16   17   18   
-0.207344   -0.0904735   0.0283011   0.147082   0.257442   0.375696   0.49437   0.61285   0.730312   0.846089   0.960985   1.07476   1.18728   1.29844   1.40556   1.50944   1.60309   1.69484   1.78137   1.86054   1.93557   1.99669   2.04343   2.06312   2.02444   1.91437   1.78084   1.72676   1.70837   
0.0178982   0.0151586   0.0132897   0.0118149   0.0115846   0.0109913   0.0105835   0.0102617   0.0101364   0.0102485   0.0103506   0.0104428   0.0105644   0.0107561   0.0111798   0.0115161   0.0119248   0.0127077   0.0137566   0.0151938   0.016937   0.0195809   0.0233644   0.0294807   0.0417039   0.0643408   0.0943156   0.114723   0.13042   
-0.187863   -0.191824   -0.194506   -0.196571   -0.196754   -0.198101   -0.199306   -0.200446   -0.201354   -0.201858   -0.202353   -0.202851   -0.20326   -0.203414   -0.202801   -0.201853   -0.198739   -0.195555   -0.191814   -0.187281   -0.18258   -0.176499   -0.16944   -0.160728   -0.149839   -0.140807   -0.138925   -0.140363   -0.143213   

1085000
-10   -9   -8   -7   -6   -5   -4   -3   -2   -1   0   1   2   3   4   5   6   7   8   9   10   11   12   13   14   15   16   17   18   
-0.207281   -0.0904265   0.0283542   0.147079   0.257522   0.375763   0.494508   0.612998   0.730403   0.846221   0.96115   1.07496   1.18736   1.29861   1.40579   1.50976   1.60329   1.69518   1.78172   1.86079   1.93602   1.99718   2.04381   2.06307   2.0239   1.91353   1.78052   1.72728   1.70882   
0.0178858   0.0151111   0.0132579   0.0118112   0.011567   0.0109793   0.0105674   0.0102468   0.0101265   0.0102357   0.0103365   0.0104275   0.010559   0.0107438   0.0111647   0.0115008   0.0119127   0.0126897   0.0137373   0.0151792   0.0169109   0.0195507   0.0233384   0.0294832   0.0417568   0.0644439   0.0943658   0.114638   0.130359   
-0.187881   -0.191871   -0.194538   -0.196567   -0.196779   -0.198119   -0.199335   -0.200475   -0.201374   -0.201885   -0.202384   -0.202888   -0.203272   -0.203446   -0.202844   -0.201911   -0.198779   -0.195616   -0.191876   -0.187325   -0.182652   -0.17657   -0.16949   -0.16073   -0.149812   -0.140797   -0.138936   -0.140355   -0.143202   

1090000
-10   -9   -8   -7   -6   -5   -4   -2   -1   0   1   2   3   4   5   6   7   8   9   10   11   12   13   14   15   17   18   
-0.207213   -0.0903802   0.0284064   0.147065   0.257601   0.375829   0.494645   0.730491   0.846352   0.961312   1.07516   1.18744   1.29878   1.40602   1.51007   1.60349   1.69551   1.78206   1.86103   1.93647   1.99766   2.04418   2.06306   2.02333   1.9127   1.72784   1.70925   
0.0178857   0.0150642   0.0132266   0.0118106   0.0115497   0.0109675   0.0105516   0.0101168   0.0102231   0.0103225   0.0104125   0.0105542   0.0107315   0.0111498   0.0114859   0.0119009   0.012672   0.0137185   0.0151649   0.0168853   0.0195214   0.0233138   0.029483   0.041811   0.0645475   0.114575   0.130302   
-0.187884   -0.191917   -0.194569   -0.196559   -0.196805   -0.198138   -0.199364   -0.201393   -0.201911   -0.202416   -0.202923   -0.203283   -0.203477   -0.202885   -0.201968   -0.198818   -0.195677   -0.191937   -0.187368   -0.182723   -0.176638   -0.169539   -0.160735   -0.149784   -0.140788   -0.140352   -0.143192   

1095000
-10   -9   -8   -7   -6   -5   -4   -3   -2   -1   0   1   2   3   4   5   6   7   8   9   10   11   12   13   14   15   16   17   18   
-0.207141   -0.0903346   0.0284574   0.14704   0.257679   0.375893   0.49478   0.613289   0.730576   0.846481   0.961472   1.07535   1.18751   1.29895   1.40624   1.51038   1.60368   1.69583   1.78239   1.86127   1.93691   1.99812   2.04452   2.06334   2.02277   1.91183   1.78   1.72837   1.70968   
0.0179001   0.015018   0.0131956   0.0118136   0.0115325   0.010956   0.0105359   0.0102176   0.0101074   0.0102107   0.0103087   0.0103978   0.0105499   0.0107187   0.0111352   0.0114714   0.0118896   0.0126547   0.0137002   0.0151508   0.0168601   0.0194928   0.0232897   0.029462   0.0418651   0.0646552   0.0944468   0.114505   0.130242   
-0.187871   -0.191963   -0.194599   -0.196547   -0.19683   -0.198156   -0.199393   -0.200532   -0.201412   -0.201938   -0.202447   -0.202958   -0.203292   -0.20351   -0.202926   -0.202024   -0.198856   -0.195737   -0.191996   -0.18741   -0.182793   -0.176706   -0.169585   -0.160769   -0.149756   -0.140777   -0.138957   -0.140347   -0.143182   

1100000
-10   -9   -8   -7   -6   -5   -4   -3   -2   -1   0   1   3   5   6   7   8   9   10   11   12   13   14   15   16   17   18   
-0.207061   -0.0902896   0.0452283   0.147002   0.257756   0.376014   0.494913   0.613431   0.730658   0.846608   0.96163   1.07554   1.29912   1.51069   1.60387   1.69615   1.78272   1.8615   1.93735   1.99857   2.04486   2.0638   2.02218   1.91088   1.77985   1.72889   1.71008   
0.0179318   0.0149724   0.0616958   0.0118206   0.0115155   0.0109398   0.0105204   0.0102034   0.0100983   0.0101985   0.0102952   0.0103833   0.0107063   0.0114572   0.0118785   0.0126376   0.0136822   0.0151371   0.0168353   0.0194649   0.0232668   0.0294265   0.0419213   0.0647725   0.0944707   0.114435   0.130182   
-0.187837   -0.192008   -0.115536   -0.196529   -0.196854   -0.198183   -0.199421   -0.20056   -0.20143   -0.201963   -0.202477   -0.202992   -0.203542   -0.202079   -0.198892   -0.195796   -0.192055   -0.187451   -0.182862   -0.176772   -0.16963   -0.160818   -0.149727   -0.140765   -0.138967   -0.140342   -0.143171   

1105000
-10   -9   -8   -7   -6   -5   -4   -3   -2   -1   0   1   2   3   4   5   6   7   8   9   10   11   12   13   14   15   16   17   18   
-0.206973   -0.0902452   0.0285521   0.146952   0.257832   0.376135   0.495045   0.613572   0.730738   0.846732   0.961787   1.07573   1.18768   1.29928   1.4067   1.511   1.60405   1.69646   1.78304   1.86173   1.93778   1.99902   2.04517   2.06422   2.02154   1.90986   1.77974   1.72938   1.7105   
0.0179846   0.0149275   0.0131353   0.0118321   0.0114987   0.0109238   0.0105051   0.0101893   0.0100894   0.0101865   0.0102818   0.0103691   0.0105387   0.010694   0.0111057   0.0114416   0.0118678   0.0126208   0.0136645   0.0151237   0.016811   0.0194379   0.023245   0.0293927   0.041983   0.0648982   0.0944912   0.114367   0.130134   
-0.187778   -0.192053   -0.194658   -0.196506   -0.196879   -0.19821   -0.199449   -0.200587   -0.201447   -0.201989   -0.202507   -0.203026   -0.203318   -0.203573   -0.203009   -0.202135   -0.198928   -0.195854   -0.192112   -0.187491   -0.18293   -0.176836   -0.169673   -0.160864   -0.149694   -0.140752   -0.138976   -0.140337   -0.143163   

1110000
-10   -9   -8   -7   -6   -5   -4   -3   -2   -1   0   1   2   3   4   5   6   7   8   10   11   12   13   14   15   16   17   18   
-0.206872   -0.0902016   0.0478538   0.146889   0.257907   0.376254   0.495174   0.61371   0.730814   0.846854   0.961941   1.07592   1.1879   1.29944   1.40692   1.5113   1.60423   1.69677   1.78336   1.93819   1.99945   2.04547   2.06463   2.02078   1.90884   1.77964   1.72985   1.71088   
0.0180641   0.0148834   0.0622048   0.0118487   0.0114822   0.0109083   0.01049   0.0101755   0.0100808   0.0101747   0.0102686   0.0103551   0.0105238   0.0106821   0.0110908   0.011426   0.0118575   0.0126043   0.0136472   0.0167871   0.0194112   0.0232241   0.0293624   0.0420555   0.0650237   0.0945089   0.114296   0.130071   
-0.187687   -0.192096   -0.115123   -0.196476   -0.196903   -0.198236   -0.199476   -0.200615   -0.201464   -0.202014   -0.202537   -0.203059   -0.203355   -0.203604   -0.203051   -0.20219   -0.198962   -0.195912   -0.192169   -0.182996   -0.176899   -0.169714   -0.16091   -0.149654   -0.140738   -0.138985   -0.140332   -0.143153   

1115000
-10   -9   -7   -6   -5   -4   -3   -2   -1   0   1   2   3   4   5   6   7   8   9   10   11   12   13   14   15   16   17   18   
-0.206756   -0.0901586   0.146842   0.257981   0.376368   0.495302   0.613847   0.730887   0.846974   0.962093   1.0761   1.18812   1.2996   1.40714   1.5116   1.6044   1.69708   1.78367   1.86249   1.93861   1.99987   2.04576   2.06501   2.02003   1.90783   1.77956   1.73034   1.71125   
0.0181783   0.01484   0.0118691   0.0114658   0.0108934   0.0104751   0.0101618   0.0100725   0.0101631   0.0102556   0.0103411   0.0105093   0.0106704   0.0110761   0.0114109   0.0118474   0.0125881   0.0136302   0.0150819   0.0167636   0.0193854   0.0232047   0.0293325   0.0421272   0.0651482   0.094527   0.114241   0.130024   
-0.187555   -0.192139   -0.196445   -0.196927   -0.198261   -0.199503   -0.200642   -0.201481   -0.202038   -0.202566   -0.203093   -0.203391   -0.203634   -0.203092   -0.202244   -0.198996   -0.195969   -0.192224   -0.18762   -0.183062   -0.176961   -0.169754   -0.160951   -0.149614   -0.140724   -0.138994   -0.14033   -0.143145   

1120000
-10   -9   -8   -7   -6   -5   -4   -3   -1   0   1   2   3   4   5   6   7   8   9   10   11   12   13   14   15   16   17   18   
-0.206616   -0.0901166   0.0286874   0.146831   0.258053   0.37648   0.495429   0.613982   0.847092   0.962243   1.07629   1.18833   1.29975   1.40736   1.5119   1.60457   1.69738   1.78397   1.86302   1.93901   2.00028   2.04603   2.06536   2.01926   1.90682   1.77947   1.7308   1.71162   
0.0183397   0.0147975   0.0130471   0.0118927   0.0114496   0.0108789   0.0104604   0.0101483   0.0101517   0.0102428   0.0103268   0.010495   0.010659   0.0110616   0.0113961   0.0118376   0.0125721   0.0136136   0.0150541   0.0167405   0.0193601   0.0231859   0.0293049   0.0422006   0.0652726   0.0945419   0.114174   0.129971   
-0.187365   -0.192181   -0.194744   -0.196415   -0.19695   -0.198286   -0.19953   -0.200668   -0.202063   -0.202595   -0.203127   -0.203427   -0.203664   -0.203132   -0.202298   -0.199029   -0.196025   -0.192279   -0.187707   -0.183126   -0.177021   -0.169791   -0.160991   -0.149573   -0.140711   -0.139003   -0.140325   -0.143137   

1125000
-10   -9   -8   -7   -6   -5   -4   -3   -1   0   1   2   3   4   5   6   7   8   9   10   11   12   13   14   15   16   17   18   
-0.206448   -0.0900753   0.0514599   0.146807   0.258124   0.376589   0.495553   0.614116   0.847207   0.962391   1.07648   1.18854   1.2999   1.40758   1.51219   1.60484   1.69768   1.78427   1.86354   1.93941   2.00068   2.04628   2.06569   2.01845   1.90581   1.77938   1.73127   1.71197   
0.018565   0.0147558   0.0629368   0.0119222   0.0114337   0.0108649   0.0104459   0.0101349   0.0101405   0.0102302   0.0103126   0.010481   0.0106479   0.0110473   0.0113816   0.011823   0.0125563   0.0135972   0.0150267   0.016718   0.0193355   0.0231686   0.0292794   0.0422779   0.0653971   0.0945623   0.114116   0.129923   
-0.187095   -0.192222   -0.114528   -0.196379   -0.196974   -0.198309   -0.199556   -0.200694   -0.202086   -0.202623   -0.203161   -0.203462   -0.203693   -0.203173   -0.202351   -0.19908   -0.19608   -0.192333   -0.187793   -0.18319   -0.17708   -0.169827   -0.161028   -0.149529   -0.140698   -0.139013   -0.140323   -0.14313   

1130000
-10   -9   -8   -7   -6   -5   -4   -3   -2   -1   0   1   2   3   4   5   6   7   8   9   10   11   12   13   14   15   16   17   18   
-0.20653   -0.0900348   0.052576   0.146853   0.258195   0.376694   0.495676   0.614247   0.73114   0.847321   0.962538   1.07666   1.18875   1.30005   1.40779   1.51248   1.60524   1.69797   1.78456   1.86405   1.93979   2.00107   2.04652   2.06599   2.0176   1.90482   1.77929   1.73172   1.71233   
0.0184826   0.014715   0.0631684   0.0118948   0.0114179   0.0108514   0.0104316   0.0101218   0.0100453   0.0101295   0.0102178   0.0102988   0.0104673   0.010637   0.0110332   0.0113676   0.0118023   0.0125408   0.0135812   0.0149998   0.0166958   0.0193114   0.0231521   0.0292571   0.0423604   0.0655206   0.0945785   0.114056   0.129881   
-0.187169   -0.192262   -0.11434   -0.196408   -0.196996   -0.198332   -0.199582   -0.20072   -0.201535   -0.20211   -0.202651   -0.203194   -0.203497   -0.203721   -0.203212   -0.202403   -0.199154   -0.196135   -0.192386   -0.187878   -0.183252   -0.177138   -0.16986   -0.161063   -0.149483   -0.140686   -0.139022   -0.140319   -0.143124   

1135000
-10   -9   -8   -7   -6   -5   -4   -3   -2   -1   0   1   2   3   4   5   6   7   8   9   10   11   12   13   14   15   16   17   18   
-0.206611   -0.0899951   0.0288146   0.146892   0.258264   0.376797   0.495797   0.614377   0.7313   0.847433   0.962681   1.07684   1.18895   1.30019   1.40801   1.51276   1.60563   1.69826   1.78485   1.86455   1.94018   2.00145   2.04674   2.06625   2.01671   1.90383   1.77921   1.73217   1.71266   
0.0184026   0.0146752   0.0129615   0.0118684   0.0114024   0.0108384   0.0104175   0.0101088   0.0100304   0.0101187   0.0102056   0.0102852   0.0104538   0.0106264   0.0110193   0.0113538   0.0117819   0.0125256   0.0135656   0.0149734   0.016674   0.019288   0.0231368   0.0292362   0.0424457   0.065644   0.0945951   0.113994   0.12983   
-0.187241   -0.192301   -0.194827   -0.196435   -0.197019   -0.198354   -0.199608   -0.200746   -0.201566   -0.202133   -0.202679   -0.203227   -0.203531   -0.203748   -0.203251   -0.202455   -0.199227   -0.196188   -0.192438   -0.187961   -0.183313   -0.177194   -0.169892   -0.161094   -0.149435   -0.140675   -0.13903   -0.140316   -0.143116   

1140000
-10   -9   -8   -7   -6   -5   -4   -3   -2   -1   0   1   2   3   4   5   6   7   8   9   10   11   12   13   14   15   16   17   18   
-0.206686   -0.0899562   0.0288551   0.146924   0.258332   0.376897   0.495915   0.614506   0.731458   0.847542   0.962823   1.07701   1.18915   1.30033   1.40821   1.51305   1.60603   1.69854   1.78513   1.86505   1.94055   2.00182   2.04694   2.06649   2.0158   1.90285   1.77913   1.73261   1.713   
0.0183249   0.0146364   0.0129335   0.0118429   0.011387   0.0108258   0.0104036   0.0100959   0.0100158   0.0101081   0.0101936   0.0102718   0.0104407   0.0106162   0.0110056   0.0113389   0.0117617   0.0125106   0.0135502   0.0149474   0.0166527   0.0192653   0.0231225   0.0292175   0.0425325   0.0657673   0.0946096   0.113936   0.129786   
-0.187311   -0.192339   -0.194854   -0.196461   -0.197041   -0.198376   -0.199633   -0.200771   -0.201597   -0.202155   -0.202706   -0.203259   -0.203564   -0.203775   -0.20329   -0.202507   -0.1993   -0.196241   -0.192489   -0.188043   -0.183373   -0.17725   -0.169921   -0.161122   -0.149386   -0.140664   -0.139039   -0.140313   -0.14311   

1145000
-10   -9   -8   -7   -6   -5   -4   -3   -2   -1   0   1   3   4   5   6   7   8   9   10   11   12   13   14   15   16   17   18   
-0.206757   -0.0899182   0.0288948   0.146949   0.258399   0.376994   0.496032   0.614633   0.731614   0.847649   0.962963   1.07719   1.30047   1.40842   1.51333   1.60641   1.69882   1.7854   1.86553   1.94092   2.00218   2.04712   2.0667   2.01488   1.90186   1.77907   1.73304   1.71334   
0.0182494   0.0145987   0.0129058   0.0118185   0.0113718   0.0108137   0.0103899   0.0100833   0.0100013   0.0100977   0.0101818   0.0102587   0.0106062   0.0109921   0.0113243   0.0117417   0.0124959   0.0135352   0.014922   0.0166318   0.0192433   0.02311   0.0292007   0.0426205   0.0658912   0.0946241   0.113879   0.129744   
-0.187381   -0.192376   -0.194881   -0.196485   -0.197063   -0.198396   -0.199658   -0.200796   -0.201627   -0.202178   -0.202733   -0.20329   -0.203801   -0.203328   -0.202558   -0.199372   -0.196294   -0.192539   -0.188124   -0.183432   -0.177304   -0.169948   -0.161148   -0.149335   -0.140654   -0.139048   -0.14031   -0.143104   

1150000
-10   -9   -8   -7   -6   -5   -4   -3   -2   -1   0   1   2   3   4   5   6   7   8   9   10   11   12   13   14   15   17   18   
-0.206823   -0.0898811   0.0289335   0.146965   0.258465   0.377089   0.496147   0.614758   0.731768   0.847755   0.963102   1.07736   1.18955   1.3006   1.40862   1.5136   1.6068   1.69909   1.78567   1.86601   1.94127   2.00253   2.04728   2.06688   2.01398   1.90088   1.73347   1.71366   
0.0181761   0.0145622   0.0128783   0.0117951   0.0113569   0.0108021   0.0103765   0.0100708   0.00998703   0.0100874   0.0101701   0.0102458   0.0104142   0.0105965   0.0109788   0.0113102   0.0117219   0.0124815   0.0135205   0.0148969   0.0166113   0.0192216   0.0230993   0.0291864   0.0427077   0.066015   0.113823   0.129701   
-0.187449   -0.192411   -0.194908   -0.196506   -0.197085   -0.198416   -0.199682   -0.20082   -0.201657   -0.2022   -0.202759   -0.203321   -0.203631   -0.203826   -0.203366   -0.202608   -0.199443   -0.196345   -0.192588   -0.188204   -0.18349   -0.177356   -0.169972   -0.161171   -0.149286   -0.140644   -0.140308   -0.143098   

1155000
-10   -9   -8   -7   -6   -5   -4   -3   -2   -1   0   1   2   3   4   5   6   7   8   9   10   11   12   13   14   15   16   17   
-0.206888   -0.0898451   0.0289711   0.146972   0.25853   0.377181   0.496258   0.614882   0.73192   0.847857   0.963238   1.07753   1.18975   1.30073   1.40883   1.51387   1.60718   1.69936   1.78594   1.86648   1.94163   2.00288   2.04741   2.06703   2.01312   1.8999   1.77896   1.73388   
0.0181046   0.014527   0.0128511   0.0117728   0.0113421   0.010791   0.0103635   0.0100584   0.00997294   0.0100774   0.0101586   0.0102332   0.0104008   0.0105871   0.0109657   0.0112966   0.0117024   0.0124673   0.0135061   0.0148723   0.0165913   0.0192006   0.0230894   0.0291741   0.0427897   0.0661391   0.0946441   0.113765   
-0.187516   -0.192445   -0.194934   -0.196526   -0.197107   -0.198435   -0.199706   -0.200845   -0.201686   -0.202221   -0.202785   -0.203352   -0.203665   -0.203851   -0.203403   -0.202657   -0.199513   -0.196396   -0.192636   -0.188282   -0.183547   -0.177407   -0.169993   -0.161191   -0.14924   -0.140635   -0.139064   -0.140304   

1160000
-10   -9   -8   -7   -6   -5   -4   -3   -2   -1   0   1   2   3   4   5   6   7   8   9   10   11   12   13   14   15   16   17   
-0.206949   -0.0898102   0.0290076   0.146969   0.258594   0.37727   0.496368   0.615004   0.73207   0.847958   0.963373   1.0777   1.18995   1.30085   1.40902   1.51414   1.60755   1.69963   1.7862   1.86694   1.94197   2.00321   2.04754   2.06716   2.01224   1.89893   1.7791   1.7343   
0.018035   0.0144931   0.0128241   0.0117518   0.0113275   0.0107804   0.0103507   0.0100462   0.00995903   0.0100676   0.0101473   0.0102209   0.0103875   0.010578   0.0109527   0.0112833   0.0116831   0.0124534   0.0134921   0.0148481   0.0165716   0.0191801   0.023081   0.0291644   0.0428756   0.0662626   0.0946297   0.11371   
-0.187581   -0.192477   -0.19496   -0.196544   -0.197128   -0.198453   -0.199729   -0.200869   -0.201715   -0.202242   -0.202811   -0.203381   -0.203699   -0.203875   -0.20344   -0.202706   -0.199583   -0.196446   -0.192683   -0.188359   -0.183602   -0.177457   -0.170013   -0.161209   -0.149193   -0.140627   -0.13907   -0.140302   

1165000
-10   -9   -8   -7   -6   -5   -4   -3   -2   -1   0   1   2   3   4   5   6   7   8   9   10   11   12   13   14   15   16   17   18   
-0.207006   -0.0897763   0.0591893   0.146954   0.258657   0.377357   0.496476   0.615125   0.732218   0.848055   0.963506   1.07786   1.19014   1.30097   1.40922   1.5144   1.60792   1.69989   1.78645   1.86739   1.9423   2.00353   2.04764   2.06725   2.01131   1.89796   1.77926   1.7347   1.7146   
0.0179674   0.0144605   0.0645897   0.011732   0.0113131   0.0107704   0.0103382   0.0100342   0.0099453   0.010058   0.0101361   0.0102089   0.0103743   0.0105692   0.01094   0.0112704   0.0116639   0.0124398   0.0134783   0.0148243   0.0165527   0.0191603   0.0230734   0.0291563   0.0429656   0.0663862   0.0946137   0.113651   0.129576   
-0.187645   -0.192508   -0.113207   -0.196559   -0.197149   -0.19847   -0.199752   -0.200892   -0.201744   -0.202262   -0.202837   -0.20341   -0.203732   -0.203898   -0.203476   -0.202753   -0.199652   -0.196495   -0.19273   -0.188435   -0.183656   -0.177506   -0.170031   -0.161223   -0.149143   -0.140618   -0.139077   -0.140299   -0.14308   

1170000
-10   -9   -8   -7   -6   -5   -4   -3   -2   -1   0   1   2   3   4   5   6   7   8   9   10   11   12   13   14   15   16   17   18   
-0.207061   -0.0897436   0.0599674   0.146928   0.258719   0.377439   0.496582   0.615244   0.732365   0.848151   0.963637   1.07802   1.19034   1.30109   1.40941   1.51466   1.60829   1.70014   1.7867   1.86784   1.94262   2.00384   2.04773   2.06732   2.01034   1.897   1.77942   1.73511   1.71524   
0.0179014   0.0144295   0.0647637   0.0117135   0.0112989   0.0107611   0.0103259   0.0100223   0.00993167   0.0100487   0.0101251   0.0101971   0.0103614   0.0105608   0.0109275   0.0112575   0.011645   0.0124264   0.0134649   0.0148009   0.0165342   0.0191411   0.0230665   0.0291512   0.0430601   0.0665085   0.0945941   0.113604   0.129473   
-0.187708   -0.192538   -0.113067   -0.196571   -0.197169   -0.198487   -0.199774   -0.200916   -0.201772   -0.202282   -0.202862   -0.203439   -0.203766   -0.20392   -0.203512   -0.2028   -0.19972   -0.196543   -0.192775   -0.18851   -0.183709   -0.177553   -0.170047   -0.161236   -0.149092   -0.14061   -0.139083   -0.140298   -0.143058   

1175000
-10   -9   -8   -7   -6   -5   -4   -3   -2   -1   0   1   2   3   4   5   6   7   8   9   10   11   12   13   14   15   16   17   18   
-0.207115   -0.0897122   0.0607162   0.146889   0.25878   0.377519   0.496687   0.615361   0.732512   0.848243   0.963766   1.07818   1.19053   1.3012   1.40961   1.51492   1.60866   1.70039   1.78694   1.86828   1.94294   2.00415   2.04781   2.06735   2.00935   1.89605   1.77959   1.7355   1.7159   
0.017837   0.0144   0.0649324   0.0116964   0.0112849   0.0107524   0.0103137   0.0100106   0.00991767   0.0100396   0.0101143   0.0101847   0.0103486   0.0105527   0.0109151   0.0112439   0.0116263   0.0124133   0.0134518   0.0147778   0.0165161   0.0191226   0.0230607   0.0291477   0.0431565   0.066629   0.0945778   0.113551   0.129383   
-0.18777   -0.192565   -0.112934   -0.196582   -0.197189   -0.198502   -0.199796   -0.200939   -0.201802   -0.202302   -0.202886   -0.203469   -0.203798   -0.203941   -0.203548   -0.202847   -0.199788   -0.19659   -0.192819   -0.188585   -0.18376   -0.1776   -0.170061   -0.161244   -0.14904   -0.140602   -0.13909   -0.140295   -0.143039   

1180000
-10   -9   -8   -7   -6   -5   -4   -3   -2   -1   0   1   2   3   4   5   6   7   8   9   10   11   12   13   14   15   16   17   18   
-0.207166   -0.0896821   0.0291428   0.146892   0.258839   0.377595   0.49679   0.615477   0.732658   0.848333   0.963893   1.07834   1.19072   1.30131   1.40979   1.51517   1.60902   1.70064   1.78717   1.86872   1.94325   2.00444   2.04788   2.06736   2.00835   1.89511   1.77976   1.73589   1.71654   
0.0177742   0.0143722   0.0127189   0.0116769   0.0112711   0.0107445   0.0103018   0.00999913   0.00990383   0.0100307   0.0101036   0.0101726   0.0103359   0.0105448   0.0109029   0.0112308   0.0116078   0.0124005   0.0134391   0.0147551   0.0164985   0.0191043   0.0230555   0.0291464   0.0432555   0.0667493   0.094555   0.113499   0.129291   
-0.187831   -0.192591   -0.19506   -0.196599   -0.197209   -0.198516   -0.199818   -0.200961   -0.201831   -0.202321   -0.202911   -0.203498   -0.203831   -0.203962   -0.203582   -0.202893   -0.199855   -0.196637   -0.192862   -0.188658   -0.18381   -0.177644   -0.170075   -0.16125   -0.148988   -0.140594   -0.139095   -0.140293   -0.143019   

1185000
-10   -9   -8   -7   -6   -5   -4   -3   -2   -1   0   1   2   3   4   5   6   7   8   9   10   11   12   13   14   15   16   17   18   
-0.207215   -0.0896535   0.0291737   0.146913   0.258898   0.377668   0.496892   0.61559   0.732803   0.84842   0.964019   1.0785   1.19091   1.30141   1.40998   1.51542   1.60937   1.70088   1.7874   1.86915   1.94355   2.00473   2.04795   2.06734   2.00736   1.89416   1.77994   1.73628   1.71717   
0.0177129   0.0143463   0.0126933   0.0116565   0.0112575   0.0107372   0.0102901   0.00998779   0.00989016   0.0100222   0.0100931   0.0101608   0.0103235   0.0105373   0.0108911   0.0112182   0.0115895   0.012388   0.0134267   0.0147327   0.0164814   0.0190871   0.0230508   0.0291476   0.0433532   0.0668695   0.0945356   0.113449   0.129205   
-0.18789   -0.192614   -0.195084   -0.19662   -0.197229   -0.198529   -0.199839   -0.200984   -0.201859   -0.202339   -0.202935   -0.203527   -0.203863   -0.203982   -0.203616   -0.202938   -0.199921   -0.196682   -0.192904   -0.18873   -0.183859   -0.177688   -0.170088   -0.161253   -0.148937   -0.140585   -0.139101   -0.140291   -0.143   

1190000
-10   -9   -8   -7   -6   -5   -4   -3   -2   -1   0   1   2   3   4   5   6   7   8   9   10   11   12   13   14   15   16   17   18   
-0.207263   -0.0896264   0.0292036   0.146923   0.258955   0.377737   0.496992   0.615702   0.732945   0.848504   0.964143   1.07865   1.19109   1.30151   1.41016   1.51566   1.60973   1.70111   1.78762   1.86957   1.94384   2.00499   2.04801   2.06729   2.00648   1.89322   1.78012   1.73666   1.71779   
0.0176532   0.0143224   0.012668   0.0116373   0.0112442   0.0107307   0.0102786   0.00997664   0.00987663   0.0100138   0.0100827   0.0101494   0.0103113   0.01053   0.0108793   0.0112059   0.0115713   0.0123757   0.0134146   0.0147106   0.0164646   0.0190706   0.0230464   0.0291509   0.0434391   0.0669891   0.0945147   0.113395   0.129115   
-0.187948   -0.192636   -0.195108   -0.196638   -0.197248   -0.19854   -0.19986   -0.201006   -0.201888   -0.202357   -0.202958   -0.203554   -0.203894   -0.204001   -0.20365   -0.202982   -0.199987   -0.196726   -0.192945   -0.188801   -0.183907   -0.177729   -0.170101   -0.161254   -0.148892   -0.140577   -0.139107   -0.140289   -0.142981   

1195000
-10   -9   -8   -7   -6   -5   -4   -3   -2   -1   0   1   2   4   5   6   7   8   9   10   11   12   13   14   15   16   17   18   
-0.207308   -0.0896008   0.0292322   0.146921   0.259011   0.377802   0.497091   0.615812   0.733087   0.848586   0.964264   1.0788   1.19127   1.41034   1.5159   1.61008   1.70134   1.78783   1.86999   1.94412   2.00525   2.04807   2.06719   2.00573   1.89229   1.78029   1.73704   1.71839   
0.0175946   0.0143006   0.012643   0.0116192   0.0112311   0.010725   0.0102673   0.00996569   0.00986326   0.0100057   0.0100726   0.0101382   0.0102994   0.0108678   0.011194   0.0115534   0.0123637   0.0134029   0.0146889   0.0164483   0.0190549   0.0230412   0.0291579   0.0435125   0.0671079   0.0944927   0.113343   0.129019   
-0.188006   -0.192655   -0.195131   -0.196654   -0.197267   -0.198551   -0.199881   -0.201027   -0.201916   -0.202374   -0.202981   -0.203581   -0.203925   -0.203683   -0.203025   -0.200052   -0.19677   -0.192985   -0.188872   -0.183954   -0.177768   -0.170113   -0.16125   -0.148855   -0.140569   -0.139113   -0.140287   -0.142961   

1200000
-10   -9   -8   -7   -6   -5   -4   -3   -2   -1   0   1   2   4   5   6   7   8   9   10   11   12   13   14   15   16   17   18   
-0.207352   -0.089577   0.0292599   0.146908   0.259066   0.377863   0.497188   0.615919   0.733226   0.848665   0.964383   1.07895   1.19145   1.41052   1.51613   1.61042   1.70156   1.78804   1.8704   1.9444   2.00549   2.04815   2.06706   2.00499   1.89135   1.78047   1.73742   1.719   
0.0175374   0.0142812   0.0126182   0.0116024   0.0112182   0.0107202   0.0102562   0.00995492   0.00985003   0.00999783   0.0100626   0.0101272   0.0102875   0.0108565   0.0111825   0.0115356   0.0123521   0.0133915   0.0146675   0.0164324   0.0190397   0.0230368   0.0291669   0.0435878   0.0672265   0.0944734   0.113296   0.12894   
-0.188062   -0.192671   -0.195155   -0.196667   -0.197286   -0.19856   -0.199901   -0.201049   -0.201943   -0.202391   -0.203004   -0.203608   -0.203955   -0.203716   -0.203067   -0.200116   -0.196813   -0.193024   -0.188941   -0.184   -0.177807   -0.170127   -0.161243   -0.148819   -0.14056   -0.139119   -0.140285   -0.142944   

1205000
-10   -9   -8   -7   -6   -5   -4   -3   -2   -1   0   1   3   4   5   6   7   8   9   10   11   12   13   14   15   16   17   18   
-0.207395   -0.0895552   0.0292865   0.14688   0.259119   0.37792   0.497283   0.616026   0.733364   0.848741   0.964501   1.07909   1.30186   1.41069   1.51637   1.61077   1.70178   1.78824   1.87081   1.94468   2.00573   2.04823   2.06692   2.00425   1.89042   1.78065   1.73781   1.71959   
0.0174815   0.0142643   0.0125938   0.011587   0.0112056   0.0107163   0.0102454   0.00994429   0.00983696   0.00999018   0.0100528   0.0101165   0.0105053   0.0108453   0.0111703   0.011518   0.0123407   0.0133805   0.0146464   0.0164169   0.0190252   0.0230309   0.0291775   0.0436593   0.0673447   0.0944547   0.113248   0.12886   
-0.188117   -0.192684   -0.195177   -0.196678   -0.197304   -0.198568   -0.199921   -0.201069   -0.201971   -0.202408   -0.203027   -0.203634   -0.204067   -0.203748   -0.20311   -0.20018   -0.196854   -0.193061   -0.18901   -0.184045   -0.177843   -0.170141   -0.161234   -0.148782   -0.140552   -0.139126   -0.140284   -0.142927   

1210000
-10   -9   -8   -7   -6   -5   -4   -3   -2   -1   0   1   2   3   4   5   6   7   8   9   10   11   12   13   14   15   16   17   18   
-0.207437   -0.0895354   0.0293122   0.146835   0.259172   0.377973   0.497377   0.616131   0.733501   0.848815   0.964617   1.07924   1.19181   1.30209   1.41086   1.5166   1.61111   1.70199   1.78844   1.87121   1.94494   2.00596   2.04832   2.06676   2.00353   1.88949   1.78079   1.73816   1.72016   
0.0174267   0.0142503   0.0125696   0.0115732   0.0111931   0.0107134   0.0102347   0.00993385   0.00982402   0.00998275   0.0100432   0.0101061   0.0102641   0.0104901   0.0108343   0.0111582   0.0115006   0.0123297   0.0133698   0.0146255   0.0164017   0.0190114   0.0230244   0.0291893   0.0437327   0.0674625   0.0944363   0.113198   0.128771   
-0.188171   -0.192694   -0.1952   -0.196685   -0.197322   -0.198574   -0.19994   -0.20109   -0.201998   -0.202424   -0.203049   -0.203659   -0.204016   -0.204109   -0.20378   -0.203153   -0.200243   -0.196895   -0.193097   -0.189077   -0.184089   -0.177879   -0.170156   -0.161223   -0.148747   -0.140544   -0.139131   -0.140282   -0.142909   

1215000
-10   -9   -8   -7   -6   -5   -4   -3   -2   -1   0   1   2   3   4   5   6   7   8   9   10   11   12   13   14   15   16   17   18   
-0.207477   -0.0895176   0.0293369   0.146771   0.259224   0.37802   0.497469   0.616234   0.733636   0.848886   0.964731   1.07938   1.19199   1.30232   1.41103   1.51683   1.61144   1.7022   1.78862   1.8716   1.9452   2.00617   2.04843   2.06659   2.00281   1.88857   1.78094   1.73851   1.72072   
0.0173732   0.0142394   0.0125457   0.0115611   0.0111808   0.0107116   0.0102243   0.00992358   0.00981123   0.00997553   0.0100337   0.0100958   0.0102517   0.0104752   0.0108235   0.0111465   0.0114833   0.0123189   0.0133595   0.014605   0.016387   0.0189979   0.0230168   0.029202   0.0438037   0.0675799   0.0944223   0.11315   0.128685   
-0.188224   -0.192701   -0.195222   -0.196688   -0.19734   -0.198579   -0.199959   -0.20111   -0.202025   -0.202439   -0.20307   -0.203684   -0.204048   -0.204151   -0.203811   -0.203194   -0.200306   -0.196934   -0.193132   -0.189144   -0.184132   -0.177913   -0.170174   -0.161212   -0.148712   -0.140535   -0.139138   -0.14028   -0.142892   

1220000
-10   -9   -8   -7   -6   -5   -4   -3   -2   -1   0   1   2   3   4   5   6   7   8   9   10   11   12   13   14   15   16   17   18   
-0.207517   -0.0895021   0.0293611   0.146686   0.259276   0.37808   0.497559   0.616336   0.73377   0.848956   0.964843   1.07952   1.19217   1.30254   1.4112   1.51705   1.61178   1.7024   1.78881   1.87199   1.94545   2.00638   2.04873   2.06642   2.00209   1.88765   1.78108   1.73887   1.72128   
0.0173208   0.0142319   0.012522   0.0115509   0.0111688   0.0107062   0.0102141   0.00991344   0.00979857   0.00996852   0.0100245   0.0100854   0.0102395   0.0104604   0.0108129   0.0111351   0.0114663   0.0123085   0.0133494   0.0145848   0.0163726   0.0189853   0.0229961   0.0292148   0.0438764   0.0676964   0.0944061   0.113108   0.128614   
-0.188276   -0.192704   -0.195244   -0.196688   -0.197358   -0.198589   -0.199978   -0.20113   -0.202051   -0.202454   -0.203092   -0.20371   -0.20408   -0.204192   -0.203842   -0.203235   -0.200368   -0.196973   -0.193166   -0.189211   -0.184174   -0.177946   -0.170214   -0.161201   -0.148677   -0.140527   -0.139144   -0.14028   -0.142877   

1225000
-10   -9   -8   -6   -5   -4   -3   -2   -1   0   1   2   3   4   5   6   7   9   10   11   12   13   14   15   16   18   
-0.207555   -0.0894886   0.0663735   0.259326   0.378176   0.497648   0.616437   0.733902   0.849085   0.964953   1.07966   1.19235   1.30277   1.41136   1.51727   1.61211   1.70259   1.87238   1.9457   2.00658   2.04915   2.06625   2.00135   1.88674   1.78121   1.72183   
0.0172694   0.0142282   0.0661294   0.011157   0.0106909   0.0102041   0.00990344   0.00978603   0.00995705   0.0100154   0.0100748   0.0102274   0.0104459   0.0108024   0.0111241   0.0114493   0.0122983   0.0145649   0.0163586   0.0189732   0.0229677   0.0292261   0.0439491   0.0678117   0.0943897   0.128533   
-0.188328   -0.192702   -0.112451   -0.197375   -0.198615   -0.199996   -0.20115   -0.202078   -0.202479   -0.203113   -0.203735   -0.204111   -0.204233   -0.203873   -0.203275   -0.20043   -0.19701   -0.189276   -0.184215   -0.177978   -0.170269   -0.16119   -0.148641   -0.140518   -0.139149   -0.142861   

1230000
-10   -9   -8   -7   -6   -5   -4   -3   -2   -1   0   1   2   3   5   6   7   8   9   10   11   12   13   14   15   16   18   
-0.207593   -0.0894778   0.0294072   0.146631   0.259376   0.37827   0.497736   0.616536   0.734033   0.849242   0.965061   1.0798   1.19252   1.30299   1.51749   1.61243   1.70278   1.78938   1.87276   1.94594   2.00676   2.04956   2.06611   2.00061   1.88583   1.78135   1.72238   
0.0172191   0.0142289   0.0124755   0.0115233   0.0111455   0.010676   0.0101943   0.00989357   0.00977362   0.00994366   0.0100065   0.0100645   0.0102155   0.0104315   0.0111136   0.0114326   0.0122885   0.01332   0.0145453   0.0163451   0.0189615   0.0229401   0.0292363   0.0440231   0.0679282   0.0943744   0.128457   
-0.188378   -0.192696   -0.195288   -0.196708   -0.197391   -0.19864   -0.200014   -0.20117   -0.202104   -0.202509   -0.203133   -0.20376   -0.204142   -0.204273   -0.203314   -0.200491   -0.197046   -0.19327   -0.18934   -0.184255   -0.178008   -0.170321   -0.161181   -0.148604   -0.14051   -0.139155   -0.142845   

1235000
-10   -9   -8   -7   -6   -5   -4   -3   -2   -1   0   1   2   3   4   5   6   7   8   9   10   11   12   13   14   15   16   18   
-0.207629   -0.0894693   0.0294297   0.146581   0.259425   0.378362   0.497821   0.616634   0.734163   0.849396   0.965167   1.07994   1.1927   1.30321   1.41169   1.51771   1.61276   1.70296   1.78985   1.87313   1.94617   2.00694   2.04996   2.06601   1.99985   1.88492   1.7815   1.72292   
0.0171696   0.0142344   0.0124526   0.0115117   0.0111341   0.0106612   0.0101848   0.00988383   0.00976134   0.00993043   0.00999778   0.0100544   0.0102036   0.0104173   0.0107818   0.0111024   0.011416   0.0122789   0.0132974   0.0145259   0.0163318   0.0189506   0.0229134   0.0292439   0.0440989   0.0680445   0.0943635   0.128382   
-0.188428   -0.192684   -0.195309   -0.196714   -0.197408   -0.198665   -0.200032   -0.201189   -0.20213   -0.202539   -0.203153   -0.203785   -0.204173   -0.204312   -0.203933   -0.203354   -0.200551   -0.197082   -0.193352   -0.189404   -0.184295   -0.178036   -0.170373   -0.161176   -0.148567   -0.140502   -0.139163   -0.14283   

1240000
-10   -9   -8   -7   -6   -5   -4   -3   -2   -1   0   1   2   3   4   5   6   8   9   10   11   12   13   14   15   16   17   18   
-0.207664   -0.0894633   0.0681595   0.146509   0.259474   0.378453   0.497906   0.616731   0.734291   0.849549   0.965272   1.08007   1.19287   1.30342   1.41185   1.51792   1.61308   1.79031   1.8735   1.9464   2.00711   2.05034   2.06603   1.99923   1.88401   1.78164   1.74027   1.72345   
0.0171211   0.0142454   0.0665849   0.0115021   0.011123   0.0106467   0.0101755   0.00987423   0.00974918   0.00991735   0.0099892   0.0100446   0.0101919   0.0104033   0.0107711   0.0110914   0.0113996   0.0132751   0.0145068   0.0163189   0.0189403   0.0228875   0.0292416   0.0441604   0.0681605   0.0943424   0.112917   0.128303   
-0.188477   -0.192667   -0.111661   -0.196715   -0.197424   -0.198689   -0.200049   -0.201208   -0.202155   -0.202568   -0.203173   -0.203809   -0.204203   -0.204351   -0.203964   -0.203393   -0.200611   -0.193434   -0.189467   -0.184333   -0.178064   -0.170422   -0.161182   -0.148537   -0.140494   -0.139167   -0.140272   -0.142815   

1245000
-10   -9   -8   -7   -6   -5   -4   -3   -2   -1   0   1   2   3   4   5   6   8   9   10   11   12   13   14   15   17   18   
-0.207699   -0.0894598   0.0295005   0.146412   0.259522   0.378542   0.497988   0.616827   0.734418   0.8497   0.965374   1.0802   1.19304   1.30364   1.41201   1.51813   1.61339   1.79077   1.87386   1.94662   2.00727   2.05071   2.06624   1.99876   1.88311   1.74093   1.72398   
0.0170734   0.0142629   0.0124056   0.0114947   0.011112   0.0106325   0.0101664   0.00986476   0.00973715   0.00990443   0.0099808   0.010035   0.0101804   0.0103889   0.0107606   0.0110807   0.0113834   0.0132531   0.014488   0.0163063   0.0189303   0.0228625   0.0292252   0.0442077   0.0682765   0.112826   0.128229   
-0.188525   -0.192642   -0.195356   -0.196712   -0.19744   -0.198714   -0.200066   -0.201227   -0.20218   -0.202597   -0.203193   -0.203833   -0.204233   -0.204392   -0.203994   -0.203431   -0.20067   -0.193515   -0.189529   -0.184371   -0.178091   -0.17047   -0.161208   -0.148516   -0.140488   -0.140262   -0.1428   

1250000
-10   -9   -8   -7   -6   -5   -4   -3   -2   -1   0   1   2   3   4   5   6   7   8   9   10   11   12   13   14   15   16   17   18   
-0.207732   -0.089459   0.029565   0.146288   0.25957   0.378631   0.498069   0.616922   0.734544   0.84985   0.965475   1.08033   1.1932   1.30386   1.41217   1.51834   1.61371   1.70357   1.79122   1.87422   1.94684   2.00743   2.05106   2.06642   1.99828   1.88221   1.78209   1.74158   1.72451   
0.0170265   0.0142878   0.0123802   0.0114898   0.0111013   0.0106184   0.0101576   0.00985542   0.00972524   0.00989166   0.00997257   0.0100256   0.0101691   0.0103745   0.0107503   0.0110704   0.0113674   0.0122477   0.0132314   0.0144695   0.016294   0.0189208   0.0228382   0.0292113   0.0442559   0.0683924   0.0942879   0.112735   0.128156   
-0.188572   -0.192609   -0.195385   -0.196704   -0.197456   -0.198737   -0.200082   -0.201246   -0.202205   -0.202625   -0.203212   -0.203855   -0.204263   -0.204432   -0.204024   -0.203468   -0.200729   -0.197198   -0.193594   -0.18959   -0.184408   -0.178117   -0.170517   -0.161229   -0.148494   -0.140482   -0.139177   -0.140253   -0.142786   

1255000
-10   -9   -8   -7   -6   -5   -4   -3   -2   -1   0   1   2   3   4   5   6   7   8   9   10   11   12   13   14   15   16   17   18   
-0.207764   -0.0894607   0.0296284   0.146196   0.259624   0.378717   0.498148   0.617015   0.734669   0.849997   0.965574   1.08046   1.19337   1.30407   1.41233   1.51854   1.61402   1.704   1.79167   1.87457   1.94706   2.00758   2.05141   2.06655   1.99775   1.88132   1.78249   1.7422   1.72503   
0.0169804   0.0143216   0.0123552   0.0114826   0.0110903   0.0106046   0.0101491   0.00984621   0.00971346   0.00987904   0.00996451   0.0100164   0.010158   0.0103602   0.0107401   0.0110604   0.0113515   0.012228   0.01321   0.0144512   0.0162818   0.0189111   0.0228149   0.0292009   0.0443092   0.0685082   0.0942366   0.112637   0.128084   
-0.188619   -0.192566   -0.195413   -0.196702   -0.197472   -0.198761   -0.200098   -0.201264   -0.20223   -0.202653   -0.203231   -0.203878   -0.204292   -0.204472   -0.204054   -0.203505   -0.200787   -0.197278   -0.193673   -0.189651   -0.184445   -0.178141   -0.170562   -0.161246   -0.148469   -0.140476   -0.139182   -0.140242   -0.142771   

1260000
-10   -9   -8   -7   -6   -5   -4   -3   -2   -1   0   1   2   3   4   5   6   7   8   9   10   11   12   13   14   15   16   17   18   
-0.207795   -0.0894649   0.0296904   0.146104   0.259705   0.378803   0.498225   0.617107   0.734792   0.850143   0.965671   1.08059   1.19353   1.30429   1.41248   1.51874   1.61432   1.70443   1.79211   1.87492   1.94727   2.00773   2.05174   2.06665   1.99715   1.88043   1.78289   1.74286   1.72554   
0.016935   0.0143663   0.0123305   0.0114758   0.0110771   0.010591   0.0101409   0.00983712   0.0097018   0.00986656   0.00995662   0.0100074   0.0101471   0.0103462   0.0107301   0.0110506   0.0113358   0.0122084   0.0131889   0.0144332   0.0162698   0.0189022   0.0227926   0.0291927   0.0443676   0.0686239   0.0941869   0.112557   0.128006   
-0.188666   -0.192512   -0.195441   -0.1967   -0.197493   -0.198783   -0.200113   -0.201282   -0.202255   -0.202681   -0.203249   -0.2039   -0.20432   -0.204511   -0.204083   -0.20354   -0.200845   -0.197357   -0.19375   -0.18971   -0.184481   -0.178167   -0.170607   -0.16126   -0.148441   -0.14047   -0.139185   -0.140235   -0.142756   

1265000
-10   -9   -8   -7   -6   -5   -4   -3   -2   -1   0   1   2   3   4   5   6   7   8   9   10   11   12   13   14   15   16   17   18   
-0.20779   -0.0894717   0.0297513   0.146029   0.259783   0.378887   0.4983   0.617198   0.734914   0.850288   0.965765   1.08071   1.19369   1.3045   1.41263   1.51894   1.61463   1.70486   1.79254   1.87527   1.94748   2.00788   2.05206   2.06672   1.99654   1.87954   1.78328   1.74349   1.72605   
0.0168874   0.0144244   0.0123061   0.0114679   0.0110643   0.0105777   0.0101329   0.00982815   0.00969026   0.00985422   0.00994891   0.00999814   0.0101363   0.0103322   0.0107203   0.0110404   0.0113202   0.0121891   0.0131681   0.0144155   0.0162581   0.0188929   0.0227708   0.0291871   0.0444293   0.0687392   0.0941358   0.112468   0.127934   
-0.188719   -0.192443   -0.195469   -0.196701   -0.197513   -0.198806   -0.200128   -0.2013   -0.202279   -0.202709   -0.203267   -0.203923   -0.204348   -0.20455   -0.204112   -0.203577   -0.200902   -0.197435   -0.193827   -0.189769   -0.184517   -0.178191   -0.170649   -0.161271   -0.148411   -0.140465   -0.139189   -0.140226   -0.142742   

1270000
-10   -9   -8   -7   -6   -5   -4   -3   -2   -1   0   1   2   3   4   5   6   7   8   9   10   11   12   13   14   15   16   17   18   
-0.207782   -0.0894807   0.029811   0.1459   0.259859   0.37897   0.498374   0.617288   0.735034   0.850431   0.965858   1.08084   1.19385   1.3047   1.41278   1.51914   1.61493   1.70528   1.79297   1.87561   1.94769   2.00803   2.05237   2.06675   1.99591   1.87867   1.78366   1.74412   1.72656   
0.0168404   0.0144999   0.0122821   0.0114648   0.011052   0.0105645   0.0101252   0.00981932   0.00967886   0.00984201   0.00994137   0.00998905   0.0101258   0.0103185   0.0107107   0.0110305   0.0113048   0.01217   0.0131477   0.0143981   0.0162462   0.0188839   0.0227499   0.029184   0.0444918   0.0688539   0.0940856   0.112381   0.127864   
-0.188772   -0.192356   -0.195496   -0.196692   -0.197532   -0.198828   -0.200143   -0.201318   -0.202303   -0.202736   -0.203285   -0.203945   -0.204376   -0.204588   -0.20414   -0.203612   -0.200958   -0.197512   -0.193902   -0.189827   -0.184552   -0.178216   -0.17069   -0.161279   -0.148381   -0.140461   -0.139193   -0.140217   -0.142729   

1275000
-10   -9   -8   -7   -6   -5   -4   -3   -2   -1   0   1   2   3   4   5   6   7   8   9   10   11   12   13   14   15   16   17   18   
-0.207775   -0.0894916   0.0298695   0.145785   0.259933   0.379052   0.498446   0.617377   0.735153   0.850572   0.965949   1.08096   1.19401   1.30491   1.41293   1.51933   1.61523   1.7057   1.79339   1.87594   1.94789   2.00818   2.05267   2.06675   1.99527   1.87779   1.78401   1.74474   1.72706   
0.016794   0.0145983   0.0122585   0.0114608   0.0110403   0.0105515   0.0101179   0.00981062   0.00966758   0.00982996   0.00993402   0.0099801   0.0101154   0.0103049   0.0107012   0.0110208   0.0112896   0.0121511   0.0131275   0.0143809   0.0162347   0.0188747   0.0227296   0.0291834   0.0445557   0.0689683   0.0940351   0.112299   0.127794   
-0.188824   -0.192245   -0.195523   -0.196686   -0.19755   -0.19885   -0.200157   -0.201335   -0.202327   -0.202763   -0.203302   -0.203967   -0.204403   -0.204626   -0.204168   -0.203647   -0.201014   -0.197589   -0.193977   -0.189885   -0.184587   -0.178241   -0.17073   -0.161284   -0.14835   -0.140456   -0.139196   -0.140209   -0.142715   

1280000
-10   -9   -8   -7   -6   -5   -4   -3   -2   -1   0   1   2   3   4   5   6   7   8   9   10   11   12   13   14   15   16   17   18   
-0.207767   -0.0895009   0.102276   0.145676   0.260005   0.379133   0.498516   0.617464   0.73527   0.850712   0.966037   1.08108   1.19416   1.30511   1.41307   1.51952   1.61552   1.70611   1.7938   1.87627   1.9481   2.00834   2.05295   2.06672   1.99462   1.87692   1.78438   1.74536   1.72755   
0.0167484   0.0145607   0.0661505   0.0114566   0.011029   0.0105387   0.0101108   0.00980205   0.00965647   0.00981803   0.00992685   0.00997128   0.0101053   0.0102915   0.010692   0.0110115   0.0112745   0.0121323   0.0131077   0.0143639   0.0162231   0.0188653   0.0227101   0.0291849   0.0446202   0.0690817   0.0939929   0.112212   0.127723   
-0.188875   -0.192279   -0.110288   -0.19668   -0.197567   -0.198872   -0.20017   -0.201352   -0.20235   -0.20279   -0.203319   -0.203989   -0.20443   -0.204664   -0.204195   -0.203681   -0.201069   -0.197666   -0.19405   -0.189941   -0.184622   -0.178267   -0.170768   -0.161286   -0.148318   -0.140451   -0.139201   -0.140201   -0.142701   

1285000
-10   -8   -7   -6   -5   -4   -3   -2   -1   0   1   2   3   4   5   6   7   8   9   10   11   12   13   14   15   16   17   18   
-0.207759   0.0299828   0.145543   0.260075   0.379212   0.498583   0.617554   0.735385   0.85085   0.966124   1.0812   1.19431   1.30531   1.41321   1.51971   1.61581   1.70652   1.79421   1.87659   1.94831   2.0085   2.05323   2.06666   1.99394   1.87606   1.78473   1.74596   1.72805   
0.0167034   0.0122123   0.0114547   0.0110181   0.0105262   0.0101041   0.0097929   0.00964551   0.00980625   0.00991987   0.00996268   0.0100954   0.0102782   0.0106829   0.0110024   0.0112596   0.0121138   0.0130882   0.0143473   0.0162116   0.0188555   0.0226916   0.029189   0.0446881   0.0691951   0.0939488   0.112127   0.127653   
-0.188926   -0.195574   -0.196671   -0.197584   -0.198893   -0.200183   -0.20137   -0.202373   -0.202817   -0.203335   -0.20401   -0.204456   -0.204701   -0.204222   -0.203714   -0.201124   -0.197742   -0.194122   -0.189997   -0.184657   -0.178293   -0.170804   -0.161285   -0.148284   -0.140447   -0.139206   -0.140192   -0.142688   

1290000
-10   -8   -7   -6   -5   -4   -3   -2   -1   0   1   2   3   4   5   6   7   8   9   10   12   13   14   15   16   17   18   
-0.207752   0.0300377   0.145401   0.260143   0.37929   0.498649   0.617646   0.735499   0.850987   0.966208   1.08132   1.19445   1.30551   1.41335   1.51989   1.6161   1.70693   1.79461   1.87691   1.94851   2.05349   2.06657   1.99328   1.87521   1.78508   1.74657   1.72854   
0.0166589   0.0121897   0.0114538   0.0110077   0.0105138   0.0100977   0.00978295   0.00963469   0.0097946   0.00991308   0.00995422   0.0100856   0.0102651   0.010674   0.0109931   0.0112449   0.0120955   0.0130689   0.0143308   0.0162001   0.0226741   0.0291955   0.0447531   0.0693073   0.0939068   0.112044   0.127584   
-0.188976   -0.1956   -0.19666   -0.1976   -0.198914   -0.200196   -0.20139   -0.202396   -0.202843   -0.203351   -0.204031   -0.204481   -0.204738   -0.204248   -0.203747   -0.201178   -0.197817   -0.194194   -0.190052   -0.184692   -0.17084   -0.16128   -0.148252   -0.140443   -0.139211   -0.140184   -0.142675   

1295000
-10   -9   -8   -7   -6   -5   -4   -3   -2   -1   0   1   3   4   5   6   7   8   9   10   11   12   13   14   15   16   17   18   
-0.207744   -0.0895079   0.0300914   0.145286   0.260209   0.379368   0.498712   0.617738   0.735611   0.851123   0.96629   1.08144   1.30571   1.41349   1.52008   1.61639   1.70733   1.795   1.87722   1.94873   2.00887   2.05374   2.06645   1.99269   1.87437   1.78542   1.74716   1.72902   
0.016615   0.0144403   0.0121675   0.0114511   0.0109978   0.0105015   0.0100918   0.00977311   0.00962404   0.00978308   0.00990648   0.00994591   0.0102521   0.0106653   0.0109836   0.0112304   0.0120774   0.01305   0.0143146   0.0161881   0.0188332   0.0226572   0.0292042   0.0448125   0.0694176   0.0938626   0.11196   0.127515   
-0.189026   -0.192391   -0.195624   -0.196653   -0.197616   -0.198935   -0.200207   -0.201409   -0.202418   -0.202869   -0.203367   -0.204051   -0.204775   -0.204274   -0.203781   -0.201232   -0.197892   -0.194264   -0.190106   -0.184728   -0.178352   -0.170874   -0.161273   -0.148223   -0.140438   -0.139214   -0.140175   -0.142662   

1300000
-10   -9   -8   -7   -6   -5   -4   -3   -2   -1   0   1   3   4   5   6   7   8   9   10   11   12   13   14   15   16   17   18   
-0.207736   -0.0894757   0.0301436   0.14518   0.260273   0.379444   0.498773   0.617828   0.735721   0.851257   0.96637   1.08155   1.3059   1.41362   1.52026   1.61667   1.70773   1.79539   1.87753   1.94915   2.00928   2.05397   2.0663   1.9922   1.87353   1.78575   1.74774   1.7295   
0.0165717   0.0143992   0.0121457   0.0114479   0.0109883   0.0104895   0.0100862   0.00976339   0.00961355   0.00977168   0.00990006   0.00993779   0.0102393   0.0106567   0.0109745   0.011216   0.0120595   0.0130313   0.0142987   0.0161654   0.0188089   0.0226412   0.0292151   0.0448615   0.0695281   0.0938219   0.111876   0.127447   
-0.189075   -0.192434   -0.195648   -0.196649   -0.197631   -0.198955   -0.200219   -0.201429   -0.20244   -0.202894   -0.203382   -0.204071   -0.204811   -0.2043   -0.203813   -0.201284   -0.197966   -0.194333   -0.19016   -0.184794   -0.178411   -0.170906   -0.161263   -0.148201   -0.140434   -0.13922   -0.140167   -0.142649   

1305000
-10   -9   -8   -7   -6   -5   -4   -3   -2   -1   0   2   3   4   5   6   7   8   9   10   11   12   13   14   15   16   17   18   
-0.207728   -0.0894436   0.0301948   0.14505   0.260335   0.379519   0.498842   0.617917   0.73583   0.851389   0.966447   1.19489   1.3061   1.41375   1.52044   1.61694   1.70813   1.79577   1.87784   1.94956   2.00968   2.05419   2.06612   1.99171   1.8727   1.78607   1.74831   1.72998   
0.0165288   0.0143588   0.0121242   0.011447   0.0109794   0.0104776   0.0100786   0.00975379   0.00960318   0.00976042   0.00989384   0.0100565   0.0102267   0.0106484   0.0109656   0.0112019   0.0120418   0.0130129   0.0142832   0.016143   0.0187853   0.0226259   0.029228   0.0449098   0.0696373   0.0937802   0.111793   0.127378   
-0.189123   -0.192477   -0.195672   -0.19664   -0.197645   -0.198975   -0.200233   -0.201448   -0.202462   -0.202919   -0.203397   -0.204557   -0.204846   -0.204324   -0.203845   -0.201336   -0.198039   -0.194401   -0.190212   -0.184859   -0.17847   -0.170937   -0.161251   -0.148178   -0.140429   -0.139224   -0.140158   -0.142636   

1310000
-10   -9   -8   -7   -6   -5   -4   -3   -2   -1   0   1   2   3   4   5   6   7   8   9   10   11   12   13   14   15   16   17   18   
-0.116044   -0.0894114   0.102117   0.144944   0.260395   0.379593   0.498925   0.618006   0.735937   0.85152   0.966523   1.08178   1.19503   1.30629   1.41387   1.52061   1.61721   1.70852   1.79615   1.87813   1.94996   2.01007   2.0544   2.06593   1.99123   1.87188   1.78638   1.7489   1.73045   
0.0653752   0.0143191   0.0661347   0.0114442   0.0109711   0.0104658   0.0100677   0.0097443   0.00959292   0.00974927   0.00988781   0.00992178   0.0100463   0.0102141   0.0106403   0.010957   0.011188   0.0120243   0.0129949   0.0142679   0.016121   0.0187619   0.0226116   0.0292424   0.0449578   0.0697449   0.0937418   0.111722   0.127311   
-0.110836   -0.192519   -0.109952   -0.196635   -0.197658   -0.198995   -0.200253   -0.201466   -0.202484   -0.202945   -0.203411   -0.204111   -0.204584   -0.204882   -0.204348   -0.203876   -0.201388   -0.198113   -0.194468   -0.190264   -0.184924   -0.178527   -0.170966   -0.161237   -0.148156   -0.140425   -0.139229   -0.140153   -0.142623   

1315000
-10   -9   -8   -7   -6   -5   -4   -3   -2   -1   1   2   3   4   5   6   7   8   9   10   11   12   13   14   15   16   17   18   
-0.207712   -0.0893793   0.0302928   0.144838   0.260451   0.379666   0.499007   0.618093   0.736044   0.85165   1.08189   1.19518   1.30648   1.414   1.52078   1.61748   1.70891   1.79652   1.87843   1.95036   2.01045   2.0546   2.06571   1.99079   1.87107   1.78669   1.74945   1.73092   
0.0164446   0.0142802   0.0120828   0.0114417   0.0109634   0.0104543   0.010057   0.00973493   0.00958275   0.00973825   0.00991366   0.0100362   0.0102017   0.0106323   0.0109487   0.0111742   0.012007   0.0129772   0.0142529   0.0160994   0.0187391   0.0225981   0.0292589   0.0450021   0.0698505   0.0937047   0.111636   0.127245   
-0.189219   -0.19256   -0.195718   -0.196629   -0.19767   -0.199014   -0.200272   -0.201485   -0.202505   -0.202969   -0.204131   -0.204611   -0.204917   -0.204372   -0.203906   -0.201438   -0.198185   -0.194534   -0.190315   -0.184987   -0.178583   -0.170993   -0.16122   -0.148136   -0.14042   -0.139233   -0.140144   -0.142611   

1320000
-9   -8   -7   -6   -5   -4   -3   -2   -1   0   1   2   3   4   5   6   7   8   9   10   11   12   13   14   15   16   17   18   
-0.0893473   0.0303397   0.144732   0.260505   0.379738   0.499087   0.618179   0.736149   0.851779   0.966677   1.082   1.19532   1.30666   1.41412   1.52095   1.61775   1.70929   1.79688   1.87872   1.95075   2.01083   2.05478   2.0656   1.99035   1.87027   1.78699   1.75   1.73138   
0.014242   0.0120627   0.0114394   0.0109563   0.0104429   0.0100464   0.00972566   0.00957269   0.00972735   0.00987473   0.00990565   0.0100262   0.0101895   0.0106245   0.0109402   0.0111605   0.0119899   0.0129598   0.0142381   0.0160782   0.0187168   0.0225857   0.0292667   0.0450458   0.0699555   0.0936676   0.111559   0.127179   
-0.192601   -0.195739   -0.196624   -0.197681   -0.199034   -0.200291   -0.201503   -0.202526   -0.202994   -0.203442   -0.204151   -0.204637   -0.204951   -0.204395   -0.203936   -0.201489   -0.198257   -0.194599   -0.190365   -0.18505   -0.178638   -0.17102   -0.161214   -0.148116   -0.140416   -0.139238   -0.140137   -0.142598   

1325000
-10   -9   -8   -7   -6   -5   -4   -3   -2   -1   0   1   2   3   4   5   6   7   8   9   10   11   12   13   14   15   16   17   18   
0.0460464   -0.0893154   0.0303852   0.14462   0.260557   0.379809   0.499166   0.618265   0.736254   0.851906   0.96676   1.08211   1.19547   1.30685   1.41424   1.52112   1.61802   1.70968   1.79724   1.879   1.95114   2.01119   2.05495   2.06573   1.98988   1.86947   1.78728   1.75056   1.73184   
0.0908576   0.0142044   0.0120433   0.0114379   0.0109499   0.0104317   0.010036   0.00971651   0.00956273   0.00971657   0.00986713   0.00989776   0.0100164   0.0101774   0.0106169   0.0109315   0.0111469   0.011973   0.0129426   0.0142236   0.0160572   0.0186948   0.0225745   0.0292563   0.0450939   0.07006   0.0936298   0.11149   0.127116   
-0.0976486   -0.192641   -0.19576   -0.196618   -0.197692   -0.199053   -0.20031   -0.201521   -0.202547   -0.203018   -0.20346   -0.204171   -0.204663   -0.204985   -0.204418   -0.203967   -0.201539   -0.198328   -0.194663   -0.190414   -0.185112   -0.178692   -0.171043   -0.16123   -0.148095   -0.140411   -0.139243   -0.140131   -0.142586   

1330000
-10   -9   -8   -7   -6   -5   -4   -3   -2   -1   0   1   2   3   4   5   6   7   8   9   10   11   12   13   14   15   16   17   18   
-0.0804745   -0.0892836   0.0304292   0.144511   0.260606   0.379878   0.499244   0.618349   0.736357   0.852032   0.966841   1.08222   1.19561   1.30703   1.41435   1.52129   1.61828   1.71005   1.79759   1.87928   1.95152   2.01155   2.05509   2.06582   1.98937   1.86868   1.78758   1.7511   1.73229   
0.0638132   0.0141675   0.012024   0.0114364   0.0109441   0.0104206   0.0100258   0.00970747   0.00955287   0.00970592   0.00985972   0.00989004   0.0100066   0.0101655   0.0106095   0.010923   0.0111335   0.0119563   0.0129256   0.0142093   0.0160365   0.0186733   0.0225646   0.0292489   0.0451451   0.0701633   0.0935957   0.111409   0.127052   
-0.110094   -0.19268   -0.195781   -0.196612   -0.197701   -0.199071   -0.200329   -0.201539   -0.202568   -0.203042   -0.203477   -0.20419   -0.204689   -0.205019   -0.20444   -0.203997   -0.201588   -0.198398   -0.194727   -0.190463   -0.185172   -0.178746   -0.171064   -0.161243   -0.148071   -0.140407   -0.139249   -0.140123   -0.142575   

1335000
-10   -9   -8   -6   -5   -4   -3   -2   -1   0   1   2   3   4   5   6   7   8   9   10   11   12   13   14   15   16   17   18   
-0.207682   -0.0892519   0.0744891   0.260653   0.379947   0.49932   0.618433   0.736459   0.852156   0.96692   1.08232   1.19575   1.30721   1.41447   1.52145   1.61854   1.71043   1.79795   1.87955   1.9519   2.01191   2.05522   2.06587   1.98883   1.86791   1.78787   1.75165   1.73273   
0.0162813   0.0141313   0.0680536   0.0109391   0.0104097   0.0100157   0.00969854   0.00954311   0.00969538   0.00985249   0.00988243   0.00999698   0.0101537   0.0106023   0.0109147   0.0111202   0.0119397   0.0129087   0.0141953   0.0160163   0.0186524   0.0225554   0.0292446   0.0451996   0.0702647   0.0935571   0.111338   0.126988   
-0.189403   -0.192719   -0.110545   -0.197709   -0.19909   -0.200347   -0.201557   -0.202589   -0.203066   -0.203494   -0.204209   -0.204714   -0.205052   -0.204461   -0.204026   -0.201637   -0.198468   -0.19479   -0.190511   -0.185233   -0.178798   -0.171084   -0.161252   -0.148046   -0.140402   -0.139253   -0.140117   -0.142563   

1340000
-10   -9   -8   -7   -6   -5   -4   -3   -2   -1   0   1   2   3   4   5   6   7   8   9   10   11   12   13   14   15   16   17   18   
0.00770434   -0.0892204   0.0305127   0.144355   0.260697   0.380015   0.499396   0.618515   0.73656   0.85228   0.966996   1.08243   1.19588   1.30739   1.41458   1.52161   1.61879   1.7108   1.7983   1.87982   1.95226   2.01226   2.05533   2.06588   1.98829   1.86715   1.78815   1.75218   1.73318   
0.0902082   0.0140956   0.0119873   0.0114282   0.0109348   0.0103989   0.0100057   0.00968972   0.00953345   0.00968496   0.00984545   0.00987493   0.0099875   0.0101421   0.0105953   0.0109066   0.0111071   0.0119234   0.012892   0.0141816   0.0159964   0.0186318   0.0225475   0.0292431   0.0452528   0.0703637   0.0935215   0.111265   0.126929   
-0.0968224   -0.192758   -0.19582   -0.196611   -0.197717   -0.199108   -0.200365   -0.201574   -0.202609   -0.203089   -0.20351   -0.204228   -0.204739   -0.205085   -0.204482   -0.204055   -0.201686   -0.198538   -0.194853   -0.190558   -0.185292   -0.178849   -0.171101   -0.161258   -0.14802   -0.140398   -0.139257   -0.140111   -0.142552   

1345000
-10   -9   -8   -7   -6   -5   -4   -3   -2   -1   0   1   2   3   4   5   6   7   8   9   10   11   12   13   14   15   16   17   18   
-0.207667   -0.0891891   0.030552   0.144305   0.260737   0.380082   0.499471   0.618596   0.73666   0.852402   0.967071   1.08253   1.19602   1.30757   1.41468   1.52177   1.61905   1.71117   1.79864   1.88009   1.95263   2.0126   2.05543   2.06586   1.98777   1.8664   1.78843   1.75271   1.73361   
0.0162022   0.0140606   0.0119698   0.0114219   0.0109313   0.0103883   0.00999588   0.00968101   0.00952388   0.00967465   0.00983857   0.00986754   0.00997812   0.0101305   0.0105885   0.0108987   0.011094   0.0119072   0.0128756   0.0141681   0.0159767   0.0186116   0.0225406   0.029244   0.0453064   0.0704619   0.0934875   0.111195   0.126865   
-0.189494   -0.192796   -0.195839   -0.196615   -0.197723   -0.199126   -0.200383   -0.201592   -0.202629   -0.203113   -0.203526   -0.204246   -0.204764   -0.205118   -0.204503   -0.204083   -0.201734   -0.198606   -0.194915   -0.190605   -0.18535   -0.1789   -0.171117   -0.16126   -0.147997   -0.140394   -0.139262   -0.140106   -0.14254   

1350000
-10   -9   -7   -6   -5   -4   -3   -2   -1   0   1   2   3   4   5   6   7   8   9   10   11   12   13   14   15   16   17   18   
-0.207659   -0.089158   0.144257   0.260775   0.380148   0.499544   0.618676   0.73676   0.852522   0.967143   1.08263   1.19615   1.30774   1.41479   1.52193   1.6193   1.71154   1.79898   1.88035   1.95298   2.01293   2.05552   2.06581   1.98724   1.86566   1.7887   1.75322   1.73405   
0.0161631   0.0140261   0.0114155   0.0109286   0.0103778   0.00998619   0.00967246   0.00951441   0.00966448   0.00983185   0.00986029   0.00996885   0.0101192   0.0105818   0.010891   0.0110811   0.0118912   0.0128593   0.0141549   0.0159574   0.0185919   0.0225345   0.0292478   0.0453594   0.0705592   0.0934525   0.111122   0.126806   
-0.189538   -0.192833   -0.19662   -0.197728   -0.199144   -0.200401   -0.201608   -0.202649   -0.203136   -0.203541   -0.204264   -0.204789   -0.20515   -0.204522   -0.204111   -0.201782   -0.198675   -0.194976   -0.19065   -0.185407   -0.178949   -0.171131   -0.161259   -0.147973   -0.14039   -0.139267   -0.140099   -0.142529   

1355000
-10   -9   -8   -7   -6   -5   -4   -3   -2   -1   0   1   2   3   4   5   6   7   8   9   10   11   12   13   16   17   18   
-0.207652   -0.0891272   0.0306252   0.14421   0.260809   0.380214   0.499617   0.618755   0.736858   0.852642   0.967214   1.08273   1.19629   1.30791   1.41489   1.52208   1.61955   1.7119   1.79932   1.8806   1.95333   2.01326   2.05558   2.06571   1.78898   1.75373   1.73448   
0.0161243   0.0139921   0.0119365   0.0114092   0.0109269   0.0103674   0.00997664   0.00966402   0.00950503   0.00965441   0.00982528   0.00985316   0.0099597   0.0101079   0.0105753   0.010883   0.0110683   0.0118754   0.0128433   0.0141419   0.0159384   0.0185726   0.0225297   0.0292542   0.0934189   0.111052   0.126745   
-0.189582   -0.19287   -0.195873   -0.196624   -0.197731   -0.199161   -0.200418   -0.201625   -0.202669   -0.203158   -0.203557   -0.204282   -0.204813   -0.205182   -0.204542   -0.204139   -0.201829   -0.198742   -0.195037   -0.190695   -0.185464   -0.178998   -0.171143   -0.161254   -0.139272   -0.140094   -0.142518   

1360000
-10   -9   -8   -7   -6   -5   -4   -3   -2   -1   0   1   2   3   4   5   6   7   8   9   10   11   12   13   14   15   16   17   18   
-0.207645   -0.0890965   0.0306589   0.144164   0.26084   0.380278   0.499689   0.618833   0.736955   0.85276   0.967283   1.08283   1.19642   1.30809   1.41499   1.52224   1.6198   1.71225   1.79966   1.88085   1.95368   2.01357   2.05563   2.06558   1.98626   1.86422   1.78925   1.75423   1.7349   
0.0160859   0.0139588   0.0119208   0.0114029   0.0109262   0.0103571   0.00996722   0.00965567   0.00949575   0.00964448   0.00981884   0.00984614   0.00995066   0.0100968   0.010569   0.0108749   0.0110556   0.0118597   0.0128274   0.0141292   0.0159198   0.0185537   0.0225258   0.0292638   0.045459   0.0707506   0.0933908   0.110981   0.126681   
-0.189626   -0.192906   -0.195889   -0.196629   -0.197733   -0.199179   -0.200435   -0.201642   -0.202689   -0.203181   -0.203572   -0.2043   -0.204837   -0.205214   -0.204561   -0.204167   -0.201876   -0.198809   -0.195097   -0.190739   -0.185519   -0.179045   -0.171153   -0.161246   -0.147929   -0.140384   -0.139278   -0.140088   -0.142507   

1365000
-10   -9   -8   -7   -6   -5   -4   -3   -2   -1   0   1   2   3   4   5   6   7   8   9   10   11   12   13   14   15   16   17   18   
-0.207638   -0.0890662   0.0306906   0.144119   0.260868   0.380342   0.49976   0.618911   0.737051   0.852876   0.967428   1.08293   1.19655   1.30825   1.41508   1.52239   1.62005   1.71261   1.79999   1.8811   1.95402   2.01389   2.05567   2.06542   1.98589   1.86352   1.78949   1.75472   1.73533   
0.0160477   0.0139259   0.0119058   0.0113967   0.0109265   0.010347   0.00995792   0.00964743   0.00948655   0.0096347   0.00980712   0.00983923   0.00994173   0.0100859   0.0105628   0.0108669   0.011043   0.0118443   0.0128118   0.0141168   0.0159015   0.0185352   0.0225228   0.0292758   0.0454966   0.0708426   0.0933547   0.110917   0.126622   
-0.189669   -0.192942   -0.195904   -0.196633   -0.197734   -0.199196   -0.200452   -0.201658   -0.202708   -0.203203   -0.2036   -0.204317   -0.20486   -0.205245   -0.204579   -0.204195   -0.201923   -0.198876   -0.195157   -0.190782   -0.185574   -0.179092   -0.171161   -0.161234   -0.147913   -0.140382   -0.139281   -0.140083   -0.142496   

1370000
-10   -9   -8   -7   -6   -5   -4   -3   -2   -1   0   2   3   4   5   6   7   8   9   10   11   12   13   14   16   17   18   
-0.20763   -0.0890361   0.0307204   0.144072   0.260891   0.380405   0.49983   0.618987   0.737146   0.852991   0.967578   1.19668   1.30842   1.41523   1.52254   1.62029   1.71296   1.80031   1.88134   1.95435   2.01419   2.0557   2.06522   1.98553   1.78975   1.75519   1.73575   
0.0160098   0.0138935   0.0118914   0.0113908   0.0109279   0.010337   0.00994875   0.0096393   0.00947745   0.00962505   0.00979517   0.00993291   0.0100751   0.0105541   0.0108591   0.0110305   0.011829   0.0127964   0.0141046   0.0158835   0.0185172   0.0225209   0.0292902   0.0455344   0.0933256   0.110848   0.126566   
-0.189712   -0.192977   -0.195919   -0.196637   -0.197733   -0.199213   -0.200469   -0.201674   -0.202727   -0.203225   -0.203628   -0.204884   -0.205275   -0.204605   -0.204222   -0.201969   -0.198942   -0.195216   -0.190825   -0.185628   -0.179137   -0.171169   -0.161219   -0.147899   -0.139287   -0.140078   -0.142486   

1375000
-10   -9   -8   -7   -6   -5   -4   -3   -2   -1   0   1   2   3   4   5   6   7   8   9   10   11   12   13   14   15   16   17   18   
-0.207623   -0.0890063   0.0307482   0.144024   0.26091   0.380467   0.499899   0.619062   0.737241   0.853105   0.967725   1.08312   1.1968   1.30859   1.41544   1.52269   1.62053   1.71331   1.80063   1.88158   1.95468   2.01449   2.05571   2.065   1.98517   1.86217   1.79001   1.75566   1.73617   
0.0159722   0.0138617   0.0118778   0.0113851   0.0109305   0.010327   0.0099397   0.00963128   0.00946844   0.00961553   0.00978333   0.00982542   0.00992421   0.0100644   0.0105414   0.0108515   0.0110182   0.0118139   0.0127811   0.0140927   0.0158658   0.0184996   0.0225193   0.0293074   0.0455721   0.0710227   0.0932946   0.110788   0.126505   
-0.189755   -0.193012   -0.195932   -0.196641   -0.197731   -0.199229   -0.200485   -0.20169   -0.202746   -0.203247   -0.203657   -0.204352   -0.204907   -0.205306   -0.204644   -0.204249   -0.202015   -0.199007   -0.195274   -0.190867   -0.185681   -0.179182   -0.171174   -0.161202   -0.147884   -0.140378   -0.139291   -0.140074   -0.142475   

1380000
-10   -9   -8   -7   -6   -5   -4   -3   -2   -1   0   1   2   3   4   5   6   7   8   9   10   11   12   13   14   15   16   17   18   
-0.207617   -0.0889769   0.0307737   0.143975   0.260925   0.380529   0.499967   0.619136   0.737334   0.853217   0.967872   1.08322   1.19693   1.30875   1.41565   1.52284   1.62077   1.71365   1.80095   1.88181   1.955   2.01478   2.05572   2.06474   1.98481   1.86152   1.79025   1.75613   1.73658   
0.0159348   0.0138304   0.011865   0.0113796   0.0109344   0.0103172   0.00993077   0.00962335   0.00945953   0.00960613   0.00977162   0.00981838   0.00991563   0.010054   0.0105288   0.010844   0.011006   0.011799   0.012766   0.014081   0.0158485   0.0184824   0.0225184   0.029326   0.0456083   0.0711102   0.0932593   0.110734   0.126445   
-0.189798   -0.193046   -0.195944   -0.196645   -0.197727   -0.199246   -0.200502   -0.201706   -0.202765   -0.203268   -0.203685   -0.20437   -0.20493   -0.205335   -0.204683   -0.204275   -0.20206   -0.199071   -0.195332   -0.190908   -0.185734   -0.179226   -0.171179   -0.161181   -0.14787   -0.140377   -0.139294   -0.140072   -0.142464   

1385000
-10   -9   -8   -7   -6   -5   -4   -3   -2   -1   0   1   2   3   4   5   6   7   8   9   10   11   12   13   14   16   17   18   
-0.20761   -0.0889477   0.030797   0.143932   0.260935   0.38059   0.500034   0.61921   0.737426   0.853327   0.968017   1.08331   1.19705   1.30891   1.41586   1.52298   1.62101   1.71399   1.80127   1.88203   1.95532   2.01506   2.05572   2.06447   1.98444   1.79058   1.75654   1.737   
0.0158976   0.0137995   0.011853   0.0113736   0.0109398   0.0103076   0.00992196   0.00961551   0.0094507   0.00959687   0.00976003   0.00981143   0.0099072   0.0100436   0.0105164   0.0108368   0.0109938   0.0117844   0.0127512   0.0140695   0.0158315   0.0184657   0.0225178   0.0293471   0.0456472   0.0932238   0.110669   0.126392   
-0.189841   -0.19308   -0.195955   -0.19665   -0.19772   -0.199262   -0.200518   -0.201722   -0.202784   -0.203289   -0.203712   -0.204388   -0.204952   -0.205365   -0.204721   -0.204301   -0.202105   -0.199135   -0.195389   -0.190948   -0.185785   -0.179268   -0.171183   -0.161159   -0.147855   -0.1393   -0.140067   -0.142454   

1390000
-10   -9   -8   -7   -6   -5   -4   -3   -2   -1   0   1   2   3   4   5   6   7   8   9   10   11   12   13   14   15   16   17   18   
-0.207603   -0.0889189   0.0308179   0.143926   0.260953   0.38065   0.5001   0.619283   0.737518   0.853437   0.96816   1.0834   1.19717   1.30906   1.41607   1.52312   1.62124   1.71432   1.80158   1.88226   1.95563   2.01534   2.05572   2.06416   1.98406   1.86028   1.79108   1.75697   1.7374   
0.0158606   0.0137691   0.0118418   0.0113644   0.0109424   0.010298   0.00991328   0.00960776   0.00944196   0.00958775   0.00974856   0.00980459   0.0098989   0.0100335   0.010504   0.0108297   0.0109818   0.0117699   0.0127365   0.0140582   0.0158147   0.0184494   0.0225175   0.0293696   0.0456854   0.0712765   0.0931541   0.110613   0.126328   
-0.189883   -0.193114   -0.195965   -0.19666   -0.197718   -0.199279   -0.200534   -0.201737   -0.202802   -0.20331   -0.20374   -0.204405   -0.204974   -0.205394   -0.204759   -0.204326   -0.20215   -0.199198   -0.195445   -0.190988   -0.185836   -0.17931   -0.171186   -0.161134   -0.14784   -0.140376   -0.139303   -0.140064   -0.142443   

1395000
-10   -9   -8   -7   -6   -5   -4   -3   -2   -1   0   1   2   3   4   5   6   7   8   9   10   11   12   13   14   16   17   18   
-0.207596   -0.0888905   0.0308363   0.143921   0.261023   0.38071   0.500166   0.619355   0.737608   0.853544   0.968302   1.0835   1.1973   1.30922   1.41627   1.52327   1.62147   1.71465   1.80189   1.88248   1.95593   2.01561   2.05572   2.06388   1.98368   1.79157   1.75737   1.73782   
0.0158239   0.0137391   0.0118316   0.0113551   0.0109277   0.0102885   0.00990471   0.0096001   0.00943331   0.00957877   0.0097372   0.00979785   0.0098907   0.0100235   0.0104918   0.0108224   0.0109699   0.0117557   0.012722   0.0140472   0.0157983   0.0184334   0.0225171   0.029391   0.0457247   0.0930883   0.110554   0.126277   
-0.189925   -0.193147   -0.195974   -0.196671   -0.197741   -0.199295   -0.200549   -0.201752   -0.202821   -0.20333   -0.203767   -0.204422   -0.204996   -0.205422   -0.204796   -0.204351   -0.202194   -0.19926   -0.195501   -0.191027   -0.185885   -0.17935   -0.17119   -0.161111   -0.147824   -0.139305   -0.140061   -0.142434   

1400000
-10   -9   -8   -7   -6   -5   -4   -3   -2   -1   0   1   2   3   5   6   7   8   9   10   11   12   13   14   15   16   17   18   
-0.20759   -0.0888625   0.0308523   0.143918   0.261091   0.380769   0.50023   0.619426   0.737698   0.85365   0.968443   1.08359   1.19741   1.30937   1.52341   1.6217   1.71497   1.80219   1.88269   1.95623   2.01587   2.05573   2.06383   1.98329   1.85921   1.79205   1.75777   1.73821   
0.0157873   0.0137096   0.0118224   0.0113459   0.0109131   0.0102791   0.00989625   0.00959254   0.00942474   0.00956994   0.00972595   0.00979121   0.00988262   0.0100136   0.010815   0.0109581   0.0117417   0.0127077   0.0140364   0.0157822   0.018418   0.0225164   0.0293945   0.0457647   0.0714217   0.0930215   0.110499   0.126216   
-0.189967   -0.193179   -0.195981   -0.196682   -0.197764   -0.19931   -0.200565   -0.201768   -0.202839   -0.20335   -0.203794   -0.204439   -0.205018   -0.20545   -0.204377   -0.202238   -0.199321   -0.195557   -0.191065   -0.185934   -0.17939   -0.171194   -0.161109   -0.147808   -0.140376   -0.139308   -0.140057   -0.142423   

1405000
-10   -9   -8   -7   -6   -5   -4   -3   -2   -1   0   1   2   3   4   5   6   7   8   9   10   11   12   13   14   15   16   17   18   
-0.207584   -0.0888349   0.0308658   0.143915   0.261159   0.380827   0.500294   0.619496   0.737787   0.853754   0.968583   1.08368   1.19753   1.30952   1.41668   1.52355   1.62193   1.71529   1.80249   1.88291   1.95653   2.01612   2.05574   2.06374   1.9829   1.85881   1.79255   1.75817   1.7386   
0.0157511   0.0136805   0.0118142   0.0113366   0.0108988   0.0102698   0.0098879   0.00958506   0.00941626   0.00956127   0.00971481   0.00978469   0.00987471   0.0100038   0.0104671   0.0108076   0.0109465   0.0117279   0.0126935   0.0140258   0.0157664   0.018403   0.0225152   0.0294003   0.0458056   0.0714754   0.0929625   0.110449   0.126158   
-0.190008   -0.193211   -0.195988   -0.196693   -0.197786   -0.199326   -0.20058   -0.201783   -0.202857   -0.20337   -0.203821   -0.204456   -0.205039   -0.205478   -0.204872   -0.204403   -0.202281   -0.199381   -0.195611   -0.191103   -0.185982   -0.179429   -0.171199   -0.161105   -0.147792   -0.140378   -0.139313   -0.140056   -0.142412   

1410000
-10   -9   -8   -7   -6   -5   -4   -3   -2   -1   0   1   2   3   4   5   6   7   8   9   10   11   12   13   14   15   16   17   18   
-0.207579   -0.0888078   0.0308766   0.143912   0.261226   0.380885   0.500357   0.619565   0.737874   0.853857   0.968721   1.08377   1.19765   1.30967   1.41689   1.52369   1.62216   1.71561   1.80279   1.88311   1.95681   2.01636   2.05576   2.06364   1.98249   1.85843   1.79303   1.75856   1.739   
0.0157154   0.0136518   0.0118071   0.0113275   0.0108847   0.0102607   0.00987967   0.00957767   0.00940786   0.00955276   0.00970377   0.00977828   0.00986693   0.00999415   0.0104547   0.0108004   0.0109349   0.0117142   0.0126796   0.0140153   0.0157509   0.0183888   0.0225131   0.0294079   0.0458476   0.0715285   0.0929022   0.1104   0.1261   
-0.190049   -0.193243   -0.195992   -0.196704   -0.197808   -0.199342   -0.200595   -0.201797   -0.202875   -0.203389   -0.203848   -0.204472   -0.20506   -0.205506   -0.204909   -0.204428   -0.202324   -0.199441   -0.195666   -0.191141   -0.186029   -0.179465   -0.171205   -0.161099   -0.147775   -0.14038   -0.139317   -0.140054   -0.142402   

1415000
-10   -9   -8   -7   -6   -5   -4   -3   -2   -1   0   1   2   3   4   5   6   7   8   9   10   11   12   13   14   15   16   17   18   
-0.207576   -0.0887812   0.0308848   0.143909   0.261292   0.380942   0.500419   0.619634   0.737961   0.853958   0.968858   1.08385   1.19776   1.30982   1.41709   1.52382   1.62238   1.71592   1.80309   1.88332   1.9571   2.01659   2.05581   2.06351   1.98208   1.85807   1.79348   1.75895   1.7394   
0.0156808   0.0136235   0.0118012   0.0113184   0.0108708   0.0102516   0.00987153   0.00957037   0.00939955   0.00954438   0.00969284   0.00977198   0.00985925   0.00998445   0.0104424   0.0107934   0.0109234   0.0117007   0.0126658   0.0140051   0.0157357   0.0183751   0.02251   0.0294177   0.0458908   0.0715798   0.0928362   0.110345   0.126047   
-0.190088   -0.193274   -0.195995   -0.196714   -0.19783   -0.199357   -0.20061   -0.201812   -0.202892   -0.203409   -0.203874   -0.204488   -0.20508   -0.205533   -0.204947   -0.204452   -0.202367   -0.199501   -0.195719   -0.191178   -0.186076   -0.179501   -0.171214   -0.16109   -0.147758   -0.140382   -0.139319   -0.140052   -0.142392   

1420000
-10   -9   -8   -7   -6   -5   -4   -3   -2   -1   0   1   2   3   4   5   6   7   8   9   10   11   12   13   14   15   16   17   18   
-0.207573   -0.0887552   0.0308902   0.143907   0.261357   0.380999   0.50048   0.619702   0.738047   0.854058   0.968993   1.08394   1.19787   1.30998   1.41729   1.52396   1.62261   1.71624   1.80338   1.88352   1.95737   2.01682   2.05587   2.06335   1.98165   1.85773   1.79396   1.75933   1.73978   
0.0156465   0.0135957   0.0117966   0.0113094   0.0108571   0.0102425   0.00986351   0.00956316   0.00939132   0.00953612   0.00968201   0.0097658   0.00985167   0.00997434   0.0104302   0.0107865   0.0109121   0.0116873   0.0126522   0.013995   0.0157209   0.0183618   0.0225057   0.0294288   0.0459343   0.0716261   0.0927809   0.110298   0.125986   
-0.190127   -0.193305   -0.195997   -0.196725   -0.197851   -0.199372   -0.200625   -0.201826   -0.20291   -0.203427   -0.2039   -0.204504   -0.2051   -0.205562   -0.204984   -0.204477   -0.202409   -0.19956   -0.195772   -0.191214   -0.186122   -0.179536   -0.171224   -0.16108   -0.14774   -0.140384   -0.139324   -0.14005   -0.142382   

1425000
-10   -9   -8   -7   -6   -5   -4   -3   -2   -1   0   1   2   3   4   5   6   7   8   9   10   11   13   14   15   16   17   18   
-0.207571   -0.0887297   0.0308929   0.143904   0.261421   0.381055   0.50054   0.619769   0.738133   0.854156   0.969128   1.08402   1.19798   1.31013   1.41749   1.52409   1.62283   1.71655   1.80367   1.88372   1.95765   2.01703   2.06317   1.98121   1.8574   1.79442   1.7597   1.74018   
0.0156123   0.0135682   0.0117932   0.0113006   0.0108436   0.0102336   0.00985559   0.00955603   0.00938317   0.00952798   0.00967128   0.00975972   0.00984418   0.00996434   0.0104181   0.0107798   0.0109008   0.011674   0.0126387   0.0139851   0.0157063   0.0183491   0.0294421   0.0459795   0.0716719   0.0927259   0.110248   0.125933   
-0.190165   -0.193335   -0.195997   -0.196736   -0.197872   -0.199387   -0.200639   -0.201841   -0.202927   -0.203446   -0.203926   -0.204519   -0.20512   -0.20559   -0.205021   -0.2045   -0.202451   -0.199618   -0.195825   -0.19125   -0.186166   -0.179569   -0.161066   -0.147721   -0.140386   -0.139329   -0.140048   -0.142372   

1430000
-10   -9   -8   -7   -6   -5   -4   -3   -2   -1   0   1   2   3   4   5   6   7   8   9   10   11   12   13   14   15   16   17   18   
-0.207568   -0.0887047   0.0308929   0.1439   0.261484   0.38111   0.500599   0.619835   0.738217   0.854254   0.969261   1.0841   1.19809   1.31028   1.41768   1.52422   1.62304   1.71685   1.80395   1.88392   1.95791   2.01724   2.05626   2.06297   1.98078   1.85706   1.79488   1.76007   1.74057   
0.0155784   0.0135411   0.0117913   0.0112919   0.0108303   0.0102248   0.00984777   0.00954898   0.00937509   0.00951995   0.00966065   0.00975378   0.00983677   0.00995444   0.0104061   0.0107732   0.0108896   0.0116609   0.0126255   0.0139753   0.0156922   0.018337   0.02248   0.0294574   0.0460245   0.0717187   0.0926686   0.110195   0.125881   
-0.190203   -0.193365   -0.195995   -0.196746   -0.197893   -0.199402   -0.200653   -0.201855   -0.202944   -0.203465   -0.203951   -0.204535   -0.20514   -0.205618   -0.205058   -0.204524   -0.202493   -0.199677   -0.195877   -0.191286   -0.18621   -0.179601   -0.171278   -0.161051   -0.147703   -0.140388   -0.139332   -0.140046   -0.142362   

1435000
-10   -9   -8   -7   -6   -5   -4   -3   -2   -1   0   1   2   3   4   5   6   7   8   9   10   11   12   13   14   15   16   17   18   
-0.207566   -0.0886802   0.0308902   0.143895   0.261546   0.381165   0.500657   0.619901   0.738301   0.85435   0.969393   1.08418   1.1982   1.31042   1.41788   1.52434   1.62326   1.71716   1.80423   1.88412   1.95817   2.01743   2.05656   2.06274   1.9804   1.85669   1.79532   1.76043   1.74096   
0.0155447   0.0135144   0.0117909   0.0112833   0.0108172   0.0102161   0.00984006   0.00954203   0.0093671   0.00951203   0.00965011   0.00974795   0.00982942   0.00994465   0.0103943   0.0107668   0.0108786   0.0116479   0.0126124   0.0139656   0.0156784   0.0183253   0.0224591   0.0294743   0.0460631   0.0717697   0.0926086   0.110147   0.125823   
-0.190241   -0.193394   -0.195991   -0.196756   -0.197913   -0.199417   -0.200668   -0.201869   -0.202961   -0.203483   -0.203977   -0.20455   -0.20516   -0.205646   -0.205094   -0.204546   -0.202534   -0.199734   -0.195928   -0.191321   -0.186253   -0.179631   -0.171318   -0.161033   -0.147688   -0.14039   -0.139335   -0.140044   -0.142352   

1440000
-10   -9   -8   -7   -6   -5   -4   -3   -2   -1   0   1   2   3   4   5   6   7   8   9   10   11   12   13   14   15   16   17   18   
-0.207564   -0.0886563   0.0308847   0.14389   0.261607   0.38122   0.500715   0.619965   0.738383   0.854455   0.969524   1.08426   1.19831   1.31057   1.41807   1.52447   1.62347   1.71746   1.80451   1.88431   1.95842   2.01762   2.05686   2.0625   1.98022   1.85635   1.79576   1.7608   1.74135   
0.0155112   0.013488   0.011792   0.0112749   0.0108043   0.0102074   0.00983245   0.00953516   0.00935923   0.00950257   0.00963968   0.00974228   0.00982214   0.00993497   0.0103825   0.0107606   0.0108678   0.0116351   0.0125994   0.0139561   0.0156649   0.0183143   0.022439   0.0294926   0.0460826   0.071817   0.09255   0.110099   0.125771   
-0.190279   -0.193423   -0.195985   -0.196766   -0.197934   -0.199432   -0.200681   -0.201883   -0.202978   -0.203504   -0.204002   -0.204564   -0.20518   -0.205674   -0.20513   -0.204568   -0.202574   -0.199792   -0.195979   -0.191356   -0.186294   -0.179661   -0.171357   -0.161013   -0.147683   -0.140393   -0.139339   -0.140042   -0.142342   

1445000
-10   -9   -8   -7   -6   -5   -4   -3   -2   -1   0   1   2   3   4   5   6   7   8   9   10   11   12   13   14   15   16   17   18   
-0.207563   -0.0886329   0.0308764   0.143883   0.261667   0.381273   0.500771   0.620029   0.738464   0.854561   0.969654   1.08434   1.19842   1.31072   1.41826   1.52459   1.62368   1.71776   1.80478   1.8845   1.95867   2.0178   2.05716   2.06223   1.98002   1.85606   1.7962   1.76116   1.74174   
0.015478   0.013462   0.0117949   0.0112667   0.0107915   0.0101988   0.00982494   0.00952837   0.00935145   0.00949292   0.00962933   0.00973678   0.00981495   0.00992539   0.0103709   0.0107539   0.010857   0.0116224   0.0125867   0.0139467   0.0156519   0.0183038   0.0224197   0.0295129   0.0461038   0.0718548   0.0924961   0.110052   0.125714   
-0.190317   -0.193452   -0.195978   -0.196776   -0.197954   -0.199446   -0.200695   -0.201896   -0.202994   -0.203526   -0.204027   -0.204578   -0.205199   -0.205701   -0.205165   -0.204591   -0.202615   -0.199849   -0.196029   -0.19139   -0.186335   -0.179689   -0.171396   -0.160991   -0.147677   -0.140395   -0.139343   -0.140041   -0.142332   

1450000
-10   -9   -8   -7   -6   -5   -4   -3   -2   -1   0   1   2   3   4   5   6   7   8   9   10   11   12   13   14   16   17   18   
-0.207561   -0.0886101   0.0308653   0.143876   0.261727   0.381327   0.500827   0.620092   0.738545   0.854666   0.969782   1.08441   1.19852   1.31086   1.41845   1.52472   1.62389   1.71805   1.80505   1.88469   1.95891   2.01796   2.05744   2.06194   1.9798   1.79663   1.76152   1.74212   
0.015445   0.0134363   0.0117996   0.0112587   0.0107788   0.0101903   0.00981753   0.00952167   0.00934375   0.00948338   0.00961908   0.0097314   0.0098076   0.00991591   0.0103594   0.0107473   0.0108463   0.0116098   0.0125743   0.0139374   0.0156391   0.018294   0.0224008   0.0295347   0.0461267   0.092437   0.11001   0.125661   
-0.190354   -0.19348   -0.195967   -0.196785   -0.197974   -0.199461   -0.200709   -0.20191   -0.203011   -0.203547   -0.204051   -0.204592   -0.205219   -0.205728   -0.205201   -0.204615   -0.202654   -0.199905   -0.196079   -0.191424   -0.186375   -0.179715   -0.171433   -0.160967   -0.14767   -0.139346   -0.14004   -0.142322   

1455000
-10   -9   -8   -6   -5   -4   -3   -2   -1   0   1   2   3   4   5   6   7   8   9   10   11   12   13   14   15   16   17   18   
-0.20756   -0.0885878   0.0308675   0.261786   0.381379   0.500882   0.620154   0.738624   0.85477   0.96991   1.08449   1.19863   1.311   1.41864   1.52484   1.6241   1.71835   1.80532   1.88488   1.95914   2.01812   2.05771   2.06163   1.97956   1.85559   1.79707   1.76186   1.74251   
0.0154122   0.0134109   0.011805   0.0107663   0.0101819   0.00981022   0.00951506   0.00933613   0.00947394   0.00960892   0.00972615   0.00979995   0.00990653   0.010348   0.0107407   0.0108358   0.0115973   0.012562   0.0139282   0.0156265   0.0182845   0.0223824   0.0295579   0.0461523   0.0719248   0.0923856   0.109958   0.125612   
-0.190391   -0.193508   -0.195958   -0.197993   -0.199475   -0.200722   -0.201923   -0.203027   -0.203568   -0.204076   -0.204606   -0.205239   -0.205755   -0.205236   -0.204637   -0.202694   -0.199961   -0.196127   -0.191458   -0.186414   -0.179741   -0.171469   -0.160941   -0.147661   -0.140401   -0.13935   -0.140037   -0.142313   

1460000
-10   -9   -8   -7   -6   -5   -3   -2   -1   0   1   2   3   4   5   6   7   8   9   10   11   12   13   14   15   16   17   18   
-0.207559   -0.0885661   0.0308871   0.143862   0.261844   0.381431   0.620216   0.738703   0.854873   0.970036   1.08456   1.19874   1.31114   1.41883   1.52496   1.6243   1.71864   1.80558   1.88507   1.95937   2.01827   2.05798   2.06129   1.97929   1.85546   1.79748   1.76222   1.74288   
0.0153796   0.0133859   0.0118111   0.0112428   0.010754   0.0101736   0.00950853   0.00932859   0.00946458   0.00959884   0.00972102   0.0097924   0.00989725   0.0103368   0.0107343   0.0108253   0.011585   0.0125498   0.013919   0.0156146   0.0182757   0.0223647   0.0295832   0.0461805   0.0719452   0.0923262   0.109917   0.125555   
-0.190428   -0.193536   -0.19595   -0.196804   -0.198012   -0.199489   -0.201936   -0.203043   -0.203589   -0.2041   -0.204619   -0.20526   -0.205781   -0.20527   -0.204659   -0.202733   -0.200017   -0.196176   -0.191492   -0.186452   -0.179765   -0.171504   -0.160913   -0.147652   -0.140405   -0.139353   -0.140037   -0.142303   

1465000
-10   -9   -8   -6   -5   -3   -2   -1   0   1   2   3   4   5   6   7   8   9   10   11   12   13   14   15   16   17   18   
-0.207557   -0.0885449   0.0309025   0.261901   0.381483   0.620276   0.738781   0.854975   0.970161   1.08463   1.19885   1.31128   1.41901   1.52508   1.6245   1.71893   1.80584   1.88525   1.95959   2.01841   2.05823   2.06095   1.979   1.85534   1.79791   1.76255   1.74326   
0.0153472   0.0133611   0.0118196   0.0107419   0.0101653   0.00950209   0.00932114   0.00945532   0.00958886   0.00971601   0.00978494   0.00988806   0.0103256   0.0107281   0.010815   0.0115728   0.0125378   0.01391   0.0156028   0.0182674   0.0223476   0.0296095   0.0462105   0.0719625   0.0922713   0.109868   0.125507   
-0.190464   -0.193563   -0.195939   -0.198032   -0.199503   -0.201949   -0.203059   -0.20361   -0.204124   -0.204632   -0.20528   -0.205808   -0.205304   -0.204681   -0.202772   -0.200072   -0.196223   -0.191526   -0.186489   -0.179788   -0.171539   -0.160884   -0.147641   -0.140409   -0.139356   -0.140035   -0.142294   

1470000
-10   -9   -8   -7   -6   -5   -3   -2   -1   0   1   2   3   4   5   6   7   8   9   10   11   12   13   14   15   16   17   18   
-0.207556   -0.0885245   0.0309134   0.143876   0.261957   0.381547   0.620336   0.738858   0.855076   0.970285   1.0847   1.19895   1.31142   1.4192   1.5252   1.6247   1.71922   1.8061   1.88544   1.9598   2.01854   2.05848   2.06081   1.97869   1.85523   1.79834   1.76289   1.74362   
0.015315   0.0133368   0.0118309   0.0112246   0.0107299   0.0101559   0.00949573   0.00931369   0.00944615   0.00957897   0.00971111   0.00977757   0.00987897   0.0103146   0.010722   0.0108047   0.0115608   0.012526   0.0139009   0.0155914   0.0182596   0.022331   0.0296198   0.0462427   0.0719795   0.0922193   0.109821   0.125448   
-0.190501   -0.19359   -0.195924   -0.196827   -0.19805   -0.199519   -0.201962   -0.203075   -0.203631   -0.204148   -0.204644   -0.2053   -0.205834   -0.205338   -0.204702   -0.20281   -0.200127   -0.19627   -0.191559   -0.186525   -0.179809   -0.171572   -0.160874   -0.147629   -0.140413   -0.13936   -0.140033   -0.142284   

1475000
-10   -9   -8   -7   -6   -5   -3   -2   -1   0   1   2   3   4   5   6   7   8   9   10   11   12   13   14   15   16   17   18   
-0.207556   -0.0885045   0.0309194   0.143904   0.262013   0.381632   0.620395   0.738936   0.855176   0.970408   1.08476   1.19906   1.31156   1.41938   1.52531   1.6249   1.7195   1.80635   1.88562   1.96001   2.01866   2.05872   2.06072   1.97836   1.85512   1.79873   1.76325   1.74398   
0.015283   0.0133126   0.0118454   0.0112137   0.0107181   0.0101448   0.00948946   0.00930604   0.00943708   0.00956917   0.00970626   0.0097703   0.00986997   0.0103036   0.0107161   0.0107946   0.0115488   0.0125144   0.0138919   0.0155803   0.0182524   0.022315   0.0296262   0.046277   0.0719968   0.0921608   0.109778   0.125394   
-0.190537   -0.193616   -0.195905   -0.196842   -0.198069   -0.199538   -0.201975   -0.203091   -0.203651   -0.204171   -0.204657   -0.20532   -0.205859   -0.205372   -0.204723   -0.202848   -0.200181   -0.196317   -0.191592   -0.18656   -0.179829   -0.171604   -0.160869   -0.147616   -0.140417   -0.139362   -0.140032   -0.142274   

1480000
-10   -9   -8   -7   -6   -5   -3   -2   -1   0   2   3   4   5   6   7   8   9   10   11   12   13   14   15   16   17   18   
-0.207555   -0.0884851   0.0309198   0.143932   0.262068   0.381716   0.620453   0.739013   0.855275   0.97053   1.19916   1.31169   1.41956   1.52542   1.6251   1.71979   1.8066   1.8858   1.96021   2.01877   2.05895   2.0606   1.97801   1.85502   1.79915   1.76358   1.74434   
0.0152512   0.0132888   0.0118635   0.0112028   0.0107064   0.0101338   0.00948327   0.00929847   0.00942811   0.00955947   0.00976312   0.00986106   0.0102928   0.0107103   0.0107846   0.011537   0.0125029   0.013883   0.0155697   0.0182458   0.0222997   0.0296355   0.0463136   0.0720131   0.0921085   0.109729   0.125346   
-0.190573   -0.193642   -0.195882   -0.196857   -0.198087   -0.199557   -0.201987   -0.203107   -0.203671   -0.204195   -0.205339   -0.205885   -0.205405   -0.204743   -0.202886   -0.200235   -0.196363   -0.191625   -0.186594   -0.179848   -0.171635   -0.160861   -0.147602   -0.140421   -0.139366   -0.140029   -0.142265   

1485000
-10   -9   -8   -7   -6   -5   -4   -3   -2   -1   0   1   2   3   4   5   6   7   8   10   11   12   13   14   15   16   17   18   
-0.207554   -0.0884663   0.0309143   0.14396   0.262122   0.381799   0.501242   0.62051   0.73909   0.855373   0.970651   1.0849   1.19926   1.31183   1.41973   1.52553   1.62529   1.72007   1.80684   1.9604   2.01888   2.05917   2.06044   1.97763   1.85492   1.79957   1.76393   1.7447   
0.0152195   0.0132652   0.0118857   0.011192   0.0106949   0.0101229   0.00976424   0.00947718   0.00929097   0.00941922   0.00954987   0.00969596   0.00975603   0.00985225   0.010282   0.0107047   0.0107746   0.0115254   0.0124915   0.0155595   0.0182395   0.0222846   0.0296467   0.0463523   0.0720282   0.0920585   0.109685   0.125297   
-0.190609   -0.193668   -0.195854   -0.196872   -0.198105   -0.199576   -0.200806   -0.201999   -0.203123   -0.203691   -0.204218   -0.204683   -0.205358   -0.20591   -0.205438   -0.204763   -0.202923   -0.200289   -0.196409   -0.186628   -0.179866   -0.171665   -0.160849   -0.147587   -0.140425   -0.13937   -0.140029   -0.142256   

1490000
-10   -9   -8   -7   -6   -5   -4   -3   -2   -1   0   1   2   3   4   5   6   7   8   9   10   11   12   13   14   15   16   18   
-0.207553   -0.088448   0.0309023   0.143988   0.262175   0.381881   0.501331   0.620566   0.739165   0.85547   0.97077   1.08496   1.19936   1.31196   1.41991   1.52564   1.62549   1.72034   1.80709   1.88618   1.96059   2.01897   2.05938   2.06025   1.97724   1.85483   1.79997   1.74504   
0.015188   0.013242   0.0119127   0.0111813   0.0106836   0.010112   0.00975417   0.00947117   0.00928355   0.00941042   0.00954039   0.00969096   0.00974902   0.00984353   0.0102714   0.0106993   0.0107648   0.0115139   0.0124803   0.0138643   0.0155495   0.0182338   0.0222708   0.0296607   0.0463929   0.0720419   0.0920048   0.125248   
-0.190645   -0.193694   -0.19582   -0.196886   -0.198123   -0.199595   -0.200825   -0.202012   -0.203139   -0.203711   -0.204241   -0.204696   -0.205377   -0.205935   -0.205471   -0.204782   -0.20296   -0.200342   -0.196454   -0.191693   -0.18666   -0.179883   -0.171694   -0.160835   -0.147571   -0.140429   -0.139373   -0.142248   

1495000
-10   -9   -8   -7   -6   -5   -4   -3   -2   -1   0   1   2   3   4   5   6   7   8   9   10   11   12   13   14   15   16   18   
-0.207551   -0.0884303   0.030883   0.144016   0.262228   0.381963   0.50142   0.620621   0.73924   0.855566   0.970888   1.08503   1.19946   1.31209   1.42008   1.52574   1.62568   1.72062   1.80733   1.88652   1.96077   2.01906   2.05958   2.06003   1.97684   1.85475   1.80035   1.74538   
0.0151567   0.0132189   0.0119453   0.0111707   0.0106724   0.0101013   0.00974419   0.00946525   0.00927621   0.00940171   0.00953101   0.00968605   0.00974211   0.00983491   0.0102608   0.010694   0.010755   0.0115025   0.0124693   0.0138478   0.0155398   0.0182285   0.0222567   0.0296771   0.0464352   0.0720557   0.0919554   0.125197   
-0.190681   -0.193719   -0.19578   -0.196901   -0.198141   -0.199613   -0.200844   -0.202024   -0.203155   -0.203731   -0.204263   -0.204708   -0.205396   -0.20596   -0.205503   -0.204801   -0.202997   -0.200395   -0.196498   -0.191752   -0.18669   -0.179899   -0.171721   -0.160817   -0.147554   -0.140434   -0.139377   -0.142239   

1500000
-10   -9   -8   -7   -6   -5   -4   -3   -2   -1   0   1   2   3   4   6   7   8   9   10   11   12   13   14   15   16   17   
-0.20755   -0.088413   0.0309129   0.144043   0.26228   0.382044   0.501508   0.620676   0.739314   0.855661   0.971006   1.08509   1.19956   1.31222   1.42026   1.62587   1.72089   1.80757   1.88686   1.96095   2.01915   2.05978   2.05979   1.9764   1.85466   1.80073   1.76493   
0.0151256   0.0131962   0.011938   0.0111601   0.0106613   0.0100907   0.0097343   0.00945942   0.00926895   0.00939309   0.00952172   0.00968122   0.00973529   0.00982637   0.0102504   0.0107454   0.0114912   0.0124584   0.0138316   0.0155306   0.0182236   0.0222439   0.0296958   0.0464802   0.0720687   0.0919054   0.109549   
-0.190716   -0.193744   -0.195789   -0.196915   -0.198158   -0.199632   -0.200862   -0.202035   -0.203171   -0.20375   -0.204286   -0.204721   -0.205415   -0.205984   -0.205535   -0.203033   -0.200447   -0.196542   -0.191809   -0.18672   -0.179913   -0.171749   -0.160797   -0.147536   -0.140438   -0.13938   -0.140023   

