5000
-10   -9   -8   -7   -6   -5   -4   -3   -2   -1   0   1   2   3   4   5   6   7   8   9   10   11   12   13   14   15   16   17   18   
-0.0581793   -0.0299942   -0.0061817   0.0122717   0.0242294   0.0287111   0.0235642   0.00567775   -0.0281089   -0.0706606   0.0772753   0.172688   0.240139   0.297299   0.347616   0.39348   0.437363   0.4808   0.524368   0.568141   0.612019   0.655903   0.699585   0.743169   0.786517   0.829541   0.872061   0.913893   0.954884   
0.117076   0.109321   0.101959   0.0950797   0.088777   0.0830808   0.0779715   0.0733134   0.0687324   0.0636812   0.0635012   0.0679026   0.0733083   0.0799603   0.0878603   0.0967913   0.106402   0.116401   0.126624   0.137   0.147507   0.158141   0.16901   0.180006   0.191112   0.202347   0.213736   0.225312   0.237157   
-0.0363815   -0.0384393   -0.0396018   -0.0397707   -0.0388639   -0.0369164   -0.0337823   -0.0292414   -0.0231476   -0.0178741   -0.0518625   -0.0582433   -0.0599599   -0.0616588   -0.0639207   -0.0667568   -0.0700352   -0.0736787   -0.0776937   -0.0821103   -0.0869364   -0.0921712   -0.0977548   -0.103678   -0.109907   -0.116429   -0.123246   -0.130373   -0.137849   

10000
-10   -9   -8   -7   -6   -5   -4   -3   -2   -1   0   1   2   3   4   5   6   7   8   9   10   11   12   13   14   15   16   17   18   
-0.0390552   -0.00895899   0.0167416   0.0367465   -0.0674189   -0.161646   -0.256165   -0.317826   -0.284722   -0.167362   -0.0429326   0.185983   0.251993   0.304294   0.350056   0.394024   0.437914   0.481813   0.525561   0.569112   0.612603   0.656214   0.700095   0.744139   0.788119   0.831732   0.897529   0.954658   1.00705   
0.106993   0.0981943   0.0900661   0.0827979   0.0868804   0.0872159   0.0848896   0.0787893   0.0688274   0.0588902   0.0500967   0.055619   0.0619687   0.0698004   0.0789638   0.0889246   0.0993338   0.110079   0.121116   0.132417   0.143934   0.155578   0.16728   0.178995   0.190752   0.202602   0.218476   0.230203   0.242504   
-0.0360562   -0.0382096   -0.0393222   -0.03919   -0.0122934   0.00627832   0.022207   0.0280514   0.015615   -0.00430597   -0.0163142   -0.0630544   -0.0655883   -0.0681484   -0.0712571   -0.0746099   -0.0780407   -0.0816275   -0.0855205   -0.0898404   -0.0946261   -0.0998267   -0.105358   -0.111163   -0.117233   -0.123576   -0.135984   -0.14598   -0.154781   

15000
-10   -9   -8   -7   -6   -5   -4   -3   -2   -1   0   1   2   3   4   5   6   7   8   9   10   11   12   13   14   15   16   18   
-0.0321106   -0.000672827   0.0262815   0.0469521   0.0146263   -0.14415   -0.280607   -0.340687   -0.221239   -0.0558343   0.0658637   0.189212   0.256529   0.305534   0.350077   0.394874   0.440007   0.484763   0.528761   0.572064   0.615193   0.576749   0.762484   0.816625   0.867485   0.919202   0.962563   1.04809   
0.102676   0.0933586   0.0848976   0.0775311   0.0753982   0.0817546   0.0825233   0.0765716   0.0645418   0.0555791   0.0499517   0.0507257   0.0577613   0.0664147   0.0761746   0.0864141   0.097018   0.108024   0.119464   0.131307   0.143417   0.168188   0.174098   0.185604   0.196829   0.2094   0.218685   0.23941   
-0.0357088   -0.0380309   -0.0392195   -0.0389541   -0.0264347   0.00719071   0.0276741   0.0227573   -0.0150744   -0.0433293   -0.0512141   -0.065706   -0.0693042   -0.072464   -0.0759272   -0.0793096   -0.0826412   -0.0861121   -0.0899286   -0.0942306   -0.0990264   -0.0925954   -0.121416   -0.1274   -0.13284   -0.138679   -0.14346   -0.154309   

20000
-10   -9   -8   -7   -6   -5   -4   -3   -2   -1   0   1   2   3   5   6   7   8   9   10   11   12   13   14   15   16   18   
-0.243421   -0.188729   0.0318879   0.0529423   0.0656239   -0.0323891   -0.202599   -0.345067   -0.19403   -0.0276497   0.100267   0.18558   0.258256   0.304878   0.395981   0.442333   0.487794   0.57768   0.644859   0.7047   0.765967   0.815758   0.854592   0.905719   0.943104   0.984645   1.06484   
0.133148   0.116664   0.0818626   0.0744572   0.0683398   0.0709118   0.0755235   0.0745384   0.062149   0.0538203   0.0499414   0.0480125   0.0557001   0.064936   0.085264   0.0959464   0.107117   0.123999   0.138135   0.151335   0.16577   0.177432   0.185784   0.198402   0.206565   0.216413   0.236597   
-0.0145153   -0.00912646   -0.0391636   -0.0388182   -0.0367023   -0.00998082   0.0221784   0.037157   -0.0265351   -0.0539134   -0.0646918   -0.0665598   -0.0721104   -0.0756487   -0.0825196   -0.0857596   -0.0891614   -0.10272   -0.110479   -0.116094   -0.121742   -0.125481   -0.128008   -0.132588   -0.135993   -0.140357   -0.15032   

25000
-10   -9   -8   -7   -6   -5   -4   -3   -2   -1   0   1   2   3   4   5   7   8   9   10   11   12   13   16   
-0.254349   -0.241886   -0.242998   0.0569877   0.0690289   0.0711922   -0.0977596   -0.27561   -0.17882   -0.0168349   0.10271   0.182643   0.369601   0.50294   0.572251   0.600349   0.57295   0.633564   0.689373   0.744825   0.790873   0.834363   0.885311   0.736816   
0.133904   0.123098   0.114043   0.0724002   0.0663934   0.061594   0.0674654   0.0698244   0.0607408   0.0523181   0.0494335   0.0465088   0.0581852   0.0681157   0.0782037   0.090355   0.113572   0.126547   0.139239   0.152519   0.163818   0.174145   0.186797   0.206245   
-0.0232835   -0.018796   -0.0105615   -0.038724   -0.0363396   -0.0320936   0.00814258   0.0388419   -0.0330227   -0.0585202   -0.067907   -0.0665975   -0.0926489   -0.103889   -0.106436   -0.107603   -0.106134   -0.110707   -0.114212   -0.117869   -0.120367   -0.122857   -0.126606   -0.0945201   

30000
-10   -9   -8   -7   -6   -5   -4   -3   -1   0   1   2   3   4   5   6   9   10   11   12   
-0.252007   -0.256807   -0.260105   -0.293128   -0.316156   0.0720666   0.0127399   -0.178493   -0.00819707   0.103209   0.289984   0.487979   0.598604   0.668586   0.700729   0.696108   0.718243   0.763378   0.811677   0.847697   
0.132288   0.124371   0.114929   0.109003   0.100889   0.0603864   0.0596643   0.0641378   0.051073   0.0486293   0.0479188   0.0552495   0.0616065   0.0700627   0.0818946   0.0973675   0.138389   0.149979   0.162213   0.17183   
-0.0273893   -0.0236465   -0.0166045   -0.00573283   0.00712452   -0.0313927   -0.0135583   0.0266524   -0.0616138   -0.0695316   -0.087047   -0.10461   -0.107326   -0.107159   -0.106863   -0.108181   -0.114065   -0.115838   -0.118437   -0.120361   

35000
-10   -9   -8   -7   -6   -5   -4   -3   -1   0   1   2   3   4   5   6   7   10   
-0.247558   -0.272511   -0.282272   -0.309345   -0.343756   -0.365159   0.0649717   -0.132202   -0.00723295   0.172101   0.401088   0.558204   0.685643   0.783826   0.800139   0.789206   0.757251   0.783877   
0.130241   0.125929   0.116925   0.109629   0.102438   0.0937907   0.0557095   0.0611773   0.0498435   0.0475474   0.0463093   0.049891   0.0527026   0.0573045   0.0701165   0.0865584   0.105252   0.148432   
-0.0297413   -0.0264536   -0.0188901   -0.00910903   0.00066356   0.00915715   -0.024993   0.0198203   -0.0625989   -0.0813107   -0.100933   -0.107578   -0.108078   -0.10632   -0.104058   -0.103865   -0.106159   -0.11416   

40000
-10   -9   -8   -7   -6   -5   -4   -3   -1   0   1   2   3   4   5   6   7   8   
-0.22632   -0.238058   -0.293191   -0.310616   -0.365888   -0.367688   -0.367459   -0.370424   -0.00166452   0.289668   0.46724   0.619142   0.78273   0.886374   0.981591   0.874017   0.862685   0.861155   
0.133019   0.125347   0.117289   0.108449   0.104385   0.0934651   0.0833991   0.0736738   0.0486174   0.0443644   0.0428221   0.0439865   0.0417031   0.0436572   0.047931   0.0742919   0.0906176   0.106067   
-0.0310992   -0.0262501   -0.0202593   -0.0108897   -0.00563107   0.000857861   0.00432111   0.0196385   -0.0643484   -0.0975472   -0.106177   -0.109241   -0.109113   -0.105187   -0.102495   -0.0991702   -0.098359   -0.0981209   

45000
-10   -9   -8   -7   -6   -5   -4   -1   0   1   2   3   4   5   6   7   8   9   
-0.250843   -0.257594   -0.275236   -0.338077   -0.352757   -0.365936   -0.357972   0.13628   0.355251   0.528768   0.674291   0.830781   0.956427   1.04639   1.11654   1.1692   0.953885   0.902807   
0.128888   0.120753   0.118741   0.110852   0.101294   0.0921808   0.085443   0.045322   0.0410359   0.0387572   0.0380617   0.0345632   0.034407   0.0388663   0.0453395   0.0517362   0.0909071   0.115274   
-0.0325776   -0.028914   -0.0196457   -0.0117011   -0.00484178   -0.00333974   0.000267462   -0.0868717   -0.104523   -0.110396   -0.110608   -0.108674   -0.105955   -0.102863   -0.0989064   -0.092642   -0.0907167   -0.0953865   

50000
-10   -9   -8   -7   -5   -4   -2   -1   0   1   2   3   4   5   6   7   8   9   13   
-0.244085   -0.251241   -0.266761   -0.326038   -0.366582   -0.344031   -0.036829   0.210253   0.403643   0.559475   0.724449   0.859817   0.986665   1.0796   1.1633   1.23715   1.3109   1.31748   0.927623   
0.12691   0.118903   0.116638   0.107961   0.0913967   0.0810697   0.0517983   0.0422271   0.0378789   0.0353498   0.0325153   0.0297476   0.0297867   0.0339138   0.0384791   0.0429817   0.0486057   0.0599249   0.176453   
-0.0328888   -0.0291869   -0.0197992   -0.0121103   -0.00729926   -0.0129858   -0.0690351   -0.0968766   -0.108621   -0.111114   -0.112066   -0.108318   -0.106219   -0.103432   -0.0998502   -0.0949886   -0.0908055   -0.0824447   -0.116034   

55000
-9   -8   -6   -5   -4   -3   -2   -1   0   1   2   3   4   5   6   7   8   9   10   
-0.251293   -0.282564   -0.367456   -0.366508   -0.334819   -0.260659   -0.0174387   0.260428   0.449319   0.606705   0.742588   0.879273   0.996942   1.09554   1.18803   1.26388   1.34458   1.3839   0.94312   
0.118144   0.117871   0.100785   0.0905555   0.0800559   0.0681562   0.0523944   0.039243   0.0346477   0.0313787   0.0291793   0.0263498   0.0273202   0.0309434   0.0343455   0.0385878   0.0435009   0.051937   0.12359   
-0.0294457   -0.0200555   -0.00998267   -0.0104792   -0.0185743   -0.0254042   -0.067951   -0.102515   -0.112267   -0.113913   -0.111401   -0.108153   -0.105765   -0.103572   -0.100586   -0.0960735   -0.0924761   -0.0855791   -0.0931321   

60000
-10   -9   -8   -7   -5   -4   -2   -1   0   1   2   3   4   5   6   7   8   9   10   
-0.219729   -0.25518   -0.268775   -0.330432   -0.362426   -0.320305   0.101181   0.31075   0.480641   0.626448   0.768289   0.893267   1.00284   1.10295   1.19487   1.27612   1.3592   1.42869   1.38099   
0.128634   0.118009   0.115427   0.106844   0.0930683   0.0808054   0.0431591   0.0360492   0.0319179   0.0286104   0.02585   0.0238523   0.0255637   0.0288678   0.0318732   0.0357405   0.040275   0.0466208   0.0611238   
-0.0326715   -0.0297434   -0.0196267   -0.0122472   -0.00652049   -0.016842   -0.0916629   -0.107823   -0.114221   -0.113903   -0.112046   -0.108126   -0.105371   -0.103366   -0.100304   -0.0964495   -0.0930958   -0.0887094   -0.0755372   

65000
-10   -8   -7   -6   -5   -4   -2   -1   0   1   2   3   4   5   6   7   8   9   10   11   12   13   
-0.251996   -0.28757   -0.329519   -0.366939   -0.36672   -0.291371   0.145674   0.346272   0.50756   0.653427   0.777453   0.900725   1.00697   1.10553   1.1991   1.28458   1.36573   1.4339   1.46508   1.34448   1.41627   1.45659   
0.126225   0.111692   0.110978   0.0991379   0.0889413   0.0756246   0.039956   0.0331869   0.0294621   0.0257212   0.0237763   0.0221269   0.0242099   0.0272673   0.0299255   0.0335512   0.0380207   0.0440651   0.0533524   0.0736349   0.0741307   0.0758337   
-0.0350643   -0.0214161   -0.0118635   -0.00896073   -0.0113042   -0.0287749   -0.097862   -0.110863   -0.115827   -0.115027   -0.111517   -0.107879   -0.105104   -0.102908   -0.100066   -0.0967763   -0.0932225   -0.0885582   -0.0810839   -0.0665813   -0.0612331   -0.0556977   

70000
-10   -8   -7   -6   -5   -4   -3   -2   -1   0   2   3   4   5   6   7   8   9   10   11   12   13   
-0.223617   -0.289779   -0.334225   -0.362405   -0.366842   -0.243575   -0.0906324   0.17702   0.371633   0.532645   0.790726   0.904071   1.00951   1.10588   1.19888   1.29506   1.37746   1.44778   1.50394   1.54563   1.57045   1.53964   
0.127741   0.111127   0.105997   0.102505   0.0884945   0.0721882   0.0585253   0.037498   0.0308092   0.027045   0.0217527   0.0208983   0.0231217   0.0259524   0.0285014   0.0316254   0.0358956   0.0415786   0.0477314   0.0513245   0.0533628   0.0611685   
-0.0332289   -0.0212855   -0.0120431   -0.00926565   -0.0130455   -0.0394124   -0.0614772   -0.101696   -0.11267   -0.117223   -0.111729   -0.107485   -0.104854   -0.102366   -0.0995363   -0.0975972   -0.0941801   -0.0896245   -0.0837557   -0.075874   -0.0659631   -0.0553507   

75000
-10   -9   -8   -7   -6   -5   -3   -2   -1   0   1   2   3   4   5   6   7   8   9   10   11   12   13   15   
-0.221018   -0.261604   -0.312833   -0.313652   -0.358   -0.355761   -0.0481906   0.201612   0.408267   0.554742   0.678225   0.796187   0.907059   1.00891   1.10565   1.19972   1.29277   1.3809   1.45957   1.52716   1.57344   1.59958   1.56849   1.43815   
0.126847   0.116685   0.113322   0.108164   0.101588   0.0871866   0.0559467   0.0353593   0.0283587   0.0248464   0.0219179   0.0203754   0.0198945   0.0222503   0.0248337   0.02729   0.0304414   0.0343189   0.0393724   0.0434177   0.0464264   0.0479836   0.0543423   0.0880711   
-0.0330039   -0.0298906   -0.0214071   -0.0117369   -0.00703605   -0.0150007   -0.0706693   -0.104337   -0.116417   -0.118451   -0.115019   -0.111399   -0.107243   -0.104347   -0.101883   -0.0992711   -0.0969862   -0.0942782   -0.0906422   -0.0855534   -0.0778471   -0.0675389   -0.055554   -0.0547057   

80000
-9   -7   -6   -5   -4   -2   -1   0   1   2   3   4   5   6   7   8   9   10   11   12   13   14   
-0.247573   -0.314805   -0.370612   -0.313025   -0.171668   0.24053   0.420877   0.56169   0.690642   0.802813   0.910451   1.00848   1.10598   1.20263   1.29733   1.38592   1.46388   1.52659   1.57316   1.58008   1.56352   1.51726   
0.120181   0.107674   0.0978275   0.0835953   0.0667022   0.0327158   0.0268026   0.023542   0.0202828   0.019106   0.0190361   0.0214784   0.0238477   0.0261903   0.0292654   0.0330183   0.0378794   0.0412106   0.0436039   0.0468338   0.0521488   0.0642912   
-0.026223   -0.0116564   -0.00832683   -0.0271621   -0.0546331   -0.109079   -0.116847   -0.118004   -0.115381   -0.111369   -0.107181   -0.103944   -0.101567   -0.0993721   -0.0973669   -0.0947348   -0.0909473   -0.0849931   -0.0771063   -0.0651175   -0.0551049   -0.0512809   

85000
-10   -9   -8   -7   -6   -5   -4   -3   -2   -1   0   1   2   3   4   5   6   7   8   9   10   11   12   15   16   17   
-0.243203   -0.261625   -0.296357   -0.31661   -0.372586   -0.283337   -0.136342   0.0662103   0.254886   0.438946   0.57302   0.695026   0.806465   0.911087   1.00868   1.10538   1.20028   1.29573   1.38576   1.46702   1.53364   1.57334   1.57722   1.45796   1.37933   1.25073   
0.122328   0.115554   0.110167   0.10732   0.097411   0.0812103   0.0639363   0.0416437   0.0310711   0.0251321   0.0221077   0.0191649   0.0181343   0.0183883   0.0207763   0.0230016   0.0253853   0.0283498   0.0319164   0.036355   0.0390583   0.0413906   0.044739   0.0843584   0.112285   0.155633   
-0.0351744   -0.0294554   -0.0206204   -0.0115569   -0.00844551   -0.0326483   -0.063554   -0.0958541   -0.110079   -0.118184   -0.118263   -0.115011   -0.111172   -0.106906   -0.103682   -0.101205   -0.09885   -0.0969582   -0.0945161   -0.0910953   -0.0855578   -0.0766389   -0.0643546   -0.0566144   -0.0674652   -0.0895076   

90000
-10   -9   -8   -7   -6   -5   -4   -3   -2   -1   0   1   2   3   4   5   6   8   9   10   11   12   14   15   16   18   
-0.239474   -0.2586   -0.302238   -0.347072   -0.32079   -0.253058   -0.112248   0.0696409   0.28609   0.454773   0.583441   0.700342   0.809891   0.912081   1.00781   1.10394   1.20233   1.39253   1.47422   1.52931   1.56518   1.57465   1.52036   1.45773   1.37969   1.26105   
0.121463   0.114804   0.11012   0.104864   0.0965277   0.0783229   0.0618234   0.0441868   0.0289345   0.0236557   0.0208069   0.0181107   0.0172815   0.0178238   0.0201484   0.0223149   0.0246335   0.0309024   0.0349466   0.0376414   0.0398911   0.0430152   0.062722   0.0843208   0.112387   0.168311   
-0.0348577   -0.0290211   -0.0205357   -0.0115147   -0.0165147   -0.0419188   -0.0676595   -0.0948404   -0.11373   -0.119325   -0.118561   -0.114877   -0.111053   -0.106748   -0.103326   -0.100812   -0.0989984   -0.095381   -0.0919327   -0.0847068   -0.0752161   -0.063803   -0.052923   -0.0574626   -0.0682139   -0.0995369   

95000
-10   -9   -8   -7   -6   -5   -4   -3   -2   -1   0   1   2   3   4   5   6   7   8   9   10   11   12   14   15   16   17   18   
-0.239574   -0.261581   -0.301404   -0.348958   -0.340667   -0.230765   -0.0909304   0.114117   0.301727   0.468081   0.592314   0.706489   0.812645   0.913205   1.00673   1.10386   1.19975   1.29658   1.38846   1.46925   1.53343   1.56371   1.56704   1.52031   1.45607   1.37796   1.30437   1.25685   
0.120975   0.114603   0.109709   0.104463   0.0936786   0.0764841   0.060014   0.0359911   0.0273404   0.0223604   0.0196932   0.0171285   0.0165645   0.0173234   0.0195968   0.0216873   0.0240167   0.026832   0.0301263   0.0338676   0.0361131   0.0382795   0.0419347   0.0624681   0.0846257   0.113017   0.142763   0.169307   
-0.0349742   -0.0288855   -0.0201737   -0.0113478   -0.0190989   -0.0453237   -0.0716012   -0.103237   -0.115019   -0.120228   -0.118794   -0.114964   -0.11096   -0.106651   -0.102995   -0.10064   -0.0985115   -0.0968556   -0.0946774   -0.0910488   -0.0850446   -0.0746232   -0.0630077   -0.0535506   -0.0581836   -0.0690565   -0.0843797   -0.100437   

100000
-10   -9   -8   -7   -5   -4   -3   -2   -1   0   1   2   3   4   5   6   7   8   9   10   11   12   13   14   16   17   18   
-0.223111   -0.269048   -0.300537   -0.355968   -0.206281   -0.0685265   0.140178   0.321409   0.474327   0.592923   0.708184   0.814403   0.913214   1.00634   1.10235   1.20019   1.29716   1.38849   1.47111   1.53154   1.55912   1.56003   1.54914   1.51757   1.36839   1.29594   1.25394   
0.124769   0.114924   0.109255   0.1046   0.0739813   0.0579037   0.0328463   0.0257703   0.0214129   0.0190509   0.0164281   0.0159657   0.0169002   0.0190928   0.0211641   0.0234494   0.0261694   0.0293322   0.0326579   0.03506   0.0371699   0.0411452   0.0487628   0.0626021   0.114782   0.144454   0.170035   
-0.0326245   -0.028939   -0.0197986   -0.0112949   -0.0523199   -0.0768966   -0.107201   -0.117078   -0.120219   -0.118112   -0.114634   -0.110823   -0.106467   -0.102781   -0.100316   -0.098495   -0.0968643   -0.0945861   -0.091166   -0.0846455   -0.073785   -0.0624427   -0.0560133   -0.054064   -0.0705236   -0.0856975   -0.101127   

105000
-10   -7   -5   -3   -2   -1   0   1   2   3   4   5   6   7   8   9   10   11   12   13   14   15   16   17   18   
-0.241482   -0.353542   -0.177711   0.149361   0.339202   0.479124   0.597168   0.710574   0.816723   0.914032   1.00522   1.10189   1.19919   1.29838   1.39204   1.47163   1.52532   1.55021   1.55498   1.55019   1.51544   1.44582   1.35456   1.28991   1.25161   
0.120255   0.104061   0.0713455   0.0312638   0.0242984   0.0205578   0.0182768   0.0157618   0.0154136   0.016519   0.0186436   0.0206877   0.0229806   0.0256588   0.0286561   0.0317533   0.0341232   0.0363896   0.0404042   0.0482557   0.0627447   0.0863422   0.117291   0.145713   0.170658   
-0.0353605   -0.0109907   -0.0610439   -0.10819   -0.118872   -0.120102   -0.117973   -0.114455   -0.110803   -0.106407   -0.102512   -0.100157   -0.0982977   -0.0970303   -0.0950871   -0.0911793   -0.083611   -0.0724862   -0.0621553   -0.0564537   -0.0544587   -0.0598258   -0.0722479   -0.0866874   -0.101721   

110000
-10   -9   -7   -6   -5   -3   -2   -1   0   1   2   3   4   5   6   7   8   9   10   11   12   13   14   15   16   
-0.240064   -0.270279   -0.352366   -0.233095   -0.167283   0.164122   0.354017   0.485548   0.601744   0.713865   0.817536   0.913682   1.00478   1.10099   1.19831   1.29591   1.39019   1.46648   1.52246   1.54468   1.55132   1.54955   1.51559   1.43052   1.34501   
0.119794   0.114306   0.103586   0.0864028   0.0703292   0.029745   0.0229811   0.0196879   0.0175701   0.0151219   0.0149742   0.0161749   0.0182434   0.0202819   0.0225232   0.0251268   0.028093   0.0309317   0.0331356   0.0355752   0.0398242   0.0480129   0.0626585   0.0887428   0.119013   
-0.035212   -0.0283305   -0.0114157   -0.0396827   -0.0604472   -0.110099   -0.120277   -0.120301   -0.117957   -0.114445   -0.110666   -0.106239   -0.102349   -0.0999693   -0.0981164   -0.096594   -0.0947671   -0.090305   -0.0830563   -0.071682   -0.0620838   -0.0567862   -0.054733   -0.0612076   -0.0733778   

115000
-10   -9   -8   -7   -6   -5   -3   -2   -1   0   1   2   3   4   5   6   7   8   9   10   11   12   13   14   15   16   17   
-0.23899   -0.27303   -0.305166   -0.334044   -0.217658   -0.146417   0.156122   0.366355   0.491608   0.606049   0.714817   0.819366   0.914076   1.0041   1.10025   1.19872   1.29575   1.38806   1.46483   1.5212   1.54055   1.54986   1.54751   1.51484   1.41902   1.33861   1.28219   
0.119457   0.114177   0.108611   0.101385   0.0843631   0.0680818   0.0394272   0.0218125   0.0188961   0.016921   0.0146326   0.0145424   0.0158746   0.017875   0.0199003   0.022154   0.0246418   0.0275114   0.0300992   0.0322329   0.0348081   0.0393034   0.0479882   0.0626964   0.0905029   0.12018   0.147403   
-0.0350807   -0.0281223   -0.0190377   -0.0170075   -0.0437285   -0.066737   -0.106798   -0.121384   -0.120506   -0.118001   -0.114222   -0.110661   -0.106176   -0.102188   -0.0998121   -0.0981717   -0.0965355   -0.0943835   -0.0899695   -0.0827681   -0.07111   -0.0622321   -0.0570241   -0.0550034   -0.0621106   -0.0741659   -0.0880902   

120000
-10   -9   -8   -7   -6   -5   -3   -2   -1   0   1   2   3   4   5   6   7   8   9   10   11   12   13   14   15   16   17   18   
-0.233286   -0.272427   -0.307126   -0.260791   -0.198329   -0.123993   0.199928   0.372349   0.497057   0.60609   0.715934   0.819795   0.913788   1.00367   1.10004   1.19762   1.2972   1.38798   1.46564   1.51748   1.53759   1.54974   1.54504   1.49936   1.41223   1.33451   1.28048   1.24696   
0.124196   0.113719   0.108471   0.098361   0.0819075   0.0658565   0.0265156   0.0209161   0.0181866   0.0165252   0.014176   0.0141991   0.0155833   0.0175504   0.0196027   0.021792   0.0242708   0.0269644   0.0293827   0.0315698   0.0341544   0.0388174   0.0480655   0.0645762   0.0915217   0.120932   0.147848   0.171989   
-0.032655   -0.0277379   -0.0188349   -0.0284671   -0.0488846   -0.0734586   -0.114953   -0.121591   -0.120674   -0.117581   -0.114057   -0.110544   -0.106056   -0.102067   -0.0997626   -0.0979826   -0.096781   -0.0943316   -0.09006   -0.0821622   -0.0707376   -0.062497   -0.0572013   -0.0556806   -0.0626566   -0.0747181   -0.0885038   -0.103072   

125000
-10   -9   -8   -6   -5   -3   -2   -1   0   1   3   4   5   6   7   8   9   10   11   12   13   14   15   16   17   
-0.241536   -0.26916   -0.310616   -0.186244   -0.109544   0.217959   0.37537   0.501941   0.608079   0.717848   0.913873   1.00337   1.0992   1.19678   1.29533   1.38928   1.46268   1.51145   1.53392   1.55025   1.54276   1.48555   1.40855   1.33256   1.27754   
0.118935   0.113301   0.108394   0.0805073   0.0648569   0.0252972   0.0201913   0.0175646   0.0160693   0.0137299   0.0153331   0.017256   0.0192748   0.0214382   0.0238736   0.0264955   0.0288306   0.0309555   0.0336725   0.0384076   0.048162   0.0662863   0.0920464   0.121297   0.148509   
-0.0354143   -0.0271493   -0.0187355   -0.0508611   -0.0736839   -0.117468   -0.121412   -0.12081   -0.117443   -0.114021   -0.105987   -0.101992   -0.0996116   -0.0978342   -0.0964647   -0.0945299   -0.0895767   -0.0811765   -0.0703367   -0.0628048   -0.057344   -0.0561974   -0.0629834   -0.075051   -0.0890775   

130000
-10   -9   -8   -6   -3   -2   -1   0   1   2   3   4   5   6   7   8   9   10   11   12   13   15   16   17   
-0.229963   -0.265169   -0.316941   -0.201121   0.234394   0.380821   0.50122   0.610324   0.718737   0.821333   0.913742   1.00307   1.0987   1.19659   1.29402   1.38966   1.45882   1.50652   1.53155   1.55048   1.54208   1.40648   1.33122   1.27769   
0.123552   0.118236   0.108454   0.0787736   0.02397   0.0194351   0.0171266   0.0156375   0.013362   0.0135831   0.0150872   0.0169815   0.0189948   0.0211379   0.0234812   0.02613   0.0282709   0.0303561   0.0331734   0.0381094   0.0481283   0.0923173   0.121543   0.148537   
-0.0317704   -0.0234832   -0.0188172   -0.0566736   -0.119614   -0.121679   -0.120246   -0.11736   -0.113906   -0.110419   -0.105915   -0.101921   -0.0995253   -0.0978074   -0.0962328   -0.0946086   -0.0889234   -0.0803329   -0.0701099   -0.0630631   -0.0574875   -0.0632028   -0.0753212   -0.0892246   

135000
-10   -9   -8   -6   -5   -3   -2   -1   0   1   2   3   4   5   6   7   8   9   10   11   12   13   14   15   16   17   
-0.244615   -0.280641   -0.267141   -0.188609   -0.0780377   0.248557   0.386239   0.503092   0.612642   0.719302   0.82181   0.913667   1.00273   1.09856   1.19678   1.29364   1.38676   1.45647   1.50272   1.52997   1.54987   1.54299   1.47203   1.40637   1.33088   1.27592   
0.118613   0.11358   0.108017   0.0777869   0.0611924   0.0228725   0.0187058   0.0166491   0.0152256   0.0130332   0.0133233   0.0148667   0.0167583   0.0187936   0.0209123   0.0231281   0.0256781   0.0277367   0.0298022   0.0327311   0.0379407   0.0479558   0.0679467   0.092285   0.121618   0.14896   
-0.0357491   -0.0270554   -0.0247832   -0.0571602   -0.0826355   -0.121363   -0.12196   -0.120067   -0.11733   -0.11378   -0.110343   -0.105852   -0.101851   -0.0995182   -0.0978673   -0.096165   -0.0941051   -0.0885154   -0.0796937   -0.0699993   -0.0632367   -0.0576448   -0.0567872   -0.0632987   -0.0754881   -0.0896304   

140000
-9   -8   -7   -4   -3   -2   -1   0   1   2   3   4   5   6   7   8   9   10   12   13   14   15   16   
-0.273062   -0.309324   -0.252988   0.0880628   0.250492   0.391103   0.505445   0.613041   0.720456   0.822234   0.91361   1.00273   1.09809   1.1957   1.2939   1.38526   1.45488   1.49965   1.54853   1.54426   1.46926   1.40534   1.32956   
0.113026   0.107431   0.0924008   0.0351436   0.0222109   0.018028   0.0161985   0.0149411   0.0127089   0.0130913   0.0146653   0.0165162   0.0185238   0.0206026   0.0228341   0.0252608   0.0272395   0.0293109   0.0378791   0.0477569   0.0682605   0.0924176   0.121877   
-0.0261907   -0.0189051   -0.0379782   -0.111609   -0.121119   -0.12218   -0.119981   -0.117095   -0.113738   -0.110275   -0.105803   -0.101847   -0.0994386   -0.0976789   -0.0962232   -0.0938384   -0.0882352   -0.0792001   -0.0633417   -0.0578015   -0.0569695   -0.0634697   -0.075758   

145000
-10   -9   -7   -6   -5   -4   -3   -2   0   1   2   3   4   5   6   7   8   9   10   11   13   14   15   16   17   
-0.231825   -0.285682   -0.242223   -0.160203   -0.0546943   0.104984   0.258084   0.395496   0.613542   0.721422   0.822375   0.913534   1.0025   1.09778   1.19516   1.2943   1.3845   1.45388   1.49772   1.52865   1.53096   1.46675   1.40715   1.33148   1.27571   
0.12306   0.113579   0.0909728   0.074706   0.059093   0.0297918   0.0213437   0.0174139   0.0146341   0.0124192   0.0128823   0.0144619   0.0163159   0.0182941   0.0203328   0.0226105   0.024868   0.0268066   0.028905   0.0319344   0.0490373   0.0685652   0.0920901   0.121521   0.14912   
-0.0309506   -0.0265872   -0.0406597   -0.0642193   -0.0863491   -0.115383   -0.121769   -0.122357   -0.1169   -0.1137   -0.110192   -0.105763   -0.101809   -0.0993951   -0.0975927   -0.0963235   -0.093699   -0.0880665   -0.0789122   -0.0700318   -0.0577434   -0.0571585   -0.0634446   -0.0756798   -0.0899658   

150000
-9   -8   -7   -4   -3   -2   -1   0   1   2   3   4   5   6   7   8   9   10   11   12   14   15   16   17   
-0.275919   -0.290149   -0.230198   0.118883   0.265717   0.399241   0.509979   0.614739   0.721652   0.822648   0.913437   1.00224   1.09753   1.1949   1.29264   1.38421   1.4539   1.49537   1.52915   1.5458   1.46677   1.40623   1.33088   1.27442   
0.112919   0.104555   0.0888305   0.027163   0.0206115   0.0168743   0.0153892   0.0143467   0.0121737   0.0126974   0.0142926   0.0161478   0.0181154   0.0201008   0.0222805   0.0245132   0.0264851   0.0285394   0.0315559   0.0378604   0.0685185   0.0922306   0.121648   0.149434   
-0.0255844   -0.026256   -0.04775   -0.117853   -0.122509   -0.122498   -0.119889   -0.116803   -0.1136   -0.110121   -0.105718   -0.101773   -0.099376   -0.0975648   -0.0960292   -0.0936514   -0.0880934   -0.0785624   -0.070186   -0.0634777   -0.0572604   -0.0636313   -0.0758719   -0.0902891   

155000
-10   -9   -8   -7   -4   -3   -2   -1   0   1   2   3   4   5   6   7   8   9   10   11   12   13   14   15   16   17   
-0.240293   -0.28294   -0.27633   -0.216406   0.12973   0.273123   0.397836   0.510118   0.616042   0.722312   0.822638   0.913442   1.00239   1.09744   1.19514   1.29171   1.38467   1.45077   1.4934   1.53003   1.54471   1.50847   1.46554   1.40507   1.32919   1.27241   
0.117569   0.112956   0.103342   0.0881295   0.0264414   0.0198487   0.0165329   0.0150783   0.0140618   0.0119289   0.0125237   0.0141124   0.0159547   0.0179539   0.0199434   0.0219865   0.0242458   0.0260934   0.0281723   0.0311983   0.037857   0.0512641   0.0686566   0.0924151   0.121984   0.1499   
-0.0349902   -0.0256905   -0.0276245   -0.0468319   -0.119468   -0.123178   -0.121928   -0.119614   -0.116743   -0.113549   -0.110047   -0.105704   -0.101806   -0.0993849   -0.0976448   -0.0958692   -0.0937577   -0.0875583   -0.0782687   -0.070387   -0.063537   -0.0575706   -0.0574127   -0.0638438   -0.0761787   -0.0907046   

160000
-9   -8   -7   -6   -4   -3   -2   -1   0   1   2   3   4   5   6   7   8   9   10   11   12   13   14   15   16   17   18   
-0.280476   -0.268651   -0.207544   -0.0956707   0.14016   0.279785   0.399052   0.510225   0.617126   0.723099   0.822671   0.913413   1.00227   1.09733   1.19473   1.29118   1.38326   1.44871   1.49223   1.53077   1.54278   1.50345   1.46395   1.40593   1.33091   1.27357   1.00378   
0.112917   0.101898   0.0865654   0.0686421   0.0251731   0.0191474   0.0161155   0.0147942   0.0137975   0.0116981   0.0123705   0.0139492   0.0157962   0.0177404   0.0197222   0.0217168   0.0239491   0.0257331   0.0278243   0.0308845   0.0379328   0.0517468   0.0688561   0.092274   0.121675   0.149702   0.170915   
-0.0251323   -0.0310494   -0.0505813   -0.0743929   -0.121041   -0.123712   -0.121734   -0.119346   -0.116676   -0.113519   -0.109972   -0.105685   -0.101798   -0.0993731   -0.0975848   -0.0957804   -0.0935264   -0.0872019   -0.0781018   -0.0705852   -0.0635465   -0.0575858   -0.0575846   -0.0639137   -0.0761174   -0.0906776   -0.0757585   

165000
-10   -9   -7   -4   -3   -2   -1   0   2   3   4   5   6   7   8   9   10   11   12   13   14   15   16   17   
-0.240746   -0.28057   -0.197973   0.150065   0.285346   0.400747   0.510993   0.617036   0.822674   0.913278   1.00195   1.09723   1.1943   1.29091   1.38119   1.44722   1.49142   1.5316   1.543   1.50038   1.46426   1.40292   1.32891   1.09189   
0.11733   0.112756   0.084651   0.0238073   0.0185575   0.0157162   0.0145198   0.0136059   0.012232   0.0138128   0.0156721   0.0175567   0.0194882   0.0214761   0.0236125   0.0253954   0.0274957   0.030609   0.0378432   0.0520257   0.0687971   0.0927902   0.12207   0.153995   
-0.0349296   -0.0247487   -0.0568917   -0.122442   -0.124165   -0.121619   -0.119178   -0.116478   -0.109906   -0.10565   -0.101764   -0.0993715   -0.0975113   -0.0957456   -0.0931638   -0.0869431   -0.0779966   -0.0707945   -0.0636523   -0.0576281   -0.0576925   -0.0642869   -0.0764631   -0.0695544   

170000
-9   -8   -7   -4   -3   -2   -1   0   1   2   3   4   5   6   7   8   9   10   11   12   13   14   15   16   17   
-0.255318   -0.249733   -0.186706   0.151104   0.290196   0.402395   0.512013   0.617417   0.723539   0.822606   0.913383   1.00217   1.09709   1.19406   1.29096   1.37976   1.44601   1.49079   1.5325   1.54322   1.49838   1.46191   1.4047   1.33032   1.2731   
0.115335   0.0999116   0.0843968   0.0343175   0.017991   0.0153449   0.0142648   0.0133857   0.0113114   0.0120974   0.0136566   0.0155159   0.0174091   0.0192795   0.0212829   0.0233025   0.025076   0.0271922   0.0303712   0.0377571   0.0521987   0.0691164   0.0925086   0.12182   0.149851   
-0.0257114   -0.0348234   -0.0547328   -0.120468   -0.124484   -0.121548   -0.119061   -0.116358   -0.113376   -0.109845   -0.105663   -0.101815   -0.0993731   -0.0974795   -0.0957792   -0.092915   -0.0867328   -0.0779286   -0.0710057   -0.0637521   -0.0576844   -0.0579099   -0.0642963   -0.0764362   -0.0909928   

175000
-9   -7   -4   -3   -2   -1   0   1   2   3   4   5   6   7   8   9   10   11   12   14   15   16   
-0.283705   -0.17653   0.152323   0.2893   0.404041   0.513004   0.618032   0.723969   0.822517   0.913356   1.00227   1.09699   1.19391   1.29141   1.3787   1.44476   1.49022   1.53263   1.5429   1.46267   1.40363   1.3303   
0.112815   0.0828391   0.0338379   0.017662   0.014993   0.0139914   0.013171   0.0111316   0.0119834   0.0135225   0.0153763   0.0173145   0.0190929   0.021144   0.0230122   0.0247755   0.0269264   0.0302135   0.0377249   0.0690082   0.0927176   0.121855   
-0.0242454   -0.0583882   -0.120471   -0.123912   -0.121474   -0.118981   -0.116273   -0.113328   -0.109777   -0.105655   -0.101848   -0.0993955   -0.0974676   -0.0958951   -0.0927343   -0.0865115   -0.0778811   -0.071147   -0.063825   -0.0580066   -0.0645322   -0.0765691   

180000
-10   -9   -8   -6   -4   -3   -2   -1   0   1   2   3   4   5   6   7   8   9   10   11   12   13   14   15   16   17   
-0.244734   -0.284094   -0.238262   -0.0726435   0.163213   0.290363   0.405659   0.514041   0.618815   0.72416   0.822435   0.913182   1.00217   1.09712   1.19388   1.29032   1.37786   1.44348   1.48965   1.53203   1.54465   1.49594   1.46178   1.39926   1.327   1.2728   
0.123134   0.11271   0.0973501   0.0647936   0.0218685   0.0172957   0.0146767   0.013743   0.0129791   0.0109699   0.0118716   0.0134106   0.0152621   0.0171412   0.0189434   0.0208839   0.0227447   0.0244992   0.0267024   0.0301323   0.0375194   0.0523852   0.0691409   0.093488   0.122518   0.149894   
-0.0294782   -0.0238995   -0.0412606   -0.0873846   -0.123702   -0.123742   -0.121434   -0.118917   -0.116212   -0.113269   -0.109725   -0.105623   -0.101853   -0.0994267   -0.0974898   -0.095695   -0.0925955   -0.0862839   -0.077845   -0.0712187   -0.0639928   -0.0578169   -0.0581762   -0.0650238   -0.07706   -0.0912503   

185000
-10   -8   -6   -4   -3   -2   -1   0   1   2   3   4   5   6   7   8   9   11   12   13   14   15   16   18   
-0.240973   -0.229029   -0.0667374   0.167338   0.292291   0.404958   0.513732   0.619409   0.724277   0.822346   0.91333   1.00189   1.09728   1.19417   1.28968   1.37723   1.44266   1.531   1.53863   1.4941   1.45847   1.40041   1.32733   1.27708   
0.116788   0.0965741   0.0632941   0.0213824   0.0169025   0.0144516   0.0135448   0.0127974   0.0108191   0.0117618   0.0132784   0.0151751   0.016973   0.0188547   0.0206518   0.0225123   0.0242704   0.0301056   0.0380025   0.0525579   0.0696231   0.093332   0.122475   0.164122   
-0.034626   -0.042718   -0.0909197   -0.124082   -0.123678   -0.121093   -0.118692   -0.116148   -0.113207   -0.10968   -0.105651   -0.101835   -0.099464   -0.0975842   -0.0955791   -0.092506   -0.0861489   -0.0712422   -0.0638036   -0.0578818   -0.0584503   -0.0650912   -0.0771498   -0.0992198   

190000
-8   -4   -3   -2   -1   0   1   2   3   4   5   6   7   8   9   10   11   12   13   14   15   17   
-0.2193   0.171722   0.294435   0.404895   0.513649   0.619352   0.724456   0.822202   0.913309   1.00227   1.0974   1.19402   1.28925   1.37744   1.4424   1.49068   1.52977   1.52957   1.49408   1.45955   1.4003   1.27656   
0.0959234   0.0208957   0.0165288   0.0142242   0.013356   0.0126294   0.0106777   0.0116691   0.0131657   0.0150414   0.0168252   0.0186635   0.0204377   0.022363   0.0240954   0.0261807   0.0301115   0.0387665   0.0525326   0.0694793   0.09339   0.149063   
-0.0430358   -0.124524   -0.123633   -0.120856   -0.1185   -0.116031   -0.113147   -0.109624   -0.105651   -0.101914   -0.0995005   -0.0975586   -0.095506   -0.0925824   -0.0861266   -0.0780297   -0.0712384   -0.0634481   -0.0579595   -0.0585389   -0.0652598   -0.0909157   

195000
-10   -9   -8   -4   -3   -2   -1   0   1   2   3   4   5   6   7   8   9   10   11   12   13   14   15   16   17   18   
-0.246489   -0.277562   -0.214437   0.176028   0.29629   0.405242   0.513938   0.619603   0.724582   0.822083   0.913113   1.0025   1.09744   1.19395   1.28896   1.37632   1.44099   1.49107   1.52868   1.52087   1.49336   1.45933   1.39769   1.32686   1.27714   1.29592   
0.116439   0.111515   0.09501   0.0203341   0.016191   0.0139948   0.0131812   0.0124713   0.0105476   0.0115818   0.0130729   0.014924   0.0167035   0.0184734   0.0202391   0.0221309   0.0238229   0.0259485   0.0301204   0.0395115   0.0525865   0.0695312   0.0938854   0.122633   0.148873   0.158885   
-0.0350605   -0.0260417   -0.0447132   -0.124925   -0.123605   -0.120679   -0.118361   -0.115946   -0.113089   -0.109578   -0.105623   -0.101972   -0.0995309   -0.0975446   -0.0954597   -0.0923912   -0.085858   -0.0781187   -0.0712328   -0.0630782   -0.0580328   -0.0586889   -0.0656287   -0.0774592   -0.0909089   -0.0956768   

200000
-10   -8   -7   -6   -4   -3   -2   -1   0   1   2   3   4   5   6   7   8   9   11   14   15   16   17   18   
-0.250632   -0.211457   -0.093871   -0.0419792   0.180086   0.297968   0.405805   0.514366   0.620029   0.724596   0.822031   0.913242   1.00254   1.09742   1.19397   1.28875   1.37512   1.44012   1.52804   1.45721   1.39232   1.32277   1.27759   1.31593   
0.116723   0.093891   0.0747048   0.0605225   0.0197538   0.0158676   0.0137759   0.013011   0.0123293   0.0104255   0.0114844   0.0129638   0.0148273   0.0166122   0.0183022   0.0200556   0.0218792   0.0235706   0.0301065   0.0698617   0.0948541   0.123451   0.148627   0.153278   
-0.0353495   -0.0473781   -0.0746637   -0.096372   -0.125243   -0.123563   -0.120542   -0.118252   -0.115879   -0.113032   -0.109554   -0.105652   -0.102003   -0.0995584   -0.0975527   -0.095432   -0.0921754   -0.0856908   -0.0712555   -0.0589278   -0.0662162   -0.0780307   -0.0908786   -0.0915375   

205000
-10   -9   -8   -4   -3   -2   -1   0   1   2   3   4   5   6   7   8   9   10   11   12   13   14   15   16   17   
-0.243068   -0.214087   -0.21056   0.183753   0.29945   0.406484   0.514801   0.62042   0.724614   0.821911   0.913221   1.00245   1.09743   1.19402   1.28865   1.37428   1.43957   1.49324   1.52692   1.50851   1.49207   1.45275   1.39269   1.20271   1.28082   
0.116414   0.108471   0.0926572   0.0192912   0.0155722   0.0135673   0.0128268   0.0121719   0.010313   0.011402   0.0128697   0.0147491   0.0165458   0.0181448   0.0198949   0.0216474   0.0233342   0.0254831   0.0301337   0.0405733   0.0526921   0.0705481   0.0948403   0.130659   0.147937   
-0.034507   -0.0385081   -0.052061   -0.125484   -0.123491   -0.120442   -0.118165   -0.115826   -0.112967   -0.109517   -0.105658   -0.102014   -0.0995973   -0.0975702   -0.095429   -0.0920261   -0.0855847   -0.0784577   -0.0712359   -0.0626028   -0.0581797   -0.0592864   -0.066346   -0.0654636   -0.0905186   

210000
-9   -8   -4   -3   -2   -1   0   1   2   3   4   5   6   7   8   9   10   11   12   13   14   15   17   
-0.2627   -0.198302   0.186735   0.298539   0.407221   0.515328   0.620848   0.724616   0.821735   0.913029   1.00239   1.09785   1.19408   1.28879   1.37365   1.43922   1.49419   1.52641   1.50626   1.49192   1.45458   1.39324   1.28272   
0.108886   0.0926995   0.0189177   0.0154045   0.0133729   0.0126593   0.0120244   0.0102112   0.0113326   0.0127919   0.0146768   0.0163877   0.0180007   0.0197773   0.0214308   0.0231111   0.0252752   0.0301201   0.0407485   0.0526952   0.0703086   0.0948041   0.147424   
-0.0310152   -0.049547   -0.125709   -0.123074   -0.12035   -0.118091   -0.115781   -0.1129   -0.10947   -0.105636   -0.102032   -0.099671   -0.0975934   -0.0954808   -0.0919163   -0.0855173   -0.0786174   -0.071259   -0.0625489   -0.0582579   -0.0593427   -0.0664655   -0.0902955   

215000
-9   -8   -7   -4   -3   -2   -1   0   1   2   3   4   5   6   7   8   9   10   11   12   13   14   15   16   
-0.201885   -0.192214   -0.116283   0.189369   0.298388   0.407775   0.515638   0.620897   0.724572   0.821672   0.913086   1.00289   1.09824   1.19415   1.28922   1.37314   1.43899   1.495   1.52564   1.50475   1.49066   1.45492   1.39172   1.32307   
0.107289   0.0921323   0.0749551   0.0185405   0.0151862   0.0131991   0.0125142   0.0118991   0.0101115   0.0112537   0.0127044   0.0145604   0.0162488   0.017882   0.0197016   0.0212273   0.0229003   0.0250892   0.0301324   0.0408591   0.0528297   0.0702897   0.0951237   0.123462   
-0.0397289   -0.050276   -0.075153   -0.125852   -0.122844   -0.120258   -0.117997   -0.115705   -0.112849   -0.109451   -0.105657   -0.102131   -0.0997459   -0.0976268   -0.0955932   -0.0918318   -0.0854763   -0.0787617   -0.0712589   -0.0625278   -0.0583339   -0.0594734   -0.066749   -0.0783552   

220000
-10   -9   -7   -5   -4   -3   -2   -1   0   1   2   3   4   5   6   7   8   9   10   11   12   13   14   15   16   
-0.25134   -0.25619   -0.110146   0.0789064   0.189788   0.298661   0.407187   0.515343   0.621043   0.724491   0.821655   0.91309   1.0032   1.09859   1.19425   1.28886   1.37273   1.43882   1.49692   1.52521   1.50388   1.48887   1.45383   1.38817   1.32043   
0.123105   0.107344   0.073534   0.0254004   0.0182261   0.0149656   0.0130613   0.0123737   0.0117843   0.0100216   0.011171   0.0126241   0.014463   0.0161226   0.0177931   0.0195004   0.0210398   0.0227095   0.0248591   0.0301202   0.0409099   0.0530253   0.0704882   0.0957921   0.123991   
-0.0269508   -0.0355562   -0.0788566   -0.126259   -0.125637   -0.122659   -0.120029   -0.117847   -0.115634   -0.112784   -0.109442   -0.10567   -0.102203   -0.0998174   -0.0976731   -0.0955167   -0.0917676   -0.0854528   -0.0790307   -0.0712822   -0.0625329   -0.0584088   -0.059676   -0.0671968   -0.0787523   

225000
-10   -5   -4   -3   -1   0   1   2   3   4   5   6   7   8   9   10   11   12   13   14   15   16   17   
-0.256229   0.0834115   0.189244   0.299152   0.515286   0.621216   0.724368   0.821574   0.912952   1.00338   1.09886   1.19446   1.28873   1.37245   1.43866   1.49799   1.52545   1.50337   1.49019   1.45107   1.38255   1.31603   1.29085   
0.116281   0.0276227   0.017948   0.0147513   0.0122341   0.0116653   0.00994247   0.0110997   0.012557   0.0143801   0.0160124   0.0177362   0.0193183   0.0208848   0.0225421   0.0246791   0.0300609   0.0409317   0.0528647   0.0709374   0.0968235   0.124812   0.145236   
-0.0351205   -0.126149   -0.125245   -0.122495   -0.117731   -0.115572   -0.11271   -0.109422   -0.105662   -0.102255   -0.09988   -0.0977452   -0.0954852   -0.0917368   -0.0854392   -0.079208   -0.0713533   -0.0625541   -0.05849   -0.0599673   -0.0678073   -0.0793126   -0.0891567   

230000
-10   -9   -5   -4   -3   -2   -1   0   1   2   3   4   5   6   7   8   9   10   11   12   13   14   15   16   17   18   
-0.252111   -0.243007   0.0831871   0.18973   0.299848   0.40705   0.515383   0.621396   0.724279   0.82143   0.91286   1.00343   1.09904   1.19469   1.28874   1.37232   1.43848   1.49939   1.52462   1.50242   1.49045   1.44623   1.38139   1.31832   1.29809   1.34047   
0.116197   0.106786   0.0263651   0.017713   0.0145596   0.0127819   0.0121038   0.011543   0.00986177   0.011039   0.0124918   0.0143116   0.0159208   0.0175683   0.0191498   0.0207646   0.022399   0.0244944   0.0300863   0.040998   0.0528284   0.0717149   0.097082   0.124411   0.142928   0.146899   
-0.0347255   -0.0349138   -0.126225   -0.125026   -0.122355   -0.11972   -0.117634   -0.115517   -0.112661   -0.109391   -0.105661   -0.102289   -0.0999315   -0.0977769   -0.0954807   -0.0917406   -0.0854292   -0.0794205   -0.0713423   -0.0625539   -0.058571   -0.0603788   -0.0680535   -0.0791772   -0.0876585   -0.08681   

235000
-10   -8   -7   -5   -4   -3   -2   -1   0   1   2   3   4   5   6   7   8   9   10   11   12   13   14   15   16   17   18   
-0.245333   -0.18091   -0.0959093   0.0834051   0.19031   0.300483   0.407231   0.515581   0.621616   0.724145   0.821307   0.912913   1.00339   1.09914   1.19499   1.28882   1.37245   1.43827   1.50081   1.52589   1.50246   1.48983   1.44653   1.38298   1.3195   1.29814   1.33721   
0.115994   0.0883167   0.0723886   0.0250465   0.0174604   0.0143759   0.0126459   0.0119834   0.011431   0.00978829   0.0109802   0.0124217   0.0142566   0.015846   0.0174169   0.0189921   0.0206774   0.0222875   0.0243165   0.0299521   0.0409692   0.0528984   0.071711   0.0968676   0.124207   0.143169   0.14798   
-0.0340542   -0.059946   -0.0800967   -0.126308   -0.124908   -0.122245   -0.119607   -0.117549   -0.115464   -0.112602   -0.109366   -0.105686   -0.10231   -0.0999756   -0.0978264   -0.0954928   -0.0917929   -0.0854234   -0.0796368   -0.0714898   -0.0625959   -0.0586529   -0.0605117   -0.0680768   -0.0791532   -0.0879169   -0.087763   

240000
-9   -8   -7   -4   -3   -2   -1   0   1   2   3   4   5   6   7   8   9   10   11   12   13   14   15   16   18   
-0.183333   -0.170449   -0.0918139   0.191065   0.301037   0.407502   0.515796   0.62175   0.723957   0.821369   0.912841   1.00359   1.09918   1.19532   1.28895   1.37231   1.4389   1.50191   1.52595   1.50265   1.48803   1.4478   1.38244   1.31919   1.33581   
0.104046   0.0887425   0.0713888   0.0172018   0.0141894   0.0125196   0.011861   0.01133   0.00972441   0.0109033   0.0123625   0.0141856   0.0157925   0.0172777   0.018843   0.0204766   0.0221066   0.0241635   0.0299138   0.0409298   0.0531089   0.0715646   0.0970226   0.124261   0.148519   
-0.0452824   -0.0571349   -0.0822956   -0.124797   -0.122153   -0.119503   -0.117478   -0.115409   -0.112533   -0.109377   -0.10569   -0.102366   -0.100012   -0.0978844   -0.0955155   -0.091751   -0.0855165   -0.079819   -0.0715432   -0.0626437   -0.0587392   -0.0605938   -0.0682712   -0.0792734   -0.0882732   

245000
-9   -8   -5   -4   -3   -2   -1   0   1   2   3   4   5   6   7   8   9   10   11   12   13   14   15   16   18   
-0.234111   -0.165883   0.0854567   0.191864   0.300644   0.407772   0.516035   0.621816   0.723783   0.821352   0.912642   1.00412   1.0995   1.19566   1.2891   1.3724   1.43993   1.50305   1.52651   1.50231   1.4856   1.44777   1.38058   1.31775   1.33574   
0.104692   0.0883998   0.0225406   0.0169358   0.0140473   0.0123935   0.0117401   0.0112381   0.00966329   0.0108369   0.0123146   0.0140883   0.015705   0.0171475   0.0187027   0.0202928   0.021905   0.024018   0.0298376   0.0409433   0.0533996   0.0716146   0.0973891   0.124496   0.148659   
-0.0387626   -0.0574629   -0.126615   -0.124677   -0.121941   -0.119424   -0.117418   -0.115351   -0.112472   -0.109374   -0.105675   -0.10247   -0.100084   -0.097947   -0.095545   -0.0917522   -0.0856636   -0.0800073   -0.0716333   -0.0626682   -0.0588309   -0.0607441   -0.0685617   -0.0794878   -0.0884608   

250000
-10   -9   -6   -5   -4   -3   -2   -1   0   1   2   3   4   5   6   7   8   9   10   11   13   14   15   16   18   
-0.246022   -0.17627   -0.00689593   0.0865552   0.192729   0.300222   0.408081   0.516331   0.621916   0.723653   0.821266   0.912675   1.00452   1.10009   1.196   1.28927   1.37262   1.44098   1.50394   1.52743   1.48754   1.44652   1.37725   1.31509   1.33688   
0.115704   0.103056   0.0541131   0.0239114   0.0166731   0.0139151   0.0122759   0.0116298   0.0111513   0.00960069   0.0107796   0.0122566   0.014005   0.0155812   0.0170249   0.0185718   0.0201219   0.0217179   0.0238945   0.029736   0.0531705   0.0718513   0.0980167   0.124882   0.148446   
-0.0337018   -0.0466227   -0.105862   -0.121671   -0.124554   -0.121718   -0.119348   -0.117368   -0.115294   -0.112427   -0.109359   -0.105698   -0.102554   -0.100187   -0.0980117   -0.0955791   -0.0917785   -0.0858188   -0.0801674   -0.0717502   -0.0589084   -0.0609615   -0.0689676   -0.0797689   -0.0883589   

255000
-10   -8   -7   -5   -4   -3   -2   -1   0   1   2   3   4   5   6   7   8   9   11   12   13   14   15   16   17   18   
-0.248697   -0.159562   -0.0854822   0.0898684   0.193652   0.300123   0.408358   0.516211   0.621981   0.723461   0.821134   0.912715   1.00483   1.10063   1.19632   1.28945   1.37291   1.44201   1.5282   1.50231   1.4886   1.44388   1.37253   1.18891   1.30901   1.34017   
0.115538   0.0870162   0.0704543   0.0388506   0.0164468   0.0137909   0.0121705   0.0115305   0.0110539   0.00954647   0.0107303   0.0122006   0.0139312   0.0154685   0.0169131   0.0184583   0.0199607   0.0215436   0.0296484   0.0409092   0.0530493   0.0722974   0.098876   0.133223   0.140148   0.147579   
-0.0337872   -0.0600299   -0.0834305   -0.120584   -0.124424   -0.121529   -0.119269   -0.117277   -0.115242   -0.11237   -0.109336   -0.105723   -0.102625   -0.100286   -0.0980753   -0.0956202   -0.091821   -0.0859756   -0.0718558   -0.062743   -0.0589883   -0.0612542   -0.0694689   -0.0672158   -0.086012   -0.0877356   

260000
-9   -8   -7   -6   -5   -4   -3   -2   -1   0   1   2   3   4   5   6   7   8   9   10   11   12   13   14   15   16   17   18   
-0.228103   -0.158651   -0.0835126   -0.00294967   0.0860392   0.193976   0.300211   0.407997   0.516172   0.62206   0.723214   0.821057   0.912644   1.00506   1.10114   1.19657   1.28963   1.37324   1.44293   1.50468   1.52286   1.50289   1.48885   1.43969   1.36744   1.3183   1.30856   1.36255   
0.102954   0.0862107   0.0701113   0.0518069   0.0219078   0.0163043   0.0136801   0.0120759   0.0114403   0.0109646   0.00950038   0.0106781   0.012154   0.0138664   0.0153638   0.0168179   0.0183614   0.0198081   0.0213857   0.0237326   0.0300489   0.0408367   0.0530234   0.0729846   0.0997859   0.12431   0.140484   0.14115   
-0.0434212   -0.061652   -0.0836749   -0.10948   -0.126191   -0.124239   -0.121375   -0.119126   -0.117194   -0.115189   -0.112302   -0.109325   -0.10573   -0.102684   -0.100382   -0.0981335   -0.0956673   -0.0918706   -0.0861188   -0.0803739   -0.0715093   -0.062804   -0.0590726   -0.0616331   -0.0699812   -0.0795926   -0.0863403   -0.0823704   

265000
-10   -9   -8   -7   -4   -3   -2   -1   0   1   2   3   4   5   6   7   8   9   10   11   12   13   14   15   16   17   
-0.263751   -0.221214   -0.158211   -0.0564502   0.19307   0.300223   0.407809   0.516159   0.62213   0.723072   0.821162   0.912502   1.00518   1.1016   1.19678   1.28983   1.37355   1.44374   1.50454   1.51652   1.50302   1.48838   1.43393   1.37218   1.1893   1.08704   
0.116215   0.103191   0.0851892   0.0646553   0.0161459   0.0135354   0.011978   0.0113396   0.0108826   0.0094488   0.0106103   0.0121152   0.0138118   0.0152678   0.0167362   0.0182838   0.0196637   0.021242   0.0236956   0.0305328   0.0408094   0.0530844   0.0739213   0.0990169   0.133263   0.155638   
-0.0341205   -0.0417085   -0.0642342   -0.0911921   -0.12398   -0.121257   -0.119012   -0.117127   -0.115137   -0.112262   -0.109346   -0.105726   -0.102729   -0.100471   -0.0981876   -0.0957221   -0.0919191   -0.086251   -0.0804205   -0.071063   -0.0628476   -0.0591609   -0.0621001   -0.0697288   -0.0673981   -0.0717025   

270000
-5   -4   -3   -2   -1   0   1   3   4   5   6   7   8   9   11   12   13   14   15   16   17   18   
0.0857974   0.192665   0.300338   0.407742   0.516188   0.622153   0.722937   0.912508   1.00524   1.10197   1.19695   1.29009   1.37381   1.44448   1.51054   1.50268   1.487   1.43752   1.37343   1.31961   1.30996   1.35271   
0.0205438   0.0159824   0.0134017   0.0118846   0.0112404   0.010805   0.00939829   0.0120694   0.0137663   0.0151839   0.0166706   0.0182303   0.0195327   0.0211106   0.0309933   0.0408295   0.053258   0.0734104   0.0988364   0.123995   0.140448   0.144147   
-0.125797   -0.123766   -0.121146   -0.118909   -0.117066   -0.115091   -0.112225   -0.105746   -0.102763   -0.100549   -0.0982393   -0.0957924   -0.0919629   -0.086373   -0.0706213   -0.0628694   -0.0592568   -0.0620258   -0.0697427   -0.079544   -0.0864509   -0.0850515   

275000
-8   -5   -4   -3   -2   -1   0   1   2   3   5   6   7   8   9   10   11   13   14   15   16   17   
-0.101906   0.0860895   0.192508   0.300514   0.40776   0.516264   0.622187   0.722743   0.82116   0.912597   1.10228   1.19709   1.29045   1.37404   1.44511   1.50359   1.50534   1.4844   1.43919   1.2791   1.31904   1.31114   
0.0825179   0.0204625   0.0158115   0.0132761   0.0117975   0.0111478   0.010734   0.00935479   0.0104998   0.0120203   0.0151093   0.0166247   0.0181158   0.0194144   0.0209916   0.0236848   0.0313994   0.0535824   0.0731902   0.106228   0.124023   0.140226   
-0.0689381   -0.125689   -0.123573   -0.12104   -0.118814   -0.11701   -0.11504   -0.112177   -0.109353   -0.105779   -0.100618   -0.0982899   -0.0958541   -0.0920031   -0.0864829   -0.0804299   -0.0702394   -0.0593661   -0.0620586   -0.0617434   -0.0795977   -0.0863661   

280000
-10   -9   -8   -5   -4   -3   -2   -1   0   1   2   3   4   5   6   7   8   9   12   13   14   16   17   
-0.221341   -0.213402   -0.145116   0.0863834   0.192542   0.300734   0.407796   0.516381   0.622219   0.722508   0.821068   0.912618   1.00588   1.1025   1.19753   1.29088   1.37423   1.44561   1.50299   1.48191   1.43935   1.31765   1.31273   
0.11723   0.102207   0.0851093   0.0203439   0.0156367   0.0131608   0.0117078   0.0110616   0.0106706   0.00931781   0.0104553   0.0119779   0.0136393   0.0150456   0.0165303   0.0179754   0.0193091   0.0208875   0.0407764   0.0538976   0.0731995   0.124077   0.139884   
-0.0370462   -0.0430299   -0.0635262   -0.125575   -0.123398   -0.120938   -0.118734   -0.116958   -0.114984   -0.112122   -0.109341   -0.105802   -0.102906   -0.100676   -0.0983714   -0.095918   -0.092042   -0.0865753   -0.0629541   -0.0594798   -0.0621729   -0.0796192   -0.0861844   

285000
-7   -6   -5   -4   -3   -2   -1   0   1   2   3   4   5   6   7   8   9   10   11   12   13   14   15   16   
-0.0773908   -0.000980641   0.0866518   0.192726   0.300857   0.407861   0.516528   0.622224   0.722334   0.820918   0.91256   1.00641   1.10265   1.19815   1.29135   1.37439   1.44597   1.50242   1.4979   1.50407   1.48439   1.43876   1.37017   1.31877   
0.0685108   0.0491886   0.0201613   0.015469   0.0130633   0.0116193   0.0109832   0.0106073   0.00927827   0.010418   0.0119426   0.0135606   0.0149935   0.0164066   0.017844   0.019218   0.0207976   0.0237073   0.0319814   0.0406605   0.0536036   0.0733306   0.0994635   0.123915   
-0.0855036   -0.111429   -0.125458   -0.123235   -0.120823   -0.118662   -0.11691   -0.114927   -0.112082   -0.109319   -0.105813   -0.103006   -0.100724   -0.098473   -0.0959916   -0.092078   -0.0866503   -0.0803976   -0.0697134   -0.0630348   -0.0595374   -0.0623279   -0.0702756   -0.0795851   

290000
-10   -9   -5   -4   -3   -2   -1   0   2   3   4   5   6   7   8   9   10   11   12   13   14   15   16   17   
-0.24933   -0.156094   0.0868922   0.193007   0.300534   0.407963   0.516683   0.622199   0.82108   0.912437   1.00684   1.10274   1.19875   1.29185   1.37452   1.44706   1.50176   1.49674   1.50474   1.48581   1.43728   1.36717   1.18268   1.31718   
0.115529   0.0996687   0.0198897   0.0153331   0.0129979   0.0115369   0.0109094   0.0105387   0.0103561   0.0119136   0.013491   0.0149544   0.0162923   0.0177195   0.0191431   0.020672   0.0237284   0.0320621   0.0405852   0.0534386   0.0735907   0.0999688   0.134371   0.13867   
-0.0327491   -0.0520008   -0.12534   -0.123076   -0.120653   -0.118592   -0.116865   -0.114879   -0.109353   -0.105813   -0.103093   -0.100763   -0.0985758   -0.0960712   -0.0921146   -0.0868206   -0.0803676   -0.0696429   -0.0630992   -0.0596064   -0.0625256   -0.0705574   -0.0681106   -0.0854236   

295000
-10   -5   -4   -3   -2   -1   0   1   2   3   4   5   6   7   8   9   10   12   13   14   15   16   17   
-0.251311   0.0870681   0.193368   0.300253   0.408098   0.516709   0.622185   0.722106   0.821169   0.912554   1.00721   1.10312   1.19935   1.29236   1.3747   1.4486   1.5013   1.50506   1.48653   1.43469   1.28074   1.32236   1.32447   
0.115403   0.0195133   0.0152653   0.012908   0.0114615   0.0108247   0.0104724   0.00919451   0.0103018   0.0118705   0.0134277   0.0148861   0.0161852   0.0176008   0.0190817   0.0205228   0.0237359   0.0405462   0.0533605   0.0740192   0.106138   0.123412   0.136366   
-0.0326905   -0.125211   -0.122923   -0.120522   -0.118526   -0.116823   -0.114839   -0.11203   -0.109374   -0.105851   -0.10317   -0.100842   -0.0986783   -0.0961548   -0.0921608   -0.0870512   -0.0803566   -0.0631497   -0.0596824   -0.0627771   -0.0620641   -0.0794639   -0.0836902   

300000
-6   -5   -4   -3   -2   -1   0   1   2   3   4   5   6   7   8   9   10   11   12   13   14   15   16   17   
-0.00401739   0.0872666   0.193406   0.300024   0.408274   0.516646   0.622153   0.721925   0.821188   0.912695   1.00753   1.10382   1.19993   1.29287   1.37557   1.44984   1.50107   1.49613   1.50497   1.48682   1.43102   1.36565   1.32343   1.32275   
0.0494432   0.0191055   0.0150964   0.0128038   0.0113935   0.010744   0.0104122   0.00916068   0.0102543   0.0118269   0.01337   0.0147845   0.0160837   0.017487   0.0189348   0.0203928   0.0237308   0.0320837   0.0405472   0.0533322   0.074609   0.100236   0.123213   0.137055   
-0.109242   -0.125064   -0.122825   -0.120409   -0.118469   -0.116775   -0.114792   -0.111992   -0.109382   -0.105892   -0.103241   -0.100963   -0.0987802   -0.096241   -0.0922888   -0.0872444   -0.0803672   -0.0696252   -0.0631834   -0.0597609   -0.0630729   -0.0707794   -0.0794138   -0.0842901   

305000
-9   -7   -5   -4   -3   -2   -1   0   3   4   5   6   7   8   9   10   11   12   13   14   15   16   17   
-0.20972   -0.0776906   0.0871707   0.193244   0.299895   0.408166   0.516627   0.6221   0.912771   1.00779   1.10448   1.2005   1.29338   1.37648   1.45088   1.50048   1.49619   1.50426   1.48649   1.42645   1.36951   1.32417   1.10508   
0.0990464   0.0653442   0.0187644   0.0149611   0.0127062   0.0113171   0.010668   0.010358   0.011789   0.0133178   0.0146904   0.0159865   0.0173777   0.0187981   0.020277   0.0237505   0.0320644   0.0406114   0.0533808   0.0753233   0.0996202   0.123053   0.153534   
-0.0497613   -0.091061   -0.12484   -0.122696   -0.120304   -0.118398   -0.11673   -0.114737   -0.105923   -0.103304   -0.101079   -0.0988814   -0.0963296   -0.0924255   -0.0874115   -0.0803395   -0.0696436   -0.0631928   -0.0598449   -0.0633909   -0.0705845   -0.0793705   -0.0714071   

310000
-9   -8   -4   -3   -2   -1   0   1   2   3   4   5   6   7   8   9   10   11   12   13   14   15   16   17   18   
-0.210201   -0.137425   0.192671   0.299832   0.407992   0.516639   0.62202   0.721581   0.821031   0.912804   1.008   1.1051   1.20105   1.29389   1.37739   1.45174   1.50027   1.49618   1.5031   1.4854   1.35507   1.27665   1.32453   1.32138   1.34464   
0.098196   0.0815565   0.0148461   0.0126127   0.0112443   0.0105966   0.0103104   0.00909777   0.0101789   0.0117558   0.0132712   0.0146022   0.0158945   0.0172737   0.0186692   0.0201747   0.0237468   0.032052   0.0407201   0.053521   0.0787215   0.106919   0.122947   0.137803   0.147243   
-0.0524635   -0.0701396   -0.122516   -0.120205   -0.118318   -0.116687   -0.114675   -0.111923   -0.109367   -0.105947   -0.103358   -0.10119   -0.0989802   -0.0964185   -0.0925665   -0.0875543   -0.0803485   -0.0696564   -0.063184   -0.0599356   -0.0560044   -0.0625597   -0.079353   -0.0849923   -0.0880926   

315000
-5   -4   -3   -2   -1   0   1   2   3   4   5   6   7   8   9   10   11   12   13   14   15   16   17   18   
0.0884358   0.192307   0.299821   0.407887   0.516675   0.621986   0.721544   0.821047   0.912794   1.00815   1.10567   1.20155   1.29436   1.3783   1.4526   1.50036   1.4963   1.50498   1.4834   1.43322   1.37224   1.32439   1.32141   1.3449   
0.0268762   0.014729   0.0125245   0.0111755   0.0105305   0.0102634   0.00905733   0.0101368   0.0117269   0.0132317   0.0145199   0.015811   0.0171791   0.0185463   0.020076   0.0237217   0.0320296   0.0405288   0.0537749   0.0743136   0.0991866   0.122874   0.137954   0.147246   
-0.123655   -0.122355   -0.120109   -0.118244   -0.116643   -0.114629   -0.111916   -0.109377   -0.105965   -0.103402   -0.101295   -0.0990724   -0.0965028   -0.0927093   -0.0876979   -0.080389   -0.0696781   -0.0632938   -0.0600351   -0.0631784   -0.0705221   -0.0793294   -0.0851714   -0.0881501   

320000
-9   -8   -5   -4   -3   -2   -1   0   2   4   5   6   7   8   9   10   11   12   13   14   15   16   17   18   
-0.199699   -0.138665   0.0857032   0.192091   0.299857   0.407834   0.516731   0.621961   0.82119   1.00823   1.10619   1.202   1.29478   1.3792   1.45414   1.50015   1.49695   1.50638   1.48035   1.43519   1.37249   1.32369   1.32172   1.34561   
0.0992517   0.079516   0.0185025   0.0146106   0.0124436   0.0111111   0.0104707   0.0102192   0.0100859   0.0131986   0.0144446   0.0157343   0.0170927   0.0184281   0.0199461   0.0237191   0.0319624   0.0403837   0.0541603   0.0740363   0.09915   0.122777   0.138027   0.147082   
-0.0486024   -0.0750129   -0.12425   -0.122206   -0.120017   -0.118174   -0.1166   -0.114588   -0.109408   -0.103437   -0.101392   -0.099159   -0.0965818   -0.0928535   -0.0879307   -0.0803967   -0.0697405   -0.0633857   -0.0601451   -0.0631525   -0.0705643   -0.0792346   -0.0852842   -0.088094   

325000
-10   -9   -6   -5   -4   -3   -2   -1   0   1   2   3   4   5   6   7   8   9   10   11   12   13   14   15   16   17   
-0.255305   -0.196538   -0.00839904   0.0880251   0.191975   0.299943   0.407823   0.516752   0.621901   0.721332   0.821257   0.912909   1.00845   1.10664   1.20241   1.29515   1.38008   1.45541   1.49969   1.49748   1.50743   1.47624   1.43609   1.3721   1.32449   1.11109   
0.115478   0.0994751   0.0293251   0.0266904   0.0144954   0.0123756   0.0110538   0.010402   0.0101819   0.00899125   0.0100418   0.0116631   0.0131566   0.0143762   0.0156637   0.0170145   0.018315   0.0198325   0.0237345   0.0319052   0.0402754   0.0546798   0.0739114   0.0992209   0.122642   0.152785   
-0.0316885   -0.0478327   -0.123782   -0.12322   -0.122064   -0.119929   -0.118107   -0.116562   -0.114537   -0.111877   -0.109426   -0.10602   -0.103491   -0.10148   -0.0992396   -0.0966552   -0.0929963   -0.0881277   -0.0803764   -0.0697941   -0.063464   -0.0602676   -0.063178   -0.0706485   -0.0791952   -0.0712794   

330000
-4   -3   -2   -1   0   2   3   4   5   6   7   8   9   10   11   12   13   14   15   16   17   
0.191945   0.300103   0.407789   0.51677   0.62177   0.821253   0.913116   1.00905   1.10705   1.20277   1.29546   1.3809   1.45645   1.5001   1.49783   1.5082   1.47982   1.43646   1.37077   1.32635   1.32271   
0.0143916   0.0123313   0.0109852   0.0103337   0.0101401   0.010004   0.0116222   0.0130834   0.0143129   0.0155999   0.0169458   0.0182101   0.019732   0.0236898   0.0318652   0.0401943   0.0542335   0.0738645   0.0994295   0.122444   0.137995   
-0.121926   -0.119846   -0.118053   -0.116524   -0.114479   -0.109433   -0.10607   -0.103599   -0.101561   -0.0993138   -0.0967214   -0.093131   -0.0882966   -0.0804472   -0.0698339   -0.0635311   -0.0602754   -0.0632292   -0.0707845   -0.0791879   -0.0853921   

335000
-9   -8   -5   -4   -3   -2   -1   0   2   3   4   5   6   7   8   9   10   11   12   13   14   15   16   17   18   
-0.193314   -0.0972112   0.0851402   0.191979   0.300176   0.407779   0.516798   0.621608   0.821191   0.91328   1.00958   1.10742   1.20308   1.2957   1.38165   1.45731   1.50063   1.49798   1.50867   1.48246   1.43626   1.36844   1.32812   1.32331   1.35035   
0.0990923   0.0771167   0.0180277   0.0143097   0.0122701   0.0109204   0.0102701   0.0100996   0.00997145   0.0115852   0.0130167   0.0142544   0.0155434   0.0168896   0.0181126   0.0196441   0.0236378   0.0318429   0.0401429   0.0539079   0.0739067   0.0997995   0.122222   0.137943   0.145737   
-0.0483352   -0.0765297   -0.123815   -0.121793   -0.119781   -0.118   -0.116487   -0.114419   -0.109429   -0.106114   -0.103698   -0.101638   -0.0993808   -0.0967783   -0.0932578   -0.0884408   -0.0805301   -0.0698573   -0.0635873   -0.0602981   -0.0633088   -0.0709735   -0.0791391   -0.0854134   -0.0871676   

340000
-10   -6   -5   -4   -3   -2   -1   0   1   2   3   4   5   6   7   8   9   10   12   13   14   15   16   17   
-0.19798   -0.0111162   0.0850405   0.1921   0.29983   0.40779   0.516823   0.621556   0.720967   0.82108   0.913402   1.01005   1.10775   1.20332   1.29589   1.38235   1.45801   1.50078   1.50883   1.48414   1.4351   1.36522   1.32977   1.32395   
0.113837   0.027504   0.0178165   0.0142761   0.0121847   0.0108594   0.0102098   0.0100546   0.00890741   0.00994409   0.011552   0.0129562   0.0142014   0.0154963   0.0168451   0.0180214   0.0195675   0.0236129   0.040122   0.0537019   0.0740931   0.100295   0.121993   0.137879   
-0.04113   -0.123467   -0.123672   -0.121663   -0.119688   -0.117948   -0.116452   -0.114388   -0.111814   -0.109418   -0.10615   -0.103787   -0.101708   -0.099438   -0.0968279   -0.0933774   -0.0885635   -0.080572   -0.063632   -0.060332   -0.0634334   -0.0711975   -0.0790788   -0.0854208   

345000
-8   -6   -5   -4   -3   -2   -1   0   1   2   3   4   5   6   7   8   9   10   11   12   13   14   15   16   17   18   
-0.124573   -0.00957875   0.0849719   0.192072   0.29958   0.407826   0.516797   0.62146   0.72096   0.821224   0.91348   1.01047   1.10802   1.20351   1.29602   1.38299   1.45946   1.50065   1.49896   1.50859   1.48521   1.43298   1.36771   1.33131   1.32461   1.36542   
0.0813821   0.0486015   0.0175888   0.0141965   0.0121063   0.0108025   0.0101489   0.0100152   0.00887228   0.00989963   0.0115229   0.0128998   0.0141541   0.0154588   0.0168153   0.0179366   0.0194543   0.0236094   0.0317406   0.0401418   0.0535708   0.0744243   0.0999127   0.121765   0.137786   0.141105   
-0.0691298   -0.106636   -0.123527   -0.121561   -0.119602   -0.1179   -0.11642   -0.114345   -0.111815   -0.109451   -0.106181   -0.10387   -0.10177   -0.0994865   -0.0968712   -0.0934888   -0.088785   -0.0805825   -0.0699561   -0.0636612   -0.0603725   -0.0636029   -0.0710969   -0.079015   -0.0854148   -0.0831603   

350000
-10   -9   -7   -6   -5   -4   -3   -2   -1   0   1   2   3   4   5   7   8   9   10   11   12   13   14   15   16   17   18   
-0.252357   -0.138043   -0.0824358   -0.0108799   0.0849435   0.191962   0.299398   0.407887   0.516788   0.621318   0.720924   0.821313   0.913527   1.01085   1.10824   1.29676   1.38355   1.46065   1.5007   1.49986   1.50778   1.48594   1.4299   1.37291   1.33273   1.3253   1.36184   
0.115029   0.0962469   0.0663858   0.0284156   0.0173681   0.0140788   0.0120329   0.0107503   0.010092   0.00998152   0.00884068   0.00985998   0.0114971   0.0128473   0.014113   0.0167128   0.0178588   0.0193566   0.0235924   0.0316552   0.0402161   0.053482   0.0749021   0.0991011   0.121551   0.137687   0.142245   
-0.0322692   -0.0569764   -0.084635   -0.122564   -0.123377   -0.121476   -0.119521   -0.117854   -0.116388   -0.114292   -0.111811   -0.109474   -0.106206   -0.103947   -0.101824   -0.0969928   -0.0935905   -0.0889716   -0.0806122   -0.0700372   -0.0636683   -0.0604165   -0.0638166   -0.0708327   -0.0789536   -0.0853993   -0.0842124   

355000
-9   -7   -6   -5   -3   -2   -1   0   1   2   3   4   5   6   7   8   9   10   11   12   13   14   15   16   
-0.189306   -0.0832773   -0.00966622   0.0868548   0.299262   0.407966   0.516792   0.621141   0.710692   0.821334   0.91355   1.01119   1.10839   1.20439   1.29759   1.38404   1.46162   1.50172   1.50062   1.50626   1.48633   1.42601   1.37638   1.33405   
0.097724   0.0663804   0.029891   0.0254773   0.0119622   0.0107044   0.0100397   0.00995324   0.00898717   0.00982597   0.0114741   0.012799   0.0140801   0.0153377   0.0166044   0.0177885   0.0192719   0.0235083   0.0315815   0.0403635   0.0534318   0.0755074   0.0985494   0.121346   
-0.0503641   -0.0841319   -0.122429   -0.122723   -0.119444   -0.11781   -0.116355   -0.114232   -0.109854   -0.109485   -0.106227   -0.104017   -0.101867   -0.0996539   -0.097127   -0.0936813   -0.0891304   -0.080745   -0.0701085   -0.0636479   -0.0604625   -0.0640651   -0.0706627   -0.0788959   

360000
-9   -5   -4   -3   -2   0   1   2   3   4   6   7   8   9   10   11   12   13   14   15   16   
-0.135874   0.0848187   0.1915   0.299165   0.407967   0.621023   0.720779   0.821296   0.913627   1.0115   1.20514   1.2984   1.38443   1.46238   1.50229   1.50127   1.50602   1.48615   1.43122   1.37897   1.33525   
0.095814   0.0171459   0.0138885   0.0118954   0.0106568   0.0099238   0.00878613   0.00979693   0.0114477   0.0127542   0.0152479   0.0165021   0.017728   0.0191992   0.0234569   0.0315187   0.0403833   0.0534506   0.0747262   0.0981383   0.121155   
-0.0575101   -0.123035   -0.121279   -0.119369   -0.117766   -0.114185   -0.11179   -0.109487   -0.106257   -0.104082   -0.0997795   -0.0972603   -0.0937574   -0.0892631   -0.0808292   -0.070171   -0.0636727   -0.0605136   -0.0638627   -0.0705455   -0.0788452   

365000
-9   -6   -5   -4   -3   -2   -1   0   1   2   3   4   5   6   7   8   9   10   11   12   13   14   15   16   17   
-0.188322   -0.0112042   0.0844765   0.191191   0.299102   0.407856   0.516776   0.620937   0.714171   0.821206   0.913885   1.01177   1.10917   1.20586   1.2992   1.38472   1.46336   1.50247   1.50178   1.50797   1.48529   1.43685   1.38106   1.33638   1.32706   
0.0968022   0.0293169   0.0171049   0.0138011   0.011833   0.0105979   0.00993248   0.00989436   0.00913641   0.00977275   0.0114081   0.012713   0.0139762   0.0151629   0.0164049   0.017677   0.0191176   0.0234335   0.0314676   0.0401856   0.0535563   0.0738823   0.0978058   0.120985   0.137404   
-0.0518685   -0.121751   -0.122889   -0.121169   -0.119297   -0.117722   -0.116289   -0.114147   -0.110798   -0.109481   -0.106313   -0.104141   -0.102019   -0.0999017   -0.0973921   -0.0938189   -0.0894223   -0.0808722   -0.0702229   -0.0637777   -0.0605705   -0.0636412   -0.0704584   -0.0788003   -0.085364   

370000
-10   -9   -6   -5   -4   -3   -2   -1   0   1   3   4   5   6   7   8   9   10   11   12   13   14   15   16   18   
-0.248351   -0.188167   -0.011362   0.0840262   0.190954   0.299074   0.407778   0.51675   0.620807   0.716628   0.914107   1.012   1.10984   1.20655   1.29997   1.38492   1.46446   1.50232   1.50211   1.50945   1.48368   1.44048   1.38283   1.33743   1.353   
0.113916   0.0962677   0.0294095   0.0169785   0.0137154   0.0117776   0.0105425   0.00987707   0.00987007   0.00931283   0.0113718   0.0126753   0.0139002   0.0150819   0.016312   0.0176356   0.0190312   0.0234344   0.0314334   0.0400342   0.0537528   0.073342   0.0975262   0.120817   0.145269   
-0.033855   -0.0528625   -0.121549   -0.122785   -0.121064   -0.119226   -0.117679   -0.116257   -0.1141   -0.111401   -0.106363   -0.104196   -0.102136   -0.100021   -0.0975222   -0.093867   -0.0895979   -0.0808775   -0.0702603   -0.0638654   -0.0606328   -0.0635209   -0.0703917   -0.0787582   -0.0870211   

375000
-10   -9   -6   -5   -4   -3   -2   -1   0   1   2   3   4   5   6   7   8   9   10   11   12   13   14   15   16   18   
-0.247866   -0.134273   -0.0179259   0.0836765   0.190774   0.299087   0.407725   0.516726   0.620642   0.718599   0.821329   0.914298   1.0122   1.11047   1.20723   1.30073   1.38609   1.46532   1.50324   1.50214   1.51061   1.48123   1.4432   1.38438   1.33841   1.3517   
0.113505   0.0948589   0.0223804   0.0168755   0.0136316   0.0117336   0.0104898   0.00982503   0.00985131   0.00951986   0.00970662   0.0113383   0.012641   0.0138283   0.0150043   0.0162228   0.0175335   0.0189593   0.0233592   0.0314245   0.0399151   0.0540561   0.0729396   0.0972783   0.120657   0.14576   
-0.0344376   -0.0586359   -0.12348   -0.122677   -0.120962   -0.119156   -0.117639   -0.116222   -0.114045   -0.111799   -0.109519   -0.106408   -0.104245   -0.102248   -0.100137   -0.0976506   -0.0940578   -0.0897423   -0.0809987   -0.0702749   -0.0639408   -0.060704   -0.0634439   -0.0703377   -0.0787201   -0.0874823   

380000
-6   -5   -4   -2   -1   1   2   3   4   5   6   7   8   9   10   11   12   13   14   15   16   
-0.017308   0.083394   0.190643   0.40769   0.516703   0.719819   0.821361   0.914469   1.01238   1.11108   1.20788   1.30147   1.38741   1.46593   1.50354   1.50247   1.51156   1.47796   1.44539   1.38582   1.33933   
0.0231395   0.0167741   0.0135509   0.0104397   0.0097762   0.00970576   0.0096767   0.0113072   0.0126097   0.01376   0.0149296   0.0161375   0.017425   0.0189018   0.0233294   0.0313914   0.039816   0.054467   0.072615   0.0970523   0.120503   
-0.123136   -0.122568   -0.120863   -0.117599   -0.116187   -0.111946   -0.109533   -0.106451   -0.10429   -0.102355   -0.10025   -0.0977763   -0.0942716   -0.0898557   -0.0810534   -0.0703112   -0.0640083   -0.0607862   -0.0633916   -0.0702922   -0.0786877   

385000
-6   -5   -4   -3   -2   -1   0   1   2   3   4   5   6   7   8   9   10   11   12   13   14   15   16   17   
-0.0170509   0.0849137   0.190553   0.299156   0.407668   0.516682   0.620347   0.72036   0.821334   0.914618   1.01252   1.11165   1.20851   1.30215   1.38866   1.46683   1.5042   1.50366   1.51238   1.4802   1.44728   1.38713   1.34018   1.32934   
0.0236134   0.0244238   0.0134755   0.011667   0.0103924   0.00973045   0.00981435   0.00981073   0.0096516   0.0112783   0.0125818   0.013695   0.0148579   0.0160576   0.0173231   0.0188307   0.0232742   0.0312822   0.0397307   0.0541882   0.0723433   0.0968463   0.120378   0.136769   
-0.122856   -0.122295   -0.120766   -0.119033   -0.117559   -0.116152   -0.113948   -0.111966   -0.109538   -0.10649   -0.104329   -0.102458   -0.100361   -0.0978959   -0.0944757   -0.0900042   -0.0811463   -0.0704156   -0.0640695   -0.0607995   -0.0633559   -0.0702548   -0.0786666   -0.0850653   

390000
-5   -4   -3   -2   -1   0   1   2   3   4   5   6   7   8   9   10   11   12   13   14   15   16   17   18   
0.0829575   0.190497   0.299092   0.40766   0.516682   0.620226   0.720634   0.821254   0.914743   1.01275   1.11219   1.20912   1.30278   1.38984   1.46756   1.50466   1.5047   1.51301   1.48486   1.44888   1.38847   1.34092   1.33158   1.34937   
0.0165484   0.0134084   0.0115983   0.0103482   0.00968224   0.00978664   0.00986583   0.00963117   0.0112516   0.012548   0.0136339   0.0147894   0.0159842   0.0172274   0.0187705   0.0232331   0.0311874   0.0396621   0.0536067   0.0721074   0.0966357   0.120259   0.13599   0.146767   
-0.122351   -0.120671   -0.118986   -0.11752   -0.116133   -0.113913   -0.11196   -0.109534   -0.106525   -0.10438   -0.102556   -0.100468   -0.0980065   -0.0946704   -0.0901327   -0.0812187   -0.0705079   -0.0641229   -0.0607891   -0.063332   -0.0702164   -0.0786517   -0.0844772   -0.0884634   

395000
-9   -6   -5   -4   -3   -2   -1   0   1   2   3   4   5   6   7   8   9   10   11   12   13   14   15   16   17   
-0.135232   -0.0129079   0.0845027   0.190468   0.29906   0.407666   0.516682   0.620075   0.720777   0.821221   0.914838   1.01328   1.11269   1.20968   1.30336   1.39093   1.46806   1.50434   1.5056   1.51348   1.48816   1.45052   1.38969   1.34152   1.33773   
0.0930056   0.0291035   0.0240882   0.0133544   0.0115379   0.0103087   0.00963773   0.00976364   0.00989621   0.00960839   0.0112279   0.0124892   0.0135772   0.0147254   0.0159153   0.0171388   0.0187253   0.0232487   0.0311042   0.0396101   0.0531992   0.0718686   0.0964458   0.120163   0.133856   
-0.0612108   -0.120551   -0.122183   -0.120577   -0.118942   -0.117481   -0.11611   -0.113872   -0.111946   -0.109538   -0.106556   -0.104476   -0.102647   -0.100568   -0.0981113   -0.0948512   -0.0902306   -0.0812104   -0.0705905   -0.0641683   -0.0607998   -0.0633066   -0.0701864   -0.0786451   -0.0827426   

400000
-9   -8   -6   -4   -3   -2   -1   0   1   2   3   4   5   6   7   8   9   10   11   12   13   14   15   16   
-0.179231   -0.121356   -0.0179779   0.190488   0.298941   0.407679   0.516681   0.619893   0.720854   0.821286   0.914906   1.01377   1.11315   1.2102   1.30389   1.39192   1.46871   1.50124   1.5064   1.51374   1.49073   1.45201   1.39074   1.34195   
0.0961196   0.0801458   0.0232291   0.0133259   0.0114788   0.0102715   0.00959677   0.00974495   0.00991751   0.00957993   0.0112067   0.0124344   0.0135234   0.0146649   0.0158516   0.0170567   0.0186726   0.0234661   0.0310307   0.0395775   0.0528828   0.071656   0.0962767   0.120085   
-0.052981   -0.0697349   -0.122539   -0.120485   -0.11889   -0.117444   -0.116084   -0.113824   -0.111927   -0.109558   -0.106582   -0.104566   -0.102733   -0.100664   -0.098209   -0.0950193   -0.0903466   -0.0809113   -0.070665   -0.0642054   -0.0608191   -0.0632893   -0.0701654   -0.0786447   

405000
-5   -4   -3   -2   -1   0   1   2   3   4   5   6   7   8   9   10   11   12   13   14   15   17   18   
0.0824888   0.190582   0.298768   0.407666   0.516667   0.619677   0.720886   0.821295   0.914959   1.01421   1.11359   1.21071   1.30437   1.39286   1.46915   1.49821   1.5071   1.51374   1.49288   1.45328   1.39157   1.12866   1.34841   
0.0161521   0.0133433   0.0114197   0.0102241   0.00955683   0.0097313   0.00993409   0.00955588   0.0111873   0.012384   0.0134723   0.0146072   0.0157936   0.0169791   0.018633   0.0236763   0.0309649   0.0395709   0.05262   0.0714679   0.0961525   0.151202   0.147333   
-0.122026   -0.120396   -0.118832   -0.117414   -0.116057   -0.113769   -0.111905   -0.109569   -0.106606   -0.104648   -0.102816   -0.100756   -0.0982984   -0.095179   -0.0904374   -0.0806074   -0.0707329   -0.064232   -0.0608433   -0.0632789   -0.0701603   -0.0713696   -0.0890843   

410000
-8   -5   -4   -3   -2   -1   0   2   3   4   5   6   7   8   9   10   11   12   13   14   15   17   18   
-0.121635   0.082388   0.190508   0.298624   0.40766   0.516618   0.619579   0.821252   0.915102   1.01462   1.114   1.21118   1.3048   1.39374   1.46941   1.49532   1.50772   1.5134   1.49473   1.45432   1.39207   1.33452   1.34817   
0.0800125   0.0160181   0.0132795   0.0113629   0.0101797   0.00950979   0.00971216   0.00953623   0.0111613   0.0123364   0.0134238   0.0145524   0.0157405   0.0169059   0.0186056   0.0238783   0.0309071   0.039599   0.0523926   0.0713195   0.0960789   0.135286   0.147505   
-0.0695128   -0.121921   -0.120333   -0.118777   -0.117384   -0.116029   -0.113737   -0.109572   -0.106643   -0.104726   -0.102894   -0.100844   -0.098381   -0.0953304   -0.0905036   -0.0803035   -0.0707939   -0.0642445   -0.0608704   -0.0632804   -0.070174   -0.0840672   -0.0892651   

415000
-10   -9   -8   -6   -5   -4   -3   -2   -1   0   1   2   3   4   5   6   7   8   9   10   11   12   13   14   15   16   18   
-0.187577   -0.177958   -0.12209   -0.0134741   0.0823374   0.190399   0.298506   0.407661   0.516563   0.619485   0.720965   0.82116   0.915382   1.01501   1.11438   1.21162   1.30517   1.39456   1.46967   1.49253   1.50821   1.51259   1.49635   1.45513   1.3922   1.3418   1.34794   
0.109664   0.0951786   0.0798481   0.029829   0.0158923   0.0131927   0.0113089   0.0101381   0.00946598   0.00969511   0.00994854   0.00952066   0.0111247   0.0122912   0.0133779   0.0145014   0.0156926   0.0168371   0.0185798   0.0240735   0.0308608   0.0396702   0.0521948   0.0712033   0.096061   0.120031   0.147655   
-0.0466658   -0.0542726   -0.0695456   -0.119666   -0.121822   -0.120281   -0.118723   -0.117355   -0.115999   -0.113706   -0.111875   -0.109567   -0.1067   -0.1048   -0.102969   -0.100926   -0.0984557   -0.0954727   -0.0905673   -0.0800038   -0.0708454   -0.0642373   -0.0609002   -0.0632921   -0.0702082   -0.0786835   -0.0894373   

420000
-10   -9   -8   -6   -4   -3   -2   -1   0   1   3   4   5   6   7   8   10   11   12   13   14   15   16   
-0.238264   -0.177951   -0.122734   -0.0211405   0.190118   0.298411   0.407668   0.516503   0.619364   0.721109   0.915637   1.01537   1.11474   1.21202   1.30548   1.39532   1.48985   1.50854   1.51125   1.49799   1.45564   1.39192   1.34119   
0.112304   0.0947379   0.0796355   0.0210868   0.0131112   0.0112575   0.0100989   0.00942516   0.00968205   0.00993927   0.0110904   0.0122482   0.0133344   0.0144536   0.0156509   0.0167727   0.0242626   0.0308284   0.0397943   0.0519946   0.0711364   0.0961149   0.120068   
-0.0364604   -0.054954   -0.0696406   -0.122489   -0.120213   -0.11867   -0.117326   -0.115967   -0.113669   -0.111883   -0.106752   -0.10487   -0.10304   -0.101003   -0.0985211   -0.0956061   -0.0797131   -0.0708837   -0.0642081   -0.0609304   -0.0633181   -0.070267   -0.0786929   

425000
-7   -6   -5   -4   -3   -2   -1   0   1   2   3   4   5   6   7   8   9   10   11   12   13   14   15   16   18   
-0.0944003   -0.0217345   0.0819812   0.189863   0.298337   0.407681   0.516438   0.619196   0.721223   0.821141   0.91587   1.01571   1.11507   1.2124   1.30573   1.39601   1.46983   1.48727   1.50864   1.50931   1.49952   1.45578   1.39116   1.34031   1.34752   
0.064257   0.0206603   0.0156898   0.0130364   0.0112097   0.0100622   0.00938722   0.00966623   0.00993181   0.00948071   0.0110581   0.0122075   0.0132944   0.0144085   0.015616   0.0167128   0.0185539   0.0244452   0.0308155   0.0399787   0.0518075   0.0711218   0.0962424   0.120101   0.147945   
-0.0836287   -0.122437   -0.121602   -0.120144   -0.118618   -0.117297   -0.115932   -0.113629   -0.111887   -0.109584   -0.106802   -0.104937   -0.103105   -0.101077   -0.0985767   -0.0957303   -0.0906473   -0.0794348   -0.0709045   -0.0641548   -0.0609618   -0.0633592   -0.0703504   -0.0786741   -0.0897673   

430000
-10   -7   -6   -5   -4   -3   -2   -1   0   1   2   3   4   5   6   7   8   9   10   11   12   13   14   15   16   17   
-0.237565   -0.102878   -0.0222666   0.0818555   0.189648   0.298285   0.407661   0.516399   0.618998   0.721306   0.821127   0.916086   1.01603   1.11536   1.21275   1.30592   1.39664   1.46981   1.48496   1.50845   1.50996   1.50087   1.45549   1.38989   1.33926   1.33402   
0.111665   0.0392   0.0202744   0.0156464   0.0129667   0.0111668   0.0100222   0.00934941   0.0096523   0.00992351   0.00946202   0.0110276   0.0121689   0.0132574   0.0143664   0.0155879   0.0166579   0.0185484   0.0246103   0.0308288   0.03991   0.0516426   0.0711721   0.0964473   0.120102   0.136052   
-0.0372708   -0.112898   -0.122376   -0.12149   -0.120077   -0.118567   -0.117272   -0.115905   -0.113585   -0.111888   -0.109592   -0.106849   -0.105001   -0.103166   -0.101146   -0.0986223   -0.0958437   -0.0906724   -0.0791869   -0.0709009   -0.0642014   -0.060995   -0.0634188   -0.0704585   -0.0785932   -0.0848995   

435000
-10   -8   -5   -4   -3   -2   -1   0   1   2   3   4   5   6   7   8   9   10   11   12   13   14   15   16   17   18   
-0.2374   -0.127114   0.0818374   0.189465   0.298254   0.407644   0.516395   0.618829   0.721365   0.82107   0.916275   1.01633   1.11563   1.21306   1.3062   1.39719   1.46967   1.48286   1.50876   1.51251   1.50202   1.45471   1.38811   1.33892   1.33429   1.34718   
0.111303   0.0787987   0.0156793   0.0129003   0.0111305   0.0099834   0.00931097   0.00963878   0.00991605   0.00944722   0.0109995   0.0121324   0.0132229   0.014328   0.0155541   0.0166081   0.0185514   0.0247601   0.0307987   0.0396545   0.0515018   0.0712961   0.096728   0.12   0.136122   0.148191   
-0.0377708   -0.0701131   -0.121377   -0.120012   -0.118516   -0.117248   -0.115889   -0.113546   -0.111885   -0.109594   -0.106892   -0.105061   -0.103223   -0.10121   -0.0986802   -0.0959459   -0.0906814   -0.0789653   -0.0709358   -0.0643227   -0.0610292   -0.0634989   -0.0705897   -0.0784815   -0.0850086   -0.0900694   

440000
-10   -8   -6   -5   -4   -3   -2   -1   0   1   2   3   4   5   6   7   8   9   10   11   12   13   14   15   16   17   18   
-0.178821   -0.129111   -0.014913   0.0817255   0.189308   0.298251   0.407637   0.516377   0.618769   0.721405   0.820968   0.916446   1.0166   1.11587   1.21334   1.30713   1.39769   1.46968   1.48098   1.51001   1.51467   1.50301   1.4534   1.38586   1.34046   1.33465   1.34706   
0.110227   0.0783775   0.0436591   0.0156674   0.0128364   0.0111034   0.00994761   0.00927552   0.00961913   0.00991093   0.00943601   0.0109732   0.0120979   0.013191   0.0142935   0.0154697   0.0165626   0.0185446   0.0248958   0.0306868   0.039438   0.0513814   0.0715015   0.0970843   0.119892   0.136157   0.148299   
-0.0460745   -0.0705202   -0.108423   -0.121291   -0.119948   -0.118466   -0.117224   -0.115869   -0.113528   -0.11188   -0.109588   -0.106932   -0.105118   -0.103275   -0.101267   -0.0988338   -0.0960389   -0.0907075   -0.0787664   -0.0710454   -0.0644301   -0.0610638   -0.0636016   -0.0707415   -0.0785384   -0.0850927   -0.09021   

445000
-6   -4   -3   -2   -1   0   1   2   3   4   5   6   7   8   9   10   11   12   13   14   15   16   17   18   
-0.0234977   0.189171   0.298285   0.407641   0.516347   0.618687   0.721419   0.820905   0.916599   1.01686   1.11608   1.21358   1.30801   1.39813   1.46962   1.48052   1.51112   1.51653   1.50377   1.45153   1.38318   1.34213   1.33507   1.34695   
0.019389   0.0127744   0.0110909   0.00991573   0.0092429   0.0096026   0.00990377   0.009423   0.0109485   0.0120654   0.0131626   0.0142629   0.0153903   0.0165211   0.0185433   0.0249261   0.0305879   0.0392503   0.051288   0.0717907   0.0975011   0.11973   0.136174   0.14839   
-0.12215   -0.119884   -0.118418   -0.117199   -0.115844   -0.113506   -0.111873   -0.109588   -0.106969   -0.105171   -0.103322   -0.101318   -0.0989807   -0.0961233   -0.0907227   -0.0787187   -0.0711435   -0.0645266   -0.0610985   -0.0637272   -0.0709065   -0.07855   -0.0851586   -0.0903432   

450000
-9   -6   -5   -4   -3   -2   -1   0   1   2   3   4   5   6   7   8   9   11   12   13   14   15   16   17   18   
-0.171465   -0.0237005   0.0825769   0.189051   0.298292   0.407656   0.516305   0.61858   0.721417   0.820894   0.916736   1.01709   1.11626   1.21377   1.30885   1.39853   1.46948   1.5121   1.51815   1.50424   1.44916   1.38015   1.34386   1.33554   1.3469   
0.0948059   0.0192412   0.0229003   0.0127143   0.0110723   0.00988912   0.00921332   0.0095895   0.00989976   0.00940673   0.0109256   0.0120348   0.0131375   0.0142363   0.015315   0.0164828   0.0185473   0.0305004   0.0390876   0.0512295   0.0721565   0.09797   0.119529   0.136164   0.148496   
-0.0549588   -0.122053   -0.121509   -0.11982   -0.118375   -0.117174   -0.115815   -0.113478   -0.111862   -0.109597   -0.107003   -0.105222   -0.103364   -0.101363   -0.0991214   -0.0962016   -0.0907274   -0.071232   -0.064615   -0.0611329   -0.0638727   -0.0710806   -0.0785296   -0.0852097   -0.0904702   

455000
-9   -6   -5   -4   -3   -2   -1   0   1   2   3   4   5   7   8   9   10   11   12   13   14   15   16   17   18   
-0.171093   -0.0236935   0.0809265   0.188948   0.298191   0.407638   0.516224   0.618451   0.721398   0.820854   0.916861   1.0173   1.1164   1.30966   1.39936   1.46934   1.4805   1.51297   1.5196   1.50435   1.44632   1.38022   1.3456   1.33604   1.34674   
0.0946208   0.0192225   0.0153298   0.012656   0.0110145   0.00985062   0.00917735   0.00957925   0.0098971   0.00939348   0.010904   0.012007   0.0131158   0.0152434   0.0164217   0.0185517   0.0249202   0.0304215   0.0389414   0.0512134   0.0725935   0.0979528   0.119309   0.136146   0.148608   
-0.0551833   -0.121942   -0.12111   -0.119757   -0.118338   -0.117154   -0.115786   -0.113445   -0.111849   -0.109601   -0.107036   -0.105267   -0.1034   -0.0992568   -0.0963439   -0.0907303   -0.0787197   -0.0713129   -0.0646966   -0.0611668   -0.0640359   -0.0710941   -0.0784891   -0.0852511   -0.0906116   

460000
-10   -8   -6   -5   -4   -3   -2   -1   0   2   3   4   5   6   7   8   9   10   11   12   13   14   15   16   17   18   
-0.178016   -0.139509   -0.0150509   0.0807323   0.188859   0.298111   0.407616   0.516133   0.618306   0.820781   0.916974   1.01748   1.11681   1.21443   1.31043   1.40038   1.46943   1.48073   1.51377   1.52094   1.50408   1.44308   1.38479   1.34732   1.33655   1.34642   
0.109169   0.0760754   0.0304087   0.0152461   0.0126001   0.0109629   0.00981114   0.00914411   0.00957216   0.00938302   0.0108836   0.0119812   0.0130725   0.0141644   0.0151752   0.0163502   0.0185414   0.0248993   0.0303493   0.0388071   0.0512444   0.0730894   0.0972519   0.119079   0.136108   0.148764   
-0.0471824   -0.0732767   -0.118347   -0.121045   -0.119693   -0.118302   -0.117134   -0.115754   -0.11341   -0.109601   -0.107067   -0.10531   -0.103475   -0.10149   -0.0993868   -0.0965141   -0.0907615   -0.0787467   -0.0713874   -0.0647745   -0.0611996   -0.0642116   -0.0708863   -0.0784357   -0.0852834   -0.0907806   

465000
-6   -5   -4   -3   -2   -1   0   1   2   3   4   5   6   7   8   9   10   11   12   13   15   16   17   18   
-0.023944   0.0805577   0.188785   0.298048   0.407598   0.51603   0.618147   0.721505   0.82067   0.917075   1.01765   1.11738   1.2151   1.31116   1.40129   1.46945   1.48101   1.51449   1.52221   1.42302   1.38888   1.349   1.33709   1.34614   
0.0192093   0.0151647   0.0125475   0.0109162   0.00977376   0.00911361   0.00956802   0.00987319   0.0093759   0.0108644   0.0119571   0.0130166   0.0141002   0.01511   0.0162846   0.018535   0.0248748   0.0302839   0.0386785   0.053298   0.0966146   0.118837   0.136086   0.148902   
-0.121778   -0.120978   -0.11963   -0.118268   -0.117113   -0.115718   -0.113371   -0.111853   -0.109594   -0.107095   -0.105349   -0.103574   -0.101605   -0.0995119   -0.0966683   -0.0907848   -0.078779   -0.0714563   -0.0648499   -0.0542456   -0.0706942   -0.0783739   -0.0853132   -0.0909399   

470000
-9   -6   -5   -4   -3   -2   -1   0   1   2   4   5   6   7   8   9   10   11   12   13   14   15   16   17   18   
-0.171287   -0.0241306   0.0803995   0.188728   0.297999   0.407583   0.515969   0.618091   0.72163   0.820587   1.0178   1.11792   1.21576   1.31185   1.40212   1.4694   1.4813   1.51515   1.52345   1.5021   1.44478   1.3926   1.35065   1.33762   1.34589   
0.0938057   0.0191902   0.0150837   0.0124994   0.0108736   0.00973819   0.00908245   0.00955111   0.00985726   0.00936729   0.0119345   0.012963   0.0140386   0.0150482   0.0162239   0.0185345   0.0248493   0.0302242   0.0385536   0.0514806   0.0728488   0.0960247   0.118603   0.13605   0.149037   
-0.0560992   -0.121708   -0.120911   -0.119569   -0.118235   -0.117092   -0.115693   -0.113357   -0.111867   -0.109592   -0.105387   -0.103669   -0.101716   -0.0996313   -0.0968096   -0.0907964   -0.0788131   -0.0715202   -0.0649244   -0.061263   -0.0642011   -0.070515   -0.0783083   -0.0853377   -0.0910876   

475000
-10   -9   -8   -6   -5   -4   -3   -2   -1   0   1   2   3   5   6   7   8   9   10   11   12   13   14   15   16   17   18   
-0.229706   -0.171599   -0.129475   -0.0243966   0.0802629   0.188687   0.297927   0.407569   0.515947   0.618038   0.721731   0.820583   0.917288   1.11844   1.21639   1.3125   1.40287   1.46927   1.4816   1.51573   1.52459   1.50032   1.44969   1.39602   1.35225   1.33817   1.34573   
0.110987   0.0934437   0.079119   0.0191431   0.0150023   0.0124561   0.0108303   0.00970442   0.00905043   0.00953295   0.00984125   0.00935352   0.010826   0.0129115   0.0139793   0.0149902   0.0161673   0.0185386   0.0248242   0.0301705   0.0384378   0.0516959   0.0721158   0.0954853   0.11837   0.136002   0.149134   
-0.0386566   -0.0565708   -0.0680731   -0.12164   -0.120845   -0.119511   -0.118201   -0.11707   -0.115678   -0.113345   -0.111878   -0.109602   -0.107153   -0.10376   -0.101824   -0.0997434   -0.0969398   -0.0907981   -0.0788469   -0.0715785   -0.0649953   -0.0612954   -0.0640179   -0.07035   -0.0782403   -0.0853584   -0.0912125   

480000
-9   -5   -4   -3   -2   -1   0   1   2   3   4   5   6   7   8   9   10   11   12   13   14   15   16   17   18   
-0.123209   0.0801487   0.188671   0.297825   0.407556   0.515907   0.617968   0.721809   0.820556   0.917558   1.01826   1.11894   1.21699   1.31312   1.40357   1.46918   1.48217   1.51624   1.52569   1.49804   1.45396   1.39914   1.3538   1.3387   1.34564   
0.0922899   0.0149207   0.0124216   0.0107841   0.00967224   0.00902095   0.00951706   0.00982523   0.00934195   0.0107935   0.011878   0.012862   0.0139221   0.014935   0.0161146   0.0185406   0.0247774   0.0301245   0.0383267   0.0519742   0.0714743   0.0949906   0.118131   0.135954   0.149208   
-0.061399   -0.120782   -0.119455   -0.118167   -0.117047   -0.115658   -0.113329   -0.111887   -0.109608   -0.107206   -0.105482   -0.103849   -0.101929   -0.0998507   -0.0970603   -0.0908041   -0.078913   -0.0716309   -0.0650651   -0.0613299   -0.06386   -0.0701998   -0.0781704   -0.0853772   -0.0913147   

485000
-7   -6   -5   -4   -3   -2   -1   0   1   2   3   4   5   6   7   8   9   10   11   12   13   14   15   16   17   18   
-0.100219   -0.0179413   0.0800487   0.188684   0.297734   0.407545   0.515849   0.617884   0.721872   0.820505   0.917809   1.01869   1.11942   1.21758   1.31369   1.4042   1.46939   1.48274   1.51665   1.52672   1.49532   1.45774   1.40201   1.35531   1.33925   1.34564   
0.0648346   0.0435931   0.0148391   0.0124005   0.0107392   0.00964159   0.0089939   0.00950333   0.00981212   0.00933254   0.0107629   0.0118339   0.0128143   0.0138668   0.0148828   0.0160654   0.018523   0.0247312   0.0300848   0.0382216   0.0523073   0.070917   0.0945385   0.117903   0.135908   0.149252   
-0.0800439   -0.107014   -0.12072   -0.119402   -0.118134   -0.117024   -0.115633   -0.113311   -0.111893   -0.109611   -0.107256   -0.105559   -0.103934   -0.102031   -0.0999528   -0.0971721   -0.0908486   -0.0789789   -0.0716752   -0.0651327   -0.0613665   -0.0637276   -0.070064   -0.0781012   -0.0853952   -0.0913926   

490000
-7   -6   -5   -3   -2   -1   0   1   2   3   4   5   6   7   8   9   10   11   12   13   14   15   16   17   
-0.123863   -0.0252976   0.0799632   0.297655   0.407534   0.515773   0.617788   0.721919   0.820419   0.918045   1.01909   1.11988   1.21815   1.31425   1.40478   1.46953   1.48328   1.51696   1.52768   1.49222   1.46108   1.40468   1.35679   1.33979   
0.0249766   0.0188256   0.0147584   0.0106962   0.00961252   0.0089696   0.0094919   0.00980143   0.00932634   0.0107337   0.0117921   0.0127686   0.0138133   0.0148329   0.0160197   0.0185097   0.024688   0.0300542   0.0381237   0.0526908   0.0704231   0.0941163   0.117678   0.135863   
-0.120489   -0.121447   -0.120661   -0.118101   -0.117001   -0.115604   -0.11329   -0.111895   -0.109608   -0.107304   -0.105631   -0.104016   -0.10213   -0.100051   -0.0972753   -0.0908844   -0.0790409   -0.0717105   -0.0651975   -0.0614064   -0.0636162   -0.0699405   -0.0780326   -0.085413   

495000
-10   -6   -5   -4   -3   -2   -1   0   1   2   4   5   6   7   8   9   10   11   12   13   14   15   16   17   18   
-0.172706   -0.025601   0.0798217   0.18874   0.297587   0.407526   0.515681   0.617678   0.72195   0.820308   1.01946   1.12031   1.21871   1.31477   1.4053   1.46962   1.48379   1.51714   1.52861   1.49541   1.46413   1.40716   1.35823   1.34031   1.34608   
0.108758   0.0186819   0.0146744   0.0124188   0.0106552   0.00958522   0.00894824   0.00948256   0.00979229   0.00932235   0.0117528   0.0127251   0.0137615   0.0147852   0.0159774   0.0185001   0.0246469   0.0300359   0.0380293   0.0523011   0.0699734   0.0937249   0.117456   0.135813   0.149184   
-0.0480283   -0.121387   -0.120599   -0.119298   -0.118068   -0.116978   -0.11557   -0.113266   -0.111894   -0.109602   -0.1057   -0.104095   -0.102227   -0.100145   -0.0973699   -0.090913   -0.0790998   -0.0717355   -0.0652606   -0.061416   -0.0635182   -0.0698292   -0.0779651   -0.0854306   -0.0914143   

500000
-8   -7   -6   -5   -4   -3   -2   -1   0   1   2   3   4   5   6   7   8   9   10   11   12   13   14   15   16   17   18   
-0.137701   -0.126514   -0.0259041   0.0796498   0.1887   0.297528   0.407519   0.515557   0.617556   0.721958   0.820286   0.918476   1.01982   1.12072   1.21924   1.31527   1.40575   1.46966   1.48426   1.51716   1.52947   1.49975   1.46695   1.40953   1.35964   1.34084   1.34677   
0.0778405   0.023393   0.0185281   0.0145884   0.012425   0.0106166   0.00956033   0.0089239   0.00947525   0.0097812   0.00931215   0.0106792   0.0117148   0.0126836   0.0137114   0.0147394   0.0159398   0.0184942   0.0246091   0.0300294   0.0379415   0.0517697   0.0695578   0.0933504   0.117235   0.135763   0.148975   
-0.06858   -0.120897   -0.121327   -0.120535   -0.119251   -0.118035   -0.116954   -0.115535   -0.113239   -0.111893   -0.109608   -0.107392   -0.105766   -0.10417   -0.10232   -0.100235   -0.0974541   -0.0909338   -0.0791544   -0.0717469   -0.0653209   -0.0614237   -0.0634295   -0.0697242   -0.0778981   -0.0854479   -0.091287   

505000
-6   -4   -3   -2   -1   0   1   2   3   4   5   6   7   8   9   10   11   12   13   14   15   16   17   18   
-0.0262051   0.188497   0.297479   0.407515   0.515439   0.617438   0.721948   0.820287   0.918672   1.02016   1.12112   1.21975   1.31575   1.40649   1.46962   1.48468   1.51697   1.53023   1.50322   1.46959   1.41182   1.36104   1.34137   1.34858   
0.0183676   0.0123427   0.0105804   0.009538   0.00889933   0.00946886   0.00977287   0.00930047   0.0106539   0.0116784   0.0126435   0.0136635   0.0146958   0.0158848   0.0184931   0.0245749   0.0300407   0.0378629   0.0513458   0.0691704   0.0929898   0.117016   0.135715   0.148358   
-0.121268   -0.119213   -0.118003   -0.11693   -0.115502   -0.113213   -0.111888   -0.109619   -0.107434   -0.10583   -0.104242   -0.10241   -0.100322   -0.097579   -0.090945   -0.0792041   -0.0717406   -0.0653764   -0.0614386   -0.063349   -0.0696233   -0.0778317   -0.0854647   -0.0908155   

510000
-7   -6   -5   -4   -3   -2   -1   0   1   2   3   4   5   6   7   8   10   11   12   13   14   15   16   17   18   
-0.128426   -0.0265024   0.0793558   0.188318   0.297439   0.407536   0.515394   0.617447   0.721925   0.82027   0.918856   1.02048   1.1215   1.22023   1.3162   1.40723   1.48506   1.51652   1.53088   1.50617   1.47208   1.41406   1.36242   1.34186   1.35719   
0.0223182   0.0182036   0.0144232   0.0122705   0.0105469   0.00951349   0.00887229   0.00945371   0.00976664   0.00929041   0.0106297   0.0116433   0.0126049   0.013618   0.0146542   0.0158303   0.0245438   0.0300743   0.0377953   0.0509912   0.068808   0.0926417   0.116801   0.135675   0.145431   
-0.121041   -0.121209   -0.120408   -0.119176   -0.11797   -0.116917   -0.115486   -0.113211   -0.11188   -0.109627   -0.107473   -0.105891   -0.104312   -0.102496   -0.100405   -0.0977022   -0.0792492   -0.0717123   -0.0654265   -0.0614603   -0.0632761   -0.0695262   -0.0777663   -0.0854879   -0.0883265   

515000
-10   -9   -7   -6   -5   -4   -3   -2   -1   0   1   2   3   4   5   6   7   8   9   10   12   13   14   15   16   17   18   
-0.228164   -0.166443   -0.12924   -0.0267953   0.0792312   0.188159   0.29741   0.407564   0.515329   0.617442   0.721985   0.820227   0.919029   1.02079   1.12186   1.2207   1.31663   1.4079   1.46961   1.4854   1.53136   1.50884   1.47442   1.41622   1.36379   1.34231   1.35593   
0.108915   0.0934546   0.0218681   0.0180382   0.0143463   0.0122056   0.010517   0.0094926   0.00884762   0.00944064   0.00975455   0.0092829   0.0106066   0.0116097   0.012568   0.0135743   0.014615   0.0157795   0.0184879   0.0245162   0.0377433   0.050672   0.0684629   0.0922843   0.116583   0.135647   0.145883   
-0.041219   -0.05657   -0.121078   -0.121149   -0.120346   -0.11914   -0.117937   -0.116904   -0.115465   -0.113205   -0.111887   -0.10963   -0.10751   -0.10595   -0.10438   -0.102578   -0.100484   -0.0978171   -0.0909729   -0.0792895   -0.0654688   -0.0614855   -0.0632097   -0.0694279   -0.0777011   -0.0855165   -0.0887549   

520000
-8   -6   -5   -4   -3   -2   -1   0   1   2   3   4   5   6   7   8   9   10   11   12   13   14   15   16   17   18   
-0.135233   -0.0270839   0.0791216   0.188018   0.297392   0.407575   0.515245   0.617427   0.722113   0.820165   0.919191   1.02109   1.1222   1.22114   1.31703   1.40853   1.46995   1.48572   1.51715   1.53166   1.5113   1.47666   1.41837   1.36514   1.34277   1.35491   
0.0789748   0.0178731   0.0142754   0.0121463   0.0104918   0.00946684   0.00882544   0.00943011   0.00973749   0.00927712   0.0105846   0.0115773   0.0125324   0.013532   0.0145781   0.0157322   0.0184625   0.0244901   0.0300129   0.0377101   0.0503778   0.068137   0.0919485   0.116363   0.135612   0.146293   
-0.0664728   -0.121089   -0.120283   -0.119103   -0.117905   -0.116892   -0.11544   -0.113197   -0.111904   -0.109631   -0.107546   -0.106007   -0.104444   -0.102659   -0.100558   -0.0979245   -0.0910333   -0.0793275   -0.0717785   -0.0655011   -0.061512   -0.06315   -0.0693352   -0.0776364   -0.0855414   -0.0891338   

525000
-7   -6   -5   -4   -3   -2   -1   0   1   2   3   4   5   6   7   8   9   10   11   12   13   14   15   16   17   18   
-0.129673   -0.0273645   0.0790263   0.18789   0.297391   0.40756   0.515144   0.617392   0.722217   0.820084   0.919343   1.02138   1.12254   1.22157   1.3174   1.4091   1.47022   1.48644   1.51835   1.53172   1.5136   1.47884   1.42048   1.3665   1.34325   1.35403   
0.0217967   0.01771   0.0142123   0.0120913   0.010473   0.00943291   0.00880575   0.00941834   0.00971895   0.00927329   0.0105636   0.0115461   0.012498   0.013491   0.0145433   0.0156882   0.0184413   0.0244336   0.0299074   0.0376996   0.050106   0.0678219   0.0916155   0.116155   0.135586   0.146658   
-0.120916   -0.121029   -0.120221   -0.119067   -0.117873   -0.116882   -0.11541   -0.113188   -0.11192   -0.109629   -0.107581   -0.106061   -0.104507   -0.102736   -0.100629   -0.098025   -0.0910845   -0.0794111   -0.0718848   -0.0655212   -0.06154   -0.0630932   -0.0692448   -0.0775734   -0.0855657   -0.0894759   

530000
-8   -6   -5   -4   -3   -2   -1   0   1   2   3   4   5   6   7   8   9   10   11   12   13   14   15   16   17   18   
-0.13518   -0.0276346   0.078946   0.187774   0.297411   0.407546   0.515024   0.617336   0.722307   0.820024   0.919485   1.02165   1.12286   1.22199   1.31775   1.40963   1.47043   1.48712   1.51947   1.53148   1.51576   1.48095   1.42254   1.36784   1.14866   1.35316   
0.0792505   0.0175499   0.0141619   0.0120394   0.0104634   0.00940074   0.0087885   0.00940383   0.00970236   0.00926807   0.0105435   0.011516   0.0124647   0.0134512   0.0145104   0.0156473   0.0184247   0.0243802   0.0298097   0.0377175   0.0498499   0.0675151   0.091287   0.115937   0.149414   0.147017   
-0.0657788   -0.12097   -0.12016   -0.11903   -0.117842   -0.11687   -0.115376   -0.113178   -0.111934   -0.10963   -0.107613   -0.106114   -0.104569   -0.102812   -0.100696   -0.0981187   -0.0911267   -0.0794906   -0.0719848   -0.0655261   -0.0615685   -0.0630391   -0.0691566   -0.0775092   -0.0715705   -0.0898031   

535000
-9   -7   -6   -5   -4   -3   -2   -1   0   1   2   3   4   5   6   7   8   9   10   11   12   13   14   15   16   17   18   
-0.122889   -0.117543   -0.027889   0.0788873   0.187667   0.297459   0.407532   0.514886   0.61727   0.722383   0.820056   0.919614   1.02191   1.12317   1.22239   1.31808   1.41011   1.47059   1.48776   1.52051   1.53089   1.51781   1.48301   1.42457   1.3692   1.34415   1.35237   
0.0915016   0.0362141   0.0173939   0.0141253   0.0119901   0.0104665   0.00937009   0.00877398   0.00939106   0.00968766   0.00925562   0.0105247   0.0114873   0.0124326   0.0134128   0.0144795   0.0156097   0.0184116   0.0243298   0.0297184   0.0377703   0.0496081   0.0672156   0.090965   0.11572   0.135499   0.147342   
-0.0616135   -0.111638   -0.120912   -0.120099   -0.118994   -0.117812   -0.116857   -0.115337   -0.113167   -0.111945   -0.109645   -0.107644   -0.106165   -0.104628   -0.102886   -0.100759   -0.0982057   -0.0911618   -0.0795662   -0.0720778   -0.0655126   -0.0615981   -0.0629872   -0.0690721   -0.0774454   -0.0856049   -0.0901049   

540000
-8   -6   -5   -4   -3   -2   -1   0   1   2   3   4   5   6   7   8   9   10   11   12   13   14   15   16   17   18   
-0.136886   -0.0281319   0.0788566   0.187568   0.297439   0.407517   0.514756   0.617188   0.722446   0.820072   0.919729   1.02215   1.12347   1.22278   1.31838   1.41054   1.4707   1.48838   1.52148   1.5299   1.51976   1.48502   1.42657   1.37058   1.3446   1.35174   
0.079066   0.0172424   0.0141088   0.0119428   0.0104474   0.00934089   0.00875808   0.00938033   0.00967493   0.00924475   0.0105073   0.0114601   0.0124016   0.0133755   0.0144506   0.0155756   0.0184015   0.0242817   0.0296334   0.0378619   0.0493789   0.0669224   0.0906475   0.115495   0.135448   0.147634   
-0.0656096   -0.120854   -0.120037   -0.118957   -0.117786   -0.116844   -0.115303   -0.113152   -0.111953   -0.109657   -0.107672   -0.106213   -0.104685   -0.102957   -0.100818   -0.0982851   -0.091191   -0.0796386   -0.0721658   -0.0654784   -0.0616288   -0.0629372   -0.0689908   -0.0773806   -0.0856197   -0.0903722   

545000
-8   -7   -6   -5   -4   -3   -2   -1   0   1   2   3   4   5   6   7   8   9   10   11   12   13   14   15   16   17   18   
-0.138041   -0.129704   -0.0283639   0.0788675   0.187476   0.29735   0.407501   0.514701   0.617097   0.722495   0.820071   0.919838   1.02238   1.12375   1.22316   1.31866   1.41092   1.47077   1.48896   1.5224   1.52848   1.52161   1.487   1.42866   1.37196   1.34504   1.35126   
0.0788994   0.0223034   0.0170958   0.014124   0.0118971   0.0104026   0.00931295   0.00873558   0.00937115   0.00966407   0.0092355   0.0104905   0.0114338   0.0123719   0.0133395   0.0144238   0.0155448   0.0183944   0.0242358   0.0295521   0.0379949   0.0491608   0.0666341   0.090322   0.115282   0.135401   0.147875   
-0.0656145   -0.120422   -0.120798   -0.119975   -0.118921   -0.117761   -0.116829   -0.115288   -0.113135   -0.111958   -0.109666   -0.1077   -0.106259   -0.10474   -0.103027   -0.100873   -0.098358   -0.0912135   -0.079708   -0.0722502   -0.0654232   -0.0616606   -0.0628892   -0.068907   -0.0773171   -0.0856324   -0.0906056   

550000
-6   -5   -4   -3   -2   -1   0   1   2   3   4   5   6   7   8   9   10   11   12   13   14   15   16   17   18   
-0.0285838   0.0789535   0.187391   0.29727   0.407483   0.514625   0.616997   0.722531   0.820058   0.919941   1.0226   1.12402   1.22352   1.31891   1.41135   1.47079   1.48952   1.52328   1.52664   1.52339   1.48894   1.43075   1.37334   1.34547   1.35089   
0.0169547   0.0141995   0.0118529   0.0103618   0.00928625   0.00871568   0.00936332   0.00965447   0.00922746   0.0104744   0.0114083   0.0123438   0.0133051   0.014399   0.0155112   0.018391   0.0241919   0.0294752   0.0381687   0.0489527   0.0663509   0.0899906   0.115058   0.13535   0.148077   
-0.120744   -0.119911   -0.118884   -0.117737   -0.116813   -0.115268   -0.113116   -0.111961   -0.109674   -0.107726   -0.106304   -0.104792   -0.103093   -0.100924   -0.0984364   -0.0912286   -0.0797748   -0.0723312   -0.0653479   -0.0616935   -0.0628437   -0.0688215   -0.0772525   -0.0856416   -0.0908105   

555000
-9   -6   -5   -4   -3   -2   -1   0   1   2   3   4   5   6   7   8   9   10   11   12   13   14   15   16   17   18   
-0.169258   -0.0287913   0.0788577   0.187313   0.2972   0.407463   0.51453   0.616999   0.722544   0.820031   0.920036   1.02282   1.12427   1.22386   1.31914   1.41198   1.47077   1.49005   1.52412   1.5244   1.52511   1.49098   1.43285   1.37471   1.15383   1.35064   
0.0910611   0.0168196   0.014166   0.0118103   0.0103243   0.00926069   0.00869828   0.00934874   0.00964377   0.00922083   0.0104591   0.0113839   0.0123168   0.013272   0.0143762   0.0154646   0.0183899   0.0241505   0.0294014   0.0383816   0.0487531   0.0660558   0.0896575   0.114847   0.148984   0.148274   
-0.0594045   -0.120691   -0.119865   -0.118848   -0.117713   -0.116796   -0.115244   -0.113116   -0.111963   -0.109679   -0.107751   -0.106348   -0.104842   -0.103158   -0.10097   -0.0985434   -0.0912389   -0.0798382   -0.0724091   -0.0652557   -0.0617277   -0.0627958   -0.0687352   -0.0771902   -0.0716143   -0.0909939   

560000
-7   -6   -5   -4   -3   -2   -1   0   1   2   3   4   5   6   7   8   9   10   11   12   13   14   15   16   18   
-0.106095   -0.0290071   0.0786416   0.187244   0.297137   0.407442   0.514415   0.617016   0.722545   0.819993   0.920124   1.02302   1.12451   1.22419   1.31964   1.41256   1.47091   1.49055   1.52493   1.52713   1.52678   1.49301   1.43494   1.37605   1.35044   
0.0628504   0.0166878   0.014054   0.0117691   0.0102896   0.00923623   0.0086833   0.00933369   0.00963474   0.00921529   0.0104447   0.0113604   0.0122909   0.0132402   0.0143347   0.0154217   0.0183785   0.0241114   0.0293303   0.0381142   0.0485595   0.0657614   0.0893249   0.114629   0.148419   
-0.0811056   -0.120642   -0.119832   -0.118812   -0.117689   -0.116778   -0.115214   -0.113118   -0.111962   -0.109683   -0.107775   -0.10639   -0.104891   -0.10322   -0.101057   -0.0986427   -0.0912698   -0.0798983   -0.0724849   -0.0653954   -0.0617624   -0.0627484   -0.0686487   -0.0771273   -0.0911535   

565000
-7   -6   -5   -4   -3   -2   -1   0   1   2   3   4   5   6   7   8   9   10   11   12   13   14   15   16   18   
-0.132441   -0.0292455   0.0784541   0.187181   0.29708   0.407419   0.514278   0.617024   0.722536   0.819947   0.920313   1.02321   1.12474   1.2245   1.3203   1.4131   1.47143   1.491   1.52571   1.53001   1.52842   1.49503   1.43703   1.37737   1.35032   
0.0208676   0.0165571   0.0139626   0.0117295   0.0102574   0.00921287   0.00867095   0.00931999   0.00962743   0.0092107   0.0104216   0.0113378   0.0122662   0.0132096   0.0142818   0.015382   0.0183416   0.0240756   0.029262   0.0378329   0.048368   0.0654691   0.0889944   0.114417   0.14855   
-0.120524   -0.120593   -0.119797   -0.118777   -0.117667   -0.11676   -0.11518   -0.113118   -0.11196   -0.109686   -0.107813   -0.10643   -0.104937   -0.10328   -0.101168   -0.0987351   -0.0913539   -0.0799537   -0.0725582   -0.065546   -0.061797   -0.0627016   -0.0685626   -0.0770671   -0.0912965   

570000
-6   -5   -4   -3   -2   -1   0   1   2   3   4   5   6   7   8   9   10   11   12   13   14   15   16   17   18   
-0.0294722   0.0782901   0.187124   0.297026   0.407394   0.51412   0.617024   0.722546   0.819923   0.920545   1.02339   1.12496   1.22481   1.32093   1.41358   1.47188   1.49141   1.52645   1.53255   1.53004   1.49703   1.3319   1.37862   1.34683   1.35022   
0.0164319   0.0138853   0.0116914   0.0102193   0.00919086   0.00866141   0.00930758   0.00961931   0.00920442   0.010395   0.0113166   0.0122427   0.0131802   0.014231   0.0153455   0.01831   0.0240436   0.0291971   0.0375847   0.0481799   0.0651768   0.0983419   0.114208   0.135138   0.148675   
-0.120545   -0.119762   -0.118742   -0.11765   -0.116741   -0.115141   -0.113116   -0.11196   -0.109691   -0.107858   -0.106468   -0.104981   -0.103337   -0.101275   -0.0988211   -0.0914275   -0.0800033   -0.0726285   -0.0656825   -0.0618321   -0.0626557   -0.0619158   -0.0770089   -0.0856332   -0.0914294   

575000
-10   -7   -6   -5   -4   -3   -2   -1   0   1   2   3   4   5   6   7   8   9   10   11   12   13   14   15   16   17   18   
-0.219821   -0.133612   -0.0296878   0.078145   0.187073   0.296977   0.407368   0.514015   0.617015   0.722669   0.819975   0.920766   1.02356   1.12516   1.22509   1.32154   1.41402   1.47227   1.49177   1.52717   1.53483   1.53166   1.49904   1.44105   1.3798   1.34702   1.35014   
0.108626   0.0202722   0.0163121   0.0138179   0.0116551   0.010183   0.00917027   0.00864909   0.00929645   0.00960264   0.00919196   0.0103695   0.0112962   0.0122203   0.013152   0.014182   0.015312   0.0182827   0.0240153   0.0291341   0.0373626   0.0479924   0.0648898   0.0883532   0.11402   0.135079   0.148794   
-0.0420917   -0.12052   -0.120496   -0.119727   -0.118707   -0.117634   -0.116721   -0.115114   -0.113113   -0.111979   -0.109708   -0.1079   -0.106504   -0.105023   -0.103393   -0.101378   -0.0989008   -0.0914922   -0.0800475   -0.0726972   -0.0658084   -0.0618681   -0.0626117   -0.0683989   -0.0769566   -0.0856122   -0.0915553   

580000
-8   -7   -5   -4   -3   -2   -1   0   1   2   3   4   5   6   7   8   9   10   11   12   13   14   15   16   17   18   
-0.22821   -0.134145   0.0780163   0.187029   0.296934   0.407342   0.51394   0.616997   0.722778   0.820018   0.920976   1.02372   1.12535   1.22537   1.32213   1.41442   1.47259   1.49208   1.52788   1.5369   1.53331   1.50102   1.44295   1.2455   1.34713   1.35008   
0.0278451   0.0200056   0.0137574   0.0116208   0.0101481   0.00915122   0.00863276   0.00928682   0.00958751   0.00918044   0.010345   0.0112767   0.012199   0.0131251   0.0141346   0.0152816   0.0182598   0.0239907   0.0290718   0.0371617   0.0478011   0.0646064   0.0880522   0.126127   0.135008   0.14889   
-0.117433   -0.120507   -0.119692   -0.118673   -0.117618   -0.1167   -0.115096   -0.113107   -0.111995   -0.109724   -0.107942   -0.106539   -0.105063   -0.103446   -0.101478   -0.0989744   -0.0915479   -0.0800857   -0.0727654   -0.0659244   -0.0619048   -0.0625694   -0.068325   -0.0679621   -0.0855755   -0.0916711   

585000
-8   -7   -6   -4   -3   -2   -1   0   1   2   3   4   5   6   7   8   9   10   11   12   13   14   15   16   17   18   
-0.231216   -0.134658   -0.0300657   0.18699   0.296894   0.407314   0.513846   0.61697   0.722873   0.820052   0.921177   1.02388   1.12553   1.22563   1.3227   1.41476   1.47283   1.49233   1.52858   1.53879   1.53496   1.50295   1.4447   1.38182   1.34715   1.35005   
0.0260282   0.0197504   0.0161063   0.0115886   0.0101142   0.00913378   0.00861887   0.00927886   0.00957323   0.00916977   0.0103213   0.0112579   0.012179   0.0130994   0.0140888   0.0152552   0.0182422   0.023971   0.0290104   0.0369777   0.0476113   0.0643283   0.0877746   0.113684   0.134913   0.148995   
-0.118519   -0.12049   -0.120396   -0.11864   -0.117602   -0.116679   -0.115074   -0.1131   -0.11201   -0.109738   -0.107981   -0.106573   -0.105101   -0.103497   -0.101575   -0.0990397   -0.0915929   -0.0801166   -0.0728332   -0.0660329   -0.0619424   -0.0625297   -0.0682595   -0.0768715   -0.085512   -0.0917809   

590000
-10   -8   -7   -6   -5   -4   -3   -2   -1   0   2   3   4   5   6   7   8   9   10   11   12   13   14   15   16   17   18   
-0.165055   -0.233213   -0.13515   -0.0302371   0.0777604   0.186946   0.296855   0.407307   0.513733   0.616934   0.820078   0.921369   1.02402   1.1257   1.22587   1.32325   1.41505   1.47301   1.49252   1.52927   1.54054   1.53659   1.50481   1.44627   1.38259   1.34707   1.35004   
0.107007   0.0249537   0.0195059   0.0160134   0.0136419   0.0115559   0.0100811   0.00911654   0.00860736   0.0092724   0.00915999   0.0102985   0.0112399   0.0121603   0.013075   0.0140445   0.0152323   0.0182284   0.0239555   0.0289506   0.0368076   0.0474235   0.064061   0.0875273   0.113555   0.134797   0.149081   
-0.0502629   -0.119049   -0.120471   -0.120346   -0.119625   -0.118609   -0.117585   -0.116663   -0.115047   -0.113091   -0.109751   -0.10802   -0.106605   -0.105136   -0.103545   -0.101669   -0.0990978   -0.0916296   -0.0801406   -0.0728996   -0.0661354   -0.061981   -0.0624943   -0.0682051   -0.0768438   -0.0854054   -0.09188   

595000
-8   -7   -6   -5   -4   -3   -2   -1   0   1   2   3   4   5   6   7   8   9   10   11   12   13   14   15   16   17   18   
-0.222537   -0.135622   -0.0303974   0.0776215   0.186886   0.29682   0.407334   0.5136   0.616886   0.723019   0.820094   0.921553   1.02416   1.12584   1.2261   1.32378   1.41555   1.47315   1.49311   1.52993   1.54218   1.53821   1.50661   1.44762   1.38316   1.34697   1.35009   
0.0363084   0.0192717   0.0159274   0.0135825   0.0115189   0.0100493   0.00909832   0.00859853   0.00926434   0.00954505   0.00915117   0.0102764   0.0112226   0.0121429   0.013052   0.0140019   0.0151955   0.0182182   0.0239098   0.0288928   0.0366493   0.0472395   0.0638034   0.0873162   0.113464   0.134575   0.149161   
-0.110016   -0.120449   -0.120296   -0.119592   -0.11858   -0.117569   -0.116656   -0.115015   -0.113082   -0.112034   -0.109762   -0.108057   -0.106636   -0.105168   -0.103591   -0.10176   -0.0991841   -0.0916591   -0.0802113   -0.0729642   -0.0662328   -0.0620212   -0.0624618   -0.0681633   -0.0768292   -0.0851776   -0.0919694   

600000
-8   -7   -6   -5   -4   -3   -2   -1   0   1   2   3   4   5   6   7   8   9   10   11   12   13   14   15   16   17   18   
-0.221831   -0.109503   -0.030545   0.0774917   0.186837   0.296788   0.407361   0.513447   0.616822   0.723075   0.820101   0.92173   1.0243   1.12597   1.22632   1.32428   1.41603   1.47324   1.49378   1.53057   1.54371   1.53981   1.50833   1.44872   1.3835   1.34763   1.35016   
0.0377685   0.055789   0.015849   0.0135245   0.0114855   0.0100185   0.00908318   0.00859257   0.00925426   0.00953301   0.00914325   0.0102551   0.011206   0.0121272   0.0130304   0.0139607   0.0151598   0.0182104   0.0238578   0.0288361   0.0365006   0.0470565   0.0635576   0.0871457   0.11341   0.1341   0.149216   
-0.108498   -0.0907404   -0.120245   -0.119558   -0.11855   -0.117552   -0.116648   -0.114979   -0.113073   -0.112043   -0.109772   -0.108093   -0.106666   -0.105197   -0.103634   -0.101847   -0.0992681   -0.0916831   -0.080292   -0.0730281   -0.0663259   -0.0620618   -0.062432   -0.0681351   -0.0768288   -0.0847561   -0.0920483   

605000
-8   -7   -6   -5   -4   -3   -2   -1   0   1   3   4   5   6   7   9   10   11   12   13   14   15   16   17   18   
-0.237498   -0.109584   -0.0306783   0.077369   0.1868   0.296758   0.407389   0.51328   0.616754   0.723115   0.9219   1.02446   1.12633   1.22651   1.32478   1.47331   1.49442   1.53122   1.54516   1.54138   1.50992   1.44953   1.38358   1.34781   1.35027   
0.0228719   0.056646   0.0157799   0.0134674   0.0114565   0.00998888   0.00907171   0.00858721   0.00924529   0.00952256   0.0102345   0.0111871   0.0120936   0.0130102   0.0139204   0.0182049   0.0238082   0.0287792   0.0363604   0.0468783   0.0633306   0.0870214   0.113397   0.13421   0.149275   
-0.119815   -0.0894792   -0.120194   -0.119524   -0.118521   -0.117535   -0.116639   -0.114941   -0.113063   -0.11205   -0.108127   -0.106699   -0.105261   -0.103674   -0.101933   -0.0917026   -0.0803689   -0.0730925   -0.0664156   -0.0621041   -0.0624068   -0.0681213   -0.0768441   -0.0848964   -0.0921208   

610000
-9   -6   -5   -4   -3   -2   -1   0   1   2   3   4   5   6   7   8   9   10   11   12   13   14   15   16   17   18   
-0.16477   -0.0307938   0.0772522   0.186777   0.296731   0.407383   0.513204   0.616721   0.723143   0.820088   0.922064   1.02478   1.12673   1.22668   1.32526   1.41684   1.47335   1.49503   1.53186   1.54654   1.54293   1.51135   1.45001   1.38338   1.34814   1.35041   
0.0915314   0.015722   0.013411   0.0114336   0.00996047   0.00904756   0.0085754   0.00923407   0.00951351   0.00913016   0.0102144   0.0111551   0.0120563   0.0129923   0.0138814   0.0150991   0.0182008   0.0237612   0.0287236   0.0362276   0.0467032   0.0631255   0.086946   0.113429   0.134272   0.149322   
-0.0582663   -0.120143   -0.11949   -0.118493   -0.117517   -0.116632   -0.114924   -0.113058   -0.112054   -0.109787   -0.108161   -0.106757   -0.105331   -0.103709   -0.102017   -0.0994153   -0.0917189   -0.0804424   -0.0731561   -0.066502   -0.0621476   -0.062387   -0.0681231   -0.0768756   -0.0850046   -0.0921856   

615000
-9   -8   -7   -5   -4   -3   -2   -1   0   1   2   3   4   5   6   7   8   9   10   11   12   13   14   15   16   17   18   
-0.334488   -0.224592   -0.137339   0.0771406   0.18677   0.296705   0.407366   0.513113   0.616769   0.723158   0.820066   0.922217   1.02508   1.12712   1.22683   1.32573   1.41718   1.47364   1.49561   1.53247   1.54786   1.54447   1.51261   1.45016   1.3829   1.3486   1.35056   
0.0274947   0.0347329   0.0184236   0.0133551   0.0114183   0.00993354   0.0090214   0.008566   0.0092169   0.00950582   0.0091253   0.0101954   0.0111243   0.0120201   0.0129758   0.0138434   0.015074   0.0181802   0.0237163   0.0286703   0.0361009   0.04653   0.0629467   0.0869272   0.113504   0.134294   0.149351   
-0.117819   -0.111166   -0.12036   -0.119456   -0.118465   -0.1175   -0.116623   -0.114902   -0.113068   -0.112056   -0.109793   -0.108194   -0.106812   -0.1054   -0.103741   -0.102098   -0.0994785   -0.0917697   -0.0805126   -0.0732175   -0.0665859   -0.0621916   -0.0623734   -0.0681427   -0.0769232   -0.0850858   -0.0922438   

620000
-9   -8   -7   -6   -5   -4   -3   -2   -1   0   1   2   3   4   5   6   7   8   9   10   11   12   13   14   15   16   17   18   
-0.336867   -0.225616   -0.137738   -0.0309403   0.0770331   0.186782   0.296682   0.407346   0.513008   0.616809   0.723162   0.820061   0.922364   1.02537   1.12749   1.22713   1.32618   1.41745   1.47424   1.49617   1.53306   1.54914   1.546   1.51365   1.44996   1.38214   1.34918   1.35075   
0.0263848   0.0333371   0.0182288   0.0156578   0.0132996   0.0114132   0.00990826   0.00899658   0.00855914   0.00920082   0.00949947   0.00911901   0.010177   0.0110946   0.0119849   0.0129481   0.0138064   0.015053   0.0181397   0.0236728   0.0286191   0.0359781   0.0463574   0.0628008   0.086966   0.113626   0.134299   0.149381   
-0.118486   -0.112317   -0.120341   -0.120037   -0.119421   -0.118438   -0.117482   -0.116614   -0.114877   -0.113076   -0.112056   -0.1098   -0.108225   -0.106865   -0.105466   -0.103796   -0.102178   -0.0995338   -0.091863   -0.0805808   -0.073277   -0.0666684   -0.0622359   -0.0623672   -0.06818   -0.0769869   -0.0851455   -0.0922973   

625000
-9   -8   -7   -6   -5   -4   -3   -2   -1   0   2   3   4   5   6   7   8   9   10   11   12   13   14   15   16   17   18   
-0.3399   -0.22625   -0.138124   -0.0309312   0.0769292   0.186819   0.296662   0.407324   0.512886   0.616842   0.820134   0.922503   1.02566   1.12786   1.22761   1.32662   1.41769   1.47476   1.49671   1.53364   1.55041   1.5475   1.51444   1.4494   1.3811   1.34983   1.35095   
0.0250219   0.0325314   0.0180416   0.0156743   0.0132445   0.0114219   0.00988453   0.00897298   0.00855532   0.00918575   0.00910603   0.0101593   0.0110658   0.0119507   0.0129069   0.0137706   0.0150345   0.0181046   0.0236312   0.0285689   0.0358562   0.0461876   0.0626898   0.0870561   0.113789   0.134274   0.149405   
-0.119251   -0.112923   -0.120319   -0.119982   -0.119387   -0.118412   -0.117463   -0.116603   -0.114847   -0.113082   -0.109819   -0.108255   -0.106917   -0.105531   -0.103879   -0.102255   -0.0995838   -0.0919446   -0.0806464   -0.0733355   -0.0667507   -0.0622806   -0.0623685   -0.0682337   -0.0770639   -0.0851859   -0.0923463   

630000
-8   -7   -6   -5   -4   -3   -2   -1   0   1   2   3   4   5   6   7   8   9   10   11   12   13   14   15   16   17   18   
-0.226677   -0.138498   -0.0307635   0.0768285   0.186887   0.296645   0.407298   0.512741   0.616865   0.723199   0.820199   0.922637   1.02593   1.12822   1.22808   1.32704   1.41808   1.4752   1.49723   1.53418   1.55165   1.54898   1.51494   1.4485   1.37981   1.35054   1.35115   
0.0321047   0.0178612   0.0157892   0.0131899   0.0114501   0.00986269   0.00895051   0.00855102   0.00917196   0.00948426   0.00909389   0.0101423   0.0110381   0.0119174   0.0128667   0.0137357   0.0150057   0.0180742   0.0235909   0.0285208   0.0357379   0.046022   0.062622   0.087205   0.113989   0.134229   0.149419   
-0.113209   -0.120294   -0.119921   -0.119352   -0.118387   -0.117445   -0.116591   -0.114816   -0.113087   -0.112062   -0.109837   -0.108284   -0.106967   -0.105594   -0.103959   -0.10233   -0.0996535   -0.0920167   -0.0807099   -0.0733912   -0.0668316   -0.0623254   -0.0623791   -0.068305   -0.0771517   -0.0852109   -0.092391   

635000
-8   -7   -6   -4   -3   -2   -1   0   1   2   3   4   5   6   7   8   9   10   11   12   13   14   15   16   17   18   
-0.22701   -0.138861   -0.0310861   0.186945   0.296632   0.407268   0.512582   0.616882   0.723293   0.820258   0.922764   1.02619   1.12856   1.22853   1.32745   1.41841   1.47559   1.49773   1.53469   1.55285   1.55041   1.51514   1.44727   1.37829   1.35132   1.35139   
0.0319301   0.0176872   0.0156415   0.0114801   0.00984316   0.00892912   0.00854958   0.00915924   0.00946923   0.00908236   0.0101258   0.0110112   0.011885   0.0128277   0.013702   0.0149808   0.018048   0.0235519   0.0284768   0.0356222   0.0458616   0.0625967   0.0874069   0.114224   0.13416   0.149432   
-0.113286   -0.120269   -0.119892   -0.118365   -0.117426   -0.116578   -0.11478   -0.11309   -0.112078   -0.109854   -0.108312   -0.107015   -0.105656   -0.104038   -0.102403   -0.0997157   -0.0920801   -0.0807718   -0.073443   -0.0669108   -0.0623701   -0.0623985   -0.0683923   -0.0772485   -0.0852222   -0.0924312   

640000
-8   -7   -6   -5   -4   -3   -2   -1   0   1   2   3   4   5   6   7   8   9   10   11   12   13   14   15   16   17   
-0.227261   -0.139214   -0.0313614   0.0766351   0.186817   0.296625   0.407235   0.512462   0.616893   0.723376   0.820312   0.922885   1.02644   1.12889   1.22897   1.32785   1.41869   1.47592   1.49822   1.53516   1.55403   1.55178   1.51502   1.44573   1.37656   1.35213   
0.0319407   0.0175193   0.0155257   0.0130821   0.011417   0.00982643   0.00890885   0.0085484   0.00914747   0.00945536   0.00907136   0.01011   0.010985   0.0118537   0.0127896   0.0136692   0.0149602   0.0180253   0.0235143   0.0284351   0.0355098   0.0457083   0.0626159   0.0876565   0.114482   0.134085   
-0.113216   -0.120241   -0.119861   -0.119282   -0.118344   -0.117407   -0.116563   -0.114751   -0.113093   -0.112093   -0.10987   -0.108339   -0.107062   -0.105716   -0.104114   -0.102474   -0.09977   -0.0921361   -0.0808316   -0.0734918   -0.066989   -0.0624143   -0.0624274   -0.0684947   -0.0773486   -0.085223   

645000
-9   -8   -7   -6   -5   -4   -3   -2   -1   0   1   2   3   4   5   6   7   8   9   10   11   12   13   14   15   16   17   18   
-0.172213   -0.244495   -0.139557   -0.0315986   0.0765418   0.186698   0.296624   0.407198   0.512396   0.616896   0.723447   0.820361   0.923   1.02669   1.12921   1.2294   1.32823   1.41891   1.47619   1.49869   1.53558   1.55518   1.55307   1.51458   1.44391   1.37464   1.35298   1.10864   
0.0892037   0.0199062   0.0173574   0.0154298   0.0130292   0.0113597   0.00981319   0.00888953   0.00854431   0.00913659   0.00944261   0.0090609   0.0100948   0.0109596   0.0118233   0.0127524   0.0136378   0.0149436   0.0180065   0.0234776   0.0283976   0.0354   0.0455639   0.0626841   0.0879522   0.114759   0.134001   0.160728   
-0.0605156   -0.120242   -0.120213   -0.119828   -0.119247   -0.118324   -0.117389   -0.116548   -0.114732   -0.113093   -0.112106   -0.109885   -0.108364   -0.107108   -0.105773   -0.104189   -0.102543   -0.0998167   -0.0921841   -0.0808902   -0.0735361   -0.0670658   -0.0624574   -0.0624664   -0.068612   -0.0774477   -0.085215   -0.0737965   

650000
-8   -7   -6   -5   -4   -3   -2   -1   0   1   3   4   5   6   7   8   9   10   11   12   13   14   15   16   18   
-0.245169   -0.139892   -0.0318089   0.076451   0.186588   0.296631   0.407157   0.512318   0.616894   0.723507   0.923106   1.02693   1.12952   1.22982   1.3286   1.41907   1.47641   1.49914   1.53593   1.55631   1.55427   1.5138   1.44185   1.37258   1.35215   
0.0196381   0.0172007   0.0153447   0.0129773   0.0113072   0.00980439   0.00887116   0.00854247   0.00912661   0.00943097   0.0100805   0.0109348   0.011794   0.0127163   0.0136076   0.0149313   0.0179914   0.0234429   0.0283664   0.0352926   0.0454296   0.0627985   0.0882894   0.115049   0.149451   
-0.120245   -0.120183   -0.119795   -0.119212   -0.118303   -0.11737   -0.116531   -0.114711   -0.113093   -0.112116   -0.108389   -0.107153   -0.105829   -0.104262   -0.102609   -0.0998551   -0.0922244   -0.0809458   -0.0735736   -0.0671418   -0.0624994   -0.0625151   -0.0687426   -0.0775397   -0.0925368   

655000
-8   -7   -6   -5   -4   -3   -2   -1   0   1   2   3   4   5   6   7   8   9   10   11   12   13   14   15   16   17   18   
-0.245812   -0.140218   -0.0320004   0.0763627   0.186485   0.29665   0.407112   0.512225   0.616883   0.723555   0.820443   0.923207   1.02716   1.12982   1.23022   1.32895   1.41929   1.47658   1.49957   1.53618   1.55743   1.55537   1.51272   1.43957   1.37451   1.17295   1.35243   
0.0193846   0.0170492   0.0152653   0.0129265   0.0112588   0.0098012   0.00885365   0.00854304   0.00911784   0.00942063   0.00904167   0.0100666   0.0109107   0.0117654   0.0126811   0.0135783   0.0149147   0.0179799   0.0234089   0.0283429   0.0351867   0.0453076   0.0629591   0.0886591   0.114755   0.147142   0.149466   
-0.120243   -0.120152   -0.119762   -0.119176   -0.118282   -0.117352   -0.116513   -0.114686   -0.113091   -0.112125   -0.109913   -0.108413   -0.107197   -0.105884   -0.104333   -0.102673   -0.0999009   -0.0922573   -0.0810003   -0.0736019   -0.0672175   -0.0625395   -0.0625738   -0.0688822   -0.077451   -0.0716749   -0.092569   

660000
-8   -7   -6   -5   -4   -3   -2   -1   0   1   2   3   4   5   6   7   8   9   10   11   12   13   14   15   16   18   
-0.246426   -0.140536   -0.0321771   0.0762778   0.18639   0.296683   0.407064   0.512121   0.616867   0.72359   0.820471   0.923305   1.02738   1.13012   1.23062   1.32929   1.41951   1.47669   1.49999   1.53632   1.55854   1.55633   1.51134   1.43711   1.37713   1.11056   
0.0191445   0.0169026   0.0151892   0.012877   0.0112139   0.00980525   0.00883707   0.00854607   0.00911004   0.00941172   0.00903337   0.0100531   0.0108872   0.0117375   0.0126467   0.0135502   0.0148981   0.0179721   0.0233766   0.0283294   0.0350814   0.0451998   0.0631623   0.0890565   0.114366   0.160481   
-0.120237   -0.12012   -0.119729   -0.119141   -0.118262   -0.117335   -0.116495   -0.114658   -0.113088   -0.112132   -0.109925   -0.108436   -0.107239   -0.105937   -0.104402   -0.102735   -0.0999466   -0.0922823   -0.0810527   -0.073619   -0.0672929   -0.0625772   -0.0626421   -0.0690293   -0.0773257   -0.0736899   

665000
-8   -7   -6   -5   -4   -3   -2   -1   0   1   3   4   5   6   7   8   9   10   11   12   13   14   15   16   17   18   
-0.247013   -0.140846   -0.032352   0.076197   0.1863   0.296732   0.407012   0.512006   0.616844   0.723613   0.9234   1.0276   1.1304   1.231   1.32962   1.41965   1.47676   1.50039   1.53631   1.55964   1.55715   1.50969   1.4345   1.37971   1.35652   1.11158   
0.0189164   0.0167609   0.0151102   0.012829   0.0111722   0.00981821   0.00882144   0.00855176   0.00910315   0.00940408   0.01004   0.0108643   0.0117103   0.0126132   0.013523   0.0148869   0.0179671   0.0233458   0.0283274   0.0349775   0.0451086   0.0634054   0.0894758   0.113955   0.133566   0.160316   
-0.120227   -0.120088   -0.119699   -0.119107   -0.118241   -0.117319   -0.116475   -0.114627   -0.113084   -0.112136   -0.108458   -0.107281   -0.10599   -0.10447   -0.102795   -0.099982   -0.092301   -0.0811026   -0.0736227   -0.0673686   -0.0626117   -0.0627189   -0.0691807   -0.0771901   -0.0851184   -0.0735932   

670000
-8   -7   -6   -5   -4   -3   -2   -1   0   1   2   3   4   5   6   7   8   9   10   11   12   13   14   16   18   
-0.247576   -0.141147   -0.032526   0.0761189   0.186216   0.296674   0.407002   0.511879   0.616816   0.723625   0.820504   0.923492   1.02781   1.13068   1.23138   1.32993   1.41973   1.47689   1.50077   1.53615   1.56073   1.5578   1.50779   1.38228   1.35327   
0.0186995   0.0166242   0.0150292   0.0127823   0.011133   0.00979091   0.00880348   0.00856023   0.00909713   0.00939766   0.00901908   0.0100273   0.0108419   0.0116836   0.0125805   0.0134968   0.0148811   0.0179583   0.0233163   0.0283388   0.0348744   0.0450359   0.0636864   0.113555   0.149432   
-0.120213   -0.120055   -0.119671   -0.119072   -0.11822   -0.117304   -0.116466   -0.114594   -0.113079   -0.112138   -0.109946   -0.10848   -0.107321   -0.106041   -0.104537   -0.102852   -0.100008   -0.0923278   -0.0811505   -0.0736114   -0.067444   -0.0626423   -0.0628039   -0.0770512   -0.0926478   

675000
-8   -7   -6   -4   -3   -2   -1   1   2   3   4   5   6   7   8   9   10   11   12   13   14   15   16   18   
-0.248115   -0.141434   -0.0326942   0.186136   0.296604   0.407013   0.511785   0.723624   0.820513   0.923583   1.02802   1.13095   1.23174   1.33023   1.41978   1.47744   1.5011   1.53581   1.56181   1.55827   1.50566   1.43519   1.38479   1.35357   
0.0184925   0.0164965   0.0149492   0.011096   0.00975899   0.00878451   0.00856832   0.00939256   0.00901275   0.0100147   0.0108202   0.0116576   0.0125488   0.0134717   0.0148767   0.0179219   0.0232902   0.0283646   0.0347722   0.0449839   0.0639995   0.0893728   0.113143   0.14942   
-0.120198   -0.12002   -0.119642   -0.118199   -0.117289   -0.116462   -0.114566   -0.112139   -0.109955   -0.108502   -0.107361   -0.106091   -0.104601   -0.102909   -0.10003   -0.0924133   -0.081193   -0.0735829   -0.0675194   -0.0626684   -0.0628952   -0.0691749   -0.0769074   -0.0926709   

680000
-7   -6   -5   -4   -2   -1   0   1   2   3   4   5   6   7   8   9   10   11   12   13   14   15   16   17   18   
-0.141714   -0.0328579   0.0759703   0.18606   0.407019   0.511739   0.616773   0.72361   0.820515   0.923672   1.02822   1.13122   1.23209   1.33052   1.41986   1.47785   1.5014   1.53525   1.56288   1.55852   1.50331   1.43998   1.38727   1.35929   1.11646   
0.0163726   0.01487   0.0126943   0.0110607   0.00876651   0.00857209   0.00908542   0.00938878   0.00900713   0.0100022   0.0107989   0.0116322   0.0125182   0.0134474   0.0148706   0.0178944   0.0232668   0.0284081   0.0346719   0.0449545   0.0643448   0.0886157   0.112754   0.133179   0.159563   
-0.119986   -0.119613   -0.119004   -0.118178   -0.116457   -0.114549   -0.11307   -0.112137   -0.109962   -0.108523   -0.107399   -0.10614   -0.104663   -0.102963   -0.100054   -0.09248   -0.0812314   -0.0735344   -0.0675952   -0.0626892   -0.0629962   -0.0689419   -0.0767672   -0.0849992   -0.0731333   

685000
-9   -8   -7   -6   -5   -4   -3   -2   -1   0   1   3   4   5   6   7   8   9   10   11   12   13   14   15   16   17   18   
-0.340364   -0.249114   -0.114849   -0.0330183   0.0758972   0.185987   0.296499   0.40702   0.511681   0.616837   0.723608   0.923822   1.02842   1.13147   1.23243   1.3308   1.41988   1.47814   1.50166   1.53446   1.56394   1.55855   1.50078   1.44442   1.38968   1.36022   1.35419   
0.0264125   0.0181026   0.0574456   0.0147914   0.0126534   0.0110272   0.0096973   0.00874953   0.00857728   0.00907288   0.00938411   0.00998458   0.0107783   0.0116076   0.0124884   0.0134241   0.0148686   0.0178745   0.0232465   0.0284716   0.0345716   0.0449494   0.0647194   0.087907   0.11235   0.133036   0.149394   
-0.117365   -0.120176   -0.086165   -0.119583   -0.118971   -0.118157   -0.117266   -0.116449   -0.11453   -0.113081   -0.112137   -0.108553   -0.107437   -0.106187   -0.104724   -0.103015   -0.100071   -0.0925308   -0.0812646   -0.0734631   -0.0676697   -0.0627045   -0.0631052   -0.0687239   -0.0766248   -0.0849527   -0.0927124   

690000
-9   -8   -7   -6   -5   -4   -3   -2   -1   0   1   2   3   4   5   6   7   8   9   10   11   12   13   15   16   17   18   
-0.336127   -0.24958   -0.115642   -0.0331757   0.0758283   0.185917   0.296473   0.407016   0.511614   0.616885   0.723687   0.820598   0.924013   1.02861   1.13172   1.23276   1.33106   1.41983   1.47834   1.50186   1.5336   1.56498   1.55835   1.4485   1.39203   1.36116   1.3545   
0.029533   0.0179182   0.057977   0.0147136   0.0126147   0.010995   0.00966549   0.00873354   0.0085834   0.00905685   0.00937112   0.0089891   0.00996334   0.0107582   0.0115836   0.0124594   0.0134016   0.0148718   0.0178615   0.0232302   0.0285398   0.0344736   0.0449704   0.0872577   0.111967   0.132902   0.149364   
-0.114913   -0.120167   -0.0849672   -0.119553   -0.118938   -0.118135   -0.117261   -0.116441   -0.114509   -0.113092   -0.112152   -0.109989   -0.108589   -0.107474   -0.106233   -0.104783   -0.103066   -0.100078   -0.0925673   -0.0812911   -0.0733871   -0.0677443   -0.0627139   -0.0685281   -0.0764863   -0.084905   -0.0927304   

695000
-9   -8   -7   -6   -5   -4   -3   -2   -1   0   1   3   4   5   6   7   8   9   10   11   12   13   14   15   16   17   
-0.335525   -0.226192   -0.142517   -0.0333304   0.0757645   0.18585   0.296449   0.407007   0.511534   0.616927   0.723755   0.924198   1.02879   1.13196   1.23308   1.33132   1.41978   1.47848   1.50203   1.53495   1.56601   1.5579   1.49994   1.45224   1.39433   1.3621   
0.0306814   0.0373607   0.0160224   0.0146367   0.0125786   0.010964   0.00963514   0.0087187   0.00858906   0.00904167   0.00935913   0.00994266   0.0107388   0.0115601   0.0124312   0.01338   0.0148752   0.0178522   0.0232174   0.0284273   0.0343773   0.0450185   0.0648528   0.0866699   0.111594   0.13276   
-0.113969   -0.107834   -0.11988   -0.119523   -0.118907   -0.118114   -0.117256   -0.116431   -0.114487   -0.113102   -0.112165   -0.108624   -0.107509   -0.106279   -0.104841   -0.103115   -0.100084   -0.0925962   -0.0813121   -0.0735136   -0.0678184   -0.0627173   -0.0631727   -0.0683553   -0.0763522   -0.0848548   

700000
-9   -8   -7   -6   -5   -4   -3   -2   -1   0   1   3   4   5   6   7   8   9   10   11   12   13   14   15   16   17   18   
-0.334979   -0.225753   -0.142773   -0.0334828   0.0757066   0.185785   0.296427   0.406993   0.511442   0.616965   0.723812   0.924376   1.02896   1.1322   1.23339   1.33157   1.41975   1.47895   1.50212   1.53623   1.56701   1.5572   1.50424   1.45581   1.39651   1.36306   1.35513   
0.0316963   0.0381623   0.0159125   0.0145607   0.0125453   0.0109341   0.00960608   0.00870522   0.00859508   0.00902725   0.00934827   0.0099226   0.01072   0.0115373   0.0124037   0.0133591   0.014877   0.0178205   0.0232091   0.0283202   0.0342832   0.0450937   0.0642307   0.0861091   0.111226   0.132618   0.14936   
-0.113128   -0.107001   -0.119845   -0.119493   -0.118876   -0.118093   -0.117251   -0.11642   -0.114464   -0.11311   -0.112176   -0.108659   -0.107544   -0.106323   -0.104897   -0.103162   -0.100092   -0.0926717   -0.0813255   -0.0736353   -0.0678918   -0.062715   -0.0630388   -0.0681892   -0.0762218   -0.084803   -0.0927717   

705000
-9   -8   -7   -6   -4   -3   -2   -1   0   1   2   3   4   5   6   7   8   9   10   11   12   13   14   15   16   17   
-0.334394   -0.225239   -0.143022   -0.033633   0.185723   0.296407   0.406975   0.511338   0.616998   0.723855   0.820844   0.924546   1.02913   1.13243   1.23369   1.33181   1.41969   1.47929   1.50215   1.53746   1.568   1.55625   1.50813   1.45923   1.39864   1.364   
0.0326035   0.0390287   0.0158059   0.0144857   0.0109052   0.00957817   0.00869359   0.00860113   0.00901357   0.00933873   0.00895171   0.00990331   0.0107016   0.0115149   0.0123769   0.013339   0.0148807   0.0177985   0.0232063   0.0282177   0.0341911   0.0451959   0.063667   0.0855675   0.110878   0.132471   
-0.11234   -0.106088   -0.119811   -0.119462   -0.118073   -0.117245   -0.116407   -0.114439   -0.113118   -0.112185   -0.110047   -0.108691   -0.107577   -0.106366   -0.104952   -0.103208   -0.100096   -0.0927273   -0.0813299   -0.073752   -0.0679641   -0.0627075   -0.0629242   -0.0680277   -0.0760972   -0.0847491   

710000
-9   -8   -7   -6   -5   -4   -3   -2   -1   0   1   2   3   4   5   6   8   9   10   11   12   13   14   15   16   17   18   
-0.333738   -0.150618   -0.143265   -0.0337815   0.075608   0.185663   0.296387   0.406953   0.511226   0.617025   0.723886   0.820917   0.924711   1.0293   1.13265   1.23399   1.4196   1.47948   1.50257   1.53863   1.56895   1.55507   1.51174   1.46248   1.40073   1.36496   1.35574   
0.0334988   0.0785722   0.0157025   0.0144118   0.0124835   0.0108774   0.00955131   0.00868402   0.00860767   0.00900059   0.0093304   0.00894012   0.00988454   0.0106837   0.0114932   0.0123507   0.0148871   0.0177859   0.0231743   0.0281199   0.0341018   0.0453245   0.0631483   0.0850491   0.110532   0.132321   0.149322   
-0.111528   -0.0620304   -0.119776   -0.119431   -0.118819   -0.118052   -0.117239   -0.116393   -0.114414   -0.113125   -0.112192   -0.110065   -0.108723   -0.10761   -0.106409   -0.105006   -0.100095   -0.0927632   -0.0813819   -0.0738643   -0.0680349   -0.0626954   -0.0628226   -0.0678744   -0.0759738   -0.0846939   -0.0928082   

715000
-9   -8   -7   -6   -5   -3   -2   -1   0   1   3   4   5   6   7   10   11   12   13   14   15   16   17   18   
-0.333052   -0.251711   -0.143502   -0.0339281   0.0755654   0.296368   0.406927   0.511143   0.617048   0.723905   0.924871   1.02946   1.13287   1.23427   1.33224   1.50322   1.53974   1.56988   1.55367   1.42191   1.46558   1.40278   1.36593   1.35603   
0.0343775   0.0170994   0.0156022   0.014339   0.012453   0.00952542   0.00867652   0.00861083   0.00898827   0.00932322   0.00986625   0.0106663   0.0114719   0.0123252   0.013302   0.0231253   0.0280266   0.0340145   0.0454787   0.0682122   0.0845628   0.110193   0.132173   0.14931   
-0.110694   -0.120088   -0.119742   -0.1194   -0.118794   -0.117232   -0.116377   -0.114394   -0.113131   -0.112197   -0.108755   -0.107642   -0.10645   -0.105058   -0.103293   -0.0814624   -0.0739726   -0.0681041   -0.0626792   -0.0562814   -0.067732   -0.0758521   -0.0846372   -0.0928284   

720000
-9   -8   -7   -6   -5   -4   -3   -2   -1   0   1   2   3   4   5   6   7   8   9   10   11   12   13   14   15   16   17   18   
-0.332329   -0.222886   -0.143731   -0.0340735   0.0755316   0.185558   0.296348   0.406897   0.511107   0.617066   0.723912   0.821049   0.925026   1.02961   1.13308   1.23455   1.33245   1.41945   1.47992   1.50385   1.54082   1.57078   1.55205   1.51834   1.46848   1.40481   1.3669   1.35633   
0.0352431   0.0422972   0.015505   0.0142672   0.0124274   0.0108206   0.00950041   0.00867132   0.00861028   0.00897674   0.00931719   0.00891858   0.00984842   0.0106493   0.0114512   0.0123003   0.0132849   0.0148967   0.017757   0.0230777   0.0279373   0.0339301   0.0456566   0.0622071   0.0841056   0.109852   0.132017   0.149303   
-0.109843   -0.102537   -0.119709   -0.119369   -0.118769   -0.118016   -0.117225   -0.11636   -0.114384   -0.113136   -0.1122   -0.110098   -0.108785   -0.107674   -0.10649   -0.10511   -0.103332   -0.100097   -0.0928427   -0.0815408   -0.074077   -0.0681719   -0.0626596   -0.0626447   -0.0676019   -0.0757303   -0.0845785   -0.0928472   

725000
-9   -8   -6   -5   -4   -3   -2   0   1   2   3   4   5   6   7   8   9   10   11   12   13   14   15   16   17   18   
-0.331593   -0.221898   -0.0342165   0.0755088   0.185517   0.296328   0.406864   0.617078   0.723905   0.821105   0.925177   1.02976   1.13329   1.23483   1.33264   1.41943   1.48011   1.50446   1.54185   1.57165   1.55023   1.52132   1.47122   1.40683   1.36787   1.35665   
0.0360937   0.043527   0.0141969   0.0124082   0.010788   0.00947624   0.00866879   0.00896591   0.00931248   0.00890875   0.00983103   0.0106328   0.0114309   0.012276   0.0132681   0.0148978   0.0177438   0.0230316   0.0278516   0.0338499   0.0458575   0.0617856   0.0836786   0.109514   0.131862   0.149284   
-0.108977   -0.101139   -0.119338   -0.118745   -0.118002   -0.117217   -0.116342   -0.11314   -0.1122   -0.110114   -0.108815   -0.107704   -0.10653   -0.10516   -0.103371   -0.100104   -0.0928799   -0.0816171   -0.0741778   -0.0682381   -0.0626373   -0.0625719   -0.0674835   -0.0756095   -0.0845191   -0.0928628   

730000
-9   -8   -7   -6   -5   -4   -3   -2   -1   0   1   2   3   4   5   6   7   8   10   11   12   13   15   16   17   18   
-0.33084   -0.22054   -0.14416   -0.0343579   0.0755001   0.185477   0.296308   0.406806   0.511011   0.617086   0.723883   0.821157   0.925323   1.02991   1.13349   1.23509   1.33306   1.41938   1.50506   1.54284   1.57247   1.54823   1.47388   1.40882   1.36885   1.35697   
0.036927   0.0451764   0.0153133   0.0141278   0.0123974   0.0107562   0.00945276   0.00865787   0.00860899   0.00895573   0.00930927   0.00889938   0.00981405   0.0106166   0.0114113   0.0122523   0.013235   0.0149007   0.0229871   0.0277693   0.0337719   0.0460793   0.0832645   0.109176   0.131704   0.149264   
-0.108107   -0.0991883   -0.119655   -0.119307   -0.118721   -0.117988   -0.117209   -0.116324   -0.114361   -0.113143   -0.112199   -0.110128   -0.108844   -0.107734   -0.106568   -0.105209   -0.103443   -0.100108   -0.0816909   -0.0742752   -0.0683004   -0.0626124   -0.0673683   -0.0754886   -0.0844586   -0.0928765   

735000
-9   -8   -7   -6   -5   -4   -3   -2   -1   0   1   2   3   4   5   6   7   8   9   10   11   12   13   14   15   16   17   18   
-0.330088   -0.253225   -0.144364   -0.034497   0.0755098   0.18544   0.296288   0.406729   0.510952   0.617089   0.723849   0.821204   0.925466   1.03005   1.13368   1.23535   1.33346   1.41933   1.48021   1.50563   1.54379   1.57325   1.54607   1.52682   1.47648   1.41081   1.36986   1.35731   
0.0377486   0.0165455   0.0152192   0.0140603   0.0123978   0.0107251   0.00942991   0.0086419   0.00860836   0.00894628   0.00930717   0.0088905   0.00979748   0.0106009   0.011392   0.0122293   0.0132033   0.0149043   0.0177373   0.0229439   0.0276901   0.0336992   0.0463219   0.0610128   0.0828556   0.108846   0.131541   0.149234   
-0.10722   -0.119993   -0.119631   -0.119276   -0.118697   -0.117974   -0.117201   -0.116305   -0.114348   -0.113145   -0.112195   -0.110142   -0.108872   -0.107763   -0.106606   -0.105257   -0.103512   -0.10011   -0.0929135   -0.0817631   -0.0743696   -0.0683601   -0.0625865   -0.0624462   -0.0672541   -0.0753691   -0.0843958   -0.0928867   

740000
-9   -8   -7   -6   -5   -4   -3   -2   -1   0   1   3   4   5   6   7   8   9   10   11   12   13   14   15   16   17   18   
-0.356017   -0.253582   -0.144563   -0.034634   0.0755456   0.185404   0.296266   0.406672   0.510885   0.617088   0.723885   0.925604   1.03019   1.13387   1.2356   1.33384   1.41926   1.47945   1.5062   1.54471   1.57396   1.54793   1.52939   1.47903   1.41276   1.37087   1.35767   
0.0198742   0.0164184   0.0151278   0.0139942   0.0124147   0.0106946   0.00940728   0.00862566   0.00860871   0.0089375   0.00929946   0.00978131   0.0105855   0.0113732   0.0122069   0.013173   0.0149089   0.0177871   0.0229018   0.0276137   0.0336319   0.0461117   0.0606507   0.0824565   0.108518   0.131385   0.149222   
-0.119922   -0.119966   -0.119606   -0.119244   -0.118673   -0.117959   -0.117192   -0.11629   -0.114334   -0.113146   -0.112203   -0.1089   -0.107792   -0.106643   -0.105304   -0.103579   -0.10011   -0.0928223   -0.0818336   -0.0744613   -0.0684158   -0.062629   -0.0623889   -0.0671422   -0.0752518   -0.0843333   -0.0928959   

745000
-9   -8   -7   -6   -5   -4   -3   -2   -1   0   1   2   3   4   5   6   7   8   9   10   11   12   13   14   15   16   17   18   
-0.35669   -0.25393   -0.144758   -0.0347693   0.0756257   0.18537   0.296244   0.406665   0.510811   0.617082   0.723931   0.821285   0.925739   1.03033   1.13406   1.23584   1.33421   1.41919   1.47832   1.50674   1.5456   1.57461   1.55072   1.53186   1.48152   1.4147   1.37188   1.35804   
0.0196466   0.0162952   0.0150389   0.0139295   0.0124607   0.0106647   0.00938511   0.008607   0.00860983   0.00892931   0.00929109   0.00887418   0.00976551   0.0105705   0.0113549   0.0121851   0.013144   0.0149138   0.0178618   0.0228607   0.0275395   0.0335708   0.0458004   0.0603058   0.0820644   0.10819   0.13122   0.14919   
-0.119938   -0.119939   -0.119582   -0.119213   -0.11865   -0.117945   -0.117183   -0.116287   -0.114319   -0.113147   -0.112211   -0.110167   -0.108927   -0.10782   -0.106679   -0.105349   -0.103642   -0.100109   -0.0926786   -0.0819025   -0.0745507   -0.0684668   -0.06269   -0.0623373   -0.067034   -0.0751351   -0.0842688   -0.0929008   

750000
-9   -8   -7   -6   -5   -4   -3   -2   -1   0   1   2   3   4   5   6   7   8   9   10   11   12   13   14   15   16   17   18   
-0.357337   -0.25427   -0.144949   -0.0349031   0.0757514   0.185337   0.296221   0.406652   0.51073   0.617073   0.723964   0.821313   0.92587   1.03046   1.13424   1.23608   1.33455   1.41917   1.47719   1.50728   1.54648   1.57519   1.55338   1.53421   1.48395   1.41661   1.3729   1.35843   
0.0194313   0.0161757   0.0149528   0.0138663   0.0125415   0.0106355   0.00936349   0.00858932   0.00861127   0.00892166   0.00928392   0.00886711   0.00975007   0.0105558   0.011337   0.0121639   0.0131163   0.0149149   0.0179356   0.0228204   0.0274666   0.0335169   0.0455078   0.0599838   0.0816868   0.107868   0.131056   0.149141   
-0.119948   -0.119911   -0.119557   -0.119182   -0.118629   -0.11793   -0.117174   -0.116282   -0.114302   -0.113146   -0.112218   -0.110178   -0.108954   -0.107847   -0.106714   -0.105394   -0.103704   -0.100116   -0.0925336   -0.0819702   -0.074639   -0.0685125   -0.0627513   -0.0622936   -0.06693   -0.0750205   -0.0842037   -0.092902   

755000
-10   -9   -8   -7   -6   -5   -4   -3   -2   -1   0   1   2   3   4   5   6   7   8   9   10   11   12   13   14   15   16   17   
-0.4456   -0.357955   -0.254603   -0.145134   -0.0350348   0.0756145   0.185304   0.296198   0.406633   0.510641   0.617059   0.723985   0.821338   0.925998   1.03059   1.13442   1.23631   1.33489   1.41922   1.47607   1.50781   1.54735   1.57567   1.55589   1.53646   1.4863   1.41851   1.18133   
0.0272541   0.0192279   0.0160599   0.0148692   0.0138045   0.0124692   0.0106067   0.00934243   0.00857253   0.0086122   0.00891466   0.00927815   0.00886043   0.00973501   0.0105414   0.0113196   0.0121433   0.0130896   0.0149107   0.0180088   0.0227809   0.0273946   0.0334713   0.0452285   0.0596764   0.0813213   0.107548   0.146197   
-0.117286   -0.119953   -0.119882   -0.119532   -0.119151   -0.118612   -0.117916   -0.117164   -0.116276   -0.114285   -0.113145   -0.112223   -0.110188   -0.10898   -0.107874   -0.106749   -0.105437   -0.103763   -0.100132   -0.0923868   -0.082037   -0.0747263   -0.0685518   -0.0628114   -0.0622549   -0.0668313   -0.0749081   -0.0716905   

760000
-10   -9   -8   -7   -6   -5   -4   -3   -2   0   1   2   3   4   5   6   7   8   9   10   11   12   13   14   15   16   17   18   
-0.441689   -0.358548   -0.254928   -0.145317   -0.0351644   0.0754846   0.185269   0.296175   0.406607   0.617042   0.723994   0.821361   0.926121   1.03072   1.13459   1.23653   1.3352   1.41927   1.47497   1.50833   1.5482   1.57604   1.55829   1.53864   1.48856   1.4204   1.37498   1.35926   
0.0303391   0.0190349   0.0159479   0.014788   0.0137443   0.0124025   0.010578   0.0093219   0.00855667   0.00890821   0.00927351   0.00885407   0.00972036   0.0105273   0.0113025   0.0121233   0.0130641   0.0149067   0.0180814   0.0227423   0.0273245   0.0334353   0.0449665   0.0593774   0.0809691   0.107238   0.130717   0.149055   
-0.115033   -0.119953   -0.119853   -0.119507   -0.11912   -0.118595   -0.117901   -0.117154   -0.116268   -0.113144   -0.112226   -0.110198   -0.109005   -0.1079   -0.106783   -0.105479   -0.103819   -0.100148   -0.0922388   -0.0821025   -0.0748116   -0.0685838   -0.0628725   -0.0622177   -0.0667393   -0.0747997   -0.0840692   -0.0928971   

765000
-10   -9   -8   -7   -6   -5   -4   -3   -2   -1   0   1   2   3   4   5   6   7   8   9   10   11   12   13   14   15   16   17   18   
-0.439881   -0.359121   -0.255245   -0.145496   -0.0352918   0.075361   0.185235   0.296151   0.406574   0.510505   0.617023   0.723991   0.821382   0.926238   1.03084   1.13476   1.23674   1.33551   1.41931   1.47388   1.50884   1.54902   1.5763   1.56055   1.54075   1.49078   1.42225   1.37604   1.3597   
0.031807   0.0188502   0.0158397   0.0147092   0.0136855   0.0123406   0.01055   0.00930191   0.0085417   0.00861118   0.00890213   0.00926998   0.00884786   0.00970628   0.0105136   0.0112859   0.0121038   0.0130397   0.0149032   0.0181532   0.0227044   0.027256   0.033411   0.0447191   0.0590875   0.0806278   0.106926   0.130545   0.149007   
-0.113873   -0.11995   -0.119824   -0.119481   -0.11909   -0.118577   -0.117887   -0.117144   -0.116258   -0.114259   -0.113142   -0.112227   -0.110207   -0.109029   -0.107926   -0.106816   -0.10552   -0.103874   -0.100163   -0.0920903   -0.082167   -0.0748955   -0.0686076   -0.0629334   -0.0621825   -0.0666508   -0.0746919   -0.0840002   -0.09289   

770000
-10   -9   -8   -7   -6   -5   -4   -3   -2   -1   0   1   2   3   4   5   6   7   8   9   10   11   12   13   14   15   16   17   18   
-0.438118   -0.324458   -0.255555   -0.145671   -0.0354167   0.075243   0.185202   0.296128   0.406535   0.510481   0.617089   0.723976   0.821404   0.926352   1.03096   1.13492   1.23695   1.33579   1.41935   1.47281   1.50934   1.54984   1.57643   1.56269   1.54281   1.49299   1.42413   1.37711   1.36016   
0.0331424   0.0432595   0.0157351   0.0146327   0.0136282   0.012283   0.0105229   0.00928247   0.00852755   0.00860743   0.00888922   0.0092676   0.00884168   0.00969251   0.0105006   0.0112696   0.0120849   0.0130163   0.0149001   0.0182244   0.0226673   0.0271888   0.0333968   0.0444865   0.0588052   0.0802844   0.106615   0.13037   0.14895   
-0.112723   -0.100766   -0.119794   -0.119456   -0.11906   -0.11856   -0.117872   -0.117133   -0.116247   -0.114254   -0.113154   -0.112227   -0.110217   -0.109053   -0.10795   -0.106848   -0.10556   -0.103926   -0.100177   -0.0919417   -0.0822302   -0.074978   -0.0686218   -0.0629941   -0.0621492   -0.0665615   -0.0745837   -0.0839297   -0.0928797   

775000
-10   -9   -8   -7   -6   -5   -4   -3   -2   -1   0   1   3   4   5   6   7   8   9   10   11   12   13   14   15   16   17   18   
-0.454071   -0.323574   -0.255857   -0.145842   -0.0355389   0.0751307   0.185171   0.296103   0.406489   0.510453   0.617154   0.723942   0.926463   1.03107   1.13508   1.23716   1.33606   1.41938   1.47175   1.50983   1.55063   1.57643   1.56473   1.54483   1.49521   1.42601   1.3782   1.36064   
0.0236948   0.0440354   0.015634   0.0145585   0.0135725   0.0122293   0.0104967   0.00926363   0.00851422   0.00860423   0.00887662   0.00926614   0.00967912   0.010488   0.0112537   0.0120665   0.0129944   0.0148977   0.018295   0.0226312   0.0271231   0.0333945   0.0442655   0.0585309   0.0799447   0.106293   0.13019   0.148894   
-0.119281   -0.0997969   -0.119764   -0.11943   -0.119031   -0.118543   -0.117857   -0.117122   -0.116234   -0.114248   -0.113166   -0.112224   -0.109076   -0.107974   -0.10688   -0.105599   -0.103976   -0.10019   -0.0917937   -0.082292   -0.0750594   -0.0686281   -0.0630547   -0.0621182   -0.0664719   -0.0744731   -0.0838572   -0.0928668   

780000
-10   -9   -8   -7   -6   -5   -4   -3   -2   -1   0   1   2   3   4   5   6   7   8   9   10   11   12   13   14   15   17   18   
-0.455357   -0.322665   -0.256152   -0.14601   -0.0356574   0.0750232   0.185142   0.296079   0.406435   0.510421   0.617215   0.723896   0.821542   0.92657   1.03118   1.13523   1.23735   1.33632   1.4194   1.47071   1.51031   1.55142   1.57631   1.56671   1.54679   1.49742   1.3793   1.36113   
0.0232467   0.0448143   0.015536   0.0144867   0.0135185   0.0121789   0.0104716   0.00924542   0.00850169   0.00860152   0.00886462   0.00926526   0.00882093   0.00966602   0.0104758   0.0112387   0.0120486   0.0129736   0.0148959   0.0183644   0.0225959   0.0270584   0.0334038   0.0440531   0.0582656   0.0795998   0.130007   0.148833   
-0.119454   -0.0988094   -0.119734   -0.119404   -0.119002   -0.118525   -0.117842   -0.117111   -0.116219   -0.114241   -0.113177   -0.112219   -0.11025   -0.109099   -0.107997   -0.10691   -0.105637   -0.104023   -0.100201   -0.091648   -0.0823531   -0.0751397   -0.0686249   -0.0631148   -0.0620909   -0.0663809   -0.0837832   -0.0928511   

785000
-10   -9   -8   -7   -6   -5   -4   -3   -2   0   1   2   3   4   5   6   7   8   9   10   11   12   13   14   15   16   17   18   
-0.456523   -0.321711   -0.25644   -0.146175   -0.0357725   0.0749198   0.185115   0.296054   0.406374   0.617271   0.723872   0.821633   0.926674   1.03128   1.13538   1.23755   1.33656   1.4194   1.4697   1.51078   1.55219   1.57605   1.56862   1.54869   1.49963   1.42986   1.38043   1.36163   
0.0228518   0.0456075   0.0154413   0.0144173   0.0134661   0.0121314   0.010448   0.00922783   0.00848998   0.00885325   0.00926261   0.00880856   0.00965328   0.0104638   0.0112241   0.0120312   0.0129538   0.0148954   0.0184326   0.022561   0.0269949   0.0334256   0.0438485   0.0580101   0.0792567   0.105645   0.12982   0.148752   
-0.11959   -0.0977908   -0.119704   -0.119378   -0.118974   -0.118508   -0.117827   -0.117099   -0.116203   -0.113188   -0.112218   -0.110269   -0.109121   -0.108019   -0.106939   -0.105674   -0.104068   -0.100209   -0.0915049   -0.0824133   -0.0752191   -0.0686122   -0.0631742   -0.0620672   -0.0662911   -0.0742469   -0.0837072   -0.0928311   

790000
-10   -9   -8   -7   -6   -5   -4   -3   -2   0   1   2   3   4   5   6   7   9   10   11   12   13   14   15   16   17   18   
-0.457595   -0.320704   -0.25672   -0.146188   -0.0358831   0.0748204   0.185091   0.296029   0.406305   0.617324   0.723899   0.821719   0.926775   1.03138   1.13552   1.23773   1.33678   1.46871   1.51124   1.55295   1.57564   1.57046   1.55053   1.50183   1.43184   1.38157   1.36216   
0.0224974   0.0464131   0.0153498   0.0144966   0.0134154   0.0120866   0.010426   0.00921093   0.00847919   0.00884246   0.00925584   0.0087968   0.0096408   0.0104521   0.01121   0.0120146   0.0129352   0.0184991   0.0225264   0.0269323   0.0334607   0.0436506   0.0577626   0.0789165   0.105311   0.129629   0.148691   
-0.119699   -0.0967462   -0.119674   -0.119361   -0.118947   -0.11849   -0.117811   -0.117088   -0.116185   -0.113197   -0.112225   -0.110288   -0.109143   -0.108041   -0.106967   -0.10571   -0.104111   -0.0913655   -0.0824729   -0.0752979   -0.0685896   -0.0632321   -0.0620464   -0.0662019   -0.0741301   -0.0836293   -0.0928108   

795000
-10   -9   -8   -7   -6   -5   -4   -3   -2   -1   0   1   3   4   5   6   7   8   9   10   11   12   13   14   15   16   17   18   
-0.458587   -0.319652   -0.256991   -0.146305   -0.0359863   0.0747245   0.185069   0.296005   0.406229   0.510289   0.617372   0.723911   0.926874   1.03148   1.13565   1.2379   1.337   1.41938   1.46775   1.51171   1.55371   1.57508   1.57224   1.55236   1.50401   1.43384   1.38274   1.3627   
0.0221761   0.0472341   0.0152615   0.0144768   0.0133632   0.0120442   0.0104057   0.00919476   0.0084692   0.00859466   0.00883237   0.00925051   0.00962863   0.0104407   0.0111963   0.0119988   0.0129175   0.0148969   0.0185639   0.0224921   0.0268703   0.0335095   0.0434601   0.0575184   0.0785795   0.104972   0.129434   0.148623   
-0.119787   -0.0956654   -0.119645   -0.119338   -0.118924   -0.118471   -0.117796   -0.117076   -0.116166   -0.114216   -0.113206   -0.112229   -0.109164   -0.108062   -0.106995   -0.105744   -0.104152   -0.100222   -0.0912304   -0.0825324   -0.0753762   -0.0685567   -0.0632899   -0.0620262   -0.0661146   -0.0740123   -0.0835494   -0.0927878   

800000
-10   -9   -7   -6   -5   -4   -3   -2   -1   0   1   3   4   5   6   7   8   9   10   11   12   13   14   15   16   17   18   
-0.459513   -0.318526   -0.146447   -0.0360835   0.0746315   0.185049   0.29598   0.406146   0.510234   0.617415   0.715816   0.92697   1.03163   1.13578   1.23807   1.3372   1.4194   1.46683   1.51217   1.55445   1.57437   1.57397   1.55416   1.50615   1.43584   1.38393   1.36325   
0.0218814   0.0480762   0.0144352   0.0133091   0.012004   0.0103875   0.00917936   0.00846004   0.00859233   0.00882287   0.00572583   0.00961675   0.0104248   0.011183   0.0119835   0.012901   0.014895   0.0186265   0.0224582   0.0268092   0.0335725   0.0432756   0.057278   0.0782499   0.104625   0.129234   0.148545   
-0.119858   -0.094548   -0.119315   -0.118903   -0.118453   -0.11778   -0.117064   -0.116145   -0.114207   -0.113214   -0.110313   -0.109184   -0.108091   -0.107021   -0.105777   -0.104191   -0.100233   -0.0911003   -0.0825913   -0.075454   -0.0685133   -0.0633468   -0.0620069   -0.0660313   -0.0738925   -0.0834671   -0.0927615   

805000
-10   -9   -8   -7   -6   -5   -4   -3   -2   -1   0   1   2   3   4   5   6   7   8   9   10   11   12   13   14   15   16   17   18   
-0.460379   -0.317333   -0.25749   -0.1466   -0.0361782   0.0745411   0.185034   0.295957   0.406098   0.510174   0.617455   0.7239   0.821954   0.927063   1.03185   1.13591   1.23823   1.33738   1.41953   1.46594   1.51262   1.55519   1.5735   1.57563   1.55595   1.50825   1.30311   1.38514   1.36382   
0.0216095   0.0489409   0.0150915   0.0143854   0.0132565   0.0119655   0.0103716   0.00916492   0.00844922   0.00859053   0.00881394   0.00924334   0.0087637   0.00960512   0.0104036   0.0111701   0.0119688   0.0128855   0.0148851   0.0186868   0.0224247   0.0267489   0.0336498   0.0430968   0.0570382   0.0779267   0.117613   0.129031   0.148466   
-0.119916   -0.0933848   -0.119595   -0.11929   -0.118883   -0.118435   -0.117765   -0.117051   -0.116131   -0.114196   -0.113221   -0.112232   -0.11034   -0.109205   -0.10813   -0.107047   -0.105809   -0.104228   -0.100259   -0.0909762   -0.0826497   -0.0755312   -0.0684595   -0.0634027   -0.0619878   -0.0659512   -0.0665345   -0.0833828   -0.0927331   

810000
-10   -9   -8   -7   -6   -5   -4   -3   -2   -1   0   1   3   4   5   6   7   8   9   10   11   12   13   14   15   16   17   18   
-0.461194   -0.316072   -0.257714   -0.146758   -0.0362704   0.0744533   0.185024   0.295934   0.406087   0.510109   0.617491   0.723877   0.927154   1.03205   1.13603   1.23838   1.33755   1.41966   1.4651   1.51307   1.55592   1.57247   1.57725   1.55772   1.51037   1.43996   1.38637   1.36439   
0.0213571   0.0498347   0.0150086   0.0143315   0.0132055   0.0119285   0.0103585   0.00915147   0.00843639   0.00858947   0.00880509   0.00924153   0.00959374   0.0103828   0.0111577   0.0119546   0.012871   0.0148754   0.0187436   0.0223916   0.0266893   0.0337417   0.0429267   0.0568016   0.0776003   0.103937   0.128817   0.148382   
-0.119964   -0.0921611   -0.119577   -0.119266   -0.118862   -0.118416   -0.117749   -0.117039   -0.116126   -0.114185   -0.113228   -0.112231   -0.109225   -0.108167   -0.107072   -0.10584   -0.104262   -0.100286   -0.0908598   -0.0827077   -0.0756078   -0.0683953   -0.0634597   -0.0619698   -0.0658695   -0.0736522   -0.0832955   -0.0927024   

815000
-10   -9   -8   -7   -6   -5   -4   -3   -2   -1   0   1   2   3   4   5   6   7   8   9   10   12   13   14   15   16   17   
-0.461962   -0.3147   -0.257932   -0.146919   -0.0363603   0.0743673   0.185018   0.295912   0.406069   0.510039   0.617517   0.723837   0.822095   0.927244   1.03226   1.13614   1.23853   1.33771   1.41979   1.46433   1.51352   1.57128   1.57881   1.55947   1.51254   1.44201   1.38765   
0.0211219   0.0507631   0.0149286   0.0142752   0.0131561   0.0118928   0.0103486   0.00913914   0.00842439   0.00858899   0.00879377   0.00924145   0.0087432   0.00958258   0.0103625   0.0111457   0.011941   0.0128575   0.0148659   0.0187963   0.0223592   0.0338477   0.0427614   0.0565685   0.0772652   0.103597   0.128606   
-0.120002   -0.0908794   -0.119558   -0.119241   -0.118842   -0.118398   -0.117734   -0.117027   -0.116119   -0.114173   -0.113235   -0.112227   -0.110373   -0.109244   -0.108204   -0.107095   -0.105869   -0.104295   -0.100311   -0.0907528   -0.0827647   -0.0683211   -0.0635153   -0.061953   -0.0657841   -0.0735352   -0.0832063   

820000
-10   -9   -8   -7   -6   -5   -4   -3   -2   -1   0   1   2   3   4   6   7   8   9   10   11   12   14   15   16   17   18   
-0.462683   -0.364215   -0.258144   -0.147082   -0.0364474   0.0742833   0.18502   0.295892   0.406043   0.509967   0.61754   0.723784   0.822161   0.927331   1.03245   1.23867   1.33797   1.41991   1.46365   1.51395   1.55736   1.57005   1.5612   1.51475   1.44408   1.38895   1.36557   
0.0209016   0.0171814   0.0148513   0.0142176   0.0131083   0.0118583   0.0103427   0.00912816   0.00841315   0.00858893   0.00878299   0.00924288   0.00873342   0.00957161   0.0103427   0.0119279   0.0128368   0.0148568   0.0188424   0.0223272   0.0265726   0.0339573   0.0563391   0.0769234   0.103247   0.128383   0.148205   
-0.12004   -0.119894   -0.119538   -0.119217   -0.118821   -0.118379   -0.117719   -0.117014   -0.116111   -0.114161   -0.113242   -0.11222   -0.110389   -0.109263   -0.10824   -0.105898   -0.104341   -0.100336   -0.0906599   -0.0828211   -0.0757596   -0.0682446   -0.0619384   -0.0656959   -0.0734158   -0.0831138   -0.0926346   

825000
-10   -9   -8   -7   -6   -5   -4   -3   -2   -1   0   1   3   4   5   6   7   8   9   10   11   12   13   14   15   16   17   18   
-0.463367   -0.364609   -0.258351   -0.147246   -0.0365317   0.0742009   0.185031   0.295888   0.406009   0.50995   0.617559   0.723718   0.927417   1.03265   1.13636   1.2388   1.33827   1.42002   1.46301   1.51438   1.55807   1.5716   1.58177   1.5629   1.51698   1.44621   1.39028   1.36617   
0.0206952   0.0170581   0.0147769   0.0141595   0.0130622   0.0118248   0.0103417   0.00911731   0.00840269   0.00858455   0.00877273   0.00924552   0.00956082   0.0103233   0.0111229   0.0119154   0.0128127   0.0148482   0.0188863   0.0222954   0.0265147   0.033815   0.04245   0.0561164   0.0765799   0.102888   0.128156   0.148116   
-0.120071   -0.119879   -0.119518   -0.119192   -0.118801   -0.118361   -0.117704   -0.117005   -0.1161   -0.114158   -0.113248   -0.112212   -0.109282   -0.108276   -0.10714   -0.105925   -0.104394   -0.100361   -0.0905717   -0.0828772   -0.0758344   -0.0683505   -0.0636261   -0.0619266   -0.0656079   -0.0732925   -0.0830187   -0.0925984   

830000
-10   -9   -8   -7   -6   -5   -4   -3   -2   -1   0   1   3   4   5   6   7   8   9   10   11   12   13   14   15   16   17   18   
-0.464018   -0.364993   -0.258553   -0.147411   -0.0366133   0.07412   0.185053   0.295914   0.405967   0.509949   0.617574   0.723704   0.927502   1.03283   1.13658   1.23893   1.33856   1.42013   1.4624   1.51481   1.55877   1.57311   1.5832   1.56457   1.51922   1.4484   1.39162   1.36678   
0.0205012   0.0169386   0.0147053   0.0141011   0.0130178   0.0117923   0.010347   0.00910527   0.00839304   0.00857914   0.00876296   0.00924374   0.00955018   0.0103044   0.0111022   0.0119035   0.0127896   0.0148406   0.0189285   0.0222642   0.0264584   0.0336774   0.0422991   0.0558968   0.0762327   0.102518   0.127922   0.148021   
-0.120095   -0.119864   -0.119498   -0.119167   -0.11878   -0.118342   -0.11769   -0.117003   -0.116088   -0.114157   -0.113253   -0.112212   -0.109301   -0.10831   -0.107181   -0.10595   -0.104445   -0.100382   -0.0904866   -0.0829327   -0.0759098   -0.068454   -0.0636803   -0.0619166   -0.065519   -0.0731646   -0.0829207   -0.0925603   

835000
-10   -9   -8   -7   -6   -5   -4   -3   -2   -1   0   1   2   3   4   5   6   7   8   9   10   11   12   13   14   15   16   17   18   
-0.464636   -0.365368   -0.258748   -0.147575   -0.0366915   0.0740408   0.185091   0.295943   0.405916   0.509942   0.617586   0.723695   0.822338   0.927582   1.03302   1.13683   1.23904   1.33883   1.42022   1.46191   1.51524   1.55946   1.57457   1.5846   1.56624   1.52147   1.45065   1.39302   1.36739   
0.0203199   0.0168227   0.0146366   0.0140426   0.0129754   0.0117607   0.0103605   0.00909521   0.00838425   0.00857431   0.00875366   0.00924171   0.00870635   0.00954011   0.0102857   0.0110792   0.0118923   0.0127675   0.0148335   0.0189622   0.0222329   0.0264023   0.0335441   0.0421521   0.0556793   0.075888   0.102131   0.127689   0.147926   
-0.120112   -0.119847   -0.119477   -0.119142   -0.11876   -0.118323   -0.117676   -0.117001   -0.116074   -0.114156   -0.113257   -0.112213   -0.110432   -0.109319   -0.108344   -0.107225   -0.105974   -0.104494   -0.100403   -0.090419   -0.0829882   -0.0759842   -0.0685549   -0.0637342   -0.0619075   -0.0654315   -0.0730312   -0.0828207   -0.0925212   

840000
-10   -9   -8   -7   -6   -5   -4   -3   -2   -1   0   1   2   3   4   5   6   7   8   9   10   11   12   13   14   15   16   17   18   
-0.465224   -0.365734   -0.223546   -0.14774   -0.0367665   0.0739629   0.185148   0.295974   0.405857   0.509932   0.617595   0.723674   0.822388   0.927659   1.0332   1.13708   1.23915   1.33909   1.42031   1.4617   1.51566   1.56015   1.57598   1.58598   1.56791   1.5237   1.45295   1.39444   1.36799   
0.0201493   0.0167104   0.0442156   0.0139843   0.0129349   0.0117299   0.0103853   0.0090874   0.00837642   0.00857   0.00874487   0.00923934   0.00869816   0.0095302   0.0102675   0.0110567   0.0118816   0.0127463   0.0148271   0.0189772   0.0222019   0.0263462   0.033415   0.042008   0.0554605   0.0755468   0.101745   0.12744   0.147825   
-0.120124   -0.11983   -0.0997839   -0.119117   -0.11874   -0.118305   -0.117664   -0.116999   -0.116058   -0.114155   -0.113261   -0.112212   -0.110445   -0.109336   -0.108377   -0.107269   -0.105997   -0.104541   -0.100423   -0.0903898   -0.0830433   -0.0760575   -0.068653   -0.0637879   -0.0618983   -0.065347   -0.0728959   -0.082717   -0.0924805   

845000
-10   -9   -8   -7   -6   -5   -4   -3   -2   -1   0   1   2   3   4   5   6   7   8   10   11   12   13   15   16   17   18   
-0.465786   -0.366092   -0.25912   -0.147904   -0.0368375   0.0738866   0.185235   0.296009   0.405788   0.509918   0.617598   0.723646   0.822435   0.927736   1.03337   1.13732   1.23946   1.33935   1.42039   1.51608   1.56083   1.57735   1.58733   1.52589   1.45529   1.39589   1.36859   
0.0199885   0.0166015   0.0145088   0.0139263   0.0128967   0.0116999   0.0104267   0.00908219   0.0083696   0.00856616   0.00873664   0.00923775   0.00869034   0.00952043   0.0102497   0.0110345   0.0118553   0.012726   0.0148212   0.0221713   0.0262912   0.0332898   0.0418661   0.075209   0.101344   0.127189   0.147736   
-0.120131   -0.119811   -0.119433   -0.119092   -0.118719   -0.118287   -0.117653   -0.116996   -0.11604   -0.114152   -0.113264   -0.112211   -0.110457   -0.109354   -0.10841   -0.107311   -0.106051   -0.104586   -0.100441   -0.0830981   -0.0761308   -0.068749   -0.0638411   -0.0652654   -0.0727575   -0.0826107   -0.0924408   

850000
-10   -9   -8   -7   -6   -5   -4   -3   -2   0   1   2   3   4   5   6   7   8   10   11   12   13   14   15   16   17   18   
-0.466321   -0.366442   -0.259269   -0.148066   -0.0369038   0.0738117   0.185219   0.296048   0.405711   0.617598   0.723609   0.822478   0.927812   1.03355   1.13755   1.23977   1.33959   1.42046   1.5165   1.5615   1.57868   1.58866   1.57127   1.52812   1.45766   1.39736   1.36918   
0.0198368   0.0164958   0.0144765   0.0138689   0.0128609   0.0116706   0.0104227   0.00908008   0.00836382   0.00872887   0.00923707   0.00868281   0.00951075   0.0102322   0.0110128   0.0118295   0.0127066   0.0148159   0.0221412   0.0262371   0.0331691   0.0417267   0.0550217   0.0748678   0.100947   0.126932   0.147631   
-0.120134   -0.119792   -0.119413   -0.119068   -0.118699   -0.118269   -0.117641   -0.116993   -0.116021   -0.113267   -0.112208   -0.110469   -0.109371   -0.108442   -0.107353   -0.106104   -0.10463   -0.100459   -0.0831521   -0.0762036   -0.0688433   -0.0638939   -0.0618806   -0.0651823   -0.0726194   -0.0825016   -0.0923991   

855000
-10   -9   -8   -7   -6   -5   -4   -3   -2   -1   0   1   4   5   6   7   8   9   10   11   12   13   14   15   16   17   18   
-0.466833   -0.366784   -0.25942   -0.148228   -0.0369894   0.0737389   0.185127   0.296093   0.405625   0.509876   0.617596   0.723558   1.03371   1.13778   1.24006   1.33982   1.42052   1.46166   1.5169   1.56216   1.57997   1.58997   1.57295   1.53039   1.46002   1.21347   1.36977   
0.0196935   0.0163933   0.0144419   0.013812   0.0128267   0.011642   0.0103839   0.00908164   0.00835914   0.0085585   0.00872152   0.00923785   0.010215   0.0109914   0.0118043   0.012688   0.0148111   0.0189831   0.0221117   0.0261835   0.0330514   0.0415896   0.0548036   0.0745198   0.100548   0.142459   0.14754   
-0.120133   -0.119772   -0.119393   -0.119044   -0.118682   -0.118251   -0.117627   -0.116991   -0.115999   -0.114146   -0.113269   -0.112203   -0.108473   -0.107395   -0.106156   -0.104672   -0.100475   -0.0903835   -0.0832051   -0.0762755   -0.0689352   -0.0639465   -0.061873   -0.0650965   -0.0724836   -0.0711431   -0.0923591   

860000
-10   -9   -8   -7   -6   -5   -4   -3   -2   -1   0   1   2   3   4   5   6   7   8   9   10   11   12   13   14   15   16   17   18   
-0.467322   -0.367118   -0.259574   -0.148388   -0.0371162   0.0736681   0.185039   0.296146   0.405543   0.509848   0.617591   0.723496   0.822558   0.927998   1.03388   1.13801   1.24035   1.34003   1.42058   1.46179   1.5173   1.56281   1.58123   1.59127   1.57463   1.53269   1.46237   1.40041   1.37033   
0.0195581   0.016294   0.0144049   0.0137559   0.0127939   0.0116141   0.0103474   0.00908756   0.00835504   0.00855406   0.00871456   0.00923978   0.00866864   0.00948849   0.0101982   0.0109705   0.0117796   0.0126703   0.0148067   0.0189751   0.0220826   0.0261306   0.0329372   0.0414552   0.054585   0.0741672   0.100154   0.126399   0.147449   
-0.120129   -0.119752   -0.119373   -0.11902   -0.11867   -0.118234   -0.117614   -0.116989   -0.115979   -0.114142   -0.11327   -0.112196   -0.110492   -0.109409   -0.108504   -0.107435   -0.106207   -0.104713   -0.10049   -0.0904025   -0.0832577   -0.076347   -0.0690252   -0.0639993   -0.0618659   -0.0650091   -0.072352   -0.0822749   -0.0923194   

865000
-10   -9   -8   -7   -6   -5   -4   -3   -2   -1   0   1   3   4   5   6   7   8   9   10   11   12   13   14   15   16   17   18   
-0.467789   -0.367444   -0.259731   -0.148546   -0.0372232   0.0736021   0.184955   0.296208   0.405521   0.509815   0.617584   0.723424   0.92814   1.03404   1.13823   1.24063   1.34023   1.42064   1.46193   1.5177   1.56346   1.58245   1.59254   1.5763   1.53501   1.46476   1.40197   1.37088   
0.0194298   0.0161975   0.0143657   0.0137005   0.0127621   0.0115856   0.0103132   0.00909854   0.00834806   0.00855012   0.00870796   0.00924272   0.00947285   0.0101817   0.0109499   0.0117554   0.0126539   0.0148025   0.0189664   0.0220537   0.0260784   0.0328263   0.0413209   0.0543689   0.0738113   0.0997516   0.126124   0.147358   
-0.120123   -0.119731   -0.119352   -0.118997   -0.118657   -0.118218   -0.1176   -0.116987   -0.115971   -0.114137   -0.113271   -0.112188   -0.109436   -0.108534   -0.107475   -0.106257   -0.104751   -0.100505   -0.090423   -0.0833098   -0.076418   -0.0691134   -0.0640511   -0.0618609   -0.0649212   -0.0722168   -0.0821575   -0.0922807   

870000
-10   -9   -8   -6   -5   -4   -3   -2   -1   0   1   3   4   5   6   7   8   9   10   11   12   13   14   15   16   17   18   
-0.468238   -0.367763   -0.259886   -0.037323   0.0735499   0.184874   0.296185   0.405493   0.509778   0.61762   0.723369   0.928278   1.0342   1.13845   1.24091   1.34042   1.4207   1.46209   1.5181   1.5641   1.58364   1.59381   1.57796   1.53735   1.46722   1.40356   1.3714   
0.0193073   0.016104   0.0143276   0.0127295   0.0115521   0.0102809   0.00907594   0.00834243   0.0085468   0.00869801   0.00924428   0.00945753   0.0101654   0.0109296   0.0117317   0.0126385   0.0147982   0.0189564   0.0220251   0.0260268   0.0327188   0.0411904   0.0541565   0.0734541   0.0993375   0.125844   0.147275   
-0.120114   -0.119709   -0.119331   -0.118642   -0.118207   -0.117587   -0.116984   -0.115961   -0.114132   -0.113279   -0.112182   -0.109462   -0.108564   -0.107514   -0.106306   -0.104787   -0.10052   -0.0904463   -0.0833615   -0.0764885   -0.0691999   -0.0641044   -0.0618582   -0.0648337   -0.072077   -0.0820379   -0.0922443   

875000
-10   -9   -8   -7   -6   -5   -4   -3   -2   -1   0   1   2   3   4   5   6   7   9   10   11   12   13   14   15   16   17   18   
-0.468672   -0.368074   -0.260043   -0.148854   -0.0374197   0.0734987   0.184796   0.296157   0.405459   0.509737   0.61768   0.723355   0.822663   0.928414   1.03436   1.13866   1.24118   1.3406   1.46226   1.51849   1.56474   1.58479   1.59506   1.5796   1.53967   1.46973   1.40518   1.37187   
0.019189   0.0160132   0.014288   0.0135919   0.0126962   0.011519   0.0102504   0.00905152   0.00833823   0.00854397   0.00868617   0.0092423   0.00864903   0.0094425   0.0101495   0.0109098   0.0117085   0.0126239   0.0189457   0.0219968   0.025976   0.0326145   0.0410611   0.0539479   0.073104   0.0989141   0.125557   0.147183   
-0.120104   -0.119687   -0.11931   -0.118952   -0.118626   -0.118195   -0.117574   -0.11698   -0.11595   -0.114126   -0.113291   -0.112182   -0.110523   -0.109488   -0.108593   -0.107553   -0.106353   -0.104821   -0.0904711   -0.083413   -0.0765583   -0.0692846   -0.064157   -0.0618577   -0.0647498   -0.0719329   -0.081916   -0.0922092   

880000
-10   -9   -8   -7   -6   -5   -3   -2   -1   0   1   2   3   4   5   6   7   9   10   11   12   13   14   15   16   17   18   
-0.469086   -0.368378   -0.260204   -0.148986   -0.0375153   0.0734482   0.296128   0.405417   0.509693   0.617737   0.723334   0.822696   0.928547   1.03451   1.13887   1.24145   1.34077   1.46243   1.51887   1.56536   1.58592   1.59629   1.58123   1.54194   1.47227   1.40678   1.3723   
0.0190771   0.0159252   0.0142465   0.0135338   0.0126622   0.0114863   0.00902807   0.00833548   0.00854161   0.0086748   0.00924109   0.00864273   0.00942776   0.0101338   0.0108903   0.0116858   0.0126103   0.0189349   0.0219691   0.025926   0.0325132   0.040934   0.0537395   0.0727596   0.098484   0.125276   0.147114   
-0.120092   -0.119665   -0.119288   -0.118937   -0.118609   -0.118184   -0.116977   -0.115937   -0.114119   -0.113302   -0.112182   -0.110534   -0.109514   -0.108622   -0.107591   -0.1064   -0.104854   -0.0904961   -0.0834634   -0.076627   -0.0693678   -0.0642097   -0.061858   -0.0646699   -0.0717871   -0.0817957   -0.0921791   

885000
-10   -9   -8   -7   -6   -5   -4   -3   -2   -1   0   1   3   4   5   6   7   8   10   11   12   13   14   15   16   17   18   
-0.469469   -0.368675   -0.260369   -0.149117   -0.03761   0.0733985   0.184677   0.296101   0.405369   0.509645   0.617789   0.723306   0.928677   1.03466   1.13908   1.2417   1.34092   1.421   1.51924   1.56597   1.58701   1.5975   1.58288   1.54421   1.47482   1.40838   1.37269   
0.0189715   0.0158399   0.0142035   0.0134765   0.0126278   0.0114541   0.0101897   0.00900552   0.00833421   0.00853964   0.00866387   0.00924065   0.00941331   0.0101184   0.0108712   0.0116636   0.0125976   0.014776   0.0219424   0.0258769   0.0324149   0.0408096   0.0535303   0.0724118   0.0980527   0.124995   0.147055   
-0.120084   -0.119643   -0.119267   -0.118922   -0.118592   -0.118172   -0.117556   -0.116973   -0.115923   -0.114111   -0.113313   -0.11218   -0.109538   -0.10865   -0.107628   -0.106446   -0.104885   -0.100584   -0.0835121   -0.0766949   -0.0694493   -0.0642628   -0.0618586   -0.0645892   -0.0716419   -0.0816762   -0.092154   

890000
-10   -9   -8   -7   -6   -5   -4   -3   -2   -1   0   1   3   4   5   6   7   8   10   11   12   13   14   15   16   17   18   
-0.469822   -0.368964   -0.260535   -0.149248   -0.0377048   0.0733493   0.184638   0.296073   0.405313   0.509596   0.617839   0.723271   0.928804   1.0348   1.13928   1.24196   1.34106   1.42118   1.51959   1.56658   1.58807   1.5987   1.58453   1.54651   1.47733   1.40995   1.37301   
0.018872   0.0157573   0.0141592   0.01342   0.0125929   0.0114222   0.0101585   0.00898382   0.00833464   0.00853802   0.00865334   0.00924094   0.0093991   0.0101033   0.0108525   0.0116419   0.0125857   0.0147626   0.0219169   0.0258286   0.0323195   0.0406873   0.05332   0.0720619   0.0976319   0.124717   0.147003   
-0.120077   -0.11962   -0.119245   -0.118906   -0.118574   -0.118161   -0.117551   -0.116968   -0.115906   -0.114104   -0.113323   -0.112177   -0.109563   -0.108678   -0.107664   -0.106491   -0.104914   -0.100617   -0.0835587   -0.0767618   -0.0695294   -0.0643157   -0.0618595   -0.064507   -0.0715014   -0.0815587   -0.0921336   

895000
-10   -9   -8   -7   -6   -5   -4   -3   -2   -1   0   1   2   3   4   5   6   7   8   9   10   11   12   13   14   15   16   17   18   
-0.470156   -0.369246   -0.260704   -0.149376   -0.0377987   0.0733007   0.184601   0.296046   0.405251   0.509556   0.617885   0.723223   0.822826   0.928929   1.03495   1.13947   1.2422   1.3412   1.42136   1.46306   1.51993   1.56717   1.5891   1.59987   1.58619   1.54882   1.47974   1.41149   1.37325   
0.0187797   0.0156772   0.0141139   0.0133654   0.0125578   0.0113906   0.0101285   0.0089629   0.00833681   0.00853574   0.00864322   0.00924267   0.00862137   0.00938519   0.0100884   0.0108342   0.0116208   0.0125747   0.0147496   0.0188949   0.0218923   0.0257812   0.0322263   0.0405671   0.0531101   0.0717108   0.0972321   0.124444   0.146948   
-0.120068   -0.119597   -0.119223   -0.118891   -0.118556   -0.118149   -0.117546   -0.116964   -0.115889   -0.114098   -0.113332   -0.112172   -0.110568   -0.109587   -0.108706   -0.1077   -0.106534   -0.104941   -0.100649   -0.0905877   -0.0836038   -0.0768277   -0.0696081   -0.0643687   -0.061861   -0.0644242   -0.0713708   -0.0814444   -0.0921174   

900000
-10   -8   -7   -6   -5   -4   -3   -2   -1   0   1   3   4   5   6   7   8   9   10   11   12   13   14   15   16   17   18   
-0.470469   -0.260873   -0.149504   -0.0378927   0.0732524   0.184566   0.296019   0.405181   0.509565   0.617928   0.723167   0.92905   1.03509   1.13967   1.24244   1.34132   1.42153   1.46332   1.52026   1.56775   1.59012   1.60104   1.58785   1.55113   1.48208   1.41297   1.37342   
0.0186946   0.014068   0.0133114   0.0125225   0.0113594   0.0100996   0.00894276   0.00834081   0.00852958   0.00863349   0.00924532   0.0093716   0.0100738   0.0108162   0.0116002   0.0125645   0.0147371   0.0188782   0.0218684   0.0257349   0.0321352   0.0404476   0.0528999   0.0713597   0.0968445   0.124182   0.14692   
-0.120055   -0.119201   -0.118876   -0.118538   -0.118137   -0.117542   -0.116959   -0.11587   -0.1141   -0.113341   -0.112165   -0.10961   -0.108733   -0.107735   -0.106577   -0.104967   -0.10068   -0.090626   -0.0836476   -0.0768924   -0.0696856   -0.0644221   -0.0618631   -0.0643413   -0.0712453   -0.081335   -0.09211   

905000
-10   -9   -8   -7   -6   -5   -4   -3   -2   -1   0   1   2   3   4   5   6   7   8   9   10   11   12   13   14   15   16   17   18   
-0.470761   -0.369783   -0.261044   -0.149631   -0.0379865   0.0732045   0.184533   0.295991   0.405092   0.509571   0.617969   0.723102   0.822996   0.929168   1.03523   1.13985   1.24267   1.34146   1.42169   1.46358   1.52059   1.56832   1.59112   1.6022   1.58951   1.55343   1.48439   1.41438   1.37348   
0.0186169   0.0155242   0.0140218   0.0132581   0.0124871   0.0113286   0.0100717   0.00892331   0.00833967   0.00852378   0.00862414   0.00924889   0.00859947   0.0093583   0.0100594   0.0107986   0.0115801   0.0125532   0.014725   0.0188613   0.0218448   0.0256898   0.0320459   0.0403288   0.0526898   0.0710144   0.0964587   0.123935   0.146916   
-0.12004   -0.119554   -0.119179   -0.11886   -0.11852   -0.118126   -0.117537   -0.116953   -0.115849   -0.114102   -0.113349   -0.112157   -0.110603   -0.109633   -0.108759   -0.107769   -0.106619   -0.104995   -0.10071   -0.0906645   -0.0836911   -0.0769556   -0.069762   -0.0644756   -0.0618661   -0.0642616   -0.0711203   -0.0812321   -0.0921122   

910000
-10   -9   -8   -7   -6   -5   -4   -3   -2   -1   0   1   2   3   4   5   6   7   8   9   10   11   12   13   14   15   16   17   18   
-0.471031   -0.370009   -0.261216   -0.149757   -0.0380803   0.073157   0.1845   0.295963   0.404981   0.509576   0.618006   0.72303   0.823078   0.929284   1.03537   1.14004   1.2429   1.3417   1.42185   1.46384   1.52091   1.56887   1.59209   1.60336   1.59117   1.55567   1.48668   1.41572   1.37344   
0.0185469   0.0154492   0.0139753   0.0132055   0.0124517   0.011298   0.0100446   0.00890451   0.00833273   0.0085183   0.00861515   0.00925329   0.00858889   0.00934526   0.0100453   0.0107812   0.0115603   0.0125336   0.0147133   0.0188443   0.0218219   0.0256462   0.0319585   0.0402108   0.0524808   0.0706752   0.0960812   0.123703   0.146916   
-0.120023   -0.119542   -0.119157   -0.118845   -0.118502   -0.118114   -0.117532   -0.116948   -0.115828   -0.114103   -0.113357   -0.112149   -0.11062   -0.109655   -0.108785   -0.107803   -0.10666   -0.105038   -0.100739   -0.0907036   -0.0837332   -0.0770168   -0.0698373   -0.0645292   -0.0618704   -0.064185   -0.0709973   -0.0811363   -0.0921216   

915000
-10   -9   -8   -7   -6   -5   -4   -3   -2   -1   0   1   3   4   5   6   7   8   9   10   11   12   13   14   15   16   17   18   
-0.471275   -0.37023   -0.261387   -0.149883   -0.038174   0.0731096   0.184469   0.295935   0.404908   0.509577   0.618041   0.722984   0.929397   1.0355   1.14022   1.24312   1.34193   1.42201   1.4641   1.52121   1.56939   1.59306   1.60451   1.59282   1.55783   1.48891   1.41699   1.37327   
0.0184854   0.0153769   0.0139287   0.0131535   0.0124163   0.0112677   0.0100183   0.00888631   0.00832378   0.00851315   0.00860652   0.00925541   0.00933245   0.0100314   0.010764   0.0115408   0.012515   0.0147019   0.0188274   0.0218005   0.0256046   0.0318727   0.0400935   0.0522744   0.0703525   0.0957057   0.123479   0.146945   
-0.120002   -0.11953   -0.119135   -0.118829   -0.118484   -0.118102   -0.117527   -0.116942   -0.115814   -0.114104   -0.113365   -0.112144   -0.109678   -0.108811   -0.107836   -0.1067   -0.105079   -0.100768   -0.0907422   -0.0837727   -0.0770756   -0.0699116   -0.064583   -0.0618768   -0.0641153   -0.0708763   -0.0810456   -0.0921428   

920000
-10   -9   -8   -7   -6   -5   -4   -3   -2   -1   0   1   3   4   5   6   7   8   9   10   11   12   13   14   15   16   17   18   
-0.471492   -0.370446   -0.261558   -0.150008   -0.0382675   0.0730624   0.184439   0.295907   0.404866   0.509577   0.618072   0.722967   0.929508   1.03563   1.1404   1.24334   1.34215   1.42216   1.46436   1.5215   1.56989   1.594   1.60566   1.59445   1.55996   1.49102   1.41818   1.37294   
0.0184332   0.015307   0.0138821   0.0131022   0.0123812   0.0112377   0.00999278   0.0088687   0.00831325   0.00850833   0.00859826   0.00925414   0.00931985   0.0100177   0.0107472   0.0115218   0.0124973   0.0146909   0.0188109   0.0217801   0.0255652   0.0317887   0.0399768   0.0520716   0.070034   0.0953519   0.123265   0.146994   
-0.119979   -0.119517   -0.119113   -0.118813   -0.118465   -0.11809   -0.117521   -0.116936   -0.115806   -0.114105   -0.113371   -0.112143   -0.109699   -0.108836   -0.107869   -0.10674   -0.105119   -0.100796   -0.0907803   -0.0838105   -0.0771311   -0.0699847   -0.064637   -0.0618853   -0.0640466   -0.0707636   -0.0809609   -0.0921756   

925000
-10   -9   -8   -7   -6   -5   -4   -3   -2   -1   0   1   2   3   4   5   6   7   8   9   10   11   12   13   14   15   16   17   18   
-0.471675   -0.37066   -0.26173   -0.150132   -0.038361   0.0730154   0.18441   0.295878   0.404817   0.509574   0.6181   0.722944   0.82331   0.929617   1.03576   1.14058   1.24356   1.34236   1.4223   1.46461   1.52178   1.57035   1.59492   1.60681   1.59606   1.56206   1.493   1.41928   1.37242   
0.0183915   0.0152393   0.0138355   0.0130516   0.0123461   0.011208   0.00996795   0.00885162   0.00830362   0.00850387   0.00859038   0.00925287   0.0085585   0.00930748   0.0100043   0.0107305   0.0115032   0.0124804   0.0146802   0.0187948   0.0217601   0.0255283   0.0317063   0.0398607   0.0518721   0.069719   0.095025   0.123081   0.147077   
-0.119954   -0.119503   -0.119091   -0.118798   -0.118447   -0.118078   -0.117516   -0.116929   -0.115797   -0.114105   -0.113378   -0.112143   -0.110669   -0.109721   -0.108861   -0.107902   -0.106779   -0.105157   -0.100823   -0.0908176   -0.0838474   -0.0771836   -0.0700569   -0.0646911   -0.0618957   -0.0639782   -0.0706591   -0.0808852   -0.092223   

930000
-10   -9   -8   -7   -6   -5   -4   -3   -2   -1   0   1   2   3   4   5   6   7   8   9   10   11   12   13   14   15   16   17   18   
-0.471816   -0.370868   -0.261901   -0.150256   -0.0384541   0.0729684   0.184381   0.295848   0.404759   0.509569   0.618126   0.722917   0.823383   0.929724   1.03589   1.14075   1.24377   1.34255   1.42244   1.46486   1.52205   1.57079   1.59583   1.60795   1.59768   1.5641   1.49481   1.42026   1.37163   
0.0183637   0.0151738   0.0137889   0.0130017   0.0123113   0.0111785   0.00994373   0.00883499   0.0082949   0.00849977   0.00858288   0.00925212   0.0085488   0.00929531   0.00999105   0.0107142   0.0114849   0.0124644   0.0146699   0.0187788   0.021741   0.0254934   0.0316253   0.0397454   0.0516721   0.0694128   0.0947203   0.122901   0.14719   
-0.119925   -0.119488   -0.119069   -0.118782   -0.118428   -0.118066   -0.11751   -0.116923   -0.115785   -0.114105   -0.113383   -0.112141   -0.110685   -0.109742   -0.108886   -0.107934   -0.106817   -0.105193   -0.10085   -0.0908544   -0.0838827   -0.0772331   -0.0701282   -0.0647453   -0.0619065   -0.063912   -0.0705643   -0.0808157   -0.0922871   

935000
-10   -9   -8   -7   -6   -5   -4   -3   -2   -1   0   1   3   4   5   6   7   8   9   10   11   12   13   14   15   16   17   18   
-0.471901   -0.371072   -0.262071   -0.150379   -0.0385469   0.0729215   0.184353   0.295817   0.404692   0.509562   0.618148   0.722883   0.929828   1.03601   1.14092   1.24397   1.34274   1.42258   1.46511   1.5223   1.5712   1.59673   1.60908   1.59931   1.56609   1.49644   1.42114   1.37033   
0.0183538   0.0151104   0.0137426   0.0129524   0.0122768   0.0111493   0.00992009   0.00881887   0.00828712   0.008496   0.0085758   0.00925212   0.00928336   0.00997806   0.010698   0.011467   0.0124492   0.01466   0.0187629   0.0217232   0.0254608   0.0315456   0.0396308   0.0514716   0.0691147   0.0944537   0.122756   0.147368   
-0.119892   -0.119473   -0.119047   -0.118766   -0.11841   -0.118054   -0.117505   -0.116915   -0.115773   -0.114104   -0.113389   -0.112139   -0.109762   -0.10891   -0.107965   -0.106854   -0.105228   -0.100876   -0.0908914   -0.0839156   -0.0772794   -0.0701988   -0.0647997   -0.0619178   -0.0638478   -0.0704833   -0.0807582   -0.092378   

940000
-10   -9   -8   -7   -6   -5   -4   -3   -2   -1   0   1   3   4   5   6   7   8   9   10   11   12   13   14   15   16   17   18   
-0.471925   -0.371271   -0.262241   -0.150502   -0.0386392   0.0728745   0.184325   0.295786   0.404617   0.509552   0.618166   0.722841   0.929931   1.03613   1.14109   1.24417   1.34292   1.42271   1.46536   1.52253   1.57158   1.59762   1.61021   1.60094   1.56799   1.49786   1.42189   1.36662   
0.0183637   0.015049   0.0136964   0.0129038   0.0122426   0.0111205   0.00989699   0.00880323   0.00828024   0.00849264   0.00856922   0.00925292   0.0092716   0.00996528   0.0106822   0.0114494   0.0124347   0.0146505   0.0187471   0.0217066   0.0254308   0.0314673   0.0395169   0.0512711   0.068829   0.0942239   0.122624   0.147684   
-0.119854   -0.119457   -0.119026   -0.118749   -0.118392   -0.118041   -0.117499   -0.116908   -0.115758   -0.114103   -0.113393   -0.112135   -0.109783   -0.108933   -0.107996   -0.106891   -0.105261   -0.100901   -0.0909282   -0.0839463   -0.0773222   -0.0702686   -0.0648542   -0.0619299   -0.0637872   -0.0704161   -0.0807093   -0.0924417   

945000
-10   -9   -8   -7   -6   -5   -4   -3   -2   -1   0   1   3   4   5   6   7   8   9   10   11   12   13   14   15   16   17   18   
-0.471908   -0.371466   -0.262409   -0.150624   -0.0387309   0.0728275   0.184297   0.295754   0.404533   0.509538   0.618181   0.722793   0.930032   1.03625   1.14125   1.24437   1.34309   1.42283   1.4656   1.52275   1.57193   1.59849   1.61134   1.60256   1.5698   1.49908   1.4225   1.36715   
0.0183888   0.0149892   0.0136506   0.0128559   0.0122087   0.0110919   0.00987439   0.00878804   0.00827427   0.00848967   0.00856304   0.00925437   0.00926005   0.00995271   0.0106666   0.0114323   0.0124211   0.0146413   0.0187314   0.0216912   0.0254036   0.0313902   0.0394036   0.0510713   0.0685591   0.0940249   0.12252   0.147622   
-0.119813   -0.11944   -0.119005   -0.118733   -0.118374   -0.118029   -0.117493   -0.1169   -0.115742   -0.114101   -0.113397   -0.112131   -0.109803   -0.108957   -0.108027   -0.106927   -0.105293   -0.100925   -0.0909647   -0.0839747   -0.0773609   -0.0703378   -0.0649091   -0.0619426   -0.0637319   -0.0703602   -0.0806717   -0.092427   

950000
-10   -9   -7   -6   -5   -4   -3   -2   -1   0   1   2   3   4   5   6   7   8   9   10   11   12   13   14   15   16   17   18   
-0.472225   -0.371656   -0.150746   -0.0388219   0.0727802   0.184269   0.295721   0.404439   0.509522   0.618193   0.72274   0.823648   0.93013   1.03637   1.14142   1.24456   1.34324   1.42295   1.46584   1.52294   1.57223   1.59935   1.61246   1.60419   1.57149   1.50012   1.42297   1.36769   
0.0183122   0.0149315   0.0128087   0.0121752   0.0110636   0.00985231   0.00877329   0.00826922   0.0084871   0.00855727   0.00925648   0.00851271   0.00924869   0.00994035   0.0106512   0.0114154   0.0124083   0.0146325   0.0187161   0.0216776   0.0253795   0.0313144   0.0392909   0.0508729   0.0683089   0.0938579   0.122437   0.147558   
-0.1198   -0.119424   -0.118717   -0.118356   -0.118016   -0.117486   -0.116892   -0.115723   -0.114099   -0.1134   -0.112125   -0.110743   -0.109822   -0.10898   -0.108057   -0.106962   -0.105323   -0.100948   -0.0910007   -0.0839997   -0.0773952   -0.0704062   -0.0649642   -0.0619563   -0.0636834   -0.0703153   -0.0806452   -0.0924098   

955000
-10   -9   -8   -7   -6   -5   -4   -3   -2   -1   0   1   3   4   5   6   7   8   9   10   11   12   13   14   15   16   17   18   
-0.472533   -0.371841   -0.262724   -0.150868   -0.0389118   0.0727324   0.184241   0.295687   0.404336   0.5095   0.618201   0.722681   0.930227   1.03649   1.14158   1.24475   1.34339   1.42307   1.46608   1.52312   1.57249   1.60019   1.61358   1.60581   1.57306   1.50097   1.24893   1.36826   
0.0182384   0.0148762   0.0135583   0.0127623   0.012142   0.0110357   0.00983066   0.00875904   0.00826522   0.00848302   0.0085519   0.00925923   0.00923752   0.00992819   0.0106361   0.0113989   0.0123962   0.0146241   0.0187012   0.0216658   0.0253588   0.0312398   0.0391788   0.0506753   0.0680783   0.0937214   0.137888   0.147499   
-0.119787   -0.119406   -0.118968   -0.1187   -0.118339   -0.118004   -0.11748   -0.116884   -0.115703   -0.114097   -0.113403   -0.112119   -0.109842   -0.109002   -0.108087   -0.106997   -0.105352   -0.100971   -0.0910356   -0.0840216   -0.0774246   -0.070474   -0.0650196   -0.0619705   -0.0636408   -0.0702807   -0.0703   -0.092389   

960000
-10   -9   -8   -7   -6   -5   -4   -3   -2   -1   0   3   4   5   6   7   8   9   10   11   12   13   14   15   16   17   18   
-0.472831   -0.372019   -0.262858   -0.150991   -0.0390005   0.072684   0.184212   0.295652   0.404222   0.509476   0.618207   0.930323   1.0366   1.14173   1.24494   1.34352   1.42317   1.46631   1.52326   1.57271   1.60103   1.61469   1.60741   1.57453   1.50162   1.42347   1.36884   
0.0181682   0.0148232   0.0135099   0.0127167   0.0121093   0.0110082   0.00980949   0.00874516   0.00826224   0.00847896   0.00854691   0.00922653   0.00991622   0.0106212   0.0113827   0.0123853   0.0146165   0.0186867   0.0216553   0.0253416   0.0311663   0.0390676   0.0504809   0.0678628   0.0936172   0.122353   0.147419   
-0.119772   -0.119389   -0.118957   -0.118683   -0.118322   -0.117991   -0.117473   -0.116875   -0.115681   -0.114094   -0.113406   -0.109861   -0.109025   -0.108116   -0.107031   -0.105379   -0.100992   -0.0910699   -0.0840404   -0.077449   -0.0705411   -0.0650752   -0.0619862   -0.0636015   -0.0702571   -0.0806274   -0.0923635   

965000
-10   -9   -8   -7   -5   -4   -3   -2   -1   0   1   2   3   4   5   6   7   8   9   10   11   12   13   14   15   16   17   18   
-0.473109   -0.372191   -0.262991   -0.151113   0.0726344   0.184183   0.295616   0.404154   0.509449   0.61821   0.722583   0.823826   0.930416   1.03671   1.14189   1.24512   1.34365   1.42328   1.46653   1.52339   1.57287   1.60185   1.6158   1.60898   1.57587   1.50209   1.4235   1.36944   
0.0180986   0.0147725   0.0134621   0.0126717   0.0109811   0.00978868   0.00873168   0.00825648   0.00847522   0.00854228   0.00926312   0.00848787   0.00921573   0.00990445   0.0106065   0.0113669   0.0123753   0.0146093   0.0186724   0.021647   0.0253286   0.031094   0.0389574   0.0502903   0.0676643   0.093544   0.122351   0.147341   
-0.119763   -0.119371   -0.118945   -0.118666   -0.117978   -0.117466   -0.116866   -0.115668   -0.114091   -0.113407   -0.112109   -0.110783   -0.10988   -0.109047   -0.108145   -0.107064   -0.105404   -0.101012   -0.0911036   -0.0840556   -0.0774673   -0.0706077   -0.0651312   -0.0620033   -0.0635659   -0.0702442   -0.080636   -0.0923346   

970000
-10   -9   -8   -7   -6   -5   -4   -3   -2   -1   0   1   3   4   5   6   7   8   9   10   11   12   13   14   15   16   17   18   
-0.473372   -0.372357   -0.263124   -0.151234   -0.0391713   0.0725825   0.184153   0.295579   0.404103   0.509419   0.618212   0.722574   0.930507   1.03682   1.14204   1.24529   1.34376   1.42337   1.46676   1.52348   1.57298   1.60266   1.6169   1.61052   1.5771   1.50238   1.42339   1.37007   
0.0180298   0.0147244   0.0134147   0.0126274   0.0120446   0.0109544   0.00976824   0.00871857   0.00824975   0.00847179   0.00853796   0.0092614   0.00920511   0.00989286   0.0105921   0.0113514   0.0123662   0.0146023   0.0186582   0.0216408   0.0253205   0.0310227   0.0388481   0.050105   0.0674847   0.0935016   0.122377   0.14725   
-0.119758   -0.119353   -0.118933   -0.118649   -0.118289   -0.117965   -0.117458   -0.116857   -0.115658   -0.114088   -0.113409   -0.11211   -0.109898   -0.109069   -0.108174   -0.107097   -0.105427   -0.101032   -0.0911372   -0.0840668   -0.077479   -0.0706737   -0.0651874   -0.0620219   -0.0635346   -0.0702418   -0.0806562   -0.0923011   

975000
-10   -9   -8   -7   -6   -5   -4   -3   -2   -1   0   1   3   4   5   6   7   8   9   10   11   12   13   14   15   16   17   18   
-0.473634   -0.372515   -0.263256   -0.151355   -0.0392375   0.0725304   0.184124   0.295542   0.404043   0.509387   0.61821   0.722563   0.930597   1.03693   1.14219   1.24547   1.34386   1.42347   1.46698   1.52354   1.57301   1.60347   1.61798   1.61202   1.57817   1.50248   1.42314   1.37072   
0.0179624   0.0146791   0.0133679   0.0125838   0.0120076   0.0109279   0.00974811   0.00870582   0.00824386   0.00846877   0.00853408   0.00926003   0.00919468   0.00988144   0.0105779   0.0113362   0.0123579   0.0145956   0.0186441   0.0216372   0.0253172   0.0309517   0.0387401   0.0499252   0.067328   0.0934885   0.122417   0.147162   
-0.11975   -0.119334   -0.118921   -0.118631   -0.118278   -0.117951   -0.117451   -0.116848   -0.115647   -0.114084   -0.11341   -0.11211   -0.109916   -0.10909   -0.108202   -0.107129   -0.105449   -0.101051   -0.0911705   -0.0840734   -0.0774827   -0.0707397   -0.0652438   -0.0620422   -0.063509   -0.0702494   -0.0806858   -0.0922644   

980000
-10   -9   -8   -7   -6   -5   -4   -3   -2   0   1   2   3   4   5   6   7   8   10   11   12   13   14   15   16   17   18   
-0.473894   -0.372666   -0.263388   -0.151476   -0.0393033   0.0724778   0.184095   0.295512   0.403975   0.618214   0.722547   0.823986   0.930685   1.03704   1.14234   1.24564   1.34395   1.42356   1.52356   1.57297   1.60427   1.61906   1.6135   1.5791   1.50242   1.42276   1.3714   
0.0178963   0.0146366   0.0133216   0.0125409   0.011971   0.0109018   0.00972831   0.00869243   0.00823877   0.00852775   0.00925906   0.00846481   0.0091844   0.0098702   0.0105638   0.0113213   0.0123503   0.0145889   0.0216361   0.02532   0.0308817   0.0386334   0.0497481   0.0671926   0.0935037   0.122492   0.147069   
-0.119742   -0.119315   -0.118909   -0.118614   -0.118268   -0.117938   -0.117443   -0.11684   -0.115634   -0.113413   -0.11211   -0.11082   -0.109934   -0.109111   -0.108229   -0.107161   -0.105469   -0.10107   -0.0840751   -0.0774778   -0.0708052   -0.0653004   -0.062063   -0.0634884   -0.0702667   -0.0807278   -0.0922239   

985000
-10   -9   -8   -7   -6   -5   -4   -3   -2   0   1   3   4   5   6   7   8   10   11   12   13   14   15   16   17   18   
-0.474152   -0.372809   -0.26352   -0.151596   -0.0393688   0.0724254   0.181956   0.295517   0.403899   0.618266   0.722525   0.930772   1.03714   1.14248   1.2458   1.34409   1.42365   1.52355   1.57284   1.60506   1.62012   1.61497   1.57987   1.5022   1.42225   1.3721   
0.0178313   0.0145972   0.0132758   0.0124986   0.0119348   0.010876   0.00615896   0.00867661   0.00823447   0.00851684   0.00925879   0.0091743   0.00985913   0.0105501   0.0113067   0.0123387   0.0145823   0.0216375   0.0253298   0.0308128   0.0385281   0.049573   0.0670795   0.0935454   0.122587   0.14697   
-0.119733   -0.119295   -0.118897   -0.118597   -0.118257   -0.117925   -0.115925   -0.116841   -0.115619   -0.113424   -0.112109   -0.109952   -0.109132   -0.108257   -0.107192   -0.105497   -0.101089   -0.0840722   -0.077463   -0.0708702   -0.0653572   -0.0620839   -0.0634731   -0.0702931   -0.0807793   -0.0921797   

990000
-10   -9   -8   -7   -6   -5   -4   -3   -2   -1   0   1   3   4   5   6   7   8   9   10   11   12   13   14   15   16   17   18   
-0.474407   -0.372942   -0.263651   -0.151716   -0.039434   0.0723725   0.184035   0.29552   0.403814   0.509326   0.618314   0.722499   0.930857   1.03724   1.14262   1.24596   1.34428   1.42374   1.46769   1.5235   1.57262   1.60584   1.62119   1.61642   1.5805   1.50183   1.42162   1.37282   
0.0177676   0.0145611   0.0132306   0.012457   0.0118989   0.0108506   0.00968948   0.00866109   0.00823097   0.00845761   0.00850629   0.00925893   0.00916437   0.00984822   0.0105365   0.0112924   0.0123232   0.0145759   0.0185993   0.0216417   0.0253472   0.0307448   0.0384233   0.0494004   0.0669887   0.0936152   0.122702   0.14687   
-0.119723   -0.119275   -0.118884   -0.118579   -0.118246   -0.117911   -0.117427   -0.116841   -0.115603   -0.114078   -0.113435   -0.112107   -0.109969   -0.109152   -0.108283   -0.107222   -0.105531   -0.101108   -0.0912761   -0.084064   -0.077437   -0.0709347   -0.0654143   -0.0621052   -0.0634633   -0.0703283   -0.0808403   -0.0921327   

995000
-10   -9   -8   -7   -6   -5   -4   -3   -2   -1   0   1   3   4   5   6   7   8   9   10   11   12   13   14   15   16   17   18   
-0.47466   -0.373064   -0.263782   -0.151835   -0.0394989   0.0723193   0.184005   0.295523   0.40372   0.509348   0.61836   0.722469   0.93094   1.03735   1.14276   1.24612   1.34446   1.42384   1.468   1.52398   1.57228   1.60661   1.62225   1.61785   1.58098   1.50131   1.42086   1.37354   
0.0177049   0.0145288   0.0131859   0.012416   0.0118635   0.0108255   0.00967048   0.00864588   0.00822834   0.00845046   0.00849608   0.00925955   0.00915458   0.00983749   0.0105231   0.0112784   0.0123085   0.0145693   0.0185795   0.0216074   0.0253733   0.0306779   0.0383188   0.0492309   0.0669204   0.0937023   0.122838   0.146741   
-0.119712   -0.119255   -0.118871   -0.118562   -0.118236   -0.117898   -0.117419   -0.11684   -0.115585   -0.114083   -0.113445   -0.112105   -0.109986   -0.109173   -0.10831   -0.107252   -0.105564   -0.101126   -0.0913226   -0.0841273   -0.0773984   -0.0709986   -0.0654715   -0.0621267   -0.063459   -0.0703703   -0.0809104   -0.0920807   

1000000
-10   -8   -7   -6   -5   -4   -3   -2   -1   0   1   2   3   4   5   6   7   8   9   10   11   12   13   14   15   16   17   18   
-0.47491   -0.263912   -0.151954   -0.0395635   0.0722659   0.183974   0.295524   0.403614   0.509369   0.618404   0.722435   0.816978   0.931022   1.03744   1.1429   1.24628   1.34463   1.42393   1.4683   1.52448   1.57181   1.60737   1.6233   1.61924   1.58131   1.50067   1.42   1.37431   
0.0176433   0.0131419   0.0123758   0.0118284   0.0108007   0.00965175   0.00863095   0.00822671   0.0084436   0.00848622   0.00926077   0.00848693   0.00914498   0.00982718   0.01051   0.0112647   0.0122947   0.0145625   0.01856   0.0215714   0.0254093   0.0306117   0.0382146   0.0490656   0.0668746   0.0938138   0.122993   0.146634   
-0.1197   -0.118858   -0.118544   -0.118225   -0.117884   -0.117411   -0.11684   -0.115565   -0.114087   -0.113454   -0.112102   -0.109321   -0.110003   -0.109192   -0.108336   -0.107281   -0.105595   -0.101146   -0.0913682   -0.0841946   -0.0773459   -0.0710622   -0.065529   -0.0621484   -0.0634601   -0.0704202   -0.0809893   -0.0920271   

1005000
-10   -9   -8   -7   -6   -5   -4   -3   -2   -1   0   1   2   4   5   6   7   8   9   10   11   12   13   14   15   16   17   18   
-0.475157   -0.37332   -0.264043   -0.152072   -0.0396279   0.0722124   0.183944   0.295524   0.4035   0.509387   0.618445   0.722397   0.817749   1.03754   1.14304   1.24643   1.34479   1.42404   1.4686   1.52498   1.57121   1.60812   1.62436   1.6206   1.5815   1.49991   1.41902   1.37509   
0.0175827   0.0144656   0.0130984   0.0123361   0.0117936   0.0107763   0.00963328   0.0086163   0.00822599   0.00843702   0.00847669   0.00926247   0.00851761   0.00981703   0.010497   0.0112512   0.0122818   0.0145553   0.0185409   0.0215359   0.0254561   0.030546   0.0381106   0.0489044   0.0668508   0.0939428   0.123165   0.146515   
-0.119689   -0.119217   -0.118844   -0.118527   -0.118214   -0.11787   -0.117403   -0.116839   -0.115543   -0.114092   -0.113463   -0.112098   -0.109538   -0.109211   -0.108362   -0.10731   -0.105625   -0.101165   -0.0914132   -0.0842611   -0.0772782   -0.0711254   -0.0655867   -0.0621701   -0.0634666   -0.0704762   -0.0810768   -0.0919698   

1010000
-10   -9   -8   -7   -6   -5   -4   -3   -2   -1   0   1   2   3   4   5   6   7   9   10   11   12   13   14   15   16   17   18   
-0.475401   -0.373479   -0.264173   -0.152189   -0.0396922   0.0721583   0.183913   0.295522   0.403412   0.509403   0.618483   0.722351   0.818545   0.931181   1.03763   1.14317   1.24658   1.34494   1.46889   1.52548   1.57096   1.60887   1.62542   1.62192   1.58154   1.49903   1.41793   1.37588   
0.0175231   0.0144276   0.0130555   0.0122971   0.0117592   0.0107523   0.00961506   0.00860192   0.00822355   0.00843069   0.00846748   0.00926491   0.00854309   0.00912621   0.00980703   0.0104842   0.0112381   0.0122698   0.018522   0.0215009   0.0254751   0.030481   0.0380069   0.0487481   0.0668482   0.0940931   0.123363   0.146385   
-0.119676   -0.119201   -0.11883   -0.118509   -0.118203   -0.117857   -0.117394   -0.116837   -0.115526   -0.114096   -0.113472   -0.112094   -0.109746   -0.110036   -0.10923   -0.108387   -0.107338   -0.105653   -0.0914577   -0.0843268   -0.0772502   -0.0711884   -0.0656446   -0.0621919   -0.0634782   -0.0705391   -0.0811731   -0.0919086   

1015000
-10   -9   -8   -7   -6   -5   -4   -3   -2   -1   0   1   2   4   5   6   7   8   9   10   11   12   13   14   15   16   17   18   
-0.475643   -0.373636   -0.264304   -0.152306   -0.0397561   0.0721043   0.183882   0.295519   0.403352   0.509417   0.618519   0.722301   0.819279   1.03772   1.1433   1.24672   1.34507   1.42439   1.46919   1.52596   1.57169   1.60961   1.62647   1.6232   1.58144   1.49804   1.41673   1.37671   
0.0174644   0.0143901   0.0130132   0.0122586   0.0117252   0.0107287   0.0095971   0.00858782   0.00821929   0.00842464   0.00845858   0.00926791   0.00856732   0.00979718   0.0104717   0.0112252   0.0122587   0.014529   0.0185034   0.0214664   0.0254177   0.0304166   0.0379035   0.0485973   0.066866   0.0942597   0.123589   0.146261   
-0.119663   -0.119184   -0.118816   -0.118492   -0.118192   -0.117843   -0.117386   -0.116835   -0.115515   -0.114099   -0.11348   -0.112088   -0.109933   -0.109249   -0.108412   -0.107366   -0.10568   -0.101228   -0.0915017   -0.0843918   -0.0773308   -0.071251   -0.0657028   -0.0622138   -0.0634947   -0.0706078   -0.08128   -0.0918455   

1020000
-10   -9   -8   -7   -6   -5   -4   -3   -2   -1   0   2   3   4   5   6   7   8   9   10   11   12   13   14   15   16   17   18   
-0.475882   -0.373792   -0.264434   -0.152423   -0.0398198   0.07205   0.183851   0.295515   0.403286   0.509429   0.618552   0.81997   0.931335   1.03782   1.14343   1.24687   1.3452   1.42462   1.46947   1.52644   1.57242   1.61035   1.62753   1.62443   1.58122   1.49694   1.41542   1.37753   
0.0174065   0.014353   0.0129715   0.0122209   0.0116915   0.0107056   0.00957938   0.008574   0.0082157   0.00841884   0.00845001   0.00859253   0.00910802   0.00978746   0.0104593   0.0112125   0.0122486   0.0145126   0.018485   0.0214324   0.0253613   0.0303527   0.0378006   0.048453   0.0669037   0.0944442   0.123806   0.146109   
-0.11965   -0.119168   -0.118802   -0.118474   -0.118182   -0.117829   -0.117377   -0.116833   -0.115502   -0.114102   -0.113488   -0.110107   -0.110068   -0.109267   -0.108437   -0.107393   -0.105704   -0.101267   -0.0915451   -0.084456   -0.0774105   -0.0713134   -0.065761   -0.0622359   -0.0635161   -0.070683   -0.0813888   -0.0917776   

1025000
-10   -9   -8   -7   -6   -5   -4   -3   -2   -1   0   2   4   5   6   7   8   9   10   11   12   13   14   15   16   17   18   
-0.476119   -0.373946   -0.264563   -0.152539   -0.0398833   0.0719956   0.183819   0.295509   0.403213   0.509439   0.618582   0.820661   1.03791   1.14356   1.247   1.34531   1.42483   1.46976   1.52692   1.57313   1.61108   1.62857   1.6256   1.58086   1.49574   1.414   1.37839   
0.0173493   0.0143164   0.0129304   0.0121838   0.0116581   0.0106829   0.00956191   0.00856046   0.00821274   0.00841336   0.00844175   0.00862154   0.00977788   0.0104471   0.0112003   0.0122395   0.0144966   0.0184669   0.0213987   0.0253059   0.0302893   0.0376983   0.0483161   0.0669605   0.094659   0.124055   0.145972   
-0.119637   -0.119151   -0.118788   -0.118457   -0.118171   -0.117815   -0.117368   -0.116831   -0.115488   -0.114105   -0.113495   -0.11028   -0.109285   -0.108461   -0.10742   -0.105727   -0.101304   -0.0915881   -0.0845197   -0.0774891   -0.0713755   -0.0658193   -0.0622582   -0.0635421   -0.0707681   -0.0815086   -0.0917083   

1030000
-10   -9   -8   -7   -6   -5   -4   -3   -2   -1   0   1   2   4   5   6   7   8   9   10   11   12   13   14   15   16   17   18   
-0.476354   -0.3741   -0.264692   -0.152654   -0.0399466   0.0719413   0.183786   0.295501   0.403133   0.509447   0.61861   0.722256   0.82106   1.03799   1.14368   1.24714   1.3454   1.42504   1.47004   1.5274   1.57384   1.61181   1.62962   1.62671   1.58039   1.49445   1.41247   1.37928   
0.0172929   0.0142802   0.0128898   0.0121473   0.0116251   0.0106606   0.00954437   0.00854719   0.00821043   0.00840822   0.00843382   0.00926603   0.00863675   0.00976844   0.0104351   0.0111885   0.0122317   0.0144812   0.0184489   0.0213652   0.0252514   0.0302265   0.0375964   0.0481864   0.0670359   0.0948795   0.124323   0.145839   
-0.119623   -0.119134   -0.118773   -0.11844   -0.11816   -0.117801   -0.117359   -0.116828   -0.115473   -0.114108   -0.113502   -0.112088   -0.110378   -0.109303   -0.108485   -0.107445   -0.105748   -0.10134   -0.091631   -0.0845834   -0.0775667   -0.0714371   -0.0658777   -0.0622802   -0.0635727   -0.0708564   -0.0816365   -0.0916369   

1035000
-10   -9   -8   -7   -6   -5   -4   -3   -2   -1   0   1   3   4   5   6   7   8   9   10   11   12   13   14   15   16   17   18   
-0.476587   -0.374252   -0.264821   -0.15128   -0.0400102   0.0718872   0.183751   0.295493   0.403047   0.509452   0.618635   0.722256   0.931553   1.03808   1.14381   1.24727   1.34548   1.42525   1.47032   1.52786   1.57453   1.61253   1.63066   1.62774   1.57979   1.49307   1.41083   1.38016   
0.0172372   0.0142444   0.0128497   0.0080187   0.0115927   0.0106389   0.00952698   0.00853419   0.00820879   0.00840335   0.00842628   0.00926298   0.00908207   0.00975911   0.0104232   0.011177   0.0122254   0.0144661   0.018431   0.021332   0.0251979   0.0301643   0.0374951   0.0480652   0.0671293   0.0951129   0.124609   0.145683   
-0.119609   -0.119117   -0.118758   -0.116927   -0.118149   -0.117787   -0.11735   -0.116824   -0.115457   -0.11411   -0.113508   -0.11209   -0.110114   -0.109321   -0.108509   -0.10747   -0.105765   -0.101375   -0.0916734   -0.0846463   -0.0776434   -0.0714985   -0.0659362   -0.0623021   -0.0636076   -0.0709497   -0.0817725   -0.0915615   

1040000
-10   -9   -8   -7   -6   -5   -4   -3   -2   -1   0   1   2   3   4   5   6   7   8   9   10   11   12   13   14   15   16   17   18   
-0.476817   -0.374402   -0.264948   -0.152882   -0.0400736   0.0718334   0.183716   0.295482   0.402952   0.509456   0.618657   0.722251   0.821849   0.931621   1.03817   1.14393   1.24739   1.34554   1.42545   1.47059   1.52833   1.57521   1.61325   1.63169   1.62871   1.57908   1.49162   1.40907   1.38106   
0.0171821   0.0142089   0.0128102   0.0120761   0.0115606   0.0106176   0.00950988   0.00852146   0.00820801   0.00839873   0.00841914   0.00926045   0.00867091   0.00907384   0.0097499   0.0104116   0.0111657   0.0122202   0.0144515   0.0184135   0.0212995   0.0251451   0.0301025   0.0373945   0.0479526   0.0672399   0.0953601   0.124916   0.145514   
-0.119595   -0.119101   -0.118743   -0.118405   -0.118138   -0.117774   -0.117341   -0.11682   -0.115439   -0.114111   -0.113514   -0.112092   -0.11057   -0.110129   -0.109339   -0.108532   -0.107495   -0.105781   -0.10141   -0.0917153   -0.0847087   -0.077719   -0.0715597   -0.0659948   -0.0623237   -0.0636466   -0.0710476   -0.0819175   -0.0914828   

1045000
-10   -9   -8   -7   -6   -5   -4   -3   -2   -1   0   1   3   4   5   6   7   8   9   10   11   12   13   14   15   16   17   18   
-0.477033   -0.374552   -0.265075   -0.152994   -0.0401369   0.0717802   0.183681   0.295471   0.402849   0.509457   0.618675   0.722243   0.931689   1.03825   1.14405   1.24752   1.3456   1.42564   1.47087   1.52879   1.57588   1.61396   1.63272   1.62961   1.57826   1.49009   1.40718   1.38199   
0.0171272   0.0141738   0.0127713   0.0120415   0.0115289   0.0105969   0.00949305   0.00850904   0.008208   0.00839439   0.00841235   0.00925824   0.00906573   0.00974081   0.0104004   0.0111546   0.0122154   0.0144372   0.0183963   0.0212673   0.0250934   0.0300411   0.0372956   0.0478484   0.0673668   0.0956177   0.125244   0.145363   
-0.119584   -0.119084   -0.118728   -0.118388   -0.118127   -0.11776   -0.117332   -0.116816   -0.11542   -0.114113   -0.113519   -0.112094   -0.110143   -0.109356   -0.108555   -0.107519   -0.105796   -0.101444   -0.0917566   -0.0847704   -0.0777938   -0.0716207   -0.0660541   -0.0623446   -0.0636896   -0.0711492   -0.0820711   -0.0914033   

1050000
-10   -9   -8   -7   -6   -5   -4   -3   -2   -1   0   1   3   4   5   6   7   8   9   10   11   12   13   14   15   16   17   18   
-0.477238   -0.374701   -0.265202   -0.153106   -0.0402   0.0717276   0.183645   0.295458   0.402738   0.509457   0.618691   0.722234   0.931755   1.03834   1.14416   1.24764   1.34573   1.42583   1.47113   1.52924   1.57654   1.61467   1.63374   1.63043   1.57733   1.4885   1.40515   1.38293   
0.0170723   0.014139   0.0127329   0.0120074   0.0114975   0.0105768   0.00947653   0.00849689   0.00820882   0.00839034   0.00840591   0.00925633   0.00905772   0.00973181   0.0103893   0.0111438   0.0122043   0.0144233   0.0183792   0.0212354   0.0250424   0.0299802   0.0371964   0.0477533   0.0675098   0.095889   0.125593   0.145203   
-0.119577   -0.119067   -0.118713   -0.118372   -0.118116   -0.117746   -0.117323   -0.116812   -0.1154   -0.114114   -0.113524   -0.112095   -0.110157   -0.109373   -0.108577   -0.107543   -0.105822   -0.101477   -0.0917973   -0.0848315   -0.0778675   -0.0716816   -0.0661125   -0.0623644   -0.0637364   -0.0712557   -0.0822336   -0.0913213   

1055000
-10   -9   -8   -7   -6   -5   -4   -3   -2   -1   0   1   3   4   5   6   7   8   9   10   11   12   13   14   15   16   17   18   
-0.477442   -0.374848   -0.265328   -0.153216   -0.0402631   0.0716759   0.18361   0.295443   0.402646   0.509454   0.618704   0.722221   0.931821   1.03842   1.14427   1.24776   1.34585   1.42602   1.4714   1.52969   1.57719   1.61537   1.63475   1.63118   1.5763   1.48685   1.40454   1.38388   
0.0170184   0.0141045   0.012695   0.0119739   0.0114664   0.0105572   0.00946027   0.00848504   0.00820841   0.0083866   0.0083998   0.00925475   0.00904983   0.00972293   0.0103784   0.0111332   0.0121944   0.0144097   0.0183624   0.021204   0.0249923   0.0299197   0.0370988   0.047667   0.0676677   0.0961702   0.125691   0.145037   
-0.119569   -0.119051   -0.118698   -0.118355   -0.118105   -0.117733   -0.117313   -0.116807   -0.115382   -0.114114   -0.113528   -0.112096   -0.110171   -0.10939   -0.108599   -0.107567   -0.105845   -0.101509   -0.0918377   -0.084892   -0.0779403   -0.0717422   -0.0661707   -0.0623831   -0.0637867   -0.0713652   -0.0822842   -0.0912376   

1060000
-10   -9   -8   -7   -6   -5   -4   -3   -2   -1   0   1   2   3   4   5   6   7   8   9   10   11   12   13   14   15   16   17   18   
-0.477646   -0.374994   -0.265453   -0.153324   -0.0403264   0.0716251   0.183574   0.295427   0.40259   0.509449   0.618714   0.722205   0.823069   0.931886   1.0385   1.14438   1.24788   1.34596   1.4262   1.47166   1.53013   1.57783   1.61607   1.63574   1.63185   1.57517   1.48514   1.4067   1.38485   
0.016965   0.0140703   0.0126576   0.011941   0.0114356   0.0105383   0.00944435   0.0084735   0.00820548   0.00838317   0.00839405   0.00925354   0.00872554   0.00904202   0.00971417   0.0103677   0.0111228   0.0121858   0.0143965   0.0183459   0.021173   0.024943   0.0298596   0.0370015   0.0475896   0.0678397   0.0964602   0.125319   0.144873   
-0.11956   -0.119034   -0.118683   -0.118339   -0.118094   -0.11772   -0.117304   -0.116801   -0.115372   -0.114114   -0.113532   -0.112096   -0.110856   -0.110185   -0.109407   -0.108621   -0.10759   -0.105867   -0.101541   -0.0918774   -0.0849519   -0.078012   -0.0718027   -0.0662282   -0.0624006   -0.0638401   -0.0714771   -0.0821202   -0.0911517   

1065000
-10   -8   -6   -4   -3   -2   -1   0   1   2   3   4   5   6   7   8   9   10   11   12   13   14   15   16   17   18   
-0.477849   -0.265577   -0.0403898   0.183538   0.295409   0.402528   0.509443   0.618721   0.722186   0.823383   0.93195   1.03858   1.14449   1.24799   1.34605   1.42638   1.47191   1.53057   1.57845   1.61677   1.63673   1.63244   1.57396   1.48337   1.40888   1.38584   
0.0169124   0.0126208   0.0114053   0.00942878   0.00846229   0.00820313   0.00838004   0.00838864   0.00925269   0.00873647   0.00903432   0.00970576   0.0103572   0.0111125   0.0121785   0.0143835   0.0183299   0.0211424   0.0248946   0.0297999   0.0369071   0.0475215   0.068025   0.0967582   0.124947   0.144708   
-0.11955   -0.118668   -0.118083   -0.117294   -0.116796   -0.115361   -0.114114   -0.113535   -0.112096   -0.110924   -0.110199   -0.109423   -0.108642   -0.107612   -0.105886   -0.101572   -0.0919162   -0.0850111   -0.0780829   -0.071863   -0.0662865   -0.062417   -0.0638963   -0.0715913   -0.081956   -0.0910645   

1070000
-10   -9   -8   -6   -4   -3   -2   -1   0   1   2   4   5   6   7   8   9   10   11   12   13   14   15   16   17   18   
-0.478052   -0.375251   -0.265701   -0.0404534   0.183502   0.29539   0.402461   0.509434   0.618724   0.722164   0.823649   1.03866   1.1446   1.2481   1.34612   1.42655   1.47216   1.531   1.57907   1.61746   1.6377   1.63295   1.57265   1.48155   1.41105   1.38681   
0.0168604   0.0140006   0.0125845   0.0113752   0.00941354   0.0084514   0.00820136   0.00837718   0.00838355   0.00925228   0.00874446   0.00969754   0.0103468   0.0111025   0.0121725   0.0143709   0.0183142   0.0211121   0.0248469   0.0297406   0.0368136   0.0474626   0.0682235   0.0970651   0.124581   0.144519   
-0.11954   -0.11901   -0.118652   -0.118072   -0.117285   -0.116789   -0.115348   -0.114114   -0.113538   -0.112095   -0.110981   -0.109439   -0.108663   -0.107635   -0.105902   -0.101602   -0.0919544   -0.0850699   -0.0781527   -0.0719232   -0.0663441   -0.0624322   -0.0639557   -0.0717079   -0.0817938   -0.0909736   

1075000
-10   -9   -8   -7   -6   -5   -4   -3   -2   -1   0   1   2   4   5   6   7   8   9   10   11   12   13   14   15   16   17   18   
-0.478254   -0.375363   -0.265824   -0.153623   -0.0405169   0.0715062   0.183467   0.295369   0.40239   0.509422   0.618725   0.722135   0.823955   1.03873   1.14471   1.24822   1.34617   1.42671   1.47241   1.53143   1.57968   1.61815   1.63865   1.63338   1.57126   1.47968   1.41316   1.38782   
0.0168089   0.013965   0.0125487   0.0118431   0.0113456   0.0104801   0.00939863   0.00844086   0.00820016   0.00837469   0.00837879   0.00925257   0.00875773   0.00968939   0.0103366   0.0110926   0.0121679   0.0143589   0.0182986   0.0210822   0.0248   0.0296818   0.0367213   0.0474127   0.0684361   0.0973799   0.124208   0.144347   
-0.119529   -0.119002   -0.118637   -0.118296   -0.118061   -0.117687   -0.117275   -0.116783   -0.115335   -0.114113   -0.11354   -0.112093   -0.111047   -0.109454   -0.108684   -0.107657   -0.105916   -0.101631   -0.0919923   -0.0851281   -0.0782216   -0.0719832   -0.066401   -0.0624461   -0.0640201   -0.071827   -0.0816341   -0.0908827   

1080000
-10   -9   -8   -7   -6   -5   -4   -3   -2   -1   0   1   2   4   5   6   7   8   9   10   11   12   13   14   15   16   17   18   
-0.478455   -0.375476   -0.265947   -0.153703   -0.0405811   0.0714861   0.183431   0.295347   0.402312   0.509409   0.618723   0.722103   0.824222   1.03881   1.14481   1.24833   1.3462   1.42687   1.47266   1.53186   1.58028   1.61883   1.63958   1.63374   1.56978   1.47776   1.41531   1.38884   
0.0167581   0.0139298   0.0125135   0.0118081   0.0113165   0.0104586   0.00938405   0.00843072   0.00819963   0.00837249   0.00837447   0.00925322   0.00876862   0.00968139   0.0103265   0.0110828   0.0121649   0.0143473   0.0182833   0.0210526   0.0247538   0.0296233   0.0366309   0.047372   0.0686617   0.0977037   0.123846   0.144167   
-0.119518   -0.118994   -0.118621   -0.118287   -0.118049   -0.117681   -0.117265   -0.116776   -0.115321   -0.114112   -0.113542   -0.11209   -0.111103   -0.109469   -0.108704   -0.107678   -0.105928   -0.101659   -0.0920297   -0.0851858   -0.0782898   -0.072043   -0.0664576   -0.0624588   -0.0640889   -0.0719508   -0.0814734   -0.0907898   

1085000
-10   -9   -8   -7   -6   -5   -4   -3   -2   -1   0   1   2   3   4   5   6   7   8   9   10   11   12   13   14   15   18   
-0.478656   -0.375589   -0.266069   -0.153783   -0.0406455   0.0714667   0.183396   0.295323   0.402228   0.509393   0.618717   0.72207   0.824573   0.932201   1.03888   1.14492   1.24843   1.34621   1.42703   1.4729   1.53228   1.58087   1.61951   1.6405   1.63402   1.56822   1.38986   
0.0167078   0.0138948   0.0124787   0.0117736   0.0112877   0.0104377   0.00936981   0.008421   0.00819985   0.00837056   0.00837046   0.00925409   0.00879075   0.00900417   0.00967346   0.0103165   0.0110733   0.0121642   0.014336   0.0182682   0.0210233   0.0247082   0.0295653   0.0365421   0.0473404   0.0689036   0.143983   
-0.119507   -0.118986   -0.118606   -0.118278   -0.118038   -0.117675   -0.117256   -0.116768   -0.115305   -0.11411   -0.113543   -0.112088   -0.111175   -0.110253   -0.109484   -0.108725   -0.1077   -0.105935   -0.101687   -0.0920667   -0.0852429   -0.0783572   -0.0721026   -0.0665138   -0.0624702   -0.064163   -0.0906954   

1090000
-10   -9   -8   -7   -6   -5   -4   -3   -2   -1   0   2   3   4   5   6   7   8   9   10   11   12   13   14   15   16   17   18   
-0.478856   -0.375702   -0.26619   -0.153862   -0.0407099   0.0714482   0.183365   0.295297   0.402138   0.509377   0.61871   0.825343   0.932262   1.03895   1.14502   1.24854   1.34621   1.42718   1.47314   1.5327   1.58146   1.62018   1.64141   1.63421   1.56659   1.47618   1.41967   1.39089   
0.0166582   0.0138601   0.0124446   0.0117396   0.0112593   0.0104175   0.00935554   0.0084117   0.00820085   0.00836889   0.00836666   0.00887466   0.00899679   0.00966566   0.0103067   0.0110642   0.012164   0.0143249   0.0182533   0.0209944   0.0246633   0.0295076   0.0364543   0.047318   0.0691484   0.0979687   0.123084   0.143791   
-0.119495   -0.118977   -0.11859   -0.118269   -0.118026   -0.117669   -0.117247   -0.116761   -0.115289   -0.114108   -0.113544   -0.111324   -0.110266   -0.109499   -0.108745   -0.10772   -0.105941   -0.101714   -0.0921032   -0.0852997   -0.0784239   -0.0721621   -0.0665696   -0.0624802   -0.0642371   -0.0720623   -0.0811431   -0.0905995   

1095000
-10   -9   -8   -7   -6   -5   -4   -3   -2   0   1   2   3   4   5   6   7   8   9   10   11   12   13   14   15   16   17   18   
-0.479055   -0.375815   -0.26631   -0.15394   -0.0407744   0.0714307   0.183365   0.29527   0.402042   0.618726   0.722032   0.826063   0.93232   1.03902   1.14512   1.24863   1.34628   1.42733   1.47337   1.53311   1.58204   1.62085   1.64231   1.63433   1.5649   1.48059   1.42189   1.39194   
0.0166091   0.0138257   0.0124109   0.0117061   0.0112312   0.010398   0.00933863   0.00840283   0.0082026   0.00836097   0.00925314   0.0089853   0.00898979   0.00965792   0.0102971   0.0110553   0.0121581   0.0143142   0.0182385   0.0209659   0.0246189   0.0294505   0.0363676   0.0473061   0.0694089   0.097241   0.122689   0.143609   
-0.119482   -0.118968   -0.118575   -0.11826   -0.118015   -0.117663   -0.117245   -0.116752   -0.115271   -0.113548   -0.112087   -0.111435   -0.110278   -0.109514   -0.108764   -0.10774   -0.105956   -0.101741   -0.0921396   -0.0853561   -0.0784899   -0.0722213   -0.0666251   -0.0624893   -0.0643156   -0.0718079   -0.0809732   -0.0905035   

1100000
-10   -9   -8   -7   -6   -5   -4   -3   0   1   2   3   4   5   6   7   8   9   10   11   12   13   14   15   16   17   18   
-0.479252   -0.375928   -0.26643   -0.154018   -0.0408386   0.0714141   0.183364   0.295242   0.618766   0.722047   0.826593   0.932377   1.03909   1.14522   1.24873   1.34632   1.42747   1.47361   1.53352   1.58261   1.62152   1.6432   1.63437   1.56315   1.48463   1.42415   1.39299   
0.0165605   0.0137916   0.0123777   0.0116731   0.0112034   0.0103792   0.00932211   0.00839443   0.0083531   0.00924951   0.00910009   0.00898281   0.00965027   0.0102875   0.0110466   0.0121544   0.0143037   0.0182239   0.0209377   0.0245751   0.0293938   0.0362821   0.0473014   0.0696789   0.0965747   0.122292   0.143421   
-0.119469   -0.118958   -0.118559   -0.11825   -0.118003   -0.117656   -0.117244   -0.116744   -0.113556   -0.112091   -0.111483   -0.110291   -0.109528   -0.108784   -0.107759   -0.105969   -0.101767   -0.0921756   -0.0854119   -0.0785552   -0.0722803   -0.0666801   -0.0624963   -0.0643966   -0.0715807   -0.0808001   -0.0904055   

1105000
-10   -9   -8   -7   -6   -5   -4   -3   -2   -1   0   1   2   4   5   6   7   8   9   10   11   12   13   14   16   17   18   
-0.479449   -0.376041   -0.266548   -0.154095   -0.040903   0.0713986   0.183364   0.295213   0.401884   0.509362   0.618805   0.722059   0.826964   1.03916   1.14531   1.24883   1.34634   1.42761   1.47384   1.53392   1.58318   1.62218   1.64408   1.63432   1.48874   1.4265   1.39406   
0.0165125   0.0137578   0.012345   0.0116406   0.011176   0.0103612   0.009306   0.00838652   0.00820416   0.00836137   0.00834551   0.00924623   0.00920313   0.00964269   0.0102781   0.011038   0.0121529   0.0142935   0.0182095   0.0209097   0.0245319   0.0293375   0.0361978   0.0473081   0.0958889   0.121885   0.143232   
-0.119456   -0.118949   -0.118543   -0.118241   -0.117991   -0.11765   -0.117242   -0.116735   -0.115242   -0.114109   -0.113564   -0.112095   -0.11149   -0.109543   -0.108803   -0.107778   -0.105976   -0.101792   -0.0922111   -0.0854673   -0.0786199   -0.0723391   -0.0667346   -0.0625028   -0.0713455   -0.0806216   -0.0903073   

1110000
-10   -9   -8   -7   -6   -5   -4   -3   -2   -1   0   1   2   3   4   5   6   7   8   9   10   11   12   13   14   16   17   18   
-0.365481   -0.376154   -0.266666   -0.154171   -0.0409671   0.0713844   0.183364   0.295182   0.401832   0.509389   0.618841   0.722069   0.827217   0.932491   1.03926   1.14541   1.24892   1.34632   1.42775   1.47407   1.53433   1.58373   1.62283   1.64495   1.6342   1.49294   1.42889   1.39511   
0.0673348   0.0137242   0.0123129   0.0116085   0.011149   0.0103439   0.00929029   0.00837913   0.00820321   0.00835499   0.00833819   0.00924311   0.00928081   0.00896902   0.0096329   0.0102688   0.0110295   0.0121535   0.0142836   0.0181954   0.0208819   0.0244891   0.0292818   0.0361151   0.0473233   0.0951921   0.121464   0.143035   
-0.0677097   -0.118939   -0.118528   -0.118232   -0.11798   -0.117644   -0.11724   -0.116726   -0.115232   -0.114115   -0.113572   -0.112099   -0.111482   -0.110315   -0.109561   -0.108822   -0.107797   -0.10598   -0.101817   -0.0922462   -0.0855224   -0.078684   -0.0723976   -0.0667886   -0.0625076   -0.0711048   -0.0804379   -0.090208   

1115000
-10   -9   -8   -7   -6   -5   -4   -3   -2   -1   0   1   2   4   5   6   7   8   9   10   11   12   13   14   16   17   18   
-0.47984   -0.376267   -0.266783   -0.154247   -0.0410314   0.0713715   0.183364   0.29515   0.401777   0.509412   0.618875   0.722078   0.827394   1.03939   1.14551   1.24902   1.34628   1.42788   1.47429   1.53472   1.58429   1.62348   1.6458   1.63399   1.49703   1.43133   1.39617   
0.0164182   0.0136911   0.0122812   0.011577   0.0111222   0.0103276   0.00927503   0.0083723   0.00820284   0.00834771   0.00833113   0.00924019   0.00933149   0.00961979   0.0102596   0.0110211   0.0121563   0.0142738   0.0181815   0.0208545   0.024447   0.0292264   0.0360337   0.0473475   0.0945126   0.121034   0.142851   
-0.119429   -0.118929   -0.118512   -0.118222   -0.117968   -0.117638   -0.117237   -0.116716   -0.115222   -0.114121   -0.113579   -0.112102   -0.111474   -0.109585   -0.108841   -0.107816   -0.10598   -0.101841   -0.0922807   -0.0855772   -0.0787472   -0.0724559   -0.0668418   -0.062511   -0.0708725   -0.0802498   -0.0901101   

1120000
-10   -9   -8   -7   -6   -5   -4   -3   -2   -1   0   1   2   3   4   5   6   7   8   9   10   11   12   13   14   16   17   18   
-0.480033   -0.37638   -0.266899   -0.154322   -0.0410955   0.0713601   0.183364   0.295118   0.401721   0.509435   0.618906   0.722086   0.827526   0.932604   1.03952   1.1456   1.24911   1.3462   1.42802   1.47451   1.53512   1.58483   1.62413   1.64663   1.6337   1.50071   1.43375   1.39722   
0.0163718   0.0136582   0.0122502   0.0115459   0.0110958   0.0103121   0.00926024   0.00836606   0.00820308   0.00834067   0.00832435   0.00923744   0.00936337   0.00895533   0.00960683   0.0102508   0.0110128   0.0121623   0.0142643   0.0181679   0.0208273   0.0244054   0.0291716   0.0359544   0.0473811   0.0938988   0.120607   0.142662   
-0.119415   -0.118919   -0.118497   -0.118213   -0.117956   -0.117632   -0.117235   -0.116707   -0.115212   -0.114126   -0.113586   -0.112105   -0.11147   -0.110339   -0.109608   -0.108859   -0.107834   -0.105975   -0.101865   -0.0923147   -0.0856315   -0.0788097   -0.0725139   -0.0668943   -0.0625132   -0.0706695   -0.0800643   -0.0900123   

1125000
-10   -9   -8   -7   -6   -5   -4   -3   -2   -1   0   1   2   3   4   5   6   7   8   9   10   11   12   13   14   15   16   17   18   
-0.480226   -0.376492   -0.267013   -0.154397   -0.0411597   0.0713505   0.183364   0.295097   0.401661   0.509456   0.618935   0.722092   0.827636   0.932691   1.03965   1.14569   1.2492   1.34616   1.42815   1.47473   1.53551   1.58537   1.62477   1.64745   1.63334   1.55849   1.50432   1.43613   1.39826   
0.0163259   0.0136257   0.0122196   0.0115152   0.0110698   0.0102977   0.00924594   0.00835964   0.00820407   0.00833383   0.00831783   0.0092349   0.00938453   0.00894563   0.00959405   0.0102422   0.0110045   0.0121658   0.0142549   0.0181547   0.0208003   0.0243643   0.0291171   0.0358766   0.0474239   0.0704064   0.0933181   0.120171   0.142465   
-0.119401   -0.118908   -0.118482   -0.118204   -0.117944   -0.117626   -0.117232   -0.116699   -0.115201   -0.114131   -0.113593   -0.112108   -0.11147   -0.110356   -0.109632   -0.108876   -0.107853   -0.105973   -0.101889   -0.0923476   -0.0856855   -0.0788718   -0.0725717   -0.0669457   -0.0625142   -0.0646325   -0.0704771   -0.0798792   -0.0899146   

1130000
-10   -9   -8   -7   -6   -5   -4   -3   -2   -1   0   1   2   3   4   5   6   7   8   9   10   11   12   13   14   15   16   17   18   
-0.480407   -0.376604   -0.267127   -0.154472   -0.0412237   0.0713428   0.183364   0.29511   0.401598   0.509475   0.618962   0.722097   0.827733   0.932792   1.03977   1.14577   1.24935   1.34611   1.42827   1.47494   1.5359   1.58591   1.6254   1.64824   1.63289   1.56193   1.50797   1.43847   1.39931   
0.0162801   0.0135934   0.0121896   0.0114849   0.0110441   0.0102845   0.00923217   0.00835157   0.0082058   0.00832723   0.0083116   0.00923257   0.00940002   0.00893467   0.00958143   0.0102337   0.010992   0.0121693   0.0142459   0.018142   0.0207736   0.0243233   0.0290629   0.035801   0.047476   0.0698906   0.0927162   0.119762   0.142277   
-0.11939   -0.118898   -0.118467   -0.118194   -0.117933   -0.11762   -0.11723   -0.116699   -0.115189   -0.114136   -0.113599   -0.112111   -0.111471   -0.110375   -0.109655   -0.108894   -0.107879   -0.105971   -0.101912   -0.0923797   -0.085739   -0.0789337   -0.0726295   -0.0669962   -0.0625141   -0.0645079   -0.0702772   -0.0797019   -0.0898178   

1135000
-10   -9   -8   -7   -6   -5   -4   -3   -2   -1   0   1   2   3   4   5   6   7   8   9   10   11   12   13   14   15   16   17   18   
-0.480568   -0.376716   -0.267238   -0.154545   -0.0412877   0.0713373   0.183365   0.295122   0.401532   0.509493   0.618985   0.722099   0.827821   0.932891   1.0399   1.14586   1.24952   1.34603   1.42839   1.47514   1.53629   1.58644   1.62604   1.64902   1.63237   1.56531   1.51165   1.4407   1.40037   
0.0162339   0.0135613   0.01216   0.0114551   0.0110188   0.0102724   0.00921903   0.0083442   0.00820827   0.00832083   0.00830571   0.00923046   0.00941174   0.00892386   0.00956897   0.0102253   0.010977   0.0121752   0.0142371   0.0181295   0.0207472   0.0242829   0.029009   0.0357272   0.0475375   0.0693829   0.0921091   0.119371   0.142097   
-0.119385   -0.118887   -0.118452   -0.118185   -0.117921   -0.117614   -0.117227   -0.116698   -0.115177   -0.114141   -0.113604   -0.112114   -0.111473   -0.110394   -0.109678   -0.108911   -0.10791   -0.105965   -0.101934   -0.0924112   -0.0857922   -0.0789951   -0.0726872   -0.0670453   -0.0625129   -0.0643842   -0.0700753   -0.0795351   -0.0897209   

1140000
-10   -9   -7   -6   -5   -4   -3   -2   -1   0   1   2   3   4   5   6   7   8   9   10   11   12   13   14   15   16   17   18   
-0.480729   -0.376828   -0.154619   -0.0413517   0.0713346   0.183366   0.295134   0.401462   0.509509   0.619007   0.7221   0.827904   0.932988   1.04002   1.14594   1.24969   1.34593   1.42851   1.47534   1.53667   1.58697   1.62667   1.64977   1.63176   1.56861   1.51521   1.44289   1.40142   
0.0161882   0.0135296   0.0114257   0.0109939   0.0102619   0.00920658   0.0083376   0.00821152   0.00831463   0.0083001   0.00922859   0.00942115   0.00891319   0.00955669   0.010217   0.0109623   0.0121828   0.0142285   0.0181174   0.020721   0.0242429   0.0289553   0.0356556   0.0476082   0.068887   0.0915185   0.118981   0.141899   
-0.119378   -0.118876   -0.118175   -0.117909   -0.117608   -0.117224   -0.116698   -0.115163   -0.114145   -0.113609   -0.112116   -0.111476   -0.110412   -0.1097   -0.108928   -0.10794   -0.105956   -0.101956   -0.0924419   -0.085845   -0.0790561   -0.0727449   -0.0670933   -0.0625106   -0.0642627   -0.0698802   -0.0793714   -0.089622   

1145000
-10   -9   -7   -6   -5   -4   -3   -2   -1   0   1   2   3   4   5   6   7   8   9   10   11   12   13   14   15   16   17   18   
-0.480889   -0.37694   -0.154692   -0.0414157   0.0713348   0.183366   0.295145   0.401388   0.509525   0.619025   0.722099   0.827985   0.933084   1.04014   1.14603   1.24985   1.3458   1.42863   1.47554   1.53705   1.58749   1.6273   1.65049   1.63108   1.5718   1.5185   1.44511   1.40249   
0.0161429   0.0134982   0.0113966   0.0109693   0.010253   0.00919483   0.00833189   0.00821558   0.0083086   0.00829478   0.00922697   0.00943005   0.00890267   0.00954456   0.0102089   0.010948   0.0121923   0.01422   0.0181056   0.0206951   0.0242034   0.0289019   0.0355866   0.047688   0.0684077   0.0909888   0.118597   0.141715   
-0.119372   -0.118865   -0.118166   -0.117897   -0.117602   -0.117221   -0.116696   -0.11515   -0.114149   -0.113614   -0.112117   -0.111479   -0.11043   -0.109722   -0.108945   -0.10797   -0.105943   -0.101978   -0.0924718   -0.0858974   -0.0791165   -0.0728024   -0.0671398   -0.0625072   -0.0641462   -0.0697086   -0.0792071   -0.0895237   

1150000
-10   -9   -7   -6   -5   -4   -3   -2   -1   0   1   2   3   4   5   6   7   8   9   10   11   12   13   14   15   16   17   18   
-0.48105   -0.377051   -0.154765   -0.0414795   0.0713385   0.183368   0.295156   0.401312   0.509539   0.619041   0.722093   0.828057   0.933179   1.04026   1.14611   1.25001   1.34567   1.42875   1.47573   1.53743   1.588   1.62793   1.65119   1.63032   1.57479   1.52159   1.44732   1.40356   
0.0160982   0.013467   0.011368   0.0109451   0.0102461   0.0091838   0.00832711   0.00822045   0.00830273   0.00828977   0.00922581   0.00943493   0.00889228   0.00953261   0.0102009   0.0109339   0.0122028   0.0142117   0.018094   0.0206694   0.0241644   0.0288487   0.0355202   0.0477766   0.0679619   0.0904892   0.118204   0.141524   
-0.119365   -0.118854   -0.118156   -0.117886   -0.117596   -0.117218   -0.116695   -0.115136   -0.114153   -0.113618   -0.112119   -0.111484   -0.110448   -0.109744   -0.108961   -0.107999   -0.105928   -0.102   -0.0925012   -0.0859494   -0.0791763   -0.0728599   -0.0671848   -0.0625028   -0.0640428   -0.0695501   -0.0790406   -0.0894243   

1155000
-10   -9   -8   -7   -6   -5   -4   -3   -2   -1   0   1   2   3   4   5   6   7   8   9   10   11   12   13   14   15   16   17   18   
-0.481209   -0.377162   -0.267627   -0.154838   -0.0415434   0.071347   0.18337   0.295167   0.401235   0.509551   0.619055   0.722084   0.828124   0.933273   1.04038   1.14619   1.25017   1.34557   1.42887   1.47592   1.5378   1.58852   1.62856   1.65186   1.62948   1.57767   1.52471   1.44959   1.40463   
0.0160541   0.0134361   0.0120411   0.0113398   0.0109212   0.0102417   0.00917356   0.00832335   0.0082259   0.00829703   0.00828507   0.00922501   0.00943674   0.00888205   0.00952083   0.010193   0.0109203   0.0122105   0.0142034   0.0180827   0.0206439   0.0241258   0.0287957   0.0354569   0.0478743   0.0675358   0.0899824   0.117807   0.141322   
-0.119357   -0.118842   -0.118405   -0.118146   -0.117874   -0.117591   -0.117214   -0.116693   -0.115121   -0.114156   -0.113622   -0.112119   -0.11149   -0.110466   -0.109766   -0.108977   -0.108027   -0.105918   -0.102021   -0.09253   -0.0860011   -0.0792357   -0.0729172   -0.067228   -0.0624975   -0.0639469   -0.0693883   -0.0788714   -0.0893238   

1160000
-10   -9   -8   -7   -6   -5   -4   -3   -2   -1   0   1   2   4   5   6   7   8   10   11   12   13   14   15   16   17   18   
-0.481368   -0.377273   -0.267705   -0.154911   -0.0416068   0.0713612   0.183373   0.295178   0.401207   0.509562   0.619065   0.722072   0.828194   1.04049   1.14627   1.25033   1.34548   1.42898   1.53817   1.58902   1.62918   1.65249   1.62857   1.58052   1.52788   1.45187   1.40572   
0.0160106   0.0134056   0.0120105   0.0113119   0.0108977   0.0102403   0.00916415   0.00832077   0.00822777   0.00829152   0.0082807   0.00922451   0.00944216   0.00950923   0.0101852   0.0109069   0.0122172   0.0141952   0.0206186   0.0240876   0.0287433   0.0353972   0.0479826   0.0671131   0.0894663   0.117398   0.141132   
-0.11935   -0.118831   -0.118398   -0.118137   -0.117862   -0.117585   -0.117211   -0.116691   -0.115116   -0.11416   -0.113625   -0.112119   -0.111494   -0.109787   -0.108993   -0.108055   -0.10591   -0.102042   -0.0860526   -0.0792945   -0.0729745   -0.0672691   -0.0624923   -0.0638504   -0.0692219   -0.0786983   -0.0892234   

1165000
-10   -9   -8   -7   -6   -5   -4   -3   -2   -1   0   1   2   4   5   6   7   8   10   11   12   13   14   15   16   17   18   
-0.481526   -0.377384   -0.267783   -0.154984   -0.0416702   0.071383   0.183378   0.295189   0.401177   0.509572   0.619073   0.722058   0.828261   1.04061   1.14635   1.25047   1.34536   1.4291   1.53854   1.58952   1.6298   1.65308   1.62757   1.5833   1.53101   1.45421   1.40679   
0.0159674   0.0133753   0.0119803   0.0112844   0.0108745   0.0102428   0.00915568   0.00831949   0.00823025   0.00828618   0.00827668   0.00922424   0.00944625   0.00949777   0.0101776   0.0108938   0.0122263   0.0141871   0.0205935   0.02405   0.0286911   0.0353409   0.0481001   0.0666987   0.088953   0.116981   0.140926   
-0.119341   -0.118819   -0.118391   -0.118127   -0.11785   -0.11758   -0.117208   -0.116688   -0.11511   -0.114163   -0.113628   -0.112119   -0.111499   -0.109808   -0.109009   -0.108082   -0.105897   -0.102063   -0.0861037   -0.0793529   -0.0730316   -0.0673082   -0.0624864   -0.0637553   -0.0690565   -0.0785214   -0.0891215   

1170000
-10   -9   -8   -7   -6   -5   -4   -3   -2   -1   0   2   3   4   5   6   7   8   10   11   12   13   14   15   16   17   18   
-0.481684   -0.377494   -0.26786   -0.155057   -0.0417334   0.0714153   0.183385   0.295202   0.401146   0.509581   0.619077   0.828324   0.933545   1.04072   1.14642   1.25062   1.34522   1.42921   1.53891   1.59002   1.63042   1.65364   1.62649   1.58602   1.53406   1.45653   1.40788   
0.0159249   0.0133453   0.0119505   0.0112574   0.0108517   0.0102508   0.00914826   0.00831964   0.0082334   0.00828101   0.00827298   0.00944832   0.0088521   0.00948642   0.01017   0.010881   0.0122373   0.0141789   0.0205687   0.0240127   0.0286392   0.0352875   0.048228   0.0662981   0.0884527   0.116556   0.140726   
-0.119333   -0.118808   -0.118383   -0.118117   -0.117839   -0.117575   -0.117204   -0.116686   -0.115103   -0.114166   -0.113631   -0.111504   -0.110518   -0.109829   -0.109024   -0.108109   -0.10588   -0.102084   -0.0861545   -0.0794108   -0.0730886   -0.0673455   -0.062481   -0.0636645   -0.0688966   -0.0783443   -0.0890195   

1175000
-10   -9   -8   -7   -6   -5   -4   -3   -2   -1   0   1   2   3   4   5   6   7   8   9   10   11   12   13   14   15   16   17   18   
-0.481841   -0.377604   -0.267936   -0.15513   -0.0417962   0.0714637   0.183393   0.295215   0.401113   0.509589   0.619079   0.722028   0.828386   0.933633   1.04083   1.1465   1.25076   1.34507   1.42932   1.47672   1.53927   1.59051   1.63103   1.65418   1.62534   1.58859   1.53692   1.45887   1.40899   
0.015883   0.0133156   0.0119212   0.0112308   0.0108292   0.0102667   0.00914202   0.00832139   0.00823722   0.00827603   0.00826962   0.00922398   0.00945096   0.00884238   0.00947518   0.0101626   0.0108685   0.0122493   0.0141708   0.0180339   0.0205441   0.0239758   0.0285872   0.0352372   0.0483652   0.065918   0.087998   0.116142   0.140528   
-0.119324   -0.118796   -0.118376   -0.118107   -0.117827   -0.11757   -0.117201   -0.116683   -0.115097   -0.114169   -0.113632   -0.112118   -0.111509   -0.110534   -0.10985   -0.10904   -0.108135   -0.105862   -0.102105   -0.0926538   -0.086205   -0.0794683   -0.0731451   -0.0673809   -0.0624756   -0.0635814   -0.0687541   -0.0781698   -0.0889173   

1180000
-10   -9   -8   -7   -6   -5   -4   -3   -2   -1   0   2   4   5   6   7   8   9   10   11   12   13   14   15   16   17   18   
-0.481997   -0.377714   -0.268012   -0.155203   -0.0418588   0.0715422   0.183404   0.295229   0.401079   0.509594   0.619077   0.828444   1.04094   1.14658   1.2509   1.34494   1.42944   1.47701   1.53963   1.591   1.63164   1.65468   1.62411   1.59104   1.53956   1.46115   1.4101   
0.0158415   0.0132862   0.0118922   0.0112045   0.0108071   0.0102971   0.00913715   0.00832496   0.00824183   0.00827123   0.0082667   0.00945161   0.00946409   0.0101552   0.0108563   0.0122588   0.0141627   0.0180158   0.0205196   0.0239393   0.0285362   0.0351899   0.0485119   0.0655578   0.0875678   0.115734   0.140331   
-0.119315   -0.118784   -0.118368   -0.118096   -0.117815   -0.117566   -0.117197   -0.11668   -0.11509   -0.114171   -0.113634   -0.111515   -0.10987   -0.109055   -0.108161   -0.105848   -0.102126   -0.0926987   -0.0862552   -0.0795254   -0.0732022   -0.0674144   -0.0624705   -0.0635062   -0.0686242   -0.0779999   -0.0888137   

1185000
-10   -9   -8   -7   -6   -5   -4   -3   -2   -1   0   1   2   4   5   6   7   8   9   10   11   12   13   14   15   16   17   18   
-0.482152   -0.377823   -0.268088   -0.155276   -0.0419209   0.0716992   0.183417   0.295245   0.40103   0.509599   0.619071   0.721995   0.828499   1.04105   1.14665   1.25104   1.34485   1.42955   1.4773   1.53999   1.59148   1.63225   1.65514   1.6228   1.59349   1.54223   1.46334   1.41123   
0.0158004   0.0132572   0.0118637   0.0111786   0.0107854   0.0103646   0.00913386   0.00833058   0.00823927   0.00826664   0.00826417   0.00922197   0.00945139   0.00945313   0.0101479   0.0108443   0.0122656   0.0141544   0.017998   0.0204953   0.0239031   0.0284851   0.0351456   0.0486659   0.0651982   0.0871395   0.115358   0.140127   
-0.119306   -0.118772   -0.118361   -0.118086   -0.117804   -0.117565   -0.117194   -0.116676   -0.115082   -0.114173   -0.113634   -0.112118   -0.111521   -0.10989   -0.109069   -0.108186   -0.10584   -0.102147   -0.0927431   -0.0863052   -0.0795821   -0.0732588   -0.067446   -0.0624645   -0.0634309   -0.0684945   -0.0778426   -0.0887082   

1190000
-10   -9   -8   -7   -6   -5   -4   -3   -2   -1   0   1   2   4   6   7   8   9   10   11   12   13   14   15   16   17   18   
-0.482307   -0.377932   -0.268163   -0.15535   -0.0419826   0.0716591   0.183434   0.295264   0.400976   0.509602   0.619062   0.722013   0.828552   1.04115   1.25117   1.34477   1.42967   1.47758   1.54034   1.59196   1.63286   1.65558   1.62143   1.5959   1.54495   1.46542   1.41238   
0.0157599   0.0132286   0.0118356   0.0111531   0.010764   0.0103454   0.00913242   0.00833854   0.00823528   0.00826225   0.00826195   0.00921761   0.00945199   0.00944227   0.0108326   0.0122722   0.0141462   0.0179803   0.0204712   0.0238674   0.0284344   0.0351044   0.0488302   0.0648464   0.0867108   0.114985   0.139926   
-0.119296   -0.118759   -0.118353   -0.118075   -0.117793   -0.117559   -0.117191   -0.116673   -0.115075   -0.114175   -0.113635   -0.112124   -0.111526   -0.10991   -0.10821   -0.105831   -0.102168   -0.0927872   -0.0863549   -0.0796383   -0.0733153   -0.0674756   -0.0624596   -0.0633576   -0.068363   -0.0776914   -0.0886024   

1195000
-10   -9   -8   -7   -6   -5   -4   -3   -2   -1   0   1   2   3   4   5   6   7   8   9   10   11   12   13   14   15   16   17   18   
-0.482462   -0.37804   -0.268237   -0.155422   -0.0420436   0.0715947   0.183456   0.295285   0.400919   0.509604   0.619052   0.722039   0.828605   0.933975   1.04126   1.14685   1.2513   1.34469   1.42979   1.47786   1.5407   1.59243   1.63346   1.65598   1.62   1.59826   1.54766   1.46753   1.41352   
0.0157197   0.0132002   0.0118079   0.0111278   0.010743   0.0103155   0.00913324   0.00834917   0.00823168   0.00825813   0.00826   0.00921264   0.00945283   0.00880465   0.0094316   0.0101289   0.0108212   0.0122786   0.0141378   0.0179628   0.0204473   0.023832   0.028384   0.0350664   0.0490022   0.0645002   0.0862703   0.114617   0.13971   
-0.119286   -0.118747   -0.118345   -0.118065   -0.117781   -0.117552   -0.117188   -0.116669   -0.115067   -0.114177   -0.113635   -0.11213   -0.111531   -0.1106   -0.10993   -0.109107   -0.108235   -0.105823   -0.102189   -0.0928309   -0.0864043   -0.0796941   -0.0733716   -0.0675032   -0.0624546   -0.0632858   -0.0682276   -0.0775403   -0.0884946   

1200000
-10   -9   -8   -7   -6   -5   -4   -3   -2   -1   0   1   2   3   4   5   6   7   8   9   10   11   12   13   15   17   18   
-0.482616   -0.378149   -0.268312   -0.155495   -0.042104   0.0715316   0.183482   0.295268   0.40086   0.509603   0.619038   0.722063   0.828655   0.934057   1.04136   1.14699   1.25143   1.34461   1.42991   1.47814   1.54105   1.5929   1.63406   1.65635   1.60056   1.46965   1.41467   
0.0156801   0.0131722   0.0117806   0.011103   0.0107224   0.0102866   0.0091368   0.00834441   0.00822847   0.00825424   0.00825704   0.00920785   0.00945334   0.0087955   0.009421   0.0101156   0.01081   0.0122846   0.0141294   0.0179455   0.0204235   0.023797   0.0283341   0.0350315   0.0641661   0.114243   0.13949   
-0.119275   -0.118735   -0.118337   -0.118054   -0.11777   -0.117545   -0.117185   -0.116664   -0.115058   -0.114178   -0.113635   -0.112136   -0.111537   -0.110616   -0.109949   -0.109133   -0.108258   -0.105815   -0.10221   -0.0928743   -0.0864535   -0.0797495   -0.0734276   -0.0675286   -0.0632185   -0.0773875   -0.0883856   

1205000
-10   -9   -8   -7   -6   -5   -4   -3   -2   -1   0   1   2   3   4   5   6   7   8   9   10   11   12   13   15   16   17   18   
-0.48277   -0.378256   -0.268386   -0.155567   -0.0421635   0.0714694   0.183516   0.295228   0.400798   0.509602   0.619051   0.722086   0.828703   0.934139   1.04147   1.14713   1.25156   1.34453   1.43002   1.47841   1.5414   1.59337   1.63465   1.65669   1.60274   1.55297   1.47181   1.41585   
0.0156409   0.0131445   0.0117538   0.0110785   0.0107021   0.0102585   0.00914378   0.00833081   0.00822566   0.00825053   0.00825146   0.00920322   0.00945271   0.00878646   0.00941055   0.0101024   0.0107991   0.0122905   0.014121   0.0179284   0.0203999   0.0237624   0.0282847   0.035   0.0638496   0.0854177   0.113859   0.139284   
-0.119265   -0.118722   -0.118329   -0.118044   -0.117759   -0.117537   -0.117182   -0.116658   -0.115049   -0.114179   -0.113639   -0.112141   -0.111542   -0.110631   -0.109969   -0.109158   -0.108281   -0.105808   -0.102232   -0.0929173   -0.0865024   -0.0798045   -0.0734833   -0.0675518   -0.063158   -0.0679664   -0.0772311   -0.0882767   

1210000
-10   -9   -8   -7   -6   -5   -4   -3   -2   -1   0   1   2   3   4   5   6   7   8   9   10   11   12   13   14   15   16   17   18   
-0.482923   -0.378364   -0.26846   -0.155639   -0.042222   0.0714084   0.183559   0.295187   0.400734   0.509599   0.61908   0.722108   0.828749   0.934219   1.04157   1.14727   1.25168   1.34445   1.43014   1.47869   1.54175   1.59383   1.63524   1.65698   1.61556   1.60487   1.55546   1.47404   1.41703   
0.0156021   0.013117   0.0117273   0.0110543   0.0106822   0.0102312   0.00915521   0.00831771   0.00822324   0.008247   0.00824441   0.00919873   0.00945212   0.00877752   0.00940019   0.0100894   0.0107884   0.0122971   0.0141124   0.0179114   0.0203765   0.0237281   0.0282356   0.0349718   0.049537   0.0635461   0.0850268   0.113469   0.139067   
-0.119254   -0.11871   -0.118321   -0.118033   -0.117749   -0.11753   -0.11718   -0.116651   -0.11504   -0.11418   -0.113646   -0.112147   -0.111548   -0.110647   -0.109988   -0.109184   -0.108304   -0.105799   -0.102253   -0.09296   -0.0865511   -0.079859   -0.0735389   -0.0675729   -0.0624419   -0.0631025   -0.0678502   -0.077071   -0.0881658   

1215000
-10   -9   -8   -7   -5   -4   -3   -2   -1   0   1   2   3   4   5   6   7   8   9   10   11   12   13   14   15   16   17   
-0.483075   -0.37847   -0.268534   -0.155711   0.0713484   0.183614   0.295144   0.400668   0.509594   0.619108   0.722129   0.828795   0.934298   1.04167   1.14741   1.25179   1.34436   1.43026   1.47896   1.54209   1.59428   1.63583   1.65725   1.61764   1.60697   1.55779   1.47629   
0.0155638   0.0130899   0.0117013   0.0110304   0.0102047   0.00917281   0.00830508   0.00822115   0.00824362   0.00823762   0.00919439   0.00945179   0.0087687   0.00938999   0.0100766   0.0107779   0.012304   0.014104   0.0178946   0.0203533   0.0236942   0.0281869   0.0349469   0.0492888   0.0632414   0.0846619   0.113071   
-0.119243   -0.118697   -0.118313   -0.118023   -0.117523   -0.117178   -0.116644   -0.11503   -0.114181   -0.113652   -0.112152   -0.111553   -0.110662   -0.110006   -0.109209   -0.108326   -0.10579   -0.102274   -0.0930024   -0.0865994   -0.0799131   -0.0735942   -0.0675917   -0.0624623   -0.0630457   -0.0677455   -0.0769081   

1220000
-10   -9   -8   -7   -5   -4   -3   -1   0   1   2   3   4   5   6   8   9   10   11   12   13   14   15   16   17   18   
-0.483227   -0.378577   -0.268608   -0.155783   0.0712891   0.183689   0.295099   0.509589   0.619133   0.722148   0.828841   0.934377   1.04177   1.14755   1.25191   1.4304   1.47923   1.54243   1.59473   1.63641   1.65748   1.61969   1.60905   1.5601   1.47853   1.41945   
0.0155259   0.0130631   0.0116757   0.0110069   0.0101789   0.00919939   0.00829294   0.00824042   0.00823112   0.0091902   0.00945168   0.00875999   0.00937985   0.0100638   0.0107677   0.0140945   0.017878   0.0203302   0.0236606   0.0281386   0.0349253   0.049046   0.062942   0.0842978   0.112676   0.138627   
-0.119232   -0.118685   -0.118304   -0.118012   -0.117516   -0.117177   -0.116637   -0.114181   -0.113659   -0.112158   -0.111558   -0.110677   -0.110025   -0.109233   -0.108348   -0.102298   -0.0930445   -0.0866476   -0.0799668   -0.0736493   -0.0676082   -0.0624837   -0.062991   -0.0676417   -0.0767477   -0.0879396   

1225000
-10   -9   -8   -7   -6   -5   -4   -3   -2   -1   0   1   3   4   5   6   7   8   9   10   11   12   13   14   16   17   18   
-0.483378   -0.378683   -0.268682   -0.155854   -0.0423706   0.0712309   0.183788   0.295052   0.400567   0.509583   0.619155   0.722167   0.934454   1.04187   1.14769   1.25202   1.34425   1.4306   1.4795   1.54277   1.59518   1.63698   1.65767   1.6217   1.56243   1.48074   1.42069   
0.0154885   0.0130366   0.0116505   0.0109837   0.0106214   0.0101538   0.0092372   0.00828127   0.00821453   0.00823737   0.00822495   0.00918617   0.00875137   0.00936985   0.0100512   0.0107578   0.0123128   0.0140793   0.0178614   0.0203074   0.0236274   0.0280908   0.034907   0.0488062   0.0839308   0.11228   0.138397   
-0.11922   -0.118672   -0.118295   -0.118001   -0.117723   -0.117508   -0.117178   -0.116629   -0.115016   -0.114181   -0.113664   -0.112162   -0.110692   -0.110044   -0.109258   -0.10837   -0.105781   -0.102332   -0.0930865   -0.0866954   -0.0800201   -0.0737042   -0.0676223   -0.0625045   -0.067536   -0.0765891   -0.0878236   

1230000
-10   -9   -8   -7   -6   -5   -4   -3   -2   -1   0   1   2   3   4   5   6   7   8   9   10   11   12   13   14   15   16   17   18   
-0.483528   -0.378788   -0.268755   -0.155926   -0.0424042   0.0711733   0.183743   0.295004   0.40054   0.509576   0.619174   0.722184   0.828928   0.934531   1.04197   1.14782   1.25213   1.34423   1.4308   1.47976   1.54311   1.59563   1.63755   1.65782   1.62367   1.61313   1.56479   1.48287   1.42194   
0.0154515   0.0130105   0.0116256   0.0109609   0.0105992   0.0101293   0.00921503   0.00827006   0.00820933   0.00823444   0.00821908   0.0091823   0.00945068   0.00874283   0.00935995   0.0100388   0.0107481   0.0123136   0.0140644   0.017845   0.0202847   0.0235945   0.0280432   0.0348922   0.0485727   0.0623573   0.0835609   0.111905   0.138166   
-0.119208   -0.118659   -0.118286   -0.11799   -0.117717   -0.117501   -0.117173   -0.116621   -0.115013   -0.114182   -0.11367   -0.112167   -0.111569   -0.110707   -0.110062   -0.109282   -0.108391   -0.105783   -0.102366   -0.0931282   -0.086743   -0.080073   -0.0737585   -0.0676342   -0.0625267   -0.0628858   -0.0674284   -0.076439   -0.0877056   

1235000
-10   -9   -8   -7   -6   -5   -4   -3   -2   -1   0   1   2   3   4   5   6   7   8   9   10   11   12   13   14   15   16   17   18   
-0.483678   -0.378893   -0.268829   -0.155997   -0.0424368   0.0711164   0.183699   0.294953   0.400513   0.509569   0.619192   0.7222   0.828969   0.934606   1.04206   1.14795   1.25224   1.34423   1.431   1.48002   1.54345   1.59607   1.63812   1.65794   1.62561   1.6151   1.56714   1.4849   1.42323   
0.0154149   0.0129846   0.0116012   0.0109384   0.0105776   0.0101055   0.00919348   0.0082593   0.00820436   0.0082316   0.00821349   0.00917859   0.00944937   0.0087344   0.00935016   0.0100265   0.0107386   0.0123142   0.0140498   0.0178287   0.0202622   0.023562   0.0279964   0.0348809   0.0483445   0.0620791   0.0831875   0.111553   0.137931   
-0.119196   -0.118647   -0.118277   -0.11798   -0.117712   -0.117493   -0.117168   -0.116612   -0.11501   -0.114182   -0.113674   -0.112172   -0.111575   -0.110722   -0.11008   -0.109306   -0.108411   -0.105785   -0.1024   -0.0931695   -0.0867904   -0.0801255   -0.0738129   -0.0676436   -0.0625495   -0.0628386   -0.0673194   -0.0762996   -0.0875852   

1240000
-10   -9   -8   -7   -6   -5   -4   -3   -2   0   1   2   3   4   5   6   7   8   9   10   11   12   13   14   15   16   17   18   
-0.483827   -0.378997   -0.268901   -0.156068   -0.0424689   0.0710604   0.183655   0.294901   0.400484   0.619206   0.722214   0.82901   0.934681   1.04216   1.14808   1.25234   1.34422   1.4312   1.48029   1.54378   1.5965   1.63868   1.65802   1.62748   1.61699   1.56947   1.48692   1.42454   
0.0153788   0.012959   0.0115771   0.0109162   0.0105564   0.0100824   0.0091725   0.00824894   0.00819958   0.00820821   0.00917507   0.0094481   0.00872606   0.00934048   0.0100143   0.0107293   0.0123146   0.0140354   0.0178126   0.0202397   0.0235297   0.02795   0.0348731   0.0481239   0.0618147   0.0828173   0.111193   0.137686   
-0.119184   -0.118634   -0.118268   -0.117969   -0.117707   -0.117486   -0.117163   -0.116603   -0.115006   -0.113679   -0.112176   -0.11158   -0.110736   -0.110098   -0.10933   -0.108431   -0.105788   -0.102433   -0.0932105   -0.0868377   -0.0801776   -0.0738667   -0.0676507   -0.0625737   -0.0627968   -0.0672116   -0.0761598   -0.0874615   

1245000
-10   -9   -8   -7   -6   -5   -4   -3   -2   0   1   2   3   4   5   6   7   8   9   10   11   12   13   14   15   16   17   18   
-0.483975   -0.379101   -0.268973   -0.156138   -0.0425004   0.0710049   0.183612   0.294848   0.400455   0.619218   0.722227   0.829052   0.934754   1.04225   1.14821   1.25244   1.34422   1.43139   1.48055   1.54411   1.59693   1.63924   1.65807   1.62929   1.61882   1.57177   1.48899   1.42588   
0.0153431   0.0129337   0.0115535   0.0108944   0.0105355   0.0100598   0.00915213   0.00823899   0.00819503   0.00820323   0.00917171   0.00944695   0.00871783   0.0093309   0.0100022   0.0107203   0.0123148   0.0140213   0.0177966   0.0202175   0.0234978   0.0279041   0.0348689   0.0479117   0.0615529   0.0824564   0.110838   0.137438   
-0.119172   -0.118621   -0.118259   -0.117958   -0.117702   -0.117478   -0.117158   -0.116593   -0.115003   -0.113683   -0.11218   -0.111586   -0.110751   -0.110116   -0.109353   -0.108451   -0.105791   -0.102466   -0.0932513   -0.0868847   -0.0802294   -0.0739202   -0.0676554   -0.0625991   -0.0627559   -0.0671071   -0.0760188   -0.0873348   

1250000
-10   -9   -8   -7   -6   -5   -4   -3   -2   -1   0   1   2   3   4   5   6   7   8   9   10   11   12   13   14   15   16   17   18   
-0.484123   -0.379204   -0.269045   -0.156209   -0.0425314   0.0709499   0.183569   0.294796   0.400424   0.509574   0.619227   0.722236   0.829093   0.934827   1.04234   1.14834   1.25254   1.34421   1.43158   1.4808   1.54445   1.59736   1.63979   1.65807   1.63102   1.62067   1.41627   1.4911   1.42726   
0.0153079   0.0129088   0.0115303   0.0108729   0.010515   0.0100378   0.00913231   0.00822923   0.00819073   0.00822125   0.00819855   0.00916875   0.00944592   0.00870968   0.00932143   0.0099903   0.0107116   0.0123148   0.0140074   0.0177808   0.0201953   0.0234661   0.0278588   0.0348682   0.0477098   0.0612963   0.0993255   0.110469   0.137182   
-0.119159   -0.118608   -0.11825   -0.117947   -0.117696   -0.117471   -0.117152   -0.116584   -0.114999   -0.114186   -0.113686   -0.112184   -0.111591   -0.110765   -0.110133   -0.109376   -0.10847   -0.105794   -0.102498   -0.0932918   -0.0869316   -0.0802808   -0.0739732   -0.0676576   -0.0626265   -0.0627167   -0.0624014   -0.0758738   -0.0872041   

1255000
-10   -9   -8   -7   -6   -5   -4   -3   -2   -1   0   1   2   3   4   5   6   7   8   9   10   11   12   13   14   15   16   17   18   
-0.48427   -0.379306   -0.269116   -0.156279   -0.0425617   0.0708957   0.183526   0.294786   0.400392   0.509605   0.619233   0.722244   0.829131   0.934899   1.04244   1.14847   1.25264   1.34421   1.43176   1.48106   1.54477   1.59778   1.64033   1.65804   1.63271   1.62248   1.57605   1.49327   1.42867   
0.0152731   0.0128841   0.0115074   0.0108517   0.010495   0.0100163   0.00911301   0.00821714   0.00818665   0.00821522   0.00819417   0.00916601   0.00944532   0.00870162   0.00931205   0.00997851   0.010703   0.012315   0.0139937   0.0177651   0.0201733   0.0234347   0.0278139   0.0348708   0.0475135   0.0610399   0.0817854   0.110091   0.136923   
-0.119147   -0.118596   -0.118241   -0.117936   -0.117691   -0.117463   -0.117147   -0.116584   -0.114995   -0.114193   -0.113689   -0.112187   -0.111596   -0.110779   -0.110151   -0.109399   -0.108489   -0.105797   -0.102529   -0.0933321   -0.0869783   -0.0803319   -0.0740258   -0.0676573   -0.0626548   -0.0626768   -0.0669218   -0.0757246   -0.0870718   

1260000
-10   -9   -8   -7   -6   -5   -4   -3   -2   -1   0   1   3   4   5   6   7   8   9   10   11   12   13   14   15   16   17   18   
-0.484416   -0.379407   -0.269186   -0.156349   -0.0425914   0.0708418   0.183484   0.294773   0.400359   0.509635   0.619237   0.722249   0.93497   1.04253   1.14859   1.25273   1.3442   1.43195   1.48131   1.5451   1.59821   1.64087   1.65796   1.63439   1.62427   1.5781   1.49548   1.43006   
0.0152387   0.0128597   0.0114849   0.0108309   0.0104754   0.00999536   0.00909421   0.0082054   0.00818281   0.00820935   0.00819012   0.00916349   0.00869367   0.00930278   0.00996685   0.0106947   0.0123158   0.0139803   0.0177495   0.0201515   0.0234036   0.0277697   0.0348773   0.0473195   0.0607883   0.0814651   0.109707   0.136662   
-0.119134   -0.118583   -0.118231   -0.117925   -0.117686   -0.117455   -0.117142   -0.116582   -0.114991   -0.114199   -0.113692   -0.11219   -0.110793   -0.110168   -0.109422   -0.108507   -0.105799   -0.10256   -0.093372   -0.0870248   -0.0803828   -0.074078   -0.0676545   -0.0626834   -0.0626388   -0.0668357   -0.0755725   -0.0869404   

1265000
-10   -8   -7   -6   -5   -4   -3   -2   -1   0   1   3   4   5   6   7   8   9   10   11   12   13   14   15   16   17   18   
-0.484562   -0.269257   -0.156419   -0.0426204   0.0707885   0.183442   0.294759   0.400324   0.509664   0.619237   0.722253   0.93504   1.04262   1.14872   1.25282   1.34419   1.43213   1.48157   1.54543   1.59863   1.6414   1.65785   1.63605   1.62604   1.58019   1.4977   1.43148   
0.0152047   0.0114628   0.0108103   0.0104561   0.00997485   0.00907586   0.00819399   0.0081792   0.00820364   0.00818641   0.0091612   0.00868579   0.00929358   0.00995532   0.0106867   0.0123167   0.0139671   0.0177341   0.0201297   0.0233727   0.0277261   0.0348874   0.0471282   0.060538   0.0811477   0.109319   0.136411   
-0.119121   -0.118222   -0.117914   -0.117681   -0.117447   -0.117136   -0.116581   -0.114986   -0.114205   -0.113694   -0.112192   -0.110807   -0.110185   -0.109444   -0.108525   -0.1058   -0.102591   -0.0934118   -0.0870711   -0.0804333   -0.0741296   -0.0676493   -0.0627124   -0.0626012   -0.0667497   -0.0754202   -0.0868091   

1270000
-10   -9   -8   -7   -6   -5   -4   -3   -2   -1   0   1   3   4   5   6   7   8   9   10   11   12   13   14   15   16   17   18   
-0.484706   -0.379599   -0.269326   -0.156488   -0.0426488   0.0707355   0.1834   0.294744   0.400288   0.509692   0.619233   0.722255   0.935109   1.04271   1.14884   1.25291   1.34417   1.4323   1.48182   1.54575   1.59904   1.64192   1.6577   1.63769   1.62779   1.58228   1.4999   1.43288   
0.0151712   0.0128112   0.0114411   0.0107902   0.0104373   0.00995479   0.00905798   0.00818291   0.00817585   0.00819807   0.00818305   0.00915913   0.008678   0.00928451   0.00994393   0.0106792   0.0123179   0.0139541   0.0177189   0.0201081   0.023342   0.0276832   0.0349014   0.0469386   0.0602971   0.0808247   0.108934   0.136148   
-0.119108   -0.118561   -0.118212   -0.117904   -0.117676   -0.117439   -0.117131   -0.116579   -0.114981   -0.114211   -0.113696   -0.112194   -0.11082   -0.110202   -0.109466   -0.108542   -0.105802   -0.102621   -0.093451   -0.0871173   -0.0804837   -0.0741807   -0.0676415   -0.0627414   -0.0625673   -0.0666613   -0.0752698   -0.0866776   

1275000
-10   -9   -8   -7   -6   -5   -4   -3   -2   -1   0   1   4   5   6   7   8   9   10   11   12   13   14   16   17   
-0.48485   -0.37967   -0.269395   -0.156557   -0.0426763   0.0706829   0.183358   0.294726   0.40025   0.509719   0.619226   0.722255   1.04279   1.14896   1.25299   1.34416   1.43248   1.48206   1.54608   1.59946   1.64244   1.6575   1.63931   1.58439   1.50201   
0.0151381   0.0127855   0.0114197   0.0107703   0.0104189   0.00993516   0.00904056   0.00817216   0.00817275   0.00819265   0.00818017   0.00915726   0.00927552   0.00993265   0.0106719   0.0123192   0.0139413   0.0177038   0.0200866   0.0233116   0.027641   0.0349191   0.0467534   0.0804946   0.108556   
-0.119095   -0.118555   -0.118203   -0.117893   -0.117671   -0.117432   -0.117125   -0.116577   -0.114976   -0.114216   -0.113696   -0.112196   -0.110218   -0.109488   -0.108558   -0.105803   -0.102651   -0.0934899   -0.0871632   -0.0805339   -0.0742313   -0.0676311   -0.0627711   -0.0665702   -0.0751256   

1280000
-10   -9   -8   -7   -6   -5   -4   -3   -2   -1   0   1   4   5   6   7   8   9   10   11   12   13   14   15   16   17   18   
-0.484993   -0.379741   -0.269464   -0.156626   -0.0427029   0.0706307   0.183316   0.294707   0.40021   0.509745   0.619214   0.722253   1.04288   1.14908   1.25307   1.34414   1.43265   1.48231   1.5464   1.59987   1.64294   1.65727   1.64089   1.63112   1.5865   1.50406   1.43561   
0.0151055   0.0127601   0.0113987   0.0107508   0.010401   0.00991593   0.00902357   0.00816173   0.00816991   0.00818739   0.00817771   0.00915557   0.00926663   0.00992151   0.0106648   0.0123206   0.0139287   0.0176889   0.0200653   0.0232813   0.0275994   0.0349411   0.0465703   0.0598394   0.0801657   0.108207   0.13564   
-0.119082   -0.11855   -0.118193   -0.117882   -0.117665   -0.117424   -0.117119   -0.116574   -0.114971   -0.114222   -0.113697   -0.112198   -0.110235   -0.10951   -0.108574   -0.105803   -0.10268   -0.0935286   -0.087209   -0.0805838   -0.074281   -0.0676184   -0.0628002   -0.0625086   -0.0664793   -0.0749931   -0.0864239   

1285000
-10   -9   -8   -7   -6   -5   -4   -3   -2   -1   0   1   2   3   4   5   6   7   8   9   10   11   12   13   14   15   16   17   18   
-0.485134   -0.379812   -0.269532   -0.156694   -0.0427288   0.0705787   0.183275   0.294686   0.400169   0.50977   0.619198   0.722251   0.829361   0.935312   1.04297   1.1492   1.25314   1.34412   1.43282   1.48255   1.54672   1.60028   1.64344   1.65699   1.64247   1.63271   1.58861   1.30261   1.17701   
0.0150733   0.012735   0.0113781   0.0107316   0.0103836   0.00989709   0.00900701   0.00815163   0.00816732   0.00818227   0.00817565   0.00915402   0.00943475   0.00865514   0.00925783   0.00991052   0.0106579   0.0123224   0.0139163   0.0176741   0.0200439   0.0232513   0.0275585   0.0349664   0.046392   0.0596193   0.0798384   0.130562   0.156109   
-0.119069   -0.118544   -0.118184   -0.117871   -0.11766   -0.117416   -0.117113   -0.11657   -0.114965   -0.114227   -0.113696   -0.1122   -0.111629   -0.11086   -0.110251   -0.109532   -0.10859   -0.105803   -0.102709   -0.093567   -0.0872544   -0.0806335   -0.07433   -0.0676026   -0.0628316   -0.0624824   -0.0663888   -0.0691039   -0.0735975   

1290000
-10   -9   -8   -7   -6   -5   -4   -3   -2   -1   0   1   2   4   5   6   8   9   10   11   12   13   14   15   16   18   
-0.485275   -0.379883   -0.269599   -0.156762   -0.0427537   0.0705274   0.183234   0.294663   0.400126   0.509794   0.619179   0.722248   0.829419   1.04305   1.14931   1.25322   1.43298   1.48279   1.54704   1.60069   1.64393   1.65667   1.644   1.63431   1.59067   1.43821   
0.0150415   0.0127102   0.0113579   0.0107127   0.0103667   0.00987864   0.00899087   0.00814187   0.00816496   0.00817733   0.00817394   0.00915256   0.0094309   0.00924912   0.00989968   0.0106513   0.0139041   0.0176594   0.0200228   0.0232214   0.0275184   0.0349963   0.0462175   0.0594014   0.0795157   0.135154   
-0.119055   -0.118538   -0.118174   -0.11786   -0.117655   -0.117408   -0.117107   -0.116567   -0.114959   -0.114232   -0.113695   -0.112201   -0.111637   -0.110268   -0.109553   -0.108605   -0.102738   -0.0936052   -0.0872997   -0.0806831   -0.0743782   -0.0675846   -0.062863   -0.0624569   -0.0663004   -0.0861845   

1295000
-10   -9   -8   -7   -6   -5   -4   -3   -2   -1   0   1   2   4   5   6   8   9   10   11   12   13   14   15   16   17   18   
-0.485415   -0.379954   -0.269666   -0.156829   -0.0427775   0.0704759   0.183193   0.294637   0.400081   0.509817   0.619158   0.722242   0.829485   1.04314   1.14943   1.25329   1.43315   1.48303   1.54735   1.60109   1.64441   1.6563   1.6455   1.6359   1.59268   1.51033   1.43952   
0.0150101   0.0126858   0.011338   0.0106942   0.0103503   0.0098605   0.0089751   0.0081324   0.00816283   0.00817257   0.00817252   0.00915145   0.00942636   0.0092405   0.00988895   0.0106449   0.0138921   0.0176448   0.0200018   0.0231917   0.0274791   0.0350299   0.0460483   0.0591828   0.0792087   0.107128   0.134914   
-0.119042   -0.118532   -0.118164   -0.11785   -0.11765   -0.117399   -0.117101   -0.116562   -0.114953   -0.114237   -0.113694   -0.112202   -0.111647   -0.110284   -0.109574   -0.10862   -0.102766   -0.0936432   -0.0873449   -0.0807325   -0.0744254   -0.0675636   -0.0628954   -0.0624307   -0.066219   -0.0745828   -0.0860649   

1300000
-9   -8   -7   -6   -5   -4   -3   -2   -1   0   1   2   3   4   5   6   7   8   9   10   11   12   13   14   15   16   17   18   
-0.380026   -0.269733   -0.156896   -0.0428003   0.0704249   0.183152   0.29461   0.400036   0.509839   0.619134   0.722236   0.82955   0.935508   1.04322   1.14954   1.25336   1.34414   1.43331   1.48327   1.54767   1.60149   1.64488   1.65589   1.64695   1.63748   1.59459   1.31293   1.44086   
0.0126617   0.0113185   0.010676   0.0103346   0.00984272   0.00895972   0.00812326   0.00816086   0.00816796   0.00817131   0.00915033   0.00942205   0.00863303   0.00923196   0.00987833   0.0106386   0.0123205   0.0138803   0.0176303   0.0199809   0.0231623   0.0274409   0.0350681   0.0458846   0.0589701   0.0789184   0.129063   0.134678   
-0.118526   -0.118155   -0.117839   -0.117645   -0.117391   -0.117095   -0.116557   -0.114947   -0.114242   -0.113692   -0.112203   -0.111656   -0.110899   -0.1103   -0.109594   -0.108634   -0.105816   -0.102793   -0.093681   -0.0873898   -0.0807816   -0.0744716   -0.0675401   -0.0629284   -0.0624065   -0.0661447   -0.0687636   -0.0859445   

1305000
-10   -9   -8   -7   -6   -5   -4   -3   -1   0   1   2   3   4   5   6   7   8   9   10   11   12   13   14   15   16   17   18   
-0.485686   -0.380097   -0.269799   -0.156961   -0.0428219   0.0703743   0.183111   0.29458   0.50986   0.619143   0.722232   0.829614   0.935572   1.0433   1.14965   1.25342   1.3442   1.43347   1.48351   1.54798   1.6019   1.64534   1.65543   1.64836   1.63903   1.59647   1.51482   1.44221   
0.0149485   0.0126379   0.0112995   0.0106582   0.0103194   0.00982525   0.0089447   0.00811443   0.0081635   0.00816717   0.00914909   0.00941786   0.00862583   0.00922352   0.00986781   0.0106325   0.0123162   0.0138686   0.0176159   0.0199601   0.023133   0.0274034   0.0351106   0.0457273   0.0587546   0.0786284   0.10636   0.134425   
-0.119016   -0.118519   -0.118145   -0.117829   -0.11764   -0.117383   -0.117089   -0.116552   -0.114246   -0.113695   -0.112204   -0.111666   -0.110912   -0.110315   -0.109615   -0.108648   -0.105828   -0.102821   -0.0937186   -0.0874345   -0.0808306   -0.0745171   -0.067514   -0.0629623   -0.0623808   -0.0660707   -0.0742885   -0.0858205   

1310000
-10   -9   -8   -7   -6   -5   -4   -3   -2   -1   0   2   4   5   6   7   8   9   10   11   12   13   14   15   16   17   18   
-0.485793   -0.380168   -0.269864   -0.157026   -0.042842   0.070324   0.183071   0.294547   0.399965   0.50988   0.619159   0.829677   1.04338   1.14976   1.25349   1.34425   1.43363   1.48375   1.54829   1.6023   1.64579   1.65492   1.64974   1.64058   1.59836   1.51707   1.4436   
0.0149171   0.0126144   0.0112808   0.0106407   0.0103049   0.00980808   0.00893004   0.00810592   0.00815545   0.00815921   0.00816245   0.00941292   0.00921517   0.00985738   0.0106266   0.0123118   0.0138571   0.0176016   0.0199395   0.0231039   0.0273666   0.0351574   0.0455733   0.0585446   0.0783363   0.105957   0.13418   
-0.119011   -0.118513   -0.118135   -0.117818   -0.117634   -0.117375   -0.117083   -0.116546   -0.114937   -0.114251   -0.1137   -0.111675   -0.110331   -0.109636   -0.108662   -0.105839   -0.102848   -0.093756   -0.087479   -0.0808795   -0.0745617   -0.067485   -0.0629964   -0.0623581   -0.0659954   -0.0741378   -0.0856955   

1315000
-10   -9   -8   -7   -6   -5   -4   -3   -2   -1   0   1   2   3   4   5   6   7   8   9   10   11   12   13   14   15   16   17   18   
-0.485899   -0.380238   -0.269929   -0.15709   -0.0428709   0.0702741   0.18303   0.294513   0.399956   0.509899   0.619172   0.722264   0.829738   0.935697   1.04346   1.14987   1.25355   1.34431   1.43378   1.48398   1.5486   1.60269   1.64624   1.65436   1.6511   1.64211   1.60028   1.51932   1.44499   
0.0148862   0.0125914   0.0112625   0.0106236   0.0102889   0.00979123   0.0089157   0.00809773   0.00815044   0.00815502   0.008158   0.00914271   0.00940758   0.00861165   0.00920687   0.00984706   0.0106208   0.0123073   0.0138458   0.0175873   0.019919   0.023075   0.0273306   0.0352091   0.0454206   0.058338   0.0780407   0.105569   0.133919   
-0.119005   -0.118506   -0.118125   -0.117808   -0.11763   -0.117367   -0.117077   -0.11654   -0.114937   -0.114255   -0.113704   -0.112213   -0.111685   -0.110937   -0.110346   -0.109656   -0.108676   -0.105851   -0.102875   -0.0937933   -0.0875233   -0.0809282   -0.0746055   -0.0674534   -0.0630305   -0.0623364   -0.0659185   -0.0739918   -0.0855675   

1320000
-10   -9   -8   -6   -5   -4   -3   -2   -1   0   1   2   4   5   6   7   8   9   10   11   12   13   14   15   16   17   18   
-0.486004   -0.380308   -0.269994   -0.0429168   0.0702247   0.18299   0.294475   0.399946   0.509917   0.619183   0.722296   0.829799   1.04354   1.14998   1.25366   1.34436   1.43393   1.48422   1.54891   1.60309   1.64667   1.65376   1.65245   1.64361   1.60221   1.52147   1.44641   
0.0148557   0.0125687   0.0112446   0.0102694   0.00977463   0.00890169   0.00808986   0.00814558   0.00815099   0.00815384   0.00913797   0.00940237   0.00919869   0.00983686   0.0106117   0.0123028   0.0138346   0.0175731   0.0198987   0.0230462   0.0272954   0.0352654   0.0452694   0.058137   0.0777396   0.105201   0.133661   
-0.118998   -0.118499   -0.118115   -0.117626   -0.117359   -0.117071   -0.116533   -0.114936   -0.114259   -0.113707   -0.112219   -0.111695   -0.110362   -0.109676   -0.108695   -0.105862   -0.102901   -0.0938307   -0.0875673   -0.0809767   -0.0746483   -0.0674192   -0.0630647   -0.0623171   -0.0658387   -0.0738557   -0.0854379   

1325000
-10   -9   -8   -6   -4   -3   -2   -1   0   1   2   3   4   5   6   7   8   9   10   11   12   13   14   16   17   18   
-0.486109   -0.380377   -0.270057   -0.0429613   0.18295   0.294436   0.399935   0.509934   0.619191   0.722327   0.829858   0.935816   1.04362   1.15009   1.25378   1.34442   1.43408   1.48445   1.54921   1.60349   1.64709   1.6531   1.6538   1.60417   1.52355   1.44787   
0.0148257   0.0125464   0.0112271   0.0102503   0.00888799   0.00808232   0.00814088   0.00814713   0.00814995   0.00913334   0.00939731   0.00859805   0.00919059   0.00982675   0.010601   0.0122983   0.0138237   0.017559   0.0198785   0.0230176   0.0272613   0.0353262   0.0451211   0.077444   0.104853   0.133393   
-0.118992   -0.118492   -0.118105   -0.117622   -0.117064   -0.116526   -0.114936   -0.114263   -0.11371   -0.112226   -0.111704   -0.110961   -0.110377   -0.109696   -0.108717   -0.105874   -0.102927   -0.0938678   -0.0876111   -0.081025   -0.0746905   -0.0673821   -0.0630999   -0.0657608   -0.0737269   -0.0853054   

1330000
-10   -9   -8   -6   -5   -3   -2   -1   0   1   2   3   4   5   6   7   8   9   10   11   12   13   14   15   16   17   
-0.486213   -0.380446   -0.27012   -0.0430051   0.0701382   0.294393   0.399924   0.50995   0.619196   0.722357   0.829918   0.935874   1.0437   1.1502   1.2539   1.34447   1.43423   1.48468   1.54951   1.60388   1.64751   1.6524   1.65513   1.64646   1.60611   1.52568   
0.0147962   0.0125243   0.01121   0.0102316   0.00974106   0.00807509   0.00813632   0.00814342   0.00814635   0.00912881   0.00939236   0.00859137   0.00918256   0.00981674   0.0105904   0.0122941   0.0138129   0.017545   0.0198584   0.0229892   0.0272277   0.0353921   0.0449734   0.0577532   0.0771431   0.104492   
-0.118985   -0.118485   -0.118096   -0.117618   -0.117346   -0.116518   -0.114935   -0.114267   -0.113713   -0.112232   -0.111714   -0.110972   -0.110392   -0.109715   -0.108739   -0.105885   -0.102953   -0.0939048   -0.0876546   -0.0810731   -0.0747314   -0.0673424   -0.0631346   -0.0622845   -0.0656808   -0.073594   

1335000
-10   -9   -8   -7   -6   -5   -4   -3   -2   -1   0   1   2   3   4   5   6   7   8   9   10   11   12   13   14   15   16   17   18   
-0.486317   -0.380515   -0.270182   -0.157315   -0.0430479   0.0701192   0.18289   0.294347   0.399911   0.509965   0.619199   0.722387   0.829976   0.935932   1.04378   1.1503   1.25402   1.34452   1.43438   1.48491   1.54981   1.60427   1.64791   1.65164   1.65645   1.52542   1.60805   1.52786   1.45087   
0.0147673   0.0125026   0.0111934   0.0105557   0.0102132   0.00972207   0.00885993   0.0080682   0.00813193   0.00813989   0.00814304   0.00912441   0.00938752   0.00858477   0.00917461   0.00980683   0.0105801   0.0122899   0.0138023   0.017531   0.0198386   0.022961   0.0271949   0.0354626   0.0448284   0.0664768   0.076848   0.104113   0.132831   
-0.118978   -0.118478   -0.118086   -0.117774   -0.117614   -0.117344   -0.117056   -0.116509   -0.114934   -0.114271   -0.113715   -0.112238   -0.111723   -0.110984   -0.110407   -0.109735   -0.10876   -0.105896   -0.102978   -0.0939415   -0.0876978   -0.081121   -0.0747714   -0.0672999   -0.0631696   -0.0559949   -0.0656028   -0.0734551   -0.0850303   

1340000
-10   -9   -8   -7   -6   -5   -4   -3   -2   -1   0   1   2   4   5   6   7   8   9   10   11   12   13   14   15   16   17   18   
-0.48642   -0.380583   -0.270244   -0.157351   -0.04309   0.0701001   0.182882   0.294299   0.399897   0.509979   0.619198   0.722415   0.830034   1.04385   1.15041   1.25414   1.34458   1.43452   1.48515   1.55011   1.60466   1.6483   1.65083   1.65775   1.52719   1.60992   1.53015   1.19374   
0.0147389   0.0124812   0.0111773   0.0105368   0.0101951   0.00970331   0.00884468   0.00806164   0.00812771   0.00813657   0.00814004   0.00912012   0.00938281   0.00916684   0.00979702   0.01057   0.0122858   0.0137918   0.0175172   0.0198189   0.0229329   0.0271632   0.0355381   0.0446846   0.0661871   0.0765568   0.103724   0.154321   
-0.118971   -0.11847   -0.118076   -0.11777   -0.11761   -0.117343   -0.117056   -0.1165   -0.114933   -0.114274   -0.113717   -0.112244   -0.111732   -0.110421   -0.109754   -0.108782   -0.105907   -0.103003   -0.0939781   -0.0877406   -0.0811688   -0.0748101   -0.0672548   -0.0632041   -0.0559482   -0.0655274   -0.0733104   -0.0731937   

1345000
-10   -9   -8   -7   -6   -5   -4   -3   -2   -1   0   1   2   4   5   6   7   8   9   10   11   12   13   14   15   16   17   18   
-0.486523   -0.380652   -0.270304   -0.157387   -0.0431316   0.0700811   0.182873   0.294248   0.399882   0.509991   0.619195   0.722443   0.830092   1.04393   1.15051   1.25425   1.34463   1.43466   1.48537   1.5504   1.60504   1.64868   1.64998   1.65903   1.52894   1.61175   1.5325   1.45407   
0.0147108   0.0124601   0.0111616   0.0105182   0.0101772   0.00968477   0.0088297   0.00805538   0.00812366   0.00813347   0.00813734   0.00911595   0.00937824   0.00915918   0.00978731   0.01056   0.0122818   0.0137817   0.0175034   0.0197995   0.022905   0.0271324   0.0356184   0.0445427   0.0658997   0.076282   0.103319   0.132237   
-0.118963   -0.118463   -0.118066   -0.117765   -0.117606   -0.117341   -0.117057   -0.11649   -0.114931   -0.114277   -0.113718   -0.11225   -0.111741   -0.110436   -0.109773   -0.108802   -0.105917   -0.103027   -0.0940145   -0.0877829   -0.0812163   -0.0748479   -0.0672071   -0.063239   -0.0559018   -0.0654593   -0.0731602   -0.0847383   

1350000
-10   -9   -8   -7   -6   -5   -4   -3   -2   -1   0   1   2   4   5   6   7   8   9   10   11   12   13   14   15   16   17   18   
-0.486625   -0.380719   -0.270364   -0.157423   -0.0431729   0.070062   0.182864   0.294195   0.399865   0.510003   0.619189   0.72247   0.830148   1.044   1.15061   1.25436   1.34468   1.4348   1.4856   1.5507   1.60543   1.64905   1.64907   1.6603   1.65204   1.61351   1.53488   1.45576   
0.0146832   0.0124394   0.0111464   0.0105   0.0101597   0.00966643   0.00881497   0.00804944   0.00811976   0.00813054   0.00813498   0.00911188   0.00937387   0.0091516   0.0097777   0.0105503   0.0122778   0.0137717   0.0174898   0.0197804   0.0228773   0.0271025   0.0357034   0.0444043   0.0570096   0.0760117   0.102913   0.13193   
-0.118956   -0.118456   -0.118056   -0.117761   -0.117602   -0.117339   -0.117057   -0.11648   -0.11493   -0.11428   -0.113719   -0.112256   -0.111749   -0.11045   -0.109792   -0.108823   -0.105928   -0.103051   -0.0940506   -0.0878248   -0.0812637   -0.0748846   -0.067157   -0.0632749   -0.0622269   -0.0653938   -0.0730093   -0.0845846   

1355000
-10   -9   -8   -7   -6   -5   -4   -3   -2   -1   0   1   2   3   4   5   6   7   8   9   10   11   12   14   16   17   18   
-0.486727   -0.380787   -0.270422   -0.157458   -0.0432142   0.0700431   0.182855   0.29414   0.399848   0.510013   0.619179   0.722495   0.830205   0.936155   1.04407   1.15072   1.25447   1.34473   1.43493   1.48582   1.55098   1.60581   1.64941   1.66155   1.6153   1.53722   1.45752   
0.0146561   0.0124189   0.0111316   0.0104821   0.0101423   0.00964832   0.00880047   0.00804377   0.00811603   0.00812778   0.00813298   0.00910791   0.00936964   0.00855913   0.00914411   0.00976818   0.0105407   0.0122739   0.0137619   0.0174764   0.0197615   0.0228498   0.0270733   0.0442676   0.0757421   0.102502   0.131609   
-0.118948   -0.118448   -0.118046   -0.117756   -0.117597   -0.117338   -0.117057   -0.11647   -0.114928   -0.114283   -0.113719   -0.112261   -0.111758   -0.11103   -0.110464   -0.109811   -0.108843   -0.105938   -0.103074   -0.0940863   -0.0878661   -0.0813109   -0.07492   -0.0633104   -0.065328   -0.0728594   -0.0844244   

1360000
-10   -9   -8   -7   -6   -5   -4   -3   -2   -1   0   1   2   4   5   6   7   8   9   10   11   12   13   14   15   16   17   
-0.486828   -0.380854   -0.27048   -0.157493   -0.0432553   0.0700241   0.182846   0.294105   0.399829   0.510021   0.619164   0.72252   0.83026   1.04415   1.15082   1.25458   1.34477   1.43506   1.48605   1.55127   1.60619   1.64976   1.64852   1.66279   1.65479   1.61711   1.53948   
0.0146293   0.0123987   0.0111173   0.0104645   0.0101252   0.00963039   0.00878622   0.0080369   0.00811246   0.00812449   0.00813149   0.00910405   0.00936552   0.00913669   0.00975875   0.0105313   0.0122701   0.0137523   0.0174632   0.0197428   0.0228224   0.0270453   0.0357551   0.0441344   0.0566465   0.0754681   0.102127   
-0.11894   -0.11844   -0.118036   -0.117752   -0.117592   -0.117336   -0.117057   -0.116463   -0.114926   -0.114286   -0.113718   -0.112266   -0.111766   -0.110478   -0.109829   -0.108863   -0.105948   -0.103097   -0.0941215   -0.0879072   -0.0813579   -0.0749545   -0.0671301   -0.0633468   -0.0622003   -0.0652605   -0.072722   

1365000
-10   -9   -8   -7   -6   -5   -4   -3   -2   -1   0   1   2   3   4   5   6   7   8   9   10   11   12   13   14   15   16   17   18   
-0.486928   -0.38092   -0.270537   -0.157527   -0.0432964   0.070005   0.182836   0.294093   0.399809   0.510026   0.619145   0.722544   0.830315   0.936263   1.04422   1.15091   1.25468   1.34482   1.43519   1.48626   1.55155   1.60657   1.65009   1.64965   1.66399   1.65615   1.61893   1.54162   1.46108   
0.014603   0.0123788   0.0111035   0.0104472   0.0101083   0.00961266   0.00877218   0.00802858   0.00810907   0.00811994   0.00813041   0.0091003   0.00936147   0.00854675   0.00912935   0.00974942   0.0105221   0.0122664   0.0137428   0.0174501   0.0197242   0.0227952   0.0270183   0.0356483   0.0440036   0.0564663   0.0751883   0.101759   0.130933   
-0.118931   -0.118433   -0.118026   -0.117747   -0.117588   -0.117334   -0.117056   -0.116461   -0.114924   -0.114288   -0.113717   -0.112272   -0.111775   -0.111051   -0.110492   -0.109848   -0.108882   -0.105958   -0.10312   -0.0941564   -0.0879479   -0.0814049   -0.0749879   -0.0671964   -0.0633831   -0.062188   -0.0651907   -0.0725917   -0.0840997   

1370000
-10   -9   -8   -7   -6   -5   -4   -3   -2   -1   0   1   2   3   4   5   6   7   8   9   10   11   12   13   14   15   16   17   18   
-0.487028   -0.380986   -0.270592   -0.157561   -0.0433373   0.0699858   0.182827   0.294079   0.399788   0.510029   0.619122   0.722568   0.830369   0.936316   1.04429   1.15101   1.25478   1.34487   1.43532   1.48648   1.55183   1.60695   1.65042   1.65076   1.66517   1.65749   1.62077   1.54382   1.46287   
0.0145771   0.0123592   0.0110902   0.0104303   0.0100916   0.00959512   0.00875837   0.00802058   0.00810586   0.00811555   0.00812978   0.00909666   0.00935703   0.00854066   0.0091221   0.00974017   0.0105132   0.0122629   0.0137335   0.0174371   0.0197059   0.0227681   0.0269922   0.0355432   0.0438764   0.0562882   0.0749077   0.101385   0.130618   
-0.118923   -0.118425   -0.118016   -0.117742   -0.117583   -0.117332   -0.117056   -0.116459   -0.114921   -0.11429   -0.113715   -0.112277   -0.111783   -0.111062   -0.110506   -0.109866   -0.108901   -0.105968   -0.103143   -0.094191   -0.0879883   -0.0814516   -0.0750201   -0.0672625   -0.0634197   -0.0621764   -0.0651203   -0.0724581   -0.0839411   

1375000
-10   -9   -8   -7   -6   -5   -4   -3   -2   -1   0   2   3   4   5   6   7   8   9   10   11   12   13   14   15   16   18   
-0.487128   -0.381052   -0.270647   -0.157593   -0.043378   0.0699664   0.182816   0.294062   0.399765   0.510032   0.619095   0.830422   0.936368   1.04436   1.15111   1.25488   1.34491   1.43545   1.4867   1.55211   1.60732   1.65073   1.65186   1.66631   1.65881   1.62261   1.20582   
0.0145516   0.01234   0.0110774   0.0104137   0.0100749   0.00957775   0.00874477   0.00801275   0.00810282   0.00811132   0.00812958   0.00935195   0.00853464   0.00911494   0.00973102   0.0105044   0.0122596   0.0137244   0.0174243   0.0196877   0.0227412   0.0269671   0.0354396   0.0437533   0.0561153   0.0746276   0.15302   
-0.118914   -0.118417   -0.118006   -0.117738   -0.117578   -0.11733   -0.117055   -0.116456   -0.114918   -0.114292   -0.113713   -0.111792   -0.111073   -0.110519   -0.109884   -0.10892   -0.105977   -0.103165   -0.0942255   -0.0880284   -0.0814983   -0.0750512   -0.0673281   -0.0634566   -0.0621671   -0.0650501   -0.0729161   

1380000
-10   -9   -8   -7   -6   -5   -4   -3   -2   -1   0   1   2   3   4   5   6   7   8   9   10   11   12   13   14   15   16   17   18   
-0.487227   -0.381118   -0.270701   -0.157626   -0.0434186   0.069947   0.182806   0.294043   0.399741   0.510033   0.619063   0.722608   0.830474   0.936419   1.04443   1.15121   1.25498   1.34495   1.43557   1.48691   1.55238   1.6077   1.65103   1.65295   1.66743   1.6601   1.62446   1.54853   1.4662   
0.0145266   0.012321   0.0110649   0.0103975   0.0100585   0.00956056   0.00873136   0.00800522   0.00809996   0.00810725   0.00812983   0.00909   0.00934702   0.00852868   0.00910782   0.00972192   0.0104959   0.0122565   0.0137154   0.0174115   0.0196697   0.0227144   0.026943   0.0353377   0.0436328   0.0559494   0.0743467   0.100585   0.129998   
-0.118905   -0.118409   -0.117997   -0.117733   -0.117573   -0.117328   -0.117055   -0.116453   -0.114915   -0.114294   -0.11371   -0.112286   -0.111801   -0.111084   -0.110533   -0.109902   -0.108938   -0.105986   -0.103187   -0.0942597   -0.0880682   -0.0815448   -0.0750809   -0.0673933   -0.0634933   -0.0621596   -0.0649798   -0.0721716   -0.0836458   

1385000
-10   -9   -8   -7   -6   -5   -4   -3   -2   -1   0   1   2   3   4   5   6   7   8   9   10   11   12   13   14   15   16   17   18   
-0.487326   -0.381183   -0.270766   -0.157657   -0.0434591   0.0699274   0.182796   0.294021   0.399715   0.510034   0.619029   0.722627   0.830525   0.93647   1.04449   1.1513   1.25508   1.34499   1.43569   1.48712   1.55265   1.60807   1.65132   1.65401   1.66854   1.66135   1.62628   1.55102   1.46783   
0.0145019   0.0123024   0.0110491   0.0103817   0.0100421   0.00954352   0.00871814   0.00799783   0.00809728   0.00810333   0.00813039   0.0090867   0.00934219   0.0085228   0.00910079   0.00971295   0.0104875   0.0122536   0.0137065   0.0173989   0.0196519   0.0226877   0.0269199   0.035237   0.0435137   0.055786   0.0740708   0.100166   0.129702   
-0.118896   -0.118401   -0.117988   -0.117729   -0.117568   -0.117325   -0.117054   -0.116449   -0.114912   -0.114296   -0.113706   -0.112291   -0.11181   -0.111094   -0.110546   -0.109919   -0.108956   -0.105995   -0.103209   -0.0942937   -0.0881077   -0.0815911   -0.0751094   -0.0674576   -0.0635301   -0.0621531   -0.0649117   -0.0720203   -0.0835038   

1390000
-10   -9   -8   -7   -6   -5   -4   -3   -2   -1   0   1   2   4   5   6   7   8   9   10   11   12   13   14   15   16   17   18   
-0.487423   -0.381248   -0.270831   -0.157695   -0.0434995   0.0699077   0.182785   0.293995   0.399688   0.510033   0.619008   0.722643   0.830576   1.04456   1.1514   1.25517   1.34502   1.43581   1.48734   1.55293   1.60844   1.6516   1.65507   1.66964   1.66258   1.62805   1.55352   1.46949   
0.0144777   0.012284   0.0110335   0.010365   0.0100258   0.00952665   0.00870511   0.0079907   0.00809478   0.00809955   0.00812981   0.00908283   0.00933746   0.00909384   0.00970407   0.0104792   0.0122506   0.0136978   0.0173863   0.0196342   0.0226612   0.0268979   0.0351388   0.0433969   0.0556237   0.0738043   0.0997387   0.129402   
-0.118887   -0.118393   -0.11798   -0.117725   -0.117562   -0.117323   -0.117053   -0.116445   -0.114909   -0.114297   -0.113704   -0.112295   -0.111818   -0.110559   -0.109937   -0.108973   -0.106003   -0.10323   -0.0943274   -0.0881469   -0.0816373   -0.0751366   -0.067522   -0.0635677   -0.0621467   -0.0648477   -0.0718673   -0.0833598   

1395000
-10   -9   -8   -7   -6   -5   -4   -3   -2   -1   0   1   2   3   4   5   6   7   8   9   10   11   12   13   14   15   16   17   18   
-0.487521   -0.381312   -0.270895   -0.157735   -0.0435398   0.0698878   0.182773   0.293967   0.39966   0.510032   0.619014   0.722659   0.830626   0.936571   1.04463   1.15149   1.25526   1.34506   1.43593   1.48755   1.55319   1.60881   1.65186   1.6561   1.67074   1.66382   1.62974   1.55599   1.47118   
0.014454   0.012266   0.0110182   0.0103481   0.0100097   0.00950994   0.00869226   0.00798385   0.00809244   0.0080959   0.00812666   0.00907911   0.00933283   0.00851119   0.00908697   0.00969527   0.0104712   0.0122478   0.0136893   0.0173737   0.0196167   0.0226348   0.0268769   0.0350423   0.0432802   0.0554627   0.073545   0.0993286   0.129092   
-0.118877   -0.118385   -0.117971   -0.117721   -0.117557   -0.117321   -0.117052   -0.11644   -0.114905   -0.114299   -0.113707   -0.1123   -0.111826   -0.111115   -0.110572   -0.109954   -0.108991   -0.106011   -0.103251   -0.0943614   -0.0881858   -0.0816833   -0.0751626   -0.0675858   -0.0636048   -0.0621409   -0.0647879   -0.0717208   -0.0832128   

1400000
-10   -9   -8   -7   -6   -5   -4   -3   -2   -1   0   1   2   3   4   5   6   7   8   9   10   11   12   13   14   15   16   17   18   
-0.487618   -0.381376   -0.270958   -0.157774   -0.0435802   0.0698676   0.182762   0.293937   0.399631   0.51003   0.619017   0.722673   0.830676   0.93662   1.04469   1.15158   1.25535   1.34509   1.43605   1.48776   1.55346   1.60918   1.65211   1.65712   1.67182   1.66507   1.63145   1.55827   1.47291   
0.0144306   0.0122483   0.0110029   0.0103314   0.00999371   0.00949338   0.00867957   0.00797729   0.00809026   0.00809236   0.00812383   0.00907554   0.0093283   0.00850547   0.00908016   0.00968655   0.0104633   0.0122451   0.0136809   0.0173612   0.0195995   0.0226086   0.026857   0.0349476   0.0431635   0.0553025   0.0732918   0.098941   0.128778   
-0.118868   -0.118377   -0.117963   -0.117718   -0.117552   -0.117318   -0.117051   -0.116434   -0.114901   -0.1143   -0.113709   -0.112304   -0.111835   -0.111125   -0.110585   -0.109972   -0.109008   -0.10602   -0.103271   -0.0943951   -0.0882243   -0.0817292   -0.0751872   -0.067649   -0.0636412   -0.0621352   -0.0647305   -0.0715871   -0.0830629   

1405000
-10   -9   -7   -6   -5   -4   -3   -2   -1   0   1   2   3   4   5   6   7   8   9   10   11   12   13   14   15   16   17   18   
-0.487714   -0.38144   -0.157813   -0.0436206   0.0698472   0.18275   0.293903   0.399601   0.510027   0.619017   0.722686   0.830726   0.936669   1.04476   1.15167   1.25544   1.34513   1.43616   1.48797   1.55372   1.60954   1.65234   1.65811   1.6729   1.66631   1.63318   1.56053   1.4747   
0.0144077   0.012231   0.0103149   0.00997779   0.00947698   0.00866707   0.00797103   0.0080882   0.00808891   0.00812132   0.00907213   0.00932389   0.00849981   0.00907343   0.00967791   0.0104555   0.0122423   0.0136726   0.0173488   0.0195824   0.0225825   0.0268381   0.0348548   0.0430492   0.055143   0.0730361   0.0985668   0.128451   
-0.118858   -0.118368   -0.117714   -0.117546   -0.117316   -0.11705   -0.116428   -0.114897   -0.114301   -0.11371   -0.112308   -0.111843   -0.111135   -0.110598   -0.109989   -0.109024   -0.106028   -0.103292   -0.0944287   -0.0882625   -0.081775   -0.0752104   -0.0677115   -0.0636786   -0.0621299   -0.064672   -0.0714593   -0.082908   

1410000
-10   -9   -7   -6   -5   -4   -3   -2   -1   0   1   2   4   5   6   7   8   9   10   11   12   13   14   15   16   17   18   
-0.487809   -0.381503   -0.157851   -0.043661   0.0698264   0.182738   0.293866   0.399571   0.510025   0.619014   0.722697   0.830775   1.04482   1.15176   1.25552   1.34517   1.43628   1.48818   1.55398   1.60991   1.65257   1.65909   1.67397   1.66754   1.49529   1.56287   1.47656   
0.0143853   0.0122139   0.0102984   0.00996198   0.00946075   0.00865474   0.00796507   0.00808623   0.00808555   0.00811912   0.00906888   0.00931961   0.00906676   0.00966937   0.010448   0.0122395   0.0136645   0.0173364   0.0195655   0.0225566   0.0268202   0.034764   0.0429364   0.0549816   0.0861391   0.0981824   0.128112   
-0.118848   -0.11836   -0.11771   -0.117541   -0.117313   -0.117048   -0.116421   -0.114893   -0.114302   -0.113711   -0.112312   -0.111851   -0.11061   -0.110006   -0.109041   -0.106036   -0.103312   -0.0944621   -0.0883003   -0.0818206   -0.0752323   -0.0677734   -0.0637163   -0.0621236   -0.059112   -0.0713272   -0.0827472   

1415000
-10   -9   -8   -7   -6   -5   -4   -3   -1   0   1   2   3   4   5   6   7   8   9   10   11   12   13   14   15   17   18   
-0.487904   -0.381565   -0.271143   -0.15789   -0.0437014   0.0698052   0.182725   0.293825   0.510022   0.619008   0.722707   0.830823   0.936765   1.04488   1.15185   1.25561   1.3452   1.43639   1.48838   1.55424   1.61027   1.65278   1.66004   1.67503   1.66875   1.56529   1.4785   
0.0143633   0.0121972   0.0109582   0.0102822   0.00994629   0.00944466   0.00864254   0.00795943   0.00808225   0.00811725   0.00906579   0.00931549   0.00848862   0.00906016   0.0096609   0.0104406   0.0122366   0.0136565   0.0173242   0.0195488   0.0225308   0.0268033   0.0346753   0.0428233   0.0548214   0.0977795   0.12776   
-0.118838   -0.118351   -0.117939   -0.117706   -0.117535   -0.11731   -0.117047   -0.116413   -0.114303   -0.113712   -0.112315   -0.111859   -0.111155   -0.110623   -0.110023   -0.109057   -0.106044   -0.103332   -0.0944953   -0.0883377   -0.081866   -0.0752529   -0.0678346   -0.0637529   -0.0621175   -0.0711884   -0.0825799   

1420000
-10   -9   -8   -7   -6   -5   -4   -3   -2   -1   0   1   2   3   4   5   6   7   8   9   10   11   12   13   14   16   18   
-0.487998   -0.381628   -0.271181   -0.157928   -0.0437418   0.0697837   0.182712   0.293781   0.399531   0.510019   0.618999   0.722717   0.830871   0.936813   1.04495   1.15194   1.25569   1.34524   1.4365   1.48859   1.5545   1.61063   1.65297   1.66098   1.67608   1.63843   1.48052   
0.0143417   0.0121808   0.010941   0.010266   0.0099307   0.00942876   0.00863051   0.00795411   0.00808048   0.00807898   0.00811573   0.00906284   0.0093115   0.0084831   0.00905363   0.0096525   0.0104335   0.0122336   0.0136487   0.017312   0.0195323   0.0225051   0.0267876   0.0345884   0.0427131   0.0722414   0.127385   
-0.118828   -0.118343   -0.117936   -0.117702   -0.11753   -0.117307   -0.117045   -0.116405   -0.114889   -0.114304   -0.113712   -0.112319   -0.111866   -0.111165   -0.110635   -0.110039   -0.109072   -0.106053   -0.103351   -0.0945282   -0.0883748   -0.0819113   -0.0752721   -0.0678953   -0.0637903   -0.0644855   -0.0824042   

1425000
-10   -9   -8   -7   -6   -5   -4   -3   -2   0   1   2   4   5   6   7   8   9   10   11   12   13   14   15   16   17   18   
-0.488092   -0.381689   -0.271219   -0.157967   -0.0437826   0.0697614   0.182699   0.293734   0.399531   0.618986   0.722725   0.830918   1.04501   1.15203   1.25577   1.34528   1.43661   1.48879   1.55475   1.61099   1.65316   1.66191   1.67712   1.6712   1.6402   1.5704   1.48264   
0.0143205   0.0121647   0.0109239   0.01025   0.00991523   0.00941302   0.00861862   0.00794914   0.00807589   0.00811453   0.00906004   0.00930765   0.00904714   0.00964417   0.0104265   0.0122304   0.0136409   0.0173001   0.019516   0.0224796   0.0267731   0.0345027   0.0426039   0.0545067   0.0719752   0.0969255   0.126985   
-0.118818   -0.118334   -0.117933   -0.117698   -0.117524   -0.117304   -0.117043   -0.116396   -0.11489   -0.113712   -0.112322   -0.111874   -0.110648   -0.110056   -0.109088   -0.106062   -0.10337   -0.0945605   -0.0884114   -0.0819564   -0.07529   -0.0679556   -0.0638276   -0.0621089   -0.0644233   -0.0708928   -0.0822188   

1430000
-10   -9   -8   -7   -6   -5   -4   -3   -2   -1   0   1   2   3   4   5   6   7   8   9   10   11   12   13   14   15   16   17   18   
-0.488185   -0.38175   -0.271257   -0.158005   -0.0438232   0.0697387   0.182685   0.293683   0.39953   0.510043   0.61897   0.722732   0.830964   0.936904   1.04507   1.15212   1.25584   1.34533   1.43671   1.48899   1.555   1.61135   1.65333   1.66282   1.67815   1.5545   1.64196   1.57296   1.48481   
0.0142999   0.0121491   0.0109069   0.0102341   0.00989989   0.00939744   0.00860688   0.00794449   0.00807139   0.00806985   0.00811371   0.00905736   0.009304   0.00847251   0.00904076   0.00963594   0.0104196   0.012227   0.0136333   0.0172883   0.0195   0.0224543   0.0267596   0.0344179   0.0424951   0.0618164   0.0717104   0.0964912   0.126599   
-0.118807   -0.118326   -0.11793   -0.117694   -0.117518   -0.117301   -0.117042   -0.116386   -0.11489   -0.114311   -0.113711   -0.112325   -0.111881   -0.111184   -0.11066   -0.110072   -0.109103   -0.106071   -0.103389   -0.0945927   -0.0884476   -0.0820014   -0.0753063   -0.0680157   -0.0638643   -0.0553603   -0.0643615   -0.0707439   -0.0820338   

1435000
-10   -9   -8   -7   -6   -5   -4   -3   -2   -1   0   1   2   3   4   5   6   7   8   9   10   11   12   13   14   17   18   
-0.488277   -0.381811   -0.271295   -0.158043   -0.0438639   0.0697157   0.182671   0.293628   0.399528   0.510069   0.618949   0.722737   0.831009   0.936948   1.04513   1.1522   1.25592   1.34537   1.43682   1.48919   1.55525   1.61171   1.65349   1.66374   1.67917   1.57544   1.48697   
0.0142796   0.0121339   0.0108902   0.0102184   0.00988463   0.00938197   0.00859528   0.0079402   0.00806699   0.00806399   0.00811342   0.00905486   0.00930045   0.00846727   0.00903442   0.00962785   0.010413   0.0122236   0.0136258   0.0172766   0.0194841   0.022429   0.0267478   0.0343343   0.0423882   0.0960834   0.126202   
-0.118797   -0.118317   -0.117927   -0.11769   -0.117513   -0.117298   -0.11704   -0.116376   -0.114891   -0.114317   -0.113709   -0.112328   -0.111888   -0.111193   -0.110672   -0.110088   -0.109117   -0.10608   -0.103408   -0.0946247   -0.0884834   -0.0820462   -0.0753218   -0.0680756   -0.0639016   -0.0706063   -0.0818489   

1440000
-10   -9   -8   -7   -6   -5   -4   -3   -2   -1   0   1   2   3   4   5   6   7   8   9   10   11   12   13   14   16   17   18   
-0.488369   -0.38187   -0.271333   -0.158082   -0.043905   0.0696928   0.182657   0.293569   0.399526   0.510094   0.618923   0.72274   0.831054   0.936993   1.04519   1.15229   1.25599   1.34542   1.43692   1.48939   1.55549   1.61206   1.65363   1.66464   1.68017   1.64537   1.57773   1.2323   
0.0142599   0.012119   0.0108735   0.0102028   0.00986951   0.00936667   0.00858381   0.00793625   0.00806268   0.00805826   0.0081136   0.00905264   0.00929697   0.0084621   0.00902813   0.00961988   0.0104066   0.0122196   0.0136184   0.017265   0.0194685   0.0224039   0.0267367   0.0342515   0.0422828   0.0712062   0.095709   0.150011   
-0.118786   -0.118309   -0.117924   -0.117686   -0.117507   -0.117294   -0.117038   -0.116365   -0.114892   -0.114322   -0.113707   -0.11233   -0.111895   -0.111202   -0.110684   -0.110104   -0.109132   -0.106091   -0.103427   -0.0946565   -0.0885187   -0.0820908   -0.0753352   -0.0681351   -0.0639387   -0.0642488   -0.0704839   -0.0722648   

1445000
-10   -9   -8   -7   -6   -5   -4   -3   -2   -1   0   1   2   3   4   5   6   7   8   9   10   11   12   13   14   16   17   
-0.488459   -0.38193   -0.271371   -0.15812   -0.0439461   0.0696697   0.182642   0.293508   0.399523   0.510119   0.618892   0.722743   0.831098   0.937037   1.04525   1.15237   1.25606   1.34551   1.43702   1.48959   1.55573   1.61241   1.65375   1.66553   1.68117   1.64699   1.58002   
0.0142406   0.0121045   0.010857   0.0101873   0.00985452   0.00935148   0.00857248   0.00793261   0.00805849   0.00805264   0.00811432   0.0090505   0.00929333   0.00845698   0.0090219   0.00961198   0.0104003   0.0122129   0.0136111   0.0172535   0.0194532   0.0223789   0.0267267   0.0341693   0.042179   0.0709642   0.0953332   
-0.118775   -0.1183   -0.117921   -0.117681   -0.117501   -0.117291   -0.117035   -0.116354   -0.114892   -0.114327   -0.113703   -0.112332   -0.111903   -0.111212   -0.110696   -0.11012   -0.109146   -0.106106   -0.103445   -0.0946884   -0.0885535   -0.0821353   -0.0753471   -0.068194   -0.0639759   -0.0641972   -0.0703615   

1450000
-10   -9   -8   -7   -6   -5   -4   -3   -2   -1   0   1   2   4   5   6   7   8   9   10   11   12   13   14   15   16   17   18   
-0.488549   -0.381988   -0.271408   -0.158159   -0.0439874   0.0696465   0.182627   0.293462   0.39952   0.510143   0.618856   0.722745   0.83114   1.04531   1.15245   1.25613   1.34559   1.43712   1.48978   1.55597   1.61276   1.65386   1.66642   1.68214   1.67706   1.64864   1.58237   1.49287   
0.0142218   0.0120903   0.0108406   0.010172   0.00983962   0.00933643   0.00856127   0.00792797   0.00805441   0.00804712   0.00811558   0.00904842   0.00928897   0.00901572   0.00960418   0.0103942   0.0122062   0.0136038   0.0172419   0.0194381   0.0223541   0.0267179   0.0340882   0.0420772   0.0537612   0.0707237   0.0949473   0.125126   
-0.118764   -0.118291   -0.117918   -0.117677   -0.117495   -0.117288   -0.117033   -0.116345   -0.114892   -0.114333   -0.113699   -0.112334   -0.11191   -0.110707   -0.110135   -0.109159   -0.106121   -0.103463   -0.0947197   -0.0885878   -0.0821796   -0.0753575   -0.0682527   -0.0640132   -0.0621036   -0.0641464   -0.0702352   -0.0813561   

1455000
-10   -9   -8   -7   -6   -5   -4   -3   -2   -1   0   1   2   4   5   6   7   8   9   10   11   12   13   14   15   16   17   
-0.488638   -0.382047   -0.271446   -0.158198   -0.0440287   0.069623   0.182611   0.293439   0.399516   0.510166   0.618815   0.722748   0.831182   1.04537   1.15254   1.2562   1.34568   1.43722   1.48998   1.5562   1.61311   1.65396   1.66729   1.6831   1.67817   1.6503   1.58481   
0.0142034   0.0120765   0.0108244   0.0101568   0.00982483   0.0093215   0.00855023   0.00792186   0.00805043   0.0080417   0.00811735   0.00904634   0.00928471   0.00900962   0.00959645   0.0103883   0.0121995   0.0135967   0.0172303   0.0194232   0.0223294   0.0267103   0.0340077   0.0419774   0.0536198   0.0704782   0.094548   
-0.118753   -0.118283   -0.117915   -0.117672   -0.117489   -0.117284   -0.117031   -0.116341   -0.114893   -0.114338   -0.113694   -0.112337   -0.111917   -0.110719   -0.110151   -0.109173   -0.106137   -0.103481   -0.0947513   -0.0886217   -0.0822237   -0.0753663   -0.068311   -0.0640503   -0.0621051   -0.064094   -0.0701037   

1460000
-10   -9   -8   -7   -6   -5   -4   -3   -2   -1   0   1   2   4   5   6   7   8   9   10   11   12   13   14   16   17   18   
-0.488726   -0.382104   -0.271483   -0.158238   -0.0440701   0.0695994   0.182594   0.293413   0.399512   0.510189   0.61877   0.722751   0.831224   1.04543   1.15262   1.25626   1.34576   1.43732   1.49017   1.55643   1.61346   1.65404   1.66816   1.68405   1.65197   1.58735   1.49676   
0.0141855   0.0120631   0.0108083   0.0101418   0.00981012   0.00930671   0.0085393   0.007916   0.00804657   0.00803637   0.00811954   0.00904423   0.00928056   0.00900357   0.00958879   0.0103826   0.0121929   0.0135896   0.017219   0.0194086   0.0223049   0.0267039   0.0339286   0.0418795   0.0702258   0.0941366   0.124432   
-0.118742   -0.118274   -0.117912   -0.117668   -0.117483   -0.11728   -0.117028   -0.116336   -0.114893   -0.114343   -0.113689   -0.112339   -0.111925   -0.110731   -0.110166   -0.109185   -0.106152   -0.103499   -0.0947824   -0.088655   -0.0822676   -0.0753735   -0.0683692   -0.0640875   -0.064039   -0.0699668   -0.081038   

1465000
-10   -9   -8   -7   -6   -5   -4   -3   -2   -1   0   1   2   4   5   6   7   8   9   10   11   12   13   14   15   16   17   18   
-0.488814   -0.382161   -0.271521   -0.158278   -0.0441116   0.0695749   0.182577   0.293384   0.399506   0.510211   0.618724   0.722756   0.831265   1.04549   1.1527   1.25632   1.34584   1.43742   1.49037   1.55665   1.6138   1.6541   1.66902   1.68497   1.68039   1.65366   1.58988   1.49879   
0.0141682   0.01205   0.0107923   0.0101269   0.00979551   0.00929191   0.0085285   0.0079104   0.00804281   0.00803115   0.00812187   0.00904202   0.0092765   0.00899768   0.00958121   0.0103771   0.0121863   0.0135825   0.0172077   0.0193943   0.0222805   0.0266988   0.0338505   0.0417833   0.0533367   0.0699787   0.0937212   0.12407   
-0.11873   -0.118265   -0.117908   -0.117663   -0.117477   -0.117277   -0.117025   -0.116331   -0.114893   -0.114348   -0.113683   -0.112341   -0.111932   -0.110742   -0.110181   -0.109198   -0.106167   -0.103517   -0.0948135   -0.0886876   -0.0823114   -0.0753792   -0.0684269   -0.0641243   -0.0621083   -0.0639857   -0.0698297   -0.0808732   

1470000
-10   -9   -8   -7   -6   -5   -4   -3   -2   -1   0   2   4   5   6   7   8   9   10   11   12   13   14   16   17   18   
-0.4889   -0.382217   -0.271558   -0.158317   -0.0441532   0.0695503   0.18256   0.293353   0.3995   0.510232   0.618714   0.831305   1.04554   1.15278   1.25638   1.34592   1.43752   1.49056   1.55687   1.61415   1.65415   1.66987   1.68588   1.65534   1.59237   1.50087   
0.0141513   0.0120373   0.0107764   0.0101122   0.009781   0.00927723   0.00851783   0.00790506   0.00803916   0.00802601   0.00812016   0.00927254   0.00899184   0.00957371   0.0103719   0.0121797   0.0135755   0.0171963   0.0193804   0.0222562   0.026695   0.033773   0.0416904   0.0697288   0.0933059   0.12369   
-0.118719   -0.118256   -0.117905   -0.117658   -0.117471   -0.117273   -0.117023   -0.116325   -0.114893   -0.114352   -0.113683   -0.111939   -0.110753   -0.110196   -0.10921   -0.106182   -0.103535   -0.0948446   -0.0887195   -0.0823548   -0.0753831   -0.0684841   -0.0641617   -0.0639315   -0.0696949   -0.080702   

1475000
-10   -9   -8   -7   -6   -5   -4   -3   -2   -1   0   1   2   4   5   6   7   8   9   10   11   12   13   14   15   16   17   18   
-0.488984   -0.382273   -0.271596   -0.158357   -0.044195   0.0695253   0.182542   0.293319   0.399494   0.510252   0.618701   0.722771   0.831345   1.0456   1.15285   1.25644   1.34601   1.43762   1.49075   1.55709   1.61449   1.65418   1.67071   1.68677   1.68263   1.65703   1.59474   1.50306   
0.014135   0.012025   0.0107606   0.0100975   0.00976657   0.00926265   0.00850728   0.00789999   0.00803563   0.00802097   0.00811833   0.00903706   0.00926868   0.00898608   0.00956629   0.0103669   0.0121732   0.0135685   0.0171851   0.0193667   0.0222321   0.0266926   0.0336964   0.041598   0.0530566   0.0694802   0.0929299   0.123298   
-0.118708   -0.118247   -0.117901   -0.117653   -0.117465   -0.117269   -0.11702   -0.116319   -0.114892   -0.114357   -0.113683   -0.112347   -0.111946   -0.110764   -0.110211   -0.109222   -0.106197   -0.103552   -0.0948754   -0.0887508   -0.0823981   -0.0753852   -0.068541   -0.0641986   -0.0621131   -0.0638779   -0.0695747   -0.0805235   

1480000
-10   -9   -8   -7   -6   -5   -4   -3   -2   -1   0   1   2   4   5   6   7   8   9   10   11   12   13   14   15   16   17   18   
-0.489067   -0.382328   -0.271633   -0.158397   -0.0442368   0.0695002   0.182524   0.293282   0.399487   0.510271   0.618686   0.722805   0.831384   1.04565   1.15293   1.25649   1.34609   1.43772   1.49094   1.5573   1.61483   1.6542   1.67155   1.68765   1.56722   1.65868   1.59689   1.50534   
0.0141195   0.012013   0.010745   0.010083   0.00975226   0.00924821   0.00849685   0.00789519   0.00803222   0.00801603   0.00811675   0.009032   0.00926493   0.00898034   0.00955894   0.0103621   0.0121668   0.0135616   0.0171741   0.0193534   0.0222081   0.0266915   0.0336208   0.0415058   0.0598338   0.0692352   0.0925789   0.122879   
-0.118696   -0.118238   -0.117898   -0.117648   -0.117459   -0.117266   -0.117017   -0.116312   -0.114892   -0.114362   -0.113683   -0.112354   -0.111953   -0.110775   -0.110226   -0.109233   -0.106212   -0.103569   -0.0949059   -0.0887814   -0.0824412   -0.0753857   -0.0685976   -0.0642348   -0.0551657   -0.0638259   -0.0694669   -0.0803357   

1485000
-10   -9   -8   -7   -6   -5   -4   -3   -2   -1   0   1   2   3   4   5   6   7   8   9   10   11   12   13   14   15   16   17   18   
-0.489149   -0.382382   -0.271671   -0.158437   -0.0442786   0.0694751   0.182505   0.293242   0.399479   0.51029   0.618669   0.722837   0.831423   0.937379   1.04571   1.15301   1.25654   1.34617   1.43781   1.49113   1.55751   1.61517   1.6542   1.67237   1.68854   1.68486   1.6603   1.59906   1.50764   
0.0141045   0.0120015   0.0107295   0.0100685   0.00973805   0.00923391   0.00848654   0.00789067   0.00802895   0.00801118   0.00811543   0.00902703   0.00926129   0.00841706   0.00897466   0.00955165   0.0103575   0.0121603   0.013555   0.0171631   0.0193404   0.0221843   0.0266918   0.0335459   0.0414155   0.0527778   0.0689986   0.0922313   0.122464   
-0.118685   -0.11823   -0.117894   -0.117643   -0.117453   -0.117262   -0.117013   -0.116305   -0.114892   -0.114366   -0.113682   -0.112361   -0.111959   -0.111283   -0.110786   -0.110241   -0.109244   -0.106227   -0.103586   -0.0949363   -0.0888112   -0.0824841   -0.0753845   -0.0686537   -0.0642722   -0.0621184   -0.0637775   -0.0693598   -0.0801488   

1490000
-9   -8   -7   -6   -5   -4   -3   -2   -1   0   1   2   4   5   6   7   8   9   10   11   12   13   14   15   17   18   
-0.382435   -0.271708   -0.158478   -0.0443206   0.0694498   0.182486   0.293199   0.39947   0.510308   0.618649   0.72287   0.831461   1.04576   1.15309   1.25659   1.34625   1.4379   1.49132   1.55771   1.6155   1.65418   1.67318   1.68942   1.68597   1.60128   1.50993   
0.0119904   0.0107141   0.0100541   0.00972394   0.00921972   0.00847636   0.00788643   0.0080258   0.00800642   0.00811436   0.00902213   0.00925781   0.00896904   0.00954448   0.0103529   0.012154   0.0135484   0.0171521   0.0193277   0.0221607   0.0266935   0.033472   0.041325   0.0526391   0.0918817   0.122048   
-0.118221   -0.117891   -0.117638   -0.117447   -0.117258   -0.11701   -0.116297   -0.114891   -0.11437   -0.113681   -0.112367   -0.111966   -0.110797   -0.110255   -0.109255   -0.106242   -0.103603   -0.0949668   -0.0888402   -0.0825267   -0.0753815   -0.0687095   -0.0643087   -0.0621216   -0.069251   -0.0799634   

1495000
-9   -8   -7   -6   -5   -4   -3   -2   -1   0   1   2   4   5   6   7   8   9   10   11   12   13   14   15   16   17   18   
-0.382488   -0.271746   -0.158518   -0.0443626   0.0694243   0.182466   0.293153   0.39946   0.510326   0.618627   0.722902   0.831499   1.04581   1.15316   1.25664   1.34633   1.438   1.49151   1.55791   1.61583   1.65414   1.67399   1.69029   1.68707   1.66339   1.60353   1.51207   
0.0119796   0.0106988   0.0100399   0.00970993   0.00920566   0.00846629   0.0078825   0.00802279   0.00800175   0.00811353   0.0090173   0.00925444   0.00896346   0.00953735   0.0103486   0.0121477   0.0135418   0.0171412   0.0193154   0.0221373   0.0266965   0.0333992   0.0412349   0.0524997   0.0685428   0.0915192   0.121653   
-0.118212   -0.117887   -0.117633   -0.11744   -0.117254   -0.117007   -0.116289   -0.11489   -0.114374   -0.113679   -0.112374   -0.111972   -0.110808   -0.110269   -0.109265   -0.106257   -0.10362   -0.094997   -0.0888685   -0.082569   -0.0753766   -0.0687651   -0.064345   -0.0621247   -0.0636882   -0.0691379   -0.0797911   

1500000
-10   -9   -8   -7   -6   -5   -4   -3   -2   -1   0   1   2   4   5   6   7   8   9   10   11   12   13   14   15   16   17   
-0.489384   -0.38254   -0.271783   -0.158558   -0.0444047   0.0693987   0.182445   0.293104   0.39945   0.510342   0.618602   0.722933   0.831537   1.04587   1.15323   1.25669   1.34641   1.43809   1.49169   1.5581   1.61616   1.65408   1.67478   1.69116   1.68818   1.66497   1.60582   
0.0140627   0.0119693   0.0106837   0.0100258   0.00969602   0.00919173   0.00845634   0.00787889   0.00801992   0.00799716   0.00811305   0.00901255   0.00925118   0.00895792   0.0095303   0.0103443   0.0121414   0.0135352   0.0171305   0.0193035   0.022114   0.0267011   0.033327   0.0411462   0.0523634   0.0683208   0.0911433   
-0.118651   -0.118203   -0.117883   -0.117627   -0.117434   -0.11725   -0.117003   -0.11628   -0.114889   -0.114378   -0.113677   -0.11238   -0.111978   -0.110818   -0.110283   -0.109276   -0.106271   -0.103636   -0.0950271   -0.0888959   -0.082611   -0.07537   -0.0688196   -0.0643817   -0.0621293   -0.0636458   -0.06902   

