5000
-10   -8   -7   -6   -5   -4   -3   -2   -1   1   2   3   4   5   6   7   8   9   10   11   12   13   14   15   16   17   18   
-0.0884593   -0.0133636   0.0173081   0.0398467   0.0490021   0.0396781   0.0134454   -0.0267745   -0.0808085   0.102024   0.178768   0.241695   0.298978   0.351579   0.399965   0.44518   0.488624   0.531511   0.574547   0.617943   0.66153   0.704965   0.748042   0.790485   0.832079   0.872618   0.912013   
0.115069   0.0986838   0.0915224   0.0853625   0.0805183   0.0770213   0.0741909   0.071083   0.0668513   0.0683139   0.0730982   0.0785347   0.0849295   0.0923507   0.100764   0.110005   0.119824   0.129981   0.140308   0.15073   0.16128   0.172064   0.183049   0.194293   0.205863   0.217825   0.230267   
-0.0234277   -0.0323719   -0.0354988   -0.0372119   -0.0366985   -0.0332466   -0.0275419   -0.020509   -0.0124562   -0.0438841   -0.0442961   -0.0442658   -0.0450165   -0.0465471   -0.0488259   -0.0517997   -0.0553948   -0.059526   -0.0641112   -0.0690984   -0.0744639   -0.0802083   -0.086367   -0.0929763   -0.100074   -0.107692   -0.115867   

10000
-10   -9   -8   -7   -6   -5   -4   -3   -2   -1   0   1   2   3   4   5   6   7   8   9   10   11   12   13   14   15   16   17   18   
-0.0831452   -0.0398942   0.0012907   -0.0154511   -0.11007   -0.201856   -0.307199   -0.362211   -0.313131   -0.180248   -0.0499821   0.0465435   0.17484   0.245618   0.303286   0.354511   0.400736   0.443645   0.485373   0.527632   0.57098   0.615146   0.659655   0.703989   0.747802   0.790777   0.846232   0.916873   0.971017   
0.106532   0.0966837   0.0875166   0.0850823   0.0877359   0.0872486   0.0851325   0.078393   0.0688656   0.0613775   0.0574617   0.0547029   0.0608673   0.066962   0.0740513   0.0823762   0.091869   0.102303   0.113296   0.124486   0.135689   0.146895   0.158168   0.169594   0.181259   0.193259   0.208441   0.224643   0.238168   
-0.0190259   -0.0245006   -0.0294448   -0.0214958   -0.00328467   0.0107946   0.0258058   0.0277982   0.0103415   -0.0147152   -0.0298821   -0.0364467   -0.0486598   -0.0486794   -0.0498444   -0.0519989   -0.0548863   -0.0583551   -0.0622628   -0.0665002   -0.0710323   -0.0758772   -0.0810839   -0.0866934   -0.0927583   -0.0993184   -0.109981   -0.124279   -0.134058   

15000
-10   -9   -8   -7   -6   -5   -4   -3   -2   -1   0   1   2   3   4   5   6   7   8   9   10   11   12   13   14   15   16   17   18   
-0.0858962   -0.0407634   0.00337166   0.0450013   -0.0412938   -0.19213   -0.332279   -0.389879   -0.278933   -0.13316   -0.00897677   0.0975235   0.165009   0.247237   0.306114   0.356548   0.401617   0.44355   0.485139   0.52798   0.57212   0.641829   0.586239   0.617948   0.643263   0.877427   0.923404   0.967107   1.01087   
0.103377   0.0928377   0.0830294   0.0742867   0.0776904   0.0828222   0.0829106   0.0756982   0.0649944   0.0587754   0.0565317   0.0564338   0.0557812   0.0624511   0.0699736   0.0787859   0.0888589   0.0999217   0.111452   0.123041   0.134581   0.149799   0.17085   0.181499   0.190686   0.200877   0.212774   0.225058   0.238842   
-0.0158875   -0.0216913   -0.0271621   -0.032108   -0.011036   0.0129927   0.0312595   0.0252292   -0.0105965   -0.034726   -0.0467351   -0.052522   -0.0508147   -0.0521037   -0.0531625   -0.0555867   -0.0587657   -0.0624734   -0.0664722   -0.070652   -0.075058   -0.0855744   -0.0749032   -0.0766791   -0.0776482   -0.114618   -0.120218   -0.126063   -0.132407   

20000
-10   -9   -8   -7   -6   -5   -4   -2   -1   0   1   2   3   4   5   6   7   8   9   10   11   12   13   17   18   
-0.231233   -0.0434481   0.00264686   0.0472836   0.0843321   -0.08186   -0.256428   -0.287243   -0.129158   -0.0089042   0.0921004   0.185444   0.246189   0.307617   0.357714   0.402116   0.443749   0.517086   0.601679   0.670236   0.717206   0.766947   0.820825   0.98125   0.728553   
0.121411   0.0907971   0.0805771   0.0714475   0.064183   0.0734488   0.0779034   0.0632818   0.0571439   0.0552778   0.055794   0.0577876   0.0600539   0.0678704   0.0770133   0.0875117   0.0990088   0.114463   0.130095   0.144409   0.154892   0.166329   0.17968   0.222266   0.221964   
0.0100503   -0.019481   -0.0253152   -0.030858   -0.0351891   0.000611744   0.0282907   -0.0108632   -0.038704   -0.0492414   -0.0538284   -0.0569336   -0.0550258   -0.0556388   -0.0581742   -0.0615656   -0.0654404   -0.0763578   -0.0874725   -0.0939371   -0.0966587   -0.100258   -0.104954   -0.122454   -0.0809431   

25000
-10   -9   -7   -6   -5   -4   -2   -1   0   1   2   3   4   5   6   7   8   9   10   11   12   13   15   18   
-0.314669   -0.253617   0.047925   0.0877696   0.0781201   -0.140276   -0.345831   -0.131333   -0.0133285   0.0859827   0.174566   0.251762   0.308459   0.35862   0.402577   0.537813   0.598244   0.661185   0.70695   0.74452   0.79269   0.843914   0.914573   1.03636   
0.130721   0.114668   0.0696268   0.0621627   0.0604155   0.0710657   0.0633008   0.0560231   0.0539923   0.0546868   0.057298   0.0591124   0.0666297   0.0760262   0.0868846   0.107179   0.119783   0.133332   0.144551   0.154367   0.165974   0.179142   0.197911   0.235748   
-0.000948375   0.00208016   -0.0297826   -0.034816   -0.0306043   0.014291   0.00925962   -0.0399894   -0.0498105   -0.0540281   -0.0564554   -0.0582843   -0.05767   -0.0602073   -0.0637779   -0.0850493   -0.0888431   -0.092875   -0.0946557   -0.096015   -0.0991522   -0.103153   -0.109812   -0.125448   

30000
-9   -8   -6   -5   -4   -3   -1   0   1   2   8   9   10   11   12   13   14   
-0.285786   -0.252518   0.0899487   0.0793223   -0.0152889   -0.213743   -0.137479   -0.0167252   0.0804664   0.167469   0.642482   0.677389   0.727291   0.77413   0.81516   0.858114   0.708888   
0.116852   0.104754   0.0607433   0.0594208   0.0634656   0.068155   0.0552066   0.0530488   0.0536427   0.0564659   0.120428   0.131009   0.143047   0.154937   0.165871   0.177386   0.189469   
-0.00928623   -0.00615578   -0.0345096   -0.0305589   -0.00926236   0.0296562   -0.0397706   -0.0501621   -0.0539871   -0.0563201   -0.0906835   -0.0909114   -0.0931914   -0.0955842   -0.097941   -0.10097   -0.0757049   

35000
-10   -9   -8   -7   -6   -5   -4   -3   -2   -1   0   1   2   3   4   5   6   7   11   12   13   
-0.31788   -0.289008   -0.266839   -0.287943   0.0913594   0.0743766   0.037953   -0.106267   -0.299685   -0.1355   0.0841842   0.230195   0.360045   0.448077   0.542185   0.640423   0.702621   0.733111   0.779886   0.832681   0.864406   
0.128194   0.11584   0.104536   0.0982738   0.0597005   0.0591872   0.0598811   0.0636544   0.0633387   0.0545362   0.0530233   0.0547296   0.057996   0.0615703   0.0697872   0.0762824   0.0847599   0.0971517   0.152132   0.165163   0.174577   
-0.012797   -0.0150783   -0.0158057   -0.0075866   -0.034258   -0.0293541   -0.0211946   0.0105811   0.0468895   -0.0406445   -0.0674205   -0.0771965   -0.0839973   -0.0843218   -0.086239   -0.0844291   -0.0818727   -0.081403   -0.0933113   -0.0964773   -0.098761   

40000
-10   -9   -8   -7   -6   -4   -3   -2   -1   0   1   2   3   4   5   6   7   8   11   18   
-0.3157   -0.299384   -0.268729   -0.319062   -0.41205   0.0325928   -0.000582796   -0.190527   0.0355805   0.182708   0.313618   0.423527   0.525591   0.61376   0.715735   0.769252   0.82092   0.794322   0.790426   1.05858   
0.126426   0.116267   0.103522   0.0997366   0.0992146   0.0599159   0.0585855   0.0597771   0.0528004   0.0513964   0.052636   0.0552381   0.0584526   0.0644543   0.0685488   0.0759528   0.0854148   0.104141   0.150183   0.231187   
-0.0148327   -0.0194076   -0.0206596   -0.0108331   -0.000231925   -0.0201876   -0.0126691   0.021714   -0.0708037   -0.0806196   -0.0859076   -0.0883635   -0.0878826   -0.0860222   -0.0826735   -0.07839   -0.0760344   -0.0784412   -0.0917231   -0.11858   

45000
-10   -9   -8   -7   -6   -5   -4   -2   0   1   2   3   4   5   6   7   11   13   
-0.31786   -0.292349   -0.249319   -0.339748   -0.405474   -0.377321   0.0726578   -0.11124   0.252164   0.373136   0.479276   0.586312   0.689638   0.770737   0.870454   0.881921   0.79876   0.883412   
0.125768   0.113772   0.105467   0.100649   0.0974444   0.087268   0.0570397   0.0563453   0.0488842   0.0498045   0.0518032   0.0543073   0.0575962   0.0611731   0.0632065   0.07471   0.148568   0.171797   
-0.016366   -0.0209053   -0.0253878   -0.0120044   -0.00354287   -0.0141569   -0.0293912   0.00583955   -0.0875381   -0.0900672   -0.0909642   -0.0892887   -0.085942   -0.0805898   -0.0752494   -0.0714683   -0.0903965   -0.0957425   

50000
-10   -9   -8   -7   -6   -5   -1   0   1   2   3   4   5   6   7   8   9   11   14   
-0.316392   -0.287622   -0.271257   -0.355739   -0.374815   -0.290385   0.172168   0.31418   0.417945   0.525641   0.627728   0.729943   0.835983   0.93332   1.05522   1.05479   0.883463   0.810128   0.913476   
0.124572   0.112223   0.101508   0.1011   0.0941402   0.0807035   0.047563   0.0456915   0.0466887   0.0479793   0.0501366   0.0519521   0.0527291   0.0532054   0.0509415   0.0633349   0.104481   0.147679   0.17955   
-0.0169845   -0.0215905   -0.0258685   -0.0131224   -0.014096   -0.0347564   -0.0871808   -0.0924863   -0.0920832   -0.0924765   -0.0891507   -0.0843675   -0.0790039   -0.0724088   -0.0663567   -0.0616555   -0.0723637   -0.0894514   -0.0977631   

55000
-10   -9   -8   -7   -6   -5   -3   -1   0   1   2   3   4   5   6   7   8   9   12   13   
-0.320074   -0.296255   -0.270591   -0.371546   -0.309169   -0.215641   -0.0451722   0.231683   0.356893   0.484338   0.574159   0.670793   0.805734   0.899613   1.00471   1.10676   1.17787   0.93804   0.716639   0.888954   
0.124478   0.112528   0.100502   0.101677   0.0881873   0.0745571   0.0555298   0.0443462   0.0427657   0.0425088   0.0423648   0.0455204   0.0432686   0.0438527   0.0428203   0.0424564   0.0465409   0.0936885   0.16202   0.167678   
-0.0181145   -0.0238682   -0.0272593   -0.0143398   -0.0312787   -0.0489776   -0.0195358   -0.0928199   -0.0950043   -0.0960746   -0.0927378   -0.0888899   -0.0834389   -0.0773033   -0.0710395   -0.0655373   -0.0608308   -0.0672016   -0.0726749   -0.0931267   

60000
-10   -9   -8   -7   -6   -3   -2   -1   0   1   2   3   4   5   6   7   8   9   10   14   
-0.31067   -0.291105   -0.282101   -0.366831   -0.256354   0.29282   -0.0443593   0.290856   0.410896   0.524654   0.610056   0.721643   0.823219   0.939172   1.04551   1.15157   1.24057   1.30185   0.87012   0.929772   
0.12242   0.111032   0.100914   0.100586   0.0831846   0.0389646   0.0488973   0.0408118   0.0391334   0.0386664   0.0387656   0.0396198   0.0393238   0.0375602   0.0363596   0.0356142   0.0379898   0.0444655   0.123916   0.177013   
-0.016735   -0.0236629   -0.0292576   -0.0138236   -0.0438444   -0.0679817   -0.0226745   -0.0978349   -0.0980443   -0.0965111   -0.0923497   -0.0879603   -0.0816025   -0.0761281   -0.0706098   -0.0659207   -0.0621542   -0.0582797   -0.0783155   -0.0951835   

65000
-9   -8   -6   -5   -3   -1   1   2   3   4   5   6   7   8   9   10   
-0.286256   -0.270325   -0.21126   -0.106313   0.332111   0.326077   0.543432   0.633437   0.7394   0.852389   0.964595   1.06994   1.16432   1.26066   1.34874   1.37547   
0.109995   0.098981   0.0788855   0.0655791   0.0356344   0.0378009   0.0358459   0.0356377   0.0360203   0.0345472   0.0330348   0.0320547   0.0324141   0.0340863   0.0384303   0.0484973   
-0.023136   -0.0290028   -0.0547488   -0.074539   -0.0737405   -0.0991876   -0.0951378   -0.0912441   -0.0860097   -0.0802413   -0.0752597   -0.0703952   -0.06564   -0.0624427   -0.0601973   -0.0548298   

70000
-10   -9   -8   -6   -5   -2   -1   0   1   3   4   5   6   7   8   9   10   
-0.270136   -0.284508   -0.276656   -0.174706   -0.0763887   0.0756822   0.346444   0.453741   0.553756   0.760669   0.862505   0.969718   1.07802   1.17855   1.26821   1.35438   1.43467   
0.122707   0.109185   0.0991412   0.0750623   0.0631341   0.0416529   0.0355136   0.0339167   0.0336417   0.0322096   0.0318318   0.0308492   0.0296937   0.0294487   0.0317605   0.0362221   0.0422367   
-0.0216072   -0.0230031   -0.0300787   -0.0633715   -0.0815231   -0.0541983   -0.09858   -0.0963937   -0.0933597   -0.0841851   -0.0789572   -0.074307   -0.0699261   -0.0657513   -0.0623219   -0.0599805   -0.057972   

75000
-10   -9   -8   -7   -6   -5   -1   0   1   2   3   4   5   6   7   8   9   10   11   
-0.312253   -0.288309   -0.270487   -0.268028   -0.150131   -0.0610858   0.360404   0.465315   0.563497   0.666609   0.769861   0.873826   0.981715   1.08633   1.18264   1.27838   1.36605   1.43686   1.46047   
0.120807   0.108939   0.0980312   0.0895213   0.07245   0.0602489   0.0333822   0.0317527   0.0314849   0.0299299   0.029633   0.0291732   0.0282228   0.0275664   0.0276866   0.0295866   0.0340474   0.040382   0.0504827   
-0.0171713   -0.0240258   -0.0299554   -0.0427565   -0.0714323   -0.0823377   -0.0970395   -0.0945521   -0.0915023   -0.0880375   -0.0825221   -0.0778992   -0.0737431   -0.0696811   -0.0655   -0.0626111   -0.0604962   -0.0575874   -0.051897   

80000
-10   -9   -8   -7   -6   -5   -1   0   1   2   3   4   5   6   7   8   9   10   11   
-0.311682   -0.287059   -0.269699   -0.243963   -0.134485   -0.0538768   0.363271   0.471124   0.571353   0.679947   0.781617   0.883814   0.991158   1.09434   1.18854   1.27964   1.37202   1.46015   1.52004   
0.120378   0.108236   0.0973756   0.0867578   0.0704071   0.0588697   0.0318941   0.02997   0.0294301   0.0271825   0.0269407   0.026821   0.0260724   0.0257089   0.0259745   0.0283116   0.0324454   0.0377875   0.045161   
-0.0169551   -0.0238302   -0.0301983   -0.0460203   -0.0708991   -0.0833737   -0.0950423   -0.0924559   -0.0895095   -0.0859676   -0.0809449   -0.0769988   -0.0733085   -0.0695986   -0.0654825   -0.0623603   -0.0606873   -0.0592963   -0.0557532   

85000
-10   -8   -7   -6   -5   -2   -1   0   1   2   3   4   5   6   7   8   9   10   11   12   18   
-0.310572   -0.272162   -0.224176   -0.104529   -0.0514984   0.158303   0.363642   0.471752   0.57305   0.679894   0.782552   0.891626   0.995118   1.09764   1.19084   1.28263   1.37497   1.45751   1.5175   1.54572   0.787585   
0.119838   0.0970209   0.084617   0.067552   0.0577358   0.0358202   0.0308749   0.0288619   0.0281213   0.0258687   0.0256002   0.024859   0.0246456   0.024428   0.0247766   0.0271792   0.0313239   0.0366047   0.0437771   0.0529806   0.207007   
-0.0165391   -0.0305246   -0.0484636   -0.0751403   -0.0824558   -0.0739647   -0.0930945   -0.0906242   -0.0878182   -0.0845123   -0.0798444   -0.0762274   -0.0728678   -0.0693901   -0.0653482   -0.0623702   -0.0607511   -0.0587039   -0.0550863   -0.0495133   -0.0725573   

90000
-10   -8   -7   -6   -5   -3   -1   0   1   2   3   4   5   6   7   8   9   10   11   12   13   14   15   16   
-0.31068   -0.253893   -0.21058   -0.123835   -0.0524408   0.107247   0.365564   0.474624   0.576349   0.686065   0.787828   0.891895   0.997886   1.0999   1.19327   1.28358   1.3775   1.47129   1.53735   1.56231   1.54117   1.62082   1.6321   1.52214   
0.119471   0.0998875   0.0827299   0.0679714   0.0569628   0.0411581   0.0296979   0.0275496   0.0266455   0.0239246   0.0238757   0.0238388   0.0234485   0.023345   0.0236943   0.0262877   0.0302774   0.0350063   0.0413712   0.0500647   0.059536   0.057676   0.0615201   0.0826468   
-0.0164034   -0.0300231   -0.0528277   -0.0727911   -0.0803983   -0.084319   -0.0907662   -0.0884202   -0.0860506   -0.0826977   -0.0787329   -0.0755967   -0.0724846   -0.0691998   -0.0652834   -0.0622614   -0.060813   -0.0599147   -0.0565131   -0.0500673   -0.0408216   -0.0364502   -0.0313602   -0.0325276   

95000
-10   -9   -7   -6   -5   -4   -2   -1   0   1   2   3   4   5   6   7   8   9   10   11   12   13   14   16   
-0.310779   -0.285227   -0.200953   -0.124787   -0.0542538   0.0281908   0.182519   0.363164   0.473033   0.577301   0.685199   0.792319   0.895741   1.00177   1.10314   1.19541   1.28489   1.38025   1.46724   1.54553   1.18412   1.65631   1.66658   1.58539   
0.119167   0.106834   0.0811246   0.0673847   0.0562929   0.0474809   0.0341147   0.0289713   0.0267175   0.0256244   0.0229539   0.0223674   0.022531   0.0222669   0.0222923   0.0227767   0.0255561   0.0294693   0.0341868   0.0399649   0.0904395   0.0491174   0.0516041   0.0713075   
-0.0162637   -0.0234094   -0.0559215   -0.0717147   -0.0797222   -0.0839629   -0.078625   -0.0893781   -0.0871386   -0.0846812   -0.0816408   -0.0777437   -0.0750457   -0.0722207   -0.069123   -0.0652574   -0.0622598   -0.0610059   -0.0592845   -0.0570987   -0.0514521   -0.0475495   -0.0380123   -0.0303336   

100000
-9   -8   -6   -5   -4   -1   0   1   2   3   4   5   6   7   8   9   10   11   12   13   14   
-0.285022   -0.232444   -0.126763   -0.056433   0.027116   0.36311   0.473713   0.578082   0.687972   0.791799   0.89945   1.0053   1.10627   1.19622   1.28462   1.37871   1.46975   1.54551   1.60357   1.64407   1.65584   
0.106468   0.0965875   0.0669647   0.0557428   0.046774   0.028127   0.0257517   0.0245966   0.0215774   0.0215727   0.0213447   0.0212356   0.0213625   0.0220632   0.0249453   0.0287732   0.0331565   0.0387956   0.0443269   0.0480821   0.0508359   
-0.0232948   -0.0350578   -0.0700411   -0.0786606   -0.0827782   -0.0873696   -0.0853772   -0.0833573   -0.0803065   -0.0771349   -0.0745736   -0.0720193   -0.0690981   -0.0651906   -0.0621275   -0.0607099   -0.0593842   -0.0568247   -0.052491   -0.0460078   -0.0370771   

105000
-10   -9   -8   -7   -6   -5   -4   -1   0   1   2   3   4   5   6   7   8   9   10   11   12   15   
-0.316121   -0.250638   -0.271969   -0.190502   -0.112763   -0.0594176   0.024847   0.360932   0.472581   0.579605   0.688126   0.793969   0.901098   1.00632   1.10639   1.19777   1.28652   1.38201   1.47741   1.5554   1.6225   1.65007   
0.119005   0.107159   0.0955982   0.0790632   0.0649426   0.0552909   0.0461511   0.0275764   0.025068   0.0235022   0.0206808   0.0205179   0.0204769   0.0205123   0.0207138   0.0213665   0.0243975   0.0280831   0.0323068   0.0373655   0.0419921   0.0552893   
-0.0173696   -0.0283436   -0.0300457   -0.0596016   -0.0700083   -0.077234   -0.0811177   -0.0863615   -0.0843048   -0.0818746   -0.0794009   -0.076458   -0.0741737   -0.0717879   -0.0689342   -0.0651885   -0.0622739   -0.0610311   -0.0602232   -0.057667   -0.054004   -0.0315714   

110000
-10   -8   -7   -6   -5   -4   -1   0   1   2   3   4   5   6   7   8   9   10   11   12   13   14   17   
-0.312038   -0.271496   -0.189174   -0.133118   -0.0629799   0.0246418   0.360716   0.472333   0.578889   0.688711   0.796201   0.901677   1.00722   1.10762   1.1983   1.285   1.38036   1.47196   1.56036   1.61699   1.66855   1.65177   1.11263   
0.118314   0.0953767   0.0784603   0.0659645   0.0549634   0.0456352   0.0269772   0.0243861   0.0229796   0.0197859   0.0195398   0.0197748   0.0198513   0.0200469   0.0208466   0.0239509   0.0275797   0.0316581   0.0364634   0.0408812   0.0436383   0.0484444   0.18393   
-0.0160053   -0.0296782   -0.0593738   -0.0690256   -0.0754614   -0.0805235   -0.0847793   -0.0830758   -0.0812   -0.0785637   -0.0758405   -0.0738254   -0.071589   -0.0688634   -0.0651682   -0.062055   -0.0607824   -0.0594427   -0.0581281   -0.0531104   -0.0473969   -0.0364512   -0.0885112   

115000
-9   -6   -5   0   1   2   3   4   6   7   8   9   10   11   12   13   14   18   
-0.288607   -0.135964   -0.0663054   0.471929   0.579336   0.689913   0.796332   0.903251   1.10914   1.19903   1.28521   1.37924   1.47182   1.55633   1.62497   1.66011   1.67368   1.37132   
0.105725   0.0655752   0.0547647   0.0236212   0.0221181   0.0188703   0.0189062   0.0190278   0.0194204   0.0203504   0.0235142   0.0270451   0.0309377   0.0356653   0.0391946   0.042775   0.0460062   0.131003   
-0.0241061   -0.0687434   -0.073778   -0.0818041   -0.0801574   -0.0777078   -0.075417   -0.0735158   -0.0688334   -0.0651638   -0.0620443   -0.0605878   -0.0593209   -0.0574888   -0.0536476   -0.0462555   -0.0375442   -0.0597871   

120000
-10   -9   -7   -6   -5   -1   0   1   3   4   5   6   7   8   9   10   11   12   13   16   18   
-0.313816   -0.284691   -0.191307   -0.139793   -0.0652879   0.357436   0.471294   0.579749   0.796808   0.904869   1.01028   1.11062   1.19969   1.28585   1.38035   1.47546   1.55784   1.63078   1.65836   1.57789   1.37061   
0.117893   0.105335   0.0780434   0.0654681   0.0541579   0.0259971   0.0232676   0.021486   0.0182698   0.0183382   0.018597   0.0188557   0.019922   0.0231719   0.0265437   0.030259   0.0347094   0.0381184   0.0415727   0.0691154   0.131134   
-0.0161271   -0.0227882   -0.0553602   -0.066779   -0.0747688   -0.0829524   -0.0811703   -0.0792483   -0.0750203   -0.0732405   -0.0713251   -0.0688229   -0.0651654   -0.0621157   -0.0606952   -0.0597143   -0.0574978   -0.0541708   -0.0457093   -0.0334388   -0.0602294   

125000
-10   -9   -8   -7   -6   -5   -1   0   1   2   3   4   5   6   7   8   9   10   11   12   13   14   17   
-0.312642   -0.289534   -0.260459   -0.19382   -0.142338   -0.0702024   0.35754   0.470762   0.579175   0.689805   0.797789   0.906049   1.0117   1.11084   1.20005   1.285   1.38056   1.4753   1.56594   1.62375   1.6763   1.66366   1.47539   
0.117724   0.10532   0.0934218   0.0780643   0.065063   0.0540061   0.0255854   0.0226361   0.0209429   0.0176372   0.0176202   0.0177647   0.0180723   0.0184159   0.0195616   0.0228133   0.0261721   0.0297975   0.0338025   0.037397   0.0399544   0.0447315   0.0978584   
-0.0156062   -0.0242501   -0.0324182   -0.0533431   -0.0665727   -0.0723614   -0.0816768   -0.0803187   -0.0787068   -0.0766296   -0.0746324   -0.0730103   -0.071235   -0.0687716   -0.0651851   -0.0620033   -0.0607283   -0.0596772   -0.0584037   -0.053182   -0.047481   -0.03684   -0.0449935   

130000
-10   -9   -8   -7   -4   -1   0   1   2   3   4   5   6   7   8   9   10   11   12   13   14   17   
-0.313833   -0.285152   -0.258328   -0.197472   0.0192344   0.356196   0.470292   0.579408   0.690244   0.79879   0.905832   1.01141   1.11153   1.2004   1.2849   1.37839   1.47183   1.56208   1.62171   1.66504   1.66488   1.47233   
0.117452   0.104866   0.0926749   0.0776994   0.044047   0.0252158   0.0220672   0.0203497   0.0170038   0.0170202   0.0173442   0.0176732   0.0179806   0.0192285   0.0224814   0.0257508   0.0292885   0.0332423   0.0365347   0.0394545   0.0438569   0.098414   
-0.0157207   -0.0226681   -0.0355657   -0.054407   -0.0768767   -0.0811906   -0.0794168   -0.0779586   -0.076088   -0.0742726   -0.0728053   -0.0710876   -0.068757   -0.0651877   -0.0619884   -0.0604163   -0.0591667   -0.0578483   -0.0527671   -0.0459945   -0.0369024   -0.0457779   

135000
-10   -9   -8   -7   -6   -5   -3   -1   0   1   2   3   4   5   6   7   8   9   10   11   12   13   17   18   
-0.314494   -0.291637   -0.252542   -0.200743   -0.149807   -0.0738888   0.119449   0.354474   0.46978   0.579646   0.690791   0.798989   0.906299   1.01182   1.11235   1.20068   1.28522   1.37775   1.47093   1.55776   1.62573   1.65608   1.46859   1.36518   
0.117428   0.104918   0.092086   0.0776644   0.0650104   0.0534387   0.0364466   0.0247638   0.021696   0.0197773   0.016415   0.0165702   0.0168941   0.0172606   0.0175665   0.0189429   0.0222172   0.0253481   0.0287703   0.0326219   0.0355653   0.0389557   0.0990569   0.132261   
-0.0158247   -0.0247243   -0.0344414   -0.0521233   -0.0624449   -0.0708893   -0.0794192   -0.0806253   -0.0789414   -0.0772257   -0.0755744   -0.0740036   -0.0726188   -0.0709846   -0.0687552   -0.0651991   -0.0620429   -0.060314   -0.0589968   -0.0572014   -0.0530888   -0.0448032   -0.0464497   -0.0616193   

140000
-10   -9   -8   -7   -6   -5   -1   0   1   2   3   4   5   6   7   8   9   10   11   12   13   15   16   17   18   
-0.313311   -0.285315   -0.252482   -0.203506   -0.153073   -0.0736441   0.353283   0.469177   0.579099   0.69042   0.79891   0.906974   1.01249   1.11318   1.20099   1.28496   1.37784   1.47169   1.5571   1.63099   1.65028   1.63255   1.56796   1.46483   1.36384   
0.117106   0.104491   0.0913662   0.0778683   0.0650794   0.0528824   0.0244129   0.0212366   0.0193922   0.0160147   0.0161724   0.016462   0.0168641   0.0171838   0.0186767   0.0219446   0.0249869   0.0282761   0.0319314   0.0349307   0.0384265   0.0524641   0.0703877   0.0996832   0.132554   
-0.0151497   -0.0224685   -0.0383305   -0.0498396   -0.0607395   -0.071294   -0.0799043   -0.0784036   -0.0768799   -0.0752737   -0.0737771   -0.0724522   -0.0709054   -0.0687581   -0.0652387   -0.062023   -0.0603243   -0.0590588   -0.057015   -0.0537127   -0.0440467   -0.0334421   -0.0367184   -0.0470231   -0.0619889   

145000
-9   -8   -6   -5   -4   0   1   3   4   5   6   7   8   9   10   11   12   13   16   18   
-0.288254   -0.246309   -0.153318   -0.0765471   0.0202545   0.468932   0.579113   0.79919   0.907727   1.01321   1.11374   1.20112   1.28475   1.37876   1.47401   1.55963   1.62302   1.64713   1.56625   1.36283   
0.104227   0.0910611   0.0643823   0.0527652   0.0430408   0.0207976   0.0189917   0.0157558   0.0160671   0.0164962   0.0168514   0.0184426   0.0216608   0.024747   0.0279317   0.0312719   0.0344564   0.0378442   0.0707676   0.132797   
-0.0232977   -0.0356707   -0.0622727   -0.0699912   -0.0761477   -0.0777386   -0.0763977   -0.0735397   -0.0723091   -0.0708417   -0.0687714   -0.0652497   -0.0620068   -0.0604845   -0.0593903   -0.0572762   -0.0526302   -0.0436125   -0.0375586   -0.0623116   

150000
-10   -9   -8   -7   -6   -5   -4   -1   0   1   2   3   4   5   6   7   8   9   10   11   12   13   16   17   18   
-0.314012   -0.287308   -0.246993   -0.20984   -0.157156   -0.0785185   0.0178839   0.35335   0.468453   0.579099   0.690411   0.799596   0.908175   1.01393   1.11424   1.20115   1.28471   1.37675   1.47138   1.56031   1.61787   1.64623   1.56517   1.4581   1.36196   
0.116857   0.104173   0.0903654   0.0778121   0.0647136   0.0527004   0.0426635   0.0237854   0.0203852   0.0185333   0.0151743   0.0153555   0.015733   0.0161653   0.0165439   0.0182434   0.0214043   0.0244022   0.0275783   0.030889   0.0339596   0.0372197   0.0711669   0.100803   0.133004   
-0.0150319   -0.0229466   -0.0382632   -0.0475236   -0.0594951   -0.0690449   -0.0753083   -0.0787589   -0.077172   -0.0759127   -0.07464   -0.0733102   -0.0721841   -0.0707914   -0.0687961   -0.0652521   -0.0620184   -0.0601994   -0.0590189   -0.0573805   -0.0519069   -0.0434326   -0.0383876   -0.0479713   -0.0626095   

155000
-10   -9   -8   -7   -6   -5   -3   -1   0   1   2   3   4   5   6   7   8   9   10   11   12   13   16   17   18   
-0.27104   -0.286078   -0.242762   -0.21285   -0.156919   -0.0766901   0.11816   0.352371   0.46813   0.579194   0.690588   0.800051   0.907955   1.01385   1.1148   1.20153   1.28478   1.37577   1.46892   1.55487   1.61503   1.64776   1.56333   1.45526   1.36193   
0.117675   0.103938   0.0902686   0.0773812   0.0639691   0.0520803   0.0349301   0.0234484   0.0200806   0.0181355   0.0147721   0.0149918   0.015448   0.0158785   0.016248   0.0180295   0.0211992   0.0240862   0.0271994   0.0304412   0.0334283   0.0366145   0.0715978   0.101276   0.133049   
-0.019756   -0.022292   -0.0367617   -0.0482112   -0.0613918   -0.0700534   -0.0773643   -0.0783091   -0.0768664   -0.0754277   -0.0743204   -0.0730991   -0.0720679   -0.0707209   -0.0688171   -0.0653186   -0.0620539   -0.0600639   -0.0586582   -0.0566038   -0.0514681   -0.0435319   -0.0391453   -0.0483738   -0.0627926   

160000
-10   -9   -8   -7   -6   -5   -4   -1   0   1   2   3   4   5   6   7   8   9   10   11   12   13   16   17   18   
-0.318466   -0.28927   -0.242187   -0.215325   -0.160777   -0.0803733   0.0159993   0.349644   0.467672   0.578809   0.690715   0.799974   0.908059   1.01398   1.11533   1.20168   1.28487   1.37526   1.46762   1.55173   1.61391   1.64799   1.55974   1.4529   1.36207   
0.116524   0.10368   0.0898805   0.0775753   0.0644493   0.0521377   0.042026   0.0234701   0.0197127   0.0178294   0.0144258   0.0147068   0.0151598   0.0155995   0.0159711   0.0178459   0.0210125   0.0237886   0.0268323   0.0299914   0.0328868   0.0362454   0.0721776   0.101682   0.133068   
-0.016089   -0.0232694   -0.036884   -0.0467449   -0.058277   -0.0684202   -0.0743515   -0.0781046   -0.0764968   -0.0752043   -0.0740412   -0.072945   -0.0719611   -0.0706679   -0.0688329   -0.0653516   -0.0620938   -0.0599989   -0.0584598   -0.0561392   -0.0512496   -0.0435598   -0.0398391   -0.0487336   -0.0629497   

165000
-10   -9   -8   -7   -6   -5   -3   -2   -1   0   1   3   4   5   6   7   8   9   10   11   12   13   15   16   17   18   
-0.315655   -0.289131   -0.246713   -0.217688   -0.160335   -0.0815818   0.117962   0.225006   0.350782   0.467609   0.57868   0.799825   0.908311   1.01426   1.11582   1.20163   1.28496   1.37499   1.46702   1.55009   1.61456   1.64155   1.62251   1.55569   1.45093   1.36191   
0.116452   0.103685   0.0894316   0.0775764   0.0637243   0.0521049   0.0343285   0.0287876   0.0229361   0.0193763   0.0175195   0.0144369   0.0148808   0.015331   0.0157157   0.0176928   0.020765   0.0235229   0.0264799   0.0295366   0.0323971   0.0360099   0.0524693   0.0727941   0.102033   0.133126   
-0.0150471   -0.0232439   -0.0394678   -0.0451808   -0.0599397   -0.0677985   -0.0766101   -0.0782891   -0.0775322   -0.0760074   -0.0749197   -0.0728085   -0.0718628   -0.0706257   -0.0688442   -0.0653604   -0.0621207   -0.0599759   -0.0583619   -0.0558763   -0.0512843   -0.0429419   -0.0353669   -0.0404381   -0.0490588   -0.0631407   

170000
-10   -9   -8   -7   -6   -5   -4   -1   0   1   2   3   4   5   6   7   8   9   10   11   12   13   16   17   18   
-0.31492   -0.286528   -0.24237   -0.219968   -0.163937   -0.0815422   0.0154311   0.351008   0.467136   0.578578   0.690226   0.799862   0.908612   1.01459   1.11628   1.20179   1.28513   1.37517   1.46693   1.54953   1.61744   1.6376   1.55162   1.44926   1.36311   
0.116261   0.103521   0.0896149   0.0768602   0.0642551   0.0516409   0.0415706   0.0225729   0.0190299   0.0171909   0.0138773   0.0141661   0.0146184   0.0150767   0.0154828   0.0175385   0.0205428   0.0233295   0.0261618   0.0291068   0.0321086   0.0357192   0.073397   0.10233   0.132934   
-0.0144942   -0.0220681   -0.0364284   -0.0479067   -0.0571487   -0.0680076   -0.0737827   -0.0771527   -0.0756206   -0.0746179   -0.0737073   -0.0726678   -0.0717716   -0.0705899   -0.06889   -0.065401   -0.0621645   -0.0600351   -0.0583469   -0.0557715   -0.051687   -0.0426014   -0.0409434   -0.0493563   -0.0631591   

175000
-10   -9   -7   -6   -5   -3   0   1   2   3   4   5   6   7   8   9   10   11   12   13   15   17   18   
-0.316545   -0.287876   -0.222014   -0.164479   -0.0831001   0.117818   0.466896   0.578597   0.690192   0.79999   0.908926   1.01494   1.11672   1.20215   1.28529   1.37495   1.46756   1.55047   1.61109   1.63627   1.61975   1.44771   1.36305   
0.116014   0.103255   0.0776278   0.0637597   0.0516874   0.0337828   0.0187477   0.0168993   0.0135967   0.0139059   0.0143793   0.0148388   0.0152609   0.017373   0.0203429   0.0231313   0.025936   0.0287963   0.0317929   0.035343   0.0525754   0.102612   0.132972   
-0.0148262   -0.0223557   -0.0434493   -0.0577695   -0.0672203   -0.0760329   -0.0753564   -0.0743007   -0.0735133   -0.0725304   -0.0716887   -0.0705594   -0.0689289   -0.065471   -0.0622118   -0.0600268   -0.0584625   -0.0559161   -0.0508251   -0.0425064   -0.0361877   -0.0496444   -0.0633285   

180000
-10   -9   -8   -6   -5   0   1   2   3   4   5   6   7   8   9   10   11   12   13   15   16   17   18   
-0.321083   -0.292209   -0.212256   -0.162509   -0.0836759   0.466664   0.578498   0.69021   0.800145   0.909072   1.01529   1.11712   1.2023   1.28536   1.37424   1.4673   1.54958   1.60546   1.63717   1.61866   1.54388   1.44657   1.36477   
0.116022   0.103078   0.0895811   0.062974   0.0513219   0.0184825   0.016614   0.0133307   0.0136649   0.0141688   0.0146219   0.0150517   0.0172328   0.0201824   0.0228733   0.0257379   0.0285715   0.0314786   0.0349347   0.0526392   0.074518   0.102831   0.13268   
-0.0162919   -0.0238887   -0.0360988   -0.0600962   -0.067151   -0.0751132   -0.0740233   -0.0733209   -0.0723997   -0.0716164   -0.0705343   -0.0689574   -0.0655159   -0.0622535   -0.059932   -0.0584479   -0.0558191   -0.0500133   -0.0426098   -0.0365876   -0.0417483   -0.0498975   -0.063278   

185000
-10   -9   -8   -7   -6   -4   -3   -2   0   1   2   3   4   5   6   7   8   9   10   11   12   13   15   16   17   
-0.275749   -0.289534   -0.250693   -0.225466   -0.167403   0.0141062   0.118137   0.226562   0.466359   0.578326   0.690231   0.800295   0.908947   1.01546   1.11746   1.20229   1.28536   1.37391   1.4652   1.54561   1.60086   1.63156   1.61748   1.54035   1.44583   
0.116654   0.103103   0.089281   0.0766487   0.0638395   0.0407615   0.0333021   0.027664   0.0181921   0.0163994   0.0130904   0.013453   0.0139637   0.0144185   0.0148568   0.0171163   0.0200722   0.0226357   0.0254529   0.0282596   0.0311776   0.0348636   0.0527747   0.0750252   0.102984   
-0.0200903   -0.02292   -0.0365762   -0.0459887   -0.0561219   -0.0729975   -0.0754217   -0.0770741   -0.0748538   -0.0738714   -0.0731364   -0.0722791   -0.0715537   -0.0705162   -0.0689767   -0.0655387   -0.0622908   -0.0598941   -0.0581438   -0.0552573   -0.0493434   -0.0422304   -0.0370468   -0.0420828   -0.0501165   

190000
-10   -9   -8   -7   -6   -5   -3   -1   0   1   2   3   4   5   6   8   9   10   11   12   13   15   16   17   18   
-0.316031   -0.287397   -0.248302   -0.227003   -0.167714   -0.08528   0.117862   0.350533   0.466324   0.578168   0.690068   0.800152   0.90896   1.01557   1.11774   1.28584   1.37375   1.4638   1.54278   1.59732   1.62759   1.61662   1.53704   1.44485   1.36666   
0.115834   0.103008   0.0894966   0.0773634   0.0633281   0.0510771   0.0329992   0.0213672   0.0179227   0.0161706   0.0128885   0.0132636   0.0137654   0.0142196   0.0146768   0.0198672   0.0224131   0.0251863   0.027964   0.0308904   0.0347509   0.0528661   0.0755022   0.103181   0.132363   
-0.0141484   -0.0218561   -0.0337423   -0.0423627   -0.0568561   -0.0664742   -0.075263   -0.0757003   -0.0745122   -0.0737079   -0.0730113   -0.0721976   -0.0714953   -0.0705047   -0.0689911   -0.0623729   -0.0598854   -0.0579441   -0.0548582   -0.0488467   -0.0420203   -0.037479   -0.0423916   -0.050358   -0.0633541   

195000
-9   -8   -7   -6   -5   -3   -1   0   1   2   3   4   5   6   7   8   9   10   11   12   13   15   16   17   18   
-0.288096   -0.250891   -0.228578   -0.166068   -0.0841134   0.118448   0.34958   0.465992   0.578043   0.689868   0.800049   0.909036   1.01575   1.11817   1.20276   1.28636   1.37364   1.46283   1.54069   1.59459   1.62503   1.61564   1.53398   1.44448   1.36823   
0.102802   0.0893783   0.0773462   0.0625946   0.0505282   0.0326653   0.0213241   0.0176679   0.0159361   0.0126935   0.0130779   0.0135751   0.0140295   0.0145033   0.0168665   0.019674   0.022207   0.0249307   0.0276776   0.030616   0.0345964   0.0529558   0.0759448   0.103284   0.132099   
-0.0219269   -0.0333057   -0.041367   -0.0588265   -0.0670925   -0.0751745   -0.0756725   -0.0742561   -0.0735249   -0.0729116   -0.072123   -0.0714392   -0.0704959   -0.0690459   -0.0656523   -0.0624637   -0.0598899   -0.057808   -0.0545634   -0.0484814   -0.0419353   -0.037864   -0.0426773   -0.050548   -0.0633212   

200000
-10   -9   -8   -7   -6   -5   -1   0   1   2   3   4   5   6   7   8   9   10   11   12   13   15   16   17   18   
-0.318435   -0.290144   -0.255549   -0.230007   -0.170092   -0.0858919   0.3503   0.465739   0.578024   0.689747   0.800022   0.909144   1.01595   1.1185   1.20309   1.28685   1.37359   1.4621   1.53909   1.59252   1.62412   1.61575   1.53119   1.44402   1.36834   
0.115415   0.102527   0.0891242   0.0768219   0.0634915   0.0507304   0.0208586   0.0174356   0.0157258   0.0125   0.0128978   0.0133941   0.0138474   0.0143404   0.0167398   0.0194965   0.0220304   0.0246867   0.0274035   0.0303553   0.0343848   0.0530284   0.076353   0.1034   0.132087   
-0.0145845   -0.0225635   -0.0339142   -0.0426272   -0.0553566   -0.0662072   -0.0752544   -0.074056   -0.0733201   -0.0727991   -0.0720465   -0.0713855   -0.0704881   -0.0690843   -0.065723   -0.062554   -0.059909   -0.057711   -0.0543402   -0.0482196   -0.0419635   -0.0383379   -0.0429439   -0.0507443   -0.0634473   

205000
-10   -9   -7   -6   -5   -4   -1   0   1   2   3   4   5   6   7   8   9   10   11   12   13   15   16   17   18   
-0.321928   -0.294841   -0.230751   -0.170778   -0.086945   0.0118925   0.349006   0.465728   0.577916   0.689664   0.80003   0.90926   1.01616   1.11876   1.20328   1.28725   1.37365   1.46149   1.53788   1.59097   1.62483   1.61541   1.52855   1.44324   1.37085   
0.115335   0.102402   0.0760489   0.0631811   0.0505202   0.0400387   0.0210054   0.0172159   0.0155151   0.0123124   0.0127251   0.0132247   0.0136738   0.014189   0.0166315   0.0193382   0.0219051   0.0244617   0.0271468   0.0301174   0.0341358   0.0531221   0.0767406   0.103565   0.131641   
-0.0157458   -0.0243618   -0.0457112   -0.0554834   -0.0659105   -0.0719159   -0.0752437   -0.0738676   -0.0731397   -0.0726815   -0.0719695   -0.0713346   -0.0704804   -0.0691096   -0.0657762   -0.0626353   -0.0599526   -0.0576376   -0.0541756   -0.0480391   -0.0420845   -0.0387734   -0.0432014   -0.0509622   -0.0632968   

210000
-10   -9   -8   -7   -6   -5   -2   -1   0   1   2   3   4   5   6   7   8   9   10   11   12   13   14   15   16   17   18   
-0.322432   -0.291149   -0.256409   -0.232284   -0.170196   -0.0856285   0.228158   0.349081   0.465484   0.577809   0.689594   0.800054   0.909382   1.01637   1.11894   1.20333   1.28749   1.37385   1.46108   1.537   1.59024   1.62086   1.63243   1.61538   1.5262   1.44379   1.37244   
0.115455   0.102478   0.0895469   0.0771795   0.0625692   0.0499854   0.0266132   0.0206918   0.017003   0.0153275   0.012135   0.0125618   0.0130699   0.013511   0.0140496   0.0165409   0.0192071   0.0218008   0.0242727   0.0269265   0.0299123   0.0341473   0.0411682   0.0531985   0.0770945   0.103513   0.131369   
-0.0159315   -0.0230026   -0.0313184   -0.0404731   -0.0566764   -0.0665538   -0.0758506   -0.0749417   -0.0737192   -0.0729621   -0.0725635   -0.0718937   -0.0712874   -0.0704718   -0.0691235   -0.0658115   -0.0626995   -0.0600137   -0.057603   -0.0540684   -0.0479711   -0.0419705   -0.038681   -0.0392   -0.0434461   -0.0510726   -0.0632555   

215000
-10   -7   -6   -5   -3   0   1   2   3   4   5   6   7   8   9   10   11   12   13   14   16   17   18   
-0.317856   -0.233428   -0.168413   -0.0834693   0.11742   0.465257   0.577716   0.689522   0.800081   0.909524   1.01656   1.11915   1.20325   1.2876   1.37393   1.46145   1.53744   1.5924   1.61816   1.6315   1.52412   1.44339   1.37265   
0.115383   0.0771239   0.0618736   0.0494558   0.0318687   0.0167843   0.0151643   0.0119731   0.0124104   0.0129364   0.0133595   0.0139179   0.0164681   0.0191019   0.0215941   0.0241578   0.0267721   0.0297435   0.0341149   0.0411733   0.0774146   0.10362   0.13134   
-0.0140324   -0.0398539   -0.0585208   -0.0673908   -0.0742065   -0.0735535   -0.072857   -0.072448   -0.07182   -0.0712471   -0.0704629   -0.0691487   -0.0658309   -0.0627487   -0.0600311   -0.0576947   -0.0541585   -0.0482488   -0.0419527   -0.0389144   -0.0436789   -0.0512565   -0.0633602   

220000
-10   -9   -7   -6   -5   -1   0   1   2   3   4   5   6   7   8   9   10   11   12   13   15   16   17   18   
-0.317629   -0.288718   -0.234555   -0.173226   -0.0881874   0.349368   0.465156   0.577614   0.689444   0.800108   0.909464   1.01675   1.11943   1.20381   1.28758   1.37418   1.46152   1.5386   1.59089   1.6165   1.61661   1.52214   1.44302   1.37474   
0.115314   0.102331   0.0766979   0.0630518   0.0500914   0.020078   0.0165674   0.0149995   0.0118361   0.0122765   0.0127831   0.01322   0.0137897   0.0163438   0.0190264   0.0214049   0.0240397   0.0266741   0.0296061   0.0340411   0.0532845   0.0777215   0.103716   0.130966   
-0.0137026   -0.0215988   -0.0406767   -0.054501   -0.0654518   -0.0743947   -0.0733471   -0.0727578   -0.0723386   -0.07175   -0.07122   -0.0704546   -0.0691888   -0.0659289   -0.0627829   -0.0600751   -0.0577344   -0.0543551   -0.0480961   -0.0419986   -0.0400916   -0.0439049   -0.0514336   -0.0632515   

225000
-10   -9   -8   -7   -6   -5   -4   0   1   2   3   4   5   6   7   8   9   10   11   12   13   14   15   16   17   18   
-0.318196   -0.289774   -0.264304   -0.235347   -0.173764   -0.0875764   0.0129435   0.465118   0.577491   0.689276   0.800079   0.909468   1.01693   1.11962   1.20431   1.28848   1.3745   1.46033   1.53581   1.5875   1.61563   1.62955   1.61695   1.52049   1.444   1.37704   
0.115165   0.1021   0.0891754   0.0760593   0.0627997   0.0496434   0.0390309   0.0163932   0.0148277   0.0116915   0.01215   0.0126386   0.0130739   0.0136723   0.0162278   0.0188508   0.0212284   0.0238231   0.0264588   0.0294554   0.0339328   0.0412393   0.0533591   0.0779844   0.103601   0.130579   
-0.0136992   -0.0218445   -0.030759   -0.0426579   -0.0545598   -0.065822   -0.0717724   -0.0731295   -0.0726551   -0.0722887   -0.0716978   -0.071195   -0.0704698   -0.0692143   -0.0660195   -0.0629196   -0.0601335   -0.0575664   -0.0539633   -0.0477382   -0.0420825   -0.0394484   -0.0405079   -0.0441161   -0.0515054   -0.0631297   

230000
-10   -8   -7   -5   -4   -3   -2   -1   0   1   2   3   4   5   6   7   8   9   10   11   12   13   16   17   18   
-0.27406   -0.230735   -0.235359   -0.0861709   0.0104505   0.117499   0.227835   0.349406   0.464811   0.577425   0.68915   0.799998   0.909503   1.01712   1.11972   1.20465   1.28928   1.37486   1.45956   1.53353   1.58517   1.61562   1.51887   1.44405   1.37807   
0.11596   0.0893713   0.0752856   0.0491364   0.0392661   0.0311836   0.0256729   0.0196136   0.0162208   0.0146687   0.0115529   0.0120137   0.0125011   0.0129327   0.0135653   0.0161284   0.0186932   0.0210618   0.0236237   0.0262565   0.0293005   0.0337915   0.078244   0.103631   0.130399   
-0.0185077   -0.031245   -0.0457859   -0.0664245   -0.0711319   -0.0738825   -0.0750569   -0.0740777   -0.0729912   -0.0725355   -0.0722304   -0.0716601   -0.0711707   -0.070487   -0.0692286   -0.0660916   -0.0630478   -0.0601999   -0.0574633   -0.0536391   -0.0475187   -0.0421908   -0.0443243   -0.0516458   -0.0631408   

235000
-9   -8   -7   -6   -4   0   1   2   3   4   5   6   7   8   9   10   11   12   13   14   15   16   17   18   
-0.29513   -0.267631   -0.237089   -0.172235   0.0107468   0.464677   0.577401   0.689044   0.799953   0.909556   1.01732   1.11974   1.20489   1.29002   1.37522   1.45904   1.53131   1.58363   1.61522   1.62911   1.61323   1.51763   1.44333   1.37791   
0.101622   0.0893117   0.0768927   0.0616526   0.0389398   0.0160437   0.0145288   0.0114195   0.011884   0.0123697   0.0127977   0.0134689   0.0160417   0.0185476   0.0209048   0.0234359   0.0260592   0.0291397   0.033697   0.0411826   0.0539364   0.0784495   0.103792   0.130452   
-0.0238488   -0.0305027   -0.0389999   -0.0567756   -0.0711355   -0.0729221   -0.0724066   -0.0721675   -0.0716204   -0.0711468   -0.070502   -0.0692331   -0.0661502   -0.063169   -0.0602702   -0.0573993   -0.0533013   -0.0473943   -0.0422837   -0.039937   -0.04124   -0.0445137   -0.0518435   -0.0632747   

240000
-10   -9   -8   -6   -4   -3   -2   -1   0   1   2   3   4   5   6   7   8   9   10   11   12   13   14   16   17   18   
-0.323799   -0.298846   -0.265312   -0.17031   0.011636   0.117183   0.228878   0.349421   0.464619   0.577274   0.688945   0.799928   0.909618   1.01751   1.11991   1.20502   1.29065   1.37553   1.45868   1.52951   1.5827   1.61317   1.62918   1.51621   1.44446   1.38033   
0.114603   0.101663   0.0896728   0.0609887   0.0385867   0.0308656   0.0254637   0.0191453   0.0158626   0.0143818   0.0112917   0.0117599   0.0122442   0.0126692   0.0133712   0.015967   0.018416   0.0207671   0.0232574   0.0258738   0.028976   0.0337132   0.0411286   0.0786869   0.103642   0.130034   
-0.0153387   -0.0254141   -0.0280176   -0.0584637   -0.0712251   -0.0735703   -0.0747035   -0.0736995   -0.0728077   -0.0723013   -0.0721029   -0.0715791   -0.0711234   -0.0705139   -0.069263   -0.0661972   -0.0632787   -0.0603364   -0.0573616   -0.0530318   -0.0473412   -0.0423674   -0.0401437   -0.0447112   -0.0518934   -0.0631271   

245000
-9   -8   -7   -6   -5   0   1   2   3   4   5   6   7   8   9   10   11   12   15   16   17   18   
-0.249948   -0.266534   -0.238789   -0.176033   -0.089217   0.464693   0.577153   0.688844   0.799912   0.90968   1.01768   1.12004   1.20505   1.29116   1.37575   1.45841   1.52807   1.58243   1.60704   1.51544   1.44555   1.38248   
0.101136   0.0896702   0.0765262   0.0625169   0.0491356   0.0157127   0.014251   0.0111708   0.0116411   0.0121254   0.0125475   0.0132799   0.0159058   0.0183007   0.0206526   0.0230881   0.0256987   0.0288106   0.0547408   0.0788259   0.1035   0.129665   
-0.0292786   -0.0274515   -0.0389893   -0.0538381   -0.065266   -0.0726499   -0.0721937   -0.0720391   -0.0715369   -0.0711003   -0.0705221   -0.0692886   -0.0662298   -0.0633741   -0.0603944   -0.0573412   -0.0528244   -0.0473557   -0.0418058   -0.0448742   -0.0519469   -0.0630136   

250000
-10   -9   -8   -7   -6   -5   -4   -3   -1   0   1   2   3   4   5   6   7   8   9   10   11   12   15   16   17   18   
-0.32172   -0.289655   -0.232001   -0.239598   -0.158459   -0.088059   0.00993544   0.118115   0.349452   0.464469   0.577078   0.688493   0.799898   0.909742   1.01784   1.1201   1.2054   1.29155   1.37588   1.4582   1.52689   1.58311   1.60396   1.51451   1.4458   1.38385   
0.114752   0.101844   0.0897025   0.0760456   0.0607576   0.048654   0.0385938   0.0303844   0.0186848   0.0155559   0.0141299   0.0125928   0.0115284   0.0120154   0.0124319   0.0131981   0.0158192   0.0181988   0.0205638   0.022931   0.0255331   0.0286509   0.0551222   0.0789954   0.103496   0.129438   
-0.0145448   -0.0214045   -0.0290654   -0.0400995   -0.052803   -0.0657865   -0.0707642   -0.0733509   -0.0732989   -0.0725726   -0.0721116   -0.0722731   -0.0714942   -0.0710777   -0.070528   -0.0693044   -0.0663012   -0.0634568   -0.0604435   -0.0573315   -0.0526633   -0.0474608   -0.0420194   -0.0450459   -0.0520612   -0.0629836   

255000
-10   -9   -8   -7   -6   -5   -4   -3   -1   0   1   2   3   4   5   6   7   8   9   10   11   12   13   15   16   17   18   
-0.319591   -0.289439   -0.270381   -0.240012   -0.176522   -0.086493   0.0104507   0.116938   0.349134   0.464289   0.577056   0.689122   0.799885   0.909805   1.01798   1.12007   1.206   1.29182   1.37594   1.45804   1.5259   1.58067   1.61081   1.60096   1.51337   1.44532   1.38426   
0.114823   0.101684   0.0892964   0.0754273   0.0619442   0.0481668   0.0382587   0.0303781   0.0185844   0.0154084   0.0140101   0.0127867   0.0114228   0.0119152   0.0123227   0.0131261   0.0157145   0.0181133   0.0205073   0.0227969   0.0253776   0.0285773   0.0335809   0.055494   0.079184   0.103615   0.12939   
-0.0134514   -0.0216117   -0.0276439   -0.0419947   -0.0543221   -0.0663839   -0.0708385   -0.0731673   -0.0732013   -0.0724806   -0.0720464   -0.0720963   -0.0714515   -0.0710564   -0.0705323   -0.0693098   -0.0664014   -0.0635234   -0.0604848   -0.0573347   -0.0525377   -0.0472902   -0.0427533   -0.0422014   -0.0452212   -0.0522264   -0.0630482   

260000
-10   -9   -8   -7   -6   -5   -4   -3   0   1   2   3   4   5   6   7   8   9   10   11   12   14   15   16   17   18   
-0.319585   -0.289097   -0.234971   -0.239833   -0.175828   -0.0896763   0.0113323   0.117358   0.464148   0.57699   0.689343   0.799868   0.909863   1.01811   1.12001   1.20646   1.29191   1.37634   1.45797   1.52507   1.57904   1.62954   1.59808   1.51317   1.44586   1.38384   
0.114763   0.101393   0.0894272   0.0747094   0.0614129   0.0488893   0.0379034   0.0301158   0.0152639   0.0138899   0.0128427   0.0113268   0.0118252   0.0122197   0.0130614   0.0156226   0.018049   0.0204095   0.0226962   0.0252364   0.0284914   0.0410744   0.0558428   0.0792509   0.103563   0.129489   
-0.0132195   -0.0221035   -0.0288958   -0.0446138   -0.0552698   -0.0649885   -0.0709494   -0.07314   -0.0723729   -0.0719882   -0.0719678   -0.0714095   -0.0710372   -0.0705351   -0.0693112   -0.0664866   -0.0635682   -0.06056   -0.0573565   -0.0524428   -0.0472067   -0.0412045   -0.0423574   -0.0453564   -0.0523102   -0.0631915   

265000
-10   -9   -8   -7   -6   -5   -3   -1   0   1   2   3   4   5   6   7   8   9   10   11   12   14   15   16   17   18   
-0.27572   -0.289109   -0.27779   -0.240414   -0.174562   -0.0908972   0.117994   0.349412   0.464034   0.576897   0.689407   0.799853   0.909914   1.01822   1.12014   1.20683   1.29215   1.37712   1.45807   1.52458   1.57799   1.62985   1.59533   1.51265   1.44747   1.38539   
0.115461   0.101066   0.0886731   0.0755705   0.0608136   0.0488704   0.0298769   0.0181006   0.0151211   0.0137652   0.0127945   0.0112433   0.0117214   0.0121235   0.012988   0.0155409   0.0179783   0.0202507   0.02264   0.0251161   0.0283946   0.0410454   0.0561758   0.079356   0.103339   0.129237   
-0.0182808   -0.0227398   -0.0301245   -0.0416938   -0.0565211   -0.0646133   -0.0730922   -0.0729463   -0.0722504   -0.0719301   -0.0719115   -0.0713697   -0.0710319   -0.0705363   -0.0693414   -0.0665601   -0.0636281   -0.0606751   -0.0574067   -0.0524009   -0.0471802   -0.0414532   -0.0424999   -0.045503   -0.0523149   -0.0631265   

270000
-10   -9   -8   -7   -6   -5   -1   0   1   2   3   4   5   6   7   8   9   10   11   12   13   14   15   16   17   18   
-0.320583   -0.250649   -0.240567   -0.241735   -0.172847   -0.0907112   0.349212   0.463996   0.576826   0.689442   0.799832   0.909978   1.01846   1.12019   1.20711   1.29314   1.37789   1.45837   1.5245   1.57734   1.6109   1.63007   1.59273   1.51188   1.44842   1.38771   
0.114517   0.101807   0.0887959   0.0765026   0.0601931   0.048556   0.0179977   0.0149963   0.0136487   0.0127294   0.011159   0.0116138   0.0120162   0.0129229   0.0154696   0.0178423   0.0201041   0.02259   0.0250237   0.028294   0.0333534   0.0410199   0.0564938   0.079507   0.103218   0.128846   
-0.0132382   -0.0247213   -0.0303048   -0.0376397   -0.0579406   -0.064788   -0.0728849   -0.0721112   -0.0718613   -0.0718633   -0.0713406   -0.0710321   -0.0705704   -0.0693616   -0.0666219   -0.0637764   -0.0607927   -0.0574783   -0.0524157   -0.0471917   -0.0431342   -0.0416726   -0.0426319   -0.0456618   -0.0523655   -0.0629861   

275000
-10   -9   -8   -7   -6   -4   -3   -1   0   1   2   3   4   5   6   7   8   9   10   11   12   13   14   15   16   17   18   
-0.321457   -0.253037   -0.273206   -0.242404   -0.177836   0.00953136   0.117142   0.348983   0.463996   0.576767   0.689465   0.799813   0.910051   1.01868   1.12016   1.2073   1.29404   1.37865   1.45837   1.52503   1.57698   1.61039   1.63019   1.59021   1.51153   1.44869   1.38949   
0.114329   0.101673   0.0894388   0.0764186   0.0617771   0.0377935   0.0296957   0.0178972   0.0148836   0.01354   0.0126598   0.0110566   0.0115116   0.0119141   0.0128669   0.0154075   0.0177171   0.0199666   0.0224191   0.0249644   0.0281895   0.033338   0.040997   0.0568014   0.0795895   0.103211   0.128552   
-0.0133991   -0.0246048   -0.0266344   -0.0374439   -0.0537895   -0.0704103   -0.0728836   -0.072824   -0.0720549   -0.0717855   -0.0718171   -0.0713255   -0.0710318   -0.0705995   -0.0693721   -0.0666733   -0.0639145   -0.0609107   -0.0574825   -0.0525118   -0.0472269   -0.0433107   -0.0418499   -0.0427574   -0.0457951   -0.0524626   -0.062902   

280000
-10   -9   -7   -6   -5   -4   0   1   2   3   4   5   6   7   8   9   10   11   12   14   15   16   17   18   
-0.322631   -0.256018   -0.243111   -0.179043   -0.089011   0.0100321   0.46386   0.576726   0.689482   0.799804   0.910127   1.01888   1.12008   1.20742   1.29486   1.3794   1.45857   1.52547   1.5769   1.63134   1.58779   1.51177   1.44841   1.39084   
0.114113   0.101509   0.0761828   0.0618473   0.0477208   0.0374798   0.0147606   0.013447   0.0125894   0.0109604   0.0114138   0.0118166   0.0128188   0.0153535   0.0176007   0.0198363   0.0222603   0.0248997   0.0280872   0.0409313   0.0570963   0.0795869   0.103288   0.12834   
-0.0136924   -0.0247358   -0.0377124   -0.0531877   -0.065569   -0.0704654   -0.0720238   -0.0717049   -0.0717713   -0.071309   -0.0710307   -0.070624   -0.0693756   -0.066717   -0.0640441   -0.0610282   -0.0575181   -0.0525917   -0.047282   -0.0421616   -0.0428756   -0.0458996   -0.0525934   -0.0628617   

285000
-10   -9   -8   -7   -6   -5   -1   0   1   2   3   4   5   6   7   8   9   10   11   12   14   15   16   17   18   
-0.324195   -0.296926   -0.273418   -0.243793   -0.179397   -0.0875561   0.349264   0.463752   0.576633   0.68949   0.799801   0.910202   1.01905   1.11997   1.20748   1.29558   1.38013   1.4589   1.52443   1.57717   1.63252   1.58553   1.51164   1.44761   1.39169   
0.113917   0.10041   0.0895889   0.075833   0.0616312   0.0472598   0.017417   0.0146426   0.0133569   0.0125183   0.0108689   0.0113202   0.0117235   0.0127756   0.0153077   0.0174948   0.019712   0.0221115   0.0247602   0.0279907   0.0408525   0.0573731   0.0796399   0.10346   0.128195   
-0.0141883   -0.0263791   -0.0252744   -0.0383561   -0.0533206   -0.0661009   -0.0724867   -0.0719765   -0.0716372   -0.0717268   -0.0712913   -0.0710288   -0.0706451   -0.0693768   -0.0667518   -0.0641617   -0.0611445   -0.0575732   -0.0524682   -0.0473542   -0.042444   -0.0429893   -0.04602   -0.0527576   -0.062865   

290000
-10   -9   -8   -7   -6   -3   -1   0   1   2   3   4   5   6   7   8   9   10   11   12   13   14   15   17   18   
-0.278692   -0.288709   -0.274557   -0.244329   -0.179234   0.118608   0.348853   0.46366   0.576508   0.689494   0.7998   0.910275   1.01922   1.12008   1.2081   1.2962   1.38084   1.45931   1.52387   1.57695   1.61054   1.63358   1.58333   1.44926   1.39186   
0.114752   0.100977   0.089487   0.075378   0.0612642   0.0290689   0.0173448   0.0145237   0.0132715   0.0124514   0.0107813   0.0112306   0.0116348   0.0127184   0.0152154   0.0173993   0.0195936   0.0219702   0.0246276   0.0279148   0.0331838   0.0407793   0.0576441   0.103221   0.128216   
-0.0184961   -0.0222649   -0.0251761   -0.0394219   -0.053816   -0.0726477   -0.0724664   -0.0719161   -0.0715754   -0.0716811   -0.0712727   -0.071026   -0.0706634   -0.0694066   -0.0668507   -0.064267   -0.0612593   -0.0576408   -0.052414   -0.0473961   -0.043822   -0.0427081   -0.0430992   -0.0527435   -0.0629424   

295000
-10   -9   -8   -6   -5   -4   -1   0   1   2   3   4   5   6   7   8   9   10   11   12   13   15   16   17   18   
-0.330277   -0.264048   -0.275829   -0.178676   -0.0919726   0.00924151   0.347869   0.463582   0.576444   0.689487   0.799799   0.910343   1.01936   1.12012   1.20861   1.29673   1.38146   1.45976   1.52361   1.57614   1.61083   1.58125   1.51062   1.45104   1.39137   
0.11375   0.101563   0.0892988   0.0608012   0.0481864   0.0373722   0.0176544   0.0144012   0.0131797   0.0123864   0.0106977   0.0111449   0.0115503   0.0126682   0.0151327   0.0173132   0.019487   0.0218348   0.0245   0.0278484   0.0331208   0.0579043   0.0798479   0.102965   0.128322   
-0.0162746   -0.0255643   -0.0253135   -0.0545675   -0.0643281   -0.070153   -0.0725993   -0.0718431   -0.0715345   -0.0716372   -0.071253   -0.0710221   -0.0706791   -0.0694282   -0.0669383   -0.0643615   -0.0613643   -0.0577169   -0.0524023   -0.0474188   -0.0439812   -0.0432096   -0.0462818   -0.0527193   -0.0630716   

300000
-9   -8   -7   -6   -5   -1   0   1   2   3   4   5   6   7   8   9   10   11   12   15   16   17   18   
-0.290409   -0.238963   -0.244389   -0.177768   -0.091977   0.347429   0.463531   0.576422   0.689474   0.799795   0.910403   1.01949   1.12012   1.20905   1.29717   1.38198   1.46025   1.52355   1.57574   1.5793   1.5114   1.4524   1.39154   
0.101084   0.0892996   0.07419   0.0602815   0.0479561   0.0178177   0.0142771   0.013081   0.0123281   0.0106181   0.0110641   0.0114699   0.0126248   0.0150587   0.0172359   0.0193922   0.0217049   0.0243782   0.0277738   0.0581499   0.0797629   0.102776   0.128325   
-0.0210989   -0.0272514   -0.0429787   -0.0555129   -0.0644124   -0.0726566   -0.071755   -0.0715019   -0.0715931   -0.071233   -0.0710171   -0.0706922   -0.0694443   -0.0670159   -0.0644457   -0.0614577   -0.0577991   -0.0524191   -0.0474712   -0.043317   -0.0463496   -0.0527238   -0.0631337   

305000
-9   -6   -5   -4   -3   0   1   2   3   4   5   6   7   8   9   10   11   12   14   15   16   17   18   
-0.257615   -0.176546   -0.0916082   0.00942029   0.117585   0.463543   0.576406   0.689455   0.799789   0.910456   1.0196   1.12006   1.20941   1.29753   1.38242   1.46076   1.52362   1.57557   1.63582   1.57744   1.51187   1.45338   1.39364   
0.102224   0.0597285   0.0476306   0.0369171   0.0287284   0.0141757   0.0129896   0.0122798   0.0105425   0.0109881   0.0113936   0.0125876   0.0149919   0.017168   0.0193088   0.0215805   0.0242608   0.0276943   0.040636   0.0583855   0.0797302   0.102663   0.12797   
-0.0219628   -0.0565965   -0.0646392   -0.0701732   -0.0724071   -0.0716509   -0.0714627   -0.0715487   -0.0712125   -0.0710113   -0.0707031   -0.0694537   -0.067085   -0.0645185   -0.0615398   -0.0578849   -0.0524533   -0.04754   -0.0433882   -0.0434236   -0.0464318   -0.0527555   -0.0630069   

310000
-7   -6   -5   -1   0   1   3   4   5   6   7   8   9   10   11   12   13   14   15   16   17   18   
-0.242697   -0.175075   -0.0909577   0.348937   0.463447   0.576404   0.799777   0.910501   1.01969   1.11994   1.20971   1.29779   1.38274   1.46124   1.52379   1.57557   1.61199   1.6383   1.57575   1.51205   1.45388   1.39511   
0.0727782   0.0591672   0.0472534   0.0166816   0.0140988   0.0129091   0.0104723   0.0109165   0.0113218   0.0125577   0.0149314   0.01711   0.0192385   0.0214663   0.0241517   0.0276117   0.0329147   0.0404466   0.0586023   0.0797317   0.102595   0.127736   
-0.047676   -0.0577488   -0.0649541   -0.0720988   -0.0715829   -0.0714179   -0.0711914   -0.071005   -0.0707117   -0.0694562   -0.0671475   -0.0645799   -0.0616079   -0.057969   -0.0525006   -0.0476173   -0.0443504   -0.043673   -0.043527   -0.0465228   -0.05281   -0.0629449   

315000
-9   -8   -7   -5   -3   -2   -1   0   1   2   3   4   5   6   7   8   9   10   11   12   14   15   16   17   18   
-0.296059   -0.285493   -0.245941   -0.090082   0.117254   0.229327   0.348202   0.463264   0.576369   0.689459   0.79976   0.910539   1.01982   1.11992   1.20997   1.29795   1.38292   1.46163   1.524   1.57565   1.63991   1.57412   1.51205   1.45394   1.39614   
0.100889   0.0880823   0.0759524   0.0468489   0.0286595   0.0230152   0.0169396   0.0140155   0.0128292   0.0121627   0.0104083   0.0108495   0.0112494   0.0125215   0.0148766   0.0170632   0.0191854   0.021368   0.0240558   0.0275324   0.0403291   0.0588144   0.0797624   0.102617   0.127584   
-0.0202933   -0.0289137   -0.0368815   -0.0653226   -0.0722945   -0.0731772   -0.0722476   -0.0715349   -0.0713805   -0.0714961   -0.0711701   -0.0709984   -0.0707289   -0.0694707   -0.0672038   -0.0646272   -0.0616572   -0.0580433   -0.0525542   -0.0476968   -0.0439228   -0.0436292   -0.0466177   -0.0528959   -0.0629274   

320000
-10   -9   -7   -6   -4   -1   0   1   2   3   4   5   6   7   8   9   10   11   12   14   15   16   17   18   
-0.322056   -0.298286   -0.246449   -0.181185   0.011407   0.348421   0.46314   0.576299   0.689492   0.799736   0.910569   1.02004   1.12003   1.21017   1.29799   1.38295   1.46191   1.52429   1.5758   1.64086   1.57266   1.51177   1.45355   1.39667   
0.114167   0.10075   0.0759504   0.0611439   0.036002   0.0166243   0.013933   0.0127439   0.012094   0.0103511   0.0107879   0.0111714   0.0124756   0.0148277   0.017029   0.0191508   0.0212862   0.0239826   0.0274565   0.0402714   0.0590049   0.0798265   0.102711   0.127516   
-0.0126494   -0.020311   -0.0365737   -0.0529103   -0.0703938   -0.0721054   -0.0714973   -0.0713484   -0.0714793   -0.071149   -0.0709916   -0.0707628   -0.0695011   -0.0672535   -0.0646579   -0.0616872   -0.0581049   -0.0526161   -0.0477742   -0.0441475   -0.0437279   -0.0467206   -0.0530084   -0.0629559   

325000
-10   -8   -7   -6   -5   -4   -3   -1   0   1   2   3   4   5   6   7   8   10   11   12   13   14   15   17   18   
-0.322364   -0.284922   -0.247053   -0.181626   -0.0878833   0.0121969   0.117262   0.348554   0.463099   0.576236   0.689523   0.799707   0.910654   1.02024   1.12009   1.2103   1.29873   1.4621   1.52452   1.57605   1.61385   1.64186   1.57126   1.45292   1.39662   
0.114091   0.0883964   0.0758114   0.0610323   0.0460331   0.0357272   0.0282992   0.0164576   0.0138348   0.0126647   0.0120299   0.0103011   0.010715   0.0110972   0.0124352   0.0147861   0.0169371   0.0212214   0.0238958   0.0273872   0.0327185   0.0402082   0.0591884   0.102843   0.127543   
-0.012617   -0.0283668   -0.0366061   -0.0528622   -0.0661134   -0.0704501   -0.0722179   -0.0719838   -0.0714761   -0.0713115   -0.0714604   -0.071129   -0.0709994   -0.0707925   -0.0695257   -0.0672947   -0.0647727   -0.0581539   -0.0526679   -0.0478433   -0.0449542   -0.0443587   -0.0438224   -0.0531328   -0.0630354   

330000
-9   -8   -5   -4   -1   0   1   2   3   4   5   6   8   9   10   11   12   14   15   16   17   18   
-0.263776   -0.27887   -0.0867081   0.0129786   0.348395   0.463062   0.576175   0.689547   0.799726   0.910774   1.02041   1.1201   1.29962   1.38393   1.46219   1.52475   1.57645   1.64521   1.57011   1.51266   1.45502   1.39831   
0.101701   0.089265   0.0456461   0.0354815   0.0163907   0.0137361   0.0125911   0.011967   0.0102316   0.0106368   0.0110266   0.0124009   0.0168344   0.0190086   0.0211753   0.023787   0.0273221   0.0399287   0.0593418   0.0797517   0.102533   0.127267   
-0.0215974   -0.0244182   -0.0664885   -0.0704896   -0.0719467   -0.0714446   -0.0712707   -0.071442   -0.0711249   -0.0710147   -0.0708186   -0.0695443   -0.0649046   -0.0618525   -0.0581909   -0.052721   -0.0479028   -0.0446271   -0.0439133   -0.0468553   -0.0530722   -0.0629435   

335000
-10   -7   -6   -5   -4   0   1   2   3   4   5   6   7   8   9   10   11   12   13   14   16   17   18   
-0.32333   -0.248134   -0.181763   -0.0931844   0.00869164   0.463031   0.576108   0.689565   0.799766   0.910889   1.02056   1.12007   1.21088   1.30044   1.38495   1.46222   1.52511   1.57643   1.61542   1.64672   1.51377   1.45652   1.39996   
0.113851   0.0753142   0.060512   0.047383   0.0363501   0.0136349   0.0125246   0.011905   0.0101573   0.0105622   0.0109593   0.0123717   0.0146787   0.0167384   0.0188885   0.0211515   0.0236824   0.0272503   0.0325596   0.0398233   0.0796176   0.102314   0.126994   
-0.0126855   -0.0373428   -0.0534217   -0.0640608   -0.0698263   -0.0714031   -0.071227   -0.0714237   -0.0711253   -0.0710287   -0.0708415   -0.0695576   -0.0674105   -0.0650282   -0.0620014   -0.0582182   -0.052789   -0.0480022   -0.0453078   -0.0448528   -0.0468913   -0.0530506   -0.0628534   

340000
-10   -9   -8   -7   -5   -4   -1   1   2   3   4   5   6   7   8   9   10   11   12   14   15   16   17   18   
-0.278275   -0.267943   -0.243339   -0.248579   -0.0932249   0.00893417   0.346935   0.576039   0.689581   0.799804   0.910998   1.0207   1.12   1.21137   1.3012   1.38593   1.4624   1.52554   1.57665   1.64876   1.56803   1.51461   1.4576   1.40121   
0.114625   0.101283   0.0889167   0.0749683   0.0472043   0.0361104   0.0170596   0.0124665   0.0118463   0.0100872   0.0104909   0.0108952   0.0123472   0.0146092   0.0166484   0.018775   0.0211232   0.0235824   0.0271722   0.0396612   0.0596219   0.0795182   0.102167   0.126808   
-0.0176068   -0.0223818   -0.0270167   -0.0380319   -0.0641164   -0.069855   -0.0722036   -0.0711813   -0.0714034   -0.0711248   -0.071041   -0.0708613   -0.0695675   -0.0674902   -0.0651443   -0.0621454   -0.0582608   -0.0528647   -0.0481111   -0.0450678   -0.0440847   -0.0469357   -0.0530585   -0.0628068   

345000
-9   -8   -7   -6   -5   -4   -3   -1   0   1   2   3   4   5   7   8   9   10   11   12   15   16   17   18   
-0.311059   -0.242392   -0.248859   -0.180874   -0.0929956   0.00937113   0.117127   0.348602   0.463019   0.575973   0.689594   0.79984   0.911101   1.02081   1.21179   1.30187   1.38686   1.46331   1.52599   1.57702   1.56722   1.51521   1.45829   1.40211   
0.100565   0.0891001   0.0745457   0.0597211   0.0469478   0.0358364   0.0279551   0.0158356   0.0134401   0.0124194   0.0117907   0.0100202   0.0104221   0.010834   0.0145459   0.0165657   0.018667   0.0209898   0.0234868   0.0270908   0.0597362   0.0794563   0.102079   0.12667   
-0.0223248   -0.0262718   -0.0389766   -0.0546115   -0.0642762   -0.069917   -0.0719872   -0.0715942   -0.0712901   -0.071135   -0.0713819   -0.0711233   -0.0710523   -0.0708786   -0.0675626   -0.0652508   -0.0622849   -0.0583924   -0.0529441   -0.0482223   -0.0441674   -0.0469889   -0.05309   -0.062791   

350000
-10   -7   -6   -4   -1   0   1   2   3   4   5   6   7   8   9   10   11   12   13   14   15   16   17   18   
-0.278039   -0.24888   -0.180112   0.00996391   0.348003   0.463067   0.575987   0.689602   0.799875   0.911198   1.02091   1.12001   1.21216   1.30247   1.38777   1.46421   1.52644   1.57746   1.61742   1.65226   1.56643   1.51563   1.45847   1.40268   
0.114284   0.0740565   0.0592714   0.0355444   0.0159969   0.0133813   0.0123625   0.0117388   0.00995605   0.0103559   0.010776   0.012289   0.0144878   0.01649   0.0185637   0.0208676   0.0233956   0.027009   0.0323464   0.0393886   0.0598461   0.0794175   0.102073   0.126588   
-0.0181445   -0.040194   -0.055364   -0.0700014   -0.0717243   -0.0712284   -0.0711078   -0.071359   -0.0711211   -0.0710623   -0.0708931   -0.0696023   -0.0676289   -0.0653479   -0.0624206   -0.0585245   -0.053024   -0.0483338   -0.0457341   -0.0454695   -0.0442453   -0.0470467   -0.0531545   -0.0628045   

355000
-9   -8   -7   -6   -5   -4   -1   0   1   2   3   4   5   6   7   8   9   10   11   12   13   14   15   16   17   18   
-0.30238   -0.281506   -0.248717   -0.179189   -0.0920188   0.0106033   0.346898   0.462971   0.575993   0.689603   0.799907   0.911288   1.02099   1.12012   1.21249   1.30302   1.38864   1.46508   1.52688   1.57793   1.61786   1.65282   1.56577   1.51583   1.45867   1.40282   
0.101569   0.0889841   0.0735192   0.0587997   0.0463075   0.0352554   0.0167371   0.0133078   0.0122908   0.011692   0.00989427   0.0102925   0.0107217   0.0122509   0.0144344   0.0164195   0.0184643   0.0207541   0.0233103   0.0269284   0.0322902   0.0393666   0.0599403   0.0794112   0.102057   0.126595   
-0.0173212   -0.0237473   -0.0416419   -0.056185   -0.0647674   -0.0700782   -0.0720548   -0.0712012   -0.0710982   -0.0713348   -0.0711183   -0.0710712   -0.0709048   -0.0696325   -0.0676899   -0.0654385   -0.062553   -0.0586543   -0.0531026   -0.0484423   -0.0458265   -0.0456384   -0.044321   -0.0471112   -0.0532112   -0.0628599   

360000
-8   -7   -6   -4   -3   -1   0   1   2   3   4   5   6   7   8   9   10   11   12   13   14   15   16   17   18   
-0.282587   -0.248342   -0.178134   0.0112685   0.11735   0.348287   0.462852   0.575978   0.68959   0.799937   0.911368   1.02104   1.1202   1.21278   1.30352   1.38948   1.46591   1.52728   1.5784   1.61887   1.65235   1.56543   1.5158   1.46061   1.40245   
0.088789   0.0729456   0.0583155   0.034977   0.0274531   0.0156559   0.0132341   0.012218   0.011646   0.00983472   0.0102321   0.0106705   0.0122169   0.0143853   0.0163539   0.0183686   0.020648   0.0232319   0.0268506   0.0321984   0.0394406   0.0599976   0.079436   0.101762   0.126673   
-0.0239521   -0.0432717   -0.057045   -0.0701443   -0.0718453   -0.0715706   -0.0711749   -0.0710892   -0.0713132   -0.071115   -0.0710784   -0.0709139   -0.0696585   -0.0677458   -0.0655231   -0.0626822   -0.0587805   -0.0531767   -0.0485464   -0.0459854   -0.0457751   -0.0443909   -0.0471823   -0.0531504   -0.0629548   

365000
-10   -7   -6   -5   -4   -3   -1   0   1   2   3   4   5   6   7   8   9   10   11   12   14   15   16   17   18   
-0.329623   -0.247796   -0.176979   -0.0905305   0.0119337   0.117643   0.34821   0.462739   0.575966   0.689572   0.799965   0.911441   1.02119   1.12025   1.21301   1.30396   1.39028   1.46669   1.52761   1.57886   1.65095   1.56506   1.51553   1.46205   1.40457   
0.112791   0.0723478   0.0578287   0.0455805   0.0347138   0.027271   0.0155935   0.0131672   0.0121498   0.0116055   0.00977731   0.010174   0.0106141   0.0121866   0.0143418   0.0162931   0.0182778   0.0205484   0.023165   0.0267779   0.0396033   0.0600538   0.0794902   0.10156   0.12632   
-0.0144349   -0.0449923   -0.0579139   -0.0653789   -0.0701974   -0.0718007   -0.0715568   -0.0711439   -0.0710763   -0.07129   -0.0711113   -0.0710847   -0.0709388   -0.0696816   -0.0677956   -0.0656015   -0.0628058   -0.0589021   -0.0532421   -0.0486441   -0.0458819   -0.0444567   -0.0472582   -0.0531255   -0.0628157   

370000
-10   -9   -8   -7   -5   -3   -1   0   1   2   3   4   5   6   7   8   9   10   11   12   13   14   15   16   17   18   
-0.331802   -0.264884   -0.285111   -0.223957   -0.0896606   0.118043   0.346787   0.46263   0.575956   0.689549   0.799989   0.911508   1.02137   1.12027   1.21321   1.30437   1.39098   1.46741   1.52784   1.57926   1.62181   1.64886   1.5646   1.51694   1.46319   1.40615   
0.112667   0.102193   0.0882935   0.0720028   0.0452076   0.0270869   0.0165571   0.0131045   0.0120849   0.011571   0.00972228   0.0101182   0.0105569   0.0121596   0.0143023   0.0162367   0.0181952   0.0204555   0.0231156   0.0267132   0.0319508   0.0398281   0.0601229   0.0793092   0.101398   0.126062   
-0.0151857   -0.0198228   -0.0247606   -0.0431072   -0.0656973   -0.071773   -0.0719813   -0.0711086   -0.0710603   -0.0712662   -0.0711071   -0.0710901   -0.070968   -0.0697016   -0.0678408   -0.0656744   -0.0629182   -0.0590177   -0.0532926   -0.0487255   -0.0463808   -0.0459579   -0.0445241   -0.0472673   -0.0531183   -0.0627269   

375000
-10   -8   -7   -4   -3   -2   -1   0   1   3   4   5   6   7   8   9   10   11   12   14   15   16   17   18   
-0.281486   -0.286727   -0.249543   0.00855054   0.118449   0.225835   0.348074   0.46252   0.575944   0.800006   0.911568   1.02152   1.12027   1.21336   1.30472   1.39161   1.46804   1.52798   1.57958   1.6467   1.56431   1.51812   1.46404   1.40739   
0.113236   0.0880114   0.0749457   0.0355585   0.0269193   0.016068   0.0154541   0.0130448   0.0120222   0.00967025   0.0100647   0.0105026   0.0121362   0.014267   0.0161851   0.0181192   0.0203732   0.0230868   0.0266586   0.040053   0.0601701   0.0791591   0.101283   0.125852   
-0.0194874   -0.0253948   -0.0374636   -0.0696445   -0.0717358   -0.0709712   -0.0715112   -0.0710697   -0.0710422   -0.0711019   -0.0710946   -0.0709936   -0.0697179   -0.0678813   -0.0657408   -0.0630217   -0.0591214   -0.0533284   -0.0487851   -0.0460067   -0.044587   -0.0472849   -0.0531299   -0.0626689   

380000
-8   -6   -4   -1   0   1   2   3   4   5   6   7   8   9   10   11   13   14   15   16   17   18   
-0.288681   -0.18373   0.0132878   0.348327   0.462434   0.575932   0.689575   0.800015   0.911621   1.02166   1.12023   1.21349   1.30502   1.39217   1.46849   1.52873   1.6246   1.64452   1.56432   1.51906   1.46454   1.40837   
0.0877029   0.0602214   0.0344284   0.0151035   0.0129828   0.0119619   0.0114832   0.00962158   0.0100135   0.0104509   0.0121175   0.0142354   0.0161389   0.0180504   0.0203056   0.0229784   0.0317082   0.0402772   0.0601796   0.0790456   0.101222   0.125709   
-0.0262513   -0.0526874   -0.0701571   -0.0713615   -0.071033   -0.0710222   -0.0712432   -0.0710957   -0.0710984   -0.0710163   -0.0697298   -0.0679175   -0.0658001   -0.0631152   -0.0592051   -0.0534398   -0.0467306   -0.0460395   -0.0446423   -0.0473122   -0.0531628   -0.062639   

385000
-9   -7   -6   -3   -1   0   1   2   3   4   5   6   7   8   9   10   11   12   14   15   16   17   18   
-0.306555   -0.250655   -0.183934   0.117126   0.34853   0.462439   0.57592   0.689631   0.80002   0.911665   1.02177   1.12017   1.2136   1.30524   1.39263   1.46873   1.5295   1.58069   1.64257   1.56432   1.51971   1.46461   1.40917   
0.101351   0.0752958   0.0600777   0.0271161   0.0149521   0.0128989   0.0119044   0.0114278   0.00957561   0.00996509   0.0104019   0.0121016   0.0142059   0.0161002   0.0179893   0.0202582   0.0228766   0.0265152   0.0404766   0.0601926   0.0789684   0.101235   0.125589   
-0.0164102   -0.0359544   -0.0527657   -0.0716992   -0.0712357   -0.0710133   -0.0710004   -0.0712403   -0.071089   -0.0711012   -0.0710359   -0.0697389   -0.0679513   -0.0658491   -0.0631979   -0.0592597   -0.0535535   -0.0489699   -0.0460629   -0.0446969   -0.0473492   -0.0532222   -0.0626245   

390000
-7   -6   -5   -3   -1   0   1   2   3   4   5   6   7   8   9   10   11   12   13   14   15   16   17   18   
-0.251064   -0.184019   -0.0939561   0.119171   0.348387   0.462443   0.575906   0.689683   0.800018   0.911702   1.02186   1.12028   1.21404   1.30539   1.39301   1.46875   1.53028   1.58161   1.62707   1.64065   1.56425   1.52005   1.4645   1.40967   
0.0752195   0.059878   0.046357   0.0267772   0.0149055   0.0128157   0.0118515   0.0113759   0.00953244   0.0099193   0.0103558   0.012069   0.014147   0.0160683   0.0179358   0.0202312   0.0227808   0.0264152   0.03149   0.0406693   0.0602083   0.0789338   0.10127   0.12552   
-0.0359303   -0.0529522   -0.0640061   -0.0715834   -0.0712226   -0.0709872   -0.0709766   -0.0712358   -0.0710819   -0.0711032   -0.0710524   -0.069768   -0.0680211   -0.0658885   -0.0632695   -0.0592867   -0.0536665   -0.0491141   -0.0470415   -0.0460795   -0.0447496   -0.0473961   -0.05329   -0.062636   

395000
-10   -7   -6   -5   -4   -1   0   1   2   3   4   5   6   7   8   9   10   11   12   13   14   15   16   17   18   
-0.3262   -0.251479   -0.184006   -0.0940748   0.00964514   0.346468   0.462453   0.575889   0.689731   0.800011   0.911731   1.02192   1.12045   1.21443   1.30546   1.39331   1.46958   1.53102   1.58255   1.62802   1.63886   1.56416   1.52011   1.46651   1.40978   
0.113325   0.0750912   0.0596369   0.0462226   0.0346396   0.0163107   0.0127353   0.0118057   0.0113263   0.00949249   0.00987612   0.0103129   0.0120316   0.0140926   0.0160431   0.0178898   0.0201448   0.0226897   0.026316   0.0314027   0.040851   0.060232   0.078942   0.100959   0.125515   
-0.0130807   -0.0360334   -0.0532218   -0.0640283   -0.0697898   -0.0718209   -0.0709553   -0.0709506   -0.0712307   -0.0710745   -0.0711046   -0.0710657   -0.0698031   -0.0680855   -0.0659176   -0.0633302   -0.0594104   -0.053776   -0.0492515   -0.047173   -0.0460941   -0.0448026   -0.0474533   -0.0532163   -0.0626798   

400000
-6   -4   -1   0   1   2   3   4   5   6   7   8   9   10   11   13   14   15   16   17   18   
-0.183896   0.0100661   0.348115   0.462475   0.575878   0.689773   0.799998   0.911824   1.02196   1.12059   1.21479   1.30563   1.39351   1.4706   1.53174   1.62881   1.63713   1.56402   1.52125   1.46806   1.40951   
0.0593625   0.0343856   0.0148222   0.0126648   0.0117696   0.0112768   0.00945606   0.00982569   0.010273   0.0119975   0.0140417   0.0160121   0.0178533   0.0200453   0.0226033   0.0313281   0.0410225   0.0602597   0.0787938   0.100729   0.125588   
-0.0535615   -0.069833   -0.0711844   -0.0709206   -0.070923   -0.0712268   -0.0710669   -0.0711177   -0.071076   -0.0698347   -0.0681461   -0.0659551   -0.0633769   -0.0595585   -0.0538822   -0.0472889   -0.0461034   -0.0448537   -0.047464   -0.0531753   -0.0627583   

405000
-5   -3   -2   -1   0   1   2   3   4   5   6   7   8   9   10   11   12   13   14   15   16   17   18   
-0.0845765   0.117869   0.229499   0.347984   0.462517   0.575834   0.689813   0.799979   0.911962   1.02198   1.1207   1.21511   1.30638   1.3936   1.47154   1.53243   1.58441   1.62942   1.63548   1.56436   1.52263   1.46935   1.4106   
0.0424786   0.0264411   0.0212005   0.0147827   0.0126154   0.011729   0.0112298   0.00942324   0.00977017   0.0102364   0.0119666   0.0139951   0.015932   0.0178267   0.0199538   0.022522   0.026123   0.0312686   0.041188   0.0602204   0.0786112   0.100543   0.125398   
-0.0628788   -0.0715809   -0.0722424   -0.0711602   -0.0708869   -0.0709033   -0.0712214   -0.0710594   -0.0711387   -0.0710837   -0.0698632   -0.0682017   -0.0660654   -0.0634083   -0.0596968   -0.0539849   -0.0495101   -0.0473881   -0.0461129   -0.0448934   -0.0474648   -0.0531509   -0.062705   

410000
-8   -6   -1   0   1   2   3   4   5   6   7   8   9   10   11   12   13   14   15   16   17   18   
-0.284143   -0.183259   0.346283   0.462538   0.57577   0.68985   0.800054   0.912093   1.02211   1.12078   1.21539   1.30708   1.39359   1.47241   1.53306   1.58532   1.63005   1.63393   1.56496   1.52375   1.47045   1.41258   
0.0888784   0.05871   0.0161911   0.0125771   0.0116868   0.0111849   0.00936881   0.00971685   0.0101928   0.0119394   0.0139517   0.0158558   0.0178105   0.0198689   0.0224455   0.0260303   0.031206   0.0413429   0.0601546   0.0784668   0.100384   0.125091   
-0.0228992   -0.0544567   -0.0717339   -0.0708634   -0.0708867   -0.0712147   -0.0710691   -0.0711584   -0.0711066   -0.069888   -0.0682537   -0.0661701   -0.0634237   -0.0598265   -0.0540809   -0.0496327   -0.0474809   -0.0461206   -0.0449292   -0.0474762   -0.0531377   -0.062578   

415000
-9   -8   -7   -5   -1   0   1   2   3   4   5   6   7   8   10   11   12   13   14   15   16   17   18   
-0.270944   -0.284085   -0.224498   -0.093093   0.346298   0.462459   0.575706   0.689884   0.800129   0.912215   1.02223   1.12083   1.21565   1.30775   1.47321   1.53362   1.5862   1.63241   1.63239   1.56546   1.52468   1.4713   1.41417   
0.101294   0.0889261   0.0739699   0.0452618   0.0161406   0.01251   0.0116503   0.0111421   0.00931582   0.00966552   0.0101501   0.0119153   0.0139112   0.0157835   0.0197893   0.022376   0.0259402   0.0310067   0.041497   0.0601042   0.0783474   0.100271   0.124807   
-0.0198298   -0.0226178   -0.0362416   -0.0646365   -0.0717233   -0.0708534   -0.0708689   -0.0712072   -0.0710788   -0.0711766   -0.0711295   -0.0699099   -0.0683024   -0.0662696   -0.0599488   -0.05417   -0.0497506   -0.0476819   -0.0461269   -0.0449676   -0.0474934   -0.0531412   -0.0624793   

420000
-10   -7   -6   -4   -1   0   1   2   3   4   5   6   7   8   9   10   11   12   13   14   15   16   17   18   
-0.285479   -0.225079   -0.182212   0.01189   0.346307   0.462388   0.575674   0.689913   0.800201   0.912329   1.02234   1.12087   1.21588   1.30838   1.3945   1.47396   1.53406   1.58705   1.63456   1.63086   1.56589   1.52537   1.4719   1.41555   
0.114855   0.0737253   0.0579747   0.0334296   0.0160925   0.0124499   0.01161   0.0111009   0.00926502   0.00961615   0.0101102   0.0118939   0.0138737   0.0157147   0.017706   0.0197144   0.0223178   0.0258542   0.0308206   0.04165   0.0600588   0.0782625   0.100186   0.124589   
-0.0150809   -0.0365796   -0.0555413   -0.0699531   -0.0717105   -0.0708402   -0.0708564   -0.0711996   -0.0710878   -0.0711934   -0.0711492   -0.0699293   -0.0683478   -0.0663642   -0.0635727   -0.0600643   -0.0542428   -0.0498629   -0.0478622   -0.0461332   -0.0450044   -0.0475195   -0.0531571   -0.0624049   

425000
-9   -6   -5   -4   -3   -2   -1   0   1   2   3   4   5   6   7   8   9   10   11   12   14   15   16   17   18   
-0.317858   -0.181564   -0.0920162   0.012406   0.118934   0.230252   0.347916   0.462317   0.575709   0.689933   0.800269   0.912433   1.02241   1.12088   1.21609   1.30896   1.39543   1.47465   1.53432   1.58781   1.62944   1.56622   1.52582   1.47216   1.41672   
0.0999644   0.0575925   0.0446411   0.0332042   0.0258417   0.0208073   0.0144595   0.0123948   0.0115528   0.0110605   0.00921609   0.00956868   0.0100728   0.0118753   0.0138389   0.0156499   0.0176156   0.0196444   0.0222742   0.0257753   0.0417928   0.0600214   0.0782164   0.10016   0.124399   
-0.0190843   -0.0561274   -0.0651039   -0.0699853   -0.0713898   -0.0720289   -0.0710824   -0.0708235   -0.070856   -0.0711927   -0.0710961   -0.0712087   -0.0711659   -0.069946   -0.0683901   -0.0664533   -0.0637102   -0.0601729   -0.0542941   -0.0499654   -0.0461394   -0.0450406   -0.0475556   -0.053194   -0.0623481   

430000
-10   -9   -7   -6   -5   -4   -3   -1   0   1   2   3   4   5   6   7   8   9   10   11   12   13   15   16   17   18   
-0.286788   -0.32047   -0.253127   -0.180866   -0.0914068   0.00838731   0.117186   0.348469   0.462247   0.575741   0.689947   0.800334   0.912532   1.02246   1.12088   1.21627   1.30949   1.39628   1.47527   1.53443   1.58843   1.63843   1.56651   1.52601   1.47199   1.41768   
0.114977   0.0997765   0.0730539   0.0572016   0.0443194   0.0345683   0.0263138   0.0141275   0.0123424   0.011498   0.0110232   0.00916881   0.00952269   0.0100389   0.0118591   0.0138068   0.0155896   0.0175323   0.0195799   0.0222461   0.0257074   0.0304822   0.0599935   0.0781993   0.100201   0.12425   
-0.0145272   -0.0200079   -0.0397659   -0.0567273   -0.0653462   -0.0694633   -0.0714191   -0.0708488   -0.070804   -0.0708539   -0.0711841   -0.0711037   -0.0712231   -0.0711791   -0.0699604   -0.0684293   -0.0665361   -0.0638373   -0.0602726   -0.0543255   -0.0500511   -0.0481863   -0.0450777   -0.047598   -0.0532556   -0.0623108   

435000
-8   -7   -5   -4   -3   -1   0   1   2   3   4   5   7   8   9   10   11   12   14   15   16   17   18   
-0.285703   -0.253101   -0.0907616   0.0126508   0.117187   0.346305   0.462176   0.575771   0.689957   0.800396   0.912624   1.02249   1.21643   1.30999   1.39707   1.47576   1.53438   1.58894   1.62664   1.56668   1.52622   1.47211   1.41845   
0.0886469   0.07264   0.043996   0.033431   0.0261914   0.0159594   0.0122918   0.0114455   0.0109884   0.00912302   0.00947812   0.0100078   0.0137772   0.0155327   0.0174545   0.0195251   0.0222331   0.025649   0.0420753   0.0599778   0.0781812   0.100202   0.124124   
-0.0225183   -0.0407193   -0.0655879   -0.0698654   -0.0713911   -0.0716625   -0.0707819   -0.0708501   -0.0711745   -0.0711108   -0.0712366   -0.0711892   -0.0684658   -0.0666144   -0.0639561   -0.0603558   -0.0543359   -0.0501232   -0.0461542   -0.045115   -0.0476378   -0.0532982   -0.0622889   

440000
-5   -4   -3   -1   0   1   2   3   4   5   6   7   8   9   10   11   12   13   14   15   16   17   18   
-0.0900969   0.00871037   0.117279   0.348277   0.462102   0.575799   0.689961   0.800456   0.912711   1.02249   1.12103   1.21657   1.31045   1.39779   1.47611   1.53559   1.5893   1.64139   1.62527   1.56682   1.52781   1.47434   1.41904   
0.043672   0.0342053   0.0260508   0.0140058   0.0122431   0.0113951   0.0109565   0.00907858   0.00943494   0.00997993   0.0118108   0.0137495   0.0154784   0.0173816   0.0194811   0.0221214   0.0256018   0.0302182   0.0422137   0.0599697   0.0779671   0.0998548   0.124041   
-0.0658247   -0.0695242   -0.0713651   -0.0708582   -0.0707573   -0.0708449   -0.0711641   -0.0711174   -0.0712493   -0.0711963   -0.0700069   -0.0685002   -0.0666891   -0.064068   -0.0604198   -0.0544952   -0.0501782   -0.0484578   -0.0461601   -0.0451527   -0.0476236   -0.0532057   -0.0622843   

445000
-10   -8   -4   -3   -1   0   1   2   3   4   5   6   7   8   9   10   11   12   13   14   15   16   17   18   
-0.288845   -0.287002   0.00895356   0.117473   0.348192   0.462025   0.575826   0.689961   0.800512   0.912792   1.02248   1.1212   1.2167   1.31089   1.39846   1.47629   1.53673   1.58953   1.64258   1.62397   1.56741   1.52914   1.4761   1.41931   
0.114937   0.088382   0.0339982   0.0258927   0.0139614   0.0121959   0.0113468   0.0109276   0.00903547   0.00939316   0.00995407   0.0117773   0.0137239   0.0154267   0.0173139   0.0194494   0.0220177   0.0255664   0.0301128   0.0423449   0.0598977   0.0777923   0.0995868   0.12401   
-0.014051   -0.0227013   -0.0695621   -0.0713525   -0.0708577   -0.0707305   -0.0708384   -0.071153   -0.0711234   -0.0712611   -0.0712029   -0.0700405   -0.0685321   -0.0667603   -0.0641721   -0.060463   -0.0546467   -0.0502143   -0.0485769   -0.046167   -0.0451799   -0.0476196   -0.053143   -0.0623063   

450000
-8   -7   -6   -5   -3   -2   -1   0   1   2   3   4   5   6   7   8   9   10   11   12   14   15   16   17   18   
-0.28775   -0.252463   -0.184857   -0.0887592   0.117684   0.229826   0.346256   0.461945   0.575852   0.689952   0.800564   0.912868   1.02256   1.12135   1.21679   1.3113   1.39905   1.47631   1.53782   1.59065   1.6227   1.56818   1.53029   1.47759   1.4191   
0.0882254   0.0712738   0.0591321   0.0430341   0.0257323   0.0204544   0.0158451   0.0121504   0.0113011   0.0108998   0.00899381   0.00935276   0.00992173   0.0117466   0.0137021   0.0153776   0.0172517   0.0194299   0.021921   0.0254653   0.0424728   0.0598099   0.0776428   0.0993652   0.124053   
-0.0228455   -0.0440483   -0.0531343   -0.0662686   -0.0713355   -0.0718987   -0.0716016   -0.0707017   -0.0708307   -0.0711433   -0.0711289   -0.0712721   -0.0712205   -0.0700714   -0.0685595   -0.0668281   -0.064268   -0.0604848   -0.0547908   -0.0503439   -0.0461747   -0.0452062   -0.0476226   -0.0530989   -0.0623655   

455000
-8   -7   -6   -4   -3   -1   0   1   2   3   4   5   6   7   8   9   10   11   12   13   14   15   16   17   18   
-0.288572   -0.252076   -0.185529   0.00953231   0.117905   0.348029   0.461873   0.575879   0.689938   0.800612   0.912936   1.02262   1.12148   1.21696   1.31169   1.39955   1.47636   1.53884   1.5921   1.64431   1.6215   1.56882   1.53131   1.47891   1.41884   
0.0880533   0.0707985   0.0592236   0.0335597   0.0255735   0.0138804   0.0121051   0.011259   0.0108743   0.00895357   0.00931392   0.00989205   0.0117185   0.0136724   0.0153309   0.0171973   0.0194108   0.0218301   0.0253406   0.0299543   0.0425945   0.0597362   0.0775087   0.099166   0.124107   
-0.0230283   -0.0452149   -0.0528006   -0.06964   -0.0713145   -0.0708449   -0.0706729   -0.0708219   -0.0711338   -0.0711338   -0.0712823   -0.0712354   -0.0700997   -0.0685959   -0.0668927   -0.0643515   -0.0605068   -0.0549279   -0.0505033   -0.0487755   -0.0461818   -0.0452337   -0.0476298   -0.0530642   -0.0624285   

460000
-10   -8   -7   -6   -1   0   1   2   3   4   5   6   7   8   9   10   11   12   13   14   15   16   17   18   
-0.327668   -0.289466   -0.251604   -0.1858   0.347953   0.461897   0.575909   0.68992   0.800653   0.912999   1.02265   1.12158   1.21731   1.31204   1.39994   1.47748   1.53982   1.59348   1.64571   1.62033   1.56933   1.53216   1.48011   1.42123   
0.11253   0.0878661   0.0703328   0.0591695   0.0138396   0.0120396   0.0112214   0.0108522   0.00891505   0.00927656   0.00986538   0.0116928   0.0136262   0.0152879   0.0171516   0.0193189   0.0217441   0.0252208   0.0298269   0.0427131   0.0596776   0.0773955   0.0989948   0.123711   
-0.0127865   -0.0232539   -0.0463447   -0.0527579   -0.0708335   -0.07066   -0.0708119   -0.0711238   -0.0711377   -0.0712916   -0.0712473   -0.0701257   -0.0686514   -0.0669522   -0.0644209   -0.060665   -0.0550592   -0.0506539   -0.0488896   -0.0461892   -0.0452625   -0.0476416   -0.0530386   -0.0622584   

465000
-9   -8   -5   -4   -3   -1   0   1   2   3   4   5   6   7   8   9   10   11   12   13   14   15   16   17   18   
-0.28155   -0.290414   -0.0945916   0.0101806   0.118362   0.347879   0.461923   0.575942   0.689963   0.80069   0.913055   1.02266   1.12167   1.21763   1.31235   1.40023   1.47849   1.54074   1.59482   1.64843   1.61918   1.56977   1.53278   1.48109   1.42316   
0.100435   0.087671   0.045201   0.0331096   0.025267   0.0137966   0.0119776   0.0111902   0.0108166   0.00887812   0.00924061   0.0098418   0.0116696   0.0135829   0.0152477   0.0171131   0.0192344   0.0216624   0.0251055   0.0295822   0.0428305   0.059632   0.0773192   0.0988469   0.123385   
-0.0225323   -0.0235311   -0.0640598   -0.0697097   -0.0712615   -0.0708189   -0.0706442   -0.0708008   -0.071124   -0.0711409   -0.0713002   -0.0712563   -0.0701493   -0.0687037   -0.0670081   -0.0644786   -0.0608096   -0.0551852   -0.0507973   -0.0490542   -0.0461971   -0.0452926   -0.0476627   -0.0530238   -0.062129   

470000
-8   -5   -4   -3   0   1   2   3   4   5   6   7   8   9   10   11   12   13   14   15   16   17   18   
-0.291419   -0.0946828   0.0105164   0.118592   0.461947   0.575945   0.690039   0.800722   0.913106   1.02264   1.12174   1.21793   1.31264   1.40043   1.47943   1.54162   1.59611   1.65075   1.61808   1.57009   1.53324   1.48187   1.4248   
0.0874538   0.0451003   0.0328864   0.025122   0.0119211   0.0111499   0.0107742   0.00884248   0.00920607   0.00982104   0.0116488   0.0135422   0.01521   0.017083   0.0191561   0.0215846   0.0249943   0.0293743   0.0429406   0.0595945   0.0772665   0.0987359   0.123115   
-0.0238749   -0.0640775   -0.0697392   -0.0712302   -0.0706285   -0.0707962   -0.0711293   -0.0711436   -0.0713081   -0.0712627   -0.0701707   -0.068753   -0.0670605   -0.0645227   -0.0609441   -0.055306   -0.050935   -0.0492022   -0.0462039   -0.0453225   -0.0476895   -0.0530216   -0.0620271   

475000
-7   -6   -3   -1   0   1   2   3   4   5   6   7   8   9   10   11   12   13   14   15   16   17   18   
-0.254332   -0.186106   0.118818   0.346004   0.461978   0.575936   0.690111   0.800751   0.913151   1.0226   1.12179   1.2182   1.31291   1.40051   1.48029   1.54244   1.59735   1.6527   1.61705   1.57042   1.53347   1.4824   1.42623   
0.074367   0.0587551   0.0249846   0.0155945   0.0118725   0.0111082   0.0107338   0.00880814   0.00917294   0.0098037   0.0116301   0.0135038   0.015175   0.0170622   0.019083   0.021512   0.0248866   0.0291982   0.0430462   0.0595565   0.0772433   0.0986696   0.122875   
-0.0361283   -0.053076   -0.0711955   -0.0714925   -0.0706117   -0.0707923   -0.0711338   -0.0711458   -0.0713152   -0.0712664   -0.07019   -0.0687996   -0.0671094   -0.0645517   -0.0610697   -0.0554194   -0.0510679   -0.0493355   -0.0462117   -0.0453508   -0.0477229   -0.0530359   -0.0619431   

480000
-9   -6   -4   -1   0   1   2   3   4   5   6   7   8   9   10   11   12   14   15   16   17   18   
-0.311279   -0.186099   0.011191   0.347676   0.462025   0.575924   0.690179   0.800775   0.913189   1.02256   1.12182   1.21846   1.31315   1.40048   1.4811   1.54317   1.59856   1.61605   1.57149   1.53344   1.48258   1.42748   
0.101491   0.058568   0.0324496   0.0136333   0.0118371   0.0110695   0.0106954   0.0087753   0.00914146   0.00978789   0.0116135   0.0134675   0.0151424   0.0170499   0.0190141   0.0214458   0.0247822   0.0431467   0.0594305   0.0772574   0.0986462   0.122667   
-0.0145499   -0.0532707   -0.0697856   -0.0707502   -0.0705947   -0.0707867   -0.0711376   -0.0711476   -0.0713217   -0.0712694   -0.0702073   -0.0688437   -0.0671548   -0.0645664   -0.0611881   -0.055523   -0.0511969   -0.0462185   -0.0453686   -0.0477646   -0.0530658   -0.0618751   

485000
-6   -3   -1   0   1   2   3   4   5   6   7   8   9   10   11   12   13   14   15   16   17   18   
-0.186056   0.117607   0.345954   0.462101   0.575911   0.69024   0.800796   0.913222   1.02259   1.12185   1.2187   1.31336   1.4013   1.48186   1.54376   1.59972   1.65587   1.61516   1.57238   1.53443   1.4824   1.42859   
0.0583611   0.0254277   0.0156478   0.011824   0.0110332   0.0106564   0.00874384   0.00911152   0.00976493   0.0115983   0.0134332   0.0151125   0.0169762   0.0189486   0.0213897   0.0246805   0.0289109   0.0432368   0.0593242   0.0771275   0.0986893   0.122481   
-0.0534979   -0.0712145   -0.0714583   -0.0705793   -0.0707801   -0.0711429   -0.0711489   -0.0713275   -0.0712822   -0.0702234   -0.0688857   -0.0671965   -0.0646841   -0.0613004   -0.0556091   -0.0513209   -0.049571   -0.046227   -0.0453881   -0.0477674   -0.0531187   -0.0618185   

490000
-7   -6   -1   0   1   2   3   4   5   6   7   8   9   10   11   12   13   14   15   16   17   18   
-0.255096   -0.169   0.347645   0.462066   0.575895   0.690299   0.800812   0.913303   1.0226   1.12185   1.21892   1.31354   1.40203   1.48258   1.54417   1.60082   1.65709   1.61429   1.57314   1.53608   1.4824   1.28932   
0.0743741   0.0564078   0.0134445   0.011773   0.0109986   0.0106191   0.00871379   0.00907687   0.00974493   0.0115859   0.0134004   0.0150853   0.0169085   0.0188862   0.0213452   0.0245855   0.0288007   0.043324   0.0592353   0.076904   0.098708   0.132482   
-0.0356426   -0.0523677   -0.0706847   -0.0705753   -0.0707725   -0.0711471   -0.0711498   -0.0713409   -0.0712924   -0.0702368   -0.0689261   -0.0672341   -0.0647919   -0.0614076   -0.0556754   -0.0514393   -0.049673   -0.0462344   -0.0454096   -0.0477447   -0.0531599   -0.0507624   

495000
-7   -6   -3   -1   0   1   2   3   4   5   6   7   8   9   10   11   12   13   14   15   16   17   18   
-0.255344   -0.185836   0.117532   0.347724   0.462022   0.575876   0.690356   0.800824   0.913429   1.0226   1.12194   1.21913   1.31369   1.4027   1.48326   1.54445   1.6018   1.65807   1.61352   1.57381   1.53751   1.48472   1.43053   
0.0742826   0.057899   0.0252375   0.0132854   0.0117207   0.0109659   0.0105832   0.0086852   0.00903771   0.00972754   0.0115645   0.0133691   0.015061   0.0168455   0.0188268   0.021311   0.0244981   0.0287115   0.0434026   0.0591559   0.0767161   0.0983445   0.122175   
-0.0356957   -0.0540411   -0.0711876   -0.0706319   -0.0705712   -0.0707641   -0.0711507   -0.0711502   -0.0713612   -0.0713003   -0.0702594   -0.0689647   -0.0672676   -0.0648921   -0.0615098   -0.0557236   -0.0515475   -0.0497628   -0.0462431   -0.0454316   -0.0477318   -0.053059   -0.0617336   

500000
-8   -6   -5   -1   0   1   2   3   5   6   7   8   9   10   11   12   13   14   15   16   17   18   
-0.300037   -0.18562   -0.0938017   0.34603   0.461981   0.575854   0.690411   0.800831   1.02257   1.12211   1.21932   1.31382   1.40333   1.48388   1.54456   1.60265   1.65925   1.61282   1.57438   1.53876   1.48666   1.43128   
0.0858617   0.0576355   0.0439531   0.015378   0.0116728   0.0109352   0.0105485   0.00865809   0.00971259   0.0115344   0.0133396   0.0150397   0.0167864   0.018771   0.0212881   0.0244213   0.0286028   0.0434731   0.0590904   0.0765454   0.0980458   0.122059   
-0.0277946   -0.0543622   -0.064718   -0.0714327   -0.0705656   -0.0707549   -0.0711535   -0.0711503   -0.0713062   -0.0702907   -0.0690015   -0.0672964   -0.064986   -0.0616051   -0.0557518   -0.0516429   -0.0498551   -0.0462527   -0.0454551   -0.0477238   -0.0529828   -0.0617092   

505000
-4   -2   -1   0   1   2   3   4   5   6   7   8   9   10   11   12   13   14   15   16   17   18   
0.00836512   0.230328   0.348039   0.46194   0.575828   0.690464   0.800834   0.91366   1.02252   1.12226   1.2195   1.31391   1.40391   1.48444   1.54451   1.60337   1.6619   1.61214   1.57484   1.53989   1.48833   1.4318   
0.0334048   0.0196543   0.0131291   0.0116285   0.0109065   0.0105149   0.00863253   0.00896327   0.00970071   0.0115065   0.0133116   0.0150214   0.0167306   0.0187202   0.0212779   0.0243543   0.0283607   0.0435397   0.0590373   0.0763968   0.0977904   0.121981   
-0.069349   -0.0716158   -0.0705095   -0.070558   -0.070745   -0.0711559   -0.0711499   -0.0713985   -0.0713097   -0.0703198   -0.0690364   -0.0673202   -0.0650748   -0.0616915   -0.0557578   -0.0517271   -0.049995   -0.0462616   -0.0454793   -0.0477214   -0.0529231   -0.0617025   

510000
-3   -1   0   1   2   3   4   5   6   7   9   10   11   12   13   14   15   16   17   18   
0.117785   0.348041   0.461899   0.5758   0.690514   0.800833   0.913765   1.02246   1.12239   1.21966   1.40446   1.4849   1.54567   1.60396   1.66405   1.61157   1.57521   1.54093   1.48983   1.43198   
0.0248525   0.0131017   0.0115867   0.01088   0.0104825   0.00860855   0.00892781   0.0096913   0.0114809   0.0132853   0.0166775   0.0186758   0.0211889   0.0242971   0.0281642   0.043598   0.0589938   0.0762588   0.0975749   0.121957   
-0.0711193   -0.0705055   -0.0705489   -0.0707346   -0.0711578   -0.0711493   -0.0714157   -0.0713113   -0.0703468   -0.0690696   -0.0651592   -0.0617658   -0.0559087   -0.051799   -0.0501188   -0.0462726   -0.0455036   -0.0477215   -0.0528776   -0.0617221   

515000
-9   -8   -6   -5   -4   -3   -1   0   1   2   3   4   5   6   7   8   9   10   11   12   13   14   15   16   17   18   
-0.314322   -0.304796   -0.184718   -0.0927635   0.00858145   0.117895   0.347978   0.461857   0.575769   0.690562   0.80089   0.913865   1.02239   1.1225   1.2198   1.31437   1.40497   1.48528   1.5471   1.60441   1.66584   1.61113   1.57549   1.54187   1.49117   1.43182   
0.100896   0.0848914   0.0568004   0.0431981   0.033105   0.024719   0.0130418   0.0115467   0.010856   0.0104514   0.00857577   0.00889344   0.0096833   0.0114572   0.0132616   0.0149608   0.0166273   0.018637   0.021085   0.0242505   0.0280017   0.0436429   0.0589634   0.0761344   0.097371   0.122   
-0.0146883   -0.0313725   -0.0554338   -0.0652068   -0.0693915   -0.0710925   -0.070511   -0.0705384   -0.0707237   -0.0711591   -0.0711578   -0.071432   -0.0713121   -0.0703718   -0.0690998   -0.0674019   -0.0652392   -0.0618298   -0.0560896   -0.0518576   -0.050231   -0.046285   -0.045529   -0.047725   -0.0528389   -0.0617707   

520000
-6   -5   -4   -3   -1   0   1   2   3   4   5   6   7   8   9   10   11   12   13   14   15   16   17   18   
-0.184359   -0.0923484   0.00875629   0.118011   0.347924   0.461813   0.575766   0.690606   0.800979   0.913959   1.02239   1.1226   1.21993   1.31489   1.40544   1.48558   1.54843   1.60471   1.66732   1.61067   1.57657   1.54263   1.49237   1.43137   
0.0565089   0.0429294   0.0329338   0.0245862   0.0129913   0.0115081   0.0108275   0.0104214   0.00853831   0.00886009   0.00966714   0.0114354   0.0132397   0.0149066   0.0165805   0.0186042   0.0209883   0.0242152   0.0278675   0.0436879   0.0588328   0.0760385   0.0971935   0.122091   
-0.0558154   -0.0653812   -0.0694223   -0.071064   -0.0705142   -0.0705266   -0.0707173   -0.07116   -0.0711713   -0.0714475   -0.0713221   -0.0703951   -0.069128   -0.0674784   -0.0653136   -0.0618829   -0.0562604   -0.0519013   -0.0503322   -0.0462967   -0.0455424   -0.0477353   -0.0528091   -0.0618414   

525000
-4   -3   -1   0   1   2   3   4   5   6   7   8   9   10   11   13   15   16   17   18   
0.0089477   0.118129   0.347876   0.461768   0.575821   0.690642   0.801064   0.914048   1.02239   1.12269   1.22004   1.31537   1.40583   1.48579   1.54968   1.66846   1.57755   1.54318   1.49348   1.43234   
0.0327559   0.0244552   0.0129465   0.0114708   0.010787   0.0103914   0.00850211   0.00882773   0.0096529   0.0114154   0.0132193   0.0148553   0.0165389   0.0185774   0.0208975   0.027763   0.0587164   0.0759682   0.0970302   0.121925   
-0.0694537   -0.0710338   -0.0705152   -0.0705135   -0.0707195   -0.0711619   -0.0711841   -0.0714621   -0.0713306   -0.0704168   -0.0691545   -0.0675505   -0.0653795   -0.0619245   -0.0564226   -0.05042   -0.0455576   -0.0477516   -0.0527847   -0.0617904   

530000
-10   -7   -6   -5   -4   -3   -2   -1   0   1   2   3   4   5   6   7   8   9   10   11   12   14   15   16   17   18   
-0.337114   -0.228982   -0.183571   -0.0914716   0.00915154   0.118268   0.229952   0.347829   0.46172   0.575873   0.690675   0.801145   0.914131   1.02237   1.12276   1.22014   1.31581   1.40618   1.48591   1.55087   1.60708   1.60994   1.57843   1.54355   1.49445   1.4346   
0.113688   0.0728785   0.0559113   0.0423869   0.0325732   0.0243238   0.0195107   0.0129055   0.0114347   0.0107488   0.0103629   0.00846698   0.00879634   0.00964056   0.011397   0.0132003   0.0148067   0.0165012   0.0185575   0.0208113   0.0240186   0.0437619   0.0586126   0.0759265   0.0968877   0.121547   
-0.0087272   -0.0360651   -0.0565982   -0.0657266   -0.069484   -0.0710063   -0.0715414   -0.070514   -0.0704992   -0.0707208   -0.0711628   -0.0711963   -0.0714761   -0.0713376   -0.0704371   -0.0691794   -0.0676189   -0.065439   -0.0619533   -0.0565776   -0.0521374   -0.0463229   -0.0455746   -0.0477741   -0.0527674   -0.0616337   

535000
-6   -5   -2   -1   0   1   2   3   4   5   6   7   8   9   10   11   12   13   14   15   16   17   18   
-0.18314   -0.0910305   0.229943   0.347784   0.46167   0.575925   0.690705   0.801223   0.914208   1.02234   1.12283   1.22023   1.31623   1.40648   1.48592   1.55201   1.60885   1.67136   1.60971   1.5792   1.54375   1.49533   1.43658   
0.0556099   0.0421137   0.0194355   0.0128664   0.0113997   0.0107133   0.0103356   0.00843284   0.00876607   0.00963061   0.01138   0.0131828   0.0147608   0.0164681   0.0185456   0.0207293   0.0238797   0.0274968   0.0437827   0.0585198   0.075908   0.0967661   0.121219   
-0.0569935   -0.065893   -0.0715159   -0.0705107   -0.0704837   -0.0707212   -0.0711632   -0.071208   -0.0714891   -0.0713427   -0.070456   -0.0692024   -0.0676836   -0.0654911   -0.0619672   -0.056727   -0.0523058   -0.0506052   -0.0463366   -0.0455917   -0.0478016   -0.0527562   -0.0615033   

540000
-5   -4   -3   -1   0   1   2   3   4   5   6   7   8   9   10   11   12   13   14   15   16   17   18   
-0.0905876   0.00958428   0.11863   0.347741   0.461617   0.575976   0.690732   0.801298   0.91428   1.02229   1.12287   1.22031   1.31662   1.40671   1.48602   1.55309   1.61051   1.67303   1.6095   1.57988   1.54374   1.49599   1.43835   
0.0418419   0.0321982   0.0240571   0.012828   0.0113661   0.0106808   0.0103094   0.00839962   0.00873675   0.00962257   0.0113652   0.0131662   0.0147179   0.0164395   0.018528   0.0206508   0.023749   0.0273436   0.0438033   0.0584388   0.0759217   0.0966688   0.120933   
-0.0660537   -0.0695414   -0.0709646   -0.0705056   -0.0704673   -0.0707207   -0.071163   -0.0712192   -0.0715015   -0.0713464   -0.0704729   -0.0692241   -0.067744   -0.0655359   -0.061992   -0.0568704   -0.0524645   -0.0507033   -0.046351   -0.0456103   -0.0478368   -0.0527547   -0.0613908   

545000
-10   -7   -6   -3   -2   -1   0   1   2   3   4   5   6   8   9   10   11   12   13   14   15   16   17   18   
-0.338886   -0.257499   -0.182251   0.118805   0.230098   0.347698   0.461562   0.576028   0.690756   0.80137   0.914347   1.02223   1.1229   1.31697   1.40689   1.48702   1.55412   1.61208   1.67432   1.60928   1.5805   1.5446   1.49637   1.43996   
0.113478   0.0723861   0.0550045   0.0239294   0.0192645   0.0127894   0.0113341   0.0106522   0.0102845   0.00836726   0.00870834   0.00961638   0.0113527   0.0146782   0.0164151   0.0184509   0.0205762   0.0236251   0.0272258   0.0438236   0.0583666   0.0758034   0.0966185   0.120655   
-0.00862782   -0.0385156   -0.0577715   -0.0709406   -0.071473   -0.0704986   -0.0704499   -0.0707194   -0.0711624   -0.07123   -0.0715132   -0.0713487   -0.0704877   -0.0678001   -0.0655735   -0.0621319   -0.0570082   -0.0526164   -0.0507897   -0.0463652   -0.0456295   -0.0478373   -0.0527686   -0.0612881   

550000
-5   -3   -1   1   2   3   4   5   6   7   8   9   10   11   12   13   14   15   16   17   18   
-0.0897149   0.118974   0.347655   0.576082   0.690778   0.801439   0.914408   1.02215   1.12291   1.22072   1.31728   1.40702   1.48796   1.55512   1.61359   1.67527   1.60909   1.58104   1.54624   1.49645   1.44147   
0.0413057   0.0238072   0.01275   0.0106288   0.0102607   0.00833575   0.00868088   0.00961276   0.0113417   0.0131076   0.0146415   0.0163954   0.0183785   0.0205048   0.0235062   0.0271385   0.0438423   0.0583023   0.075581   0.0966197   0.120407   
-0.0663543   -0.0709147   -0.0704898   -0.0707173   -0.0711613   -0.0712403   -0.0715242   -0.0713491   -0.0705011   -0.0692956   -0.0678519   -0.0656034   -0.062263   -0.0571417   -0.0527626   -0.0508639   -0.0463794   -0.0456493   -0.0478132   -0.0527998   -0.0611965   

555000
-9   -8   -5   -4   -1   0   1   2   3   4   5   6   7   8   9   10   11   12   13   14   15   16   17   18   
-0.319857   -0.290051   -0.0892885   0.0102537   0.344665   0.461528   0.576108   0.690796   0.801505   0.914465   1.0221   1.12292   1.22098   1.31757   1.40708   1.48883   1.55606   1.61503   1.67617   1.60909   1.5815   1.54767   1.49624   1.44287   
0.0997532   0.0881901   0.0410437   0.0316295   0.0158543   0.0112591   0.0105919   0.0102381   0.00830507   0.00865435   0.00960686   0.0113317   0.0130735   0.014607   0.0163806   0.0183102   0.0204364   0.0233934   0.0270552   0.0438407   0.0582517   0.0753861   0.0966661   0.120176   
-0.0158758   -0.0215938   -0.0664924   -0.0696119   -0.0716988   -0.0704257   -0.0707213   -0.0711598   -0.0712501   -0.0715345   -0.071352   -0.0705137   -0.0693369   -0.0679008   -0.0656247   -0.062387   -0.0572693   -0.0529038   -0.0509333   -0.0463958   -0.0456706   -0.0477966   -0.0528444   -0.0611138   

560000
-10   -4   -1   0   1   2   3   4   5   6   7   8   9   10   11   12   13   14   15   16   17   18   
-0.296006   0.0104752   0.347569   0.461556   0.576132   0.690811   0.801567   0.914516   1.02211   1.12304   1.22122   1.31784   1.40706   1.48966   1.55693   1.61639   1.67755   1.60923   1.58184   1.549   1.49581   1.44418   
0.11459   0.0314409   0.0126651   0.0112134   0.010556   0.0102167   0.00827526   0.00862876   0.00959343   0.0113099   0.0130407   0.0145747   0.0163718   0.0182452   0.0203732   0.0232862   0.0269273   0.0438252   0.0582123   0.0752126   0.0967434   0.119953   
-0.0126053   -0.0696311   -0.0704659   -0.0704211   -0.0707248   -0.0711579   -0.0712594   -0.0715441   -0.071362   -0.0705371   -0.0693766   -0.0679467   -0.065636   -0.0625047   -0.0573892   -0.0530388   -0.051015   -0.0464144   -0.0456917   -0.0477853   -0.0529003   -0.0610369   

565000
-5   -2   -1   0   1   2   3   4   5   6   7   8   9   10   11   12   13   14   15   16   17   18   
-0.0884587   0.230535   0.346068   0.461583   0.576156   0.690823   0.801624   0.914562   1.02211   1.12317   1.22145   1.31808   1.40733   1.49045   1.55769   1.61766   1.67845   1.60938   1.58212   1.55024   1.49744   1.44543   
0.0405349   0.0189325   0.0149541   0.0111701   0.0105215   0.0101968   0.00824641   0.0086043   0.00958177   0.0112855   0.0130093   0.0145444   0.016342   0.0181832   0.0203162   0.0231862   0.0268439   0.0438088   0.0581818   0.0750524   0.096493   0.119747   
-0.0667451   -0.0713748   -0.071258   -0.0704157   -0.0707276   -0.0711556   -0.0712681   -0.0715531   -0.0713707   -0.0705631   -0.0694148   -0.0679899   -0.0656822   -0.062617   -0.0574953   -0.0531664   -0.0510811   -0.0464329   -0.0457135   -0.0477772   -0.05284   -0.0609673   

570000
-10   -3   -1   0   1   2   3   4   5   6   7   8   9   10   11   12   13   14   15   16   17   18   
-0.342335   0.118886   0.34748   0.461611   0.57618   0.69083   0.801678   0.914602   1.0221   1.1233   1.22168   1.31831   1.40799   1.49119   1.55835   1.61877   1.67891   1.60951   1.58268   1.55141   1.49965   1.44658   
0.11289   0.0240196   0.0125673   0.0111296   0.0104884   0.010177   0.0082185   0.00858088   0.00957164   0.0112626   0.0129791   0.0145161   0.0162838   0.0181236   0.0202659   0.0230967   0.026799   0.0437929   0.0581126   0.0748955   0.0961575   0.119558   
-0.00899607   -0.0708612   -0.0704325   -0.0704094   -0.0707297   -0.071154   -0.0712761   -0.0715613   -0.0713782   -0.0705876   -0.0694516   -0.0680303   -0.0657762   -0.0627248   -0.057589   -0.0532813   -0.0511311   -0.04645   -0.0457302   -0.0477701   -0.0527501   -0.060905   

575000
-5   -4   -2   -1   0   1   2   3   4   5   6   7   8   9   10   11   12   13   14   15   16   17   18   
-0.0950411   0.0111186   0.230742   0.346033   0.461643   0.576202   0.690832   0.801729   0.914637   1.02208   1.12341   1.22189   1.3185   1.40859   1.49191   1.55893   1.61977   1.67931   1.60961   1.58384   1.5525   1.50158   1.44761   
0.0438464   0.0308831   0.0187896   0.0149138   0.0110934   0.0104564   0.0101582   0.00819128   0.00855843   0.00956288   0.0112414   0.01295   0.0144903   0.0162293   0.0180664   0.0202212   0.023017   0.0267591   0.0437796   0.0579765   0.0747532   0.0958649   0.119391   
-0.0642558   -0.0696713   -0.0713155   -0.0712235   -0.0704026   -0.0707313   -0.0711525   -0.0712838   -0.071569   -0.0713846   -0.0706106   -0.0694872   -0.0680674   -0.0658643   -0.0628287   -0.0576723   -0.0533865   -0.0511744   -0.0464667   -0.0457418   -0.0477666   -0.0526754   -0.0608532   

580000
-3   -1   0   1   2   3   4   5   6   7   8   9   10   11   12   13   14   15   16   17   18   
0.117817   0.347389   0.461681   0.576222   0.690832   0.801777   0.914667   1.02205   1.12351   1.22209   1.31867   1.40916   1.49259   1.5594   1.62065   1.67897   1.60971   1.58488   1.5535   1.50334   1.44853   
0.0240828   0.0124507   0.0110633   0.0104254   0.0101408   0.00816481   0.00853694   0.00955553   0.0112214   0.0129219   0.014467   0.0161778   0.0180117   0.0201823   0.0229448   0.0267846   0.0437692   0.0578509   0.0746202   0.0956008   0.119236   
-0.070949   -0.0703873   -0.0703956   -0.0707322   -0.0711506   -0.0712911   -0.071576   -0.07139   -0.0706325   -0.0695216   -0.0681008   -0.0659473   -0.0629277   -0.0577424   -0.0534819   -0.0511903   -0.0464843   -0.0457535   -0.0477644   -0.0526109   -0.0608083   

585000
-8   -6   -3   0   1   3   4   5   6   7   8   9   10   11   12   13   14   15   16   17   18   
-0.253022   -0.187745   0.117878   0.461731   0.576239   0.801823   0.914701   1.02201   1.12361   1.22228   1.31882   1.40969   1.49324   1.55976   1.62143   1.67831   1.60979   1.58584   1.55442   1.50495   1.44928   
0.087661   0.0578983   0.0239736   0.0110416   0.0103958   0.00813905   0.00851556   0.00955005   0.0112027   0.0128949   0.0144462   0.0161288   0.0179588   0.0201502   0.0228808   0.0268389   0.0437591   0.0577373   0.0744985   0.0953548   0.119117   
-0.0241907   -0.0530691   -0.0709333   -0.0703887   -0.0707322   -0.0712981   -0.0715836   -0.071394   -0.0706532   -0.0695548   -0.0681309   -0.0660261   -0.0630234   -0.0577986   -0.0535674   -0.051189   -0.0465005   -0.0457667   -0.047765   -0.0525533   -0.0607777   

590000
-4   -3   -1   0   1   2   3   4   5   6   7   8   9   10   11   12   13   14   15   16   17   18   
0.00896491   0.117947   0.34732   0.461796   0.576252   0.690905   0.801866   0.914802   1.02195   1.12369   1.22246   1.31893   1.4102   1.49387   1.56001   1.62208   1.67695   1.60991   1.58676   1.55523   1.50648   1.44983   
0.0322697   0.0238609   0.0123119   0.0110317   0.0103675   0.0100942   0.00811399   0.00848739   0.00954656   0.0111853   0.0128689   0.0144278   0.016082   0.0179077   0.020125   0.0228251   0.0269548   0.0437427   0.0576296   0.0743943   0.0951268   0.119033   
-0.0693354   -0.070916   -0.0703309   -0.0703826   -0.0707314   -0.0711574   -0.0713048   -0.0716005   -0.0713966   -0.0706728   -0.069587   -0.0681576   -0.0661015   -0.063116   -0.0578402   -0.0536421   -0.0511572   -0.0465159   -0.0457803   -0.0477694   -0.0525015   -0.0607636   

595000
-7   -5   -4   -2   -1   0   1   2   3   4   5   6   7   8   9   10   11   12   13   14   15   16   17   18   
-0.233208   -0.0951164   0.0100948   0.230342   0.347356   0.461843   0.576263   0.69098   0.801906   0.914898   1.02189   1.12376   1.22263   1.31902   1.41068   1.49447   1.56013   1.6226   1.67558   1.61022   1.58761   1.55591   1.50793   1.45007   
0.0691937   0.04345   0.0318218   0.0187854   0.0122273   0.0110195   0.0103401   0.0100641   0.00808958   0.00846007   0.00954434   0.0111693   0.0128447   0.0144118   0.0160371   0.0178588   0.0201069   0.0227792   0.0270718   0.0437097   0.0575269   0.0743076   0.0949099   0.119001   
-0.0422706   -0.0643975   -0.0694145   -0.0713337   -0.070307   -0.0703796   -0.0707301   -0.0711662   -0.0713111   -0.0716166   -0.0713982   -0.070691   -0.0696172   -0.0681808   -0.0661738   -0.0632046   -0.057866   -0.0537043   -0.0511209   -0.0465355   -0.0457939   -0.0477772   -0.0524538   -0.0607728   

600000
-9   -5   -4   -3   -1   0   1   2   3   4   5   6   7   9   10   12   13   14   15   16   17   18   
-0.316833   -0.0950513   0.00853983   0.118098   0.347399   0.461818   0.576273   0.691053   0.801944   0.914988   1.02183   1.12381   1.22279   1.41113   1.49503   1.62299   1.67425   1.61052   1.58838   1.55645   1.50928   1.45002   
0.100597   0.0433126   0.0322346   0.0236313   0.0121486   0.0109758   0.0103137   0.0100351   0.00806583   0.00843359   0.00954106   0.0111556   0.0128214   0.0159939   0.0178122   0.0227424   0.0271853   0.0436761   0.057435   0.0742416   0.0947072   0.119014   
-0.0144007   -0.0644654   -0.0693094   -0.0708775   -0.0702805   -0.0703797   -0.0707283   -0.0711746   -0.0713171   -0.0716319   -0.0714008   -0.0707073   -0.0696462   -0.0662433   -0.0632891   -0.0537539   -0.0510822   -0.0465541   -0.0458083   -0.0477893   -0.0524113   -0.0608032   

605000
-9   -5   -4   0   1   2   3   4   5   6   7   8   9   10   11   13   14   15   16   17   18   
-0.316678   -0.094965   0.00852886   0.461795   0.57628   0.691123   0.801979   0.915073   1.02186   1.12385   1.22294   1.31936   1.41156   1.49555   1.56158   1.67295   1.61079   1.58907   1.55685   1.51056   1.44974   
0.100696   0.0431649   0.0321443   0.0109356   0.0102882   0.0100069   0.00804273   0.00840789   0.00952849   0.0111435   0.0127991   0.0143665   0.0159531   0.0177688   0.0200053   0.0272965   0.0436465   0.0573537   0.0741909   0.0945164   0.119079   
-0.0141389   -0.064541   -0.0693145   -0.0703792   -0.0707259   -0.0711824   -0.0713228   -0.0716465   -0.0714115   -0.0707221   -0.0696743   -0.0682448   -0.0663092   -0.0633678   -0.0580651   -0.0510436   -0.0465726   -0.0458235   -0.0478047   -0.0523728   -0.0608536   

610000
-7   -6   -3   -1   0   1   2   3   4   5   6   7   8   9   10   11   12   13   14   15   16   17   18   
-0.256238   -0.188127   0.120668   0.347506   0.461774   0.576286   0.69119   0.802012   0.915153   1.02187   1.12388   1.22308   1.31975   1.41196   1.496   1.56303   1.62537   1.67172   1.61103   1.58968   1.55707   1.51175   1.44921   
0.0681794   0.0574031   0.0230673   0.0120613   0.0108986   0.0102638   0.00997965   0.0080203   0.00838301   0.00951696   0.0111328   0.0127777   0.0143259   0.0159142   0.0177296   0.0199147   0.0225598   0.0274016   0.0436201   0.0572833   0.0741684   0.0943408   0.119179   
-0.0469542   -0.0534355   -0.0704945   -0.0702421   -0.0703778   -0.0707231   -0.0711899   -0.0713282   -0.0716605   -0.0714214   -0.0707356   -0.0697013   -0.0683017   -0.0663718   -0.0634381   -0.0582576   -0.0539908   -0.0510068   -0.0465907   -0.0458394   -0.0478256   -0.0523396   -0.0609214   

615000
-9   -7   -5   -4   -3   -1   0   1   2   3   4   5   6   7   8   9   10   11   12   13   14   15   16   17   18   
-0.317098   -0.255838   -0.0947278   0.00859036   0.118336   0.346272   0.461752   0.576289   0.691256   0.802043   0.915227   1.02188   1.1239   1.22321   1.3201   1.41233   1.49641   1.56441   1.62731   1.67056   1.61126   1.59021   1.5571   1.51284   1.4503   
0.100659   0.0678661   0.0428442   0.0319224   0.0232858   0.0147377   0.0108641   0.0102404   0.00995318   0.00799854   0.00835896   0.00950641   0.0111234   0.0127572   0.0142871   0.015878   0.0176938   0.0198292   0.0224199   0.0275007   0.0435947   0.0572197   0.0741688   0.0941775   0.118996   
-0.0140284   -0.0475826   -0.0647131   -0.0693331   -0.0708114   -0.0711466   -0.0703756   -0.0707199   -0.071197   -0.0713333   -0.0716737   -0.0714306   -0.0707481   -0.0697273   -0.0683558   -0.0664302   -0.0635022   -0.0584416   -0.0541758   -0.0509713   -0.0466081   -0.0458552   -0.0478505   -0.0523113   -0.0608585   

620000
-10   -1   0   1   2   3   4   5   6   7   8   9   10   11   12   13   14   15   16   17   18   
-0.304755   0.347696   0.461732   0.57629   0.69132   0.802071   0.915297   1.02189   1.12391   1.22334   1.32045   1.41266   1.49676   1.56572   1.62907   1.66936   1.61146   1.59069   1.55699   1.51384   1.45277   
0.112945   0.0120871   0.0108313   0.0102181   0.00992744   0.00797743   0.00833564   0.00949683   0.0111155   0.0127374   0.0142501   0.015845   0.0176613   0.0197483   0.0222913   0.0276029   0.0435709   0.0571633   0.0741973   0.0940315   0.118578   
-0.0141044   -0.0702172   -0.0703729   -0.0707163   -0.0712037   -0.0713381   -0.0716862   -0.071439   -0.0707589   -0.0697527   -0.0684076   -0.0664833   -0.0635598   -0.0586183   -0.054347   -0.0509343   -0.0466249   -0.0458719   -0.0478823   -0.0522884   -0.0606871   

625000
-2   -1   0   1   3   4   5   6   7   8   9   10   11   12   13   14   15   16   17   18   
0.230485   0.347694   0.461712   0.576289   0.802096   0.915362   1.02188   1.12391   1.22346   1.32077   1.41296   1.49706   1.56696   1.6307   1.66821   1.61195   1.5911   1.55776   1.51472   1.4549   
0.0183704   0.0120603   0.0108001   0.0101972   0.00795699   0.00831306   0.00948823   0.0111083   0.0127183   0.0142147   0.0158145   0.0176329   0.0196716   0.0221726   0.0277022   0.0435185   0.0571202   0.0740938   0.0939031   0.118217   
-0.0712089   -0.0702168   -0.0703695   -0.0707122   -0.0713426   -0.0716982   -0.0714468   -0.0707691   -0.0697771   -0.0684573   -0.0665324   -0.0636097   -0.0587877   -0.0545072   -0.0508985   -0.0466459   -0.0458899   -0.0478824   -0.0522712   -0.0605441   

630000
-10   -6   -5   -4   -1   0   1   2   3   4   5   6   7   8   9   10   11   12   13   14   15   16   17   18   
-0.341179   -0.171305   -0.0942697   0.00886796   0.347644   0.461692   0.576285   0.691439   0.802119   0.915423   1.02187   1.12402   1.22357   1.32107   1.41323   1.4973   1.56815   1.63222   1.66715   1.61245   1.59139   1.55955   1.51539   1.45677   
0.113784   0.0548628   0.0423112   0.0315239   0.0120045   0.0107701   0.0101778   0.00987649   0.00793721   0.00829119   0.00948139   0.0110885   0.0127005   0.0141808   0.0157862   0.0176086   0.0195986   0.0220626   0.0277932   0.0434651   0.0570836   0.0738558   0.0938097   0.117913   
-0.00748408   -0.0527664   -0.0650047   -0.0693847   -0.0702186   -0.0703656   -0.0707076   -0.0712177   -0.0713468   -0.0717096   -0.0714532   -0.0707906   -0.0697999   -0.0685048   -0.066578   -0.0636518   -0.0589512   -0.0546588   -0.050866   -0.0466669   -0.0459062   -0.0478526   -0.052265   -0.060424   

635000
-9   -4   -2   -1   0   1   2   3   4   5   6   7   8   9   10   11   12   13   14   15   16   17   18   
-0.318549   0.00899058   0.23316   0.3476   0.461672   0.57628   0.691495   0.802139   0.915479   1.02185   1.12414   1.22368   1.32136   1.41346   1.49747   1.5693   1.63364   1.66618   1.61291   1.59158   1.56114   1.51582   1.45848   
0.100344   0.0313796   0.0148281   0.0119561   0.0107412   0.0101601   0.00985139   0.00791822   0.00827004   0.00947564   0.0110681   0.0126835   0.0141487   0.0157602   0.0175888   0.0195282   0.021959   0.0278767   0.0434154   0.0570623   0.0736372   0.0937495   0.117622   
-0.0141346   -0.0694053   -0.0702368   -0.0702197   -0.070361   -0.0707026   -0.0712247   -0.0713507   -0.0717204   -0.0714588   -0.0708126   -0.0698219   -0.0685499   -0.0666197   -0.0636852   -0.0591105   -0.0548033   -0.0508365   -0.0466872   -0.0459241   -0.0478272   -0.0522704   -0.0603155   

640000
-6   -4   -1   0   1   2   3   4   5   6   7   8   9   10   11   12   13   14   15   16   17   18   
-0.187823   0.00911644   0.34756   0.46165   0.576272   0.69155   0.802156   0.91553   1.02182   1.12425   1.22378   1.32162   1.41367   1.49758   1.57041   1.63496   1.66529   1.61333   1.59244   1.56262   1.51602   1.4601   
0.0564081   0.0312335   0.0119131   0.0107132   0.0101442   0.00982693   0.0079   0.00824962   0.00947098   0.011049   0.0126671   0.0141187   0.0157368   0.0175738   0.0194607   0.0218634   0.0279526   0.043369   0.0569595   0.0734417   0.0937284   0.117351   
-0.0544547   -0.0694253   -0.0702198   -0.070356   -0.0706972   -0.0712313   -0.0713544   -0.0717306   -0.0714637   -0.0708334   -0.0698432   -0.0685921   -0.0666575   -0.0637091   -0.0592655   -0.0549394   -0.0508099   -0.0467071   -0.0459349   -0.0478068   -0.0522874   -0.0602146   

645000
-9   -7   -3   -2   0   1   2   3   4   5   6   7   8   9   10   11   12   13   14   15   16   17   18   
-0.319453   -0.258792   0.118904   0.230713   0.461628   0.576262   0.691603   0.80217   0.915577   1.02178   1.12435   1.22387   1.32187   1.41385   1.49761   1.57148   1.63617   1.6644   1.61373   1.59361   1.56401   1.51603   1.46165   
0.100121   0.0732362   0.0226158   0.0181031   0.0106861   0.0101306   0.00980307   0.00788247   0.00822994   0.00946751   0.0110312   0.0126512   0.0140902   0.015716   0.017564   0.0193957   0.0217757   0.0280298   0.0433275   0.0568219   0.0732581   0.0937429   0.117092   
-0.0142819   -0.035959   -0.0706811   -0.0711124   -0.0703504   -0.0706914   -0.0712376   -0.0713577   -0.0717402   -0.0714676   -0.0708531   -0.0698639   -0.0686324   -0.0666906   -0.0637227   -0.0594161   -0.0550655   -0.050783   -0.0467269   -0.0459433   -0.047789   -0.052316   -0.0601192   

650000
-10   -7   -6   -4   -3   -2   0   1   2   3   4   5   6   7   8   9   10   11   12   13   14   15   16   17   18   
-0.34255   -0.258998   -0.187593   0.00937088   0.119009   0.232942   0.461604   0.576251   0.691655   0.802183   0.915618   1.02173   1.12443   1.22396   1.3221   1.41398   1.49756   1.57252   1.63729   1.66357   1.61408   1.59469   1.56532   1.51583   1.46314   
0.113505   0.0732467   0.0560174   0.0309339   0.0225081   0.0147822   0.0106597   0.0101197   0.00977983   0.00786564   0.00821121   0.00946526   0.0110144   0.0126359   0.0140629   0.0156986   0.0175596   0.0193325   0.0216943   0.0281007   0.0432902   0.0566918   0.0730777   0.0937763   0.116845   
-0.00753016   -0.0358456   -0.0548795   -0.0694621   -0.0706606   -0.0702516   -0.0703443   -0.0706852   -0.0712434   -0.0713609   -0.0717491   -0.0714705   -0.0708718   -0.0698839   -0.0686711   -0.0667184   -0.0637255   -0.0595627   -0.0551843   -0.0507588   -0.0467454   -0.0459517   -0.0477718   -0.05235   -0.0600289   

655000
-6   -5   -4   -2   -1   0   1   2   3   4   5   6   7   8   9   10   11   12   13   14   15   16   17   18   
-0.187461   -0.0931575   0.00950129   0.232751   0.347457   0.461579   0.576265   0.691704   0.802236   0.915654   1.02169   1.12451   1.22405   1.32232   1.41407   1.49829   1.57352   1.63833   1.66276   1.61439   1.59572   1.56658   1.51543   1.46458   
0.0558137   0.04131   0.0307823   0.0147977   0.011803   0.0106343   0.0101069   0.0097573   0.00784358   0.00819331   0.00946335   0.0109988   0.012621   0.0140369   0.0156842   0.0175035   0.0192716   0.0216188   0.0281699   0.0432551   0.0565691   0.0729137   0.0938493   0.116603   
-0.0551031   -0.0655638   -0.0694792   -0.0703181   -0.0702155   -0.0703378   -0.0706822   -0.0712489   -0.0713697   -0.0717574   -0.0714732   -0.0708896   -0.0699033   -0.0687082   -0.0667409   -0.0638298   -0.0597063   -0.0552967   -0.0507352   -0.0467629   -0.0459609   -0.0477585   -0.052397   -0.0599427   

660000
-9   -4   -2   -1   0   1   2   3   4   5   6   7   8   9   10   11   12   13   14   15   16   17   18   
-0.321042   0.00963089   0.232737   0.347425   0.461551   0.57633   0.691749   0.802313   0.915685   1.02172   1.12458   1.22413   1.32252   1.41413   1.49913   1.5745   1.63929   1.66191   1.61468   1.5967   1.56778   1.5165   1.46599   
0.0997262   0.0306296   0.0147989   0.0117699   0.0106097   0.010087   0.0097356   0.0078185   0.00817622   0.00945162   0.0109847   0.0126066   0.0140129   0.0156732   0.0174405   0.019213   0.0215484   0.0282441   0.0432224   0.0564535   0.0727532   0.093687   0.116379   
-0.014603   -0.0694952   -0.0703262   -0.0702125   -0.0703308   -0.0706857   -0.0712538   -0.0713819   -0.0717651   -0.071484   -0.0709059   -0.0699222   -0.0687424   -0.0667577   -0.0639481   -0.0598466   -0.0554021   -0.0507105   -0.0467797   -0.0459708   -0.0477458   -0.0523645   -0.0598607   

665000
-4   -2   0   1   2   3   4   5   6   7   8   9   10   11   12   13   14   15   16   17   18   
0.00976039   0.232722   0.461522   0.576381   0.691792   0.802387   0.915711   1.02175   1.12464   1.22422   1.3227   1.41413   1.49993   1.57543   1.64018   1.6612   1.61514   1.59763   1.56889   1.51886   1.46735   
0.0304778   0.0147997   0.0105859   0.0100592   0.00971463   0.00779403   0.00815993   0.00943952   0.0109722   0.0125925   0.0139902   0.0156657   0.0173806   0.0191566   0.0214832   0.0283052   0.0431734   0.0563401   0.0726058   0.0933303   0.116137   
-0.0695103   -0.0703331   -0.0703234   -0.0706923   -0.0712583   -0.0713936   -0.0717723   -0.0714951   -0.070921   -0.0699405   -0.068775   -0.0667683   -0.0640602   -0.0599813   -0.0555001   -0.0506911   -0.0467994   -0.0459801   -0.047736   -0.0522682   -0.0597777   

670000
-5   -4   -3   -2   -1   0   1   2   3   4   5   6   7   8   9   10   11   12   13   14   15   16   17   18   
-0.0924166   0.00988595   0.118001   0.232707   0.347364   0.461492   0.576424   0.691834   0.802459   0.915733   1.02178   1.12468   1.2243   1.32287   1.4141   1.50068   1.5763   1.64098   1.66045   1.61571   1.59851   1.56996   1.52091   1.4687   
0.0406754   0.0303245   0.023179   0.0148001   0.0117063   0.010563   0.0100289   0.00969422   0.00777013   0.00814442   0.00942803   0.0109607   0.0125789   0.0139688   0.0156611   0.0173235   0.0191036   0.0214238   0.0283695   0.0431123   0.0562358   0.072466   0.0930261   0.115919   
-0.0658994   -0.0695238   -0.0707521   -0.0703389   -0.0702041   -0.0703156   -0.0706996   -0.0712626   -0.0714049   -0.0717788   -0.0715057   -0.070935   -0.0699582   -0.0688058   -0.0667738   -0.0641668   -0.0601089   -0.0555911   -0.0506703   -0.0468204   -0.0459908   -0.047728   -0.0521905   -0.0597009   

675000
-7   -5   -4   -2   -1   0   1   2   3   4   5   6   7   8   9   10   11   12   13   14   15   16   17   18   
-0.259846   -0.09217   0.0100138   0.23269   0.347333   0.46146   0.576467   0.691873   0.802527   0.91575   1.02181   1.12472   1.2244   1.32303   1.41468   1.50139   1.5771   1.6417   1.65967   1.61623   1.59933   1.57098   1.5227   1.46998   
0.0730003   0.0404623   0.0301717   0.0148   0.011675   0.0105411   0.00999976   0.00967436   0.00774681   0.00812966   0.00941735   0.0109505   0.0125622   0.0139487   0.0156106   0.0172691   0.0190554   0.0213702   0.028437   0.043056   0.0561391   0.0723294   0.0927549   0.115704   
-0.0359403   -0.0660067   -0.0695364   -0.0703437   -0.0701988   -0.0703075   -0.0707063   -0.0712665   -0.0714159   -0.0717849   -0.0715157   -0.070948   -0.0699789   -0.0688349   -0.066856   -0.064268   -0.060226   -0.0556732   -0.0506477   -0.0468406   -0.046002   -0.0477205   -0.0521255   -0.0596272   

680000
-8   -5   -2   -1   0   1   2   3   4   5   6   7   8   9   10   11   12   13   14   15   16   17   18   
-0.305553   -0.0919257   0.232671   0.347301   0.461426   0.576509   0.691911   0.802593   0.915793   1.02183   1.12475   1.2246   1.32317   1.41522   1.50207   1.57782   1.64233   1.65894   1.61673   1.60008   1.57195   1.52438   1.4712   
0.0846434   0.0402494   0.0147997   0.0116438   0.01052   0.00997169   0.00965504   0.00772404   0.00811237   0.0094077   0.0109415   0.012536   0.0139301   0.0155628   0.0172169   0.0190104   0.0213225   0.0285014   0.043003   0.0560494   0.072201   0.0925092   0.115502   
-0.0261894   -0.0661114   -0.0703474   -0.0701925   -0.0702995   -0.0707126   -0.0712703   -0.0714264   -0.0717942   -0.071525   -0.0709599   -0.0700107   -0.068862   -0.0669336   -0.0643655   -0.0603345   -0.055747   -0.0506271   -0.0468605   -0.0460136   -0.0477153   -0.0520687   -0.0595588   

685000
-5   -4   -3   -2   -1   0   1   2   3   4   5   6   7   8   9   10   11   12   13   14   15   16   17   18   
-0.0916825   0.0102594   0.117969   0.232652   0.347269   0.461429   0.576549   0.691947   0.802657   0.915864   1.02184   1.12476   1.22479   1.32329   1.41573   1.50272   1.5785   1.64288   1.65818   1.6172   1.60078   1.57285   1.52596   1.47235   
0.0400362   0.0298662   0.0229748   0.0147989   0.0116125   0.0104918   0.00994441   0.0096363   0.00770182   0.00809213   0.00939874   0.0109341   0.012511   0.0139129   0.0155174   0.0171668   0.0189686   0.0212803   0.0285674   0.0429511   0.0559662   0.0720807   0.0922774   0.115311   
-0.0662133   -0.0695574   -0.0707348   -0.0703503   -0.0701855   -0.0702967   -0.0707185   -0.0712737   -0.0714366   -0.0718069   -0.0715337   -0.0709704   -0.070041   -0.0688872   -0.0670074   -0.0644587   -0.0604359   -0.0558127   -0.0506056   -0.0468795   -0.0460253   -0.0477111   -0.052016   -0.0594959   

690000
-2   -1   0   1   2   3   4   5   6   7   8   9   10   11   12   13   14   15   16   17   18   
0.232761   0.347236   0.461458   0.576588   0.691982   0.802717   0.915931   1.02185   1.12477   1.22497   1.3234   1.41621   1.50334   1.57911   1.64335   1.65746   1.61766   1.60142   1.57364   1.52747   1.47337   
0.0147237   0.0115809   0.010459   0.00991798   0.00961815   0.00768017   0.00807256   0.00939048   0.0109279   0.0124873   0.0138972   0.0154739   0.0171183   0.0189298   0.0212435   0.0286305   0.0429025   0.0558906   0.0719778   0.0920515   0.115143   
-0.070301   -0.0701777   -0.0702974   -0.070724   -0.071277   -0.0714463   -0.0718191   -0.071542   -0.0709796   -0.07007   -0.0689104   -0.0670777   -0.0645485   -0.0605293   -0.0558702   -0.0505851   -0.0468991   -0.0460378   -0.0477104   -0.0519663   -0.0594427   

695000
-3   -2   -1   0   1   2   3   4   5   6   7   8   9   10   11   12   13   14   15   16   17   18   
0.118023   0.23261   0.3472   0.461486   0.576626   0.692014   0.802774   0.915994   1.02186   1.12477   1.22513   1.3235   1.41667   1.50394   1.57966   1.64466   1.65685   1.61809   1.60203   1.57434   1.52891   1.47428   
0.0228025   0.0147957   0.011549   0.010427   0.00989229   0.00960003   0.00765906   0.00805366   0.00938292   0.0109223   0.0124645   0.0138833   0.0154326   0.0170715   0.0188944   0.0211526   0.0286836   0.0428544   0.0558189   0.0718883   0.0918412   0.115004   
-0.0707119   -0.0703541   -0.070169   -0.0702976   -0.0707292   -0.0712804   -0.0714557   -0.0718308   -0.0715497   -0.0709884   -0.0700979   -0.0689309   -0.0671445   -0.0646357   -0.0606145   -0.0560092   -0.0505692   -0.0469171   -0.0460504   -0.0477134   -0.0519205   -0.0593992   

700000
-4   -2   -1   0   1   2   3   4   5   6   7   8   9   10   11   12   13   14   15   16   17   18   
0.0106013   0.232707   0.347164   0.461514   0.576662   0.692044   0.80283   0.916052   1.02186   1.12478   1.22529   1.32356   1.4171   1.50452   1.58015   1.64628   1.65616   1.61849   1.60257   1.57491   1.5303   1.47503   
0.029414   0.0147142   0.0115168   0.0103963   0.00986727   0.00958165   0.00763838   0.00803542   0.00937613   0.0109155   0.0124428   0.0138715   0.0153929   0.0170261   0.0188624   0.0210439   0.0287435   0.0428107   0.0557557   0.0718115   0.0916327   0.114877   
-0.0695797   -0.0703063   -0.0701594   -0.0702974   -0.0707339   -0.0712842   -0.0714648   -0.0718418   -0.0715569   -0.0709982   -0.0701247   -0.0689486   -0.0672087   -0.0647201   -0.0606907   -0.0561791   -0.0505499   -0.0469345   -0.0460636   -0.047718   -0.0518762   -0.0593652   

705000
-5   -4   -1   0   1   2   3   4   5   6   7   8   9   10   11   12   13   14   15   16   17   18   
-0.0907463   0.0107088   0.347126   0.461542   0.576698   0.692072   0.802884   0.916105   1.02185   1.12487   1.22544   1.32361   1.41752   1.50508   1.58057   1.64777   1.65546   1.61886   1.60305   1.57538   1.53166   1.47557   
0.0391944   0.0292647   0.011484   0.0103668   0.00984285   0.00956383   0.0076181   0.00801785   0.00937056   0.0108991   0.0124219   0.0138614   0.0153544   0.0169819   0.0188339   0.0209439   0.028804   0.0427711   0.0556988   0.0717548   0.0914324   0.114792   
-0.0665852   -0.0695848   -0.0701491   -0.0702968   -0.0707383   -0.0712878   -0.0714737   -0.0718523   -0.071563   -0.0710161   -0.0701505   -0.0689638   -0.0672708   -0.0648021   -0.0607573   -0.0563374   -0.0505304   -0.0469515   -0.0460767   -0.047727   -0.0518339   -0.059348   

710000
-4   -1   0   1   2   3   4   5   6   7   8   9   10   11   12   13   14   15   16   17   18   
0.0108111   0.347086   0.461569   0.576733   0.692098   0.802936   0.916154   1.02184   1.12496   1.22558   1.32365   1.41792   1.50562   1.58092   1.64916   1.65477   1.6192   1.60346   1.57571   1.53298   1.4759   
0.0291173   0.0114507   0.0103389   0.009819   0.00954661   0.00759823   0.00800094   0.00936568   0.0108836   0.012402   0.013853   0.0153175   0.016939   0.0188092   0.0208506   0.0288645   0.0427355   0.0556522   0.0717167   0.0912354   0.11474   
-0.0695883   -0.070138   -0.0702958   -0.0707424   -0.071291   -0.0714823   -0.0718623   -0.0715686   -0.0710333   -0.0701753   -0.0689765   -0.0673305   -0.0648817   -0.0608137   -0.0564873   -0.050511   -0.0469688   -0.0460903   -0.0477391   -0.0517927   -0.0593446   

715000
-3   -2   -1   0   1   2   3   4   5   6   7   9   10   11   12   13   14   15   16   17   18   
0.118172   0.23252   0.347045   0.461598   0.576767   0.692123   0.802986   0.916198   1.02182   1.12504   1.22572   1.4183   1.50615   1.58119   1.65045   1.65407   1.61952   1.60378   1.57593   1.53427   1.47605   
0.0224296   0.0147836   0.011417   0.0103126   0.00979567   0.00953002   0.00757878   0.00798471   0.00936141   0.0108689   0.0123827   0.0152818   0.0168974   0.0187882   0.0207641   0.0289264   0.0426989   0.0556158   0.0716913   0.0910447   0.114719   
-0.0706543   -0.0703549   -0.070126   -0.0702946   -0.0707463   -0.0712939   -0.0714906   -0.0718717   -0.0715738   -0.0710498   -0.0701993   -0.0673881   -0.0649589   -0.0608594   -0.0566284   -0.0504913   -0.0469843   -0.0461047   -0.0477538   -0.0517535   -0.0593548   

720000
-9   -7   -4   -2   0   1   2   3   4   5   6   7   8   9   11   12   13   15   16   17   18   
-0.319272   -0.261368   0.0110074   0.232998   0.461628   0.5768   0.692146   0.803035   0.916238   1.0218   1.12511   1.22585   1.32404   1.41867   1.58139   1.65166   1.65341   1.60403   1.57603   1.53552   1.47602   
0.10044   0.0720032   0.0288239   0.0133203   0.0102882   0.00977286   0.00951397   0.00755972   0.00796917   0.00935755   0.0108549   0.0123642   0.0138073   0.0152473   0.0187711   0.0206831   0.0289842   0.0555878   0.0716832   0.0908629   0.114744   
-0.0135834   -0.0371608   -0.0695929   -0.0699864   -0.0702932   -0.0707498   -0.0712966   -0.0714987   -0.0718806   -0.0715787   -0.0710657   -0.0702226   -0.0690408   -0.0674439   -0.0608939   -0.0567623   -0.0504734   -0.0461188   -0.0477715   -0.0517166   -0.0593806   

725000
-8   -4   -3   -1   0   1   2   3   4   5   6   7   8   9   10   12   13   14   15   16   17   18   
-0.296498   0.0110997   0.11825   0.346976   0.46166   0.576832   0.692167   0.803081   0.916272   1.02178   1.12517   1.22597   1.32434   1.41903   1.50712   1.65281   1.65277   1.62047   1.6042   1.57601   1.53673   1.47579   
0.0869027   0.0286779   0.022239   0.0113447   0.0102664   0.00975059   0.00949852   0.00754106   0.00795447   0.0093539   0.0108422   0.0123464   0.0137745   0.0152139   0.0168189   0.0206059   0.0290407   0.0425965   0.0555688   0.0716957   0.090681   0.114789   
-0.0216832   -0.0695936   -0.0706215   -0.0701022   -0.0702916   -0.070753   -0.071299   -0.0715066   -0.0718888   -0.0715835   -0.0710805   -0.070245   -0.0690865   -0.0674979   -0.0651046   -0.0568915   -0.0504563   -0.0470199   -0.0461332   -0.047794   -0.0516809   -0.0594178   

730000
-3   -2   -1   0   1   2   3   4   5   6   7   8   9   10   11   12   13   14   15   17   18   
0.118289   0.233163   0.346989   0.461694   0.576862   0.692186   0.803126   0.9163   1.02177   1.12523   1.22609   1.32464   1.41937   1.50755   1.58254   1.65391   1.65211   1.62115   1.60434   1.53791   1.47539   
0.0221434   0.0134808   0.0112987   0.0102475   0.0097289   0.00948361   0.00752279   0.00794068   0.00934941   0.0108303   0.0123294   0.013743   0.0151818   0.0167836   0.0187011   0.0205324   0.0290985   0.0425215   0.0555551   0.0905082   0.114864   
-0.0706043   -0.0699498   -0.0700956   -0.07029   -0.0707559   -0.0713011   -0.0715142   -0.0718963   -0.071589   -0.0710945   -0.0702666   -0.0691304   -0.0675498   -0.0651699   -0.0610685   -0.0570157   -0.0504389   -0.0470406   -0.0461479   -0.0516475   -0.0594678   

735000
-7   -4   -2   -1   0   1   2   3   4   5   6   7   8   9   10   11   12   13   14   15   16   17   18   
-0.261777   0.00912716   0.232494   0.347   0.461733   0.576889   0.692204   0.803169   0.916323   1.02182   1.12528   1.22619   1.32492   1.41968   1.50795   1.58386   1.65494   1.6515   1.62181   1.60561   1.57732   1.53902   1.47479   
0.0715457   0.0306991   0.0146854   0.0112528   0.0102325   0.00970788   0.00946923   0.00750489   0.0079277   0.00933619   0.0108192   0.0123137   0.0137128   0.0151514   0.016751   0.018631   0.0204631   0.0291529   0.0424541   0.0554036   0.0715269   0.0903443   0.114975   
-0.0377984   -0.0693296   -0.0703114   -0.0700881   -0.0702884   -0.0707584   -0.0713031   -0.0715216   -0.0719032   -0.0716013   -0.0711078   -0.0702866   -0.0691725   -0.067599   -0.0652301   -0.0612606   -0.0571348   -0.0504231   -0.0470624   -0.0461536   -0.0477957   -0.0516167   -0.0595319   

740000
-6   -2   -1   0   1   2   3   4   5   6   7   8   9   10   11   12   13   14   15   16   17   18   
-0.184101   0.232965   0.34612   0.461778   0.576914   0.69222   0.803211   0.91634   1.02187   1.12533   1.22629   1.32518   1.41998   1.50831   1.58511   1.65592   1.65092   1.62242   1.60678   1.57896   1.54004   1.4753   
0.0521247   0.0133439   0.0139128   0.0102224   0.00968758   0.00945544   0.00748737   0.00791555   0.0093236   0.0108089   0.0122987   0.013684   0.015123   0.0167203   0.0185646   0.0203977   0.0292042   0.0423883   0.0552647   0.0713055   0.0901941   0.114887   
-0.0590851   -0.0699662   -0.0710309   -0.070287   -0.0707605   -0.0713048   -0.0715288   -0.0719095   -0.0716131   -0.0711205   -0.0703058   -0.0692128   -0.0676449   -0.0652866   -0.0614441   -0.0572483   -0.0504079   -0.0470822   -0.046161   -0.0477691   -0.0515901   -0.0595117   

745000
-9   -3   -2   -1   0   1   2   3   4   5   6   7   8   9   10   11   12   13   14   15   16   17   18   
-0.319899   0.118406   0.232892   0.347022   0.46183   0.576938   0.692234   0.80325   0.916351   1.02192   1.12537   1.22638   1.32543   1.42025   1.50864   1.58631   1.65685   1.6503   1.623   1.60788   1.58046   1.54096   1.47779   
0.100349   0.0218584   0.0133033   0.011163   0.0102188   0.0096678   0.00944219   0.00747023   0.00790425   0.00931162   0.0107993   0.0122845   0.013656   0.015096   0.0166917   0.0185014   0.0203359   0.0292586   0.0423251   0.0551354   0.0711051   0.0900648   0.114472   
-0.0135102   -0.0705516   -0.0699707   -0.0700708   -0.070286   -0.0707623   -0.0713063   -0.0715357   -0.0719151   -0.0716244   -0.0711325   -0.0703243   -0.0692519   -0.0676885   -0.0653392   -0.0616199   -0.0573571   -0.0503919   -0.0471012   -0.0461694   -0.0477477   -0.0515693   -0.059348   

750000
-5   -2   -1   0   1   2   3   4   5   6   7   8   9   10   11   12   13   14   15   16   17   18   
-0.0953117   0.232825   0.347034   0.461893   0.576961   0.692246   0.803288   0.916357   1.02196   1.1254   1.22646   1.32568   1.42051   1.50895   1.58745   1.65773   1.64971   1.62357   1.60892   1.58186   1.54171   1.48007   
0.0421949   0.0132709   0.0111198   0.0102242   0.00964852   0.0094295   0.00745345   0.0078938   0.0093002   0.0107905   0.0122709   0.0136291   0.0150704   0.0166653   0.0184411   0.0202776   0.0293116   0.0422645   0.0550127   0.0709204   0.0899556   0.114094   
-0.0646326   -0.0699741   -0.0700613   -0.0702857   -0.0707639   -0.0713077   -0.0715425   -0.0719201   -0.0716354   -0.0711439   -0.070342   -0.0692895   -0.06773   -0.0653877   -0.0617884   -0.0574607   -0.0503767   -0.0471202   -0.0461785   -0.0477298   -0.0515551   -0.0592013   

755000
-2   -1   0   1   2   3   4   5   6   7   8   9   10   11   12   13   14   15   16   17   18   
0.232764   0.347043   0.461892   0.576982   0.692257   0.803325   0.916357   1.022   1.12543   1.22654   1.32591   1.42075   1.50922   1.58853   1.65855   1.64916   1.62411   1.60991   1.58319   1.54231   1.48216   
0.0132442   0.011081   0.0101965   0.00962977   0.00941751   0.00743704   0.00788429   0.00928932   0.010783   0.0122581   0.0136035   0.0150463   0.0166411   0.0183833   0.0202227   0.0293605   0.0422064   0.0548973   0.0707459   0.08987   0.113745   
-0.0699765   -0.0700536   -0.0702872   -0.0707653   -0.0713088   -0.071549   -0.0719245   -0.0716458   -0.071154   -0.0703588   -0.0693256   -0.067769   -0.0654319   -0.0619489   -0.0575594   -0.0503631   -0.0471389   -0.0461883   -0.0477138   -0.0515482   -0.05907   

760000
-4   -3   -2   -1   0   1   3   4   5   6   7   8   9   10   11   12   13   14   15   16   17   18   
0.00870845   0.118605   0.232706   0.347053   0.461883   0.577002   0.803359   0.916376   1.02204   1.12544   1.22661   1.32612   1.42097   1.50946   1.58954   1.65932   1.64854   1.62462   1.61086   1.58445   1.54278   1.48416   
0.0305279   0.0215623   0.0132212   0.0110443   0.0101668   0.00961155   0.007421   0.00787283   0.00927902   0.0107765   0.0122459   0.0135792   0.0150236   0.0166194   0.0183275   0.0201713   0.0294153   0.0421509   0.0547831   0.0705798   0.0898034   0.113413   
-0.0693326   -0.0705105   -0.0699782   -0.0700456   -0.0702885   -0.0707664   -0.0715553   -0.071931   -0.0716559   -0.0711631   -0.070375   -0.0693597   -0.0678058   -0.0654714   -0.0620971   -0.0576533   -0.0503469   -0.0471571   -0.046197   -0.0476995   -0.0515467   -0.0589461   

765000
-9   -5   -2   -1   0   1   2   3   4   5   6   7   8   9   10   11   12   13   14   15   16   17   18   
-0.320971   -0.095501   0.232652   0.347065   0.461875   0.577021   0.692321   0.803393   0.916422   1.02207   1.12545   1.22668   1.32632   1.42118   1.50966   1.59048   1.66004   1.64795   1.62512   1.61178   1.58568   1.54312   1.4861   
0.10008   0.0420613   0.0132011   0.0110105   0.0101387   0.00959389   0.0093874   0.00740531   0.00785812   0.00926926   0.0107708   0.0122343   0.0135564   0.0150023   0.0166002   0.0182734   0.0201231   0.0294685   0.042098   0.0546761   0.070424   0.0897583   0.11309   
-0.0135986   -0.0646565   -0.0699792   -0.0700376   -0.0702897   -0.0707673   -0.0713168   -0.0715614   -0.0719405   -0.0716656   -0.0711716   -0.0703905   -0.0693919   -0.0678404   -0.065506   -0.0622333   -0.057741   -0.0503316   -0.047175   -0.0462067   -0.0476875   -0.0515516   -0.0588265   

770000
-2   -1   0   1   2   3   4   5   6   7   8   9   10   11   12   13   14   15   16   17   18   
0.232599   0.34708   0.461869   0.577039   0.692384   0.803424   0.916464   1.0221   1.12546   1.22674   1.32651   1.42136   1.50982   1.59135   1.66069   1.64743   1.62557   1.61266   1.58684   1.54331   1.48798   
0.013183   0.0109803   0.010112   0.00957685   0.00936754   0.00738999   0.00784413   0.0092601   0.0107656   0.0122233   0.0135345   0.0149824   0.0165838   0.0182208   0.020079   0.0295146   0.0420489   0.0545726   0.0702646   0.0897364   0.112779   
-0.0699797   -0.0700296   -0.0702906   -0.070768   -0.0713248   -0.0715673   -0.0719495   -0.0716748   -0.0711796   -0.0704053   -0.069423   -0.0678727   -0.0655353   -0.0623589   -0.0578223   -0.0503188   -0.0471919   -0.0462163   -0.0476735   -0.0515631   -0.0587118   

775000
-5   -3   -1   0   1   2   3   4   5   6   7   8   9   10   11   12   13   14   15   16   17   18   
-0.0955257   0.11878   0.3471   0.461863   0.577056   0.692445   0.803454   0.9165   1.02212   1.12546   1.2268   1.32669   1.42153   1.50994   1.59217   1.6613   1.64687   1.626   1.61353   1.58798   1.54334   1.48981   
0.0419118   0.0212756   0.010955   0.0100865   0.00956061   0.00934762   0.00737509   0.00783089   0.00925185   0.0107607   0.0122128   0.0135134   0.014964   0.0165702   0.0181695   0.0200381   0.0295647   0.042003   0.0544726   0.0701148   0.0897373   0.112476   
-0.0647127   -0.0704653   -0.0700219   -0.0702914   -0.0707684   -0.071333   -0.071573   -0.0719579   -0.0716832   -0.0711873   -0.0704194   -0.069453   -0.0679026   -0.0655588   -0.0624751   -0.0578984   -0.0503047   -0.0472083   -0.0462266   -0.047662   -0.0515813   -0.0586007   

780000
-7   -1   0   1   2   3   4   5   6   7   8   9   10   11   12   13   14   15   16   17   18   
-0.262731   0.347126   0.461858   0.577071   0.692504   0.803481   0.916531   1.02214   1.12546   1.22685   1.32686   1.42168   1.51001   1.59296   1.66185   1.64627   1.6264   1.61435   1.5891   1.54323   1.49159   
0.0699234   0.010936   0.010062   0.00954515   0.00932772   0.00736061   0.0078184   0.00924418   0.0107558   0.0122025   0.0134931   0.0149471   0.0165597   0.0181195   0.0200003   0.0296185   0.0419597   0.0543734   0.0699662   0.0897615   0.112178   
-0.0402774   -0.0700148   -0.0702919   -0.0707686   -0.0713413   -0.0715784   -0.0719657   -0.0716912   -0.0711951   -0.0704334   -0.069482   -0.0679298   -0.0655764   -0.0625871   -0.0579691   -0.0502891   -0.0472243   -0.0462353   -0.0476506   -0.0516062   -0.0584925   

785000
-4   -3   -2   -1   0   1   2   3   4   5   6   7   8   9   10   11   12   13   14   15   16   17   18   
0.0120053   0.118883   0.232212   0.34716   0.461853   0.577086   0.692562   0.803507   0.916557   1.02215   1.12549   1.22702   1.32702   1.42182   1.51004   1.59373   1.66236   1.64576   1.62678   1.61516   1.59019   1.54296   1.49334   
0.0287403   0.0210923   0.0141805   0.0109252   0.0100386   0.00953058   0.00930825   0.0073465   0.00780667   0.00923714   0.0107485   0.0121812   0.0134736   0.014932   0.0165527   0.0180709   0.0199651   0.0296636   0.0419195   0.0542787   0.0698228   0.0898099   0.111887   
-0.0694159   -0.0704333   -0.0702458   -0.0700083   -0.0702922   -0.0707686   -0.0713493   -0.0715836   -0.0719729   -0.0716987   -0.0712049   -0.0704591   -0.0695098   -0.0679544   -0.065587   -0.0626965   -0.0580345   -0.0502766   -0.0472404   -0.0462452   -0.0476401   -0.0516381   -0.0583868   

790000
-6   -5   -4   -3   -2   -1   0   1   2   3   4   5   6   7   8   9   11   12   13   14   15   16   17   18   
-0.181839   -0.0954718   0.00897538   0.118931   0.232212   0.347204   0.461848   0.577099   0.692618   0.803531   0.916577   1.02216   1.12557   1.22717   1.32718   1.42193   1.59447   1.66328   1.6453   1.62715   1.61594   1.59125   1.54254   1.49507   
0.0502539   0.0416375   0.0299406   0.0210024   0.0141984   0.0109244   0.010016   0.00951696   0.00928919   0.00733276   0.00779584   0.0092307   0.0107343   0.0121608   0.013455   0.0149185   0.0180232   0.0199063   0.0297046   0.0418796   0.0541868   0.0696848   0.0898781   0.111603   
-0.0608215   -0.0648324   -0.0693952   -0.0704169   -0.0702535   -0.0700031   -0.0702923   -0.0707683   -0.0713571   -0.0715887   -0.0719795   -0.0717058   -0.0712205   -0.0704839   -0.0695366   -0.0679761   -0.0628029   -0.0581442   -0.0502657   -0.0472553   -0.0462548   -0.0476307   -0.0516763   -0.0582838   

795000
-6   -2   -1   0   1   2   3   4   5   6   7   8   9   10   11   12   13   14   15   16   17   18   
-0.189285   0.232212   0.347261   0.461843   0.577112   0.692673   0.803554   0.91659   1.02217   1.12565   1.22732   1.32733   1.42201   1.51069   1.5952   1.66448   1.64479   1.62748   1.61667   1.59229   1.5429   1.49678   
0.0562697   0.0142145   0.0109356   0.00999414   0.00950444   0.00927051   0.00731938   0.0077861   0.00922485   0.0107211   0.012141   0.0134371   0.0149068   0.016498   0.0179768   0.0198311   0.0297499   0.0418423   0.0541027   0.0695445   0.0898356   0.111324   
-0.0538301   -0.0702605   -0.0699994   -0.0702923   -0.0707678   -0.0713646   -0.0715936   -0.0719852   -0.0717124   -0.0712352   -0.0705079   -0.0695622   -0.0679948   -0.0656862   -0.0629066   -0.058286   -0.0502531   -0.0472694   -0.0462658   -0.0476205   -0.0516788   -0.0581829   

800000
-8   -2   -1   0   1   2   3   4   5   6   7   8   9   10   11   12   13   15   16   17   18   
-0.303753   0.23221   0.347332   0.461838   0.577123   0.692727   0.803575   0.916596   1.02217   1.12572   1.22746   1.32746   1.42208   1.51135   1.5959   1.66562   1.64427   1.61736   1.59332   1.54515   1.49844   
0.0851432   0.0146527   0.0109611   0.00997302   0.00949321   0.0092522   0.00730636   0.00777729   0.00921955   0.0107084   0.0121219   0.0134202   0.0148971   0.0164483   0.0179319   0.0197604   0.0297969   0.0540217   0.0694096   0.0894966   0.111054   
-0.0234089   -0.0703268   -0.0699979   -0.070292   -0.070767   -0.0713718   -0.0715983   -0.0719904   -0.0717187   -0.0712494   -0.0705312   -0.0695867   -0.0680102   -0.0657789   -0.0630071   -0.058421   -0.0502397   -0.0462755   -0.0476115   -0.0515916   -0.0580865   

805000
-6   -4   -2   -1   0   1   2   3   4   5   6   7   8   9   10   11   12   13   14   15   16   17   18   
-0.189529   0.00914133   0.232208   0.347394   0.461832   0.577134   0.692779   0.803595   0.916595   1.02217   1.12578   1.2276   1.32759   1.42212   1.51197   1.59656   1.66669   1.64382   1.62853   1.61801   1.59432   1.54729   1.50005   
0.0562395   0.029612   0.0142415   0.0109866   0.0099526   0.00948353   0.00923427   0.00729367   0.00776946   0.00921474   0.0106964   0.0121035   0.0134043   0.0148893   0.0164007   0.0178885   0.0196939   0.0298367   0.0417294   0.053944   0.0692773   0.0891775   0.110786   
-0.0537847   -0.0694248   -0.0702723   -0.0699981   -0.0702915   -0.070766   -0.0713788   -0.0716028   -0.0719948   -0.0717246   -0.0712632   -0.0705539   -0.0696098   -0.0680222   -0.0658674   -0.0631034   -0.0585506   -0.0502293   -0.0473039   -0.0462849   -0.0476028   -0.0515106   -0.0579924   

810000
-10   -2   -1   0   1   2   3   4   5   6   7   8   10   11   12   13   14   15   16   17   18   
-0.346489   0.232204   0.347348   0.461826   0.577144   0.69283   0.803613   0.916588   1.02216   1.12584   1.22773   1.32771   1.51257   1.5972   1.66771   1.64341   1.62926   1.61862   1.5953   1.5493   1.50163   
0.112996   0.0142527   0.010944   0.00993275   0.0094757   0.00921667   0.00728136   0.00776265   0.00921025   0.0106848   0.0120856   0.0133894   0.016355   0.0178473   0.0196308   0.0298734   0.0416535   0.0538714   0.0691491   0.0888769   0.110528   
-0.00706066   -0.0702773   -0.0699964   -0.0702908   -0.0707648   -0.0713856   -0.0716072   -0.0719985   -0.0717302   -0.0712764   -0.0705758   -0.0696316   -0.0659522   -0.063195   -0.0586743   -0.0502198   -0.0473254   -0.0462948   -0.0475948   -0.0514365   -0.0579026   

815000
-6   -4   -3   -2   -1   0   1   2   3   4   5   6   7   8   9   10   11   12   13   14   15   16   17   18   
-0.189679   0.00925295   0.119135   0.232451   0.347307   0.46182   0.577154   0.69288   0.80363   0.916574   1.02216   1.1259   1.22785   1.32781   1.42246   1.51314   1.59779   1.66867   1.64297   1.62995   1.61919   1.59624   1.55117   1.50315   
0.0561447   0.0293866   0.0205747   0.0129695   0.010905   0.00991344   0.00947006   0.00919943   0.00726936   0.00775689   0.00920647   0.0106739   0.0120683   0.0133753   0.0148535   0.016311   0.0178083   0.0195709   0.0299122   0.0415801   0.0538029   0.0690253   0.0885991   0.110285   
-0.0538246   -0.0694431   -0.0703322   -0.0699927   -0.0699947   -0.0702899   -0.0707632   -0.0713923   -0.0716114   -0.0720015   -0.0717353   -0.0712891   -0.0705972   -0.0696522   -0.0680787   -0.0660336   -0.0632813   -0.0587931   -0.05021   -0.0473456   -0.0463048   -0.0475875   -0.0513708   -0.0578185   

820000
-10   -6   -2   -1   0   1   2   3   4   5   6   7   8   9   10   11   12   13   14   15   16   17   18   
-0.34711   -0.189721   0.232442   0.347268   0.461813   0.577155   0.692928   0.803646   0.916551   1.02215   1.12595   1.22798   1.32791   1.42287   1.51369   1.59836   1.6696   1.64254   1.63061   1.61972   1.59712   1.55291   1.5046   
0.112828   0.0560847   0.0129374   0.0108691   0.00989462   0.00945829   0.00918254   0.00725773   0.00775254   0.00920286   0.0106635   0.0120515   0.0133621   0.014816   0.0162685   0.0177707   0.019514   0.0299509   0.0415097   0.0537422   0.068909   0.0883454   0.110044   
-0.00713225   -0.0538655   -0.0699911   -0.069993   -0.0702888   -0.0707635   -0.0713987   -0.0716155   -0.0720036   -0.0717404   -0.0713014   -0.0706181   -0.0696716   -0.0681387   -0.066112   -0.0633643   -0.0589076   -0.0501999   -0.0473652   -0.0463154   -0.0475818   -0.0513136   -0.0577382   

825000
-3   -2   -1   0   1   2   3   4   5   6   7   8   9   10   11   12   13   14   15   16   17   18   
0.118154   0.231023   0.347232   0.461805   0.577152   0.692975   0.803659   0.916552   1.02216   1.126   1.22809   1.328   1.42327   1.51422   1.5989   1.67047   1.64216   1.63123   1.6202   1.59792   1.55457   1.50604   
0.0217362   0.0167273   0.0108358   0.00987627   0.00944394   0.00916601   0.00724655   0.00774528   0.00919724   0.0106535   0.0120355   0.0133499   0.01478   0.0162275   0.0177345   0.0194597   0.0299845   0.0414424   0.053688   0.068805   0.088108   0.109811   
-0.0705117   -0.0708333   -0.0699912   -0.0702876   -0.0707644   -0.0714048   -0.0716194   -0.072008   -0.0717469   -0.0713132   -0.0706379   -0.0696897   -0.0681964   -0.0661877   -0.0634441   -0.0590177   -0.0501919   -0.047384   -0.0463262   -0.0475784   -0.0512614   -0.0576609   

830000
-10   -9   -6   -2   -1   0   1   2   3   4   5   6   7   8   9   10   11   12   13   14   15   16   17   18   
-0.30176   -0.326044   -0.189792   0.232421   0.347199   0.461797   0.577148   0.693021   0.803714   0.916567   1.02221   1.12605   1.2282   1.32808   1.42366   1.51472   1.59942   1.6713   1.64183   1.63184   1.62062   1.59865   1.55617   1.50746   
0.114009   0.0987667   0.0559433   0.0128632   0.0108048   0.00985837   0.00943036   0.00914983   0.00723006   0.00773614   0.00918485   0.0106442   0.0120203   0.0133387   0.0147452   0.0161877   0.0176997   0.0194086   0.0300135   0.0413789   0.0536376   0.0687108   0.0878695   0.109576   
-0.0114629   -0.0145302   -0.053971   -0.0699845   -0.0699894   -0.0702862   -0.0707652   -0.0714108   -0.0716283   -0.072014   -0.0717586   -0.0713246   -0.070657   -0.0697064   -0.0682519   -0.0662609   -0.0635206   -0.0591227   -0.0501853   -0.0474038   -0.0463361   -0.0475768   -0.0512099   -0.0575832   

835000
-6   -2   -1   0   1   2   3   4   5   6   7   8   9   10   11   12   13   14   15   16   17   18   
-0.189812   0.231079   0.347167   0.461788   0.577143   0.693065   0.803769   0.916577   1.02227   1.12609   1.2283   1.32815   1.42403   1.51522   1.59991   1.67209   1.64151   1.63243   1.621   1.59932   1.55773   1.5089   
0.0558647   0.0166187   0.0107757   0.00984089   0.00941742   0.00913403   0.00721353   0.00772783   0.00917296   0.0106358   0.0120055   0.0133284   0.0147116   0.016149   0.0176663   0.0193602   0.0300419   0.0413165   0.0535942   0.0686277   0.0876488   0.109349   
-0.0540356   -0.0708118   -0.0699874   -0.0702847   -0.0707658   -0.0714166   -0.0716373   -0.0720194   -0.0717698   -0.071335   -0.0706756   -0.0697218   -0.0683055   -0.0663319   -0.0635937   -0.059223   -0.050179   -0.0474223   -0.0463469   -0.0475776   -0.0511623   -0.0575077   

840000
-10   -5   -2   -1   0   2   3   4   5   6   7   8   9   10   11   12   13   14   15   16   17   18   
-0.348383   -0.0946953   0.232399   0.347136   0.461779   0.693108   0.803823   0.916582   1.02232   1.12612   1.2284   1.32821   1.42438   1.51569   1.60038   1.67283   1.64115   1.633   1.62133   1.59991   1.55925   1.51033   
0.112474   0.0404152   0.0127693   0.0107482   0.00982383   0.00911862   0.00719733   0.00772033   0.00916154   0.0106283   0.0119913   0.0133193   0.014679   0.0161114   0.0176345   0.0193143   0.0300735   0.0412548   0.0535546   0.0685472   0.0874257   0.109119   
-0.00732826   -0.0654257   -0.0699724   -0.0699854   -0.070283   -0.0714221   -0.0716461   -0.0720243   -0.0717807   -0.0713446   -0.0706936   -0.0697356   -0.0683574   -0.066401   -0.0636634   -0.059319   -0.0501718   -0.0474402   -0.0463571   -0.0475778   -0.051115   -0.0574316   

845000
-10   -2   -1   0   1   2   3   4   5   6   7   8   9   10   11   12   13   14   15   16   17   18   
-0.348705   0.232386   0.347107   0.461769   0.577157   0.693149   0.803875   0.91658   1.02237   1.12614   1.2285   1.32825   1.42473   1.51616   1.60082   1.67353   1.6408   1.63355   1.62161   1.60045   1.56075   1.51176   
0.112387   0.0127123   0.0107222   0.00980718   0.00938842   0.00910354   0.00718144   0.00771387   0.00915057   0.0106213   0.0119775   0.0133112   0.0146474   0.0160747   0.0176041   0.0192709   0.0301041   0.0411969   0.0535235   0.0684787   0.0872122   0.108888   
-0.00738819   -0.0699637   -0.0699831   -0.0702811   -0.0707699   -0.0714274   -0.0716546   -0.0720284   -0.0717912   -0.0713538   -0.0707111   -0.0697479   -0.0684077   -0.0664682   -0.0637294   -0.0594107   -0.0501647   -0.0474591   -0.0463678   -0.0475802   -0.0510702   -0.0573554   

850000
-10   -2   -1   0   1   2   3   4   5   6   7   9   10   11   12   13   14   15   16   17   18   
-0.349041   0.232374   0.347078   0.461757   0.577201   0.693189   0.803926   0.916571   1.02241   1.12616   1.22859   1.42506   1.51661   1.60123   1.67419   1.64051   1.63408   1.62182   1.60092   1.56221   1.5132   
0.112293   0.012647   0.0106974   0.00979106   0.00936773   0.00908874   0.00716584   0.00770848   0.00914003   0.0106149   0.0119641   0.0146167   0.0160389   0.0175754   0.0192301   0.0301296   0.0411391   0.0534995   0.068421   0.0870003   0.108654   
-0.00744983   -0.0699527   -0.0699808   -0.0702791   -0.0707764   -0.0714326   -0.071663   -0.0720319   -0.0718014   -0.0713624   -0.0707281   -0.0684566   -0.0665338   -0.0637919   -0.0594976   -0.0501597   -0.0474765   -0.0463785   -0.047585   -0.0510259   -0.0572781   

855000
-10   -9   -8   -2   -1   0   1   2   3   4   5   6   7   9   10   11   12   13   14   15   16   17   18   
-0.349387   -0.328635   -0.298672   0.23236   0.34705   0.461745   0.577244   0.693228   0.803975   0.916556   1.02246   1.12618   1.22867   1.42538   1.51704   1.60162   1.67481   1.64024   1.6346   1.62196   1.60131   1.56364   1.51465   
0.112196   0.0981434   0.0866192   0.0125721   0.0106736   0.00977533   0.00934758   0.00907421   0.00715054   0.00770402   0.00913002   0.0106091   0.0119512   0.0145867   0.016004   0.0175483   0.0191919   0.0301527   0.0410844   0.0534866   0.068372   0.0867857   0.108421   
-0.0075142   -0.0152055   -0.0213107   -0.0699392   -0.0699782   -0.070277   -0.0707827   -0.0714377   -0.0716711   -0.0720347   -0.0718112   -0.0713705   -0.0707446   -0.0685042   -0.0665976   -0.0638506   -0.05958   -0.050155   -0.0474943   -0.04639   -0.0475904   -0.0509814   -0.0572009   

860000
-10   -3   -2   -1   0   1   2   3   4   5   6   7   8   9   10   11   12   13   14   15   16   17   18   
-0.349748   0.118063   0.232346   0.347022   0.46173   0.577285   0.693266   0.804022   0.916534   1.02249   1.12619   1.22876   1.3286   1.42569   1.51747   1.60198   1.67539   1.64   1.63509   1.62219   1.60162   1.56506   1.51612   
0.112094   0.0213366   0.0124867   0.0106508   0.00975994   0.0093279   0.00905997   0.00713553   0.00770056   0.00912063   0.0106037   0.0119388   0.0132676   0.0145575   0.01597   0.0175228   0.0191563   0.0301743   0.041032   0.0534608   0.0683364   0.0865792   0.108184   
-0.00758097   -0.0704658   -0.0699228   -0.0699756   -0.0702748   -0.0707887   -0.0714426   -0.071679   -0.0720368   -0.0718205   -0.0713781   -0.0707606   -0.0698099   -0.0685506   -0.0666598   -0.0639053   -0.0596573   -0.0501515   -0.0475117   -0.0463997   -0.047599   -0.0509381   -0.0571227   

865000
-3   -2   -1   0   1   2   3   4   5   6   7   8   9   10   11   12   13   14   15   16   17   18   
0.118069   0.23233   0.346995   0.461715   0.577326   0.693303   0.804068   0.916506   1.02253   1.12621   1.22884   1.32886   1.426   1.51788   1.60231   1.6759   1.63977   1.63555   1.62339   1.60184   1.56649   1.51759   
0.0212657   0.0123909   0.0106288   0.00974502   0.00930866   0.00904604   0.00712078   0.00769813   0.00911167   0.0105988   0.0119268   0.0132402   0.0145289   0.0159367   0.0174991   0.0191241   0.0301942   0.0409833   0.0533205   0.0683077   0.086381   0.107945   
-0.0704553   -0.0699034   -0.0699727   -0.0702725   -0.0707945   -0.0714474   -0.0716868   -0.0720383   -0.0718295   -0.0713854   -0.0707761   -0.0698477   -0.0685959   -0.0667206   -0.063956   -0.0597273   -0.0501483   -0.0475286   -0.0464063   -0.0476076   -0.0508978   -0.0570437   

870000
-8   -2   -1   1   2   3   4   5   6   7   8   9   10   11   12   13   14   15   16   17   18   
-0.298963   0.232312   0.346967   0.577366   0.693339   0.804113   0.916468   1.02256   1.12621   1.22891   1.3291   1.4263   1.51829   1.6026   1.67637   1.63954   1.63599   1.62452   1.60197   1.56789   1.51908   
0.0865799   0.012287   0.0106074   0.00928982   0.00903241   0.00710632   0.00769714   0.00910317   0.0105942   0.0119153   0.0132139   0.014501   0.0159041   0.0174773   0.0190945   0.0302135   0.0409371   0.053186   0.0682945   0.0861814   0.10771   
-0.0212634   -0.0698811   -0.0699697   -0.0708001   -0.071452   -0.0716943   -0.072039   -0.0718381   -0.0713925   -0.0707912   -0.0698842   -0.0686402   -0.0667801   -0.0640024   -0.0597924   -0.0501451   -0.047545   -0.0464125   -0.0476197   -0.0508567   -0.0569652   

875000
-8   -2   -1   0   1   2   3   4   5   6   7   8   9   10   11   12   13   14   15   16   17   18   
-0.299138   0.232295   0.34694   0.461683   0.577405   0.693374   0.804156   0.916425   1.02259   1.12622   1.22899   1.32934   1.42659   1.51868   1.60286   1.6768   1.63933   1.63641   1.6256   1.60199   1.56928   1.52055   
0.0865429   0.0121805   0.0105867   0.00971669   0.00927136   0.00901867   0.00709211   0.00769722   0.00909511   0.0105896   0.0119041   0.0131883   0.0144736   0.0158723   0.0174578   0.019067   0.0302311   0.0408925   0.0530599   0.0682963   0.0859822   0.107469   
-0.0212722   -0.069857   -0.0699665   -0.0702674   -0.0708055   -0.0714568   -0.0717017   -0.072039   -0.0718464   -0.0713995   -0.0708058   -0.0699195   -0.0686836   -0.0668381   -0.0640432   -0.0598531   -0.0501426   -0.0475608   -0.0464199   -0.0476339   -0.0508162   -0.056886   

880000
-7   -6   -2   -1   0   1   2   3   4   5   6   7   8   9   10   11   12   13   14   15   16   17   18   
-0.262236   -0.189848   0.232279   0.346912   0.461688   0.577443   0.693407   0.804198   0.916408   1.02261   1.12623   1.22905   1.32957   1.42687   1.51906   1.60308   1.67746   1.63924   1.63681   1.62663   1.60192   1.57064   1.52201   
0.0656091   0.0549661   0.012077   0.0105666   0.00969886   0.00925324   0.00900469   0.00707815   0.00769363   0.00908751   0.0105855   0.0118936   0.0131636   0.0144468   0.0158412   0.0174404   0.0190274   0.0302378   0.0408506   0.0529389   0.0683112   0.0857815   0.107227   
-0.0474396   -0.0548319   -0.0698321   -0.0699631   -0.0702674   -0.0708107   -0.0714618   -0.0717089   -0.0720416   -0.0718543   -0.071406   -0.0708196   -0.0699538   -0.068726   -0.0668946   -0.0640794   -0.0599397   -0.0501437   -0.0475764   -0.0464274   -0.0476503   -0.0507743   -0.0568076   

885000
-4   -3   -2   -1   0   1   2   3   4   5   7   8   9   10   11   12   13   14   15   17   18   
0.00992684   0.118146   0.232163   0.346884   0.461716   0.57748   0.69344   0.804239   0.916403   1.02264   1.22911   1.32979   1.42715   1.51943   1.60327   1.6783   1.63916   1.63719   1.62762   1.57201   1.52346   
0.0277759   0.020961   0.0144237   0.010547   0.00967689   0.00923545   0.00899098   0.00706445   0.00768853   0.00908038   0.0118838   0.0131395   0.0144206   0.0158112   0.017425   0.0189775   0.0302429   0.0408117   0.0528224   0.0855836   0.106991   
-0.069515   -0.0704154   -0.0702987   -0.0699595   -0.07027   -0.0708158   -0.0714667   -0.0717159   -0.0720453   -0.0718619   -0.0708327   -0.0699871   -0.0687676   -0.0669493   -0.0641108   -0.0600494   -0.0501454   -0.0475922   -0.0464351   -0.0507336   -0.0567315   

890000
-2   -1   0   1   2   3   4   5   6   7   8   9   10   11   12   13   14   15   16   17   18   
0.232058   0.346855   0.461743   0.577517   0.693472   0.804278   0.916393   1.02265   1.12629   1.22917   1.33001   1.42742   1.51978   1.60343   1.6791   1.6391   1.63756   1.62857   1.60259   1.57335   1.52486   
0.0142776   0.010528   0.00965533   0.00921798   0.00897756   0.00705099   0.00768418   0.00907372   0.0105707   0.0118743   0.0131161   0.014395   0.0157824   0.0174118   0.0189302   0.0302473   0.0407725   0.0527116   0.0682261   0.0853884   0.106766   
-0.0703011   -0.0699556   -0.0702725   -0.0708206   -0.0714714   -0.0717228   -0.0720485   -0.0718692   -0.0714246   -0.0708454   -0.0700196   -0.0688081   -0.0670016   -0.0641374   -0.0601544   -0.0501474   -0.0476071   -0.0464439   -0.047661   -0.050694   -0.0566592   

895000
-7   -4   -2   -1   0   1   2   3   4   5   6   7   8   9   10   11   12   13   14   15   16   17   18   
-0.261606   0.0099947   0.232045   0.346826   0.46177   0.577552   0.693503   0.804316   0.916376   1.02267   1.12636   1.22922   1.33021   1.42768   1.52011   1.60375   1.67986   1.63903   1.63791   1.6295   1.60416   1.57468   1.52619   
0.0650588   0.0275487   0.0142723   0.0105093   0.0096342   0.00920079   0.00896444   0.00703777   0.0076809   0.00906755   0.0105598   0.0118652   0.0130933   0.0143699   0.0157551   0.0173884   0.0188855   0.0302512   0.0407337   0.0526043   0.0680199   0.0851967   0.106554   
-0.048359   -0.0695175   -0.0703003   -0.0699516   -0.0702747   -0.0708253   -0.0714759   -0.0717295   -0.072051   -0.0718761   -0.0714369   -0.0708576   -0.0700512   -0.0688478   -0.0670512   -0.0641861   -0.060255   -0.0501494   -0.0476202   -0.0464531   -0.047637   -0.0506554   -0.0565925   

900000
-2   0   1   2   3   4   5   6   7   8   9   10   11   12   13   14   15   16   17   18   
0.232031   0.461795   0.577587   0.693533   0.804353   0.916354   1.02268   1.12642   1.22928   1.33041   1.42794   1.52043   1.60456   1.68058   1.63895   1.63823   1.63038   1.60567   1.57599   1.5274   
0.0142666   0.00961348   0.00918388   0.00895156   0.00702479   0.00767837   0.00906184   0.0105491   0.0118565   0.0130711   0.0143455   0.0157288   0.0173364   0.0188432   0.0302561   0.0406985   0.0525003   0.0678196   0.0850077   0.106362   
-0.0702994   -0.0702768   -0.0708299   -0.0714803   -0.071736   -0.072053   -0.0718826   -0.071449   -0.0708694   -0.070082   -0.0688866   -0.0670991   -0.0642994   -0.0603514   -0.0501505   -0.0476337   -0.0464626   -0.0476142   -0.0506176   -0.0565338   

905000
-6   -2   0   1   2   3   4   5   6   7   8   9   10   11   12   13   14   15   16   17   18   
-0.189745   0.232127   0.46182   0.577621   0.693562   0.804389   0.916328   1.02269   1.12648   1.22932   1.33061   1.42818   1.52073   1.60533   1.68126   1.63887   1.63854   1.63125   1.60711   1.57729   1.52853   
0.0543579   0.0143731   0.00959321   0.00916725   0.00893894   0.00701205   0.00767662   0.00905657   0.0105386   0.0118482   0.0130496   0.0143217   0.0157033   0.0172863   0.0188032   0.0302621   0.0406679   0.0524007   0.0676309   0.0848224   0.106183   
-0.0553998   -0.0702864   -0.0702788   -0.0708343   -0.0714845   -0.0717424   -0.0720546   -0.0718888   -0.0714609   -0.0708807   -0.070112   -0.0689243   -0.0671454   -0.0644076   -0.0604435   -0.0501519   -0.0476475   -0.0464728   -0.0475945   -0.0505811   -0.0564808   

910000
-8   -6   -2   -1   0   1   2   3   4   5   6   7   8   9   10   11   12   14   15   16   17   18   
-0.300926   -0.18972   0.23224   0.346768   0.461845   0.577655   0.69359   0.804424   0.916296   1.0227   1.12653   1.22937   1.3308   1.42842   1.52102   1.60607   1.6819   1.63882   1.6321   1.60848   1.57855   1.5296   
0.086118   0.0542289   0.0117203   0.0104487   0.00957337   0.00915087   0.00892656   0.00699954   0.00767569   0.00905188   0.0105284   0.0118402   0.0130287   0.0142987   0.0156787   0.017238   0.0187658   0.0406381   0.0523031   0.0674524   0.0846383   0.106015   
-0.0215103   -0.0555203   -0.0697232   -0.0699422   -0.0702805   -0.0708386   -0.0714886   -0.0717487   -0.0720556   -0.0718946   -0.0714725   -0.0708917   -0.0701411   -0.0689607   -0.0671901   -0.0645111   -0.0605317   -0.0476597   -0.0464831   -0.0475776   -0.0505451   -0.0564315   

915000
-2   -1   0   1   2   3   4   5   6   7   8   9   10   11   12   13   14   15   16   17   18   
0.232253   0.346776   0.461869   0.577688   0.693617   0.804457   0.916259   1.0227   1.12659   1.22941   1.33098   1.42865   1.52131   1.60678   1.68249   1.63878   1.63915   1.63293   1.60979   1.5798   1.53063   
0.0117033   0.0104232   0.00955401   0.00913476   0.00891442   0.00698727   0.00767569   0.00904788   0.0105185   0.0118325   0.0130085   0.0142768   0.0156548   0.0171912   0.0187311   0.0302666   0.0406011   0.0522077   0.0672806   0.0844603   0.105854   
-0.0697109   -0.069942   -0.0702822   -0.0708428   -0.0714926   -0.0717548   -0.0720561   -0.0718999   -0.0714839   -0.0709023   -0.0701692   -0.0689956   -0.0672334   -0.0646107   -0.0606135   -0.050157   -0.047672   -0.0464936   -0.0475624   -0.0505119   -0.0563849   

920000
-5   -2   -1   0   1   2   3   4   5   6   8   9   10   11   12   13   14   15   16   17   18   
-0.0930595   0.231973   0.346784   0.461893   0.577719   0.693644   0.804489   0.916214   1.0227   1.12664   1.33115   1.42886   1.52158   1.60746   1.68302   1.63879   1.63991   1.63375   1.61105   1.58102   1.53161   
0.0380374   0.01424   0.0103979   0.00953514   0.0091189   0.00890252   0.00697522   0.00767698   0.00904419   0.0105087   0.0129892   0.0142554   0.0156318   0.0171459   0.0186994   0.0302632   0.0405215   0.0521132   0.0671159   0.0842887   0.1057   
-0.0664593   -0.0702945   -0.0699414   -0.0702837   -0.0708468   -0.0714965   -0.0717607   -0.0720558   -0.071905   -0.0714952   -0.0701962   -0.0690295   -0.067275   -0.0647065   -0.0606886   -0.0501613   -0.047694   -0.0465039   -0.0475488   -0.0504806   -0.0563411   

925000
-7   -2   -1   0   1   2   3   4   5   6   8   9   10   11   12   13   14   15   16   17   18   
-0.26466   0.232304   0.346791   0.461917   0.577751   0.69367   0.80452   0.916163   1.0227   1.12669   1.33131   1.42908   1.52184   1.60812   1.68351   1.63881   1.64065   1.63456   1.61229   1.5822   1.53253   
0.0703967   0.0117099   0.0103727   0.00951678   0.00910331   0.00889089   0.00696341   0.00767916   0.00904069   0.0104992   0.0129706   0.0142346   0.0156097   0.0171018   0.0186708   0.0302589   0.0404447   0.05202   0.0669558   0.0841196   0.105554   
-0.0384131   -0.0696911   -0.0699407   -0.0702851   -0.0708506   -0.0715003   -0.0717665   -0.0720549   -0.0719099   -0.0715062   -0.0702223   -0.0690625   -0.0673151   -0.064799   -0.0607579   -0.0501659   -0.0477154   -0.0465141   -0.047536   -0.0504509   -0.0563006   

930000
-6   -3   -2   -1   0   1   2   3   5   6   7   8   9   10   11   12   13   14   15   16   17   18   
-0.189557   0.118403   0.232345   0.346797   0.46194   0.577781   0.693695   0.80455   1.0227   1.12674   1.22974   1.33147   1.42928   1.52208   1.60876   1.68394   1.63883   1.64136   1.63536   1.6135   1.58336   1.5334   
0.0536995   0.0202314   0.011736   0.0103478   0.00949898   0.00908798   0.00887948   0.00695189   0.00903722   0.0104904   0.0117883   0.0129526   0.0142143   0.0155885   0.017059   0.0186449   0.0302547   0.0403702   0.0519282   0.0667984   0.0839565   0.105422   
-0.0560264   -0.0703225   -0.0696838   -0.0699397   -0.0702864   -0.0708544   -0.0715039   -0.0717721   -0.0719148   -0.0715165   -0.0709567   -0.0702476   -0.0690947   -0.0673535   -0.0648885   -0.0608207   -0.0501702   -0.0477363   -0.0465244   -0.0475234   -0.0504234   -0.0562639   

935000
-8   -5   -3   -2   0   1   2   3   4   5   6   7   8   9   10   11   12   13   14   15   16   17   18   
-0.302624   -0.0927779   0.118426   0.232395   0.461964   0.57781   0.693719   0.804578   0.916096   1.0227   1.12679   1.22987   1.33162   1.42948   1.52232   1.60937   1.68432   1.63885   1.64205   1.63615   1.61468   1.58451   1.5342   
0.0856904   0.037574   0.0201512   0.0117788   0.0094818   0.00907293   0.00886831   0.00694063   0.0076789   0.0090336   0.0104818   0.0117716   0.0129352   0.0141946   0.0155681   0.0170173   0.0186222   0.0302511   0.0402976   0.0518387   0.0666465   0.0837927   0.105295   
-0.0218272   -0.0666294   -0.0703111   -0.0696781   -0.0702875   -0.0708579   -0.0715075   -0.0717776   -0.0720565   -0.0719199   -0.0715266   -0.0709769   -0.0702721   -0.069126   -0.0673904   -0.0649752   -0.060877   -0.0501746   -0.0477567   -0.0465353   -0.0475119   -0.050396   -0.0562302   

940000
-4   -2   -1   0   1   2   3   4   5   6   7   8   9   10   11   12   14   15   16   17   18   
0.0103105   0.232454   0.346807   0.461987   0.577838   0.693742   0.804605   0.916081   1.02274   1.12683   1.22999   1.33177   1.42967   1.52254   1.60997   1.68463   1.64272   1.63692   1.61584   1.58567   1.53493   
0.0265035   0.0118391   0.0102983   0.00946535   0.00905821   0.00885739   0.00692961   0.00767609   0.00902487   0.0104735   0.0117554   0.0129183   0.0141755   0.0155486   0.0169767   0.0186028   0.040227   0.0517496   0.0664949   0.0836334   0.105181   
-0.0695239   -0.0696741   -0.069937   -0.0702886   -0.0708613   -0.0715109   -0.0717829   -0.0720591   -0.0719286   -0.0715365   -0.0709966   -0.0702959   -0.0691565   -0.0674256   -0.0650596   -0.0609253   -0.0477768   -0.0465453   -0.0474999   -0.0503698   -0.0562004   

945000
-2   -1   0   1   2   3   4   5   6   7   8   9   10   11   13   14   15   16   17   18   
0.232522   0.346811   0.462011   0.577865   0.693764   0.804631   0.916062   1.02279   1.12687   1.23011   1.33191   1.42986   1.52275   1.61055   1.63896   1.64338   1.63767   1.61699   1.58681   1.53559   
0.0119171   0.0102738   0.00944967   0.00904384   0.0088467   0.00691883   0.00767392   0.00901434   0.0104654   0.0117396   0.0129018   0.0141569   0.01553   0.0169371   0.0302356   0.040158   0.0516637   0.0663471   0.0834726   0.105079   
-0.0696717   -0.0699353   -0.0702896   -0.0708646   -0.0715143   -0.0717881   -0.0720612   -0.0719387   -0.0715462   -0.0710158   -0.0703191   -0.0691861   -0.0674591   -0.0651414   -0.0501858   -0.0477964   -0.0465553   -0.047489   -0.0503432   -0.056175   

950000
-7   -2   0   1   2   3   4   5   6   7   8   9   10   11   12   13   14   15   16   17   18   
-0.26523   0.232481   0.462035   0.57789   0.693786   0.804655   0.916041   1.02284   1.12691   1.23023   1.33205   1.43004   1.52295   1.61111   1.68541   1.63913   1.64402   1.63839   1.61811   1.58793   1.53619   
0.0697791   0.0118909   0.00943487   0.00902977   0.00883624   0.0069083   0.00767226   0.0090043   0.0104576   0.0117243   0.0128859   0.0141389   0.0155124   0.0168985   0.018556   0.0302178   0.0400906   0.0515811   0.0661999   0.083316   0.104987   
-0.0392311   -0.0696704   -0.0702905   -0.0708676   -0.0715175   -0.0717931   -0.072063   -0.0719483   -0.0715556   -0.0710345   -0.0703417   -0.0692148   -0.0674908   -0.0652213   -0.0610397   -0.0501953   -0.0478157   -0.0465653   -0.0474779   -0.0503174   -0.0561532   

955000
-7   -3   -2   -1   0   1   2   3   4   5   6   7   8   9   10   11   12   13   14   15   16   17   18   
-0.26534   0.118503   0.232408   0.346817   0.462059   0.577915   0.693807   0.804679   0.916016   1.02288   1.12695   1.23034   1.33218   1.43021   1.52313   1.61166   1.68602   1.63929   1.64465   1.63908   1.61923   1.58904   1.53671   
0.0696445   0.0198337   0.0118318   0.0102252   0.00942106   0.00901594   0.00882602   0.00689801   0.0076711   0.00899466   0.0104501   0.0117095   0.0128704   0.0141214   0.0154961   0.0168607   0.0185217   0.0302002   0.0400248   0.051502   0.0660597   0.0831609   0.104909   
-0.039414   -0.0702641   -0.0696692   -0.0699314   -0.0702913   -0.0708706   -0.0715207   -0.071798   -0.0720645   -0.0719576   -0.0715647   -0.0710526   -0.0703637   -0.0692427   -0.0675201   -0.0652992   -0.0611236   -0.0502041   -0.0478347   -0.046575   -0.0474685   -0.0502922   -0.0561361   

960000
-2   -1   0   1   2   3   4   5   6   7   8   9   10   11   12   13   14   15   16   17   18   
0.232343   0.34682   0.462084   0.57794   0.693827   0.804701   0.915988   1.02293   1.12698   1.23044   1.3323   1.43038   1.52329   1.61219   1.68656   1.63944   1.64526   1.63974   1.62032   1.5901   1.53714   
0.0117817   0.0102011   0.00940839   0.00900237   0.00881613   0.00688797   0.0076705   0.00898539   0.0104428   0.0116951   0.0128554   0.0141046   0.0154809   0.0168238   0.0184903   0.0301832   0.0399609   0.0514264   0.0659144   0.0830084   0.104844   
-0.0696677   -0.0699291   -0.0702921   -0.0708735   -0.0715237   -0.0718027   -0.0720657   -0.0719667   -0.0715737   -0.0710704   -0.070385   -0.0692696   -0.0675475   -0.0653753   -0.0612005   -0.0502127   -0.0478532   -0.0465849   -0.0474572   -0.0502675   -0.056124   

965000
-6   -1   0   1   2   3   4   5   6   7   8   9   10   11   12   13   14   15   16   17   18   
-0.189209   0.346822   0.46211   0.577964   0.693845   0.804721   0.915957   1.02297   1.12701   1.23055   1.33243   1.43054   1.52344   1.61271   1.68704   1.63959   1.64585   1.64037   1.62141   1.59114   1.53749   
0.0527193   0.0101772   0.00939703   0.00898904   0.00880648   0.00687817   0.00767047   0.00897645   0.0104358   0.011681   0.0128409   0.0140883   0.0154668   0.0167878   0.0184622   0.0301669   0.0398995   0.051354   0.0657756   0.0828673   0.104796   
-0.0569544   -0.0699267   -0.0702927   -0.0708762   -0.0715266   -0.0718073   -0.0720665   -0.0719755   -0.0715823   -0.0710877   -0.0704057   -0.0692956   -0.0675727   -0.0654495   -0.06127   -0.050221   -0.0478713   -0.0465948   -0.0474475   -0.0502455   -0.0561172   

970000
-4   -2   -1   0   1   2   3   4   5   6   7   8   9   10   11   12   13   14   15   16   17   18   
0.0104424   0.23224   0.346823   0.462136   0.577987   0.693863   0.804741   0.91592   1.023   1.12704   1.23065   1.33254   1.43069   1.52358   1.61321   1.68745   1.63971   1.64642   1.64099   1.62249   1.59214   1.53774   
0.0258121   0.0116961   0.0101535   0.00938725   0.00897605   0.00879708   0.00686862   0.00767138   0.00896787   0.0104291   0.0116672   0.0128269   0.0140726   0.0154538   0.0167527   0.0184379   0.0301528   0.0398392   0.0512838   0.0656377   0.0827266   0.10476   
-0.0695113   -0.0696659   -0.0699241   -0.0702934   -0.0708788   -0.0715294   -0.0718117   -0.0720668   -0.071984   -0.0715908   -0.0711047   -0.0704258   -0.0693206   -0.0675959   -0.0655217   -0.0613304   -0.0502286   -0.0478891   -0.0466045   -0.0474376   -0.0502234   -0.0561151   

975000
-10   -6   -4   -2   -1   0   1   2   3   4   5   6   7   8   9   10   11   12   13   14   15   16   17   18   
-0.347956   -0.189081   0.0104564   0.231858   0.346823   0.462164   0.578009   0.693881   0.804759   0.915878   1.02304   1.12707   1.23075   1.33266   1.43084   1.5237   1.6137   1.68778   1.63983   1.64698   1.64158   1.62355   1.59314   1.5379   
0.112977   0.0524328   0.0257007   0.0141374   0.01013   0.00937937   0.00896334   0.0087879   0.00685931   0.00767308   0.00895961   0.0104226   0.0116538   0.0128133   0.0140576   0.015442   0.0167188   0.018418   0.0301394   0.0397801   0.0512166   0.0654995   0.0825887   0.104739   
-0.00655968   -0.0572269   -0.0695078   -0.0702822   -0.0699213   -0.0702939   -0.0708814   -0.0715322   -0.0718161   -0.0720666   -0.0719923   -0.071599   -0.0711213   -0.0704453   -0.0693447   -0.0676168   -0.0655913   -0.0613814   -0.050236   -0.0479067   -0.0466144   -0.0474272   -0.050202   -0.0561183   

980000
-10   -2   -1   0   1   2   3   4   5   6   7   8   9   10   11   12   13   14   15   16   17   18   
-0.348145   0.232195   0.346823   0.462193   0.578031   0.693897   0.804776   0.915832   1.02307   1.1271   1.23085   1.33276   1.43097   1.5238   1.61416   1.688   1.63994   1.64753   1.64215   1.6246   1.59411   1.53798   
0.112924   0.0116166   0.0101068   0.00937378   0.00895092   0.00877897   0.00685024   0.00767546   0.00895171   0.0104164   0.0116407   0.0128002   0.0140432   0.0154314   0.0166863   0.0184045   0.0301262   0.0397228   0.0511497   0.0653646   0.0824541   0.104732   
-0.00656977   -0.0696682   -0.0699183   -0.0702945   -0.0708838   -0.0715349   -0.0718202   -0.072066   -0.0720003   -0.0716069   -0.0711376   -0.0704641   -0.0693678   -0.0676355   -0.065658   -0.0614172   -0.0502429   -0.0479239   -0.0466233   -0.0474176   -0.0501813   -0.0561268   

985000
-10   -2   -1   0   1   2   3   4   5   6   7   8   9   10   11   12   13   14   15   16   17   18   
-0.348327   0.232175   0.346822   0.462224   0.578052   0.693913   0.804792   0.915783   1.0231   1.12713   1.23094   1.33287   1.4311   1.52389   1.6146   1.68811   1.6401   1.64806   1.64269   1.62562   1.59505   1.53796   
0.112878   0.0115809   0.010084   0.00937099   0.0089388   0.00877029   0.00684141   0.00767833   0.00894415   0.0104104   0.0116279   0.0127876   0.0140295   0.0154221   0.0166551   0.0183963   0.0301092   0.0396661   0.0510871   0.0652301   0.0823201   0.104747   
-0.00658496   -0.0696691   -0.0699153   -0.070295   -0.0708861   -0.0715375   -0.0718243   -0.0720652   -0.0720081   -0.0716147   -0.0711536   -0.0704823   -0.0693898   -0.0676519   -0.0657221   -0.0614399   -0.0502516   -0.0479404   -0.0466328   -0.0474078   -0.0501607   -0.056142   

990000
-6   -3   -2   -1   0   1   2   3   5   6   7   8   9   10   11   12   13   14   15   16   17   18   
-0.188897   0.118341   0.232157   0.346819   0.462258   0.578072   0.693928   0.804807   1.02313   1.12715   1.23103   1.33297   1.43122   1.52396   1.61503   1.68814   1.6403   1.64858   1.64322   1.62665   1.59597   1.53784   
0.051997   0.0149778   0.0115473   0.0100619   0.00937152   0.008927   0.00876173   0.00683292   0.00893693   0.0104045   0.0116153   0.0127754   0.0140167   0.0154137   0.0166248   0.0183925   0.0300874   0.0396115   0.0510277   0.0650999   0.0821913   0.104765   
-0.0576331   -0.0696253   -0.0696698   -0.0699126   -0.0702955   -0.0708883   -0.0715401   -0.0718281   -0.0720156   -0.0716223   -0.0711692   -0.0704999   -0.0694102   -0.0676659   -0.0657844   -0.0614518   -0.0502619   -0.047957   -0.0466422   -0.0473992   -0.0501411   -0.0561597   

995000
-9   -4   -3   -2   -1   0   1   2   3   4   5   6   7   8   9   11   12   13   14   15   16   17   18   
-0.326162   0.010489   0.118298   0.232141   0.346816   0.462296   0.578092   0.693942   0.80482   0.915722   1.02316   1.12717   1.23112   1.33306   1.43133   1.61544   1.68837   1.64051   1.64909   1.64371   1.62766   1.59687   1.53765   
0.099051   0.0252628   0.0150225   0.0115155   0.0100401   0.00937622   0.00891555   0.00875277   0.00682469   0.00767885   0.00893008   0.0103991   0.0116031   0.0127637   0.0140047   0.0165953   0.0183778   0.0300652   0.0395585   0.0509695   0.0649711   0.0820664   0.104804   
-0.0135201   -0.0694916   -0.0696415   -0.0696704   -0.0699098   -0.0702962   -0.0708905   -0.071543   -0.0718319   -0.0720669   -0.0720228   -0.0716296   -0.0711845   -0.0705168   -0.0694294   -0.0658449   -0.0614889   -0.0502719   -0.0479734   -0.0466508   -0.0473907   -0.0501223   -0.056184   

1000000
-10   -9   -6   -2   -1   0   1   2   3   4   5   6   7   8   9   10   11   12   13   14   15   16   17   18   
-0.348936   -0.326459   -0.188767   0.232125   0.346812   0.462314   0.578112   0.693955   0.804832   0.915713   1.02318   1.12719   1.2312   1.33315   1.43143   1.5244   1.61584   1.68847   1.64072   1.64957   1.64418   1.62866   1.59773   1.53737   
0.112713   0.09897   0.0517046   0.0114851   0.0100186   0.00936745   0.00890446   0.00874404   0.00681668   0.00767603   0.00892358   0.0103942   0.0115912   0.0127526   0.0139935   0.0153753   0.0165666   0.01837   0.0300431   0.0395076   0.0509182   0.06484   0.0819458   0.104857   
-0.00663668   -0.0135581   -0.057903   -0.0696707   -0.0699069   -0.0702977   -0.0708925   -0.0715458   -0.0718355   -0.0720697   -0.0720298   -0.0716363   -0.0711996   -0.0705331   -0.0694474   -0.067734   -0.0659038   -0.0615091   -0.050282   -0.0479893   -0.0466605   -0.0473813   -0.0501044   -0.0562127   

1005000
-4   -2   -1   0   1   2   3   4   5   6   7   8   9   10   11   12   13   14   15   16   17   18   
0.0113778   0.23211   0.346808   0.462315   0.578131   0.693977   0.804843   0.915702   1.02321   1.12721   1.23129   1.33323   1.43152   1.52483   1.61623   1.68843   1.64092   1.65004   1.64461   1.62964   1.59856   1.53703   
0.0234363   0.011456   0.00999738   0.00934861   0.00889377   0.00873405   0.00680888   0.00767356   0.00891747   0.0103894   0.0115795   0.0127419   0.0139831   0.0153419   0.0165387   0.0183697   0.0300214   0.0394577   0.050869   0.0647104   0.08183   0.104919   
-0.0680387   -0.0696709   -0.0699039   -0.0702996   -0.0708944   -0.0715496   -0.071839   -0.0720722   -0.0720365   -0.0716429   -0.0712143   -0.0705487   -0.0694641   -0.067794   -0.0659608   -0.0615111   -0.0502922   -0.0480046   -0.0466696   -0.0473721   -0.0500875   -0.0562456   

1010000
-9   -4   -3   -2   -1   0   1   2   3   4   5   6   7   8   9   10   11   12   13   14   15   16   17   18   
-0.327037   0.0087687   0.118252   0.232096   0.346804   0.462317   0.578149   0.69402   0.804853   0.915688   1.02322   1.12723   1.23137   1.33331   1.4316   1.52523   1.61661   1.68823   1.64112   1.6505   1.64501   1.63063   1.59935   1.53661   
0.0988175   0.0286315   0.0151364   0.011428   0.00997654   0.00933038   0.00888353   0.0087208   0.00680127   0.00767147   0.00891173   0.0103846   0.0115682   0.0127318   0.0139735   0.0153093   0.0165117   0.0183775   0.0299997   0.0394095   0.0508228   0.0645855   0.0817196   0.104994   
-0.0136488   -0.0693773   -0.0696603   -0.0696709   -0.0699008   -0.0703015   -0.0708963   -0.0715558   -0.0718425   -0.0720746   -0.0720429   -0.0716495   -0.0712285   -0.0705635   -0.0694795   -0.0678523   -0.0660162   -0.0614933   -0.050302   -0.0480198   -0.0466783   -0.0473645   -0.0500717   -0.056283   

1015000
-4   -3   -2   -1   0   1   2   3   4   5   6   7   8   9   10   11   12   13   14   15   16   17   18   
0.00876046   0.118237   0.232082   0.3468   0.462319   0.578167   0.694062   0.804871   0.915672   1.02324   1.12725   1.23145   1.33338   1.43168   1.52563   1.61697   1.68786   1.64131   1.65095   1.64537   1.6316   1.60011   1.53611   
0.028575   0.0151663   0.0114009   0.00995613   0.0093127   0.00887379   0.00870777   0.00679276   0.00766974   0.00890638   0.0103798   0.0115573   0.0127224   0.0139648   0.0152775   0.0164854   0.0183944   0.0299798   0.039363   0.050783   0.0644604   0.0816145   0.105076   
-0.0693809   -0.0696644   -0.0696707   -0.0698977   -0.0703032   -0.070898   -0.0715618   -0.0718467   -0.0720767   -0.072049   -0.0716561   -0.0712424   -0.0705773   -0.0694935   -0.0679091   -0.0660699   -0.0614527   -0.0503114   -0.048035   -0.0466874   -0.0473567   -0.0500571   -0.056323   

1020000
-4   -3   -2   -1   0   1   2   3   4   5   6   7   8   9   10   11   12   13   14   15   16   17   18   
0.0087536   0.118568   0.232069   0.346796   0.462321   0.578184   0.694104   0.804909   0.915654   1.02325   1.12727   1.23152   1.33345   1.43174   1.52602   1.61732   1.6875   1.64149   1.65138   1.64568   1.63256   1.60082   1.53556   
0.0285144   0.0154146   0.0113745   0.00993627   0.00929556   0.0088646   0.00869495   0.00678141   0.00766838   0.00890155   0.0103748   0.0115466   0.0127138   0.013957   0.0152465   0.0164601   0.0184108   0.0299601   0.0393166   0.0507472   0.0643376   0.0815152   0.105175   
-0.0693843   -0.0696056   -0.0696704   -0.0698944   -0.0703049   -0.0708996   -0.0715677   -0.0718531   -0.0720786   -0.0720548   -0.0716628   -0.071256   -0.0705902   -0.069506   -0.0679645   -0.066122   -0.0614129   -0.0503207   -0.0480493   -0.0466955   -0.0473494   -0.0500438   -0.0563683   

1025000
-9   -4   -3   -2   -1   0   1   2   3   4   5   7   8   10   11   12   13   14   15   16   17   18   
-0.327951   0.00875328   0.118514   0.232056   0.346792   0.462323   0.578201   0.694145   0.804946   0.915634   1.02326   1.23159   1.33351   1.52639   1.61765   1.68725   1.64167   1.6518   1.64596   1.6335   1.60149   1.53495   
0.0985743   0.0284513   0.0154217   0.0113489   0.009917   0.00927892   0.00885599   0.00868233   0.00677026   0.00766743   0.00889734   0.0115362   0.0127057   0.0152161   0.0164356   0.0184214   0.0299409   0.0392722   0.0507174   0.0642178   0.0814228   0.105285   
-0.0138012   -0.0693882   -0.0696162   -0.0696698   -0.0698912   -0.0703065   -0.0709011   -0.0715734   -0.0718594   -0.0720803   -0.0720601   -0.0712693   -0.0706022   -0.0680187   -0.0661723   -0.0613867   -0.0503299   -0.0480638   -0.0467044   -0.0473433   -0.050032   -0.056417   

1030000
-9   -2   -1   0   1   2   3   4   5   6   7   8   10   11   12   13   14   15   16   17   18   
-0.284891   0.232043   0.346789   0.462325   0.578217   0.694185   0.804982   0.915609   1.02327   1.12731   1.23166   1.33356   1.52676   1.61798   1.68645   1.64185   1.65221   1.64619   1.63443   1.60211   1.53428   
0.0992418   0.0113237   0.00989842   0.00926275   0.00884797   0.00866989   0.00675929   0.00766713   0.00889355   0.010364   0.011526   0.0126983   0.0151864   0.0164118   0.0184605   0.029922   0.0392289   0.0506909   0.0640971   0.081338   0.105412   
-0.0171344   -0.069669   -0.0698878   -0.070308   -0.0709025   -0.071579   -0.0718655   -0.0720815   -0.072065   -0.0716769   -0.0712823   -0.0706134   -0.0680716   -0.0662207   -0.0612905   -0.0503388   -0.0480775   -0.0467122   -0.0473368   -0.0500219   -0.0564703   

1035000
-3   -2   -1   0   1   2   3   4   5   6   7   8   10   11   12   13   14   15   16   17   18   
0.118433   0.232029   0.346786   0.462328   0.578233   0.694224   0.805016   0.915582   1.02327   1.12737   1.23173   1.3336   1.52712   1.61829   1.68565   1.64202   1.6526   1.64638   1.63535   1.60268   1.53382   
0.0154445   0.0112991   0.00988059   0.00924703   0.00884061   0.00865766   0.00674852   0.00766743   0.00889012   0.0103549   0.0115161   0.0126914   0.0151573   0.0163892   0.0185001   0.0299029   0.0391883   0.05067   0.0639816   0.0812595   0.105483   
-0.0696309   -0.069668   -0.0698845   -0.0703094   -0.0709039   -0.0715846   -0.0718715   -0.0720824   -0.0720698   -0.0716873   -0.0712951   -0.0706236   -0.0681234   -0.0662677   -0.0611938   -0.0503478   -0.0480915   -0.0467201   -0.0473324   -0.0500131   -0.0565071   

1040000
-6   -3   -2   -1   0   1   2   3   4   5   6   7   8   9   10   11   12   13   14   15   16   17   18   
-0.188199   0.118159   0.232016   0.346784   0.46233   0.578248   0.694262   0.80505   0.91555   1.02327   1.12742   1.2318   1.33364   1.43222   1.52747   1.61859   1.68483   1.6422   1.65298   1.64653   1.63625   1.60319   1.53629   
0.0505213   0.0152678   0.0112747   0.00986359   0.00923173   0.00883393   0.00864561   0.00673793   0.00766825   0.008887   0.0103458   0.0115065   0.0126852   0.0139062   0.0151288   0.0163672   0.0185404   0.0298837   0.0391488   0.0506542   0.0638702   0.081189   0.105085   
-0.0589546   -0.0696752   -0.0696668   -0.0698812   -0.0703108   -0.0709051   -0.07159   -0.0718774   -0.072083   -0.0720743   -0.0716975   -0.0713076   -0.070633   -0.0695856   -0.0681741   -0.0663127   -0.0610951   -0.0503569   -0.0481047   -0.0467276   -0.0473292   -0.0500063   -0.0563731   

1045000
-3   -2   -1   0   1   2   3   4   5   6   7   8   9   10   11   12   13   14   16   17   18   
0.118142   0.232003   0.346782   0.462332   0.578263   0.6943   0.805083   0.915516   1.02327   1.12747   1.23186   1.33368   1.43249   1.52781   1.61887   1.68402   1.64238   1.65333   1.63712   1.60365   1.53879   
0.0152806   0.0112506   0.00984751   0.00921683   0.00882806   0.00863378   0.00672752   0.00766959   0.00888411   0.0103371   0.011497   0.0126797   0.0138804   0.0151008   0.0163463   0.0185807   0.0298645   0.0391107   0.0637572   0.0811271   0.104691   
-0.0696759   -0.0696655   -0.0698779   -0.0703121   -0.0709062   -0.0715952   -0.0718832   -0.0720833   -0.0720786   -0.0717074   -0.0713198   -0.0706415   -0.0696259   -0.0682238   -0.0663557   -0.0609973   -0.0503659   -0.0481172   -0.047325   -0.0500015   -0.0562386   

1050000
-2   -1   0   1   2   3   4   5   6   7   8   9   10   11   12   13   14   16   17   18   
0.23199   0.346782   0.462334   0.578278   0.694336   0.805115   0.91548   1.02327   1.12752   1.23193   1.33385   1.43277   1.52815   1.61913   1.68323   1.64268   1.65366   1.638   1.60405   1.54127   
0.0112267   0.00983248   0.00920232   0.00882304   0.00862213   0.00671729   0.00767138   0.00888132   0.0103286   0.0114878   0.0126605   0.0138551   0.0150733   0.0163265   0.0186205   0.0298341   0.0390766   0.0636498   0.0810739   0.104287   
-0.0696639   -0.0698747   -0.0703133   -0.0709072   -0.0716004   -0.0718888   -0.0720833   -0.0720829   -0.0717171   -0.0713317   -0.0706677   -0.0696653   -0.0682725   -0.0663962   -0.0609009   -0.0503787   -0.0481296   -0.0473224   -0.0499987   -0.0561025   

1055000
-2   -1   0   1   2   3   4   5   6   7   8   9   10   11   12   13   14   15   16   17   18   
0.231978   0.346783   0.462335   0.57829   0.694372   0.805146   0.915442   1.02327   1.12757   1.23199   1.33405   1.43303   1.52848   1.61938   1.68245   1.64298   1.65397   1.64786   1.63885   1.60438   1.54377   
0.0112029   0.00981863   0.00918816   0.00881687   0.00861068   0.00670724   0.00767346   0.00887852   0.0103204   0.0114789   0.0126394   0.0138304   0.0150463   0.0163077   0.0186594   0.0298025   0.0390438   0.0505028   0.0635386   0.0810298   0.103882   
-0.0696622   -0.0698716   -0.0703145   -0.0709085   -0.0716054   -0.0718944   -0.0720832   -0.0720872   -0.0717266   -0.0713434   -0.0706966   -0.0697038   -0.0683204   -0.0664348   -0.060807   -0.0503919   -0.0481413   -0.0467518   -0.0473181   -0.049998   -0.0559655   

1060000
-2   -1   0   1   2   3   5   6   7   8   9   10   11   12   13   14   15   16   17   18   
0.231965   0.346785   0.462337   0.578299   0.694407   0.805176   1.02327   1.12761   1.23205   1.33424   1.43329   1.5288   1.61962   1.68167   1.64328   1.65427   1.64888   1.6397   1.60465   1.54625   
0.0111792   0.0098061   0.00917434   0.00880593   0.00859942   0.00669737   0.00887594   0.0103124   0.0114702   0.0126187   0.0138062   0.0150198   0.0162898   0.0186987   0.0297715   0.0390143   0.050385   0.0634338   0.0809961   0.103479   
-0.0696603   -0.0698685   -0.0703156   -0.0709108   -0.0716104   -0.0718998   -0.0720913   -0.0717358   -0.0713548   -0.0707247   -0.0697414   -0.0683673   -0.0664715   -0.0607128   -0.050405   -0.0481534   -0.0467614   -0.0473155   -0.0499998   -0.0558292   

1065000
-2   -1   0   1   2   3   4   5   6   7   8   9   10   11   12   13   14   15   16   17   18   
0.231952   0.346789   0.462338   0.578308   0.694441   0.805205   0.915381   1.02329   1.12765   1.2321   1.33442   1.43354   1.52912   1.61984   1.68089   1.64357   1.65454   1.6499   1.64052   1.60484   1.54865   
0.0111557   0.00979509   0.00916085   0.00879526   0.00858834   0.00668767   0.0076754   0.00887074   0.0103047   0.0114616   0.0125986   0.0137825   0.0149937   0.016273   0.0187381   0.0297417   0.038985   0.0502707   0.06333   0.0809728   0.103083   
-0.0696583   -0.0698656   -0.0703166   -0.070913   -0.0716152   -0.0719051   -0.0720844   -0.0720972   -0.0717448   -0.071366   -0.0707522   -0.0697783   -0.0684135   -0.0665061   -0.0606191   -0.0504177   -0.0481634   -0.0467727   -0.0473126   -0.0500039   -0.0556977   

1070000
-3   -2   -1   0   1   2   3   4   5   6   7   8   9   10   11   12   13   14   15   16   17   18   
0.118161   0.231939   0.346794   0.46234   0.578316   0.694475   0.805233   0.915381   1.02333   1.1277   1.23216   1.3346   1.43379   1.52943   1.62004   1.68012   1.64385   1.65479   1.65088   1.64133   1.60497   1.55099   
0.0198442   0.0111321   0.00978578   0.00914767   0.0087848   0.00857739   0.00667814   0.00767185   0.00886208   0.0102972   0.0114533   0.0125789   0.0137592   0.014968   0.0162571   0.0187776   0.0297135   0.0389579   0.0501603   0.0632288   0.0809587   0.102714   
-0.0702368   -0.069656   -0.0698629   -0.0703175   -0.0709152   -0.0716199   -0.0719103   -0.0720878   -0.0721056   -0.0717536   -0.071377   -0.0707791   -0.0698145   -0.068459   -0.0665386   -0.0605259   -0.0504305   -0.0481736   -0.0467844   -0.0473098   -0.0500102   -0.0555745   

1075000
-3   -2   -1   0   1   2   3   4   5   6   7   8   9   10   11   12   13   14   15   16   17   18   
0.118645   0.231925   0.346802   0.462341   0.578323   0.694508   0.80526   0.915379   1.02337   1.12773   1.23221   1.33478   1.43403   1.52974   1.62024   1.67934   1.64412   1.65503   1.65184   1.64212   1.60504   1.55318   
0.0181212   0.0111085   0.00977841   0.00913478   0.00877462   0.00856659   0.0066688   0.00766853   0.00885372   0.01029   0.0114452   0.0125596   0.0137364   0.0149426   0.0162423   0.018817   0.0296851   0.038933   0.0500523   0.0631282   0.0809569   0.102368   
-0.0699812   -0.0696536   -0.0698604   -0.0703184   -0.0709173   -0.0716246   -0.0719154   -0.0720911   -0.0721137   -0.0717621   -0.0713877   -0.0708055   -0.0698499   -0.0685036   -0.066569   -0.0604332   -0.0504425   -0.0481835   -0.0467961   -0.0473069   -0.0500192   -0.0554628   

1080000
-8   -6   -3   -2   -1   0   1   2   3   4   5   6   7   8   9   10   11   12   13   15   16   17   18   
-0.302789   -0.187667   0.118656   0.231912   0.346813   0.462341   0.57833   0.69454   0.805286   0.915376   1.02341   1.12777   1.23227   1.33495   1.43427   1.53004   1.62041   1.67859   1.64439   1.65277   1.6429   1.60504   1.55516   
0.0858455   0.0493786   0.0180598   0.0110849   0.00977324   0.00912219   0.00876472   0.00855592   0.00665967   0.00766545   0.00884563   0.010283   0.0114372   0.0125408   0.013714   0.0149177   0.0162285   0.0188558   0.0296578   0.0499481   0.0630293   0.0809594   0.102052   
-0.0212654   -0.0598848   -0.0699709   -0.069651   -0.0698582   -0.0703193   -0.0709193   -0.0716292   -0.0719203   -0.0720942   -0.0721217   -0.0717705   -0.0713982   -0.0708312   -0.0698848   -0.0685477   -0.0665972   -0.0603434   -0.0504547   -0.0468087   -0.0473041   -0.0500294   -0.0553639   

1085000
-10   -3   -2   -1   0   1   2   3   4   5   6   7   8   9   10   11   12   13   14   15   16   17   18   
-0.353147   0.118261   0.231898   0.346826   0.462342   0.578337   0.694572   0.805311   0.915372   1.02345   1.12781   1.23232   1.33512   1.4345   1.53033   1.62057   1.67783   1.64465   1.65616   1.65368   1.64368   1.60498   1.55709   
0.111517   0.0155603   0.0110611   0.00977058   0.00910994   0.00875508   0.00854541   0.00665073   0.00766259   0.00883783   0.0102762   0.0114295   0.0125223   0.013692   0.0148931   0.0162158   0.0188952   0.0296311   0.0388148   0.0498467   0.0629326   0.0809718   0.101748   
-0.00716627   -0.0696639   -0.0696483   -0.0698563   -0.07032   -0.0709212   -0.0716337   -0.0719252   -0.0720972   -0.0721294   -0.0717786   -0.0714085   -0.0708564   -0.0699189   -0.068591   -0.0666233   -0.0602522   -0.0504667   -0.0482182   -0.0468215   -0.0473017   -0.0500419   -0.05527   

1090000
-10   -7   -5   -3   -2   -1   0   1   2   3   4   5   6   7   8   9   10   11   12   13   14   15   16   17   18   
-0.353407   -0.265999   -0.0902817   0.118065   0.231884   0.346844   0.462342   0.578342   0.694603   0.805335   0.915367   1.02348   1.12784   1.23236   1.33528   1.43472   1.53062   1.62076   1.67705   1.6449   1.65684   1.65457   1.64443   1.60485   1.55899   
0.111445   0.0703052   0.0332237   0.0153182   0.0110372   0.00977082   0.00909794   0.0087457   0.00853505   0.00664196   0.00765997   0.00883031   0.0102697   0.0114222   0.0125043   0.0136704   0.0148689   0.0162009   0.0189354   0.0296042   0.0387443   0.0497473   0.0628326   0.0809914   0.101448   
-0.0072097   -0.0378974   -0.0676968   -0.0696809   -0.0696453   -0.0698547   -0.0703207   -0.0709231   -0.0716382   -0.0719299   -0.0721   -0.072137   -0.0717866   -0.0714182   -0.0708811   -0.0699525   -0.0686338   -0.0666528   -0.0601604   -0.0504778   -0.048239   -0.0468344   -0.0472976   -0.0500558   -0.0551781   

1095000
-4   -3   -2   -1   0   1   2   3   4   5   6   7   8   9   10   11   12   13   14   15   16   17   18   
0.00889871   0.118259   0.23187   0.346865   0.462341   0.578348   0.694634   0.805358   0.91536   1.02352   1.12787   1.23241   1.33544   1.43495   1.53091   1.62126   1.67631   1.64515   1.6575   1.65545   1.64519   1.60468   1.56087   
0.0273938   0.0155821   0.0110133   0.00977445   0.00908619   0.00873659   0.00852485   0.00663338   0.00765759   0.00882305   0.0102634   0.0114152   0.0124865   0.0136491   0.014845   0.0161652   0.0189744   0.029578   0.0386762   0.0496488   0.0627402   0.0810249   0.101157   
-0.0694438   -0.069669   -0.0696422   -0.0698536   -0.0703213   -0.0709249   -0.0716425   -0.0719345   -0.0721027   -0.0721443   -0.0717943   -0.0714277   -0.0709054   -0.0699855   -0.0686759   -0.0667245   -0.060072   -0.0504892   -0.0482597   -0.0468468   -0.0472959   -0.0500733   -0.055088   

1100000
-3   -2   -1   0   1   2   3   4   5   6   7   8   9   10   11   12   13   14   15   16   17   18   
0.118257   0.231855   0.346891   0.462341   0.578352   0.694664   0.80538   0.915351   1.02355   1.1279   1.23245   1.3356   1.43517   1.53119   1.62175   1.67558   1.64541   1.65815   1.65632   1.64593   1.60444   1.56272   
0.0155926   0.0109891   0.00978192   0.00907469   0.00872772   0.0085148   0.00662498   0.00765554   0.00881606   0.0102573   0.0114083   0.0124691   0.0136281   0.0148214   0.0161305   0.0190127   0.0295518   0.0386095   0.049552   0.0626464   0.0810646   0.100862   
-0.0696713   -0.0696389   -0.0698529   -0.0703219   -0.0709266   -0.0716468   -0.071939   -0.0721051   -0.0721514   -0.0718018   -0.0714369   -0.0709292   -0.070018   -0.0687175   -0.0667936   -0.0599859   -0.0505007   -0.0482801   -0.0468593   -0.0472932   -0.0500924   -0.0549983   

1105000
-3   -2   -1   0   1   2   3   4   5   6   7   8   9   10   11   12   13   14   15   16   17   18   
0.118256   0.23184   0.346923   0.46234   0.578357   0.694694   0.805402   0.91534   1.02358   1.12793   1.23249   1.33576   1.43538   1.53147   1.62223   1.67486   1.64566   1.65878   1.65718   1.64666   1.60415   1.56456   
0.0156029   0.0109648   0.00979387   0.00906344   0.0087191   0.00850492   0.00661676   0.00765393   0.00880933   0.0102515   0.0114017   0.0124519   0.0136075   0.0147981   0.016097   0.0190505   0.029526   0.0385436   0.0494565   0.0625532   0.0811124   0.100572   
-0.0696735   -0.0696355   -0.0698529   -0.0703224   -0.0709282   -0.071651   -0.0719434   -0.0721074   -0.0721584   -0.0718091   -0.0714459   -0.0709527   -0.07005   -0.0687585   -0.0668607   -0.0599016   -0.0505119   -0.0482996   -0.0468717   -0.0472903   -0.0501131   -0.0549097   

1110000
-3   -2   -1   0   1   2   3   4   5   6   8   9   10   11   12   13   14   15   16   17   18   
0.118253   0.231825   0.346962   0.462339   0.57836   0.694723   0.805422   0.915326   1.02361   1.12796   1.33591   1.43559   1.53174   1.62268   1.67427   1.6459   1.65941   1.65803   1.64739   1.60381   1.5664   
0.015613   0.0109404   0.00981106   0.00905242   0.00871072   0.0084952   0.00660873   0.00765266   0.00880291   0.0102459   0.0124351   0.0135872   0.0147751   0.0160642   0.0190811   0.0295008   0.0384798   0.049362   0.0624634   0.0811676   0.100284   
-0.0696755   -0.0696318   -0.0698536   -0.0703229   -0.0709297   -0.0716551   -0.0719477   -0.0721094   -0.0721651   -0.0718162   -0.0709758   -0.0700815   -0.0687989   -0.0669257   -0.0598334   -0.0505228   -0.0483196   -0.0468838   -0.047288   -0.0501356   -0.0548214   

1115000
-8   -3   -2   -1   0   2   3   4   5   6   8   9   10   11   12   13   14   15   16   17   18   
-0.303388   0.118251   0.231809   0.347008   0.462337   0.694751   0.805441   0.915311   1.02363   1.12799   1.33606   1.4358   1.53201   1.62313   1.67374   1.64614   1.66002   1.65887   1.6481   1.6034   1.56824   
0.0857611   0.0156228   0.0109159   0.00983445   0.0090416   0.00848562   0.00660089   0.00765173   0.00879675   0.0102404   0.0124185   0.0135672   0.0147524   0.0160324   0.0191085   0.029476   0.0384163   0.0492688   0.0623722   0.0812315   0.0999987   
-0.0212013   -0.0696774   -0.0696281   -0.0698552   -0.0703233   -0.0716591   -0.0719519   -0.0721112   -0.0721716   -0.0718231   -0.0709985   -0.0701126   -0.0688389   -0.0669889   -0.0597721   -0.0505336   -0.0483386   -0.0468957   -0.047285   -0.0501603   -0.0547337   

1120000
-10   -4   -2   -1   0   1   2   3   4   5   6   7   8   9   10   11   12   13   14   15   16   17   18   
-0.355037   0.00897345   0.231793   0.347064   0.462335   0.578383   0.694778   0.805459   0.915293   1.02366   1.12801   1.23278   1.3362   1.43601   1.53228   1.62356   1.67322   1.64637   1.66062   1.65969   1.6488   1.60295   1.57007   
0.110988   0.0269857   0.0108913   0.00986515   0.00903101   0.00869166   0.00847618   0.00659325   0.00765116   0.00879088   0.0102352   0.0113645   0.0124022   0.0135474   0.0147301   0.0160014   0.0191356   0.0294517   0.0383535   0.0491768   0.062283   0.0813023   0.0997101   
-0.00748351   -0.0694601   -0.0696242   -0.0698578   -0.0703236   -0.0709343   -0.0716631   -0.0719559   -0.0721127   -0.0721779   -0.0718299   -0.0714914   -0.0710208   -0.0701432   -0.0688782   -0.0670504   -0.0597119   -0.0505442   -0.0483572   -0.0469074   -0.0472821   -0.0501862   -0.0546454   

1125000
-2   -1   0   1   2   3   4   5   6   7   8   9   10   11   12   13   14   15   16   18   
0.231777   0.347034   0.462333   0.578414   0.694806   0.805476   0.915273   1.02368   1.12803   1.23289   1.33634   1.43621   1.53254   1.62398   1.67269   1.6466   1.66122   1.6605   1.64949   1.57186   
0.0108665   0.00984322   0.00902064   0.00867866   0.00846688   0.0065858   0.00765095   0.00878531   0.0102301   0.0113501   0.0123862   0.0135279   0.014708   0.0159713   0.0191633   0.0294279   0.038292   0.0490846   0.0621957   0.0994256   
-0.0696201   -0.0698562   -0.0703239   -0.0709388   -0.071667   -0.0719599   -0.0721141   -0.072184   -0.0718365   -0.0715086   -0.0710428   -0.0701734   -0.0689171   -0.0671103   -0.0596506   -0.0505546   -0.0483757   -0.0469184   -0.0472797   -0.0545588   

1130000
-7   -2   -1   0   1   2   3   4   5   6   7   8   9   10   11   13   14   15   16   17   18   
-0.266746   0.23176   0.347004   0.46233   0.578445   0.694832   0.805492   0.915251   1.0237   1.12806   1.233   1.33648   1.43641   1.5328   1.62438   1.64682   1.66181   1.66132   1.65016   1.60425   1.57363   
0.0698045   0.0108417   0.00982104   0.00901049   0.00866586   0.00845773   0.00657856   0.00765108   0.00878004   0.0102252   0.011336   0.0123704   0.0135087   0.0146861   0.0159418   0.0294054   0.0382313   0.0489953   0.0621099   0.0811288   0.0991473   
-0.0384603   -0.0696159   -0.0698546   -0.0703242   -0.0709432   -0.0716709   -0.0719637   -0.0721153   -0.0721899   -0.0718429   -0.0715256   -0.0710644   -0.0702032   -0.0689553   -0.0671686   -0.0505646   -0.0483941   -0.0469305   -0.0472774   -0.0501619   -0.0544748   

1135000
-10   -2   -1   0   1   2   3   4   5   7   8   9   10   11   12   13   14   15   16   17   18   
-0.355865   0.231743   0.346974   0.462327   0.578476   0.694858   0.805507   0.915228   1.02372   1.23311   1.33662   1.4366   1.53305   1.62478   1.67177   1.64703   1.66238   1.66212   1.65082   1.60618   1.57536   
0.110759   0.0108167   0.00979989   0.0090005   0.00865325   0.00844872   0.00657151   0.00765151   0.00877509   0.0113222   0.0123549   0.0134897   0.0146648   0.0159131   0.0192113   0.0293835   0.0381718   0.0489058   0.0620269   0.0808474   0.0988743   
-0.00763364   -0.0696116   -0.069853   -0.0703244   -0.0709475   -0.0716746   -0.0719674   -0.0721163   -0.0721955   -0.0715421   -0.0710857   -0.0702327   -0.0689929   -0.0672254   -0.0595445   -0.050574   -0.0484119   -0.0469417   -0.0472754   -0.0501023   -0.0543934   

1140000
-3   -2   -1   0   1   2   3   4   5   7   8   9   10   11   12   13   14   15   16   17   18   
0.118028   0.231726   0.346945   0.462323   0.578506   0.694884   0.80552   0.915202   1.02373   1.23321   1.33676   1.4368   1.5333   1.62516   1.67134   1.6473   1.66294   1.66292   1.65146   1.6081   1.57704   
0.0153003   0.0107917   0.00977969   0.00899068   0.00864082   0.00843942   0.0065647   0.00765246   0.00877064   0.0113088   0.0123398   0.0134709   0.0146439   0.0158851   0.019233   0.029354   0.038113   0.0488179   0.061946   0.0805712   0.0986135   
-0.069683   -0.0696071   -0.0698515   -0.0703246   -0.0709517   -0.0716786   -0.071971   -0.072117   -0.0722008   -0.0715584   -0.0711065   -0.0702618   -0.0690297   -0.0672808   -0.0594966   -0.0505857   -0.0484296   -0.0469533   -0.0472736   -0.0500448   -0.0543168   

1145000
-8   -4   -3   -2   -1   0   1   2   3   4   5   7   8   9   10   11   12   13   14   15   16   17   18   
-0.304583   0.011162   0.118229   0.231709   0.346918   0.462319   0.578535   0.694908   0.805533   0.915174   1.02374   1.23331   1.33689   1.43699   1.53354   1.62554   1.67092   1.64764   1.6635   1.6637   1.65209   1.60998   1.57862   
0.0854795   0.0213014   0.0156764   0.0107666   0.00976036   0.00898108   0.00862857   0.00843013   0.0065581   0.00765366   0.00876665   0.0112957   0.012325   0.0134524   0.0146234   0.0158579   0.0192553   0.0293206   0.0380547   0.0487299   0.061867   0.0803048   0.0983695   
-0.0213523   -0.0681871   -0.0696866   -0.0696025   -0.0698499   -0.0703248   -0.0709558   -0.0716825   -0.0719744   -0.0721175   -0.0722057   -0.0715742   -0.0711269   -0.0702905   -0.0690657   -0.0673346   -0.0594478   -0.0505996   -0.0484467   -0.0469642   -0.047272   -0.0499905   -0.0542467   

1150000
-8   -3   -2   -1   0   1   2   3   4   5   6   7   8   9   10   11   12   13   14   15   16   17   18   
-0.304816   0.118224   0.231691   0.34689   0.462314   0.578564   0.694933   0.805543   0.915147   1.02375   1.12816   1.23341   1.33701   1.43718   1.53377   1.6259   1.67048   1.64796   1.66406   1.66447   1.6527   1.61177   1.58011   
0.0854228   0.0156845   0.0107415   0.00974184   0.00897168   0.00861649   0.00842097   0.00655182   0.00765481   0.00876303   0.0102038   0.0112829   0.0123106   0.0134341   0.0146035   0.0158314   0.0192776   0.0292872   0.0379985   0.0486436   0.0617904   0.08005   0.0981422   
-0.0213859   -0.0696877   -0.0695978   -0.0698485   -0.0703248   -0.0709598   -0.0716864   -0.0719777   -0.0721181   -0.0722103   -0.07187   -0.0715897   -0.0711468   -0.0703189   -0.0691007   -0.0673869   -0.0593988   -0.0506129   -0.0484648   -0.0469753   -0.0472706   -0.0499402   -0.0541834   

1155000
-6   -4   -3   -2   -1   1   2   3   4   5   6   7   8   9   10   11   12   13   14   15   16   17   18   
-0.190754   0.00904309   0.118219   0.231673   0.346864   0.578593   0.694957   0.805553   0.915128   1.02375   1.12821   1.23351   1.33714   1.43736   1.534   1.62624   1.67005   1.64828   1.66459   1.66524   1.65329   1.61346   1.58154   
0.0528695   0.0264173   0.0156924   0.0107164   0.00972408   0.00860457   0.00841196   0.00654577   0.00765472   0.0087598   0.0101955   0.0112704   0.0122966   0.013416   0.0145841   0.0158058   0.0193005   0.0292545   0.0379413   0.0485579   0.0617168   0.0798127   0.0979251   
-0.0562421   -0.0694743   -0.0696888   -0.069593   -0.069847   -0.0709638   -0.0716902   -0.0719809   -0.0721195   -0.0722147   -0.0718793   -0.0716049   -0.0711662   -0.070347   -0.0691348   -0.0674374   -0.0593491   -0.0506262   -0.0484807   -0.0469864   -0.0472695   -0.0498956   -0.0541241   

1160000
-3   -2   -1   0   1   2   3   4   5   6   7   8   9   10   11   12   13   15   16   17   18   
0.11712   0.231655   0.346838   0.462304   0.57862   0.69498   0.805561   0.915137   1.02376   1.12826   1.2336   1.33726   1.43754   1.53422   1.62658   1.66969   1.64859   1.666   1.65386   1.61504   1.58295   
0.0126902   0.0106913   0.00970702   0.00895349   0.00859281   0.00840308   0.00653993   0.00765037   0.00875692   0.0101874   0.0112581   0.0122828   0.0133981   0.014565   0.015781   0.0193189   0.0292222   0.0484729   0.0616449   0.079586   0.0977112   
-0.0693861   -0.0695881   -0.0698455   -0.0703248   -0.0709676   -0.071694   -0.0719839   -0.0721235   -0.0722188   -0.0718884   -0.07162   -0.0711853   -0.0703747   -0.0691684   -0.0674864   -0.0593088   -0.0506394   -0.0469973   -0.0472685   -0.049855   -0.0540658   

1165000
-7   -3   -2   0   1   2   3   4   5   6   7   8   9   10   11   12   13   14   15   16   17   18   
-0.267419   0.117072   0.231637   0.462307   0.578648   0.695003   0.805568   0.915145   1.02376   1.12831   1.23369   1.33738   1.43772   1.53444   1.62691   1.66934   1.64891   1.66564   1.66676   1.6544   1.6166   1.58435   
0.0692442   0.0125368   0.0106663   0.00894284   0.0085812   0.00839433   0.00653433   0.00764617   0.0087544   0.0101795   0.011246   0.0122692   0.0133805   0.0145462   0.0157568   0.019337   0.0291902   0.0378322   0.0483885   0.0615765   0.0793743   0.0974993   
-0.0391425   -0.0693589   -0.0695831   -0.0703257   -0.0709714   -0.0716976   -0.0719868   -0.0721273   -0.0722227   -0.0718974   -0.0716347   -0.0712041   -0.070402   -0.0692013   -0.0675343   -0.0592695   -0.0506525   -0.0485132   -0.047008   -0.0472679   -0.0498186   -0.0540084   

1170000
-7   -6   -3   -2   -1   0   1   2   3   4   5   6   7   8   9   10   11   12   13   14   15   16   17   18   
-0.26751   -0.1908   0.117048   0.231618   0.346788   0.462329   0.578675   0.695025   0.805574   0.915152   1.02376   1.12836   1.23378   1.33749   1.4379   1.53465   1.62723   1.66897   1.64922   1.66614   1.66751   1.65493   1.61811   1.58574   
0.0691584   0.0526123   0.0124496   0.0106413   0.00967473   0.00892886   0.00856974   0.00838571   0.00652893   0.0076421   0.00875217   0.0101717   0.0112342   0.0122559   0.0133631   0.0145278   0.015733   0.0193559   0.0291582   0.03778   0.0483046   0.0615112   0.0791598   0.0972884   
-0.0392508   -0.0564574   -0.069341   -0.069578   -0.0698426   -0.0703284   -0.0709751   -0.0717012   -0.0719896   -0.0721311   -0.0722263   -0.0719063   -0.0716491   -0.0712225   -0.070429   -0.0692338   -0.0675813   -0.0592284   -0.0506656   -0.0485292   -0.0470186   -0.0472676   -0.0497813   -0.0539514   

1175000
-9   -4   -3   -2   -1   0   1   2   3   4   5   6   7   8   9   10   11   12   13   14   15   16   17   18   
-0.326691   0.00906252   0.117036   0.231599   0.346788   0.46235   0.578701   0.695047   0.805579   0.915159   1.02376   1.1284   1.23387   1.33761   1.43808   1.53486   1.62754   1.6686   1.64953   1.66664   1.66825   1.65542   1.61961   1.58711   
0.0991386   0.026096   0.0123858   0.0106164   0.0096544   0.00891506   0.00855841   0.00837722   0.00652374   0.00763815   0.00875018   0.0101641   0.0112226   0.0122428   0.013346   0.0145097   0.0157097   0.0193753   0.0291267   0.0377283   0.0482222   0.0614486   0.0789514   0.0970786   
-0.0130672   -0.0694783   -0.0693258   -0.0695728   -0.0698435   -0.070331   -0.0709787   -0.0717047   -0.0719922   -0.0721348   -0.0722298   -0.071915   -0.0716634   -0.0712407   -0.0704556   -0.0692656   -0.0676273   -0.0591866   -0.0506787   -0.0485445   -0.0470297   -0.0472675   -0.0497456   -0.0538948   

1180000
-3   -2   -1   0   1   2   3   4   5   6   7   8   9   10   11   12   13   14   15   16   17   18   
0.117034   0.23158   0.346789   0.46237   0.578727   0.695068   0.805583   0.915165   1.02375   1.12845   1.23396   1.33772   1.43825   1.53506   1.62785   1.66821   1.64984   1.66712   1.66899   1.65589   1.6211   1.58849   
0.0123411   0.0105917   0.00963461   0.00890141   0.00854722   0.00836883   0.00651872   0.00763434   0.00874834   0.0101567   0.0112111   0.01223   0.0133292   0.0144919   0.0156869   0.0193954   0.0290955   0.0376777   0.0481396   0.0613868   0.0787463   0.0968685   
-0.0693126   -0.0695675   -0.0698444   -0.0703335   -0.0709823   -0.0717082   -0.0719949   -0.0721384   -0.0722332   -0.0719235   -0.0716774   -0.0712586   -0.0704817   -0.0692969   -0.0676723   -0.0591435   -0.0506914   -0.0485598   -0.0470401   -0.0472666   -0.0497106   -0.0538385   

1185000
-3   -2   -1   0   1   2   3   4   5   6   7   8   9   10   11   12   13   14   15   16   17   18   
0.11704   0.23156   0.346789   0.46239   0.578753   0.695089   0.805587   0.91517   1.02375   1.12849   1.23404   1.33783   1.43841   1.53527   1.62815   1.66784   1.65014   1.6676   1.66971   1.65635   1.62256   1.58985   
0.0123129   0.010567   0.00961533   0.00888794   0.00853617   0.00836057   0.00651386   0.00763066   0.00874693   0.0101494   0.0111999   0.0122173   0.0133127   0.0144745   0.0156646   0.0194149   0.0290648   0.0376276   0.0480584   0.0613339   0.0785437   0.0966609   
-0.0693012   -0.0695622   -0.0698452   -0.070336   -0.0709858   -0.0717116   -0.0719974   -0.0721419   -0.0722362   -0.0719319   -0.0716912   -0.0712762   -0.0705072   -0.0693277   -0.0677165   -0.0591019   -0.0507041   -0.0485748   -0.0470509   -0.0472686   -0.049676   -0.0537825   

1190000
-7   -3   -2   -1   0   1   2   3   4   5   6   7   8   9   10   11   12   13   14   15   16   17   18   
-0.267873   0.117955   0.231541   0.34679   0.46241   0.578778   0.69511   0.80559   0.915175   1.02374   1.12853   1.23412   1.33793   1.43858   1.53546   1.62844   1.66757   1.65043   1.66807   1.67043   1.65675   1.62401   1.59122   
0.0687962   0.0152637   0.0105426   0.00959651   0.00887462   0.00852524   0.00835245   0.00650912   0.00762715   0.00874555   0.0101423   0.0111888   0.0122049   0.0132967   0.0144573   0.0156427   0.0194287   0.0290342   0.0375781   0.0479774   0.0612813   0.0783432   0.0964525   
-0.0397041   -0.0696773   -0.0695569   -0.0698461   -0.0703383   -0.0709892   -0.0717149   -0.0719999   -0.0721454   -0.0722392   -0.0719401   -0.0717048   -0.0712936   -0.0705321   -0.0693579   -0.0677597   -0.0590721   -0.0507163   -0.0485898   -0.0470613   -0.0472691   -0.0496418   -0.0537264   

1195000
-3   -2   -1   0   1   2   3   4   5   6   7   8   9   10   11   12   13   14   15   16   17   18   
0.118121   0.231521   0.346791   0.462429   0.578802   0.69513   0.805607   0.915177   1.02374   1.12857   1.23421   1.33804   1.43873   1.53566   1.62872   1.66727   1.65073   1.66853   1.67115   1.65714   1.62544   1.59259   
0.0184727   0.0105183   0.00957815   0.00886145   0.00851446   0.00834444   0.00650227   0.00762392   0.00874396   0.0101353   0.0111779   0.0121927   0.0132811   0.0144405   0.0156213   0.0194441   0.0290045   0.0375283   0.0479003   0.0612342   0.0781455   0.0962463   
-0.0700936   -0.0695515   -0.0698468   -0.0703407   -0.0709925   -0.0717182   -0.0720038   -0.0721486   -0.0722423   -0.0719482   -0.0717182   -0.0713106   -0.0705564   -0.0693875   -0.067802   -0.0590389   -0.0507289   -0.0486037   -0.0470732   -0.0472709   -0.0496082   -0.0536707   

1200000
-8   -5   -3   -2   -1   0   1   2   3   4   5   6   7   8   9   10   11   12   13   14   15   16   17   18   
-0.307451   -0.0955008   0.116534   0.231501   0.346792   0.462448   0.578826   0.695149   0.805632   0.915179   1.02375   1.12861   1.23429   1.33814   1.43889   1.53585   1.629   1.66695   1.65101   1.669   1.67184   1.65748   1.62686   1.59397   
0.0847636   0.0385447   0.0101378   0.0104942   0.00956019   0.00884844   0.0085038   0.00833656   0.00649428   0.00762084   0.00874005   0.0101284   0.0111672   0.0121807   0.0132658   0.014424   0.0156003   0.0194606   0.0289752   0.037481   0.0478218   0.0611934   0.0779481   0.096037   
-0.0218465   -0.0658363   -0.0687123   -0.069546   -0.0698476   -0.0703429   -0.0709958   -0.0717214   -0.0720083   -0.0721518   -0.0722471   -0.0719562   -0.0717315   -0.0713274   -0.0705803   -0.0694166   -0.0678435   -0.0590038   -0.0507412   -0.0486187   -0.0470838   -0.0472733   -0.0495744   -0.0536143   

1205000
-5   -1   0   1   2   3   4   5   6   7   8   9   10   11   12   13   14   15   16   17   18   
-0.095475   0.346794   0.462467   0.57885   0.695168   0.805656   0.91518   1.02379   1.12865   1.23437   1.33824   1.43904   1.53603   1.62928   1.66662   1.6513   1.66945   1.67252   1.6578   1.62827   1.59534   
0.0384614   0.00954262   0.00883557   0.00849329   0.0083288   0.00648647   0.00761796   0.00873293   0.0101217   0.0111567   0.012169   0.0132508   0.0144079   0.0155798   0.0194781   0.0289461   0.0374337   0.0477437   0.0611534   0.0777522   0.095827   
-0.0658698   -0.0698483   -0.0703451   -0.070999   -0.0717246   -0.0720128   -0.0721548   -0.0722541   -0.0719641   -0.0717445   -0.0713438   -0.0706038   -0.069445   -0.067884   -0.0589668   -0.0507533   -0.0486329   -0.047094   -0.0472751   -0.0495408   -0.0535576   

1210000
-8   -6   -4   -3   -1   0   1   2   3   4   5   6   7   8   9   10   11   12   13   14   15   16   17   18   
-0.308048   -0.18404   0.00906282   0.118113   0.346795   0.462485   0.578873   0.695187   0.805679   0.91518   1.02382   1.12869   1.23444   1.33834   1.43919   1.53621   1.62954   1.66627   1.65158   1.66989   1.67321   1.65808   1.62967   1.59672   
0.0846122   0.0490164   0.0255308   0.0182771   0.00952542   0.00882285   0.00848291   0.0083212   0.00647884   0.00761526   0.00872607   0.0101152   0.0111463   0.0121574   0.013236   0.0143922   0.0155598   0.0194966   0.0289177   0.0373872   0.047669   0.0611205   0.0775535   0.0956165   
-0.0219611   -0.0603281   -0.0694791   -0.0700676   -0.069849   -0.0703472   -0.0710022   -0.0717276   -0.0720172   -0.0721577   -0.072261   -0.0719718   -0.0717574   -0.07136   -0.0706269   -0.0694726   -0.0679236   -0.0589279   -0.0507654   -0.048647   -0.0471059   -0.0472785   -0.0495067   -0.0535006   

1215000
-9   -2   -1   0   1   2   3   4   5   6   7   8   9   10   11   12   13   14   15   16   17   18   
-0.327456   0.231442   0.346796   0.462503   0.578896   0.695205   0.805701   0.915178   1.02385   1.12872   1.23452   1.33844   1.43933   1.53638   1.6298   1.66595   1.65185   1.67033   1.67388   1.65833   1.63107   1.59811   
0.098994   0.0104238   0.00950856   0.00881027   0.00847268   0.00831374   0.00647136   0.00761274   0.00871945   0.0101088   0.0111361   0.0121461   0.0132214   0.0143769   0.0155402   0.0195134   0.0288894   0.0373415   0.0475952   0.0610901   0.077359   0.0954047   
-0.0130507   -0.0695296   -0.0698496   -0.0703493   -0.0710052   -0.0717306   -0.0720214   -0.0721605   -0.0722676   -0.0719793   -0.07177   -0.071376   -0.0706496   -0.0694997   -0.0679624   -0.0588927   -0.0507766   -0.048661   -0.0471177   -0.0472819   -0.0494735   -0.0534432   

1220000
-9   -3   -1   0   1   2   3   4   5   6   7   8   9   10   11   12   13   14   15   16   17   18   
-0.32759   0.117657   0.346798   0.462521   0.578917   0.695222   0.805722   0.915176   1.02388   1.12876   1.23459   1.33853   1.43947   1.53655   1.63005   1.66564   1.65211   1.67076   1.67454   1.65855   1.63247   1.59949   
0.0989652   0.0148259   0.009492   0.00879784   0.00846263   0.00830642   0.00646405   0.00761045   0.00871308   0.0101026   0.011126   0.012135   0.0132071   0.0143619   0.015521   0.0195297   0.0288631   0.0372966   0.0475223   0.0610657   0.0771688   0.0951965   
-0.0130646   -0.0696558   -0.0698502   -0.0703513   -0.0710082   -0.0717336   -0.0720256   -0.0721632   -0.0722741   -0.0719867   -0.0717825   -0.0713916   -0.070672   -0.0695262   -0.0680002   -0.0588587   -0.0507881   -0.0486748   -0.0471294   -0.0472858   -0.0494412   -0.0533874   

1225000
-5   -3   -1   0   1   2   3   4   5   6   7   8   9   10   11   12   13   14   15   16   17   18   
-0.0953678   0.118099   0.346799   0.462538   0.578939   0.695239   0.805743   0.915172   1.02391   1.12879   1.23467   1.33863   1.43961   1.53672   1.6303   1.66532   1.65237   1.67118   1.67519   1.65873   1.63386   1.60086   
0.038118   0.0180795   0.00947574   0.00878555   0.00845273   0.00829922   0.00645689   0.00760837   0.00870695   0.0100968   0.0111162   0.0121241   0.013193   0.0143472   0.0155023   0.019546   0.0288371   0.0372527   0.0474517   0.0610447   0.076976   0.0949888   
-0.0660057   -0.0700411   -0.0698507   -0.0703533   -0.0710111   -0.0717365   -0.0720297   -0.0721658   -0.0722804   -0.0719938   -0.0717948   -0.071407   -0.070694   -0.069552   -0.0680372   -0.0588246   -0.0507994   -0.0486884   -0.0471418   -0.0472899   -0.0494081   -0.0533319   

1230000
-10   -5   -3   -1   0   1   2   3   4   5   6   7   8   9   10   11   12   13   14   15   16   17   18   
-0.35082   -0.09534   0.118093   0.3468   0.462555   0.578959   0.695255   0.805762   0.915166   1.02394   1.12882   1.23474   1.33872   1.43975   1.53688   1.63054   1.66501   1.65262   1.67159   1.67583   1.65888   1.63521   1.60221   
0.112482   0.0380298   0.0180133   0.00945973   0.00877339   0.00844298   0.00829214   0.0064499   0.00760651   0.00870107   0.0100911   0.0111065   0.0121134   0.0131792   0.0143329   0.0154841   0.0195625   0.0288115   0.0372095   0.0473818   0.0610285   0.0767877   0.0947845   
-0.00634023   -0.0660401   -0.0700321   -0.0698513   -0.0703552   -0.071014   -0.0717393   -0.0720336   -0.0721682   -0.0722865   -0.0720007   -0.0718069   -0.0714221   -0.0707156   -0.0695773   -0.0680734   -0.0587903   -0.0508105   -0.0487018   -0.0471539   -0.0472946   -0.0493761   -0.0532777   

1235000
-10   -6   -1   0   1   2   3   4   5   6   7   8   9   10   11   12   13   14   15   16   17   18   
-0.350867   -0.19078   0.346802   0.462572   0.57898   0.695271   0.805781   0.91516   1.02396   1.12885   1.23481   1.33881   1.43989   1.53704   1.63077   1.66469   1.65287   1.67201   1.67646   1.65899   1.63655   1.60354   
0.112487   0.0512882   0.00944398   0.00876138   0.00843334   0.00828518   0.00644307   0.00760488   0.00869542   0.0100855   0.0110969   0.0121029   0.0131656   0.014319   0.0154662   0.0195795   0.0287863   0.0371687   0.0473124   0.0610153   0.0766015   0.0945852   
-0.00633878   -0.0575839   -0.0698517   -0.070357   -0.0710168   -0.0717421   -0.0720375   -0.0721704   -0.0722925   -0.0720075   -0.0718189   -0.0714369   -0.0707369   -0.0696019   -0.0681086   -0.0587555   -0.0508214   -0.0487164   -0.0471657   -0.0472991   -0.0493447   -0.0532254   

1240000
-9   -2   -1   0   1   2   3   4   5   6   7   8   9   10   11   12   13   14   15   16   17   18   
-0.328251   0.231724   0.346803   0.462588   0.579   0.695287   0.805799   0.915152   1.02399   1.12888   1.23488   1.33889   1.44002   1.53719   1.631   1.66436   1.65311   1.67239   1.67707   1.65907   1.63786   1.60482   
0.0988005   0.0135346   0.0094285   0.0087495   0.00842381   0.00827834   0.0064364   0.00760347   0.00869005   0.0100801   0.0110875   0.0120926   0.0131523   0.0143054   0.0154488   0.0195969   0.0287616   0.0371255   0.0472443   0.0610076   0.0764186   0.094392   
-0.0131148   -0.0702379   -0.0698522   -0.0703589   -0.0710195   -0.0717448   -0.0720413   -0.0721726   -0.0722982   -0.0720141   -0.0718307   -0.0714515   -0.0707578   -0.0696259   -0.0681432   -0.0587197   -0.0508321   -0.0487277   -0.0471772   -0.0473047   -0.0493141   -0.0531756   

1245000
-3   -2   -1   0   1   2   3   4   5   6   7   8   9   10   11   12   13   14   15   16   17   18   
0.117497   0.231317   0.346805   0.462605   0.579019   0.695302   0.805815   0.915142   1.02401   1.12891   1.23495   1.33898   1.44015   1.53734   1.63122   1.66408   1.65334   1.67277   1.67769   1.65912   1.63915   1.60605   
0.0127505   0.0103007   0.00941325   0.00873777   0.00841437   0.00827162   0.00642991   0.00760237   0.00868492   0.0100748   0.0110782   0.0120827   0.0131393   0.0142922   0.015432   0.0196117   0.0287367   0.0370859   0.0471774   0.0610037   0.07624   0.0942052   
-0.0692475   -0.0695008   -0.0698526   -0.0703606   -0.0710222   -0.0717475   -0.072045   -0.0721745   -0.0723038   -0.0720206   -0.0718423   -0.0714656   -0.0707783   -0.0696493   -0.0681765   -0.0586892   -0.0508421   -0.0487405   -0.0471888   -0.0473102   -0.0492847   -0.0531287   

1250000
-5   -3   -2   -1   0   1   2   3   4   5   6   7   8   9   10   11   12   13   14   15   16   17   18   
-0.0952297   0.117391   0.231308   0.346806   0.462621   0.579039   0.695316   0.805831   0.915131   1.02403   1.12894   1.23502   1.33906   1.44027   1.53748   1.63143   1.66386   1.65358   1.67315   1.67829   1.65912   1.6404   1.60723   
0.0376685   0.0126453   0.0102789   0.00939822   0.00872618   0.00840504   0.008265   0.00642359   0.00760161   0.00868007   0.0100697   0.0110691   0.012073   0.0131265   0.0142794   0.0154157   0.0196227   0.0287127   0.0370479   0.0471109   0.0610051   0.0760673   0.0940295   
-0.0661785   -0.0692485   -0.0694969   -0.069853   -0.0703623   -0.0710248   -0.0717501   -0.0720485   -0.0721763   -0.0723091   -0.072027   -0.0718538   -0.0714793   -0.0707983   -0.069672   -0.0682088   -0.058666   -0.0508525   -0.0487533   -0.0472002   -0.0473164   -0.0492571   -0.0530857   

1255000
-10   -6   -3   -2   -1   0   1   2   3   4   5   6   7   8   9   10   11   12   13   14   15   16   17   18   
-0.351285   -0.190727   0.117311   0.231304   0.346808   0.462636   0.579058   0.69533   0.805846   0.915118   1.02405   1.12896   1.23508   1.33914   1.44039   1.53762   1.63163   1.66362   1.65381   1.6735   1.67889   1.6591   1.64162   1.60837   
0.112385   0.0508449   0.0125687   0.0102564   0.00938343   0.00871473   0.00839582   0.0082585   0.00641744   0.00760105   0.00867549   0.0100647   0.0110602   0.0120636   0.0131141   0.014267   0.0153999   0.0196355   0.0286891   0.0370099   0.0470443   0.0610107   0.0758997   0.0938639   
-0.00633655   -0.0579589   -0.0692487   -0.0694936   -0.0698533   -0.070364   -0.0710274   -0.0717527   -0.072052   -0.0721779   -0.0723143   -0.0720333   -0.071865   -0.0714928   -0.0708178   -0.069694   -0.0682404   -0.0586398   -0.0508627   -0.0487651   -0.0472113   -0.0473234   -0.0492311   -0.0530462   

1260000
-6   -3   -2   -1   0   1   2   3   4   5   6   7   8   9   10   11   12   13   14   15   16   17   18   
-0.190711   0.117243   0.231301   0.346809   0.462652   0.579077   0.695344   0.805859   0.915105   1.02406   1.12899   1.23515   1.33921   1.44051   1.53775   1.63183   1.66335   1.65404   1.67385   1.67949   1.65904   1.64279   1.60948   
0.050733   0.0125058   0.0102343   0.00936884   0.00870346   0.0083867   0.00825211   0.00641149   0.00760058   0.00867119   0.0100598   0.0110514   0.0120544   0.013102   0.0142549   0.0153844   0.0196496   0.0286653   0.0369738   0.046979   0.0610221   0.0757382   0.0936988   
-0.0580532   -0.0692486   -0.0694902   -0.0698536   -0.0703656   -0.07103   -0.0717553   -0.0720554   -0.0721795   -0.0723192   -0.0720394   -0.0718762   -0.0715059   -0.0708369   -0.0697154   -0.0682711   -0.0586109   -0.0508732   -0.0487774   -0.0472228   -0.0473306   -0.049207   -0.0530072   

1265000
-3   -2   -1   0   1   2   3   4   5   6   7   8   9   10   11   12   13   14   15   16   17   18   
0.117183   0.231297   0.34681   0.462667   0.579095   0.695358   0.805872   0.915092   1.02408   1.12901   1.23521   1.33929   1.44063   1.53788   1.63203   1.66306   1.65427   1.67419   1.68009   1.65895   1.64392   1.6106   
0.0124513   0.0102128   0.00935445   0.00869234   0.0083777   0.00824584   0.00640572   0.00760019   0.00866742   0.0100551   0.0110427   0.0120455   0.0130902   0.0142433   0.0153693   0.0196649   0.0286418   0.0369384   0.0469136   0.0610364   0.0755838   0.0935351   
-0.0692483   -0.0694868   -0.0698539   -0.0703672   -0.0710325   -0.0717578   -0.0720586   -0.072181   -0.0723238   -0.0720454   -0.0718872   -0.0715188   -0.0708556   -0.069736   -0.0683011   -0.0585798   -0.0508834   -0.0487891   -0.0472338   -0.047338   -0.0491853   -0.0529686   

1270000
-3   -2   -1   0   1   2   3   4   5   6   7   8   9   10   11   13   14   15   16   17   18   
0.117128   0.231294   0.346812   0.462682   0.579113   0.695371   0.805884   0.915079   1.02409   1.12904   1.23527   1.33936   1.44074   1.538   1.63221   1.6545   1.67452   1.68068   1.65883   1.64501   1.6117   
0.0124029   0.0101919   0.00934027   0.00868141   0.0083688   0.00823967   0.00640015   0.00759973   0.008664   0.0100505   0.0110341   0.0120367   0.0130786   0.0142321   0.0153547   0.028619   0.0369041   0.0468491   0.0610551   0.0754362   0.093372   
-0.0692479   -0.0694835   -0.0698541   -0.0703687   -0.071035   -0.0717603   -0.0720618   -0.0721826   -0.0723281   -0.0720513   -0.071898   -0.0715313   -0.0708739   -0.0697559   -0.0683303   -0.0508939   -0.0488005   -0.047245   -0.0473462   -0.0491657   -0.0529303   

1275000
-6   -3   -2   -1   0   1   2   3   4   5   6   7   8   9   10   11   12   13   14   15   16   17   18   
-0.19066   0.117078   0.231291   0.346813   0.462696   0.579131   0.695384   0.805894   0.915067   1.02409   1.12906   1.23533   1.33943   1.44085   1.53812   1.6324   1.66247   1.65472   1.67484   1.68126   1.65868   1.64609   1.61279   
0.0503956   0.012359   0.0101716   0.00932626   0.00867066   0.00836   0.0082336   0.0063948   0.00759914   0.00866093   0.010046   0.0110257   0.0120283   0.0130673   0.0142213   0.0153404   0.0196967   0.0285958   0.0368714   0.0467851   0.061079   0.0752919   0.0932105   
-0.0583361   -0.0692473   -0.0694802   -0.0698543   -0.0703702   -0.0710374   -0.0717627   -0.0720648   -0.0721843   -0.0723322   -0.0720571   -0.0719087   -0.0715435   -0.0708917   -0.0697749   -0.0683587   -0.0585165   -0.0509034   -0.0488119   -0.0472561   -0.047355   -0.0491471   -0.0528924   

1280000
-9   -3   -2   -1   0   1   2   3   5   6   7   8   9   10   11   12   13   14   15   16   17   18   
-0.286764   0.11703   0.231289   0.346813   0.46271   0.579148   0.695396   0.805903   1.0241   1.12908   1.23539   1.3395   1.44096   1.53823   1.63258   1.66221   1.65494   1.67515   1.68184   1.6585   1.64715   1.61388   
0.098949   0.0123187   0.010152   0.00931246   0.00866009   0.00835131   0.00822764   0.00638965   0.00865823   0.0100416   0.0110175   0.01202   0.0130564   0.0142112   0.0153264   0.0197105   0.0285737   0.0368395   0.0467211   0.0611054   0.0751489   0.0930495   
-0.0168006   -0.0692467   -0.0694769   -0.0698544   -0.0703716   -0.0710398   -0.0717651   -0.0720677   -0.072336   -0.0720628   -0.0719192   -0.0715554   -0.0709091   -0.069793   -0.0683864   -0.0584885   -0.0509133   -0.0488229   -0.0472668   -0.0473637   -0.0491287   -0.0528547   

1285000
-5   -3   -2   -1   1   2   3   4   5   6   7   8   9   10   11   12   14   15   16   17   18   
-0.0950446   0.116986   0.231288   0.346814   0.579166   0.695408   0.805911   0.915069   1.0241   1.1291   1.23545   1.33956   1.44106   1.53833   1.63275   1.66193   1.67545   1.68242   1.65943   1.6482   1.61497   
0.0370094   0.0122814   0.0101332   0.00929885   0.00834271   0.00822179   0.00638475   0.0075941   0.0086559   0.0100372   0.0110094   0.012012   0.0130457   0.0142015   0.0153129   0.0197256   0.0368083   0.0466578   0.0609836   0.0750075   0.0928889   
-0.0664203   -0.0692459   -0.0694736   -0.0698545   -0.0710422   -0.0717675   -0.0720705   -0.07219   -0.0723395   -0.0720684   -0.0719295   -0.071567   -0.0709261   -0.0698102   -0.0684135   -0.0584586   -0.0488332   -0.0472776   -0.0473561   -0.0491106   -0.052817   

1290000
-6   -3   -1   0   1   2   3   4   5   6   7   8   9   10   11   12   14   15   16   17   18   
-0.190599   0.116943   0.346814   0.462738   0.579183   0.69542   0.805917   0.915088   1.0241   1.12912   1.23551   1.33962   1.44116   1.53843   1.63292   1.66163   1.67574   1.68299   1.66059   1.64924   1.61605   
0.0500492   0.0122464   0.00928542   0.00863953   0.00833422   0.00821603   0.00638017   0.0075889   0.00865396   0.0100331   0.0110013   0.0120043   0.0130353   0.0141923   0.0152996   0.0197422   0.0367793   0.0465947   0.0608354   0.0748671   0.0927289   
-0.0586186   -0.0692451   -0.0698546   -0.0703743   -0.0710445   -0.0717699   -0.0720731   -0.0721944   -0.0723427   -0.0720738   -0.0719398   -0.0715782   -0.0709426   -0.0698265   -0.0684399   -0.0584258   -0.0488441   -0.0472881   -0.0473467   -0.0490927   -0.0527794   

1295000
-5   -2   -1   0   1   2   3   4   5   6   7   8   9   10   11   12   13   14   15   16   17   18   
-0.0949883   0.231288   0.346814   0.462751   0.579199   0.695431   0.805921   0.915105   1.0241   1.12914   1.23557   1.33968   1.44126   1.53852   1.63308   1.66131   1.65596   1.67601   1.68356   1.66172   1.65028   1.61712   
0.0368162   0.0100981   0.0092722   0.00862958   0.00832584   0.00821037   0.00637585   0.00758382   0.00865237   0.0100291   0.0109935   0.0119969   0.0130252   0.0141835   0.0152867   0.0197595   0.0284709   0.0367508   0.0465327   0.0606951   0.0747281   0.09257   
-0.0664894   -0.0694672   -0.0698546   -0.0703755   -0.0710467   -0.0717722   -0.0720755   -0.0721988   -0.0723457   -0.0720791   -0.0719499   -0.071589   -0.0709586   -0.0698421   -0.0684656   -0.058392   -0.0509563   -0.0488541   -0.0472988   -0.04734   -0.049075   -0.0527422   

1300000
-1   0   1   2   3   4   5   6   7   8   9   10   11   13   14   15   16   17   18   
0.346814   0.462764   0.579216   0.695443   0.805924   0.915122   1.02409   1.12916   1.23562   1.33974   1.44135   1.5386   1.63324   1.65632   1.67627   1.68412   1.66281   1.65132   1.61818   
0.00925911   0.00861984   0.00831757   0.0082048   0.00637179   0.00757886   0.00865115   0.0100251   0.0109858   0.0119897   0.0130154   0.0141753   0.0152741   0.0284353   0.0367237   0.0464704   0.060557   0.0745901   0.0924128   
-0.0698545   -0.0703767   -0.071049   -0.0717745   -0.0720778   -0.0722031   -0.0723484   -0.0720843   -0.0719597   -0.0715995   -0.0709742   -0.0698568   -0.0684907   -0.0509713   -0.0488638   -0.047309   -0.0473334   -0.0490577   -0.0527053   

1305000
-6   -1   0   1   2   3   4   5   6   7   8   9   10   11   12   13   14   15   16   17   18   
-0.190518   0.346813   0.462776   0.579232   0.695454   0.805926   0.915138   1.02409   1.12918   1.23567   1.3398   1.44144   1.53868   1.63339   1.66075   1.65667   1.67652   1.68468   1.66389   1.65235   1.61923   
0.0497045   0.00924617   0.00861028   0.0083094   0.00819932   0.00636802   0.00757402   0.00865023   0.0100212   0.0109783   0.0119828   0.013006   0.0141674   0.0152621   0.0197901   0.0284002   0.036698   0.0464092   0.0604209   0.074454   0.0922567   
-0.0589007   -0.0698544   -0.0703779   -0.0710511   -0.0717767   -0.07208   -0.0722073   -0.0723509   -0.0720895   -0.0719693   -0.0716096   -0.0709893   -0.0698707   -0.0685145   -0.058332   -0.0509861   -0.0488731   -0.0473195   -0.0473275   -0.049041   -0.0526687   

1310000
-5   -2   -1   0   1   2   3   4   5   6   7   8   9   10   11   12   13   14   15   16   17   18   
-0.0949163   0.231295   0.346813   0.462789   0.579247   0.695465   0.805926   0.915154   1.02408   1.12922   1.23573   1.33985   1.44152   1.53876   1.63354   1.6605   1.65702   1.67676   1.68524   1.66497   1.65337   1.62027   
0.0365219   0.0100531   0.00923335   0.00860094   0.00830134   0.00819392   0.00636455   0.0075693   0.00864962   0.0100147   0.010971   0.0119764   0.0129969   0.0141601   0.0152505   0.0198034   0.0283657   0.0366737   0.0463481   0.0602863   0.0743152   0.0921035   
-0.0665907   -0.0694584   -0.0698543   -0.0703791   -0.0710533   -0.071779   -0.072082   -0.0722114   -0.0723532   -0.072097   -0.0719788   -0.0716191   -0.0710038   -0.0698837   -0.0685376   -0.0583058   -0.0510006   -0.0488822   -0.0473299   -0.047322   -0.0490235   -0.0526326   

1315000
-3   -2   -1   0   1   2   3   4   5   6   7   8   9   10   11   12   13   14   15   16   17   18   
0.116761   0.2313   0.346812   0.462801   0.579263   0.695476   0.805924   0.915168   1.02407   1.12927   1.23578   1.33989   1.44161   1.53882   1.63368   1.66025   1.65736   1.67697   1.68578   1.66604   1.65439   1.62131   
0.0120965   0.0100404   0.00922065   0.00859178   0.0082934   0.00818849   0.00636139   0.00756479   0.00864959   0.010007   0.0109638   0.0119703   0.0129881   0.0141532   0.0152392   0.019817   0.0283317   0.03665   0.0462875   0.060152   0.0741778   0.0919521   
-0.0692407   -0.0694556   -0.0698542   -0.0703802   -0.0710554   -0.0717813   -0.0720838   -0.0722154   -0.072355   -0.0721056   -0.0719881   -0.0716282   -0.0710179   -0.069896   -0.0685601   -0.0582792   -0.051015   -0.0488902   -0.0473399   -0.0473165   -0.0490062   -0.0525971   

1320000
-10   -9   -6   -3   -2   -1   0   1   2   3   4   5   6   7   8   9   10   11   12   13   15   16   17   18   
-0.353314   -0.33145   -0.19045   0.11674   0.231306   0.346812   0.462813   0.579278   0.695503   0.80592   0.915181   1.02405   1.12932   1.23583   1.33994   1.44168   1.53889   1.63386   1.65999   1.65769   1.68633   1.6671   1.65541   1.62235   
0.111848   0.0979772   0.0493589   0.0120675   0.0100292   0.00920806   0.00858284   0.00828558   0.0081804   0.0063585   0.0075604   0.00864966   0.00999939   0.0109567   0.0119645   0.0129798   0.0141467   0.0152253   0.0198311   0.0282982   0.0462282   0.0600183   0.0740416   0.0917991   
-0.00648487   -0.0134925   -0.0591768   -0.0692404   -0.0694531   -0.069854   -0.0703813   -0.0710575   -0.0717851   -0.0720855   -0.0722193   -0.0723567   -0.072114   -0.0719973   -0.0716368   -0.0710313   -0.0699075   -0.0685871   -0.0582518   -0.0510291   -0.0473503   -0.0473107   -0.048989   -0.0525611   

1325000
-3   -2   -1   0   1   2   3   4   5   6   7   8   9   10   11   12   13   15   16   17   18   
0.11672   0.231314   0.346811   0.462825   0.579293   0.69553   0.805915   0.915194   1.02404   1.12936   1.23588   1.33998   1.44176   1.53902   1.63415   1.65972   1.65802   1.68687   1.66816   1.65642   1.62338   
0.0120394   0.0100196   0.00919559   0.00857413   0.00827788   0.0081723   0.00635587   0.00755614   0.00864964   0.0099919   0.0109498   0.0119589   0.012972   0.0141343   0.0152034   0.0198459   0.0282652   0.0461691   0.059888   0.0739058   0.0916462   
-0.0692401   -0.0694507   -0.0698538   -0.0703823   -0.0710596   -0.071789   -0.0720871   -0.0722232   -0.0723586   -0.0721224   -0.0720063   -0.0716451   -0.071044   -0.0699289   -0.0686291   -0.0582234   -0.0510432   -0.0473604   -0.0473058   -0.0489719   -0.052525   

1330000
-3   -2   -1   0   1   2   3   4   5   6   7   8   9   10   11   12   13   14   15   16   17   18   
0.1167   0.231324   0.34681   0.462837   0.579308   0.695556   0.805909   0.915206   1.02403   1.12941   1.23593   1.34002   1.44182   1.53928   1.63443   1.65944   1.65835   1.67761   1.6874   1.6692   1.65744   1.62442   
0.0120122   0.0100116   0.00918321   0.00856565   0.00827031   0.00816395   0.00635348   0.00755199   0.00864931   0.00998454   0.010943   0.0119537   0.0129645   0.0141126   0.0151818   0.0198615   0.0282324   0.036583   0.0461106   0.0597562   0.0737704   0.0914948   
-0.0692396   -0.0694484   -0.0698536   -0.0703834   -0.0710616   -0.0717929   -0.0720885   -0.072227   -0.0723606   -0.0721306   -0.0720152   -0.0716529   -0.071056   -0.0699662   -0.0686703   -0.0581935   -0.0510571   -0.0489144   -0.0473703   -0.0473001   -0.0489547   -0.0524891   

1335000
-3   -2   -1   0   1   2   3   4   5   6   7   8   9   10   11   12   13   14   15   16   17   18   
0.11668   0.231335   0.346809   0.462849   0.579322   0.695582   0.805902   0.915218   1.02404   1.12946   1.23597   1.34005   1.44189   1.53953   1.63471   1.6592   1.65868   1.67821   1.68793   1.67024   1.65845   1.62545   
0.0119856   0.0100055   0.00917095   0.00855741   0.00826288   0.00815571   0.00635128   0.00754798   0.00864649   0.00997727   0.0109363   0.0119488   0.0129574   0.0140913   0.0151607   0.0198746   0.0282   0.0365217   0.0460527   0.0596242   0.0736351   0.0913421   
-0.069239   -0.0694464   -0.0698533   -0.0703844   -0.0710635   -0.0717968   -0.0720899   -0.0722306   -0.0723643   -0.0721387   -0.0720239   -0.0716603   -0.0710675   -0.0700029   -0.0687106   -0.0581682   -0.0510708   -0.0489331   -0.0473801   -0.0472938   -0.0489374   -0.0524529   

1340000
-3   -2   -1   0   1   2   3   4   5   6   7   8   9   10   11   12   13   14   15   16   17   18   
0.116661   0.231349   0.346808   0.462861   0.579336   0.695607   0.805895   0.915228   1.02406   1.1295   1.23602   1.34008   1.44195   1.53978   1.63498   1.65898   1.659   1.6788   1.68845   1.67127   1.65945   1.62648   
0.0119598   0.0100016   0.00915878   0.00854944   0.00825559   0.00814758   0.00634914   0.0075441   0.00864148   0.00997012   0.0109298   0.0119441   0.0129508   0.0140703   0.0151399   0.019886   0.0281679   0.0364616   0.0459957   0.0594953   0.0735001   0.0911894   
-0.0692384   -0.0694447   -0.069853   -0.0703854   -0.0710655   -0.0718006   -0.0720912   -0.0722342   -0.0723697   -0.0721468   -0.0720324   -0.0716674   -0.0710783   -0.070039   -0.0687502   -0.058146   -0.0510843   -0.0489521   -0.04739   -0.0472884   -0.04892   -0.0524166   

1345000
-10   -3   -2   -1   0   1   2   3   4   5   6   7   8   9   10   11   12   13   14   15   16   17   18   
-0.354266   0.116642   0.231366   0.346806   0.462873   0.57935   0.695632   0.80591   0.915238   1.02408   1.12955   1.23606   1.34016   1.442   1.54003   1.63525   1.65878   1.65931   1.67938   1.68896   1.6723   1.66046   1.6275   
0.111588   0.0119345   0.00999997   0.00914671   0.00854175   0.00824848   0.00813955   0.00634354   0.00754035   0.00863664   0.00996306   0.0109234   0.0119356   0.0129445   0.0140496   0.0151196   0.0198966   0.0281363   0.0364015   0.0459393   0.0593678   0.0733649   0.0910372   
-0.00658126   -0.0692377   -0.0694432   -0.0698527   -0.0703863   -0.0710674   -0.0718044   -0.0720945   -0.0722378   -0.0723748   -0.0721547   -0.0720408   -0.0716793   -0.0710885   -0.0700745   -0.068789   -0.0581254   -0.0510978   -0.0489702   -0.0473999   -0.047283   -0.0489024   -0.0523804   

1350000
-5   -3   -2   -1   0   1   2   3   4   5   6   7   8   9   10   11   12   13   14   15   16   17   18   
-0.0947586   0.116623   0.231386   0.346805   0.462885   0.579363   0.695657   0.805923   0.915247   1.0241   1.12959   1.23611   1.34029   1.44205   1.54027   1.63551   1.65857   1.65963   1.67996   1.68947   1.67332   1.66146   1.62851   
0.0357183   0.0119097   0.0100011   0.00913474   0.00853435   0.00824155   0.00813161   0.00633812   0.00753673   0.00863199   0.00995611   0.0109172   0.0119206   0.0129387   0.0140292   0.0150996   0.0199083   0.0281051   0.0363428   0.0458835   0.0592394   0.0732298   0.0908873   
-0.0668499   -0.0692368   -0.069442   -0.0698524   -0.0703873   -0.0710692   -0.0718081   -0.0720977   -0.0722412   -0.0723799   -0.0721625   -0.0720491   -0.0716996   -0.071098   -0.0701094   -0.0688271   -0.0581029   -0.0511112   -0.0489891   -0.0474095   -0.047277   -0.0488848   -0.0523449   

1355000
-3   -2   -1   0   1   2   3   4   5   6   7   9   10   11   12   13   14   15   16   17   18   
0.116605   0.23141   0.346804   0.462896   0.579376   0.695681   0.805936   0.915255   1.02412   1.12963   1.23615   1.44209   1.5405   1.63577   1.6583   1.65993   1.68053   1.68997   1.67433   1.66246   1.62951   
0.0118853   0.0100052   0.00912286   0.00852728   0.00823482   0.00812377   0.0063329   0.00753327   0.00862752   0.00994925   0.010911   0.0129333   0.0140091   0.0150801   0.0199233   0.0280744   0.0362835   0.0458282   0.0591112   0.0730939   0.0907379   
-0.0692359   -0.0694412   -0.069852   -0.0703882   -0.071071   -0.0718117   -0.0721008   -0.0722445   -0.0723848   -0.0721703   -0.0720571   -0.0711069   -0.0701438   -0.0688645   -0.0580747   -0.0511244   -0.0490066   -0.0474188   -0.0472708   -0.0488667   -0.0523098   

1360000
-3   -1   0   1   2   3   4   5   6   7   8   9   10   11   12   13   14   15   16   17   18   
0.116587   0.346802   0.462908   0.579389   0.695705   0.805947   0.915263   1.02414   1.12968   1.23619   1.34056   1.44214   1.54073   1.63602   1.658   1.66024   1.68109   1.69047   1.67533   1.66346   1.6305   
0.0118612   0.00911107   0.00852055   0.00822827   0.00811603   0.00632787   0.00752995   0.00862322   0.00994259   0.0109051   0.0118911   0.0129282   0.0139894   0.0150608   0.0199398   0.0280442   0.0362254   0.0457747   0.0589857   0.0729592   0.0905962   
-0.0692349   -0.0698517   -0.0703891   -0.0710728   -0.0718153   -0.0721037   -0.0722478   -0.0723896   -0.0721779   -0.072065   -0.0717393   -0.0711152   -0.0701777   -0.0689012   -0.0580438   -0.0511377   -0.0490246   -0.0474289   -0.047265   -0.0488488   -0.0522765   

1365000
-3   -2   -1   0   1   2   3   4   5   6   8   9   10   11   12   13   14   15   16   17   18   
0.116569   0.231471   0.3468   0.46292   0.579401   0.695728   0.805957   0.915269   1.02416   1.12972   1.34069   1.44217   1.54096   1.63626   1.65779   1.66053   1.68165   1.69096   1.67632   1.66445   1.63146   
0.0118375   0.0100246   0.00909937   0.0085142   0.00822188   0.00810837   0.00632306   0.0075268   0.00861908   0.00993602   0.0118767   0.0129235   0.0139698   0.0150419   0.0199515   0.0280133   0.0361677   0.0457223   0.0588627   0.0728266   0.0904492   
-0.0692338   -0.0694409   -0.0698513   -0.07039   -0.0710745   -0.0718189   -0.0721065   -0.0722509   -0.0723943   -0.0721853   -0.0717587   -0.071123   -0.070211   -0.0689373   -0.0580216   -0.0511495   -0.0490423   -0.0474389   -0.04726   -0.0488315   -0.0522424   

1370000
-3   -1   0   1   2   3   4   5   6   8   9   10   11   12   13   14   15   16   17   18   
0.116551   0.346798   0.462932   0.579414   0.695751   0.805966   0.915275   1.02417   1.12976   1.34082   1.44221   1.54119   1.63651   1.65763   1.66084   1.68221   1.69144   1.6773   1.66544   1.63241   
0.011814   0.00908776   0.00850826   0.00821565   0.0081008   0.00631845   0.00752379   0.00861513   0.00992956   0.0118626   0.0129192   0.0139506   0.0150233   0.0199598   0.0279841   0.0361107   0.045669   0.0587385   0.0726948   0.0903095   
-0.0692327   -0.0698508   -0.0703909   -0.0710762   -0.0718224   -0.0721093   -0.072254   -0.0723988   -0.0721927   -0.0717778   -0.0711302   -0.070244   -0.0689727   -0.0580054   -0.0511629   -0.04906   -0.0474478   -0.0472545   -0.0488143   -0.0522101   

1375000
-3   -2   -1   0   1   2   3   4   5   6   8   9   10   11   12   13   14   15   16   17   18   
0.116534   0.229379   0.346796   0.462944   0.579426   0.695774   0.805974   0.91528   1.02419   1.1298   1.34094   1.44234   1.54141   1.63674   1.65741   1.66113   1.68277   1.69191   1.67828   1.66641   1.63333   
0.0117907   0.00649451   0.00907624   0.00850275   0.0082096   0.00809331   0.00631407   0.00752094   0.00861137   0.00992318   0.0118486   0.0129058   0.0139316   0.015005   0.0199717   0.0279549   0.0360545   0.0456175   0.0586174   0.0725632   0.0901743   
-0.0692314   -0.0686266   -0.0698504   -0.0703917   -0.0710778   -0.0718258   -0.0721119   -0.0722569   -0.0724032   -0.0722   -0.0717967   -0.0711508   -0.0702764   -0.0690077   -0.0579828   -0.0511756   -0.0490778   -0.0474571   -0.0472499   -0.048797   -0.0521794   

1380000
-4   -3   -1   0   1   2   3   4   5   6   8   9   10   11   12   13   14   15   16   17   18   
0.00855065   0.116516   0.346794   0.462956   0.579437   0.695797   0.80598   0.915283   1.0242   1.12984   1.34107   1.44253   1.54163   1.63698   1.65714   1.66142   1.68331   1.69237   1.67924   1.66738   1.63422   
0.0225794   0.0117676   0.00906481   0.00849776   0.00820373   0.0080859   0.00630992   0.00751826   0.00860779   0.00991689   0.0118348   0.012888   0.0139129   0.014987   0.0199869   0.0279261   0.0359978   0.0455674   0.058497   0.0724352   0.0900435   
-0.0694058   -0.0692301   -0.0698499   -0.0703925   -0.0710795   -0.0718292   -0.0721143   -0.0722598   -0.0724075   -0.0722072   -0.0718153   -0.0711779   -0.0703084   -0.069042   -0.0579548   -0.0511881   -0.0490945   -0.0474666   -0.0472453   -0.0487808   -0.0521502   

1385000
-4   -3   -2   -1   0   1   2   3   4   5   6   8   9   10   11   12   13   14   15   16   17   18   
0.00852097   0.116499   0.231674   0.346792   0.462968   0.579449   0.695819   0.805985   0.915286   1.02421   1.12987   1.34119   1.44271   1.54184   1.63721   1.65688   1.6617   1.68386   1.69283   1.68019   1.66833   1.63509   
0.0224933   0.0117446   0.0101311   0.00905346   0.00849328   0.00819803   0.00807859   0.00630601   0.00751575   0.00860463   0.00991069   0.0118213   0.0128704   0.0138944   0.0149693   0.0200016   0.0278981   0.0359419   0.0455188   0.0583781   0.0723073   0.0899219   
-0.0694021   -0.0692287   -0.0694477   -0.0698494   -0.0703933   -0.0710811   -0.0718326   -0.0721167   -0.0722626   -0.0724114   -0.0722144   -0.0718336   -0.0712046   -0.0703399   -0.0690759   -0.0579275   -0.0512003   -0.0491115   -0.0474764   -0.0472408   -0.0487643   -0.0521236   

1390000
-2   -1   0   1   2   3   4   5   6   7   8   9   10   11   12   13   14   15   16   17   18   
0.231751   0.34679   0.462981   0.57946   0.69584   0.805988   0.915287   1.02422   1.12991   1.23646   1.34131   1.44289   1.54205   1.63743   1.65665   1.66198   1.6844   1.69327   1.68111   1.66926   1.63591   
0.0101812   0.0090422   0.00848937   0.00819253   0.00807135   0.00630235   0.00751345   0.00860169   0.00990457   0.0108677   0.0118079   0.0128531   0.0138762   0.0149518   0.0200144   0.0278704   0.0358866   0.0454715   0.058261   0.0721807   0.0897991   
-0.0694518   -0.0698489   -0.0703941   -0.0710826   -0.0718359   -0.0721189   -0.0722652   -0.0724152   -0.0722214   -0.0721137   -0.0718517   -0.0712308   -0.070371   -0.0691092   -0.0579037   -0.0512124   -0.0491284   -0.0474862   -0.0472365   -0.0487482   -0.0520971   

1395000
-5   -3   -2   -1   0   1   2   3   4   5   6   7   8   9   10   11   12   13   14   15   16   17   18   
-0.0946405   0.116465   0.231821   0.346788   0.462994   0.579471   0.695862   0.80599   0.915287   1.02423   1.12995   1.23655   1.34143   1.44306   1.54226   1.63765   1.65641   1.66225   1.68492   1.69369   1.68203   1.67018   1.63671   
0.0347899   0.0116991   0.0102288   0.00903103   0.00848605   0.00818723   0.0080642   0.00629902   0.00751143   0.00859899   0.00989854   0.0108563   0.0117946   0.0128361   0.0138582   0.0149346   0.0200279   0.0278431   0.0358321   0.0454237   0.058149   0.0720574   0.0896823   
-0.0671188   -0.0692256   -0.0694559   -0.0698484   -0.0703948   -0.0710842   -0.0718392   -0.0721209   -0.0722676   -0.0724188   -0.0722284   -0.0721273   -0.0718696   -0.0712567   -0.0704017   -0.0691421   -0.0578788   -0.0512244   -0.0491449   -0.047494   -0.047234   -0.048733   -0.0520729   

1400000
-3   -2   -1   0   1   2   3   4   5   6   7   8   9   10   11   12   13   14   15   16   17   18   
0.116447   0.231791   0.346785   0.463007   0.579481   0.695883   0.80599   0.915286   1.02423   1.12998   1.23663   1.34154   1.44323   1.54247   1.63787   1.65618   1.66252   1.68545   1.69411   1.68293   1.67108   1.63747   
0.0116765   0.0101996   0.00901994   0.00848337   0.00818213   0.00805713   0.00629601   0.00750962   0.00859654   0.00989259   0.0108451   0.0117816   0.0128194   0.0138404   0.0149176   0.0200406   0.0278162   0.0357781   0.0453784   0.0580381   0.0719368   0.0895707   
-0.0692239   -0.069454   -0.0698479   -0.0703956   -0.0710857   -0.0718424   -0.0721227   -0.0722699   -0.0724222   -0.0722353   -0.0721407   -0.0718872   -0.0712822   -0.0704321   -0.0691744   -0.0578553   -0.0512363   -0.0491613   -0.047503   -0.0472315   -0.0487187   -0.0520507   

1405000
-3   -2   -1   0   1   2   3   4   5   6   7   8   9   10   11   12   13   14   15   16   17   18   
0.11643   0.231761   0.346782   0.463021   0.579492   0.695904   0.805987   0.915283   1.02424   1.13002   1.23672   1.34166   1.4434   1.54267   1.63809   1.65599   1.66278   1.68597   1.69451   1.6838   1.67196   1.63821   
0.0116538   0.0101717   0.00900893   0.00848138   0.00817723   0.00805013   0.00629335   0.00750797   0.00859436   0.00988673   0.0108341   0.0117687   0.0128028   0.0138229   0.014901   0.0200515   0.0277897   0.0357246   0.0453343   0.0579278   0.0718194   0.089465   
-0.0692221   -0.0694522   -0.0698474   -0.0703963   -0.0710871   -0.0718456   -0.0721244   -0.0722722   -0.0724254   -0.0722421   -0.0721539   -0.0719047   -0.0713073   -0.070462   -0.0692062   -0.0578349   -0.0512481   -0.0491776   -0.047512   -0.0472286   -0.0487052   -0.0520301   

1410000
-3   -2   -1   0   1   2   3   4   5   6   7   8   9   10   11   12   13   14   15   16   17   18   
0.116413   0.231733   0.346779   0.463035   0.579502   0.695924   0.805983   0.91528   1.02424   1.13006   1.23681   1.34177   1.44357   1.54287   1.6383   1.65574   1.66305   1.68648   1.69491   1.68467   1.67283   1.63894   
0.0116312   0.010145   0.00899803   0.00848015   0.00817255   0.00804321   0.00629105   0.00750649   0.00859244   0.00988096   0.0108232   0.0117559   0.0127865   0.0138055   0.0148845   0.0200652   0.0277636   0.0356709   0.0452916   0.0578239   0.0717077   0.0893628   
-0.0692203   -0.0694504   -0.0698469   -0.070397   -0.0710886   -0.0718488   -0.0721258   -0.0722743   -0.0724285   -0.0722488   -0.072167   -0.0719219   -0.0713321   -0.0704916   -0.0692376   -0.0578099   -0.0512598   -0.0491933   -0.0475209   -0.0472284   -0.0486938   -0.0520103   

1415000
-7   -6   -3   -2   -1   0   1   2   3   4   5   6   7   8   9   10   11   12   13   14   15   16   17   18   
-0.268803   -0.191812   0.116395   0.231706   0.346776   0.463049   0.579512   0.695944   0.805977   0.915276   1.02424   1.13009   1.23689   1.34189   1.44374   1.54307   1.63851   1.65549   1.66331   1.687   1.69529   1.6855   1.67367   1.63964   
0.0689306   0.052241   0.0116086   0.0101193   0.00898724   0.00847977   0.0081681   0.00803637   0.00628912   0.00750515   0.00859082   0.00987527   0.0108124   0.0117434   0.0127705   0.0137884   0.0148683   0.0200795   0.0277378   0.0356187   0.0452501   0.0577205   0.0715967   0.0892608   
-0.0390283   -0.05644   -0.0692184   -0.0694486   -0.0698464   -0.0703976   -0.07109   -0.0718519   -0.0721271   -0.0722763   -0.0724313   -0.0722555   -0.07218   -0.071939   -0.0713565   -0.0705208   -0.0692686   -0.0577839   -0.0512713   -0.0492097   -0.0475297   -0.0472277   -0.0486825   -0.0519907   

1420000
-3   -2   -1   0   1   2   3   4   5   6   7   8   9   10   11   12   13   14   15   16   17   18   
0.116378   0.23168   0.346772   0.463064   0.579522   0.695964   0.805968   0.915271   1.02424   1.13012   1.23697   1.342   1.4439   1.54326   1.63871   1.65524   1.66356   1.6875   1.69567   1.68634   1.67447   1.64034   
0.0115859   0.0100945   0.00897653   0.00848032   0.00816389   0.0080296   0.0062876   0.00750393   0.00858949   0.00986965   0.0108018   0.0117309   0.0127546   0.0137714   0.0148524   0.0200936   0.0277124   0.0355657   0.0452101   0.0576213   0.0714897   0.0891624   
-0.0692164   -0.0694469   -0.0698459   -0.0703983   -0.0710915   -0.0718549   -0.0721282   -0.0722783   -0.0724339   -0.0722621   -0.0721927   -0.0719558   -0.0713806   -0.0705497   -0.069299   -0.0577583   -0.0512828   -0.0492249   -0.0475383   -0.0472284   -0.0486724   -0.051972   

1425000
-5   -3   -2   -1   0   1   2   3   4   5   6   7   8   9   10   11   12   13   14   15   16   17   18   
-0.0945911   0.11636   0.231655   0.346769   0.46308   0.579531   0.695983   0.805957   0.915266   1.02423   1.13016   1.23705   1.34211   1.44406   1.54345   1.63891   1.65501   1.66382   1.68801   1.69603   1.68715   1.67527   1.64102   
0.0341576   0.0115632   0.0100707   0.00896591   0.00848187   0.00815992   0.00802291   0.00628649   0.0075028   0.00858846   0.00986412   0.0107913   0.0117186   0.012739   0.0137546   0.0148367   0.0201072   0.0276871   0.0355141   0.0451714   0.0575205   0.0713855   0.0890649   
-0.0672832   -0.0692143   -0.0694452   -0.0698454   -0.070399   -0.0710928   -0.071858   -0.072129   -0.0722802   -0.0724363   -0.0722685   -0.0722054   -0.0719725   -0.0714043   -0.0705783   -0.0693291   -0.0577336   -0.0512944   -0.0492409   -0.0475469   -0.047228   -0.0486629   -0.0519535   

1430000
-3   -2   -1   0   1   2   3   4   5   6   7   8   9   10   11   12   13   14   15   16   17   18   
0.116343   0.231631   0.346765   0.463096   0.579541   0.696003   0.805943   0.915261   1.02423   1.13019   1.23713   1.34221   1.44421   1.54364   1.63911   1.65478   1.66407   1.68851   1.69638   1.68797   1.67605   1.64167   
0.0115405   0.0100476   0.00895537   0.00848451   0.00815621   0.00801629   0.00628582   0.00750169   0.00858772   0.00985866   0.0107809   0.0117064   0.0127236   0.013738   0.0148212   0.02012   0.0276621   0.0354628   0.0451342   0.0574208   0.071283   0.0889676   
-0.0692121   -0.0694436   -0.0698448   -0.0703996   -0.0710942   -0.071861   -0.0721296   -0.0722821   -0.0724384   -0.072275   -0.0722179   -0.071989   -0.0714278   -0.0706066   -0.0693587   -0.0577105   -0.0513057   -0.0492567   -0.0475553   -0.0472281   -0.0486536   -0.0519349   

1435000
-8   -6   -3   -2   -1   0   1   2   3   4   5   6   7   8   9   10   11   12   13   14   15   16   17   18   
-0.308103   -0.190154   0.116325   0.231607   0.346762   0.46311   0.57955   0.696021   0.805927   0.915256   1.02422   1.13022   1.23721   1.34232   1.44437   1.54383   1.63931   1.65456   1.66431   1.68901   1.69671   1.68878   1.67681   1.64233   
0.0848194   0.0468526   0.0115177   0.0100252   0.00894492   0.00848507   0.00815277   0.00800975   0.00628558   0.00750058   0.00858722   0.00985329   0.0107707   0.0116944   0.0127083   0.0137216   0.0148059   0.0201322   0.0276376   0.035412   0.0450984   0.0573222   0.0711822   0.0888769   
-0.0213666   -0.0609934   -0.0692099   -0.069442   -0.0698443   -0.0704004   -0.0710955   -0.0718639   -0.07213   -0.072284   -0.0724404   -0.0722813   -0.0722302   -0.0720053   -0.0714509   -0.0706345   -0.0693879   -0.0576883   -0.051317   -0.0492725   -0.0475636   -0.0472285   -0.0486445   -0.0519182   

1440000
-5   -3   -2   -1   0   1   2   3   4   5   6   7   8   9   10   11   12   13   14   15   16   17   18   
-0.0945754   0.116307   0.231584   0.346758   0.463113   0.579559   0.69604   0.805909   0.915251   1.02421   1.13026   1.23729   1.34243   1.44452   1.54402   1.6395   1.65443   1.66456   1.6895   1.69703   1.68959   1.67757   1.64297   
0.0338389   0.0114949   0.0100036   0.00893455   0.00847522   0.0081496   0.00800328   0.00628575   0.00749941   0.00858719   0.00984799   0.0107606   0.0116825   0.0126933   0.0137054   0.0147909   0.0201395   0.0276133   0.0353612   0.0450639   0.057225   0.0710825   0.0887864   
-0.0673614   -0.0692076   -0.0694404   -0.0698437   -0.0704018   -0.0710969   -0.0718668   -0.0721302   -0.072286   -0.0724421   -0.0722876   -0.0722424   -0.0720215   -0.0714737   -0.0706622   -0.0694166   -0.0576745   -0.0513282   -0.0492877   -0.0475716   -0.0472292   -0.0486356   -0.0519015   

1445000
-5   -3   -2   -1   0   1   2   3   5   6   7   8   9   10   11   12   13   14   15   16   17   18   
-0.0945732   0.117594   0.231562   0.346754   0.463116   0.579568   0.696058   0.805889   1.02419   1.13029   1.23737   1.34253   1.44467   1.5442   1.63969   1.65424   1.6648   1.68999   1.69735   1.69039   1.67833   1.64358   
0.0337319   0.0153463   0.00998259   0.00892428   0.00846554   0.00814671   0.00799689   0.00628626   0.00858758   0.00984276   0.0107506   0.0116707   0.0126785   0.0136893   0.0147761   0.0201496   0.0275895   0.0353114   0.0450307   0.0571275   0.0709838   0.0886963   
-0.0673868   -0.0697217   -0.0694388   -0.0698431   -0.0704031   -0.0710981   -0.0718697   -0.0721303   -0.0724434   -0.0722938   -0.0722544   -0.0720375   -0.0714963   -0.0706895   -0.069445   -0.057656   -0.0513393   -0.0493035   -0.0475794   -0.0472294   -0.0486267   -0.0518845   

1450000
-5   -3   -2   0   1   2   3   4   5   6   7   8   9   10   11   12   13   14   15   16   17   18   
-0.0945721   0.116271   0.23154   0.463119   0.579576   0.696076   0.805868   0.915246   1.02418   1.13032   1.23745   1.34263   1.44482   1.54438   1.63987   1.65403   1.66504   1.69048   1.69765   1.69119   1.67907   1.64419   
0.033626   0.011449   0.00996219   0.00845603   0.0081416   0.00799057   0.00628698   0.00749661   0.00858813   0.00983761   0.0107408   0.011659   0.0126638   0.0136734   0.0147615   0.0201619   0.0275659   0.035262   0.0449989   0.0570298   0.0708858   0.0886119   
-0.0674116   -0.0692027   -0.0694373   -0.0704044   -0.0710997   -0.0718725   -0.0721302   -0.0722902   -0.0724446   -0.0722999   -0.0722664   -0.0720533   -0.0715186   -0.0707166   -0.0694729   -0.0576337   -0.0513502   -0.0493192   -0.0475869   -0.0472292   -0.0486179   -0.0518694   

1455000
-5   -3   -2   -1   0   1   2   3   4   5   6   7   8   9   10   11   12   13   14   15   16   17   18   
-0.0945734   0.116253   0.231518   0.346746   0.463121   0.579583   0.696094   0.805867   0.915248   1.02417   1.13035   1.23752   1.34274   1.44497   1.54456   1.64005   1.65381   1.66527   1.69095   1.69793   1.69199   1.67981   1.64478   
0.0335218   0.0114259   0.00994235   0.008904   0.00844667   0.00813503   0.00798432   0.00628424   0.00749443   0.00858873   0.00983252   0.0107311   0.0116474   0.0126493   0.0136576   0.0147471   0.0201745   0.0275419   0.0352121   0.0449683   0.0569341   0.0707891   0.0885287   
-0.0674353   -0.0692002   -0.0694358   -0.0698419   -0.0704057   -0.0711016   -0.0718753   -0.072132   -0.0722927   -0.0724457   -0.072306   -0.0722781   -0.072069   -0.0715406   -0.0707435   -0.0695004   -0.0576112   -0.05136   -0.0493338   -0.0475942   -0.0472297   -0.0486092   -0.0518541   

1460000
-7   -3   -2   -1   0   1   2   3   4   5   6   7   8   9   10   11   12   13   14   15   16   17   18   
-0.270956   0.117588   0.231498   0.346742   0.463124   0.579591   0.696111   0.805867   0.915269   1.02415   1.13038   1.2376   1.34284   1.44511   1.54474   1.64023   1.65358   1.6655   1.69143   1.6982   1.69277   1.68055   1.64536   
0.0622103   0.0153662   0.00992304   0.008894   0.00843746   0.00812856   0.00797815   0.00628155   0.00748938   0.00858922   0.0098275   0.0107215   0.011636   0.012635   0.0136419   0.014733   0.0201874   0.027519   0.0351643   0.0449394   0.0568373   0.0706928   0.0884477   
-0.0483596   -0.0697245   -0.0694343   -0.0698413   -0.070407   -0.0711034   -0.0718781   -0.0721338   -0.072297   -0.0724469   -0.072312   -0.0722897   -0.0720846   -0.0715623   -0.07077   -0.0695275   -0.057588   -0.0513709   -0.0493499   -0.0476012   -0.0472294   -0.0486004   -0.0518397   

1465000
-9   -8   -5   -3   -2   0   1   2   3   4   5   6   7   8   9   10   11   12   13   14   15   16   17   18   
-0.338923   -0.308566   -0.0945777   0.116216   0.231477   0.463127   0.579598   0.696128   0.805865   0.915289   1.02414   1.13041   1.23767   1.34294   1.44526   1.54492   1.64041   1.65337   1.66574   1.6919   1.69846   1.69356   1.68128   1.64592   
0.0959568   0.0847508   0.0333127   0.0113796   0.00990425   0.00842841   0.00812218   0.00797206   0.00627913   0.00748444   0.00858945   0.00982263   0.0107121   0.0116247   0.0126208   0.0136265   0.014719   0.0201992   0.0274966   0.0351152   0.044912   0.0567429   0.0705972   0.0883674   
-0.0147441   -0.0213453   -0.0674819   -0.0691949   -0.0694328   -0.0704083   -0.0711051   -0.0718808   -0.0721353   -0.0723012   -0.0724483   -0.0723179   -0.0723011   -0.0721   -0.0715838   -0.0707963   -0.0695542   -0.0575668   -0.0513819   -0.0493642   -0.0476079   -0.0472298   -0.0485918   -0.0518254   

1470000
-6   -3   -2   -1   0   1   2   3   4   5   6   7   8   9   10   11   12   13   14   15   16   17   18   
-0.192039   0.116197   0.231457   0.346734   0.46313   0.579605   0.696145   0.805861   0.915308   1.02413   1.13043   1.23774   1.34304   1.4454   1.54509   1.64058   1.65317   1.66596   1.69237   1.69871   1.69434   1.682   1.64647   
0.0516729   0.0113563   0.00988591   0.00887428   0.0084195   0.00811589   0.00796604   0.00627697   0.0074796   0.00858925   0.00981788   0.0107029   0.0116135   0.0126068   0.0136112   0.0147053   0.0202107   0.0274743   0.0350678   0.0448859   0.0566466   0.070501   0.0882902   
-0.0568744   -0.0691922   -0.0694313   -0.0698401   -0.0704095   -0.0711069   -0.0718835   -0.0721368   -0.0723053   -0.07245   -0.0723236   -0.0723124   -0.0721152   -0.0716051   -0.0708224   -0.0695806   -0.0575462   -0.0513921   -0.0493797   -0.0476144   -0.0472292   -0.0485827   -0.0518118   

1475000
-3   -2   -1   0   1   2   3   4   5   6   7   8   9   10   11   12   13   14   15   16   17   18   
0.116179   0.231438   0.34673   0.463132   0.579611   0.696161   0.805856   0.915326   1.02414   1.13046   1.23781   1.34313   1.44554   1.54526   1.64075   1.65299   1.66618   1.69282   1.69894   1.69512   1.68272   1.647   
0.011333   0.00986809   0.00886455   0.00841073   0.0081097   0.0079601   0.00627511   0.00747486   0.0085864   0.0098132   0.0106938   0.0116024   0.012593   0.013596   0.0146918   0.0202207   0.0274528   0.0350203   0.0448612   0.0565515   0.070407   0.0882158   
-0.0691894   -0.0694298   -0.0698394   -0.0704107   -0.0711086   -0.0718862   -0.0721381   -0.0723093   -0.0724536   -0.0723293   -0.0723235   -0.0721303   -0.0716262   -0.0708482   -0.0696065   -0.057528   -0.0514023   -0.0493944   -0.0476205   -0.0472288   -0.0485742   -0.0517989   

1480000
-3   -2   -1   0   1   2   3   4   5   6   7   8   9   10   11   12   13   14   15   16   17   18   
0.117579   0.231418   0.346726   0.463135   0.579618   0.696177   0.805849   0.915344   1.02416   1.13049   1.23788   1.34323   1.44567   1.54543   1.64092   1.65286   1.6664   1.69329   1.69916   1.69589   1.68343   1.64752   
0.0153972   0.00985065   0.00885494   0.0084021   0.0081036   0.00795423   0.00627358   0.00747022   0.00858196   0.00980858   0.0106848   0.0115914   0.0125793   0.0135809   0.0146785   0.0202282   0.027431   0.0349742   0.0448379   0.0564572   0.0703136   0.0881466   
-0.0697285   -0.0694284   -0.0698388   -0.0704119   -0.0711103   -0.0718888   -0.0721392   -0.0723133   -0.0724583   -0.0723349   -0.0723344   -0.0721452   -0.071647   -0.0708737   -0.069632   -0.0575141   -0.0514117   -0.0494103   -0.0476265   -0.0472285   -0.0485657   -0.0517871   

1485000
-5   -3   -2   -1   0   1   2   3   4   5   6   7   8   9   10   11   12   13   14   15   16   17   18   
-0.0945999   0.117576   0.231399   0.346721   0.463137   0.579624   0.696193   0.80584   0.915362   1.02418   1.13052   1.23795   1.34332   1.44581   1.5456   1.64108   1.65269   1.66661   1.69374   1.69937   1.69667   1.68414   1.64801   
0.0328901   0.0154062   0.00983358   0.00884542   0.0083936   0.00809758   0.00794843   0.00627239   0.00746568   0.0085777   0.00980403   0.010676   0.0115806   0.0125657   0.0135661   0.0146655   0.0202377   0.0274098   0.034928   0.0448162   0.0563629   0.0702208   0.0880777   
-0.0675712   -0.0697296   -0.069427   -0.0698382   -0.0704131   -0.071112   -0.0718914   -0.0721401   -0.0723172   -0.0724629   -0.0723405   -0.0723453   -0.07216   -0.0716676   -0.070899   -0.0696571   -0.0574969   -0.0514214   -0.0494252   -0.0476322   -0.047228   -0.0485572   -0.0517754   

1490000
-8   -5   -3   -2   -1   0   1   2   3   4   5   6   7   8   9   10   11   12   13   14   15   16   17   18   
-0.309295   -0.0946084   0.117574   0.231381   0.346717   0.46314   0.579631   0.696209   0.805829   0.915379   1.0242   1.13054   1.23801   1.34342   1.44595   1.54577   1.64124   1.65249   1.66682   1.69418   1.69956   1.69743   1.68484   1.64848   
0.0845879   0.0327838   0.0154157   0.00981694   0.008836   0.00838524   0.00809165   0.00794271   0.00627151   0.00746124   0.00857361   0.00979952   0.0106672   0.0115699   0.0125523   0.0135513   0.0146528   0.0202489   0.027389   0.0348827   0.044796   0.0562689   0.0701283   0.0880117   
-0.02143   -0.0675928   -0.0697308   -0.0694255   -0.0698375   -0.0704143   -0.0711137   -0.0718939   -0.0721409   -0.0723211   -0.0724674   -0.072346   -0.072356   -0.0721746   -0.071688   -0.0709241   -0.0696815   -0.0574769   -0.0514308   -0.0494405   -0.0476376   -0.0472274   -0.0485487   -0.0517644   

1495000
-8   -7   -4   -3   -2   -1   0   1   2   3   4   5   6   7   8   9   10   11   12   13   14   15   16   17   18   
-0.309463   -0.269939   0.00242687   0.116101   0.231362   0.346713   0.463142   0.579637   0.696224   0.805817   0.915395   1.02422   1.13057   1.23808   1.34351   1.44608   1.54593   1.6414   1.65228   1.66702   1.69463   1.69974   1.6982   1.68554   1.64893   
0.0845492   0.0681317   0.0136446   0.0112389   0.00980064   0.00882669   0.00837701   0.0080858   0.00793706   0.006271   0.00745689   0.00856969   0.00979505   0.0106586   0.0115593   0.012539   0.0135368   0.0146403   0.0202608   0.0273684   0.0348378   0.0447771   0.0561767   0.0700362   0.0879469   
-0.0214518   -0.0399143   -0.0689637   -0.0691776   -0.0694241   -0.0698369   -0.0704154   -0.0711154   -0.0718964   -0.0721415   -0.0723249   -0.0724718   -0.0723514   -0.0723666   -0.072189   -0.0717082   -0.0709488   -0.0697055   -0.0574559   -0.0514402   -0.0494556   -0.0476426   -0.0472276   -0.04854   -0.0517539   

1500000
-5   -4   -3   -2   -1   0   1   2   3   4   5   6   7   8   9   10   11   12   13   14   15   16   17   18   
-0.09463   0.00224996   0.116081   0.231344   0.346709   0.463145   0.579643   0.696239   0.805802   0.915411   1.02424   1.13059   1.23815   1.3436   1.44621   1.5461   1.64155   1.65206   1.66723   1.69506   1.6999   1.69896   1.68625   1.64936   
0.0325708   0.0134237   0.0112154   0.00978473   0.00881748   0.0083689   0.00808004   0.00793153   0.00627086   0.00745262   0.00856593   0.00979062   0.01065   0.0115489   0.0125259   0.0135224   0.0146281   0.0202737   0.0273482   0.0347932   0.0447598   0.0560845   0.0699474   0.0878866   
-0.0676353   -0.0689449   -0.0691745   -0.0694228   -0.0698362   -0.0704166   -0.071117   -0.0718989   -0.0721419   -0.0723286   -0.072476   -0.0723568   -0.0723771   -0.0722033   -0.0717282   -0.0709733   -0.069729   -0.0574331   -0.0514494   -0.0494704   -0.0476474   -0.0472275   -0.0485323   -0.0517442   

