5000
-10   -9   -7   -6   -5   -4   -3   -2   -1   0   1   2   3   4   5   6   7   8   9   10   11   12   13   14   15   16   17   18   
-0.033224   -0.012931   0.017808   0.0265066   0.029204   0.0250415   0.0139056   -0.00348596   -0.0259996   -0.0528502   -0.0832887   -0.0948401   -0.0303445   0.0674476   0.159801   0.238372   0.30625   0.367056   0.423042   0.47556   0.525524   0.573549   0.619927   0.664897   0.708514   0.750818   0.791942   0.832127   
0.122255   0.115652   0.104057   0.0993538   0.0955152   0.0925144   0.0901945   0.0882947   0.0864416   0.08422   0.0812353   0.078412   0.080124   0.0858816   0.0934704   0.101801   0.110567   0.119711   0.129207   0.139017   0.149097   0.159439   0.170126   0.181061   0.192273   0.203761   0.215522   0.227497   
-0.0469079   -0.0472792   -0.0455392   -0.0431802   -0.0397041   -0.0351975   -0.0299167   -0.0241815   -0.0182466   -0.0122008   -0.00613009   -0.00428526   -0.0164908   -0.0331551   -0.0467946   -0.0564962   -0.0637586   -0.069884   -0.0756021   -0.0812866   -0.0871167   -0.0931732   -0.0994889   -0.106104   -0.11305   -0.120332   -0.127922   -0.135752   

10000
-10   -9   -8   -7   -6   -5   -4   -3   -2   -1   0   1   2   3   4   5   6   7   8   9   10   11   12   13   14   15   16   17   18   
-0.0123774   0.00828571   0.0259745   0.0394333   0.0469267   0.0468134   0.0382684   0.022249   0.00208213   -0.0193514   -0.0419945   -0.0673493   -0.0961169   -0.0881657   0.0124762   0.128652   0.22869   0.307653   0.371264   0.426576   0.477629   0.526495   0.57405   0.620393   0.665286   0.70848   0.78547   0.847741   0.904258   
0.112168   0.104428   0.0975233   0.0916132   0.0868093   0.0831752   0.080678   0.0791107   0.0779914   0.0768746   0.0754515   0.0733821   0.0702032   0.0682151   0.0732487   0.081964   0.0919178   0.10214   0.112484   0.123089   0.133959   0.145012   0.156216   0.16762   0.179345   0.191502   0.211044   0.224962   0.239884   
-0.0458647   -0.0461669   -0.0455619   -0.0438765   -0.0409499   -0.03676   -0.0315533   -0.0258399   -0.0202388   -0.0150266   -0.0100237   -0.00486879   0.000581783   -0.00157881   -0.0213034   -0.0424797   -0.0588642   -0.0697427   -0.0771133   -0.0831518   -0.0888636   -0.0945764   -0.10041   -0.106464   -0.112854   -0.119674   -0.135276   -0.146399   -0.155509   

15000
-10   -9   -8   -7   -6   -5   -4   -3   -2   -1   0   1   2   3   4   5   6   7   8   9   10   11   12   13   14   15   16   17   18   
-0.00376604   0.0169006   0.034736   0.0479953   0.0543704   0.0517945   0.0391927   -0.0262583   -0.138841   -0.22252   -0.30396   -0.301815   -0.212259   -0.106616   -0.0268196   0.0975355   0.210159   0.300801   0.370467   0.426938   0.477895   0.547798   0.625946   0.690648   0.751354   0.802586   0.856413   0.899546   0.717478   
0.108192   0.0998732   0.0926644   0.0866659   0.0819282   0.0785142   0.0764487   0.0770611   0.0773922   0.0745846   0.0695834   0.0648407   0.0638112   0.0646855   0.0677911   0.0765918   0.0872407   0.0984522   0.109721   0.12106   0.132517   0.14783   0.162966   0.176158   0.189652   0.200595   0.214223   0.224775   0.239211   
-0.0452012   -0.0454486   -0.0446634   -0.042647   -0.0392519   -0.0345203   -0.0287994   -0.0131839   0.00968668   0.0253372   0.0404396   0.0406165   0.0250248   0.00435366   -0.0117131   -0.0355477   -0.0557817   -0.0704595   -0.0800333   -0.0867775   -0.09262   -0.102771   -0.114397   -0.122755   -0.130287   -0.136377   -0.142701   -0.147994   -0.123019   

20000
-10   -9   -8   -7   -6   -5   -4   -3   -2   -1   0   1   2   3   4   5   6   7   8   9   10   11   12   13   14   15   16   17   18   
-0.203574   -0.166459   0.0394815   0.0524459   0.0578228   0.0530963   0.0367581   -0.119057   -0.314128   -0.418093   -0.39038   -0.3084   -0.207325   -0.105649   -0.00811955   0.0723212   0.191981   0.290277   0.366545   0.482275   0.55931   0.620812   0.686433   0.735587   0.795328   0.838197   0.882983   0.918872   0.96005   
0.135463   0.121548   0.0900063   0.0839963   0.0793584   0.0761557   0.0745019   0.0785421   0.07888   0.0725927   0.0661115   0.0629977   0.063178   0.0657302   0.0699856   0.0733037   0.084255   0.0960716   0.108158   0.12736   0.141394   0.153025   0.166757   0.176881   0.191371   0.201606   0.213477   0.222945   0.234308   
-0.0185928   -0.013984   -0.0439759   -0.0416703   -0.0378787   -0.032707   -0.0265775   0.00625926   0.0376547   0.0487313   0.0403275   0.025653   0.00963703   -0.00486775   -0.0177821   -0.029527   -0.0518199   -0.0689785   -0.0809432   -0.0999823   -0.109411   -0.115359   -0.121566   -0.125743   -0.131255   -0.135295   -0.139917   -0.144736   -0.150037   

25000
-10   -9   -8   -7   -6   -5   -4   -3   -2   -1   0   1   2   3   5   6   7   8   9   10   11   12   13   14   15   16   17   18   
-0.214944   -0.208776   -0.197418   -0.167211   0.0594806   0.0528239   0.0330491   -0.0558053   -0.355495   -0.430003   -0.355328   -0.254473   -0.153576   -0.0553016   0.12825   0.20732   0.333893   0.45738   0.532358   0.599321   0.655944   0.70946   0.759779   0.811671   0.856163   0.89437   0.929755   0.968579   
0.134134   0.124719   0.114474   0.10336   0.0778024   0.074816   0.0735686   0.0754466   0.0787733   0.0709678   0.0651082   0.0632297   0.0642137   0.0674417   0.0790501   0.0862685   0.100293   0.117093   0.129334   0.141973   0.153054   0.164182   0.175376   0.188203   0.200029   0.211019   0.220927   0.232119   
-0.0232536   -0.0175106   -0.00964894   -0.00226163   -0.0367251   -0.0311772   -0.0247158   -0.00514443   0.0434135   0.0400113   0.0222321   0.00426136   -0.0106369   -0.0238175   -0.0463203   -0.0548439   -0.0780031   -0.0982404   -0.106962   -0.11287   -0.116914   -0.120739   -0.124563   -0.128725   -0.132607   -0.137063   -0.142008   -0.147367   

30000
-10   -9   -8   -7   -6   -5   -4   -3   -2   -1   0   1   2   3   4   5   6   8   9   10   11   12   13   14   15   16   17   18   
-0.232615   -0.223937   -0.236051   -0.244422   -0.22407   0.0517455   0.0288544   0.00378689   -0.247009   -0.416723   -0.323131   -0.220942   -0.120929   -0.0265098   0.0625412   0.181847   0.294011   0.494907   0.573   0.626495   0.679375   0.737999   0.785138   0.821947   0.86465   0.915898   0.946039   0.973609   
0.134727   0.124287   0.116628   0.108813   0.0989593   0.074018   0.073171   0.0728759   0.0765294   0.069638   0.0642687   0.0628939   0.064368   0.0679167   0.0731295   0.0829689   0.0935843   0.117324   0.130436   0.140924   0.152   0.16477   0.175709   0.185129   0.197193   0.212293   0.221348   0.229734   
-0.0253815   -0.0202674   -0.0120787   -0.001691   0.00675591   -0.0298521   -0.0231249   -0.0175452   0.0300633   0.0280755   0.00805794   -0.00928108   -0.0237711   -0.0356679   -0.0458638   -0.0617608   -0.0760187   -0.101405   -0.10965   -0.113078   -0.116347   -0.120185   -0.123327   -0.12625   -0.130095   -0.134497   -0.139511   -0.145337   

35000
-10   -9   -8   -7   -6   -5   -4   -3   -2   -1   0   1   4   5   6   7   8   9   10   11   13   15   16   17   18   
-0.239032   -0.247244   -0.25458   -0.266423   -0.28101   -0.300032   0.0245622   -0.000510057   -0.0529087   -0.397625   -0.166278   -0.0330084   0.146914   0.253755   0.344837   0.440315   0.513727   0.590545   0.64744   0.712813   0.801543   0.873119   0.911255   0.944947   0.98072   
0.133254   0.125358   0.11633   0.108465   0.10164   0.0960527   0.0730812   0.0728488   0.0723735   0.0683874   0.066149   0.0667798   0.078251   0.0868023   0.0957449   0.106015   0.115543   0.128187   0.139664   0.153004   0.1748   0.195262   0.207014   0.218066   0.228335   
-0.0270351   -0.0215865   -0.0143248   -0.00440312   0.00620437   0.0175876   -0.021752   -0.0164377   -0.00605036   0.0172295   -0.0262441   -0.0465153   -0.0650479   -0.0770682   -0.0860124   -0.0944047   -0.100718   -0.108664   -0.112381   -0.116213   -0.121663   -0.128017   -0.132644   -0.138064   -0.143459   

40000
-10   -9   -8   -7   -6   -5   -4   -3   -2   -1   0   1   2   3   6   7   8   9   10   13   16   17   18   
-0.237146   -0.239977   -0.261695   -0.300811   -0.314567   -0.346473   -0.372495   0.0376667   0.171045   -0.189433   -0.039578   0.0853856   0.178975   0.207982   0.389496   0.475107   0.552423   0.618896   0.66429   0.800693   0.922138   0.749391   0.982222   
0.131001   0.122415   0.115027   0.109236   0.102311   0.0971609   0.091867   0.0708989   0.0642369   0.0669827   0.0638356   0.064272   0.0672983   0.0736369   0.0968727   0.105906   0.11549   0.127232   0.138266   0.17076   0.206158   0.221041   0.226631   
-0.0280337   -0.022845   -0.0158579   -0.00609921   0.00498116   0.0161563   0.0279036   -0.0247384   -0.0505488   -0.0240288   -0.0482559   -0.0641403   -0.0732861   -0.0764981   -0.0925069   -0.0981311   -0.101907   -0.108412   -0.111376   -0.119599   -0.130675   -0.117964   -0.142361   

45000
-10   -8   -7   -6   -5   -4   -3   -2   -1   0   1   2   3   10   13   14   18   
-0.239747   -0.248988   -0.314007   -0.37591   -0.420252   -0.398208   -0.219931   0.251928   -0.0911973   0.0563191   0.167363   0.273531   0.335858   0.68878   0.818259   0.714252   0.769584   
0.130132   0.118102   0.108091   0.104393   0.0998157   0.0920909   0.0801094   0.0590844   0.0632945   0.060218   0.0605622   0.0630834   0.068537   0.137345   0.169719   0.188807   0.2297   
-0.0285173   -0.0152671   -0.00778091   0.00476825   0.017657   0.0192242   0.00669297   -0.0639021   -0.0427967   -0.0637631   -0.0744118   -0.083123   -0.087001   -0.110616   -0.11784   -0.107322   -0.122172   

50000
-10   -9   -8   -7   -6   -5   -4   -1   0   1   2   3   4   6   7   8   9   10   12   17   
-0.23683   -0.231817   -0.265021   -0.315918   -0.362743   -0.436405   -0.32839   -0.00943459   0.133929   0.245621   0.352924   0.411847   0.469152   0.556167   0.652123   0.696862   0.73788   0.70378   0.672301   0.756648   
0.128231   0.125088   0.118095   0.106253   0.101228   0.098438   0.0875807   0.0591429   0.0559367   0.0563072   0.0581554   0.0634803   0.0705268   0.0883593   0.0930624   0.100498   0.115744   0.135594   0.167642   0.218002   
-0.0288544   -0.0220261   -0.0158411   -0.00910648   0.00200233   0.0136017   0.00053555   -0.0586164   -0.0742758   -0.0843758   -0.0904234   -0.091966   -0.0941631   -0.0976456   -0.097626   -0.0960986   -0.101728   -0.10934   -0.104579   -0.11794   

55000
-10   -7   -6   -5   -4   -1   0   1   2   3   4   5   6   7   9   10   11   14   15   17   18   
-0.24046   -0.432682   -0.479932   -0.345186   -0.266846   0.0394481   0.190181   0.325149   0.403592   0.47043   0.540449   0.555024   0.638121   0.70764   0.791355   0.706294   0.750782   0.914379   0.959257   0.983253   1.01587   
0.127346   0.0957308   0.0884632   0.0927672   0.0829473   0.0555624   0.05215   0.0508683   0.0537432   0.0586237   0.0645543   0.0749684   0.0800341   0.0862923   0.105634   0.133343   0.145272   0.168383   0.178647   0.21601   0.227423   
-0.0291554   -0.0166338   -0.0112854   -0.00196094   -0.0130219   -0.0658042   -0.0832052   -0.0920447   -0.0941503   -0.0953653   -0.0968223   -0.0964723   -0.0967181   -0.0962444   -0.0963881   -0.107817   -0.110526   -0.109607   -0.11125   -0.131054   -0.136726   

60000
-8   -7   -6   -5   -4   -3   -1   0   1   2   3   5   7   8   10   13   14   15   17   
-0.344446   -0.469094   -0.495978   -0.30166   -0.240939   -0.161501   0.100444   0.278407   0.385741   0.517365   0.619407   0.635037   0.770607   0.810391   0.765432   0.902859   0.959137   1.00916   0.989838   
0.103007   0.0892465   0.0837257   0.0889874   0.0798883   0.0714394   0.0514693   0.0465038   0.0459814   0.0453175   0.0472173   0.0676356   0.0786819   0.085477   0.125392   0.153588   0.158207   0.166042   0.214534   
-0.0244502   -0.0197332   -0.0138845   -0.0137663   -0.0246362   -0.0236811   -0.0756341   -0.0935507   -0.097872   -0.103255   -0.104879   -0.0978424   -0.0952099   -0.0923008   -0.102134   -0.104159   -0.102362   -0.10239   -0.129532   

65000
-8   -6   -5   -4   -2   -1   1   2   3   4   5   6   7   14   15   16   
-0.376292   -0.459156   -0.269097   -0.196732   -0.00911688   0.176283   0.487911   0.635066   0.698678   0.736197   0.786898   1.01894   0.914863   1.00147   1.02096   0.991959   
0.0978657   0.0773524   0.0855562   0.0757688   0.0555686   0.0467781   0.0393508   0.0375161   0.0409162   0.0467258   0.053097   0.0450372   0.062369   0.148828   0.160579   0.190509   
-0.0267192   -0.028638   -0.0233866   -0.0317253   -0.0610898   -0.0868068   -0.109046   -0.115126   -0.111398   -0.105433   -0.101942   -0.109385   -0.0951583   -0.0963499   -0.0997324   -0.115591   

70000
-8   -7   -4   -3   -2   -1   0   1   2   3   4   5   6   7   8   9   10   11   12   13   16   
-0.649288   -0.590218   -0.17818   -0.0810209   -0.0124701   0.24981   0.394608   0.55863   0.674875   0.788695   0.887135   0.980574   1.05347   1.1273   1.26048   1.25538   1.37153   1.41738   0.883158   0.98698   1.42223   
0.0422452   0.0447904   0.0641891   0.0639907   0.0578118   0.0422313   0.0381446   0.0345411   0.0340814   0.0346303   0.0365524   0.0385149   0.0409764   0.0427806   0.0428402   0.0491049   0.0475127   0.0505061   0.13887   0.134968   0.0956931   
-0.072067   -0.0631269   -0.0605584   -0.0437586   -0.0338962   -0.0979713   -0.10751   -0.117017   -0.119059   -0.120223   -0.119254   -0.116696   -0.111306   -0.10591   -0.106565   -0.0925978   -0.0892354   -0.0808259   -0.0999445   -0.0926276   -0.0596643   

75000
-9   -8   -7   -6   -5   -4   -3   -2   -1   0   1   2   3   4   5   6   7   8   9   10   11   12   13   14   15   16   
-0.341493   -0.652761   -0.589577   -0.413492   -0.25324   -0.139543   -0.0431554   0.085258   0.283794   0.451109   0.591303   0.72264   0.834097   0.920416   1.02386   1.13389   1.19913   1.26891   1.36802   1.44432   1.51499   1.504   1.49988   1.46717   1.49384   1.48962   
0.104479   0.0384471   0.0388106   0.0601526   0.069932   0.0689318   0.0565647   0.0497432   0.0393411   0.0344223   0.0318555   0.0307433   0.0313996   0.033473   0.0346046   0.0351832   0.0372746   0.040294   0.0405305   0.0414133   0.0427627   0.0481001   0.0550575   0.0660821   0.0723151   0.0850088   
-0.0325661   -0.075191   -0.0696207   -0.0602195   -0.0535156   -0.0474405   -0.0655085   -0.0717482   -0.103878   -0.11534   -0.12101   -0.124637   -0.125237   -0.122134   -0.120389   -0.119087   -0.112381   -0.106242   -0.102145   -0.0954493   -0.0886046   -0.0750704   -0.0662451   -0.060448   -0.0568176   -0.0559232   

80000
-9   -8   -7   -5   -4   -2   -1   0   1   2   3   4   5   6   7   8   9   10   11   12   13   14   15   16   17   
-0.377183   -0.654282   -0.579795   -0.234233   -0.114278   0.185591   0.331277   0.49459   0.623801   0.74394   0.852639   0.961079   1.04558   1.13987   1.22662   1.34002   1.41759   1.48234   1.50595   1.52966   1.53628   1.53688   1.48905   1.52694   1.49336   
0.0982949   0.03587   0.0358796   0.0623029   0.0540299   0.0414342   0.0360132   0.0314418   0.0294479   0.0288985   0.0295417   0.0304874   0.0322793   0.0335264   0.0343773   0.0350816   0.0362099   0.0377905   0.0410031   0.0444954   0.050169   0.0572645   0.0712631   0.0791407   0.0969997   
-0.0354657   -0.0771393   -0.073985   -0.0666769   -0.0796615   -0.102552   -0.111651   -0.121747   -0.125509   -0.12726   -0.127084   -0.126428   -0.122203   -0.119044   -0.114669   -0.113358   -0.106876   -0.0989742   -0.0866428   -0.0762395   -0.0671567   -0.0604184   -0.0568363   -0.0544802   -0.0570708   

85000
-9   -8   -7   -6   -4   -3   -2   -1   0   1   2   3   4   5   6   7   8   9   10   11   12   13   14   15   16   17   
-0.716398   -0.654555   -0.54967   -0.364046   -0.0853409   0.0558683   0.216918   0.363439   0.508992   0.645828   0.76206   0.869066   0.967165   1.06858   1.17237   1.26342   1.33766   1.42258   1.48846   1.53233   1.54354   1.54462   1.52661   1.52645   1.54793   1.27203   
0.0408476   0.0335966   0.0344835   0.0531242   0.0493336   0.0455127   0.0392661   0.0336413   0.0298046   0.0276156   0.027245   0.0279945   0.0291993   0.0301649   0.0309283   0.0315132   0.0335631   0.034397   0.0359173   0.0381197   0.0420444   0.0479332   0.0567288   0.0658741   0.0756042   0.131982   
-0.0782786   -0.0789877   -0.0804034   -0.0744685   -0.0893539   -0.0938333   -0.105536   -0.11594   -0.123335   -0.12807   -0.129208   -0.12877   -0.126653   -0.124507   -0.122505   -0.118587   -0.112279   -0.106786   -0.0990504   -0.088872   -0.076807   -0.0671255   -0.0600187   -0.0560385   -0.0538949   -0.0777771   

90000
-10   -9   -8   -7   -5   -4   -3   -2   -1   0   1   2   3   4   5   6   7   8   9   10   11   12   13   14   15   16   17   
-0.75327   -0.721176   -0.656135   -0.525126   -0.200058   -0.0593335   0.0917401   0.256867   0.3985   0.531662   0.655875   0.771877   0.880091   0.986173   1.07649   1.17155   1.26158   1.3661   1.43629   1.49277   1.52996   1.53887   1.54391   1.53723   1.53849   1.56848   1.56224   
0.0487554   0.0381362   0.0328475   0.0336376   0.0517164   0.0476021   0.042477   0.0360507   0.0310652   0.027993   0.0264118   0.026156   0.0268075   0.0275842   0.0288445   0.0298818   0.0303134   0.0310164   0.032454   0.034274   0.0366859   0.0407393   0.0465327   0.0544734   0.0635372   0.0724691   0.0861793   
-0.0779274   -0.0804414   -0.0787228   -0.0849611   -0.0840271   -0.0922591   -0.101119   -0.114468   -0.122887   -0.127191   -0.129497   -0.130395   -0.129965   -0.128714   -0.125033   -0.121864   -0.117717   -0.115283   -0.107957   -0.0989911   -0.0879662   -0.0758784   -0.0667155   -0.0599975   -0.055903   -0.0535185   -0.0536559   

95000
-10   -9   -8   -7   -6   -5   -4   -3   -2   -1   0   1   2   3   4   5   6   7   8   9   10   11   12   13   14   15   16   17   18   
-0.343786   -0.723563   -0.657013   -0.504181   -0.330234   -0.181637   -0.0269751   0.125276   0.26388   0.41741   0.548554   0.671083   0.781596   0.888292   0.987397   1.08644   1.18638   1.27975   1.36406   1.44956   1.50716   1.5259   1.547   1.55589   1.5446   1.52684   1.54885   1.56767   1.52447   
0.10724   0.0366444   0.0319328   0.0319776   0.041306   0.0475565   0.0427274   0.0394214   0.0346903   0.0295351   0.0265592   0.0251446   0.0251031   0.0257694   0.0266573   0.0275347   0.0283413   0.0285038   0.0298781   0.0308535   0.0325668   0.0354443   0.0389816   0.0444797   0.0527899   0.063788   0.0733865   0.0844577   0.103485   
-0.0388838   -0.0811901   -0.0789479   -0.0897815   -0.0933735   -0.0910121   -0.103297   -0.108943   -0.115046   -0.124846   -0.129234   -0.131463   -0.131519   -0.130728   -0.128429   -0.12591   -0.123399   -0.119616   -0.114478   -0.109301   -0.100421   -0.086933   -0.0761546   -0.0670699   -0.0600115   -0.0560836   -0.0539404   -0.0534826   -0.0580695   

100000
-10   -9   -8   -7   -6   -4   -3   -2   -1   0   1   2   3   4   5   6   7   8   9   10   11   12   13   14   15   16   17   18   
-0.777261   -0.725428   -0.657714   -0.486259   -0.312629   -0.00845611   0.153838   0.288534   0.428643   0.55551   0.674515   0.788577   0.893566   1.00051   1.09664   1.19225   1.28319   1.37295   1.44551   1.50316   1.53035   1.54505   1.55058   1.53818   1.53129   1.5589   1.58493   1.5471   
0.0430346   0.0355432   0.0310611   0.0310067   0.0390716   0.0422706   0.0366529   0.0323626   0.028001   0.0255011   0.0243631   0.0243087   0.0249296   0.0255362   0.0264549   0.0273132   0.0273823   0.0284781   0.0298921   0.0315753   0.0340674   0.0379741   0.0438398   0.0524797   0.06256   0.0715488   0.0815339   0.0993701   
-0.0820017   -0.0814414   -0.0791846   -0.0931661   -0.0975314   -0.103246   -0.115972   -0.120763   -0.127668   -0.130782   -0.131976   -0.132377   -0.131202   -0.129975   -0.127013   -0.123843   -0.119627   -0.115234   -0.10832   -0.0994507   -0.0869985   -0.0756531   -0.0665704   -0.0598496   -0.0560928   -0.0538004   -0.052965   -0.0566354   

105000
-10   -9   -8   -7   -6   -5   -4   -3   -2   -1   0   1   2   3   4   5   6   7   8   9   10   11   12   13   14   15   16   17   18   
-0.783138   -0.727008   -0.643416   -0.469253   -0.29866   -0.141973   0.0132981   0.168407   0.303338   0.437619   0.563247   0.682339   0.791908   0.901253   0.998658   1.09696   1.19452   1.28697   1.38216   1.44983   1.49882   1.53113   1.53878   1.5468   1.53796   1.52384   1.54344   1.5717   1.56333   
0.0413123   0.0346092   0.0304263   0.0299839   0.0369708   0.0415768   0.0398339   0.0358778   0.0310667   0.0270106   0.0245658   0.0235072   0.0235881   0.0240938   0.0248542   0.0256396   0.0264253   0.0262954   0.0273174   0.0287957   0.0306283   0.0330165   0.0373086   0.0432097   0.0517132   0.0627258   0.072438   0.082059   0.096276   
-0.0828805   -0.0815968   -0.081881   -0.0964639   -0.101007   -0.101926   -0.108258   -0.11608   -0.12258   -0.128456   -0.131465   -0.132901   -0.132646   -0.132049   -0.129357   -0.126694   -0.123805   -0.119719   -0.116203   -0.108562   -0.0984046   -0.0867259   -0.0748358   -0.0662087   -0.0598221   -0.056332   -0.0543037   -0.0535203   -0.0557471   

110000
-10   -9   -8   -7   -6   -5   -4   -3   -2   -1   0   1   2   3   4   5   6   7   8   9   10   11   12   13   14   15   16   17   18   
-0.789518   -0.728394   -0.625001   -0.454558   -0.281588   -0.122467   0.0329984   0.187308   0.321784   0.450592   0.571036   0.68687   0.800605   0.90142   1.00437   1.10445   1.20206   1.29725   1.37835   1.45874   1.49925   1.52299   1.53735   1.54664   1.54274   1.52629   1.55086   1.5667   1.56795   
0.0393631   0.0336994   0.02995   0.0288136   0.0352538   0.0369713   0.0376046   0.0338722   0.0291335   0.0257216   0.0236341   0.022834   0.0229312   0.0235063   0.0240517   0.0247515   0.0254607   0.0251679   0.0265699   0.027772   0.0296757   0.032368   0.0365054   0.0424158   0.0506159   0.0619357   0.0710135   0.0818076   0.0946928   
-0.0841851   -0.0818343   -0.0851119   -0.0995109   -0.104612   -0.110323   -0.11287   -0.120402   -0.126969   -0.130901   -0.132887   -0.133701   -0.133919   -0.131859   -0.129925   -0.127495   -0.124583   -0.120858   -0.115319   -0.109582   -0.0980773   -0.085436   -0.0744834   -0.066068   -0.0598657   -0.056392   -0.054241   -0.0538713   -0.0556431   

115000
-10   -9   -8   -7   -6   -5   -4   -3   -2   -1   0   1   2   3   4   5   6   7   8   9   10   11   12   13   14   15   16   17   18   
-0.791188   -0.729624   -0.607809   -0.442523   -0.27346   -0.10712   0.0504643   0.198323   0.335315   0.457172   0.574426   0.689394   0.798997   0.906037   1.00893   1.10766   1.2055   1.29496   1.3811   1.45278   1.50194   1.51965   1.53861   1.54882   1.5376   1.51978   1.53456   1.57288   1.57862   
0.0386572   0.0329286   0.0294116   0.0276516   0.0334586   0.0348875   0.0355872   0.0319069   0.0279191   0.0247729   0.0229758   0.0222563   0.0223973   0.0228097   0.0233848   0.0240416   0.0247484   0.0249349   0.02573   0.0271371   0.0287949   0.0316519   0.0356887   0.0416   0.0505515   0.0622219   0.072315   0.0803912   0.0924757   
-0.0838897   -0.0819445   -0.0881992   -0.102072   -0.106906   -0.113975   -0.116983   -0.123966   -0.129395   -0.132332   -0.133343   -0.133824   -0.133404   -0.132283   -0.130368   -0.127716   -0.124843   -0.12046   -0.115434   -0.108425   -0.0981427   -0.0847713   -0.0744045   -0.0660784   -0.0598395   -0.0566797   -0.0549165   -0.0538044   -0.0552305   

120000
-10   -9   -8   -7   -6   -5   -4   -3   -2   -1   0   1   2   3   4   5   6   7   8   9   10   11   12   13   14   15   16   17   18   
-0.793425   -0.73094   -0.594123   -0.4285   -0.260191   -0.0944859   0.0651675   0.208106   0.338845   0.460176   0.580046   0.695486   0.802362   0.907386   1.00779   1.10759   1.20421   1.29711   1.38741   1.45074   1.49797   1.51822   1.53464   1.54367   1.53446   1.52214   1.528   1.55401   1.56291   
0.037832   0.0325218   0.0288254   0.0269152   0.0320192   0.0348783   0.0337241   0.0301877   0.0271203   0.0241079   0.022295   0.0216598   0.0218466   0.0222781   0.0228234   0.0234724   0.0241344   0.0243911   0.0249447   0.0264742   0.0281495   0.030956   0.0352592   0.0413902   0.0503734   0.0615749   0.0726462   0.0820922   0.0938692   
-0.0838848   -0.0815526   -0.0906727   -0.104549   -0.109696   -0.11411   -0.120536   -0.127122   -0.129754   -0.132458   -0.134105   -0.134741   -0.133833   -0.132325   -0.129957   -0.127463   -0.124378   -0.120586   -0.116164   -0.107868   -0.097276   -0.08437   -0.073937   -0.0657733   -0.0598722   -0.0567417   -0.0553693   -0.0548366   -0.0564024   

125000
-10   -9   -8   -7   -6   -5   -4   -3   -2   -1   0   1   2   3   4   5   6   7   8   9   10   11   12   13   14   15   16   17   18   
-0.796551   -0.731992   -0.580052   -0.419062   -0.247108   -0.0814675   0.0780654   0.21449   0.345515   0.467486   0.583355   0.69611   0.80742   0.907862   1.01076   1.1104   1.2069   1.30253   1.38426   1.45137   1.4922   1.5189   1.5314   1.54118   1.53331   1.51616   1.53041   1.54834   1.56882   
0.0366966   0.0318996   0.0282814   0.0260879   0.0307128   0.0330051   0.0320149   0.0298448   0.0258869   0.0231982   0.0216557   0.0212131   0.0213956   0.0217803   0.0222728   0.0228218   0.0234912   0.0237501   0.0244019   0.0258176   0.0275931   0.0303044   0.0348501   0.0410482   0.050055   0.0619578   0.0719686   0.0822996   0.0924093   
-0.0843244   -0.0816186   -0.0932196   -0.106309   -0.11237   -0.117439   -0.123692   -0.126633   -0.131634   -0.133926   -0.134792   -0.134887   -0.134527   -0.132192   -0.130217   -0.127653   -0.124546   -0.1212   -0.11547   -0.107735   -0.0961728   -0.0842612   -0.0735618   -0.0656228   -0.0599235   -0.05706   -0.0554738   -0.0553836   -0.0563535   

130000
-10   -9   -8   -7   -6   -5   -4   -3   -2   -1   0   1   2   3   4   5   6   7   8   9   10   11   12   13   14   15   16   17   18   
-0.797507   -0.723306   -0.56796   -0.407347   -0.240636   -0.0796544   0.0895015   0.223965   0.354379   0.473079   0.585871   0.697417   0.805148   0.910614   1.01487   1.11549   1.21203   1.30121   1.38222   1.45344   1.48897   1.51359   1.52969   1.54003   1.53401   1.51453   1.51798   1.54946   1.56141   
0.0363466   0.0315047   0.0277465   0.0253895   0.0294028   0.0301186   0.0304496   0.0285611   0.0247101   0.0224059   0.0211702   0.0207759   0.0209568   0.0212632   0.0217197   0.0222623   0.0228696   0.023324   0.023864   0.0252092   0.0270426   0.02992   0.0344095   0.0406564   0.0496087   0.0618735   0.0732324   0.0817225   0.0929824   
-0.0837551   -0.0830415   -0.0953956   -0.10838   -0.113989   -0.120622   -0.126506   -0.12885   -0.133973   -0.135284   -0.135202   -0.134893   -0.133978   -0.132446   -0.130678   -0.128276   -0.125145   -0.120797   -0.114951   -0.107859   -0.0954771   -0.0834946   -0.0733282   -0.0655387   -0.0599524   -0.0572597   -0.0562437   -0.0555969   -0.0571119   

135000
-10   -9   -8   -7   -6   -5   -4   -3   -2   -1   0   1   2   3   4   5   6   7   8   9   10   11   12   13   14   15   16   17   18   
-0.799951   -0.708024   -0.556551   -0.396037   -0.231467   -0.058666   0.0997132   0.232905   0.359307   0.473407   0.588628   0.700847   0.80666   0.912046   1.01292   1.11319   1.20925   1.29922   1.3827   1.45193   1.48701   1.51066   1.52873   1.53961   1.5318   1.51356   1.51228   1.5346   1.5493   
0.0354396   0.0309444   0.0272748   0.0247315   0.0282619   0.0299025   0.029035   0.0272385   0.0242606   0.0219879   0.0207099   0.0203464   0.0205225   0.0208386   0.0212923   0.0218382   0.0224489   0.0229008   0.0233293   0.0247196   0.0265198   0.0295064   0.0339866   0.0402783   0.0495248   0.0617548   0.0737307   0.0834295   0.094372   
-0.0839797   -0.0859643   -0.0974293   -0.110369   -0.115916   -0.122913   -0.128986   -0.131188   -0.134147   -0.13498   -0.135474   -0.135393   -0.134128   -0.132553   -0.1302   -0.127725   -0.124514   -0.12028   -0.114845   -0.107455   -0.094991   -0.0830287   -0.0731677   -0.0654881   -0.0600257   -0.0574312   -0.0567744   -0.056697   -0.0582599   

140000
-10   -9   -8   -7   -6   -5   -4   -3   -2   -1   0   1   2   3   4   5   6   7   8   9   10   11   12   13   14   15   16   17   18   
-0.801187   -0.695346   -0.54623   -0.389402   -0.221625   -0.0485349   0.108933   0.241058   0.36207   0.476621   0.590796   0.701265   0.809972   0.911095   1.01312   1.11283   1.20855   1.29983   1.38452   1.44777   1.48612   1.50881   1.52735   1.53765   1.53059   1.51017   1.51035   1.52707   1.54583   
0.0350645   0.0306213   0.0267977   0.0240304   0.0272274   0.0286455   0.0277408   0.0260096   0.0235839   0.0214221   0.0202448   0.0199574   0.0201749   0.0204653   0.0208904   0.0213886   0.0219878   0.0224521   0.0228376   0.0242802   0.0260372   0.0290968   0.033659   0.0400893   0.0493624   0.061986   0.0737693   0.0842379   0.0945752   
-0.083538   -0.0880285   -0.0992816   -0.111574   -0.117886   -0.125164   -0.131227   -0.133356   -0.134691   -0.135496   -0.135856   -0.135479   -0.134596   -0.132248   -0.130072   -0.12749   -0.124211   -0.120194   -0.114982   -0.10663   -0.0946898   -0.0827024   -0.0730058   -0.065434   -0.0601003   -0.0577251   -0.0571277   -0.0574726   -0.0588893   

145000
-10   -9   -8   -7   -6   -5   -4   -3   -2   -1   0   1   2   3   4   5   6   7   8   9   10   11   12   13   14   15   16   17   18   
-0.802906   -0.682867   -0.533613   -0.379077   -0.211997   -0.0390501   0.117212   0.248729   0.364377   0.481139   0.592096   0.702058   0.808891   0.911594   1.01432   1.11427   1.20994   1.30185   1.38473   1.44527   1.48451   1.50756   1.52595   1.53648   1.52952   1.50924   1.50565   1.52365   1.54544   
0.0345171   0.0302309   0.0263124   0.0234427   0.0262756   0.0275384   0.0265648   0.0249353   0.0227855   0.0208007   0.0198009   0.0196501   0.0198128   0.0200518   0.0204555   0.0209741   0.021535   0.0220366   0.0224303   0.0238458   0.0256297   0.028714   0.0333744   0.0398654   0.0492286   0.0619206   0.0742657   0.084512   0.0943878   
-0.0833155   -0.0901726   -0.101603   -0.113362   -0.119773   -0.127194   -0.133233   -0.135326   -0.135474   -0.136415   -0.136182   -0.135548   -0.134272   -0.13218   -0.130107   -0.127563   -0.124265   -0.120369   -0.114894   -0.10607   -0.0943156   -0.0824597   -0.0728668   -0.0654113   -0.0601766   -0.0579152   -0.0576359   -0.0580266   -0.0592649   

150000
-10   -9   -8   -7   -6   -4   -3   -2   -1   0   1   2   3   4   5   6   7   8   9   10   11   12   13   14   15   16   17   18   
-0.804764   -0.671797   -0.527252   -0.368233   -0.202722   0.124679   0.254375   0.368533   0.482226   0.594055   0.703072   0.808376   0.913328   1.01644   1.11639   1.2127   1.30074   1.38125   1.44331   1.48079   1.50652   1.52477   1.53523   1.52833   1.50773   1.50108   1.51851   1.53377   
0.0338329   0.0297626   0.0258535   0.0228976   0.0253933   0.0255085   0.0245015   0.0219903   0.0202743   0.0194786   0.0193132   0.0194546   0.0196805   0.0200696   0.0205844   0.0211561   0.0217077   0.0220585   0.0234239   0.025283   0.0283769   0.0330985   0.039665   0.0491477   0.0619685   0.0748081   0.0851249   0.0960715   
-0.0834269   -0.0921896   -0.10272   -0.115232   -0.121566   -0.135024   -0.135879   -0.136612   -0.136838   -0.136467   -0.135604   -0.134079   -0.132356   -0.130331   -0.127771   -0.12458   -0.120054   -0.114196   -0.105588   -0.0936526   -0.0822587   -0.0727469   -0.0653765   -0.0602724   -0.0581313   -0.0581714   -0.0586706   -0.0604803   

155000
-10   -9   -8   -7   -6   -5   -4   -3   -2   -1   0   1   2   3   4   5   6   7   8   9   10   11   12   13   14   15   16   17   18   
-0.805958   -0.661785   -0.516747   -0.364213   -0.193777   -0.0223805   0.123167   0.253723   0.373059   0.483551   0.595813   0.705163   0.809386   0.913917   1.01538   1.11583   1.20969   1.298   1.37938   1.44179   1.47832   1.50484   1.52347   1.53382   1.52754   1.50562   1.49847   1.51169   1.52768   
0.0336909   0.02942   0.0253879   0.0223112   0.0245745   0.0256124   0.025396   0.0239966   0.021387   0.0199249   0.0191554   0.0190054   0.0191201   0.0193663   0.0197453   0.0202453   0.0208072   0.0213952   0.0216937   0.0230329   0.0249447   0.028094   0.032858   0.0395054   0.0490203   0.0621342   0.075095   0.0860774   0.0969394   
-0.082686   -0.0938566   -0.104661   -0.115933   -0.123274   -0.130661   -0.133918   -0.135663   -0.137661   -0.136974   -0.136645   -0.135919   -0.134175   -0.132363   -0.13004   -0.12756   -0.12394   -0.119464   -0.113768   -0.105187   -0.0931853   -0.0820112   -0.0726196   -0.0653243   -0.0603271   -0.0584054   -0.0586071   -0.0594589   -0.061321   

160000
-10   -9   -8   -7   -6   -5   -4   -3   -2   -1   0   1   2   3   4   5   6   7   8   9   10   11   13   14   15   16   17   18   
-0.793892   -0.65004   -0.507504   -0.356443   -0.185173   -0.0151026   0.127144   0.256055   0.374249   0.485134   0.595831   0.704717   0.811174   0.912688   1.01458   1.11437   1.20821   1.2967   1.37838   1.44151   1.47652   1.5037   1.53331   1.52671   1.50479   1.4969   1.50736   1.52435   
0.0331609   0.0290967   0.0249404   0.0218037   0.0238136   0.0247515   0.0246361   0.0232456   0.0211008   0.0195734   0.0188299   0.0186926   0.0188488   0.0190798   0.0194549   0.0199299   0.0204753   0.021074   0.0213428   0.0226867   0.024622   0.0278142   0.039326   0.0489588   0.0621366   0.0752379   0.0866868   0.0973944   
-0.0849195   -0.0958608   -0.10638   -0.117258   -0.1249   -0.132156   -0.134765   -0.136379   -0.137468   -0.137102   -0.136627   -0.135835   -0.134409   -0.13204   -0.129782   -0.127194   -0.123556   -0.119121   -0.113487   -0.105016   -0.0928261   -0.0818298   -0.0653386   -0.0604347   -0.0586086   -0.0589667   -0.0601023   -0.0619572   

165000
-10   -9   -8   -7   -6   -5   -4   -3   -2   -1   0   1   2   3   4   5   6   7   8   9   10   11   12   13   14   15   16   17   18   
-0.78218   -0.643697   -0.501637   -0.347889   -0.17695   -0.00827956   0.131428   0.259405   0.374478   0.48702   0.596386   0.705036   0.810484   0.912287   1.01436   1.11421   1.20798   1.29624   1.37795   1.43794   1.47518   1.5026   1.52203   1.53329   1.52593   1.50391   1.49438   1.50424   1.52253   
0.0325658   0.0286974   0.0245307   0.0213348   0.0231052   0.0239492   0.0238307   0.0224888   0.0206798   0.0191894   0.0184934   0.0184292   0.0185802   0.0187559   0.0191189   0.0196444   0.0201682   0.0207753   0.0210153   0.022376   0.0243212   0.0275566   0.0324234   0.0391347   0.0488904   0.0621615   0.075599   0.0871188   0.0976101   
-0.0873142   -0.0969464   -0.107435   -0.118711   -0.126439   -0.133552   -0.13578   -0.137307   -0.137502   -0.137431   -0.136756   -0.135868   -0.134193   -0.131867   -0.129632   -0.127043   -0.123388   -0.118926   -0.113312   -0.104301   -0.0925432   -0.0816569   -0.0724946   -0.0653949   -0.0605193   -0.0588067   -0.0593962   -0.060656   -0.0623994   

170000
-10   -9   -8   -7   -6   -5   -4   -3   -2   -1   0   1   2   3   4   5   6   7   8   9   10   11   12   13   14   15   16   17   18   
-0.771081   -0.634064   -0.492669   -0.339138   -0.169909   -0.00186885   0.135638   0.262936   0.376111   0.487344   0.597687   0.705517   0.809454   0.912611   1.01479   1.11432   1.20823   1.29628   1.37847   1.43457   1.47405   1.50138   1.52173   1.53281   1.52496   1.50279   1.49271   1.50135   1.51622   
0.032303   0.0283016   0.0240891   0.020893   0.0224453   0.0231992   0.0230325   0.0217601   0.0201789   0.0187942   0.0181898   0.0181997   0.0182846   0.0184592   0.0188159   0.0193255   0.0198584   0.0204938   0.020728   0.0220799   0.0240478   0.0273298   0.0322138   0.0389863   0.0488348   0.0622744   0.0758555   0.0875614   0.0986727   
-0.0890674   -0.098677   -0.109109   -0.120198   -0.12775   -0.134858   -0.136821   -0.138271   -0.137906   -0.137577   -0.137024   -0.135872   -0.13393   -0.131832   -0.129604   -0.126956   -0.123322   -0.118834   -0.113317   -0.103628   -0.0923029   -0.0814799   -0.072478   -0.0654191   -0.0605647   -0.059067   -0.0597881   -0.0611526   -0.0632346   

175000
-10   -9   -8   -7   -5   -4   -3   -2   -1   0   1   2   3   4   5   6   7   8   9   10   12   13   14   15   16   17   18   
-0.762473   -0.623514   -0.482966   -0.330471   0.0041656   0.139639   0.266447   0.37842   0.488554   0.599493   0.706129   0.809402   0.913369   1.01568   1.11498   1.20895   1.2971   1.37637   1.43203   1.47285   1.52094   1.53187   1.52468   1.50233   1.49148   1.49813   1.51222   
0.0320525   0.0279967   0.0236424   0.0204716   0.0224951   0.0222651   0.0210879   0.0196579   0.0184116   0.0180085   0.0179466   0.0180103   0.0181936   0.0185536   0.019049   0.0196114   0.0202691   0.0204589   0.0217991   0.0238017   0.0320474   0.0388823   0.0487658   0.0622846   0.0760389   0.088115   0.0993621   
-0.0902852   -0.100509   -0.110942   -0.121672   -0.136083   -0.137825   -0.139209   -0.13849   -0.137895   -0.137313   -0.135914   -0.133854   -0.131886   -0.129672   -0.126974   -0.123365   -0.118899   -0.112881   -0.103102   -0.092067   -0.0724228   -0.0654135   -0.0606838   -0.0592706   -0.0601473   -0.0616942   -0.0638825   

180000
-10   -9   -8   -7   -6   -5   -4   -3   -2   -1   0   1   2   3   4   5   6   7   8   9   10   11   12   13   14   15   16   17   18   
-0.752918   -0.619337   -0.477894   -0.328446   -0.161818   0.000741003   0.143433   0.269992   0.381138   0.490328   0.599409   0.707226   0.809836   0.913568   1.01525   1.11501   1.20635   1.29434   1.37373   1.42993   1.4715   1.50006   1.51967   1.53043   1.52402   1.5019   1.49037   1.49576   1.50941   
0.0317003   0.027666   0.0232837   0.020033   0.021255   0.0218582   0.0215403   0.0204964   0.0191688   0.0181159   0.0177566   0.0177221   0.0177566   0.0179702   0.0183307   0.0188156   0.0193632   0.0200232   0.0201923   0.0215335   0.0235613   0.0269046   0.0319251   0.0388323   0.0487232   0.0622733   0.0761874   0.0885267   0.0998478   
-0.0919033   -0.101205   -0.11183   -0.121979   -0.129256   -0.13561   -0.138778   -0.140108   -0.139154   -0.138262   -0.137226   -0.136076   -0.133872   -0.131852   -0.129519   -0.126901   -0.122813   -0.118335   -0.112348   -0.102661   -0.091814   -0.0812768   -0.0723304   -0.0653798   -0.0607628   -0.0594297   -0.0604588   -0.0621718   -0.0644206   

185000
-10   -9   -8   -7   -6   -5   -4   -3   -2   -1   0   1   2   3   4   5   6   7   8   9   10   11   12   13   15   16   17   18   
-0.743162   -0.611398   -0.472047   -0.322538   -0.155064   0.00497424   0.147115   0.269957   0.381479   0.49163   0.598929   0.706286   0.810645   0.912498   1.0141   1.11332   1.20479   1.29273   1.37178   1.42828   1.47044   1.49975   1.51855   1.52975   1.50217   1.49043   1.49358   1.50779   
0.0313134   0.0273151   0.0229144   0.0196367   0.0207131   0.0212343   0.0208621   0.0201495   0.0187889   0.0178997   0.0175133   0.0174655   0.0175443   0.0177577   0.0181016   0.0185874   0.0191249   0.0197975   0.0199377   0.0212862   0.0233328   0.026701   0.0318152   0.038745   0.0622623   0.076241   0.0889035   0.1001   
-0.093654   -0.102625   -0.112899   -0.122963   -0.130476   -0.136489   -0.139689   -0.140126   -0.139373   -0.138411   -0.137103   -0.135887   -0.133961   -0.13158   -0.129231   -0.126515   -0.122447   -0.117975   -0.111935   -0.102304   -0.0916088   -0.0812227   -0.0722524   -0.0653862   -0.0596533   -0.0607232   -0.0626156   -0.0647966   

190000
-10   -9   -8   -7   -6   -4   -3   -2   -1   0   1   2   3   4   5   6   7   8   9   10   11   12   13   14   15   16   17   18   
-0.736984   -0.602228   -0.464519   -0.315899   -0.14838   0.150631   0.270266   0.382102   0.491074   0.599087   0.706137   0.810578   0.911771   1.01339   1.11228   1.20378   1.29164   1.3702   1.42699   1.46946   1.49913   1.51931   1.52974   1.52319   1.50235   1.49051   1.49194   1.50554   
0.0308692   0.0269625   0.0225253   0.0192621   0.0202021   0.0202335   0.0199021   0.0185475   0.0176567   0.0172728   0.0172332   0.0173817   0.0175035   0.0178525   0.0183561   0.0188859   0.0195796   0.0196958   0.0210611   0.0231221   0.026525   0.0316131   0.0386182   0.0486257   0.0622311   0.0762776   0.08916   0.100497   
-0.0948696   -0.104289   -0.11431   -0.124076   -0.131679   -0.140546   -0.139924   -0.139419   -0.138248   -0.137121   -0.135841   -0.133879   -0.131384   -0.129034   -0.126248   -0.122188   -0.117706   -0.111591   -0.102018   -0.09142   -0.081138   -0.0723313   -0.065435   -0.0609248   -0.0598393   -0.0609794   -0.0629531   -0.0651995   

195000
-10   -9   -8   -7   -6   -5   -4   -3   -2   -1   0   1   2   3   4   5   6   7   8   9   10   11   12   13   14   15   16   17   18   
-0.729323   -0.595449   -0.45661   -0.309102   -0.14177   0.0131276   0.153982   0.271494   0.382762   0.491226   0.599652   0.706402   0.809518   0.911437   1.01306   1.11158   1.20317   1.29077   1.36893   1.42604   1.46845   1.49822   1.51937   1.52886   1.52288   1.50213   1.49012   1.49111   1.50323   
0.0307201   0.0266392   0.0221406   0.0189029   0.0197199   0.0201016   0.0196712   0.0195242   0.0182938   0.0174061   0.0170388   0.017046   0.0171308   0.0172713   0.0176235   0.0181208   0.0186701   0.0193665   0.0194688   0.0208582   0.0229286   0.0263767   0.0314599   0.0385638   0.0485786   0.0622313   0.0763644   0.0893776   0.100933   
-0.0958983   -0.105526   -0.115797   -0.125217   -0.132867   -0.13814   -0.141321   -0.140151   -0.139413   -0.138258   -0.137231   -0.135852   -0.133637   -0.131261   -0.128906   -0.12605   -0.122004   -0.117482   -0.111302   -0.101799   -0.0912337   -0.0810246   -0.0723546   -0.0654371   -0.0610106   -0.0600033   -0.0612422   -0.0632674   -0.0656374   

200000
-10   -9   -8   -7   -5   -4   -3   -2   -1   0   1   2   3   4   5   6   7   8   9   10   11   12   13   14   15   16   17   18   
-0.720659   -0.591204   -0.448565   -0.30226   0.0169866   0.157184   0.273093   0.383927   0.491863   0.600626   0.706721   0.809022   0.911351   1.01299   1.11121   1.20315   1.2902   1.36799   1.42454   1.46739   1.49699   1.5189   1.52829   1.52193   1.50336   1.48949   1.49033   1.50213   
0.0304834   0.0263245   0.0217628   0.0185573   0.0195845   0.0191643   0.0191059   0.0180142   0.0171495   0.0168293   0.0168973   0.0169081   0.0170561   0.0174161   0.0179086   0.0184871   0.0191753   0.019263   0.0206577   0.0227542   0.0262584   0.0313481   0.0384979   0.0485887   0.062092   0.0764672   0.0895566   0.101119   
-0.0972881   -0.106323   -0.117312   -0.12637   -0.138908   -0.142037   -0.140527   -0.13959   -0.138388   -0.137423   -0.135846   -0.133499   -0.131186   -0.128829   -0.125912   -0.121935   -0.11731   -0.111078   -0.101492   -0.0910473   -0.0808811   -0.0723362   -0.065452   -0.0610636   -0.0601519   -0.0614781   -0.0635614   -0.065928   

205000
-10   -9   -8   -7   -6   -5   -4   -3   -2   -1   0   1   2   3   4   5   6   7   8   9   10   11   12   13   14   15   16   17   18   
-0.713899   -0.584395   -0.443552   -0.295461   -0.129118   0.0206774   0.160317   0.274966   0.384757   0.492776   0.601316   0.70696   0.808844   0.911572   1.0133   1.11136   1.20371   1.29014   1.36736   1.42298   1.46631   1.49724   1.51795   1.52851   1.52225   1.50439   1.49115   1.48918   1.49995   
0.0302116   0.0259916   0.0214501   0.0182248   0.0188345   0.0190962   0.0187209   0.0186818   0.017718   0.016898   0.0166539   0.0166974   0.0167007   0.0168661   0.0172398   0.0177289   0.0183469   0.0190064   0.0190789   0.0204571   0.022599   0.0260878   0.0312739   0.038379   0.048504   0.0619706   0.0762846   0.0897793   0.101543   
-0.0983993   -0.107607   -0.118213   -0.127518   -0.135147   -0.139638   -0.142709   -0.140984   -0.139769   -0.138588   -0.137553   -0.135852   -0.133423   -0.131173   -0.128828   -0.125879   -0.121985   -0.117241   -0.110916   -0.101178   -0.090864   -0.0809016   -0.0722816   -0.0655073   -0.0611623   -0.0602978   -0.0615971   -0.0638603   -0.0663211   

210000
-10   -9   -8   -7   -6   -5   -4   -3   -2   -1   0   1   2   3   4   5   6   7   8   10   11   12   13   14   15   16   17   18   
-0.709099   -0.576784   -0.440457   -0.288736   -0.123353   0.0241905   0.160722   0.276921   0.384842   0.493499   0.601189   0.7071   0.808852   0.911937   1.01365   1.11126   1.20177   1.29039   1.36553   1.466   1.49742   1.51657   1.52789   1.52254   1.50468   1.49192   1.4876   1.49838   
0.0299137   0.025659   0.0211888   0.0179081   0.0184229   0.0186356   0.0184107   0.0182694   0.0174144   0.0166583   0.0165393   0.016516   0.0165059   0.0167094   0.0171007   0.017574   0.0181401   0.0188542   0.0188863   0.0224211   0.0259304   0.0312376   0.0383309   0.048424   0.06193   0.0762114   0.0900342   0.101841   
-0.099203   -0.109043   -0.118705   -0.128653   -0.136183   -0.14033   -0.14273   -0.141466   -0.139851   -0.138768   -0.13749   -0.13585   -0.133383   -0.131192   -0.128838   -0.125808   -0.121579   -0.117244   -0.110533   -0.0907884   -0.0809168   -0.0721919   -0.0655189   -0.0612588   -0.0604461   -0.0617547   -0.0641395   -0.0666367   

215000
-10   -9   -8   -7   -6   -5   -4   -3   -2   -1   0   1   2   3   4   5   6   7   8   10   11   12   13   14   15   16   17   18   
-0.702336   -0.568851   -0.434785   -0.282166   -0.118177   0.0275695   0.160749   0.276848   0.385361   0.493554   0.600755   0.706343   0.809114   0.91111   1.01251   1.10978   1.20043   1.28839   1.3632   1.46577   1.49713   1.51723   1.52662   1.522   1.506   1.49186   1.48698   1.49761   
0.0295965   0.0253352   0.0208871   0.0176013   0.0180272   0.0182012   0.0181289   0.0178843   0.0171116   0.0164358   0.0163355   0.0163139   0.0163332   0.0165614   0.0169241   0.0174095   0.0179539   0.0186705   0.0186883   0.0222505   0.0258016   0.0310869   0.038338   0.0484196   0.061773   0.0762462   0.0901596   0.101948   
-0.100439   -0.110539   -0.119724   -0.129764   -0.137106   -0.14099   -0.14263   -0.141595   -0.14002   -0.138818   -0.137382   -0.135687   -0.133395   -0.130979   -0.128575   -0.125471   -0.121283   -0.116824   -0.110054   -0.0907258   -0.0808847   -0.0722606   -0.0654946   -0.0613257   -0.0605617   -0.0619378   -0.064342   -0.0668293   

220000
-10   -9   -8   -7   -6   -5   -4   -3   -2   -1   0   1   2   3   4   5   6   7   8   9   10   11   12   13   14   15   16   17   18   
-0.694849   -0.562955   -0.428605   -0.275727   -0.113271   0.0308251   0.161591   0.277102   0.386086   0.493892   0.600601   0.705988   0.809651   0.910384   1.01166   1.10857   1.19942   1.28691   1.36131   1.4196   1.46537   1.49642   1.51789   1.52745   1.52147   1.50768   1.49127   1.48661   1.4962   
0.0293519   0.0250338   0.0205821   0.0173036   0.0176487   0.0177917   0.0177939   0.0175227   0.0168221   0.0162707   0.0161522   0.0161245   0.0161958   0.0163745   0.0167319   0.0172151   0.0177822   0.018504   0.0185031   0.0199231   0.0220963   0.0257018   0.030942   0.0381914   0.048414   0.0615755   0.0763373   0.090266   0.102231   
-0.101734   -0.111662   -0.12085   -0.130856   -0.137981   -0.141622   -0.142783   -0.141769   -0.140227   -0.138887   -0.13733   -0.135603   -0.133458   -0.130802   -0.128376   -0.125203   -0.121047   -0.116496   -0.109657   -0.100476   -0.0906443   -0.0808094   -0.0723307   -0.0655744   -0.0613843   -0.0606695   -0.0621193   -0.064541   -0.0671018   

225000
-10   -9   -8   -7   -6   -5   -4   -3   -2   -1   0   1   2   3   4   5   6   7   8   9   10   11   12   13   14   15   16   17   18   
-0.687141   -0.560758   -0.422359   -0.269394   -0.108602   0.0339583   0.162772   0.277827   0.386923   0.494338   0.600713   0.705842   0.80911   0.909839   1.01105   1.10766   1.19862   1.28563   1.35969   1.41861   1.4648   1.49536   1.51802   1.52734   1.52287   1.5084   1.49323   1.48554   1.49514   
0.0291372   0.0247377   0.0202754   0.0170145   0.0172868   0.0174047   0.0174446   0.0171995   0.0165588   0.0161664   0.0159834   0.0159465   0.0160714   0.0161891   0.0165555   0.0170381   0.0176246   0.0183365   0.0183287   0.0197698   0.0219581   0.0256285   0.0308347   0.0381213   0.0482424   0.0614825   0.0760927   0.0904377   0.102441   
-0.103046   -0.112157   -0.122006   -0.131934   -0.138813   -0.142226   -0.143036   -0.141989   -0.140441   -0.138927   -0.137336   -0.135556   -0.133304   -0.130663   -0.128222   -0.124988   -0.120848   -0.116211   -0.109313   -0.100275   -0.0905446   -0.0806982   -0.0723598   -0.0656061   -0.0614947   -0.060788   -0.0621676   -0.0647546   -0.0673328   

230000
-10   -9   -8   -7   -6   -5   -4   -3   -2   -1   0   1   2   3   4   5   6   7   8   9   10   11   12   13   14   15   16   17   18   
-0.683049   -0.555515   -0.416115   -0.26318   -0.104138   0.0369837   0.164119   0.278849   0.387606   0.494417   0.601075   0.70585   0.8085   0.909443   1.0106   1.10695   1.19802   1.28444   1.35825   1.41766   1.46407   1.49513   1.51763   1.52659   1.52312   1.50951   1.49413   1.48563   1.49449   
0.0289145   0.0244267   0.0199776   0.0167342   0.0169408   0.0170383   0.0170969   0.0169205   0.0163411   0.0159795   0.0158252   0.0157856   0.0158953   0.0160175   0.0163916   0.0168759   0.0174894   0.0181754   0.0181656   0.0196293   0.0218357   0.0255255   0.0307647   0.0381059   0.0481779   0.0613482   0.075985   0.0904603   0.102536   
-0.103735   -0.113212   -0.123158   -0.132995   -0.139609   -0.142806   -0.143334   -0.142234   -0.1406   -0.138916   -0.137399   -0.135534   -0.133157   -0.130552   -0.128097   -0.124811   -0.120683   -0.115941   -0.109005   -0.100087   -0.0904257   -0.0806771   -0.0723499   -0.0656058   -0.0615746   -0.0608844   -0.062262   -0.0648856   -0.067486   

235000
-10   -9   -8   -7   -6   -5   -4   -3   -2   -1   0   1   2   3   4   5   6   7   8   9   10   11   12   13   14   15   16   17   18   
-0.679187   -0.549587   -0.409906   -0.259226   -0.0998974   0.0399553   0.165578   0.280062   0.387831   0.494728   0.601638   0.706042   0.808051   0.909206   1.0103   1.10652   1.19757   1.28342   1.35698   1.41675   1.46317   1.49568   1.51685   1.52604   1.52261   1.51134   1.49419   1.48537   1.49395   
0.0286742   0.0241177   0.0196894   0.016477   0.0166095   0.0166915   0.0167581   0.0167092   0.0161863   0.0158199   0.0156792   0.0156565   0.0157182   0.01586   0.0162417   0.0167341   0.0173455   0.0180281   0.018015   0.0195013   0.0217307   0.0253909   0.0307266   0.0380773   0.0481861   0.0611247   0.0759859   0.090521   0.102614   
-0.104418   -0.114386   -0.124303   -0.133637   -0.140364   -0.143374   -0.143658   -0.142476   -0.140649   -0.138957   -0.137509   -0.135538   -0.133047   -0.130472   -0.128   -0.12469   -0.120565   -0.115702   -0.108733   -0.0999098   -0.0902873   -0.080739   -0.0723099   -0.0656117   -0.0616338   -0.0609576   -0.0623842   -0.065026   -0.0676164   

240000
-10   -9   -8   -7   -6   -5   -4   -3   -2   -1   0   1   2   3   4   5   6   7   8   9   10   11   12   13   14   15   16   17   18   
-0.673749   -0.543353   -0.403772   -0.258032   -0.0958551   0.0428294   0.167103   0.28109   0.388004   0.494752   0.601411   0.706443   0.807751   0.909137   1.01022   1.10641   1.19737   1.28261   1.35584   1.41608   1.46259   1.49572   1.51574   1.52684   1.5239   1.51215   1.49342   1.48429   1.49312   
0.0284195   0.023815   0.019411   0.0162415   0.0162924   0.0163641   0.0164324   0.0165022   0.0160398   0.0156551   0.0155093   0.0155905   0.0155559   0.0157192   0.0161127   0.016616   0.0172196   0.0178988   0.0178753   0.01937   0.021623   0.0252874   0.0307144   0.0379488   0.048023   0.0610212   0.0760929   0.090681   0.102801   
-0.10542   -0.11561   -0.125431   -0.133764   -0.141084   -0.14392   -0.143993   -0.142615   -0.140641   -0.138962   -0.137474   -0.135561   -0.132964   -0.130426   -0.127946   -0.124632   -0.120498   -0.115506   -0.10849   -0.0997721   -0.090194   -0.0807477   -0.0722453   -0.0656823   -0.0617216   -0.061051   -0.0625281   -0.0651905   -0.0678116   

245000
-10   -9   -8   -7   -6   -5   -4   -3   -2   -1   0   1   2   3   4   5   7   8   9   10   11   12   13   14   15   16   17   18   
-0.667646   -0.536993   -0.397746   -0.253038   -0.0919793   0.0455885   0.168684   0.281315   0.388054   0.494605   0.601215   0.706423   0.807563   0.909221   1.01032   1.10638   1.28197   1.35482   1.4158   1.46303   1.49531   1.51552   1.52676   1.52513   1.5126   1.49406   1.48426   1.49256   
0.0281645   0.0235264   0.0191416   0.0159897   0.0159889   0.0160559   0.0161265   0.0162852   0.0158512   0.0154834   0.0153473   0.0154458   0.0154042   0.015597   0.0160082   0.0165174   0.0177804   0.0177484   0.0192213   0.0214814   0.0252104   0.0306509   0.0378913   0.0478692   0.0609599   0.076009   0.0906981   0.102901   
-0.106556   -0.116843   -0.126538   -0.134608   -0.141775   -0.144444   -0.14433   -0.142622   -0.14062   -0.138946   -0.137441   -0.13554   -0.132903   -0.130412   -0.127929   -0.124596   -0.115347   -0.108275   -0.0996919   -0.0902368   -0.0807118   -0.0722456   -0.0657102   -0.0618093   -0.0611412   -0.0625928   -0.0652882   -0.0679518   

250000
-9   -8   -7   -6   -5   -4   -3   -2   -1   0   1   2   3   4   5   6   7   8   9   10   11   12   13   14   15   16   17   18   
-0.530723   -0.39187   -0.247837   -0.0882809   0.0482392   0.170331   0.281237   0.388274   0.494605   0.601174   0.705731   0.807494   0.909083   1.01026   1.1053   1.19639   1.28152   1.35395   1.41547   1.46313   1.49459   1.51582   1.52614   1.52535   1.51441   1.4945   1.48434   1.49226   
0.0232389   0.0188819   0.0157441   0.0156982   0.0157669   0.015836   0.016067   0.0156769   0.015317   0.0152053   0.0152723   0.0152635   0.0154786   0.0159231   0.0163948   0.0169715   0.0176689   0.0176337   0.0190844   0.0213585   0.0251555   0.0305569   0.0378807   0.0478171   0.0607303   0.0759496   0.0907007   0.102913   
-0.118077   -0.127615   -0.135495   -0.142435   -0.144944   -0.14468   -0.142608   -0.140644   -0.138962   -0.137429   -0.135394   -0.132866   -0.130357   -0.127875   -0.124342   -0.120255   -0.115237   -0.108093   -0.0996073   -0.0902383   -0.0806448   -0.0722857   -0.0657113   -0.061879   -0.0611857   -0.0626661   -0.0653789   -0.0680271   

255000
-10   -9   -8   -6   -5   -4   -3   -2   -1   0   1   2   3   4   5   6   7   8   9   10   11   12   13   14   15   16   17   18   
-0.654869   -0.524604   -0.392394   -0.0847515   0.0507836   0.171861   0.281416   0.388606   0.494716   0.601252   0.705284   0.807517   0.908658   1.00943   1.10436   1.19555   1.2809   1.35312   1.41509   1.46295   1.49357   1.51556   1.5254   1.52537   1.51521   1.49381   1.48368   1.49197   
0.0276873   0.0229286   0.0187627   0.0154196   0.0154979   0.0155611   0.0158421   0.015506   0.0151574   0.0150952   0.0151162   0.0151348   0.0153624   0.0157733   0.0162426   0.0168377   0.0175548   0.0175123   0.0189566   0.0212522   0.0251215   0.0305036   0.0378811   0.0477834   0.060624   0.0760383   0.0908001   0.102958   
-0.108967   -0.119347   -0.127378   -0.143064   -0.145419   -0.145006   -0.14266   -0.140704   -0.139001   -0.137426   -0.135294   -0.132848   -0.130238   -0.12769   -0.124138   -0.120057   -0.115091   -0.107914   -0.099518   -0.0902036   -0.0805476   -0.0722847   -0.0657039   -0.0619408   -0.0612539   -0.0627792   -0.0654977   -0.06811   

260000
-10   -9   -6   -5   -4   -3   -2   -1   0   1   2   3   4   5   6   7   9   10   11   12   13   14   15   16   17   18   
-0.648566   -0.522472   -0.0813571   0.0532365   0.171227   0.281766   0.388665   0.494895   0.601477   0.704987   0.807633   0.908342   1.00877   1.10362   1.19489   1.27973   1.41467   1.4625   1.49405   1.51482   1.52684   1.52783   1.51515   1.4948   1.48262   1.49142   
0.0274427   0.0226732   0.0151524   0.0152498   0.0153054   0.0156142   0.0153296   0.0150074   0.0150488   0.0149706   0.0150198   0.0152674   0.0156271   0.0161035   0.0167185   0.0174182   0.0188379   0.0211625   0.0250169   0.030485   0.0377109   0.0475103   0.0606214   0.0758964   0.0909366   0.103093   
-0.110203   -0.119828   -0.143669   -0.145873   -0.144932   -0.142757   -0.140732   -0.139055   -0.137421   -0.135222   -0.13285   -0.130133   -0.127542   -0.123969   -0.119892   -0.114828   -0.0994256   -0.0901348   -0.0806039   -0.0722472   -0.0657984   -0.0620337   -0.0613371   -0.0628063   -0.0656149   -0.068265   

265000
-10   -9   -8   -7   -6   -5   -4   -3   -2   -1   0   1   2   3   4   5   6   7   8   9   10   11   12   13   14   15   16   17   18   
-0.646479   -0.520268   -0.3843   -0.232363   -0.0780889   0.0551322   0.171201   0.282225   0.388651   0.495132   0.601436   0.704792   0.807515   0.907945   1.00825   1.10299   1.1943   1.27862   1.34741   1.41421   1.46177   1.49437   1.51513   1.5273   1.52874   1.51622   1.49471   1.48325   1.49104   
0.0272264   0.0224291   0.0183465   0.0150554   0.0148963   0.0150288   0.0150639   0.0153875   0.0151512   0.0148701   0.0149097   0.0148327   0.0149033   0.0151207   0.0154927   0.0159759   0.0166049   0.0172904   0.0177816   0.0187282   0.0210897   0.0249242   0.0304004   0.0376219   0.047393   0.060475   0.0758982   0.0908633   0.103163   
-0.110649   -0.120302   -0.128787   -0.138168   -0.144252   -0.146215   -0.144961   -0.14288   -0.140754   -0.139113   -0.137408   -0.135171   -0.132805   -0.13004   -0.127417   -0.123824   -0.119744   -0.114574   -0.106846   -0.0993294   -0.0900335   -0.0806438   -0.072286   -0.0658464   -0.0621055   -0.0613776   -0.0628769   -0.0656594   -0.0683735   

270000
-10   -9   -8   -7   -6   -5   -4   -3   -2   -1   0   1   2   3   4   5   6   7   8   9   10   11   12   13   14   15   16   17   18   
-0.643802   -0.516256   -0.379764   -0.227623   -0.0749675   0.0540774   0.171536   0.282749   0.388717   0.495435   0.601471   0.704683   0.807273   0.907628   1.00781   1.10249   1.19373   1.27757   1.34705   1.41369   1.46087   1.49436   1.51544   1.5271   1.52869   1.5169   1.49362   1.48323   1.49079   
0.027006   0.022177   0.0181301   0.014841   0.0146506   0.0148371   0.0148378   0.015165   0.014976   0.0147494   0.0147794   0.0147027   0.0147935   0.0149879   0.0153682   0.0158603   0.0164805   0.0171718   0.0177208   0.018627   0.0210309   0.024852   0.0303187   0.0375879   0.0473723   0.0603763   0.0760381   0.0908685   0.103185   
-0.111204   -0.121109   -0.129603   -0.138987   -0.144809   -0.145964   -0.145048   -0.143018   -0.140795   -0.139181   -0.137412   -0.135137   -0.132729   -0.129961   -0.127308   -0.123702   -0.11961   -0.114329   -0.10674   -0.0992272   -0.0899109   -0.0806512   -0.0723242   -0.065863   -0.0621638   -0.0614248   -0.0629835   -0.0657285   -0.068441   

275000
-10   -9   -8   -7   -6   -5   -4   -3   -2   -1   0   1   2   3   4   5   6   7   8   9   10   11   12   13   14   15   16   17   18   
-0.639684   -0.511854   -0.375135   -0.223336   -0.071979   0.0541972   0.172064   0.283328   0.388834   0.49554   0.601617   0.704651   0.807137   0.90738   1.00745   1.10209   1.19323   1.27652   1.34673   1.4131   1.46152   1.49407   1.51527   1.52643   1.53124   1.51689   1.49447   1.48255   1.49088   
0.0267777   0.0219376   0.0179194   0.0146334   0.0144149   0.0146435   0.0146286   0.014949   0.0148064   0.0146344   0.0146654   0.0145819   0.0147192   0.0148671   0.0152546   0.0157568   0.0163677   0.0170464   0.0176519   0.0185345   0.0209156   0.0247984   0.0302724   0.0375946   0.0470874   0.0603617   0.0759129   0.0909555   0.1031   
-0.112029   -0.121969   -0.130435   -0.139719   -0.145342   -0.145939   -0.145163   -0.143168   -0.140845   -0.139207   -0.137438   -0.135118   -0.13266   -0.129895   -0.127216   -0.123603   -0.119492   -0.114094   -0.106643   -0.0991179   -0.0899896   -0.0806308   -0.0723265   -0.0658562   -0.0622428   -0.0614845   -0.0629993   -0.0658204   -0.0684238   

280000
-10   -9   -8   -7   -6   -5   -4   -3   -2   -1   0   1   2   3   4   5   6   7   8   9   10   11   12   13   14   15   16   17   18   
-0.635054   -0.507196   -0.370522   -0.219302   -0.0690963   0.0547959   0.172742   0.283383   0.388994   0.495542   0.601554   0.70468   0.806889   0.907184   1.00717   1.10179   1.19281   1.27553   1.34632   1.41244   1.46184   1.49345   1.5147   1.52763   1.53236   1.51632   1.49468   1.48142   1.49042   
0.0265543   0.0217167   0.0177156   0.0144326   0.0141891   0.0144503   0.0144391   0.0147407   0.0146454   0.0145412   0.0145442   0.0144708   0.014598   0.0147561   0.0151519   0.0156652   0.0162647   0.016932   0.0175794   0.0184524   0.0208171   0.0247653   0.0302542   0.0374487   0.0469513   0.0604163   0.0758726   0.09109   0.103227   
-0.112939   -0.122851   -0.131263   -0.140404   -0.145856   -0.146017   -0.1453   -0.143223   -0.140904   -0.139198   -0.137426   -0.135112   -0.132593   -0.129839   -0.127139   -0.123524   -0.119387   -0.113873   -0.10653   -0.099001   -0.0900264   -0.0805787   -0.0722998   -0.0659327   -0.0623084   -0.0615521   -0.0630408   -0.0659115   -0.0685648   

285000
-10   -9   -8   -7   -6   -5   -4   -3   -2   -1   0   1   2   3   4   5   6   7   8   9   10   11   12   13   14   15   16   17   18   
-0.63014   -0.502589   -0.365973   -0.215418   -0.0701953   0.0556279   0.173577   0.28336   0.389183   0.495668   0.601283   0.704779   0.806648   0.907042   1.00695   1.1016   1.19244   1.2746   1.34585   1.41215   1.46182   1.49253   1.51461   1.52877   1.53259   1.51685   1.49392   1.48229   1.49015   
0.0263474   0.0214636   0.0175188   0.0142406   0.0139905   0.0142589   0.0142722   0.0145408   0.0144966   0.0145117   0.0144118   0.0143729   0.0144674   0.0146541   0.0150604   0.0155868   0.0161711   0.0168268   0.0175069   0.0183616   0.0207358   0.0247518   0.0302071   0.0373101   0.0469045   0.0603344   0.0759616   0.0909771   0.103305   
-0.113876   -0.123799   -0.132078   -0.141064   -0.145621   -0.146147   -0.145455   -0.143261   -0.140962   -0.13918   -0.137373   -0.135119   -0.132536   -0.129796   -0.127077   -0.123468   -0.119295   -0.113664   -0.10641   -0.0989392   -0.090021   -0.0804949   -0.0723067   -0.0660076   -0.0623638   -0.0615848   -0.0631183   -0.0659285   -0.0686723   

290000
-10   -9   -8   -7   -6   -5   -4   -3   -2   -1   0   1   2   3   4   5   6   7   8   9   10   11   12   13   14   15   16   17   18   
-0.625071   -0.497996   -0.361449   -0.211706   -0.0701296   0.0565951   0.174518   0.283468   0.389282   0.49551   0.60111   0.704768   0.806457   0.906958   1.00682   1.10154   1.19213   1.27374   1.34536   1.4125   1.46147   1.49258   1.51528   1.52912   1.5348   1.51662   1.49334   1.48264   1.48998   
0.0261637   0.0212119   0.017328   0.0140582   0.0137959   0.0140706   0.0141354   0.0143524   0.0143536   0.0143723   0.0142859   0.0142784   0.0143498   0.0145615   0.0149821   0.0155231   0.0160864   0.016731   0.0174368   0.0182485   0.0206718   0.0246895   0.030111   0.0372385   0.0466529   0.0603419   0.0760237   0.0909252   0.10334   
-0.114806   -0.124748   -0.132888   -0.141694   -0.145604   -0.146308   -0.145615   -0.143316   -0.141004   -0.139155   -0.13734   -0.135101   -0.132487   -0.129765   -0.127032   -0.123438   -0.119217   -0.113469   -0.106288   -0.0989733   -0.0899751   -0.080509   -0.0723679   -0.0660455   -0.0624269   -0.0616326   -0.0631809   -0.0659628   -0.0687466   

295000
-10   -9   -8   -7   -6   -5   -4   -3   -2   -1   0   1   2   4   5   6   7   10   11   12   13   14   15   16   17   18   
-0.620454   -0.493432   -0.356963   -0.208148   -0.0692773   0.0576375   0.175391   0.283663   0.389283   0.495398   0.601002   0.704619   0.8063   1.00679   1.10104   1.19191   1.27295   1.46085   1.49305   1.51542   1.52888   1.53548   1.51657   1.49427   1.48247   1.48983   
0.0259199   0.0209708   0.0171431   0.0138813   0.0136069   0.0138864   0.013971   0.0141782   0.0142195   0.0142446   0.0141655   0.0141896   0.0142411   0.0149201   0.0154292   0.0160128   0.0166447   0.0206225   0.0246082   0.0300518   0.0372164   0.0465606   0.0603263   0.0758863   0.0909359   0.103347   
-0.11581   -0.125678   -0.133691   -0.142298   -0.145734   -0.146486   -0.14576   -0.143381   -0.141024   -0.139139   -0.13732   -0.135046   -0.132444   -0.127007   -0.123306   -0.119156   -0.11329   -0.0898955   -0.0805645   -0.0723907   -0.0660555   -0.0624801   -0.0616707   -0.0631815   -0.0660144   -0.068795   

300000
-10   -9   -8   -7   -6   -5   -4   -3   -2   -1   0   1   2   3   4   5   6   7   8   9   10   11   12   14   15   16   17   18   
-0.615818   -0.488923   -0.352523   -0.204717   -0.0681058   0.0587231   0.176275   0.283936   0.389335   0.495339   0.600935   0.704569   0.806166   0.90678   1.00639   1.1006   1.19174   1.27223   1.34423   1.41285   1.46007   1.49327   1.5152   1.53628   1.51645   1.49427   1.48165   1.48985   
0.0256782   0.0207402   0.016964   0.0137103   0.0134255   0.0137068   0.0138095   0.0140217   0.0141065   0.0141312   0.0140507   0.0141411   0.0141387   0.0143762   0.0148334   0.0153244   0.0159473   0.0165679   0.0173073   0.0180496   0.0205854   0.0245423   0.0300198   0.0464542   0.0603201   0.0758677   0.0910325   0.103286   
-0.116815   -0.126587   -0.134486   -0.14288   -0.145925   -0.146676   -0.145911   -0.14345   -0.141043   -0.139131   -0.137307   -0.134994   -0.132406   -0.129699   -0.126894   -0.123198   -0.119105   -0.113126   -0.106027   -0.098993   -0.0897972   -0.0805954   -0.0723868   -0.0625284   -0.0617064   -0.0632173   -0.0660825   -0.0687858   

305000
-10   -9   -8   -7   -6   -5   -4   -3   -2   -1   0   1   2   3   4   5   6   7   9   10   11   12   13   14   15   16   17   18   
-0.611213   -0.484514   -0.348138   -0.201437   -0.0667751   0.0598333   0.176797   0.284278   0.389441   0.49533   0.600916   0.704374   0.806064   0.906664   1.00603   1.10023   1.1913   1.27158   1.41284   1.4605   1.49324   1.51466   1.53052   1.5372   1.51577   1.4934   1.48129   1.48975   
0.0254413   0.0205223   0.0167912   0.0135451   0.0132527   0.0135323   0.013656   0.0138894   0.0140247   0.0140268   0.013943   0.0140237   0.0140433   0.0142798   0.0147407   0.0152152   0.0158526   0.0164965   0.0179623   0.0205014   0.0244924   0.0300097   0.0370015   0.0463352   0.0603824   0.0759713   0.0910613   0.103315   
-0.117808   -0.127462   -0.13527   -0.143436   -0.146144   -0.146873   -0.145999   -0.143519   -0.141054   -0.139133   -0.137303   -0.134948   -0.132375   -0.129656   -0.126799   -0.123108   -0.118984   -0.112981   -0.0989777   -0.0898537   -0.0806017   -0.0723586   -0.0661661   -0.0625741   -0.0617522   -0.0632844   -0.0661212   -0.068847   

310000
-10   -9   -8   -7   -6   -5   -4   -3   -2   -1   0   1   2   3   4   5   6   7   8   10   11   12   13   14   15   16   17   18   
-0.60666   -0.480201   -0.343821   -0.198301   -0.0653363   0.0609581   0.17651   0.284695   0.389629   0.49537   0.60093   0.704194   0.805997   0.906591   1.00567   1.0999   1.19091   1.271   1.34312   1.46077   1.49296   1.51489   1.53174   1.53715   1.51579   1.49212   1.4823   1.48964   
0.0252106   0.0203192   0.0166172   0.0133856   0.0130882   0.013363   0.0135077   0.0137947   0.0140008   0.0139293   0.0138425   0.0139036   0.0139548   0.0141959   0.0146294   0.0151141   0.0157505   0.0164106   0.017191   0.0204274   0.0244585   0.0299498   0.0368641   0.0463197   0.0603587   0.0761217   0.0909247   0.103374   
-0.118783   -0.128302   -0.136052   -0.143966   -0.146383   -0.147074   -0.14594   -0.143585   -0.141052   -0.139147   -0.137304   -0.134911   -0.132353   -0.129619   -0.126717   -0.123029   -0.118884   -0.112851   -0.105775   -0.0898887   -0.0805827   -0.0723852   -0.0662395   -0.0626138   -0.0617777   -0.0633601   -0.0661191   -0.0689421   

315000
-10   -9   -8   -7   -6   -5   -4   -3   -2   0   1   2   3   4   5   6   7   8   9   10   11   12   13   14   15   16   17   18   
-0.602181   -0.475954   -0.339577   -0.195285   -0.063824   0.0620974   0.176445   0.284806   0.389557   0.600975   0.704054   0.80593   0.906545   1.00536   1.09962   1.19057   1.27054   1.34322   1.41248   1.46071   1.4925   1.51566   1.53223   1.53787   1.51583   1.49349   1.48288   1.48963   
0.0249879   0.0201322   0.0164443   0.0132318   0.0129327   0.0131993   0.0133622   0.013699   0.0138792   0.013751   0.0137953   0.0138624   0.0141289   0.0145276   0.0150212   0.015648   0.0163049   0.0171009   0.0178103   0.0203697   0.0244366   0.0298542   0.0367873   0.0462187   0.0603316   0.0759266   0.0908413   0.103397   
-0.119734   -0.12911   -0.136828   -0.144475   -0.146635   -0.14728   -0.145925   -0.143589   -0.141041   -0.13731   -0.134879   -0.13233   -0.129582   -0.126644   -0.122957   -0.118797   -0.112729   -0.105752   -0.0989014   -0.0898842   -0.080546   -0.0724517   -0.0662797   -0.0626487   -0.0618007   -0.0633352   -0.0661296   -0.0690071   

320000
-10   -9   -8   -7   -6   -5   -4   -3   -2   -1   0   1   2   3   4   5   6   7   8   9   10   11   12   13   14   15   16   17   18   
-0.597784   -0.471772   -0.3354   -0.192365   -0.0623443   0.0632812   0.176545   0.284702   0.38948   0.495351   0.601056   0.703941   0.805858   0.906488   1.00508   1.09937   1.19027   1.27017   1.34327   1.41211   1.46039   1.49192   1.51598   1.53218   1.53789   1.51531   1.49406   1.48303   1.48963   
0.0247749   0.0199634   0.0162783   0.013084   0.0127896   0.0130414   0.0132196   0.0135421   0.0137566   0.013724   0.0136724   0.0136948   0.0137608   0.0140755   0.0144354   0.014936   0.0155523   0.016207   0.0170172   0.0177467   0.0203257   0.024424   0.0297909   0.036756   0.0461925   0.0603744   0.0758312   0.0908101   0.103405   
-0.120656   -0.129886   -0.137591   -0.144968   -0.146874   -0.147497   -0.145941   -0.143578   -0.141034   -0.139161   -0.13732   -0.134852   -0.132304   -0.12954   -0.126577   -0.122894   -0.118719   -0.112627   -0.105726   -0.0988378   -0.0898469   -0.0804974   -0.0724844   -0.0662947   -0.0626796   -0.0618334   -0.063339   -0.0661551   -0.0690546   

325000
-10   -9   -8   -7   -6   -5   -4   -3   -2   -1   0   1   2   3   4   5   6   7   8   10   11   12   13   14   15   16   17   18   
-0.593521   -0.467765   -0.331317   -0.189567   -0.0608783   0.0645175   0.17677   0.284675   0.389407   0.495272   0.60118   0.703853   0.805818   0.906328   1.00483   1.09914   1.18999   1.26986   1.3433   1.45988   1.49153   1.51593   1.53283   1.5376   1.51474   1.49384   1.48272   1.48962   
0.0245744   0.0197671   0.0161199   0.0129427   0.0126505   0.0128892   0.0130797   0.0134009   0.0136425   0.0136142   0.0136108   0.0136007   0.0136667   0.0139764   0.0143507   0.0148565   0.0154635   0.0161166   0.0169367   0.0202932   0.024402   0.0297539   0.0366677   0.0461993   0.0604214   0.0758427   0.0908346   0.103384   
-0.121534   -0.130687   -0.138336   -0.145439   -0.147114   -0.147725   -0.145982   -0.143578   -0.141029   -0.139157   -0.137333   -0.13483   -0.132283   -0.129504   -0.126516   -0.122834   -0.118646   -0.112538   -0.105699   -0.0897877   -0.0804673   -0.0724895   -0.0663392   -0.0627051   -0.0618645   -0.0633718   -0.0661929   -0.0690814   

330000
-10   -9   -8   -7   -6   -5   -4   -3   -2   -1   0   1   2   3   4   5   6   7   8   9   10   11   12   13   14   15   16   17   18   
-0.594777   -0.46387   -0.327343   -0.186895   -0.0594354   0.065751   0.177063   0.284698   0.389297   0.49522   0.601335   0.703787   0.805794   0.906187   1.00458   1.09893   1.18973   1.26957   1.34329   1.41142   1.45919   1.49184   1.51566   1.53497   1.53749   1.51507   1.49299   1.4819   1.48964   
0.0244762   0.019567   0.0159686   0.0128076   0.0125155   0.0127427   0.0129424   0.0132685   0.0135284   0.01351   0.0135724   0.0135119   0.0135813   0.0138857   0.0142721   0.0147826   0.0153813   0.0160337   0.0168623   0.0176307   0.0202714   0.0243433   0.0297335   0.0364574   0.0461856   0.0603586   0.0759374   0.090912   0.103334   
-0.121262   -0.131481   -0.13906   -0.145889   -0.147352   -0.147955   -0.146038   -0.143587   -0.141019   -0.139157   -0.137343   -0.134812   -0.132265   -0.129471   -0.126457   -0.12278   -0.118576   -0.112454   -0.105668   -0.0987208   -0.089706   -0.0805055   -0.0724787   -0.0664502   -0.0627264   -0.0618753   -0.0634235   -0.0662352   -0.0690724   

335000
-10   -9   -8   -7   -6   -5   -4   -3   -2   -1   0   1   2   3   4   5   6   7   9   10   11   13   14   15   16   17   18   
-0.592204   -0.46005   -0.323541   -0.184338   -0.0580039   0.0651838   0.177405   0.284752   0.389215   0.495182   0.601321   0.703735   0.805773   0.906056   1.00435   1.09873   1.18946   1.26928   1.41207   1.45944   1.49185   1.53613   1.53695   1.5149   1.49171   1.48246   1.48978   
0.0243498   0.0193766   0.015824   0.012678   0.0123843   0.0126041   0.0128082   0.0131417   0.0134202   0.0134104   0.0135502   0.013427   0.0135063   0.0138014   0.0141998   0.0147144   0.0153041   0.0159567   0.0175409   0.0202115   0.0243024   0.0363284   0.0462182   0.0603578   0.0760881   0.0908242   0.103291   
-0.121714   -0.13225   -0.139748   -0.146321   -0.147591   -0.147845   -0.146104   -0.143603   -0.141015   -0.139159   -0.137297   -0.134798   -0.132245   -0.12944   -0.126403   -0.122729   -0.118508   -0.112372   -0.098808   -0.0897413   -0.0805146   -0.066518   -0.0627434   -0.0618952   -0.063486   -0.0662341   -0.0690709   

340000
-10   -9   -8   -7   -6   -5   -4   -3   -2   -1   0   1   2   3   4   5   6   7   8   9   10   11   12   13   14   15   16   17   18   
-0.588981   -0.4563   -0.32   -0.181866   -0.056562   0.0649316   0.177786   0.284827   0.389146   0.495159   0.601138   0.703704   0.805759   0.905937   1.00414   1.09856   1.18917   1.26902   1.34321   1.41253   1.45966   1.49164   1.51641   1.53662   1.53629   1.51429   1.49331   1.48352   1.48985   
0.0242455   0.0191954   0.0156871   0.0125533   0.0122568   0.0124689   0.0126773   0.013019   0.0133163   0.0133153   0.0134297   0.0133468   0.0134438   0.0137236   0.0141344   0.014653   0.0152314   0.0158856   0.0167257   0.0174601   0.020155   0.0242752   0.0296069   0.0362568   0.0462632   0.0604109   0.0758579   0.0906774   0.103322   
-0.122243   -0.132997   -0.140382   -0.146738   -0.147834   -0.147794   -0.146177   -0.143624   -0.141013   -0.139163   -0.13727   -0.134788   -0.132222   -0.12941   -0.126354   -0.122684   -0.118434   -0.112295   -0.105602   -0.0988699   -0.0897737   -0.0805028   -0.0725484   -0.0665554   -0.0627569   -0.0619224   -0.0634467   -0.0662202   -0.0691506   

345000
-10   -9   -8   -7   -6   -4   -3   -2   -1   0   1   2   3   4   5   6   7   8   9   10   11   12   13   14   15   17   18   
-0.585809   -0.452623   -0.316702   -0.179451   -0.0551335   0.178199   0.284918   0.389083   0.49515   0.600991   0.703686   0.805756   0.905832   1.00396   1.09841   1.18885   1.26877   1.34312   1.41285   1.45962   1.49126   1.51739   1.5365   1.53577   1.51332   1.48421   1.49002   
0.0241028   0.0190241   0.0155583   0.0124336   0.0121329   0.0125498   0.0128999   0.0132159   0.0132253   0.01332   0.0132648   0.0133999   0.0136515   0.0140773   0.0145997   0.0151637   0.01582   0.0166626   0.0173866   0.0201117   0.0242599   0.0295045   0.0362371   0.0462918   0.0605061   0.0905747   0.103332   
-0.122851   -0.133719   -0.140962   -0.147145   -0.148078   -0.146258   -0.143649   -0.141014   -0.139169   -0.137246   -0.134782   -0.132195   -0.129384   -0.126311   -0.122645   -0.118355   -0.112221   -0.105565   -0.098911   -0.0897747   -0.0804731   -0.0726282   -0.0665644   -0.0627674   -0.0619537   -0.0662169   -0.0692058   

350000
-10   -9   -8   -7   -6   -5   -4   -3   -2   -1   0   1   2   3   4   5   6   7   8   9   10   11   12   13   14   15   16   17   18   
-0.582908   -0.449013   -0.313539   -0.177779   -0.0537337   0.0650322   0.178637   0.284919   0.389022   0.495156   0.600876   0.703673   0.805725   0.905738   1.00383   1.0983   1.18851   1.2685   1.343   1.41303   1.45938   1.49143   1.51792   1.53881   1.53506   1.51412   1.49473   1.48459   1.4902   
0.0238922   0.0188641   0.0154335   0.0123267   0.0120127   0.0122085   0.0124262   0.0127806   0.0131191   0.013141   0.0132198   0.0131705   0.0133591   0.0135853   0.0140221   0.0145559   0.0151026   0.0157508   0.0166047   0.0173202   0.0200795   0.0242137   0.0294339   0.0360148   0.0463411   0.0603877   0.0756301   0.0905117   0.103326   
-0.123553   -0.134416   -0.141518   -0.147406   -0.148317   -0.147805   -0.146344   -0.143662   -0.141016   -0.139176   -0.137227   -0.134774   -0.132163   -0.129361   -0.126278   -0.122615   -0.118273   -0.112152   -0.105525   -0.0989319   -0.0897512   -0.080497   -0.0726744   -0.0666809   -0.0627749   -0.0619506   -0.0634294   -0.0662238   -0.0692451   

355000
-10   -9   -8   -7   -6   -5   -4   -3   -2   -1   0   1   2   3   4   5   6   7   8   9   10   11   12   13   14   15   16   17   18   
-0.579916   -0.445469   -0.310536   -0.178091   -0.052364   0.0652655   0.179093   0.284872   0.388968   0.495175   0.600786   0.703685   0.805598   0.905663   1.00375   1.09828   1.18816   1.26823   1.34286   1.41304   1.45896   1.49179   1.5181   1.54028   1.53441   1.51444   1.49452   1.48467   1.49036   
0.0236899   0.0187161   0.015301   0.0122471   0.0118963   0.0120838   0.0123064   0.0126619   0.0130256   0.0130633   0.0131273   0.0130822   0.0132709   0.0135249   0.01394   0.014489   0.0150492   0.0156833   0.0165513   0.0172621   0.0200583   0.0241587   0.029387   0.0358635   0.0463846   0.0603273   0.0756396   0.0904826   0.103302   
-0.124256   -0.135088   -0.142062   -0.147272   -0.148552   -0.147845   -0.146434   -0.143668   -0.14102   -0.139185   -0.137211   -0.134771   -0.132139   -0.129343   -0.126245   -0.122586   -0.118188   -0.112084   -0.105481   -0.0989307   -0.0897053   -0.0805388   -0.0726948   -0.0667614   -0.0627801   -0.0619556   -0.0634519   -0.0662392   -0.0692736   

360000
-10   -9   -8   -7   -6   -5   -4   -3   -2   -1   0   1   2   3   4   5   6   7   8   9   10   11   12   13   15   16   17   18   
-0.576888   -0.441995   -0.307633   -0.177258   -0.0510104   0.0655796   0.179019   0.28484   0.388925   0.495212   0.600717   0.703705   0.80548   0.905696   1.00372   1.09831   1.18781   1.26795   1.34268   1.41292   1.45834   1.49188   1.51801   1.54096   1.51429   1.49359   1.48431   1.4905   
0.0234961   0.0185808   0.0151761   0.0121561   0.0117835   0.0119629   0.0121871   0.0125468   0.0129357   0.0129942   0.0130411   0.0129993   0.0131905   0.0134465   0.0138659   0.0144279   0.0150038   0.0156205   0.0164993   0.017211   0.0200475   0.0241197   0.0293606   0.0357801   0.0603219   0.075742   0.0905052   0.10328   
-0.124951   -0.135734   -0.142582   -0.147372   -0.148786   -0.147899   -0.146429   -0.143675   -0.141026   -0.139195   -0.137199   -0.134769   -0.132116   -0.12934   -0.126219   -0.122563   -0.118105   -0.112018   -0.105433   -0.0989095   -0.0896358   -0.0805547   -0.072694   -0.066806   -0.0619679   -0.0634957   -0.0662637   -0.0692926   

365000
-10   -9   -8   -7   -6   -5   -4   -3   -2   -1   0   1   2   3   4   5   6   7   8   9   10   11   13   14   15   16   17   18   
-0.573884   -0.438579   -0.304842   -0.17609   -0.0496461   0.0659528   0.178884   0.284815   0.388894   0.49527   0.600661   0.703732   0.805369   0.905761   1.0037   1.09831   1.18748   1.26767   1.34245   1.41267   1.45827   1.49175   1.54105   1.53324   1.51367   1.49269   1.48347   1.49059   
0.0233109   0.0184579   0.0150582   0.0120656   0.0116745   0.0118462   0.0120702   0.0124356   0.0128493   0.0129361   0.0129593   0.0129226   0.0131166   0.0133682   0.0138009   0.0143466   0.0149657   0.0155624   0.0164511   0.0171669   0.0200137   0.0240946   0.0357456   0.0464586   0.0603745   0.0758409   0.0905846   0.103242   
-0.125629   -0.136354   -0.143078   -0.147539   -0.149025   -0.147964   -0.146412   -0.143683   -0.141034   -0.139207   -0.137189   -0.134768   -0.132093   -0.129342   -0.126197   -0.122548   -0.118029   -0.111951   -0.10538   -0.0988703   -0.0896336   -0.080549   -0.066823   -0.0627865   -0.0619884   -0.0635347   -0.0662911   -0.0692968   

370000
-10   -9   -8   -7   -6   -5   -4   -3   -2   0   1   2   3   4   5   6   7   8   9   10   11   12   13   14   15   16   17   18   
-0.570914   -0.435257   -0.302151   -0.174753   -0.0482544   0.0663861   0.178838   0.284792   0.38886   0.600616   0.703766   0.805264   0.905828   1.00369   1.0983   1.18735   1.26738   1.34219   1.41233   1.45839   1.49147   1.51887   1.54325   1.53274   1.51267   1.49451   1.48465   1.49071   
0.023134   0.0183324   0.0149478   0.0119778   0.0115691   0.0117336   0.011957   0.0123282   0.0127539   0.0128812   0.0128526   0.013049   0.0132947   0.0137483   0.0142671   0.0148803   0.0155098   0.0164087   0.0171293   0.0199724   0.0240787   0.0292372   0.035535   0.046488   0.0604753   0.0755821   0.0904193   0.10317   
-0.126287   -0.13697   -0.14355   -0.147738   -0.14927   -0.14804   -0.146411   -0.14369   -0.141043   -0.137181   -0.134767   -0.132072   -0.129345   -0.126173   -0.122536   -0.117984   -0.111884   -0.105322   -0.0988199   -0.0896542   -0.0805279   -0.0727688   -0.066934   -0.0627883   -0.0620135   -0.0634837   -0.0662663   -0.0692687   

375000
-10   -9   -8   -7   -6   -5   -4   -3   -2   -1   0   1   2   3   4   5   6   7   8   10   11   12   13   15   16   17   18   
-0.567962   -0.432096   -0.299539   -0.173305   -0.0486023   0.0668929   0.17886   0.284768   0.388826   0.495392   0.600579   0.70381   0.805227   0.905889   1.00367   1.0983   1.18727   1.26709   1.34227   1.45834   1.49121   1.52003   1.54429   1.51378   1.49581   1.48582   1.491   
0.0229652   0.0181759   0.0148441   0.0118935   0.0114732   0.0116254   0.0118474   0.0122251   0.01266   0.0128448   0.0128064   0.0127904   0.0129778   0.0132263   0.0137099   0.0141935   0.0147969   0.0154621   0.0163555   0.0199404   0.0240627   0.0291285   0.0354229   0.0603182   0.0753897   0.0902547   0.10308   
-0.126931   -0.137613   -0.144003   -0.147958   -0.149183   -0.148129   -0.146422   -0.143696   -0.141052   -0.139212   -0.137175   -0.134765   -0.132062   -0.129346   -0.126146   -0.122524   -0.117948   -0.111817   -0.105319   -0.0896556   -0.0805084   -0.0728608   -0.0669939   -0.0620004   -0.0634496   -0.066241   -0.0692269   

380000
-10   -9   -8   -7   -6   -5   -4   -3   -2   -1   0   1   2   3   4   5   6   7   8   9   10   11   12   13   14   15   16   17   18   
-0.565035   -0.428997   -0.297015   -0.17181   -0.0490411   0.0674628   0.178932   0.284737   0.38879   0.495477   0.600545   0.703862   0.805294   0.905943   1.00357   1.09829   1.18721   1.26699   1.34278   1.41293   1.45817   1.49181   1.52081   1.54458   1.53174   1.5146   1.49669   1.48672   1.4913   
0.0228054   0.0180277   0.0147387   0.0118133   0.0113793   0.011522   0.0117417   0.0121267   0.0125703   0.0128295   0.0127342   0.0127384   0.012898   0.0131625   0.0136381   0.0141246   0.0147186   0.0154083   0.0162861   0.0170131   0.0199161   0.023998   0.0290446   0.0353746   0.0465431   0.0601986   0.075253   0.0901221   0.103084   
-0.127556   -0.138237   -0.144447   -0.148187   -0.149078   -0.14823   -0.146441   -0.143699   -0.14106   -0.139198   -0.13717   -0.134762   -0.13207   -0.129347   -0.126122   -0.122512   -0.117915   -0.111783   -0.105385   -0.0989043   -0.0896419   -0.0805727   -0.0729242   -0.0670194   -0.062788   -0.0619927   -0.0634297   -0.0662221   -0.0692837   

385000
-10   -9   -8   -7   -5   -4   -3   -2   -1   0   1   2   3   4   5   6   7   8   9   10   11   12   13   14   15   16   17   18   
-0.562133   -0.425961   -0.294616   -0.170338   0.0680616   0.179044   0.284702   0.388755   0.495459   0.600519   0.703924   0.805349   0.905993   1.00347   1.09827   1.18714   1.26728   1.34323   1.41343   1.45784   1.49219   1.52129   1.54587   1.53133   1.51491   1.49709   1.48739   1.49168   
0.0226561   0.0178874   0.0146275   0.0117317   0.0114236   0.0116398   0.0120316   0.0124846   0.0127678   0.0126656   0.0127004   0.012823   0.0131033   0.0135695   0.0140592   0.0146457   0.0153371   0.0162203   0.0169498   0.0199007   0.0239464   0.0289822   0.0352419   0.0465626   0.0601383   0.0751807   0.0900156   0.103059   
-0.12816   -0.138842   -0.144882   -0.148421   -0.148336   -0.146467   -0.143703   -0.141066   -0.139188   -0.137167   -0.134755   -0.132076   -0.129346   -0.126098   -0.122499   -0.117883   -0.111811   -0.105441   -0.0989772   -0.0896098   -0.080616   -0.0729657   -0.0670885   -0.0627876   -0.0619937   -0.0634259   -0.0662101   -0.0693187   

390000
-10   -9   -8   -7   -5   -4   -3   -2   -1   0   1   2   3   4   5   6   7   8   9   10   11   12   13   14   15   16   17   18   
-0.559259   -0.422992   -0.292297   -0.168871   0.068685   0.179192   0.284656   0.388719   0.495381   0.600503   0.704   0.805397   0.906038   1.00336   1.09826   1.18705   1.26753   1.3436   1.41377   1.45734   1.49234   1.52152   1.54663   1.53074   1.51485   1.49688   1.48787   1.49207   
0.022519   0.017754   0.0145237   0.0116534   0.0113308   0.0115421   0.0119368   0.0124038   0.012673   0.0126001   0.0126845   0.0127519   0.0130494   0.013506   0.0139973   0.0145772   0.0152711   0.0161573   0.0168944   0.0198949   0.0239096   0.0289384   0.0351549   0.0466007   0.0601247   0.0751892   0.0899434   0.103022   
-0.12874   -0.13943   -0.145295   -0.148654   -0.148445   -0.146498   -0.143707   -0.141071   -0.139186   -0.137166   -0.134742   -0.132081   -0.129344   -0.126074   -0.122486   -0.117848   -0.111834   -0.105487   -0.0990257   -0.0895552   -0.0806358   -0.0729875   -0.0671338   -0.0627851   -0.062   -0.0634412   -0.0662053   -0.069341   

395000
-10   -9   -8   -7   -6   -5   -4   -3   -2   -1   1   2   3   4   5   6   7   8   10   11   12   13   14   15   17   18   
-0.556416   -0.420107   -0.290051   -0.167406   -0.0488864   0.06933   0.179367   0.284608   0.38869   0.495315   0.703987   0.805445   0.90608   1.00325   1.09823   1.18696   1.26776   1.34391   1.45672   1.4923   1.52147   1.54663   1.53004   1.51446   1.48809   1.49247   
0.0223962   0.017628   0.0144274   0.0115795   0.0111042   0.0112437   0.0114489   0.0118475   0.0123293   0.0125865   0.0126295   0.012684   0.0130027   0.0134478   0.0139386   0.014512   0.0152095   0.0160986   0.0198956   0.0238842   0.0289145   0.0351311   0.0466523   0.0601504   0.0898955   0.102979   
-0.129293   -0.139994   -0.145689   -0.148886   -0.149048   -0.148558   -0.146533   -0.143709   -0.141077   -0.139184   -0.134732   -0.132086   -0.129339   -0.12605   -0.122472   -0.117813   -0.111853   -0.105525   -0.0894878   -0.0806375   -0.072988   -0.0671457   -0.0627815   -0.0620109   -0.0662068   -0.0693552   

400000
-10   -9   -8   -7   -6   -5   -4   -3   -2   -1   0   1   2   3   4   5   6   7   8   9   10   11   12   13   14   15   16   17   18   
-0.553578   -0.417321   -0.287869   -0.165943   -0.0485749   0.069996   0.179567   0.284554   0.388666   0.49526   0.600499   0.703933   0.80549   0.906118   1.00314   1.0982   1.18686   1.26797   1.34419   1.41397   1.45689   1.4921   1.52143   1.54736   1.53011   1.5136   1.49497   1.4879   1.49284   
0.0222941   0.017511   0.0143378   0.0115101   0.0110161   0.0111625   0.0113604   0.0117637   0.0122619   0.0125064   0.0124544   0.012554   0.0126192   0.0129652   0.0133941   0.0138833   0.0144499   0.0151519   0.0160439   0.0168049   0.0198595   0.0238689   0.0288898   0.0350466   0.0466211   0.0602329   0.0753966   0.0898991   0.102929   
-0.12981   -0.140529   -0.146066   -0.149115   -0.149088   -0.148674   -0.146571   -0.143708   -0.14108   -0.139182   -0.137168   -0.134727   -0.13209   -0.12933   -0.126025   -0.122458   -0.117778   -0.11187   -0.105557   -0.0990569   -0.0895139   -0.0806222   -0.072989   -0.0671866   -0.0627824   -0.0620281   -0.0635099   -0.0662186   -0.0693641   

405000
-10   -9   -8   -7   -6   -5   -4   -3   -2   -1   0   1   2   3   4   5   6   7   8   10   12   13   14   15   16   17   18   
-0.550732   -0.414667   -0.285751   -0.164469   -0.0481915   0.0697309   0.17979   0.284492   0.388649   0.495211   0.600518   0.703882   0.805529   0.906153   1.00302   1.09816   1.18675   1.26815   1.34441   1.45699   1.52312   1.54724   1.53001   1.51419   1.49684   1.48731   1.49317   
0.0222176   0.0174022   0.0142497   0.011446   0.0109306   0.0110878   0.011277   0.0116861   0.012203   0.0124314   0.0123779   0.0124844   0.0125572   0.0129404   0.0133447   0.0138315   0.0143909   0.015095   0.015993   0.019828   0.0287473   0.0350331   0.0466084   0.0601401   0.0751293   0.0899487   0.10288   
-0.130285   -0.14103   -0.146434   -0.149345   -0.149142   -0.148613   -0.146613   -0.143702   -0.141082   -0.13918   -0.137172   -0.134721   -0.132094   -0.129318   -0.126001   -0.122442   -0.117742   -0.111885   -0.105581   -0.0895329   -0.0731199   -0.0671907   -0.0627813   -0.0620211   -0.0634545   -0.0662358   -0.0693694   

410000
-10   -9   -8   -7   -6   -5   -4   -3   -2   -1   0   1   2   3   4   5   6   7   8   9   10   11   12   13   14   15   16   17   18   
-0.547884   -0.412163   -0.283712   -0.163296   -0.0477553   0.0695737   0.180036   0.284419   0.388645   0.495169   0.600547   0.703835   0.805564   0.906131   1.00291   1.09811   1.18663   1.26831   1.34457   1.41364   1.45701   1.49218   1.52436   1.54712   1.5297   1.51545   1.49846   1.48732   1.49344   
0.0221635   0.0173021   0.0141541   0.0113832   0.0108474   0.0110205   0.0111994   0.0116153   0.0121555   0.0123605   0.0123053   0.0124199   0.012498   0.012899   0.0132996   0.0137828   0.0143348   0.015035   0.0159458   0.0167418   0.0198011   0.0238121   0.0286365   0.0350203   0.0466179   0.0599683   0.0748987   0.089926   0.102824   
-0.130724   -0.141491   -0.146802   -0.149524   -0.149206   -0.148568   -0.146657   -0.143692   -0.141082   -0.139179   -0.137178   -0.134715   -0.132096   -0.129305   -0.125979   -0.122425   -0.117706   -0.111901   -0.105596   -0.0990141   -0.0895419   -0.0806382   -0.0732179   -0.0671924   -0.0627785   -0.062004   -0.0634072   -0.0662315   -0.0693704   

415000
-10   -9   -8   -7   -6   -5   -4   -3   -2   -1   0   2   3   5   6   7   8   9   10   11   12   13   14   15   16   17   18   
-0.545149   -0.409734   -0.281722   -0.163606   -0.0472809   0.0694325   0.179995   0.284341   0.388658   0.495132   0.600581   0.805593   0.906064   1.09805   1.18651   1.26845   1.34468   1.41332   1.45694   1.49276   1.52525   1.54665   1.52914   1.51639   1.49974   1.48883   1.49364   
0.0220953   0.017211   0.0140655   0.0113415   0.0107667   0.0109374   0.0111243   0.0115522   0.012125   0.0122932   0.012237   0.0124418   0.0128404   0.0137374   0.0142827   0.0149781   0.0159023   0.0167189   0.0197795   0.0237529   0.0285503   0.0350371   0.0466546   0.0598326   0.0747141   0.0897152   0.10278   
-0.131177   -0.141929   -0.147156   -0.149407   -0.149278   -0.148533   -0.146648   -0.143677   -0.141077   -0.139178   -0.137184   -0.132098   -0.129294   -0.122408   -0.117668   -0.111913   -0.105603   -0.0989697   -0.089541   -0.0806999   -0.0732891   -0.0671774   -0.062774   -0.0619912   -0.063371   -0.0661893   -0.0693665   

420000
-10   -9   -8   -7   -6   -5   -4   -3   -2   -1   0   1   2   3   4   5   6   7   8   10   11   12   13   14   15   16   17   18   
-0.542847   -0.407366   -0.279785   -0.163324   -0.0467756   0.069367   0.179962   0.28427   0.388713   0.495096   0.600615   0.703898   0.805616   0.90599   1.00294   1.09799   1.18637   1.26857   1.34473   1.45675   1.49319   1.52584   1.54587   1.52864   1.51694   1.50071   1.4901   1.49378   
0.0219157   0.0171285   0.0139837   0.0112986   0.0106886   0.0108569   0.0110568   0.0114985   0.0121205   0.0122293   0.0121734   0.0122862   0.0123885   0.0127858   0.0131984   0.0136957   0.0142349   0.0149241   0.015861   0.0197651   0.0237033   0.0284856   0.0350794   0.0466853   0.0597472   0.0745655   0.0895314   0.102728   
-0.13177   -0.142346   -0.147494   -0.149402   -0.149355   -0.148513   -0.146637   -0.14366   -0.141067   -0.139177   -0.137189   -0.13473   -0.132099   -0.129282   -0.125977   -0.12239   -0.117628   -0.111922   -0.105601   -0.0895239   -0.0807465   -0.0733381   -0.0671469   -0.0627692   -0.0619849   -0.0633441   -0.0661515   -0.0693493   

425000
-10   -9   -8   -7   -6   -5   -4   -3   -2   -1   0   1   2   3   4   5   6   7   8   9   10   11   12   13   14   15   16   17   18   
-0.540572   -0.405044   -0.280521   -0.162762   -0.0462373   0.0693649   0.179982   0.28424   0.388759   0.495063   0.600651   0.703992   0.805633   0.905917   1.00313   1.09792   1.18622   1.26867   1.34472   1.41419   1.45643   1.49347   1.52611   1.5449   1.52916   1.51711   1.50136   1.49118   1.4939   
0.0217457   0.0170563   0.0139495   0.0112581   0.010613   0.0107787   0.0109993   0.0114528   0.0120826   0.0121681   0.0121145   0.0122173   0.0123389   0.0127357   0.0131354   0.0136581   0.0141908   0.0148728   0.0158218   0.0166189   0.0197572   0.0236626   0.028443   0.035138   0.0466101   0.0597035   0.0744596   0.0893759   0.102649   
-0.132343   -0.142744   -0.147283   -0.149449   -0.149439   -0.148505   -0.146631   -0.143648   -0.141065   -0.139178   -0.137194   -0.134748   -0.132098   -0.129271   -0.126003   -0.122374   -0.117588   -0.111928   -0.105592   -0.0991013   -0.089493   -0.0807791   -0.0733624   -0.0671072   -0.0627712   -0.0619839   -0.0633275   -0.0661189   -0.0693023   

430000
-10   -8   -7   -6   -5   -4   -3   -2   -1   0   1   2   4   5   6   7   8   9   10   11   12   13   14   15   16   17   18   
-0.538329   -0.2801   -0.162096   -0.0456534   0.0694186   0.180052   0.284255   0.388696   0.495034   0.600689   0.704079   0.805644   1.00331   1.09787   1.18606   1.26874   1.34465   1.4145   1.45605   1.49356   1.52612   1.54378   1.52943   1.51688   1.5016   1.4921   1.49428   
0.0215844   0.0138837   0.0112097   0.0105402   0.0107028   0.0109543   0.0114195   0.0119927   0.0121093   0.0120609   0.012151   0.0122934   0.0130759   0.0136252   0.0141506   0.0148246   0.015787   0.0165757   0.0197538   0.0236339   0.0284181   0.0352104   0.0465592   0.0597153   0.074406   0.0892375   0.102599   
-0.132897   -0.147328   -0.149529   -0.149531   -0.148507   -0.146629   -0.143639   -0.14107   -0.139179   -0.137197   -0.134764   -0.132096   -0.126028   -0.122359   -0.117545   -0.11193   -0.105573   -0.0991494   -0.0894539   -0.0807917   -0.0733663   -0.0670585   -0.0627711   -0.0619894   -0.0633231   -0.0660909   -0.0693009   

435000
-10   -9   -8   -7   -6   -5   -4   -3   -2   -1   0   1   2   3   4   5   6   7   8   11   12   13   14   15   16   17   18   
-0.536119   -0.400733   -0.279245   -0.161335   -0.0449995   0.0695277   0.180055   0.284263   0.38864   0.49501   0.60073   0.704162   0.805651   0.906007   1.00347   1.09808   1.1859   1.26878   1.34453   1.49352   1.52678   1.54263   1.52944   1.51627   1.50138   1.49287   1.49484   
0.0214311   0.0168794   0.0138208   0.0111623   0.0104704   0.010629   0.0108796   0.0113971   0.0119097   0.0120525   0.0120136   0.0120873   0.0122522   0.0126276   0.0130201   0.0135733   0.0141147   0.0147797   0.0157559   0.0236135   0.0283502   0.0352845   0.046536   0.0597668   0.074411   0.0891191   0.102551   
-0.133432   -0.143542   -0.14745   -0.149629   -0.149638   -0.14852   -0.146627   -0.143621   -0.141074   -0.139181   -0.137199   -0.13478   -0.132093   -0.129287   -0.126051   -0.122385   -0.117503   -0.111928   -0.105547   -0.0807909   -0.0734195   -0.0670076   -0.0627691   -0.0619989   -0.0633313   -0.0660674   -0.069324   

440000
-10   -9   -8   -7   -6   -5   -4   -3   -2   -1   0   1   2   3   4   5   6   7   8   9   10   11   12   13   14   16   17   18   
-0.533944   -0.401308   -0.278193   -0.160493   -0.0443106   0.0696895   0.180062   0.284129   0.388585   0.494995   0.600776   0.704242   0.805655   0.906179   1.00362   1.09836   1.18575   1.2688   1.34437   1.41469   1.45572   1.49335   1.52845   1.54145   1.52923   1.50069   1.49349   1.49543   
0.0212852   0.0168039   0.0137621   0.0111192   0.0104036   0.0105571   0.0108028   0.0113199   0.0118324   0.011998   0.0119744   0.0120259   0.012216   0.0125665   0.0129674   0.0135206   0.0140835   0.0147379   0.015728   0.0165087   0.0197276   0.0236007   0.0282138   0.0353627   0.0465354   0.074486   0.0890176   0.102493   
-0.133949   -0.143426   -0.147606   -0.149741   -0.149752   -0.148544   -0.146628   -0.143605   -0.141077   -0.139185   -0.137199   -0.134795   -0.132088   -0.129315   -0.126071   -0.122421   -0.117462   -0.111922   -0.105515   -0.0991846   -0.089426   -0.0807774   -0.0735502   -0.0669542   -0.0627654   -0.0633534   -0.0660486   -0.0693349   

445000
-10   -8   -7   -6   -5   -4   -3   -2   -1   0   1   3   4   5   6   7   8   9   10   12   13   14   15   16   17   18   
-0.531802   -0.277078   -0.159576   -0.0436066   0.0698789   0.180084   0.283984   0.388531   0.495006   0.600828   0.704318   0.906336   1.00376   1.09863   1.18559   1.2688   1.34502   1.41459   1.45577   1.52968   1.54027   1.52888   1.51704   1.4996   1.49394   1.49603   
0.0211461   0.0136941   0.0110802   0.0103402   0.0104871   0.0107296   0.0112477   0.0117598   0.0119345   0.0119465   0.0119669   0.0125089   0.0129174   0.013473   0.014057   0.0146987   0.015672   0.0164852   0.0197042   0.0281077   0.0354395   0.0465512   0.0596336   0.0746079   0.0889407   0.102413   
-0.13445   -0.14779   -0.149866   -0.149868   -0.148573   -0.146631   -0.143585   -0.141079   -0.139194   -0.137196   -0.13481   -0.129342   -0.12609   -0.122456   -0.117422   -0.111912   -0.105612   -0.0991747   -0.0894382   -0.0736482   -0.0669   -0.0627599   -0.0619861   -0.063384   -0.0660352   -0.0693368   

450000
-10   -9   -8   -7   -6   -5   -4   -3   -2   -1   0   1   2   3   4   5   6   7   8   9   10   11   12   13   14   15   16   17   18   
-0.529698   -0.399646   -0.27587   -0.158615   -0.0429171   0.0700888   0.180119   0.283831   0.388477   0.495036   0.600892   0.704389   0.805818   0.906477   1.00389   1.09889   1.18576   1.26877   1.34562   1.41436   1.45569   1.494   1.53056   1.5394   1.52836   1.51844   1.50139   1.49411   1.49662   
0.0210121   0.0166304   0.0136311   0.0110405   0.0102805   0.0104189   0.0106595   0.01118   0.0116909   0.0118658   0.011935   0.0119098   0.0121532   0.0124542   0.01287   0.0134314   0.0140019   0.0146623   0.0156192   0.0164678   0.0196881   0.0235186   0.028026   0.0354938   0.0465871   0.0594458   0.074355   0.0888976   0.102345   
-0.134938   -0.143748   -0.147987   -0.150003   -0.149986   -0.148606   -0.146637   -0.143562   -0.14108   -0.139205   -0.137188   -0.134823   -0.132101   -0.129365   -0.126108   -0.122487   -0.117444   -0.111899   -0.105702   -0.099147   -0.0894343   -0.080848   -0.0737194   -0.0668586   -0.0627532   -0.0619651   -0.063329   -0.06603   -0.0693346   

455000
-10   -9   -8   -7   -5   -4   -3   -2   -1   0   1   2   3   4   5   6   7   8   10   11   12   13   14   15   16   17   18   
-0.527625   -0.398351   -0.274628   -0.157658   0.0703169   0.180165   0.283672   0.38842   0.49507   0.600945   0.704454   0.806047   0.906607   1.00401   1.09911   1.18609   1.26873   1.34615   1.45551   1.49478   1.53111   1.53847   1.52911   1.51959   1.50328   1.49391   1.49717   
0.0208841   0.0165436   0.0135727   0.0109971   0.0103525   0.0105922   0.0111162   0.0116251   0.0117993   0.0119286   0.0118547   0.0121255   0.0124018   0.0128256   0.0133864   0.0139402   0.0146289   0.0155704   0.0196781   0.0234522   0.0279673   0.0355505   0.0464847   0.059287   0.0740836   0.0889012   0.102268   
-0.135411   -0.143998   -0.148187   -0.150147   -0.148643   -0.146644   -0.143537   -0.141079   -0.139217   -0.137176   -0.134836   -0.132128   -0.129387   -0.126124   -0.122517   -0.117493   -0.111885   -0.105779   -0.0894172   -0.0809288   -0.0737654   -0.0668143   -0.0627552   -0.0619477   -0.0632703   -0.066034   -0.0693289   

460000
-10   -9   -8   -7   -6   -5   -4   -3   -2   -1   0   1   2   3   4   5   6   7   9   10   11   12   13   14   15   16   17   18   
-0.525584   -0.396991   -0.273387   -0.156675   -0.0426256   0.0705616   0.18022   0.283503   0.388362   0.495105   0.600892   0.704514   0.80627   0.906726   1.00412   1.0993   1.18639   1.26868   1.4143   1.45523   1.49539   1.53138   1.53764   1.52974   1.52052   1.50487   1.49342   1.4977   
0.0207621   0.0164603   0.0135146   0.0109581   0.0101673   0.0102878   0.0105274   0.0110555   0.011562   0.0117351   0.0118638   0.0118013   0.0121096   0.0123516   0.0127847   0.013331   0.0138822   0.0145983   0.0164198   0.0196726   0.0233959   0.0279282   0.0355998   0.0463977   0.0591552   0.0738571   0.0889384   0.102195   
-0.13587   -0.144257   -0.148389   -0.150294   -0.150015   -0.148683   -0.146652   -0.14351   -0.141078   -0.139229   -0.137175   -0.134847   -0.13215   -0.129406   -0.126137   -0.122546   -0.117538   -0.111869   -0.0991485   -0.0893898   -0.0809927   -0.0737895   -0.0667739   -0.0627571   -0.0619333   -0.0632216   -0.0660421   -0.0693217   

465000
-10   -9   -8   -7   -6   -5   -4   -2   -1   0   1   2   3   4   5   6   7   8   10   11   12   13   14   15   16   17   18   
-0.523572   -0.395595   -0.272168   -0.15567   -0.0429166   0.0708208   0.18028   0.388298   0.495136   0.600843   0.704567   0.806397   0.906834   1.00422   1.09947   1.18668   1.26881   1.347   1.45522   1.49583   1.53142   1.53692   1.53016   1.52113   1.50618   1.49358   1.49817   
0.0206461   0.0163807   0.0134548   0.0109238   0.0101126   0.0102247   0.0104652   0.0115013   0.0116733   0.0118033   0.0117498   0.0120479   0.0123034   0.0127482   0.0132783   0.0138269   0.0145622   0.0154816   0.0196546   0.0233496   0.0279053   0.0356406   0.0463323   0.0590627   0.0736662   0.0888923   0.102125   
-0.136315   -0.14452   -0.148592   -0.150442   -0.149946   -0.148727   -0.146662   -0.141076   -0.139241   -0.137173   -0.134858   -0.132178   -0.129424   -0.126148   -0.122574   -0.11758   -0.111882   -0.105905   -0.0893936   -0.0810404   -0.0737949   -0.0667379   -0.0627571   -0.0619239   -0.0631816   -0.0660279   -0.0693139   

470000
-10   -9   -8   -7   -6   -5   -4   -3   -2   -1   0   1   2   3   4   5   6   7   8   10   11   12   13   14   15   16   17   18   
-0.521586   -0.394188   -0.27094   -0.155987   -0.0431   0.0710924   0.180246   0.283242   0.38823   0.495165   0.600799   0.704613   0.806517   0.906928   1.00431   1.09963   1.18695   1.26935   1.34734   1.45542   1.49616   1.533   1.53612   1.53043   1.5214   1.50729   1.49523   1.4986   
0.0205373   0.0163067   0.0134005   0.0109128   0.0100584   0.0101634   0.0104016   0.0109361   0.0114425   0.011614   0.0117469   0.0117004   0.0119898   0.0122574   0.0127162   0.0132285   0.0137743   0.0145109   0.0154398   0.019626   0.0233106   0.0277774   0.0356884   0.0462835   0.0590112   0.0735026   0.0886597   0.102059   
-0.136745   -0.144779   -0.148792   -0.150318   -0.149897   -0.148774   -0.146657   -0.143472   -0.141072   -0.139252   -0.137172   -0.134867   -0.132204   -0.129439   -0.126157   -0.1226   -0.117621   -0.111964   -0.105955   -0.0894227   -0.0810759   -0.0739199   -0.0666981   -0.0627559   -0.061919   -0.0631483   -0.0659723   -0.0693055   

475000
-10   -9   -8   -7   -6   -5   -4   -3   -2   -1   0   1   2   3   4   5   6   7   8   9   10   11   12   13   14   15   16   17   18   
-0.519622   -0.39279   -0.269708   -0.1562   -0.0432006   0.0713746   0.180182   0.283148   0.38816   0.495192   0.600765   0.704652   0.806629   0.907008   1.00439   1.09978   1.18721   1.26986   1.34761   1.41466   1.45554   1.49637   1.53431   1.53539   1.53055   1.52141   1.50821   1.49671   1.49896   
0.0204367   0.0162382   0.0133508   0.0108909   0.0100049   0.0101039   0.0103384   0.0108766   0.0113855   0.0115566   0.0116933   0.011653   0.0119347   0.0122136   0.0126891   0.0131812   0.013724   0.0144628   0.0154011   0.0163369   0.0196021   0.0232788   0.0276691   0.0357306   0.0462505   0.0589897   0.0733626   0.0884481   0.101999   
-0.137159   -0.14503   -0.148989   -0.150229   -0.149865   -0.148823   -0.146647   -0.143461   -0.141069   -0.139263   -0.137172   -0.134875   -0.132228   -0.129453   -0.126164   -0.122623   -0.117659   -0.112041   -0.105996   -0.099218   -0.089442   -0.0810999   -0.0740253   -0.0666613   -0.062753   -0.0619172   -0.0631204   -0.0659198   -0.0692968   

480000
-10   -9   -8   -7   -6   -5   -4   -3   -2   -1   0   1   2   3   4   5   6   7   8   10   11   12   13   14   15   16   17   18   
-0.517679   -0.3914   -0.268491   -0.156232   -0.0432366   0.0713875   0.18013   0.28304   0.388089   0.495217   0.600849   0.704686   0.806733   0.907075   1.00447   1.09991   1.18745   1.27033   1.34783   1.45558   1.49647   1.53525   1.53501   1.53049   1.52115   1.50891   1.49806   1.49923   
0.0203438   0.0161764   0.0133003   0.0108727   0.0099522   0.0100439   0.0102772   0.0108194   0.0113304   0.0115013   0.0116288   0.0116075   0.0118824   0.0121718   0.012668   0.013136   0.0136758   0.0144177   0.0153654   0.0195824   0.0232537   0.0275865   0.0357435   0.0462379   0.0590025   0.0732522   0.0882552   0.101942   
-0.137557   -0.145273   -0.149187   -0.150171   -0.149844   -0.148823   -0.146639   -0.143447   -0.141065   -0.139273   -0.137192   -0.134881   -0.13225   -0.129464   -0.126168   -0.122644   -0.117694   -0.112112   -0.106028   -0.0894518   -0.0811126   -0.0741015   -0.0666396   -0.0627487   -0.0619188   -0.0630993   -0.065871   -0.0692872   

485000
-10   -9   -8   -7   -6   -5   -4   -3   -2   -1   0   1   2   3   4   5   6   7   8   9   10   11   12   13   14   15   16   17   18   
-0.515755   -0.390021   -0.267266   -0.156121   -0.0432217   0.0712185   0.180086   0.282924   0.388022   0.495238   0.600931   0.704713   0.806828   0.907129   1.00453   1.10003   1.18768   1.27076   1.34798   1.41429   1.45553   1.49647   1.53581   1.53455   1.53018   1.52053   1.50923   1.49927   1.49936   
0.0202598   0.0161212   0.0132508   0.0108588   0.00990029   0.00998354   0.0102179   0.0107644   0.0112773   0.0114483   0.0115676   0.0115641   0.011832   0.0121321   0.0126483   0.013093   0.0136297   0.014369   0.0153335   0.0163125   0.0195678   0.0232347   0.0275296   0.0357625   0.0462518   0.0590588   0.0731923   0.0880765   0.101905   
-0.137939   -0.145506   -0.149389   -0.150136   -0.149834   -0.148789   -0.146632   -0.143431   -0.141062   -0.139282   -0.137212   -0.134887   -0.13227   -0.129472   -0.126171   -0.122663   -0.117728   -0.11218   -0.10605   -0.0991783   -0.0894508   -0.081115   -0.074149   -0.0666143   -0.062742   -0.0619247   -0.0630895   -0.0658259   -0.069275   

490000
-10   -9   -8   -7   -6   -5   -4   -3   -2   -1   0   1   2   3   4   5   6   7   8   10   11   12   13   14   16   17   18   
-0.513843   -0.388657   -0.266018   -0.155931   -0.0431662   0.0710956   0.180049   0.282797   0.387962   0.495257   0.601008   0.704736   0.806914   0.90717   1.00455   1.10014   1.18788   1.27117   1.34807   1.45536   1.49652   1.53607   1.53401   1.52967   1.50915   1.50038   1.49935   
0.0201864   0.016072   0.0132042   0.0108413   0.00984928   0.00992456   0.0101605   0.0107115   0.0112252   0.0113974   0.0115092   0.0115229   0.011784   0.0120943   0.0126074   0.013052   0.0135858   0.0143213   0.0153051   0.0195601   0.0232131   0.0274943   0.03579   0.0462857   0.0731838   0.0879121   0.10187   
-0.138303   -0.145731   -0.149594   -0.150122   -0.149831   -0.148764   -0.146625   -0.143413   -0.14106   -0.13929   -0.13723   -0.134891   -0.132288   -0.129479   -0.126177   -0.12268   -0.117758   -0.112245   -0.106061   -0.0894345   -0.0811212   -0.0741719   -0.0665855   -0.0627333   -0.0630902   -0.0657843   -0.0692554   

495000
-10   -9   -8   -7   -6   -5   -4   -3   -2   -1   0   1   2   3   4   5   6   7   8   10   11   12   13   14   15   16   17   18   
-0.51193   -0.387301   -0.264775   -0.155687   -0.0430746   0.071012   0.180015   0.282658   0.387984   0.495275   0.601079   0.704757   0.806991   0.9072   1.00455   1.10023   1.18808   1.27154   1.3481   1.45512   1.4975   1.53648   1.53342   1.53052   1.52172   1.50872   1.50138   1.49928   
0.0201279   0.01603   0.0131611   0.0108179   0.00979919   0.00986692   0.0101049   0.0106604   0.0111625   0.0113489   0.0114533   0.0114843   0.0117383   0.0120591   0.0125692   0.013013   0.0135435   0.0142758   0.0152798   0.019556   0.023138   0.0274484   0.0358212   0.0461754   0.0588801   0.0732216   0.0877601   0.101831   
-0.138644   -0.145946   -0.149797   -0.150128   -0.149836   -0.148746   -0.146619   -0.143393   -0.141074   -0.139297   -0.137247   -0.134895   -0.132305   -0.129483   -0.126181   -0.122694   -0.117786   -0.112305   -0.106063   -0.0894094   -0.081223   -0.0742068   -0.0665541   -0.0627359   -0.0619023   -0.0631003   -0.0657462   -0.0692222   

500000
-10   -9   -8   -7   -6   -5   -4   -3   -2   -1   0   2   3   4   5   6   7   8   9   10   11   12   13   14   15   16   17   18   
-0.510013   -0.385949   -0.264546   -0.155368   -0.0429487   0.0709651   0.179981   0.282507   0.388002   0.49529   0.601145   0.807061   0.907222   1.00455   1.10032   1.18825   1.27189   1.34807   1.41398   1.45532   1.49831   1.5378   1.53328   1.53153   1.52338   1.50796   1.50229   1.50017   
0.0200864   0.0159957   0.0131332   0.010799   0.00975006   0.00981072   0.0100509   0.010611   0.011102   0.011303   0.0113991   0.0116946   0.0120265   0.0125335   0.0129763   0.0135029   0.0142324   0.0152573   0.0162705   0.0195292   0.023073   0.0273409   0.0358138   0.0460498   0.0586611   0.0733025   0.0876197   0.101731   
-0.138956   -0.146152   -0.149795   -0.150143   -0.149846   -0.148734   -0.146613   -0.14337   -0.141088   -0.139304   -0.137263   -0.13232   -0.129486   -0.126184   -0.122708   -0.117811   -0.112361   -0.106057   -0.0991539   -0.0894386   -0.0813076   -0.0743134   -0.0665419   -0.0627406   -0.0618768   -0.0631182   -0.0657115   -0.0692166   

505000
-10   -8   -7   -6   -5   -4   -3   -2   -1   0   1   2   3   5   6   7   8   9   10   11   12   13   14   15   16   17   18   
-0.508099   -0.264658   -0.154993   -0.0427844   0.0709505   0.179947   0.282342   0.388016   0.495304   0.601207   0.70487   0.807124   0.907232   1.10039   1.18841   1.2722   1.34801   1.41402   1.45557   1.49898   1.53869   1.53321   1.53232   1.5248   1.50839   1.50312   1.50107   
0.0200606   0.013109   0.0107841   0.00970222   0.00975592   0.00999857   0.0105637   0.0110435   0.0112601   0.0113465   0.01141   0.0116526   0.0119963   0.0129413   0.013464   0.0141914   0.0152379   0.0162517   0.0195002   0.0230162   0.0272637   0.035801   0.0459472   0.0584723   0.0732252   0.0874945   0.101619   
-0.139242   -0.149726   -0.150166   -0.149864   -0.148729   -0.146606   -0.143344   -0.1411   -0.139309   -0.137278   -0.134915   -0.132334   -0.129487   -0.122719   -0.117834   -0.112411   -0.106044   -0.0991665   -0.0894727   -0.0813778   -0.0743864   -0.0665332   -0.0627433   -0.0618551   -0.0631004   -0.0656801   -0.0692014   

510000
-10   -9   -8   -7   -6   -5   -4   -3   -2   -1   0   1   2   3   4   5   6   7   8   9   10   11   12   13   14   15   16   17   18   
-0.506191   -0.383398   -0.264433   -0.154592   -0.0425726   0.0709561   0.179912   0.282168   0.388025   0.49532   0.601266   0.705063   0.807179   0.907232   1.00479   1.10044   1.18855   1.27249   1.34824   1.41395   1.45575   1.49954   1.53919   1.53302   1.53291   1.52601   1.51055   1.50383   1.50196   
0.0200486   0.0159078   0.013081   0.0107688   0.00965561   0.00970254   0.009948   0.0105182   0.0109867   0.0112206   0.0112956   0.0113683   0.0116123   0.0119686   0.0124541   0.0129083   0.0134268   0.0141523   0.0152087   0.0162388   0.0194753   0.0229665   0.0272134   0.0357974   0.0458655   0.0583089   0.0729268   0.087379   0.101504   
-0.139504   -0.146572   -0.149726   -0.150196   -0.149892   -0.148727   -0.146598   -0.143317   -0.141111   -0.139314   -0.137292   -0.134948   -0.132346   -0.129486   -0.12623   -0.122728   -0.117854   -0.112457   -0.106079   -0.0991624   -0.0894985   -0.0814376   -0.0744292   -0.0665194   -0.0627442   -0.0618363   -0.0630348   -0.0656519   -0.0691803   

515000
-10   -9   -8   -7   -6   -5   -4   -3   -2   -1   0   1   2   4   5   6   7   8   10   11   12   13   14   15   16   17   18   
-0.504329   -0.382311   -0.264023   -0.154203   -0.042322   0.0709766   0.179874   0.282   0.388029   0.495336   0.601319   0.705249   0.807226   1.0051   1.10049   1.18868   1.27275   1.34883   1.45587   1.5   1.53931   1.53277   1.53337   1.52705   1.51242   1.5044   1.50283   
0.0200356   0.0158224   0.0130523   0.0107463   0.00961024   0.00965061   0.00989921   0.0104734   0.0109317   0.011185   0.0112464   0.0113304   0.0115735   0.0124055   0.0128769   0.0133916   0.0141151   0.015167   0.0194539   0.0229236   0.0271892   0.0358016   0.0457998   0.0581674   0.0726649   0.0872837   0.101383   
-0.139763   -0.146812   -0.149764   -0.150234   -0.149927   -0.148727   -0.14659   -0.143291   -0.141121   -0.139318   -0.137305   -0.134979   -0.132357   -0.126285   -0.122735   -0.117871   -0.112499   -0.106171   -0.0895167   -0.081486   -0.0744414   -0.0665025   -0.0627443   -0.0618203   -0.062978   -0.065629   -0.0691554   

520000
-10   -9   -7   -6   -5   -4   -3   -2   -1   0   1   2   3   4   5   6   7   8   9   10   11   12   13   14   15   16   17   18   
-0.502883   -0.381238   -0.153777   -0.0420536   0.0710126   0.179835   0.281941   0.388028   0.495354   0.601368   0.705428   0.807269   0.90735   1.0054   1.10051   1.18879   1.27299   1.34936   1.41345   1.45593   1.50034   1.53995   1.53245   1.5337   1.52787   1.51405   1.50472   1.50368   
0.0198988   0.0157415   0.0107277   0.00956623   0.00960015   0.00985204   0.0104237   0.0108785   0.011154   0.0111988   0.0112968   0.0115365   0.0119136   0.0123592   0.0128472   0.0133587   0.0140797   0.0151285   0.016231   0.0194357   0.022887   0.0271294   0.035811   0.0457453   0.0580491   0.0724344   0.087223   0.101267   
-0.140179   -0.147044   -0.150275   -0.149965   -0.148731   -0.146581   -0.143288   -0.14113   -0.13932   -0.137317   -0.135008   -0.132367   -0.129504   -0.126338   -0.122739   -0.117887   -0.112535   -0.106253   -0.0991069   -0.0895278   -0.0815235   -0.0744949   -0.0664832   -0.0627424   -0.0618067   -0.0629288   -0.0656145   -0.0691287   

525000
-10   -9   -8   -7   -6   -5   -4   -3   -2   -1   0   1   2   3   4   5   6   7   8   10   11   12   13   14   15   16   17   18   
-0.501485   -0.38018   -0.262898   -0.153319   -0.0417681   0.0710628   0.179785   0.281873   0.38802   0.495375   0.601412   0.705603   0.807305   0.907635   1.00567   1.10053   1.18889   1.27319   1.34982   1.45594   1.50057   1.54061   1.53207   1.53386   1.52842   1.51549   1.50474   1.5045   
0.0197686   0.0156648   0.0129924   0.0107124   0.00952357   0.00955119   0.00980283   0.0103757   0.0108272   0.0111286   0.0111525   0.0112685   0.011501   0.011877   0.0123151   0.0128192   0.0133277   0.0140464   0.0150906   0.0194207   0.0228574   0.0270686   0.0358252   0.0457097   0.0579663   0.0722327   0.0872008   0.101149   
-0.140575   -0.147269   -0.149904   -0.15032   -0.150007   -0.148736   -0.146573   -0.143283   -0.141137   -0.139321   -0.137329   -0.135034   -0.132377   -0.12955   -0.126387   -0.122741   -0.117899   -0.112568   -0.106327   -0.0895319   -0.081549   -0.0745493   -0.06646   -0.0627391   -0.0617969   -0.0628864   -0.0656093   -0.0691007   

530000
-10   -9   -7   -6   -5   -4   -3   -2   -1   0   1   2   3   4   5   6   7   8   10   11   12   13   14   15   16   17   18   
-0.500145   -0.37914   -0.152829   -0.0414673   0.0711254   0.179728   0.281794   0.388008   0.495403   0.601452   0.705776   0.807334   0.907901   1.00594   1.10054   1.18897   1.27337   1.35023   1.45589   1.50068   1.54083   1.53223   1.53387   1.52872   1.51677   1.50449   1.50528   
0.0196452   0.0155917   0.0107003   0.00948234   0.0095036   0.00975336   0.0103291   0.0107776   0.0111104   0.0111077   0.0112469   0.0114668   0.0118453   0.0122728   0.0127928   0.0132984   0.0140149   0.0150551   0.0194086   0.0228347   0.027038   0.0357926   0.0456921   0.0579131   0.0720456   0.0872137   0.101036   
-0.140948   -0.147486   -0.15037   -0.150051   -0.148744   -0.146565   -0.143275   -0.141143   -0.139321   -0.137339   -0.135057   -0.132385   -0.129593   -0.126434   -0.122742   -0.117909   -0.112595   -0.106392   -0.0895296   -0.081562   -0.0745701   -0.0664607   -0.0627347   -0.0617901   -0.062848   -0.0656117   -0.0690724   

535000
-10   -9   -8   -7   -6   -5   -4   -3   -2   0   1   2   3   4   5   6   7   8   11   12   13   14   15   16   17   18   
-0.498874   -0.378121   -0.261522   -0.152335   -0.0411529   0.0711994   0.17967   0.281706   0.387992   0.601487   0.70595   0.807358   0.908158   1.00619   1.10094   1.18904   1.27352   1.35058   1.50072   1.54072   1.53241   1.53374   1.52877   1.51795   1.504   1.50603   
0.0195277   0.0155214   0.0129247   0.0106832   0.00944263   0.00945743   0.00970543   0.010284   0.01073   0.0110642   0.0112345   0.011434   0.0118186   0.012232   0.0127479   0.013271   0.0139858   0.0150222   0.022817   0.0270302   0.0357599   0.0456875   0.0578905   0.0718794   0.0872576   0.100926   
-0.141299   -0.147698   -0.150109   -0.150427   -0.150098   -0.148754   -0.146556   -0.143265   -0.141148   -0.137349   -0.135077   -0.132392   -0.129632   -0.12648   -0.12281   -0.117917   -0.112619   -0.106449   -0.0815668   -0.0745643   -0.0664631   -0.0627279   -0.0617866   -0.0628138   -0.0656198   -0.0690442   

540000
-10   -9   -8   -7   -6   -5   -4   -3   -2   -1   0   1   3   4   5   6   7   8   10   11   12   13   14   15   16   17   18   
-0.497634   -0.377119   -0.26077   -0.151818   -0.0408262   0.0712843   0.179608   0.281607   0.387972   0.495597   0.601517   0.70612   0.908403   1.00643   1.10133   1.18909   1.27365   1.35088   1.45583   1.50093   1.54102   1.53251   1.53342   1.52853   1.51902   1.50467   1.50675   
0.0194154   0.0154542   0.0128917   0.010663   0.00940451   0.0094127   0.00965893   0.0102403   0.0106842   0.0110979   0.0110219   0.0112305   0.0117977   0.0121926   0.0127046   0.0132454   0.0139585   0.0149918   0.0193835   0.0227892   0.0269949   0.0357336   0.045704   0.0579013   0.0717234   0.0871509   0.100817   
-0.141635   -0.147903   -0.150226   -0.150494   -0.150148   -0.148766   -0.146546   -0.143254   -0.141151   -0.139328   -0.137358   -0.135092   -0.129668   -0.126524   -0.122876   -0.117922   -0.112638   -0.106498   -0.0895283   -0.0815895   -0.0745895   -0.0664616   -0.0627195   -0.0617857   -0.062782   -0.0655884   -0.0690166   

545000
-10   -9   -8   -7   -6   -5   -4   -3   -2   -1   0   1   2   3   4   5   6   7   8   9   10   11   12   13   14   15   16   17   18   
-0.496424   -0.376134   -0.259996   -0.151275   -0.0404871   0.0713793   0.179539   0.281498   0.387948   0.495728   0.601544   0.706199   0.807574   0.908641   1.00667   1.10169   1.18914   1.27375   1.35112   1.4125   1.45618   1.50199   1.54081   1.53255   1.53292   1.52803   1.51998   1.50645   1.50741   
0.0193077   0.01539   0.0128601   0.0106454   0.00936842   0.00936948   0.00961383   0.0101982   0.0106406   0.0110768   0.0109809   0.011182   0.0113623   0.0117837   0.0121547   0.0126637   0.0132216   0.013933   0.0149648   0.0162068   0.0193513   0.0227119   0.0269936   0.035713   0.0457405   0.0579443   0.0715822   0.0868973   0.100713   
-0.141959   -0.148102   -0.150347   -0.150565   -0.150199   -0.148779   -0.146534   -0.14324   -0.141154   -0.139342   -0.137366   -0.135113   -0.132436   -0.129701   -0.126566   -0.122937   -0.117926   -0.112653   -0.106536   -0.099008   -0.0895746   -0.0817011   -0.0745758   -0.0664577   -0.0627091   -0.0617879   -0.0627532   -0.0655204   -0.0689902   

550000
-10   -9   -8   -7   -6   -5   -4   -3   -2   -1   0   1   2   3   4   5   7   8   9   10   11   12   13   14   16   17   18   
-0.495242   -0.375165   -0.259208   -0.150714   -0.0401374   0.0714834   0.179464   0.281378   0.387924   0.49578   0.601567   0.706271   0.807798   0.908804   1.00689   1.10204   1.27383   1.3513   1.41223   1.45648   1.50289   1.54038   1.53252   1.53425   1.52078   1.5081   1.50802   
0.0192048   0.0153285   0.0128294   0.0106306   0.00933425   0.00932774   0.00957012   0.0101576   0.0105994   0.011018   0.0109412   0.0111357   0.0113217   0.0117412   0.012118   0.012625   0.0139091   0.0149405   0.0162071   0.0193222   0.0226446   0.0270084   0.0356973   0.0455812   0.0714594   0.0866584   0.100627   
-0.142269   -0.148296   -0.150471   -0.150638   -0.150253   -0.148795   -0.14652   -0.143223   -0.141155   -0.139361   -0.137374   -0.135132   -0.132478   -0.129734   -0.126606   -0.122996   -0.112665   -0.106566   -0.0989777   -0.0896138   -0.0817959   -0.0745436   -0.0664502   -0.0627167   -0.0627282   -0.0654553   -0.0689663   

555000
-10   -9   -8   -7   -6   -5   -4   -3   -2   -1   0   1   2   3   4   5   6   7   8   10   11   12   13   14   15   16   17   18   
-0.494086   -0.374205   -0.258408   -0.150136   -0.0402931   0.0715965   0.17938   0.281248   0.387897   0.495827   0.601586   0.706336   0.80801   0.908954   1.0071   1.10237   1.18959   1.27389   1.35143   1.45673   1.50366   1.53988   1.53242   1.53547   1.529   1.52131   1.50964   1.50856   
0.0191066   0.0152701   0.0128001   0.010619   0.0092986   0.00928756   0.00952781   0.0101184   0.0105606   0.010962   0.0109027   0.0110914   0.0112825   0.0116999   0.0120825   0.0125885   0.0131655   0.0138868   0.0149188   0.019296   0.0225855   0.027028   0.0356897   0.0454355   0.0577946   0.0713779   0.0864336   0.100539   
-0.142569   -0.148486   -0.150598   -0.150711   -0.150213   -0.148811   -0.146504   -0.143205   -0.141156   -0.139379   -0.137381   -0.13515   -0.132519   -0.129765   -0.126645   -0.123052   -0.117995   -0.112673   -0.106588   -0.0896471   -0.0818767   -0.0745049   -0.06644   -0.0627238   -0.0617666   -0.0627112   -0.0653933   -0.0689436   

560000
-10   -9   -7   -6   -5   -4   -3   -2   -1   0   1   2   3   4   5   6   8   11   12   13   14   15   16   17   18   
-0.492955   -0.373249   -0.14955   -0.0404518   0.0717176   0.179285   0.28111   0.38787   0.495869   0.6016   0.706394   0.808213   0.909092   1.0073   1.10269   1.19006   1.3515   1.5043   1.53889   1.53219   1.53655   1.53087   1.52161   1.51107   1.50901   
0.0190122   0.0152142   0.010609   0.00926336   0.009249   0.00948706   0.0100806   0.0105245   0.0109086   0.0108653   0.011049   0.0112445   0.0116605   0.0120482   0.0125537   0.0131304   0.0148999   0.0225337   0.0270805   0.0356932   0.0453039   0.0575542   0.0713161   0.0862169   0.100461   
-0.142857   -0.148672   -0.150787   -0.150174   -0.14883   -0.146485   -0.143184   -0.141156   -0.139395   -0.137387   -0.135166   -0.132558   -0.129794   -0.126681   -0.123106   -0.118073   -0.106601   -0.0819453   -0.0744281   -0.0664241   -0.0627298   -0.0617395   -0.0626989   -0.0653337   -0.0689235   

565000
-10   -9   -8   -7   -6   -5   -4   -3   -2   -1   0   1   2   3   4   5   6   7   8   9   11   12   13   14   15   16   17   18   
-0.491846   -0.37229   -0.257002   -0.149009   -0.0405699   0.0717598   0.179182   0.280968   0.387843   0.495908   0.60161   0.706446   0.808404   0.909219   1.00749   1.10299   1.19052   1.27448   1.35152   1.41117   1.50484   1.53799   1.53189   1.53751   1.53251   1.52167   1.51244   1.50931   
0.0189215   0.015161   0.0127483   0.010589   0.00922897   0.00921038   0.00944774   0.0100444   0.0104913   0.0108575   0.0108291   0.0110084   0.0112081   0.0116229   0.012015   0.0125208   0.0130977   0.0138278   0.0148838   0.0162231   0.0224884   0.0271281   0.0357022   0.0451867   0.0573428   0.0712938   0.0860216   0.100401   
-0.143137   -0.148857   -0.150812   -0.150867   -0.150141   -0.148834   -0.146464   -0.143163   -0.141154   -0.139411   -0.137392   -0.135181   -0.132594   -0.129821   -0.126717   -0.123156   -0.118147   -0.112768   -0.106605   -0.0988512   -0.0820025   -0.0743565   -0.0664042   -0.0627352   -0.0617161   -0.0626934   -0.0652779   -0.0689069   

570000
-10   -9   -8   -7   -6   -5   -4   -3   -2   -1   0   1   2   3   4   5   6   7   8   11   12   13   14   15   16   17   18   
-0.490755   -0.371323   -0.257255   -0.148459   -0.0406531   0.0716755   0.179072   0.280824   0.387817   0.495945   0.601618   0.706492   0.808586   0.909335   1.00768   1.10328   1.19094   1.27501   1.3515   1.50526   1.53688   1.53233   1.53831   1.53396   1.52147   1.51373   1.50944   
0.0188344   0.0151108   0.012728   0.0105714   0.0091955   0.00917068   0.00940992   0.0100097   0.0104615   0.0108084   0.0107942   0.0109695   0.0111728   0.0115871   0.0119831   0.0124898   0.0130593   0.0137904   0.0148702   0.0224506   0.0271891   0.035648   0.0450856   0.0571514   0.0713036   0.0858308   0.100366   
-0.143408   -0.149042   -0.150736   -0.150948   -0.150114   -0.148815   -0.146442   -0.143141   -0.141152   -0.139425   -0.137397   -0.135194   -0.132629   -0.129845   -0.126751   -0.123204   -0.11822   -0.112856   -0.106603   -0.0820475   -0.0742686   -0.0664179   -0.0627385   -0.061695   -0.0626941   -0.0652243   -0.0688943   

575000
-10   -9   -8   -7   -6   -5   -4   -3   -2   -1   0   1   2   3   4   5   6   7   8   9   10   11   12   13   14   15   16   17   18   
-0.489679   -0.370359   -0.257294   -0.1479   -0.0407063   0.0716095   0.178969   0.280676   0.387795   0.495978   0.601623   0.706531   0.808759   0.909441   1.00785   1.10356   1.19134   1.27552   1.35145   1.40216   1.45727   1.50557   1.53528   1.5328   1.53894   1.53526   1.52103   1.51494   1.5094   
0.0187506   0.0150648   0.0127026   0.0105562   0.00916303   0.00913256   0.00937274   0.00997644   0.0104356   0.010761   0.0107604   0.0109319   0.0111388   0.0115532   0.0119525   0.0124608   0.0130203   0.013755   0.0148582   0.0163726   0.0192165   0.0224185   0.0272845   0.0355899   0.0450031   0.0569806   0.071345   0.0856445   0.100342   
-0.143672   -0.149221   -0.150706   -0.151029   -0.150092   -0.148798   -0.146422   -0.143119   -0.141149   -0.139438   -0.137401   -0.135206   -0.132662   -0.129868   -0.126783   -0.12325   -0.11829   -0.112939   -0.106597   -0.0970003   -0.0897246   -0.0820818   -0.0741414   -0.0664325   -0.0627403   -0.0616769   -0.0627005   -0.0651728   -0.0688834   

580000
-10   -9   -8   -7   -6   -5   -4   -3   -2   -1   0   1   2   3   4   5   6   7   8   9   10   11   12   13   14   15   17   18   
-0.488616   -0.369401   -0.257174   -0.147612   -0.0407318   0.0715594   0.17891   0.280656   0.387777   0.496009   0.60172   0.706563   0.808923   0.909537   1.00802   1.10382   1.19172   1.27598   1.35197   1.40375   1.45728   1.50579   1.53364   1.53319   1.53945   1.53643   1.51608   1.50923   
0.01867   0.0150231   0.0126765   0.0105462   0.00913189   0.00909605   0.00933272   0.00993708   0.0104144   0.0107154   0.0107216   0.0108958   0.0111061   0.0115209   0.0119229   0.012434   0.0129829   0.0137217   0.0148249   0.0165332   0.0192035   0.0223925   0.0273828   0.0355406   0.0449341   0.0568241   0.0854701   0.10034   
-0.143929   -0.149394   -0.150709   -0.151053   -0.150075   -0.148785   -0.146413   -0.143122   -0.141145   -0.13945   -0.137423   -0.135216   -0.132694   -0.129889   -0.126814   -0.123293   -0.118357   -0.113016   -0.10668   -0.0973622   -0.0897288   -0.0821057   -0.0740105   -0.0664441   -0.0627411   -0.0616607   -0.065124   -0.0688729   

585000
-10   -9   -8   -7   -6   -5   -4   -3   -2   -1   0   1   2   3   4   5   6   7   8   9   10   11   12   13   14   15   16   17   18   
-0.487573   -0.368443   -0.256938   -0.147727   -0.0407322   0.0715251   0.178842   0.280629   0.387862   0.496036   0.60187   0.706589   0.80908   0.909622   1.00818   1.10407   1.19208   1.27642   1.35245   1.40447   1.45726   1.50591   1.53223   1.53348   1.53986   1.53749   1.52238   1.51716   1.50943   
0.0185923   0.014986   0.0126499   0.0105422   0.00910212   0.00906116   0.00929428   0.0098992   0.0103902   0.0106713   0.0106805   0.0108611   0.0110746   0.01149   0.0118945   0.0124093   0.0129469   0.0136901   0.0147935   0.0166413   0.0191923   0.0223719   0.0274654   0.0354995   0.0448736   0.0566838   0.0711402   0.0853084   0.100293   
-0.144178   -0.149562   -0.150735   -0.150993   -0.150061   -0.148773   -0.146401   -0.143123   -0.141158   -0.139462   -0.137453   -0.135225   -0.132724   -0.129908   -0.126843   -0.123333   -0.118422   -0.113088   -0.106756   -0.0975175   -0.089729   -0.0821193   -0.0738976   -0.0664515   -0.0627403   -0.0616467   -0.0626531   -0.0650783   -0.0688506   

590000
-10   -9   -8   -7   -6   -5   -4   -3   -2   -1   0   1   2   3   4   5   6   7   8   9   11   12   13   14   15   16   17   
-0.486552   -0.368083   -0.256629   -0.147785   -0.0407083   0.0715046   0.178763   0.280594   0.387971   0.49606   0.602012   0.706609   0.809229   0.909698   1.00832   1.10431   1.19243   1.27683   1.35287   1.4047   1.50595   1.53106   1.53371   1.54015   1.53841   1.52438   1.51817   
0.0185178   0.0149625   0.0126236   0.0105383   0.00907364   0.00902791   0.00925749   0.00986281   0.0103721   0.0106285   0.010641   0.0108278   0.0110444   0.0114606   0.0118671   0.0123873   0.0129121   0.0136604   0.0147645   0.0167104   0.0223562   0.0275322   0.0354641   0.0448266   0.0565597   0.0708624   0.0851461   
-0.144419   -0.149601   -0.150775   -0.150945   -0.150051   -0.148764   -0.146387   -0.143122   -0.141171   -0.139472   -0.137482   -0.135234   -0.132752   -0.129925   -0.12687   -0.123371   -0.118483   -0.113156   -0.106825   -0.0975644   -0.0821247   -0.0738023   -0.0664556   -0.0627387   -0.0616344   -0.0625943   -0.0650342   

595000
-10   -9   -8   -7   -6   -5   -4   -3   -2   -1   0   1   2   3   4   5   6   7   8   9   11   12   13   14   15   16   17   18   
-0.485549   -0.368289   -0.256263   -0.147835   -0.0406722   0.0714966   0.178674   0.280552   0.388093   0.496079   0.602148   0.706624   0.809371   0.909763   1.00846   1.10453   1.19276   1.27722   1.35325   1.4047   1.50682   1.52993   1.53388   1.54032   1.53913   1.52624   1.51912   1.51194   
0.0184471   0.0149519   0.0125982   0.0105263   0.00904496   0.00899634   0.0092225   0.0098281   0.0103646   0.0105868   0.010603   0.0107956   0.0110156   0.0114324   0.0118409   0.0123675   0.0128786   0.0136284   0.0147378   0.0167567   0.022293   0.0275964   0.035434   0.0447941   0.0564587   0.0706078   0.0850077   0.0999447   
-0.144651   -0.149516   -0.150826   -0.150908   -0.150046   -0.148756   -0.146369   -0.143119   -0.141182   -0.139481   -0.13751   -0.135241   -0.132779   -0.129941   -0.126897   -0.123407   -0.118542   -0.113221   -0.106886   -0.0975679   -0.082217   -0.0737101   -0.066458   -0.0627355   -0.0616238   -0.06254   -0.0649949   -0.0687537   

600000
-10   -9   -8   -7   -6   -5   -4   -3   -2   -1   0   1   2   3   4   5   6   7   9   11   12   13   14   15   16   17   18   
-0.484564   -0.368158   -0.255855   -0.147829   -0.0406163   0.0714996   0.178572   0.280502   0.388186   0.496096   0.602279   0.706634   0.809505   0.909819   1.0086   1.10472   1.19308   1.27757   1.40454   1.50779   1.52888   1.53398   1.54032   1.53966   1.52798   1.51996   1.51315   
0.0183801   0.0149406   0.0125735   0.0105178   0.00901657   0.00896651   0.00918937   0.00979506   0.0103493   0.0105466   0.0105664   0.0107647   0.0109882   0.0114055   0.0118158   0.0123355   0.0128462   0.0135964   0.0167858   0.0222242   0.0276548   0.0354096   0.0447771   0.05638   0.0703687   0.0848735   0.0997719   
-0.144875   -0.149496   -0.150885   -0.150878   -0.150046   -0.14875   -0.146349   -0.143114   -0.141193   -0.13949   -0.137537   -0.135247   -0.132805   -0.129954   -0.126921   -0.123443   -0.118598   -0.113283   -0.0975471   -0.0823203   -0.0736246   -0.0664564   -0.0627298   -0.061615   -0.062489   -0.0649584   -0.0687024   

605000
-10   -9   -8   -7   -6   -5   -4   -3   -2   -1   0   2   3   4   5   6   7   8   9   10   11   13   14   15   16   17   18   
-0.483595   -0.367845   -0.255413   -0.147777   -0.040539   0.0714821   0.178456   0.280447   0.388199   0.496109   0.602404   0.809634   0.909867   1.00872   1.1049   1.19338   1.27791   1.35385   1.40428   1.45867   1.50862   1.53399   1.54019   1.54005   1.5296   1.52066   1.51432   
0.0183167   0.0149319   0.0125496   0.0105124   0.00898933   0.00893351   0.00915802   0.00976377   0.0103018   0.0105076   0.0105314   0.0109627   0.0113798   0.0117919   0.0123049   0.0128149   0.0135659   0.0146904   0.0168158   0.0190724   0.0221638   0.0353929   0.0447771   0.0563213   0.0701428   0.0847574   0.0996028   
-0.14509   -0.149508   -0.150951   -0.150854   -0.150049   -0.148743   -0.146325   -0.143108   -0.141205   -0.139498   -0.137562   -0.132828   -0.129966   -0.126944   -0.123476   -0.118651   -0.113341   -0.106986   -0.0975121   -0.0899113   -0.0824092   -0.0664508   -0.0627228   -0.061608   -0.0624408   -0.0649272   -0.068651   

610000
-10   -9   -8   -7   -6   -5   -4   -3   -2   -1   0   1   2   3   4   5   6   7   8   9   10   11   12   13   14   15   16   17   18   
-0.482639   -0.367415   -0.254942   -0.147736   -0.0404486   0.0714595   0.178328   0.280387   0.388209   0.49612   0.602525   0.706803   0.809755   0.909906   1.00884   1.10506   1.19366   1.27821   1.35407   1.40399   1.45909   1.50935   1.52706   1.53396   1.53992   1.54027   1.53112   1.52113   1.51544   
0.0182577   0.0149268   0.012527   0.0104995   0.00896321   0.00889963   0.00912839   0.0097344   0.0102563   0.0104698   0.0104979   0.0106983   0.0109389   0.0113552   0.0117692   0.0122756   0.0127848   0.0135367   0.0146692   0.0168423   0.0190395   0.0221101   0.0277537   0.0353817   0.0447908   0.0562784   0.0699305   0.0846849   0.0994372   
-0.145297   -0.149539   -0.151021   -0.150837   -0.150054   -0.148737   -0.146298   -0.1431   -0.141216   -0.139506   -0.137586   -0.135286   -0.132851   -0.129977   -0.126966   -0.123508   -0.118702   -0.113395   -0.107024   -0.0974721   -0.0899649   -0.0824866   -0.0734742   -0.0664434   -0.0627141   -0.0616015   -0.0623954   -0.0649056   -0.0685999   

615000
-10   -9   -8   -7   -6   -5   -4   -3   -2   -1   0   1   2   3   4   5   6   7   8   9   11   12   13   15   16   17   18   
-0.481696   -0.366908   -0.254445   -0.147666   -0.0403447   0.0714432   0.178188   0.280324   0.388216   0.496127   0.602641   0.706976   0.809871   0.909937   1.00895   1.10521   1.19393   1.2785   1.35424   1.40388   1.50994   1.52637   1.53387   1.54028   1.53255   1.52139   1.51653   
0.018203   0.0149243   0.0125056   0.0104881   0.00893828   0.00886672   0.00910053   0.00970726   0.0102125   0.0104332   0.0104661   0.0106621   0.0109171   0.0113318   0.011748   0.0122476   0.012756   0.013509   0.0146505   0.0168559   0.0220642   0.0277886   0.0353747   0.0562627   0.0697284   0.08463   0.0992721   
-0.145494   -0.149581   -0.151096   -0.150825   -0.150061   -0.148732   -0.146268   -0.14309   -0.141226   -0.139512   -0.137609   -0.135321   -0.132872   -0.129987   -0.126987   -0.123537   -0.11875   -0.113444   -0.107055   -0.0974572   -0.0825504   -0.0734154   -0.0664332   -0.0615971   -0.0623527   -0.0648904   -0.0685492   

620000
-10   -9   -8   -7   -6   -5   -4   -3   -2   -1   0   1   2   4   5   6   7   8   11   12   13   14   15   16   17   18   
-0.480759   -0.366474   -0.253927   -0.147565   -0.040227   0.0714331   0.178039   0.28026   0.388219   0.49613   0.602753   0.707139   0.809982   1.00905   1.10535   1.19419   1.27875   1.35435   1.51042   1.52566   1.53369   1.54105   1.5401   1.5339   1.52145   1.51758   
0.0181542   0.0148987   0.012485   0.0104795   0.00891502   0.00883476   0.00907463   0.00968285   0.0101701   0.0103976   0.0104361   0.010627   0.0108976   0.0117286   0.0122208   0.0127282   0.013483   0.0146344   0.0220243   0.0278241   0.0353748   0.0446405   0.0562689   0.069537   0.0846027   0.0991195   
-0.145682   -0.149644   -0.151176   -0.150816   -0.150069   -0.148727   -0.146236   -0.143079   -0.141234   -0.139518   -0.13763   -0.135355   -0.132891   -0.127006   -0.123565   -0.118795   -0.11349   -0.107077   -0.0826027   -0.0733556   -0.0664186   -0.0627157   -0.0615939   -0.0623125   -0.0648823   -0.0684999   

625000
-10   -9   -8   -7   -6   -5   -4   -3   -2   -1   0   1   2   3   4   5   6   7   8   9   10   11   13   14   15   16   17   18   
-0.479824   -0.366171   -0.253386   -0.147444   -0.0400962   0.0714278   0.177917   0.280196   0.388218   0.496129   0.602861   0.707295   0.81009   0.910167   1.00914   1.10547   1.19443   1.27898   1.35441   1.40373   1.46004   1.5108   1.53412   1.54239   1.53974   1.53518   1.5213   1.51859   
0.0181122   0.0148376   0.0124654   0.0104716   0.00889342   0.00880366   0.00904908   0.00966124   0.0101293   0.0103629   0.010408   0.0105929   0.0108811   0.011279   0.0117108   0.0121952   0.0127013   0.0134585   0.0146211   0.0168745   0.0189578   0.0219905   0.0353224   0.0444876   0.0562993   0.0693537   0.0846083   0.0989659   
-0.145858   -0.149734   -0.15126   -0.150811   -0.150078   -0.148724   -0.14621   -0.143068   -0.141242   -0.139523   -0.137651   -0.135388   -0.132908   -0.130035   -0.127023   -0.12359   -0.118838   -0.11353   -0.10709   -0.0974363   -0.0900889   -0.0826449   -0.0664321   -0.0627273   -0.0615926   -0.0622744   -0.0648816   -0.0684513   

630000
-10   -9   -8   -7   -6   -5   -4   -3   -2   -1   0   1   2   3   5   6   7   8   9   10   11   12   13   14   16   17   18   
-0.478885   -0.365806   -0.252819   -0.147336   -0.0399535   0.0714269   0.177857   0.280131   0.388216   0.496125   0.602966   0.707442   0.810195   0.910443   1.10559   1.19465   1.27919   1.35441   1.40361   1.46027   1.51109   1.52456   1.5349   1.5436   1.53638   1.52094   1.51957   
0.0180778   0.0147789   0.012447   0.010458   0.00887331   0.00877342   0.00902182   0.00964248   0.0100902   0.0103292   0.010382   0.0105598   0.0108678   0.0112454   0.0121707   0.0126754   0.0134353   0.0146108   0.0168847   0.0189356   0.0219625   0.0278741   0.035241   0.0443464   0.0691871   0.0846424   0.0988176   
-0.146024   -0.149833   -0.151349   -0.15081   -0.150089   -0.148721   -0.146197   -0.143055   -0.141249   -0.139528   -0.13767   -0.135418   -0.132925   -0.130087   -0.123613   -0.118879   -0.113567   -0.107094   -0.0974206   -0.0901189   -0.0826763   -0.0732606   -0.0664616   -0.0627374   -0.0622401   -0.0648877   -0.068404   

635000
-10   -9   -8   -7   -6   -5   -4   -3   -2   -1   0   1   2   3   4   5   6   7   8   9   10   11   12   13   14   15   16   18   
-0.477934   -0.365387   -0.252838   -0.147199   -0.039822   0.0714304   0.177785   0.280068   0.38821   0.496118   0.603068   0.707581   0.810297   0.910706   1.00948   1.1057   1.19486   1.27937   1.35437   1.40347   1.46044   1.51128   1.52419   1.53557   1.54468   1.54098   1.5375   1.52052   
0.0180534   0.0147222   0.0124359   0.0104469   0.00885105   0.00874398   0.00899654   0.0096269   0.0100525   0.0102964   0.0103586   0.0105275   0.0108581   0.011213   0.0116718   0.0121472   0.0126505   0.0134135   0.0146026   0.0168943   0.0189158   0.0219402   0.027887   0.0351693   0.0442169   0.0561218   0.0690295   0.0986706   
-0.146175   -0.14994   -0.15132   -0.150812   -0.150103   -0.148719   -0.146181   -0.143042   -0.141255   -0.139532   -0.137687   -0.135448   -0.132939   -0.130137   -0.127083   -0.123635   -0.118917   -0.1136   -0.107091   -0.0974016   -0.0901432   -0.0826975   -0.0732273   -0.0664869   -0.0627464   -0.0615704   -0.062208   -0.0683578   

640000
-10   -9   -8   -7   -6   -5   -4   -3   -2   -1   0   1   2   3   4   5   6   7   8   9   10   11   12   13   14   15   16   17   18   
-0.476974   -0.364939   -0.252933   -0.147033   -0.0396815   0.0714375   0.1777   0.280008   0.388203   0.496107   0.60317   0.707712   0.810399   0.910957   1.00984   1.10579   1.19506   1.27952   1.35431   1.40328   1.46058   1.51139   1.52382   1.53616   1.54569   1.54274   1.53854   1.52214   1.52143   
0.018037   0.0146676   0.0124155   0.0104379   0.00882995   0.00871534   0.00897333   0.00961505   0.0100162   0.0102644   0.0103383   0.0104961   0.0108527   0.0111817   0.0116454   0.012125   0.0126265   0.0133929   0.0145952   0.0169069   0.0188984   0.0219226   0.0278994   0.035104   0.0440981   0.0559006   0.0688812   0.0844478   0.0985337   
-0.146316   -0.15005   -0.151288   -0.150819   -0.150117   -0.148718   -0.146162   -0.143027   -0.141261   -0.139535   -0.137704   -0.135476   -0.132952   -0.130185   -0.127144   -0.123654   -0.118952   -0.113629   -0.107086   -0.0973743   -0.090162   -0.0827101   -0.0731934   -0.0665083   -0.0627553   -0.0615504   -0.0621781   -0.0648267   -0.0683136   

645000
-10   -9   -8   -7   -6   -5   -4   -3   -2   -1   0   1   2   3   4   5   6   7   8   9   10   11   12   13   14   15   16   17   18   
-0.476   -0.364469   -0.252968   -0.146835   -0.0395312   0.0714484   0.1776   0.279953   0.388192   0.496091   0.603271   0.707837   0.8105   0.911197   1.01018   1.10587   1.19524   1.27966   1.35471   1.40329   1.46068   1.51181   1.52341   1.53669   1.5466   1.54436   1.53945   1.524   1.52229   
0.018029   0.0146153   0.0123876   0.0104307   0.00881023   0.00868745   0.00895243   0.00960745   0.00998122   0.0102334   0.0103214   0.0104654   0.0108526   0.0111515   0.0116213   0.0121039   0.0126034   0.0133737   0.0145694   0.0169079   0.0188829   0.0218867   0.0279159   0.0350444   0.0439893   0.0556978   0.068751   0.0841767   0.0984011   
-0.146446   -0.150163   -0.151276   -0.15083   -0.150133   -0.148718   -0.146138   -0.143011   -0.141265   -0.139537   -0.137719   -0.135502   -0.132963   -0.13023   -0.127203   -0.123671   -0.118985   -0.113654   -0.107153   -0.0973768   -0.0901763   -0.0827559   -0.0731562   -0.0665269   -0.0627637   -0.0615323   -0.062152   -0.06475   -0.068271   

650000
-10   -9   -8   -7   -6   -5   -4   -2   -1   0   1   2   3   4   5   6   7   8   9   10   11   12   13   14   16   17   18   
-0.47501   -0.363982   -0.252926   -0.146649   -0.0393708   0.0714629   0.177488   0.388178   0.496072   0.603372   0.707955   0.810544   0.911426   1.01052   1.10595   1.19541   1.27978   1.35506   1.40333   1.46076   1.51273   1.52297   1.53714   1.54742   1.54015   1.52575   1.52311   
0.0180293   0.0145649   0.0123603   0.0104161   0.00879245   0.00866035   0.00893391   0.00994742   0.0102032   0.010309   0.0104355   0.010829   0.0111222   0.0115992   0.0120836   0.0125812   0.0133557   0.014546   0.0169062   0.0188685   0.0218234   0.0279334   0.0349922   0.0438899   0.0686469   0.0839218   0.0982724   
-0.146566   -0.150276   -0.151279   -0.150848   -0.150149   -0.148718   -0.146112   -0.141269   -0.139539   -0.137732   -0.135527   -0.132975   -0.130274   -0.12726   -0.123687   -0.119017   -0.113676   -0.107211   -0.0973834   -0.0901882   -0.0828544   -0.0731172   -0.0665424   -0.0627709   -0.0621311   -0.064678   -0.0682302   

655000
-10   -9   -8   -7   -6   -5   -4   -3   -2   -1   0   1   2   3   4   5   6   7   8   9   11   12   13   14   15   16   17   18   
-0.474002   -0.363482   -0.252826   -0.146441   -0.0392015   0.0714792   0.177364   0.279855   0.388162   0.496084   0.603477   0.708066   0.810573   0.911645   1.01084   1.10624   1.19557   1.27988   1.35537   1.40335   1.51352   1.52277   1.53753   1.54811   1.54728   1.54069   1.52738   1.52387   
0.0180375   0.0145163   0.0123337   0.010404   0.00877616   0.0086341   0.00891792   0.00957721   0.00991473   0.0101714   0.0103024   0.0104063   0.010802   0.0110938   0.0115796   0.0120552   0.0125598   0.0133386   0.0145247   0.0169063   0.0217673   0.0279348   0.0349454   0.0438046   0.0553269   0.0685634   0.0836868   0.0981537   
-0.146677   -0.150391   -0.151293   -0.150868   -0.150166   -0.148718   -0.146082   -0.14299   -0.141272   -0.139546   -0.137743   -0.135551   -0.132986   -0.130317   -0.127315   -0.123742   -0.119045   -0.113695   -0.107263   -0.0973858   -0.0829398   -0.073097   -0.0665548   -0.0627763   -0.0614981   -0.062114   -0.0646114   -0.0681921   

660000
-10   -9   -8   -7   -6   -5   -4   -3   -2   -1   0   1   2   3   4   5   6   7   8   9   10   11   12   13   14   15   16   17   18   
-0.472986   -0.362971   -0.252678   -0.146216   -0.0390233   0.0714464   0.17723   0.279844   0.388143   0.496197   0.603588   0.708171   0.810628   0.911856   1.01116   1.10665   1.19571   1.27996   1.35561   1.40332   1.46141   1.51418   1.52267   1.53786   1.5487   1.54862   1.54108   1.5289   1.52455   
0.0180518   0.0144693   0.012308   0.0103943   0.00876143   0.00860586   0.00890459   0.00954181   0.00988319   0.0101333   0.0103034   0.010378   0.0107744   0.0110662   0.0115625   0.0120228   0.0125393   0.013323   0.0145064   0.0169084   0.0188153   0.0217185   0.0279291   0.034904   0.0437292   0.0551523   0.0684999   0.0834625   0.0980378   
-0.14678   -0.150505   -0.151315   -0.15089   -0.150184   -0.148711   -0.146048   -0.142996   -0.141275   -0.139572   -0.137753   -0.135574   -0.133002   -0.130357   -0.127368   -0.123817   -0.119073   -0.113711   -0.107306   -0.0973826   -0.0902721   -0.0830118   -0.0730838   -0.0665648   -0.06278   -0.0614815   -0.0621006   -0.0645491   -0.0681567   

665000
-10   -9   -8   -7   -5   -4   -3   -2   -1   0   1   2   3   4   5   6   7   8   9   11   12   13   14   15   16   17   18   
-0.472103   -0.362451   -0.252491   -0.145974   0.0713909   0.177058   0.279827   0.388121   0.496303   0.603666   0.708269   0.81084   0.912056   1.01144   1.10705   1.19584   1.28018   1.35581   1.40325   1.51473   1.52255   1.53815   1.54921   1.5499   1.54131   1.53035   1.52515   
0.0180301   0.0144238   0.0122831   0.0103865   0.0085768   0.00888635   0.00950761   0.00985263   0.0100963   0.0102924   0.0103504   0.0107402   0.0110396   0.0115304   0.0119915   0.0125203   0.0133026   0.0144907   0.0169109   0.0216765   0.0279246   0.034866   0.0436634   0.0549902   0.0684581   0.0832516   0.0979482   
-0.146925   -0.150621   -0.151344   -0.150913   -0.1487   -0.146011   -0.143   -0.141276   -0.139597   -0.137762   -0.135596   -0.133046   -0.130396   -0.127422   -0.123889   -0.119097   -0.11375   -0.10734   -0.0973732   -0.0830714   -0.0730699   -0.0665726   -0.0627829   -0.0614668   -0.0620908   -0.0644902   -0.0681266   

670000
-10   -9   -8   -7   -6   -5   -4   -3   -2   -1   0   1   2   3   4   5   6   7   8   9   11   12   13   14   15   16   17   18   
-0.471471   -0.361925   -0.252273   -0.145735   -0.0388444   0.0713411   0.176843   0.279806   0.388096   0.496401   0.60369   0.708361   0.811043   0.912249   1.01171   1.10743   1.19596   1.28066   1.35596   1.40315   1.51517   1.52243   1.53838   1.54963   1.55111   1.54136   1.53173   1.52559   
0.0179366   0.0143798   0.012259   0.010377   0.00873062   0.00854844   0.00886205   0.00947455   0.00982298   0.0100603   0.0102586   0.0103236   0.0107071   0.0110139   0.0114992   0.0119612   0.012502   0.0132728   0.0144774   0.016915   0.0216408   0.0279215   0.0348325   0.0436054   0.054834   0.0684387   0.0830479   0.0978755   
-0.147151   -0.150736   -0.151379   -0.150938   -0.15019   -0.14869   -0.14597   -0.143003   -0.141278   -0.13962   -0.137773   -0.135616   -0.133088   -0.130433   -0.127474   -0.123958   -0.119119   -0.113833   -0.107368   -0.0973599   -0.0831203   -0.0730552   -0.0665779   -0.0627839   -0.0614525   -0.0620849   -0.0644333   -0.0681031   

675000
-10   -9   -8   -7   -6   -5   -4   -3   -2   -1   0   1   2   3   4   5   6   7   8   9   10   11   12   13   14   15   16   17   18   
-0.471167   -0.361394   -0.252025   -0.14552   -0.0388944   0.0712956   0.176714   0.279781   0.388069   0.496495   0.603711   0.708448   0.811238   0.912432   1.01196   1.10779   1.19608   1.28112   1.35605   1.40303   1.46289   1.51551   1.52224   1.53855   1.54995   1.55226   1.54123   1.53306   1.52583   
0.0178504   0.014337   0.0122357   0.0103613   0.00871253   0.00852073   0.00883532   0.00944255   0.00979407   0.010025   0.010226   0.0102974   0.0106751   0.0109889   0.0114691   0.0119318   0.0124846   0.0132443   0.0144666   0.0169207   0.0187108   0.0216111   0.0279222   0.0348044   0.0435596   0.0546841   0.068441   0.0828522   0.0978197   
-0.147304   -0.150851   -0.151419   -0.150967   -0.150169   -0.14868   -0.145948   -0.143005   -0.141278   -0.139642   -0.137783   -0.135636   -0.133129   -0.130469   -0.127524   -0.124025   -0.11914   -0.113912   -0.107387   -0.0973434   -0.0904617   -0.0831584   -0.0730355   -0.0665805   -0.0627843   -0.0614388   -0.0620825   -0.0643785   -0.0680856   

680000
-10   -9   -8   -7   -6   -5   -4   -3   -2   -1   0   1   2   3   4   5   6   7   8   10   11   12   13   14   15   16   17   18   
-0.472222   -0.360857   -0.25175   -0.145289   -0.0389235   0.0712532   0.176596   0.27975   0.388038   0.496584   0.603727   0.708528   0.811425   0.912609   1.01222   1.10814   1.19628   1.28155   1.35609   1.46329   1.51575   1.52203   1.53865   1.55017   1.55335   1.54091   1.53434   1.52594   
0.0177831   0.0142956   0.0122136   0.0103483   0.00869625   0.00849361   0.00880881   0.00941156   0.00976602   0.00999061   0.0101944   0.010272   0.0106442   0.0109647   0.0114399   0.0119033   0.0124645   0.013217   0.0144586   0.0186807   0.0215872   0.0279252   0.0347836   0.0435241   0.054544   0.0684686   0.0826632   0.0977957   
-0.147171   -0.150966   -0.151464   -0.150996   -0.15015   -0.148671   -0.145928   -0.143006   -0.141278   -0.139664   -0.137793   -0.135654   -0.133168   -0.130504   -0.127572   -0.124089   -0.119177   -0.113987   -0.107398   -0.0905141   -0.0831851   -0.0730144   -0.0665792   -0.0627827   -0.0614261   -0.0620842   -0.0643255   -0.0680755   

685000
-10   -9   -8   -7   -6   -5   -4   -3   -2   -1   0   1   2   3   4   5   6   7   8   9   10   11   13   14   15   17   18   
-0.472485   -0.360313   -0.25145   -0.145041   -0.0389325   0.0712133   0.176463   0.279716   0.388004   0.496669   0.60374   0.708602   0.811605   0.912778   1.01246   1.10848   1.19675   1.28196   1.35606   1.40302   1.46366   1.51589   1.53867   1.55026   1.55436   1.53558   1.52588   
0.0177085   0.0142555   0.0121925   0.0103383   0.00868205   0.0084671   0.00878352   0.00938153   0.00973877   0.00995699   0.010164   0.0102473   0.0106142   0.0109413   0.0114117   0.0118757   0.0124358   0.013191   0.0144542   0.0169185   0.0186527   0.0215693   0.0347692   0.0435009   0.054411   0.0824801   0.0977854   
-0.147198   -0.151082   -0.151513   -0.151026   -0.150133   -0.148662   -0.145904   -0.143006   -0.141277   -0.139684   -0.137801   -0.135671   -0.133205   -0.130537   -0.12762   -0.124151   -0.119261   -0.114058   -0.107396   -0.0973426   -0.0905619   -0.0832012   -0.0665751   -0.0627787   -0.0614141   -0.0642741   -0.0680709   

690000
-10   -9   -8   -7   -6   -5   -4   -3   -2   -1   0   1   2   3   4   5   6   7   8   9   10   11   12   13   14   15   16   17   18   
-0.472513   -0.360113   -0.251123   -0.144778   -0.0389242   0.0711753   0.176316   0.279679   0.387968   0.496749   0.603747   0.708671   0.811777   0.912939   1.01269   1.1088   1.1972   1.28235   1.35597   1.40316   1.46398   1.51596   1.52163   1.53864   1.55025   1.55528   1.54169   1.53678   1.52565   
0.0176341   0.0142208   0.0121723   0.0103307   0.00866956   0.00844122   0.00875931   0.00935252   0.00971221   0.00992413   0.0101348   0.0102233   0.0105852   0.0109186   0.0113842   0.0118489   0.012408   0.013166   0.0144524   0.0169098   0.0186271   0.021556   0.0279283   0.0347585   0.0434908   0.0542889   0.0683415   0.0823004   0.0977998   
-0.147269   -0.151126   -0.151567   -0.151057   -0.150118   -0.148654   -0.145877   -0.143005   -0.141276   -0.139704   -0.137808   -0.135687   -0.133241   -0.130569   -0.127666   -0.124212   -0.119341   -0.114125   -0.107387   -0.0973629   -0.0906043   -0.0832088   -0.0729734   -0.0665673   -0.0627736   -0.0614032   -0.0620539   -0.064224   -0.0680721   

695000
-10   -9   -8   -7   -6   -5   -4   -3   -2   -1   0   1   2   3   4   5   6   7   8   9   10   11   12   13   14   15   16   17   18   
-0.472419   -0.360358   -0.250767   -0.144513   -0.0388999   0.0711394   0.176154   0.279638   0.387929   0.496825   0.603751   0.708733   0.811944   0.913093   1.01292   1.10912   1.19764   1.28271   1.35584   1.40326   1.46427   1.51669   1.52176   1.53855   1.55011   1.55607   1.54363   1.53794   1.52527   
0.0175613   0.0141927   0.0121528   0.010323   0.00865875   0.00841598   0.00873614   0.0093244   0.0096863   0.00989209   0.0101066   0.0102   0.010557   0.0108966   0.0113576   0.011823   0.0123812   0.0131422   0.0144525   0.0169036   0.0186031   0.0215041   0.0279074   0.0347529   0.0434915   0.0541856   0.0680835   0.0821278   0.0978354   
-0.14736   -0.151077   -0.151626   -0.151089   -0.150105   -0.148645   -0.145848   -0.143004   -0.141274   -0.139722   -0.137815   -0.135702   -0.133276   -0.130599   -0.127711   -0.12427   -0.119419   -0.114189   -0.107371   -0.0973768   -0.0906419   -0.0832888   -0.0729787   -0.0665573   -0.0627654   -0.0613939   -0.0620046   -0.0641755   -0.0680781   

700000
-10   -9   -8   -7   -6   -5   -4   -3   -1   0   1   2   3   4   5   6   7   8   9   10   11   12   13   14   15   16   17   18   
-0.472249   -0.360436   -0.250395   -0.144278   -0.0388733   0.0711045   0.175978   0.279594   0.496898   0.60375   0.70879   0.812104   0.91324   1.01315   1.10942   1.19806   1.28305   1.3559   1.40332   1.46453   1.51736   1.52186   1.53884   1.54987   1.55675   1.54545   1.53906   1.5258   
0.0174902   0.0141639   0.0121343   0.0103087   0.00864703   0.00839136   0.008714   0.00929716   0.00986076   0.0100791   0.0101774   0.0105297   0.0108754   0.0113318   0.0117978   0.0123554   0.0131194   0.0144448   0.0168995   0.0185809   0.0214562   0.027889   0.0347155   0.0435043   0.0540934   0.0678386   0.0819603   0.0977505   
-0.147463   -0.151061   -0.151689   -0.151124   -0.150094   -0.148636   -0.145815   -0.143001   -0.13974   -0.13782   -0.135716   -0.13331   -0.130628   -0.127754   -0.124326   -0.119493   -0.114249   -0.107384   -0.097386   -0.0906762   -0.0833622   -0.0729813   -0.0665649   -0.0627558   -0.0613854   -0.0619575   -0.0641285   -0.0680463   

705000
-10   -9   -8   -7   -6   -5   -4   -3   -2   -1   0   1   2   3   4   5   6   7   9   10   11   12   13   15   16   17   
-0.472026   -0.360401   -0.250352   -0.14403   -0.0388503   0.07107   0.175792   0.279546   0.387927   0.496967   0.603873   0.708842   0.812257   0.913381   1.01336   1.10971   1.19846   1.28337   1.40336   1.46476   1.51792   1.52194   1.53978   1.55735   1.54718   1.54015   
0.017421   0.0141353   0.0121194   0.0102966   0.00863318   0.00836734   0.00869311   0.00927072   0.00963092   0.00983016   0.0100463   0.0101555   0.0105033   0.010855   0.0113067   0.0117733   0.0123304   0.0130979   0.0168951   0.0185602   0.0214149   0.0278719   0.034624   0.0540105   0.067607   0.0817968   
-0.147573   -0.151067   -0.151685   -0.151159   -0.150086   -0.148628   -0.14578   -0.142998   -0.141285   -0.139758   -0.137848   -0.135728   -0.133342   -0.130656   -0.127796   -0.12438   -0.119565   -0.114305   -0.0973927   -0.0907068   -0.0834232   -0.0729826   -0.0666046   -0.0613773   -0.0619128   -0.0640828   

710000
-10   -9   -8   -7   -6   -5   -4   -3   -2   -1   0   1   2   3   4   5   6   7   9   11   12   13   14   15   16   17   
-0.471764   -0.360291   -0.250473   -0.143863   -0.0388126   0.0710358   0.175591   0.279494   0.388002   0.497031   0.604008   0.708887   0.812405   0.913515   1.01357   1.11   1.19885   1.28367   1.40338   1.51834   1.52201   1.54065   1.55156   1.55785   1.54881   1.5412   
0.0173539   0.0141073   0.012107   0.0102868   0.00862095   0.00834391   0.00867316   0.009245   0.00959886   0.00980028   0.0100137   0.0101345   0.0104776   0.0108353   0.0112823   0.0117496   0.0123063   0.0130778   0.0168918   0.0213814   0.0278557   0.0345378   0.0433046   0.0539422   0.0673866   0.081639   
-0.147687   -0.151087   -0.151647   -0.151177   -0.150079   -0.148619   -0.145742   -0.142994   -0.141304   -0.139774   -0.137879   -0.13574   -0.133374   -0.130683   -0.127837   -0.124433   -0.119635   -0.114357   -0.0973965   -0.0834702   -0.0729831   -0.066641   -0.0627717   -0.0613705   -0.0618701   -0.0640389   

715000
-10   -9   -8   -7   -6   -5   -4   -3   -2   -1   0   1   2   3   4   5   6   7   8   9   10   11   12   13   14   15   16   17   18   
-0.471471   -0.360122   -0.250555   -0.143933   -0.0387641   0.0710015   0.175379   0.279439   0.388071   0.497093   0.604136   0.708926   0.812546   0.913642   1.01377   1.11027   1.19923   1.28394   1.35642   1.40338   1.46513   1.51865   1.52205   1.54145   1.55286   1.55824   1.55037   1.54219   1.53045   
0.0172888   0.0140804   0.0120955   0.0102791   0.00861028   0.00832108   0.00865417   0.00922001   0.00956762   0.00977112   0.00998199   0.0101142   0.0104527   0.0108164   0.0112586   0.0117265   0.0122832   0.0130588   0.0144051   0.0168896   0.018524   0.0213547   0.0278408   0.034457   0.0431586   0.0538839   0.0671732   0.0814911   0.0970661   
-0.147804   -0.151117   -0.151616   -0.151145   -0.150072   -0.14861   -0.145702   -0.142989   -0.141323   -0.13979   -0.137908   -0.13575   -0.133404   -0.130708   -0.127877   -0.124484   -0.119702   -0.114406   -0.107478   -0.0973974   -0.0907564   -0.0835044   -0.0729818   -0.0666748   -0.0627877   -0.0613637   -0.0618287   -0.0639972   -0.0678233   

720000
-10   -9   -8   -7   -6   -5   -3   -2   -1   0   1   2   3   4   5   6   7   8   9   10   11   12   13   14   15   16   17   18   
-0.471154   -0.359906   -0.250604   -0.143972   -0.0387041   0.0709672   0.279381   0.388136   0.49715   0.60426   0.708961   0.812682   0.913764   1.01396   1.11053   1.19959   1.28419   1.35649   1.40337   1.46526   1.51883   1.52206   1.54218   1.55406   1.55852   1.55187   1.54311   1.53188   
0.0172253   0.014055   0.0120845   0.010274   0.00860146   0.00829884   0.00919572   0.00953706   0.00974269   0.00995118   0.0100947   0.0104283   0.0107984   0.0112356   0.011704   0.0122611   0.013041   0.0143958   0.0168887   0.018509   0.0213352   0.0278294   0.0343825   0.0430211   0.0538394   0.0669687   0.0813497   0.0968544   
-0.147923   -0.151154   -0.151592   -0.151117   -0.150067   -0.148601   -0.142984   -0.14134   -0.139804   -0.137936   -0.13576   -0.133433   -0.130733   -0.127915   -0.124533   -0.119766   -0.114451   -0.107494   -0.0973957   -0.0907737   -0.0835257   -0.0729779   -0.0667053   -0.0628024   -0.0613578   -0.0617889   -0.0639579   -0.0677524   

725000
-10   -9   -8   -7   -6   -5   -4   -3   -2   -1   0   1   2   3   4   5   6   7   8   9   11   12   13   14   15   16   17   
-0.470815   -0.359646   -0.250623   -0.144046   -0.0386326   0.0709326   0.175044   0.27932   0.388197   0.497204   0.604378   0.708992   0.812813   0.913881   1.01415   1.11079   1.19993   1.28443   1.35651   1.40332   1.51889   1.52204   1.54285   1.5552   1.55869   1.55331   1.54391   
0.0171635   0.0140319   0.0120742   0.0102584   0.00859459   0.0082772   0.00861471   0.00917209   0.00950723   0.00971502   0.00992119   0.0100759   0.0104047   0.0107814   0.0112133   0.0116823   0.0122398   0.0130243   0.0143891   0.0168893   0.0213231   0.027819   0.0343147   0.0428926   0.053808   0.066773   0.0812274   
-0.148044   -0.151197   -0.151572   -0.151094   -0.150061   -0.148591   -0.145641   -0.142977   -0.141357   -0.139818   -0.137963   -0.135768   -0.133461   -0.130756   -0.127952   -0.124581   -0.119828   -0.114492   -0.107504   -0.0973897   -0.0835331   -0.0729713   -0.066733   -0.0628168   -0.0613522   -0.0617508   -0.0639234   

730000
-10   -9   -8   -7   -6   -5   -4   -3   -2   -1   0   1   2   3   4   5   6   7   8   9   10   11   12   13   14   15   16   17   18   
-0.470456   -0.359354   -0.250616   -0.144092   -0.0385581   0.070898   0.174922   0.279257   0.388255   0.497254   0.60449   0.709122   0.812937   0.91399   1.01433   1.11103   1.20027   1.28464   1.35648   1.40327   1.46543   1.51897   1.52201   1.54344   1.55627   1.55874   1.55471   1.54453   1.53459   
0.0171033   0.0140103   0.012065   0.0102457   0.00858805   0.00825616   0.00859403   0.0091491   0.00947805   0.0096881   0.00989198   0.0100533   0.0103817   0.0107657   0.0111916   0.0116612   0.0122194   0.0130087   0.0143849   0.0168898   0.0184836   0.0213099   0.0278105   0.0342541   0.0427709   0.0537933   0.0665818   0.0811304   0.0964417   
-0.148166   -0.151244   -0.151557   -0.151074   -0.150057   -0.148582   -0.145619   -0.14297   -0.141373   -0.139831   -0.137988   -0.135795   -0.133488   -0.130777   -0.127988   -0.124627   -0.119888   -0.11453   -0.107506   -0.0973825   -0.0907978   -0.0835424   -0.0729645   -0.0667574   -0.0628305   -0.0613482   -0.0617137   -0.0638955   -0.0676152   

735000
-10   -8   -7   -6   -5   -4   -3   -2   -1   0   1   2   3   4   5   6   7   8   9   10   11   12   13   14   15   16   17   18   
-0.470075   -0.250585   -0.144112   -0.0385059   0.070862   0.174789   0.279189   0.38831   0.497301   0.604599   0.709296   0.813056   0.914094   1.01451   1.11127   1.20059   1.28482   1.35638   1.40331   1.46587   1.51949   1.52196   1.54398   1.55729   1.55865   1.55606   1.54503   1.53589   
0.0170445   0.0120567   0.0102355   0.00857667   0.0082358   0.00857411   0.00912686   0.00944949   0.00966198   0.00986358   0.0100294   0.0103593   0.010751   0.0111705   0.0116408   0.0121999   0.0129942   0.0143845   0.0168847   0.0184529   0.0212714   0.0278029   0.0341973   0.0426541   0.0537894   0.0663948   0.0810508   0.0962467   
-0.148291   -0.151546   -0.151056   -0.150054   -0.148572   -0.145596   -0.142963   -0.141388   -0.139844   -0.138013   -0.135829   -0.133514   -0.130798   -0.128023   -0.124671   -0.119946   -0.114564   -0.107495   -0.0973894   -0.0908543   -0.0835995   -0.0729556   -0.0667791   -0.0628434   -0.0613426   -0.0616778   -0.0638723   -0.067549   

740000
-9   -8   -7   -6   -5   -4   -3   -2   -1   0   1   2   3   4   5   6   7   8   9   10   11   12   13   14   15   16   17   
-0.358684   -0.250536   -0.144111   -0.0384437   0.0708259   0.174646   0.279118   0.388361   0.497344   0.604703   0.709463   0.813169   0.914194   1.01467   1.1115   1.2009   1.28499   1.35622   1.40352   1.46645   1.51986   1.52188   1.54447   1.55825   1.55843   1.55736   1.54537   
0.0139733   0.0120489   0.0102275   0.00856704   0.00821611   0.00855493   0.00910522   0.00942152   0.00963666   0.00983598   0.0100064   0.0103375   0.0107373   0.01115   0.0116212   0.0121812   0.0129809   0.0143869   0.0168715   0.0184148   0.0212414   0.0277981   0.0341441   0.0425424   0.0538054   0.066216   0.0809872   
-0.151349   -0.151539   -0.15104   -0.150052   -0.148561   -0.14557   -0.142954   -0.141402   -0.139855   -0.138037   -0.135863   -0.133538   -0.130817   -0.128056   -0.124714   -0.120001   -0.114594   -0.107475   -0.0974202   -0.0909297   -0.0836408   -0.0729438   -0.0667987   -0.0628558   -0.0613392   -0.0616437   -0.0638541   

745000
-10   -9   -8   -7   -6   -5   -4   -3   -2   -1   0   1   2   3   4   5   6   7   8   9   10   11   12   13   14   16   17   18   
-0.469258   -0.358311   -0.25047   -0.144096   -0.0383717   0.0707902   0.174492   0.279045   0.388409   0.497385   0.604802   0.709624   0.813277   0.914291   1.01483   1.11172   1.20121   1.28514   1.35601   1.40371   1.46699   1.52008   1.52177   1.54493   1.55918   1.55862   1.54556   1.5384   
0.0169309   0.013958   0.0120415   0.0102204   0.00855917   0.00819714   0.0085366   0.00908412   0.00939411   0.00961218   0.00980904   0.00998424   0.0103163   0.0107247   0.0111301   0.0116022   0.0121634   0.0129688   0.0143916   0.0168597   0.0183794   0.0212205   0.0277947   0.0340945   0.0424379   0.0660468   0.0809521   0.0958654   
-0.148546   -0.151406   -0.151534   -0.151027   -0.15005   -0.148551   -0.145542   -0.142946   -0.141416   -0.139866   -0.13806   -0.135894   -0.133562   -0.130836   -0.128089   -0.124756   -0.120055   -0.114621   -0.107449   -0.0974475   -0.0909989   -0.0836658   -0.0729304   -0.066817   -0.0628686   -0.0616115   -0.0638422   -0.0674202   

750000
-10   -9   -8   -7   -6   -5   -4   -2   -1   0   1   2   3   4   5   6   8   9   11   12   13   14   15   16   17   18   
-0.468838   -0.357916   -0.250397   -0.144115   -0.038288   0.0707553   0.174329   0.388453   0.497422   0.604897   0.709779   0.813379   0.914385   1.01499   1.11193   1.20149   1.35586   1.40388   1.5201   1.52206   1.54534   1.56003   1.55967   1.55983   1.5456   1.53961   
0.0168763   0.013945   0.0120332   0.0102044   0.00855354   0.0081788   0.00851906   0.00936725   0.00958858   0.0097827   0.00996308   0.0102957   0.0107132   0.0111108   0.011584   0.0121465   0.0143941   0.016849   0.021211   0.0277635   0.0340472   0.0423392   0.0536396   0.0658783   0.0809275   0.0956817   
-0.148673   -0.151464   -0.151533   -0.151016   -0.150049   -0.148541   -0.145513   -0.14143   -0.139876   -0.138082   -0.135925   -0.133585   -0.130854   -0.128119   -0.124796   -0.120107   -0.107431   -0.0974722   -0.0836691   -0.072948   -0.0668328   -0.0628798   -0.0613229   -0.0615797   -0.0638347   -0.0673576   

755000
-10   -9   -8   -7   -6   -5   -4   -2   -1   0   1   2   4   5   6   8   9   10   11   12   13   14   15   16   17   
-0.468414   -0.357493   -0.2504   -0.144111   -0.0381939   0.0707264   0.174156   0.388495   0.497456   0.604987   0.70993   0.813476   1.01513   1.11214   1.20177   1.35599   1.40405   1.46794   1.51995   1.5224   1.54572   1.56079   1.56125   1.561   1.54547   
0.016823   0.0139351   0.0120072   0.0101914   0.00855   0.00815861   0.00850224   0.00934092   0.0095659   0.00975695   0.00994296   0.0102756   0.0110923   0.0115663   0.0121305   0.0143836   0.0168388   0.0183153   0.021211   0.0277286   0.034004   0.0422488   0.0534424   0.0657162   0.0809371   
-0.148798   -0.151524   -0.151537   -0.151007   -0.150047   -0.148534   -0.145481   -0.141442   -0.139885   -0.138103   -0.135954   -0.133606   -0.128149   -0.124834   -0.120156   -0.107456   -0.0974959   -0.0911216   -0.0836545   -0.0729707   -0.066847   -0.0628896   -0.0613106   -0.0615494   -0.063834   

760000
-10   -9   -8   -7   -6   -5   -4   -3   -2   -1   0   1   2   4   5   6   7   8   9   11   12   13   14   15   16   17   18   
-0.467988   -0.357046   -0.250385   -0.144081   -0.0381003   0.0707011   0.173972   0.278876   0.388533   0.497487   0.605073   0.710075   0.813567   1.01527   1.11233   1.20204   1.28546   1.35605   1.4042   1.51992   1.52272   1.54606   1.56146   1.56277   1.56213   1.54518   1.54196   
0.0167708   0.0139276   0.0119823   0.0101818   0.00854643   0.00813749   0.00848612   0.00902084   0.00931511   0.00954432   0.00973179   0.00992406   0.010256   0.0110743   0.0115493   0.0121123   0.0129368   0.0143765   0.0168293   0.0212044   0.0276959   0.033965   0.0421705   0.0532566   0.0655625   0.080964   0.0953228   
-0.148923   -0.151586   -0.151543   -0.151   -0.150046   -0.148528   -0.145447   -0.142929   -0.141454   -0.139894   -0.138124   -0.135983   -0.133627   -0.128177   -0.124871   -0.120205   -0.114684   -0.10747   -0.0975176   -0.0836523   -0.072991   -0.0668597   -0.062898   -0.0612993   -0.061521   -0.0638384   -0.0672357   

765000
-9   -8   -7   -6   -5   -4   -3   -2   -1   0   1   2   3   4   5   6   7   8   9   11   12   13   14   15   16   17   
-0.356574   -0.250347   -0.144027   -0.0380219   0.0706753   0.173778   0.278907   0.388569   0.497516   0.605155   0.710216   0.813651   0.914811   1.0154   1.11252   1.20229   1.28554   1.35606   1.40433   1.51998   1.52301   1.54636   1.56206   1.56421   1.56319   1.54472   
0.0139225   0.0119582   0.0101752   0.0085396   0.00811697   0.00847074   0.00899592   0.0092898   0.00952382   0.00970717   0.00990642   0.0102371   0.0106787   0.0110569   0.0115332   0.0120921   0.012925   0.014372   0.0168198   0.0211926   0.0276653   0.0339285   0.0420984   0.0530806   0.0654162   0.0810145   
-0.15165   -0.151554   -0.150995   -0.150046   -0.148521   -0.145411   -0.14294   -0.141465   -0.139901   -0.138143   -0.13601   -0.133646   -0.130931   -0.128204   -0.124907   -0.120253   -0.114702   -0.107476   -0.0975374   -0.0836594   -0.0730092   -0.0668699   -0.0629057   -0.061289   -0.0614943   -0.0638485   

770000
-10   -9   -8   -7   -6   -5   -3   -2   -1   0   1   2   3   4   5   6   7   8   9   10   11   12   14   15   16   17   
-0.467128   -0.356074   -0.250288   -0.143971   -0.037936   0.0706489   0.278935   0.388602   0.497542   0.605232   0.710355   0.813727   0.915086   1.01552   1.1127   1.20252   1.28569   1.35601   1.40445   1.46911   1.51981   1.52325   1.5626   1.56559   1.56418   1.54471   
0.0166703   0.0139197   0.0119349   0.0101663   0.00853427   0.00809706   0.00897161   0.00926498   0.00950449   0.0096831   0.00989024   0.0102189   0.0106638   0.01104   0.0115178   0.0120726   0.0129106   0.0143702   0.0168112   0.0182324   0.0211939   0.0276376   0.0420318   0.0529093   0.0652795   0.0810066   
-0.149169   -0.151718   -0.151568   -0.150992   -0.150047   -0.148514   -0.14295   -0.141476   -0.139908   -0.138162   -0.136036   -0.133664   -0.13098   -0.12823   -0.12494   -0.120299   -0.114733   -0.107474   -0.0975546   -0.0912756   -0.0836424   -0.0730241   -0.0629118   -0.0612782   -0.0614697   -0.063842   

775000
-10   -9   -8   -7   -6   -5   -4   -3   -2   -1   0   1   2   3   4   5   6   7   8   9   10   11   12   13   14   15   16   17   
-0.466695   -0.355549   -0.250212   -0.143922   -0.0378417   0.0706219   0.173405   0.27896   0.388632   0.497566   0.605305   0.710491   0.813798   0.915355   1.01564   1.11287   1.20275   1.28608   1.35592   1.40455   1.46944   1.51938   1.52347   1.54681   1.56309   1.56691   1.56507   1.54681   
0.0166222   0.0139187   0.0119122   0.0101544   0.00853069   0.00807777   0.00844071   0.00894786   0.00924064   0.00948647   0.00965955   0.00987561   0.0102011   0.0106507   0.0110236   0.011503   0.0120538   0.0128871   0.0143712   0.0168032   0.0182082   0.0212102   0.027612   0.0338696   0.0419724   0.0527448   0.0651564   0.0807041   
-0.149289   -0.151788   -0.151584   -0.150992   -0.150048   -0.148507   -0.145342   -0.14296   -0.141486   -0.139914   -0.13818   -0.136061   -0.133681   -0.131026   -0.128255   -0.124973   -0.120343   -0.114803   -0.107465   -0.09757   -0.091319   -0.0835971   -0.073037   -0.0668831   -0.0629173   -0.0612677   -0.0614477   -0.0637575   

780000
-10   -9   -8   -7   -6   -5   -4   -3   -2   -1   0   1   2   3   4   5   6   7   8   9   10   11   12   13   14   15   16   17   
-0.46626   -0.355009   -0.250128   -0.143855   -0.037738   0.0705934   0.173309   0.27898   0.388659   0.49759   0.605374   0.710625   0.813863   0.91562   1.01576   1.11303   1.20297   1.28646   1.35574   1.40464   1.46974   1.51893   1.52367   1.54696   1.56352   1.56819   1.56581   1.5488   
0.0165754   0.01392   0.0118901   0.0101453   0.00852916   0.00805905   0.00842302   0.00892462   0.00921677   0.00946993   0.0096365   0.00986254   0.0101839   0.0106397   0.0110077   0.0114889   0.0120356   0.0128645   0.0143759   0.016796   0.0181855   0.0212279   0.0275881   0.0338462   0.0419188   0.0525879   0.0650518   0.0804173   
-0.149409   -0.15186   -0.151602   -0.150992   -0.150049   -0.1485   -0.145326   -0.142969   -0.141496   -0.13992   -0.138196   -0.136085   -0.133697   -0.131072   -0.128279   -0.125004   -0.120385   -0.11487   -0.107443   -0.0975837   -0.0913586   -0.0835488   -0.0730479   -0.0668856   -0.0629221   -0.0612584   -0.061429   -0.0636775   

785000
-10   -8   -7   -6   -5   -4   -3   -2   -1   0   1   2   3   4   5   6   7   8   9   11   12   13   14   15   16   17   
-0.465824   -0.250036   -0.143769   -0.0376263   0.070563   0.173205   0.278997   0.388683   0.497614   0.605439   0.710757   0.813923   0.915861   1.01587   1.11319   1.20318   1.28681   1.35549   1.40472   1.51837   1.52385   1.54706   1.5639   1.56941   1.56646   1.5507   
0.01653   0.0118685   0.0101392   0.00852937   0.00804092   0.00840586   0.00890187   0.00919338   0.00945515   0.00961395   0.00985127   0.0101671   0.0106229   0.0109923   0.0114755   0.012018   0.0128429   0.0143843   0.0167895   0.0212516   0.0275654   0.0338267   0.0418689   0.0524355   0.0649605   0.0801441   
-0.149526   -0.151622   -0.150994   -0.15005   -0.148491   -0.145309   -0.142977   -0.141505   -0.139924   -0.138213   -0.136109   -0.133712   -0.131116   -0.128302   -0.125034   -0.120425   -0.114934   -0.107409   -0.0975957   -0.0834889   -0.0730578   -0.0668856   -0.0629247   -0.0612489   -0.0614124   -0.0636009   

790000
-10   -9   -8   -7   -6   -5   -4   -3   -2   -1   0   1   2   3   4   5   6   7   8   9   10   11   12   13   14   15   16   17   
-0.465385   -0.354816   -0.249935   -0.143679   -0.0375232   0.0705305   0.173094   0.279011   0.388705   0.497639   0.605499   0.710887   0.813978   0.916076   1.01597   1.11334   1.20337   1.28715   1.35519   1.40479   1.47024   1.5176   1.52401   1.54712   1.56421   1.57059   1.56702   1.55251   
0.016486   0.0138923   0.0118475   0.0101333   0.00852791   0.00802337   0.00838931   0.00887958   0.00917045   0.00944247   0.00959189   0.00984195   0.0101508   0.0105982   0.0109773   0.0114626   0.0120014   0.0128221   0.0143954   0.0167837   0.0181457   0.0212875   0.0275444   0.0338112   0.0418257   0.0522878   0.0648769   0.0798815   
-0.149643   -0.151877   -0.151642   -0.150996   -0.150052   -0.148482   -0.14529   -0.142984   -0.141513   -0.139929   -0.138228   -0.136131   -0.133726   -0.131159   -0.128324   -0.125063   -0.120463   -0.114995   -0.107367   -0.0976063   -0.0914252   -0.0834059   -0.0730659   -0.0668832   -0.0629263   -0.0612398   -0.061397   -0.0635283   

795000
-10   -9   -8   -7   -6   -5   -4   -3   -2   -1   0   1   2   3   4   5   6   7   8   9   10   11   12   13   14   15   16   17   
-0.464945   -0.355026   -0.249827   -0.143609   -0.0374366   0.0704956   0.172977   0.279022   0.388724   0.497667   0.605555   0.711017   0.81403   0.916284   1.01607   1.11349   1.20355   1.28746   1.3549   1.40484   1.47044   1.51658   1.52414   1.54714   1.56446   1.57173   1.56748   1.55423   
0.0164434   0.0138516   0.0118271   0.0101225   0.00852297   0.0080064   0.00837338   0.00885774   0.00914798   0.00943197   0.0095703   0.00983487   0.010135   0.0105741   0.010963   0.0114505   0.0119854   0.0128024   0.0144061   0.0167791   0.0181288   0.0213379   0.027525   0.0337999   0.0417907   0.0521462   0.0648114   0.0796358   
-0.149757   -0.151865   -0.151664   -0.151   -0.150055   -0.148473   -0.14527   -0.142991   -0.141521   -0.139933   -0.138242   -0.136152   -0.133739   -0.131202   -0.128345   -0.125091   -0.120499   -0.115052   -0.107327   -0.0976136   -0.0914512   -0.0832957   -0.0730722   -0.0668786   -0.0629267   -0.0612314   -0.0613844   -0.0634603   

800000
-10   -9   -8   -7   -5   -4   -3   -2   -1   0   1   3   4   5   6   7   8   9   11   12   13   14   15   16   17   18   
-0.464502   -0.355166   -0.249712   -0.143517   0.0704581   0.172853   0.27903   0.388741   0.497752   0.605607   0.711147   0.916487   1.01631   1.11363   1.20372   1.28776   1.35486   1.40488   1.51482   1.52425   1.5471   1.56464   1.57284   1.56783   1.55585   1.55003   
0.0164023   0.0138118   0.0118073   0.010116   0.00799   0.00835797   0.00883633   0.00912599   0.00942094   0.0095492   0.00983036   0.0105506   0.0109423   0.0114389   0.01197   0.0127837   0.0144048   0.0167751   0.0214305   0.0275078   0.0337919   0.0417618   0.052008   0.0647566   0.0794018   0.0940674   
-0.149871   -0.151864   -0.151687   -0.151004   -0.148462   -0.145248   -0.142997   -0.141529   -0.139947   -0.138256   -0.136173   -0.131243   -0.128391   -0.125119   -0.120533   -0.115106   -0.107325   -0.0976192   -0.0831066   -0.0730762   -0.0668711   -0.0629253   -0.0612232   -0.0613733   -0.0633967   -0.0668084   

805000
-10   -9   -8   -7   -6   -5   -4   -3   -2   -1   0   1   2   3   4   5   6   7   8   10   11   12   13   14   15   16   17   
-0.464055   -0.35525   -0.249591   -0.1434   -0.0373016   0.0704178   0.172722   0.279035   0.388753   0.497906   0.605653   0.711277   0.814156   0.916685   1.01661   1.11377   1.20388   1.28804   1.35476   1.47074   1.51312   1.52432   1.54761   1.56474   1.57391   1.56807   1.55737   
0.0163628   0.013773   0.0117881   0.010114   0.00851636   0.00797419   0.00834308   0.00881535   0.00910453   0.00940922   0.00952867   0.00982884   0.0101031   0.0105277   0.0109193   0.0114281   0.0119551   0.0127659   0.0144064   0.0180993   0.0215204   0.0274932   0.0337394   0.0417396   0.0518744   0.0647142   0.0791821   
-0.149983   -0.151873   -0.15171   -0.151007   -0.15005   -0.148451   -0.145225   -0.143002   -0.141535   -0.139972   -0.138268   -0.136192   -0.13377   -0.131283   -0.128447   -0.125145   -0.120565   -0.115157   -0.107314   -0.0914926   -0.0829227   -0.0730773   -0.0668927   -0.0629221   -0.0612156   -0.061364   -0.0633379   

810000
-10   -9   -8   -7   -6   -5   -4   -3   -2   -1   0   1   2   3   4   5   6   7   8   9   10   11   12   13   14   15   16   17   
-0.463603   -0.355289   -0.249463   -0.143293   -0.0372609   0.0703749   0.172584   0.279037   0.388764   0.498061   0.605696   0.711387   0.814357   0.916877   1.0169   1.114   1.20404   1.2883   1.35462   1.40522   1.47086   1.51143   1.52437   1.54851   1.56478   1.57495   1.5682   1.55884   
0.016325   0.0137352   0.0117697   0.0101095   0.00851459   0.00795897   0.00832873   0.00879478   0.00908354   0.00940082   0.00950861   0.00982169   0.0100811   0.0105054   0.010897   0.0114142   0.0119408   0.0127489   0.01441   0.0167521   0.0180865   0.02161   0.0274801   0.0336545   0.041727   0.0517451   0.0646857   0.0789708   
-0.150093   -0.151889   -0.151734   -0.151013   -0.150041   -0.148439   -0.145201   -0.143007   -0.141541   -0.139997   -0.13828   -0.13621   -0.13381   -0.131323   -0.128501   -0.125188   -0.120597   -0.115206   -0.107297   -0.0976704   -0.0915088   -0.08274   -0.0730767   -0.0669347   -0.062918   -0.0612086   -0.0613567   -0.0632814   

815000
-10   -9   -8   -7   -6   -5   -4   -3   -2   -1   0   1   2   3   4   5   6   7   8   9   10   11   12   13   14   15   16   17   
-0.463145   -0.355291   -0.24933   -0.143139   -0.0372088   0.0703282   0.17244   0.279036   0.388772   0.498221   0.605734   0.711455   0.814551   0.917065   1.01718   1.11435   1.20419   1.28855   1.35445   1.40554   1.47095   1.50985   1.52441   1.54937   1.56471   1.57595   1.56821   1.56028   
0.0162889   0.0136984   0.0117519   0.010114   0.00851483   0.0079444   0.0083149   0.00877462   0.009063   0.00939643   0.00948899   0.00979981   0.0100597   0.0104837   0.0108752   0.0113962   0.0119268   0.0127327   0.0144155   0.0167334   0.0180751   0.0216926   0.0274687   0.0335734   0.041724   0.0516191   0.0646758   0.0787648   
-0.150203   -0.151912   -0.151759   -0.151017   -0.150032   -0.148426   -0.145175   -0.143012   -0.141547   -0.14002   -0.138291   -0.136229   -0.133849   -0.131361   -0.128554   -0.12525   -0.120627   -0.115252   -0.107275   -0.0977171   -0.0915212   -0.0825696   -0.0730754   -0.0669747   -0.0629114   -0.061202   -0.061352   -0.0632268   

820000
-10   -9   -8   -7   -6   -5   -4   -3   -2   -1   0   1   2   3   4   5   6   7   8   9   11   12   13   15   16   17   18   
-0.46268   -0.355261   -0.249191   -0.142963   -0.0371723   0.0702787   0.172287   0.279032   0.388777   0.498388   0.605768   0.711519   0.814737   0.917247   1.01745   1.11469   1.20434   1.28877   1.35423   1.40584   1.50855   1.52443   1.55018   1.57692   1.5681   1.56168   1.5518   
0.0162548   0.0136626   0.0117349   0.0101223   0.00851141   0.00793055   0.00830175   0.00875485   0.00904292   0.00939706   0.00946981   0.00977843   0.0100389   0.0104625   0.0108539   0.0113791   0.0119133   0.0127174   0.0144234   0.0167159   0.0217594   0.0274578   0.0334958   0.0514985   0.0646792   0.0785633   0.0937621   
-0.150311   -0.151939   -0.151785   -0.151021   -0.150024   -0.148412   -0.145148   -0.143015   -0.141552   -0.140043   -0.138302   -0.136246   -0.133886   -0.131398   -0.128606   -0.12531   -0.120656   -0.115295   -0.107246   -0.0977606   -0.0824282   -0.0730727   -0.0670133   -0.0611963   -0.0613492   -0.0631734   -0.0667033   

825000
-10   -9   -8   -6   -5   -4   -3   -2   -1   0   1   2   3   4   5   6   7   8   9   11   13   14   15   16   17   
-0.462406   -0.355202   -0.249047   -0.0371399   0.0702272   0.172128   0.279026   0.388781   0.498481   0.605799   0.711576   0.814918   0.917425   1.01771   1.11501   1.20448   1.28899   1.35394   1.40613   1.50747   1.55097   1.56515   1.57784   1.56786   1.56305   
0.0162255   0.0136276   0.0117188   0.00850689   0.00791747   0.00828915   0.00873546   0.0090233   0.00937255   0.00945105   0.00975764   0.0100185   0.0104418   0.0108331   0.0113628   0.0119   0.012703   0.0144349   0.0166992   0.0218138   0.0334206   0.0416588   0.0513829   0.0646994   0.0783662   
-0.150376   -0.15197   -0.151811   -0.150016   -0.148397   -0.145119   -0.143018   -0.141557   -0.140064   -0.138311   -0.136262   -0.133922   -0.131435   -0.128656   -0.125369   -0.120686   -0.115335   -0.107205   -0.0978019   -0.0823102   -0.06705   -0.0629101   -0.061191   -0.0613487   -0.0631212   

830000
-10   -9   -8   -7   -6   -5   -4   -3   -2   -1   0   1   2   3   4   6   7   8   9   11   12   13   14   15   16   17   18   
-0.462617   -0.355119   -0.248897   -0.142328   -0.0370983   0.0701731   0.171964   0.279017   0.388782   0.49856   0.605826   0.711629   0.815091   0.917598   1.01797   1.20466   1.28918   1.3536   1.4064   1.50639   1.52491   1.55172   1.56639   1.5787   1.56749   1.5644   1.5519   
0.0162055   0.0135936   0.0117034   0.0101949   0.00850435   0.00790503   0.0082771   0.00871646   0.00900414   0.00934443   0.00943268   0.00973745   0.00999869   0.0104216   0.0108129   0.0118856   0.0126894   0.0144486   0.0166832   0.0218685   0.0274049   0.0333487   0.0415239   0.0512755   0.0647362   0.0781728   0.0937239   
-0.150334   -0.152006   -0.151838   -0.151023   -0.150009   -0.148382   -0.145089   -0.143021   -0.141561   -0.140085   -0.13832   -0.136277   -0.133957   -0.131471   -0.128705   -0.120721   -0.115372   -0.107157   -0.0978411   -0.0821915   -0.073102   -0.0670859   -0.0629318   -0.0611867   -0.0613504   -0.06307   -0.0666873   

835000
-10   -9   -8   -7   -6   -5   -3   -2   -1   0   1   2   3   4   5   6   7   8   9   10   11   12   13   14   15   16   17   18   
-0.462663   -0.35501   -0.248744   -0.142105   -0.0370467   0.070102   0.279006   0.388781   0.498635   0.60585   0.711678   0.81526   0.917767   1.01822   1.11563   1.20504   1.28936   1.35324   1.40665   1.47289   1.50529   1.52542   1.55245   1.56757   1.5795   1.56773   1.56571   1.55175   
0.0161865   0.0135603   0.0116886   0.0102123   0.00850388   0.00789057   0.00869782   0.00898543   0.00931673   0.0094147   0.00971783   0.00997934   0.0104019   0.0107931   0.0113273   0.0118643   0.0126768   0.0144638   0.0166681   0.0179504   0.0219239   0.0273603   0.0332789   0.0413956   0.0511772   0.0646977   0.0779818   0.0937365   
-0.150322   -0.152045   -0.151865   -0.151028   -0.150002   -0.148367   -0.143023   -0.141564   -0.140105   -0.138328   -0.136291   -0.133991   -0.131505   -0.128753   -0.125483   -0.120792   -0.115406   -0.107106   -0.0978783   -0.0917749   -0.0820716   -0.0731379   -0.0671202   -0.0629526   -0.0611828   -0.0613407   -0.0630195   -0.0666894   

840000
-10   -9   -8   -7   -6   -5   -4   -3   -2   -1   1   2   3   4   5   6   7   8   9   10   11   12   13   14   15   16   17   
-0.462609   -0.354877   -0.248586   -0.141907   -0.0369851   0.0700285   0.1717   0.278991   0.388778   0.498707   0.711723   0.815421   0.917931   1.01847   1.11592   1.20541   1.28951   1.35301   1.40689   1.47336   1.50435   1.52588   1.55315   1.56869   1.58021   1.56958   1.56701   
0.0161694   0.0135279   0.0116746   0.0102245   0.00850534   0.00787658   0.0082517   0.00867962   0.00896718   0.0092897   0.00969878   0.00996043   0.0103827   0.0107737   0.011306   0.0118437   0.0126652   0.0144727   0.0166538   0.0179205   0.0219705   0.027319   0.033212   0.0412742   0.0510847   0.0644547   0.0777949   
-0.150326   -0.152089   -0.151892   -0.151035   -0.149994   -0.148351   -0.145043   -0.143024   -0.141567   -0.140125   -0.136305   -0.134024   -0.131539   -0.128799   -0.125538   -0.12086   -0.115437   -0.107074   -0.0979137   -0.0918357   -0.0819683   -0.073171   -0.0671533   -0.0629728   -0.061178   -0.0613006   -0.06297   

845000
-10   -9   -8   -7   -6   -5   -4   -3   -2   -1   1   2   3   4   5   6   7   9   10   11   12   13   14   15   16   17   
-0.462473   -0.354718   -0.248424   -0.141714   -0.0369206   0.0699531   0.171634   0.278973   0.388773   0.498776   0.711765   0.815578   0.918091   1.0187   1.1162   1.20577   1.28966   1.40712   1.47379   1.50354   1.52631   1.5538   1.56976   1.58087   1.57134   1.56828   
0.016156   0.0134961   0.0116613   0.0102357   0.00850737   0.00786308   0.00823708   0.00866182   0.00894941   0.00926331   0.00968026   0.00994199   0.0103639   0.0107549   0.0112852   0.0118235   0.0126544   0.0166402   0.0178923   0.0220091   0.0272801   0.0331486   0.0411581   0.0510002   0.064219   0.0776096   
-0.15034   -0.152137   -0.151921   -0.151043   -0.149988   -0.148334   -0.145033   -0.143025   -0.14157   -0.140144   -0.136318   -0.134056   -0.131572   -0.128845   -0.125592   -0.120926   -0.115465   -0.0979471   -0.0918926   -0.0818799   -0.0732016   -0.0671841   -0.0629923   -0.061174   -0.0612613   -0.062921   

850000
-10   -9   -8   -7   -6   -5   -4   -3   -2   -1   0   1   2   3   4   5   6   7   9   10   11   12   13   14   15   16   17   18   
-0.462272   -0.354535   -0.248257   -0.141549   -0.0368782   0.0699126   0.171565   0.278953   0.388767   0.498842   0.60602   0.711804   0.815729   0.918247   1.01894   1.11648   1.20611   1.28977   1.40734   1.47419   1.50283   1.52672   1.55441   1.57078   1.58149   1.57305   1.56954   1.55297   
0.0161467   0.013465   0.0116487   0.0102411   0.0085046   0.0078478   0.00822286   0.00864437   0.00893221   0.00923755   0.00935821   0.00966225   0.009924   0.0103456   0.0107365   0.0112649   0.0118039   0.0126449   0.0166274   0.0178657   0.022043   0.027243   0.0330893   0.0410457   0.0509213   0.0639975   0.0774278   0.0935285   
-0.150361   -0.152189   -0.151949   -0.151053   -0.149982   -0.148326   -0.145022   -0.143025   -0.141572   -0.140162   -0.138371   -0.13633   -0.134087   -0.131605   -0.128889   -0.125645   -0.120991   -0.115489   -0.0979787   -0.0919458   -0.0818002   -0.0732301   -0.0672124   -0.0630107   -0.06117   -0.0612247   -0.0628729   -0.06661   

855000
-10   -9   -8   -7   -6   -5   -4   -3   -2   -1   0   1   2   3   4   5   6   7   9   11   12   13   14   15   16   17   18   
-0.462019   -0.354336   -0.248085   -0.141406   -0.0368277   0.0698916   0.171491   0.27893   0.388759   0.498905   0.606145   0.71184   0.815875   0.918398   1.01916   1.11675   1.20645   1.28987   1.40754   1.50226   1.5271   1.55496   1.57177   1.58205   1.5747   1.57077   1.55494   
0.0161407   0.0134348   0.0116372   0.010242   0.00850348   0.0078315   0.00820905   0.0086273   0.00891559   0.00921241   0.00933691   0.00964471   0.00990644   0.0103277   0.0107186   0.0112451   0.0117848   0.0126364   0.0166153   0.0220682   0.0272076   0.0330346   0.0409377   0.0508492   0.0637819   0.0772487   0.0932311   
-0.150386   -0.152243   -0.151978   -0.151064   -0.149976   -0.148322   -0.14501   -0.143025   -0.141574   -0.140179   -0.138399   -0.136342   -0.134116   -0.131636   -0.128932   -0.125696   -0.121054   -0.11551   -0.0980085   -0.0817366   -0.0732567   -0.0672383   -0.0630288   -0.0611661   -0.061189   -0.0628254   -0.0665072   

860000
-10   -9   -6   -5   -4   -3   -2   -1   0   1   2   3   4   5   6   7   8   9   10   11   12   13   14   15   16   17   
-0.461723   -0.354126   -0.0367694   0.069867   0.171414   0.278904   0.38875   0.498966   0.606266   0.711874   0.816015   0.918545   1.01938   1.11701   1.20678   1.28995   1.35237   1.40773   1.47491   1.50173   1.52746   1.5555   1.57273   1.58254   1.5763   1.57198   
0.0161384   0.0134054   0.00850412   0.00781562   0.00819564   0.00861057   0.00889954   0.00918787   0.00931603   0.00962763   0.00988932   0.0103102   0.0107012   0.0112257   0.0117661   0.0126287   0.0144932   0.0166036   0.017817   0.0220911   0.027174   0.0329816   0.0408342   0.0507854   0.0635709   0.0770725   
-0.150414   -0.152298   -0.14997   -0.148317   -0.144998   -0.143024   -0.141576   -0.140196   -0.138425   -0.136353   -0.134145   -0.131667   -0.128974   -0.125747   -0.121115   -0.115528   -0.106991   -0.0980364   -0.0920415   -0.0816773   -0.0732818   -0.0672629   -0.063047   -0.0611622   -0.0611543   -0.0627788   

865000
-10   -9   -8   -7   -6   -5   -4   -3   -2   -1   0   1   2   3   4   5   6   7   8   9   11   12   13   14   15   16   17   
-0.461387   -0.353904   -0.247904   -0.141226   -0.0367046   0.0698385   0.171333   0.278877   0.388776   0.499025   0.606383   0.711904   0.816151   0.918688   1.0196   1.11726   1.2071   1.29002   1.35215   1.4079   1.50121   1.5278   1.556   1.57364   1.58296   1.57785   1.57315   
0.0161396   0.0133768   0.011616   0.0102415   0.00850624   0.00780016   0.00818262   0.00859419   0.0088822   0.00916389   0.00929554   0.00961105   0.00987263   0.0102931   0.0106844   0.0112068   0.011748   0.0126216   0.0144997   0.0165925   0.022114   0.0271416   0.0329313   0.0407318   0.0507256   0.0633682   0.0769028   
-0.150444   -0.152355   -0.152003   -0.151068   -0.149964   -0.148312   -0.144984   -0.143023   -0.141584   -0.140212   -0.13845   -0.136364   -0.134173   -0.131697   -0.129015   -0.125796   -0.121175   -0.115545   -0.106962   -0.098061   -0.0816185   -0.0733051   -0.0672862   -0.0630637   -0.0611575   -0.0611209   -0.0627336   

870000
-10   -9   -8   -7   -6   -5   -4   -3   -2   -1   0   1   2   3   4   5   6   7   8   9   10   12   13   14   15   16   17   
-0.461021   -0.353674   -0.247971   -0.141217   -0.0366332   0.0698059   0.171249   0.278847   0.388868   0.499081   0.606495   0.711931   0.816282   0.918826   1.01981   1.11751   1.20741   1.29009   1.3519   1.40805   1.47552   1.52812   1.55647   1.57454   1.58332   1.57935   1.57423   
0.0161441   0.0133488   0.0116059   0.0102396   0.00850986   0.00778511   0.00816999   0.00857815   0.00886191   0.00914045   0.00927545   0.00959503   0.00985637   0.0102765   0.010668   0.0111883   0.0117303   0.0126148   0.014508   0.0165822   0.0177743   0.0271105   0.0328827   0.0406344   0.0506777   0.0631679   0.0767424   
-0.150475   -0.152414   -0.151983   -0.151056   -0.149958   -0.148305   -0.14497   -0.143021   -0.141604   -0.140228   -0.138475   -0.136373   -0.1342   -0.131726   -0.129056   -0.125844   -0.121233   -0.115561   -0.106928   -0.0980836   -0.0921225   -0.0733274   -0.0673077   -0.0630808   -0.0611537   -0.0610878   -0.0626913   

875000
-10   -9   -8   -7   -6   -5   -4   -3   -2   -1   0   1   2   3   4   5   6   7   8   9   11   12   13   14   15   16   17   
-0.460621   -0.353685   -0.248026   -0.141204   -0.0365756   0.0697689   0.171161   0.278815   0.388958   0.499134   0.606604   0.712051   0.816408   0.918958   1.02001   1.11775   1.20771   1.29016   1.35163   1.40819   1.50034   1.52843   1.55692   1.5754   1.58362   1.5808   1.57523   
0.0161525   0.0133235   0.0115961   0.0102374   0.00851079   0.00777047   0.00815777   0.00856245   0.00884235   0.00911754   0.00925574   0.00957526   0.00984054   0.0102604   0.0106521   0.0111703   0.011713   0.012608   0.0145175   0.0165726   0.0221496   0.0270808   0.0328375   0.0405405   0.050634   0.062978   0.0765948   
-0.150506   -0.152423   -0.151966   -0.151045   -0.149953   -0.148297   -0.144956   -0.143019   -0.141624   -0.140243   -0.138499   -0.1364   -0.134226   -0.131754   -0.129095   -0.12589   -0.12129   -0.115577   -0.106891   -0.0981044   -0.0815195   -0.0733482   -0.0673281   -0.0630981   -0.0611492   -0.0610568   -0.0626523   

880000
-10   -9   -8   -6   -5   -4   -3   -2   -1   0   1   2   3   4   5   6   7   8   9   11   12   13   14   15   16   17   18   
-0.460188   -0.35383   -0.248068   -0.0365297   0.0697275   0.171067   0.278782   0.389046   0.499185   0.606709   0.712189   0.816529   0.919086   1.02021   1.11799   1.208   1.29044   1.35134   1.40831   1.50003   1.52871   1.55734   1.57624   1.58384   1.58221   1.57611   1.56345   
0.0161651   0.0132999   0.0115869   0.00850942   0.00775623   0.00814604   0.00854708   0.00882349   0.00909514   0.00923641   0.00955491   0.00982514   0.0102447   0.0106366   0.0111526   0.0116962   0.0125923   0.0145281   0.0165637   0.0221601   0.0270523   0.0327949   0.0404485   0.0505975   0.0627942   0.0764608   0.0919444   
-0.150538   -0.152404   -0.15195   -0.149948   -0.148289   -0.14494   -0.143016   -0.141643   -0.140258   -0.138522   -0.13643   -0.134252   -0.131781   -0.129133   -0.125936   -0.121345   -0.115628   -0.106851   -0.0981236   -0.0814832   -0.0733676   -0.0673469   -0.0631147   -0.0611446   -0.061027   -0.0626167   -0.0660672   

885000
-10   -9   -8   -6   -5   -4   -3   -2   -1   0   1   2   3   4   5   6   7   8   9   10   11   12   13   14   15   16   17   
-0.459723   -0.353934   -0.248098   -0.0364763   0.0696813   0.170969   0.278746   0.389132   0.499234   0.60681   0.712324   0.816646   0.91921   1.0204   1.11822   1.20829   1.29074   1.35105   1.40843   1.4762   1.49974   1.52898   1.55772   1.57705   1.584   1.58357   1.57689   
0.0161824   0.0132765   0.0115783   0.00850986   0.00774239   0.00813475   0.00853209   0.0088053   0.00907323   0.00921743   0.00953501   0.00981019   0.0102294   0.0106216   0.0111354   0.0116799   0.0125758   0.0145387   0.0165553   0.0177226   0.0221695   0.0270254   0.0327543   0.0403598   0.050574   0.0626144   0.0763475   
-0.150568   -0.152393   -0.151937   -0.149943   -0.148279   -0.144923   -0.143014   -0.141661   -0.140272   -0.138544   -0.136459   -0.134276   -0.131807   -0.12917   -0.125981   -0.121399   -0.115682   -0.106811   -0.0981411   -0.0922133   -0.0814492   -0.0733857   -0.0673639   -0.0631314   -0.0611408   -0.060998   -0.0625865   

890000
-10   -9   -8   -7   -6   -5   -4   -3   -2   -1   0   1   2   3   4   5   6   7   8   10   11   12   13   14   15   16   17   18   
-0.459228   -0.354003   -0.248116   -0.141148   -0.0364171   0.06963   0.170867   0.278709   0.389216   0.49928   0.606907   0.712454   0.816758   0.91933   1.02059   1.11844   1.20856   1.29103   1.35084   1.47637   1.49944   1.52924   1.55808   1.57784   1.58406   1.5849   1.57757   1.56638   
0.0162039   0.0132535   0.0115706   0.010229   0.00851175   0.00772896   0.00812387   0.0085175   0.00878779   0.00905181   0.00919882   0.00951555   0.00979571   0.0102144   0.0106071   0.0111185   0.011664   0.01256   0.0145461   0.0177082   0.0221792   0.0270001   0.032716   0.0402743   0.0505557   0.0624405   0.0762437   0.0915018   
-0.150598   -0.152388   -0.151925   -0.151018   -0.149937   -0.148267   -0.144905   -0.14301   -0.141679   -0.140285   -0.138566   -0.136487   -0.134299   -0.131833   -0.129206   -0.126024   -0.121451   -0.115734   -0.106781   -0.0922368   -0.0814148   -0.0734027   -0.0673796   -0.0631479   -0.0611358   -0.0609703   -0.0625591   -0.0659191   

895000
-10   -9   -8   -7   -6   -5   -4   -2   -1   0   1   2   3   4   5   6   7   8   9   11   12   13   14   15   16   17   
-0.458704   -0.354044   -0.248123   -0.141145   -0.0363524   0.0695729   0.170761   0.389299   0.499323   0.607001   0.71258   0.816864   0.919446   1.02077   1.11866   1.20883   1.2913   1.35069   1.40862   1.49915   1.52947   1.55841   1.5786   1.58405   1.58616   1.57816   
0.0162298   0.0132309   0.0115638   0.0102216   0.00851503   0.00771599   0.00811341   0.00877098   0.00903093   0.00918057   0.00949651   0.00978179   0.0101998   0.010593   0.011102   0.0116485   0.012545   0.0145499   0.0165409   0.0221889   0.0269756   0.0326798   0.040191   0.0505507   0.0622691   0.0761543   
-0.150626   -0.152388   -0.151914   -0.151012   -0.149932   -0.148255   -0.144886   -0.141697   -0.140298   -0.138587   -0.136515   -0.134322   -0.131858   -0.129241   -0.126067   -0.121502   -0.115784   -0.106763   -0.0981696   -0.0813807   -0.0734179   -0.0673939   -0.0631638   -0.0611322   -0.0609434   -0.0625351   

900000
-10   -9   -8   -7   -6   -5   -4   -2   -1   0   1   2   3   4   5   6   7   8   9   10   12   13   14   15   16   17   
-0.458516   -0.35406   -0.24812   -0.14114   -0.0362822   0.0695105   0.170651   0.389381   0.499364   0.607092   0.712702   0.816965   0.919558   1.02095   1.11887   1.20909   1.29156   1.35055   1.40871   1.47664   1.52968   1.55872   1.57933   1.58395   1.5874   1.57864   
0.0161945   0.0132085   0.0115577   0.0102137   0.00851976   0.00770342   0.00810336   0.00875489   0.00901051   0.00916266   0.00947786   0.00976848   0.0101856   0.0105794   0.0110859   0.0116336   0.0125306   0.0145539   0.0165337   0.0176834   0.0269529   0.032647   0.0401113   0.0505531   0.0621093   0.076081   
-0.150693   -0.152393   -0.151905   -0.151006   -0.149926   -0.148241   -0.144867   -0.141714   -0.14031   -0.138607   -0.136542   -0.134343   -0.131882   -0.129276   -0.126109   -0.121551   -0.115831   -0.106744   -0.0981841   -0.0922732   -0.0734305   -0.0674068   -0.0631796   -0.0611275   -0.0609192   -0.0625149   

905000
-10   -9   -8   -7   -6   -5   -4   -3   -2   -1   0   1   2   3   4   5   6   7   8   9   10   11   12   13   14   15   16   17   18   
-0.458454   -0.354054   -0.248109   -0.141132   -0.0362306   0.0694429   0.170538   0.278643   0.389462   0.499402   0.607179   0.712821   0.817061   0.919666   1.02112   1.11908   1.20934   1.2918   1.3504   1.40906   1.47674   1.49868   1.52986   1.55899   1.58003   1.58377   1.58859   1.579   1.57055   
0.0161346   0.0131866   0.0115521   0.0102058   0.00852073   0.00769126   0.00809369   0.00847347   0.00873954   0.00899055   0.0091451   0.0094596   0.00975575   0.0101716   0.0105665   0.0110702   0.011619   0.012517   0.0145581   0.0165144   0.0176728   0.0222017   0.026932   0.032616   0.0400336   0.0505644   0.0619545   0.0760209   0.0908699   
-0.150777   -0.152401   -0.151898   -0.151001   -0.149921   -0.148226   -0.144847   -0.143009   -0.14173   -0.140322   -0.138627   -0.136568   -0.134363   -0.131905   -0.129308   -0.12615   -0.121599   -0.115876   -0.106725   -0.0982349   -0.0922874   -0.081324   -0.0734412   -0.0674174   -0.0631942   -0.0611226   -0.0608964   -0.0624984   -0.0657075   

910000
-10   -9   -8   -7   -6   -5   -4   -3   -2   -1   0   1   2   3   4   5   6   7   8   9   10   11   12   13   14   16   17   18   
-0.458371   -0.354027   -0.248092   -0.141121   -0.0361825   0.0693698   0.170421   0.278697   0.389542   0.499437   0.607264   0.712937   0.817154   0.919771   1.02129   1.11929   1.20959   1.29203   1.35023   1.40939   1.47695   1.49858   1.53002   1.55922   1.58068   1.58973   1.57925   1.57189   
0.0160762   0.013165   0.0115465   0.010198   0.00852113   0.00767953   0.00808448   0.00845567   0.00872495   0.00897101   0.0091279   0.00944171   0.00974369   0.010158   0.010554   0.0110548   0.0116049   0.0125042   0.0145633   0.0164958   0.0176566   0.0222001   0.0269126   0.0325882   0.0399606   0.0618048   0.0759776   0.090666   
-0.150862   -0.152413   -0.151891   -0.150997   -0.149916   -0.14821   -0.144826   -0.143022   -0.141746   -0.140333   -0.138645   -0.136593   -0.134383   -0.131928   -0.12934   -0.126189   -0.121646   -0.115918   -0.106702   -0.0982836   -0.0923151   -0.0813104   -0.0734506   -0.0674263   -0.0632076   -0.060875   -0.0624857   -0.065639   

915000
-10   -9   -8   -7   -6   -5   -4   -3   -2   -1   0   1   2   3   4   5   6   7   8   9   11   12   13   14   15   16   17   
-0.458269   -0.353981   -0.248067   -0.141105   -0.0361301   0.0692915   0.170302   0.278748   0.38962   0.499471   0.607344   0.713049   0.817242   0.919873   1.02145   1.11948   1.20982   1.29224   1.35002   1.40971   1.49849   1.53017   1.55943   1.58131   1.58513   1.59085   1.57938   
0.0160194   0.0131438   0.0115415   0.0101905   0.00852274   0.00766822   0.00807569   0.00843827   0.00871114   0.0089519   0.00911103   0.00942419   0.0097322   0.0101447   0.0105421   0.0110399   0.0115913   0.012492   0.0145701   0.0164781   0.0221983   0.0268944   0.0325635   0.0398927   0.050391   0.0616594   0.0759533   
-0.150949   -0.152429   -0.151886   -0.150993   -0.149911   -0.148193   -0.144805   -0.143035   -0.141762   -0.140344   -0.138664   -0.136618   -0.134402   -0.13195   -0.129371   -0.126228   -0.121691   -0.115958   -0.106674   -0.0983304   -0.0812976   -0.0734586   -0.0674336   -0.0632208   -0.0611133   -0.0608545   -0.0624772   

920000
-10   -9   -8   -7   -6   -5   -4   -3   -2   -1   0   1   2   3   4   5   6   7   9   10   11   12   13   14   15   16   17   18   
-0.458148   -0.353916   -0.248033   -0.141088   -0.0360734   0.0692081   0.170219   0.278797   0.389699   0.499502   0.607422   0.713158   0.817327   0.919972   1.0216   1.11967   1.21005   1.29244   1.41002   1.47792   1.49841   1.5303   1.55959   1.5819   1.58659   1.59195   1.57938   1.57454   
0.0159641   0.0131229   0.0115371   0.010183   0.00852552   0.00765735   0.00806568   0.00842125   0.00869817   0.00893318   0.00909452   0.00940701   0.00972127   0.0101317   0.0105307   0.0110254   0.0115781   0.0124806   0.0164609   0.0175964   0.022196   0.026878   0.0325416   0.0398263   0.0502187   0.0615147   0.0759377   0.0902624   
-0.151038   -0.152448   -0.151883   -0.15099   -0.149906   -0.148174   -0.144791   -0.143048   -0.141778   -0.140354   -0.138682   -0.136642   -0.13442   -0.131972   -0.129401   -0.126265   -0.121735   -0.115996   -0.0983753   -0.0924444   -0.0812859   -0.0734658   -0.0674382   -0.063233   -0.0611096   -0.0608341   -0.0624715   -0.0655038   

925000
-10   -9   -8   -7   -6   -5   -4   -3   -2   -1   0   1   2   3   4   5   6   7   8   9   10   11   12   13   14   15   16   17   18   
-0.458007   -0.35383   -0.247989   -0.141069   -0.0360125   0.0691196   0.170196   0.278843   0.389778   0.49953   0.607497   0.713264   0.817407   0.920065   1.02175   1.11985   1.21027   1.29262   1.34972   1.41032   1.47837   1.49834   1.53041   1.5597   1.58246   1.58798   1.59303   1.57928   1.57585   
0.01591   0.0131024   0.0115331   0.0101757   0.00852939   0.00764693   0.00805351   0.0084046   0.00868605   0.00891488   0.00907835   0.00939016   0.00971091   0.0101191   0.0105198   0.0110113   0.0115655   0.0124701   0.0145787   0.0164445   0.0175686   0.0221929   0.0268617   0.0325244   0.0397622   0.0500524   0.0613735   0.0759479   0.0900655   
-0.151127   -0.152471   -0.15188   -0.150988   -0.149901   -0.148154   -0.144788   -0.14306   -0.141793   -0.140364   -0.138699   -0.136665   -0.134437   -0.131993   -0.12943   -0.126302   -0.121776   -0.11603   -0.106634   -0.0984187   -0.092503   -0.0812745   -0.0734708   -0.0674397   -0.0632443   -0.0611056   -0.0608143   -0.0624709   -0.0654372   

930000
-10   -9   -7   -6   -5   -4   -3   -2   -1   0   1   2   3   4   5   6   7   8   9   10   11   12   13   14   15   16   17   
-0.457847   -0.353723   -0.141048   -0.0359473   0.0690271   0.170171   0.278888   0.389856   0.499556   0.607567   0.713367   0.817484   0.920155   1.0219   1.12003   1.21047   1.29279   1.34968   1.4106   1.47878   1.49826   1.53051   1.55977   1.58301   1.58932   1.5941   1.57905   
0.0158573   0.0130824   0.0101685   0.0085344   0.00763705   0.00804174   0.00838832   0.00867485   0.00889695   0.0090626   0.00937363   0.00970113   0.0101069   0.0105095   0.0109975   0.0115534   0.0124603   0.0145779   0.0164285   0.0175424   0.0221902   0.026847   0.0325104   0.039702   0.049893   0.0612324   0.0759692   
-0.151219   -0.152497   -0.150985   -0.149896   -0.148134   -0.144785   -0.143071   -0.141807   -0.140373   -0.138715   -0.136688   -0.134453   -0.132013   -0.129458   -0.126337   -0.121816   -0.116062   -0.106631   -0.0984604   -0.0925581   -0.0812636   -0.0734749   -0.067439   -0.0632554   -0.0611022   -0.0607947   -0.0624735   

935000
-10   -9   -8   -7   -6   -5   -4   -3   -2   -1   0   1   2   3   4   5   6   7   8   9   11   13   14   15   16   17   
-0.457667   -0.353605   -0.247897   -0.141027   -0.035892   0.0689312   0.170143   0.27893   0.389935   0.49958   0.607633   0.713468   0.817558   0.920242   1.02204   1.12021   1.21067   1.29294   1.34963   1.41087   1.49817   1.5598   1.58352   1.59061   1.59516   1.5787   
0.0158058   0.0130629   0.0115228   0.0101615   0.00853752   0.00762774   0.00803037   0.0083724   0.0086646   0.00887938   0.00904723   0.00935742   0.00969198   0.0100949   0.0104998   0.0109841   0.0115418   0.0124515   0.0145775   0.0164127   0.0221886   0.0324995   0.0396439   0.0497378   0.0610944   0.076007   
-0.151313   -0.152525   -0.151881   -0.150983   -0.149891   -0.148112   -0.144782   -0.143082   -0.141822   -0.140382   -0.13873   -0.136711   -0.134468   -0.132032   -0.129486   -0.126372   -0.121855   -0.116092   -0.106627   -0.0985009   -0.0812508   -0.0674362   -0.0632655   -0.0610986   -0.0607758   -0.0624797   

940000
-10   -9   -8   -7   -6   -5   -4   -3   -2   -1   0   1   2   3   4   6   7   8   9   11   14   15   16   17   
-0.457474   -0.353477   -0.247932   -0.141004   -0.0358491   0.0688665   0.170113   0.27897   0.390014   0.499602   0.607696   0.713565   0.817629   0.920326   1.02218   1.21086   1.29307   1.34958   1.41114   1.49808   1.584   1.59185   1.59619   1.57893   
0.0157556   0.0130439   0.0115013   0.0101547   0.0085382   0.0076174   0.00801937   0.00835684   0.00865537   0.00886217   0.00903222   0.0093415   0.00968345   0.0100832   0.0104907   0.0115307   0.0124435   0.0145775   0.0163971   0.0221873   0.0395891   0.0495879   0.0609603   0.0759623   
-0.151407   -0.152555   -0.151883   -0.150982   -0.149886   -0.148098   -0.144778   -0.143093   -0.141836   -0.14039   -0.138745   -0.136733   -0.134483   -0.132052   -0.129512   -0.121891   -0.116118   -0.106621   -0.0985401   -0.0812376   -0.0632751   -0.0610953   -0.0607574   -0.0624657   

945000
-10   -9   -8   -7   -6   -5   -4   -3   -2   -1   0   1   2   4   5   6   7   8   9   11   12   14   15   16   17   
-0.457274   -0.353338   -0.247962   -0.14098   -0.035803   0.0688485   0.17008   0.279009   0.390094   0.499622   0.607757   0.713659   0.817695   1.02231   1.12054   1.21104   1.29318   1.34952   1.41139   1.49799   1.53123   1.58443   1.59305   1.59719   1.5811   
0.0157066   0.0130255   0.0114805   0.010148   0.00853972   0.0076053   0.00800871   0.00834168   0.00864723   0.00884531   0.00901758   0.00932588   0.00967573   0.0104821   0.0109584   0.01152   0.0124365   0.0145779   0.0163824   0.0221858   0.0267752   0.0395391   0.0494442   0.0608301   0.0756615   
-0.151501   -0.152587   -0.151885   -0.15098   -0.149882   -0.148093   -0.144773   -0.143103   -0.141849   -0.140398   -0.138759   -0.136754   -0.134497   -0.129538   -0.126439   -0.121926   -0.116141   -0.106615   -0.0985771   -0.0812246   -0.073522   -0.0632829   -0.0610929   -0.0607395   -0.0623898   

950000
-10   -9   -8   -7   -6   -5   -4   -3   -2   -1   0   1   2   4   5   6   7   8   9   12   13   14   15   16   17   
-0.457066   -0.35319   -0.247987   -0.140954   -0.0357538   0.0688251   0.170045   0.279046   0.390175   0.499639   0.607814   0.713751   0.817758   1.02244   1.1207   1.21121   1.29327   1.34942   1.41162   1.5318   1.56104   1.58482   1.5942   1.59814   1.5831   
0.0156588   0.0130076   0.0114603   0.0101418   0.00854209   0.00759363   0.00799841   0.00832689   0.00864023   0.00882889   0.00900331   0.00931056   0.00966872   0.0104742   0.010946   0.0115098   0.0124309   0.0145801   0.0163684   0.0267281   0.0323749   0.0394928   0.0493059   0.0607046   0.0753866   
-0.151594   -0.15262   -0.151888   -0.150978   -0.149878   -0.148087   -0.144768   -0.143113   -0.141863   -0.140405   -0.138773   -0.136775   -0.13451   -0.129563   -0.12647   -0.12196   -0.116159   -0.106602   -0.098612   -0.0735654   -0.0674934   -0.0632901   -0.0610909   -0.0607221   -0.0623221   

955000
-10   -9   -8   -7   -6   -5   -4   -3   -2   -1   0   1   2   3   4   5   6   7   8   9   10   11   12   13   14   15   16   17   
-0.456854   -0.353034   -0.248006   -0.140926   -0.0357051   0.0687961   0.170007   0.279082   0.390256   0.499653   0.607867   0.713839   0.817818   0.920634   1.02257   1.12085   1.21137   1.29333   1.34931   1.41184   1.48045   1.49781   1.53235   1.56187   1.58519   1.59531   1.59904   1.58495   
0.0156119   0.0129904   0.0114406   0.0101357   0.00854357   0.0075824   0.0079885   0.00831246   0.00863457   0.00881281   0.00898942   0.00929557   0.0096624   0.0100462   0.0104668   0.0109339   0.0114999   0.0124263   0.0145829   0.016355   0.0174328   0.0221825   0.0266831   0.0322999   0.0394478   0.0491739   0.0605822   0.0751276   
-0.151687   -0.152654   -0.151891   -0.150977   -0.149874   -0.14808   -0.144762   -0.143122   -0.141876   -0.140412   -0.138786   -0.136795   -0.134523   -0.132118   -0.129587   -0.126502   -0.121993   -0.116174   -0.106588   -0.0986454   -0.0927817   -0.0811993   -0.0736074   -0.0675369   -0.0632958   -0.0610899   -0.0607048   -0.0622593   

960000
-10   -9   -8   -7   -6   -5   -4   -3   -2   -1   0   1   3   4   5   6   7   8   9   12   13   14   15   16   17   
-0.456641   -0.352867   -0.248022   -0.140898   -0.0356553   0.0687615   0.169966   0.279115   0.390339   0.499666   0.607918   0.713924   0.920842   1.02269   1.121   1.21152   1.29338   1.34919   1.41206   1.53287   1.56266   1.58553   1.59638   1.59989   1.58674   
0.0155651   0.012974   0.0114215   0.0101298   0.00854462   0.00757162   0.00797899   0.00829839   0.00863022   0.00879704   0.00897593   0.00928091   0.0100291   0.0104603   0.0109221   0.0114905   0.0124225   0.0145863   0.0163422   0.0266397   0.0322287   0.0394083   0.0490454   0.0604728   0.0748792   
-0.151781   -0.152689   -0.151895   -0.150976   -0.14987   -0.148072   -0.144755   -0.143131   -0.141888   -0.140418   -0.138798   -0.136814   -0.132159   -0.129609   -0.126532   -0.122024   -0.116187   -0.106572   -0.0986773   -0.0736474   -0.0675788   -0.0633017   -0.0610889   -0.0606895   -0.062199   

965000
-10   -8   -7   -6   -5   -4   -3   -2   -1   0   1   3   4   5   6   7   8   9   11   12   13   14   15   16   17   18   
-0.456423   -0.248033   -0.140869   -0.0356026   0.0687201   0.169923   0.279148   0.390379   0.499677   0.607965   0.714005   0.921046   1.0228   1.12115   1.21167   1.29341   1.34906   1.41226   1.49793   1.53337   1.56341   1.58583   1.59741   1.60067   1.58846   1.58574   
0.0155195   0.0114028   0.0101239   0.00854644   0.00756134   0.00796986   0.00828468   0.00861418   0.00878157   0.00896285   0.00926655   0.0100123   0.0104544   0.0109105   0.0114815   0.0124195   0.0145901   0.0163299   0.0221618   0.0265982   0.0321602   0.0393718   0.0489231   0.0603703   0.074638   0.0885524   
-0.151873   -0.1519   -0.150976   -0.149866   -0.148062   -0.144748   -0.14314   -0.141899   -0.140424   -0.13881   -0.136833   -0.132199   -0.129631   -0.126562   -0.122054   -0.116196   -0.106555   -0.0987078   -0.0812057   -0.0736854   -0.0676187   -0.0633063   -0.0610893   -0.060675   -0.0621405   -0.0649292   

970000
-10   -9   -8   -6   -5   -4   -3   -2   -1   0   1   3   4   5   6   7   8   9   10   11   12   13   14   15   16   17   
-0.456509   -0.352815   -0.24804   -0.0355544   0.0686726   0.169878   0.279179   0.390408   0.499687   0.60801   0.714084   0.921245   1.02292   1.12129   1.21182   1.29343   1.34897   1.41245   1.4811   1.49804   1.53384   1.56413   1.58609   1.59842   1.6014   1.59014   
0.0154781   0.0129468   0.0113847   0.00854745   0.00755154   0.0079611   0.00827132   0.0085962   0.00876639   0.0089502   0.00925246   0.00999589   0.0104492   0.0108993   0.0114728   0.0124171   0.0145921   0.0163182   0.0173853   0.022149   0.026559   0.0320944   0.0393378   0.0488015   0.0602708   0.074405   
-0.151902   -0.152699   -0.151904   -0.149862   -0.14805   -0.144741   -0.143148   -0.141909   -0.14043   -0.138821   -0.136851   -0.132238   -0.129653   -0.126591   -0.122083   -0.116205   -0.106544   -0.0987368   -0.0928705   -0.0812135   -0.0737211   -0.067657   -0.0633093   -0.0610891   -0.0606606   -0.0620838   

975000
-10   -9   -8   -6   -5   -4   -3   -2   -1   0   1   2   3   4   5   6   7   8   9   10   11   12   13   14   15   16   17   
-0.456776   -0.352872   -0.248043   -0.035524   0.0686187   0.16983   0.279208   0.390436   0.499696   0.608052   0.714159   0.818255   0.92144   1.02303   1.12142   1.21195   1.29346   1.34901   1.41263   1.48127   1.49814   1.53427   1.56482   1.58632   1.59943   1.60209   1.59176   
0.0154396   0.0129354   0.011367   0.00854471   0.00754222   0.00795273   0.00825837   0.00857854   0.00875148   0.00893803   0.00923865   0.0096347   0.00997974   0.0104445   0.0108886   0.0114647   0.0124148   0.0145883   0.016307   0.0173723   0.0221363   0.026522   0.0320312   0.0393084   0.0486838   0.0601801   0.0741769   
-0.151891   -0.152685   -0.151909   -0.149859   -0.148037   -0.144733   -0.143156   -0.141919   -0.140436   -0.138831   -0.136869   -0.134605   -0.132276   -0.129674   -0.126618   -0.122109   -0.116213   -0.106552   -0.0987643   -0.0928929   -0.0812212   -0.073754   -0.0676943   -0.0633114   -0.0610899   -0.0606474   -0.0620283   

980000
-10   -9   -8   -6   -5   -4   -3   -2   -1   0   1   2   3   4   5   6   7   8   9   10   11   12   13   14   15   16   17   18   
-0.456976   -0.352904   -0.248044   -0.035492   0.0685583   0.169779   0.279236   0.390462   0.499773   0.608093   0.714232   0.818437   0.921631   1.02312   1.12155   1.21207   1.29351   1.34903   1.41281   1.4814   1.49824   1.53469   1.5655   1.58649   1.60041   1.60271   1.59335   1.58888   
0.0154013   0.0129249   0.0113497   0.00854254   0.00753341   0.00794475   0.0082458   0.00856122   0.00873374   0.00892641   0.00922511   0.00962624   0.00996388   0.0104328   0.0108781   0.0114569   0.012411   0.0145852   0.0162964   0.0173606   0.0221239   0.0264862   0.0319694   0.0392842   0.0485672   0.0600961   0.073953   0.0880678   
-0.151893   -0.152675   -0.151915   -0.149856   -0.148022   -0.144724   -0.143163   -0.141929   -0.140454   -0.138841   -0.136886   -0.134638   -0.132314   -0.129695   -0.126645   -0.122135   -0.116226   -0.106558   -0.0987902   -0.0929119   -0.0812289   -0.0737856   -0.0677303   -0.0633123   -0.0610903   -0.060635   -0.0619738   -0.0647694   

985000
-10   -9   -8   -6   -5   -4   -3   -2   -1   0   1   2   3   4   5   6   7   8   9   11   12   13   14   15   16   17   18   
-0.457127   -0.352913   -0.248042   -0.0354582   0.068491   0.169727   0.279262   0.390486   0.499872   0.608129   0.714302   0.818616   0.921817   1.02321   1.12168   1.2122   1.29374   1.34904   1.41296   1.49833   1.5351   1.56616   1.58662   1.60137   1.60327   1.59491   1.58978   
0.0153634   0.0129153   0.0113327   0.00854097   0.00752512   0.00793716   0.0082336   0.00854421   0.00871522   0.00891551   0.00921185   0.00961886   0.00994831   0.0104213   0.0108678   0.0114494   0.0123994   0.0145824   0.0162866   0.0221117   0.0264514   0.0319092   0.0392634   0.0484515   0.0600207   0.0737336   0.0879308   
-0.151903   -0.152668   -0.15192   -0.149852   -0.148006   -0.144714   -0.14317   -0.141938   -0.140476   -0.138851   -0.136903   -0.13467   -0.13235   -0.129716   -0.126671   -0.122161   -0.116268   -0.106562   -0.0988135   -0.0812362   -0.0738161   -0.0677657   -0.0633113   -0.0610904   -0.0606237   -0.0619204   -0.0647243   

990000
-10   -9   -8   -7   -6   -5   -4   -3   -2   -1   0   1   2   3   4   5   6   7   8   9   11   12   13   14   15   16   17   18   
-0.457239   -0.3529   -0.248036   -0.140735   -0.0354228   0.0684168   0.169672   0.279287   0.390509   0.499968   0.608163   0.714369   0.818793   0.922   1.02333   1.12181   1.21232   1.29396   1.34905   1.41311   1.49843   1.53548   1.5668   1.58671   1.60232   1.60376   1.59646   1.59061   
0.0153259   0.0129068   0.0113161   0.0100923   0.00853997   0.00751736   0.00792997   0.0082218   0.00852752   0.00869702   0.00890516   0.00919884   0.00961262   0.00993301   0.0104087   0.0108578   0.011442   0.0123885   0.0145798   0.0162774   0.0220998   0.0264178   0.0318503   0.0392474   0.0483375   0.0599546   0.0735172   0.0878034   
-0.151921   -0.152665   -0.151926   -0.150975   -0.149848   -0.147988   -0.144705   -0.143177   -0.141946   -0.140498   -0.138859   -0.136919   -0.134701   -0.132386   -0.129741   -0.126698   -0.122186   -0.116307   -0.106566   -0.0988355   -0.081243   -0.0738455   -0.0678002   -0.0633092   -0.0610906   -0.0606136   -0.0618681   -0.0646824   

995000
-10   -9   -8   -6   -5   -4   -3   -2   -1   0   1   2   3   4   5   6   7   8   9   11   12   13   14   15   16   17   18   
-0.457317   -0.352866   -0.248028   -0.0353854   0.0683354   0.169614   0.279311   0.39053   0.500061   0.608196   0.714433   0.818967   0.922179   1.02356   1.12193   1.21245   1.29416   1.34905   1.41324   1.49851   1.53586   1.56742   1.58675   1.60326   1.60417   1.59799   1.59137   
0.0152888   0.0128997   0.0113   0.00853968   0.00751015   0.00792317   0.00821039   0.00851113   0.00867912   0.00889531   0.0091861   0.00960711   0.00991799   0.010391   0.0108479   0.0114342   0.0123784   0.0145776   0.0162686   0.0220882   0.0263852   0.0317929   0.0392356   0.0482263   0.059894   0.0733062   0.087686   
-0.151943   -0.152664   -0.151932   -0.149845   -0.147968   -0.144694   -0.143183   -0.141954   -0.140519   -0.138867   -0.136934   -0.134731   -0.132422   -0.129787   -0.126723   -0.122213   -0.116344   -0.106569   -0.0988563   -0.0812491   -0.0738736   -0.0678339   -0.0633058   -0.0610913   -0.0606037   -0.0618169   -0.0646441   

1000000
-10   -9   -8   -7   -6   -5   -4   -3   -2   -1   0   1   2   3   4   5   6   7   8   9   11   12   13   14   15   16   17   18   
-0.457368   -0.352811   -0.248017   -0.140714   -0.0353465   0.0682471   0.169554   0.279334   0.390549   0.500151   0.608228   0.714494   0.819103   0.922354   1.02379   1.12205   1.21276   1.29434   1.34905   1.41337   1.49858   1.53622   1.56803   1.58675   1.60419   1.60452   1.59946   1.59206   
0.0152521   0.0128938   0.0112843   0.0100727   0.00854015   0.00750353   0.00791686   0.00819938   0.00849506   0.00866151   0.00888597   0.0091736   0.00959044   0.00990322   0.0103737   0.0108381   0.0114199   0.0123691   0.0145757   0.0162602   0.0220782   0.0263538   0.0317365   0.0392285   0.048117   0.0598428   0.0730975   0.087578   
-0.151971   -0.152665   -0.151939   -0.150977   -0.14984   -0.147947   -0.144683   -0.143189   -0.141962   -0.14054   -0.138875   -0.136949   -0.13476   -0.132456   -0.129831   -0.126748   -0.12227   -0.116379   -0.106571   -0.0988761   -0.0812533   -0.0739006   -0.0678667   -0.0633012   -0.0610921   -0.060595   -0.0617667   -0.0646091   

1005000
-10   -9   -8   -7   -6   -5   -4   -3   -2   -1   1   2   3   4   5   6   7   8   9   11   12   13   14   15   16   17   18   
-0.457395   -0.352737   -0.248003   -0.140702   -0.0353048   0.0681516   0.169493   0.279356   0.390567   0.50024   0.714553   0.819236   0.922526   1.02401   1.12217   1.21306   1.29451   1.34904   1.4135   1.49864   1.53657   1.56863   1.5867   1.6051   1.6048   1.60091   1.59269   
0.015216   0.0128891   0.0112689   0.0100633   0.00854166   0.00749752   0.00791109   0.00818878   0.00847928   0.00864419   0.00916136   0.00957412   0.0098887   0.0103568   0.0108284   0.0114059   0.0123605   0.0145742   0.0162521   0.0220682   0.0263232   0.0316821   0.0392248   0.0480083   0.0598034   0.0728949   0.0874801   
-0.152002   -0.152669   -0.151946   -0.150977   -0.149836   -0.147924   -0.144672   -0.143195   -0.14197   -0.14056   -0.136963   -0.134789   -0.132491   -0.129875   -0.126774   -0.122326   -0.116411   -0.106572   -0.098895   -0.0812563   -0.0739267   -0.0678989   -0.0632951   -0.0610925   -0.0605879   -0.0617181   -0.064577   

1010000
-10   -9   -8   -7   -6   -5   -4   -3   -2   -1   0   1   2   3   4   5   6   8   9   11   12   13   14   15   16   17   
-0.457401   -0.352643   -0.247987   -0.140689   -0.0352601   0.0680495   0.16943   0.279377   0.390583   0.500325   0.608297   0.714609   0.819365   0.922694   1.02423   1.12242   1.21335   1.34902   1.41362   1.49869   1.5369   1.5692   1.58722   1.60599   1.605   1.60233   
0.0151803   0.0128857   0.011254   0.0100542   0.0085442   0.00749215   0.00790573   0.0081786   0.0084638   0.00862713   0.00886849   0.00914935   0.00955815   0.00987442   0.0103402   0.0108134   0.0113924   0.0145735   0.0162443   0.022059   0.0262935   0.0316292   0.0391671   0.0479007   0.0597691   0.0726951   
-0.152037   -0.152676   -0.151953   -0.150978   -0.149832   -0.147899   -0.14466   -0.1432   -0.141977   -0.14058   -0.138891   -0.136977   -0.134817   -0.132524   -0.129917   -0.12682   -0.122381   -0.10657   -0.0989133   -0.0812588   -0.0739517   -0.0679299   -0.0633057   -0.0610928   -0.060581   -0.0616705   

1015000
-10   -9   -8   -7   -6   -5   -4   -3   -2   -1   0   1   2   3   4   5   6   8   9   11   12   13   14   15   16   17   
-0.457387   -0.352529   -0.247969   -0.140675   -0.0352337   0.0679418   0.169365   0.279397   0.390597   0.500409   0.608416   0.714661   0.819491   0.92286   1.02444   1.12267   1.21364   1.34898   1.41374   1.49874   1.53722   1.56975   1.5883   1.60686   1.60512   1.60371   
0.0151451   0.0128835   0.0112393   0.0100454   0.00854308   0.00748757   0.00790073   0.00816885   0.0084486   0.00861035   0.00885674   0.00913767   0.00954252   0.0098604   0.010324   0.010798   0.0113792   0.0145732   0.0162366   0.0220499   0.0262649   0.0315783   0.0390573   0.0477955   0.059747   0.0724999   
-0.152075   -0.152685   -0.15196   -0.150979   -0.149827   -0.147873   -0.144648   -0.143205   -0.141984   -0.140599   -0.138915   -0.136991   -0.134844   -0.132557   -0.129959   -0.126868   -0.122434   -0.106567   -0.0989312   -0.0812607   -0.0739756   -0.0679596   -0.0633342   -0.0610933   -0.0605754   -0.0616244   

1020000
-10   -9   -8   -7   -6   -5   -3   -2   -1   0   1   2   3   4   5   6   8   9   11   12   13   14   15   16   17   18   
-0.457355   -0.352398   -0.247949   -0.14066   -0.0352085   0.0678281   0.279417   0.39061   0.50049   0.608534   0.71471   0.819613   0.923022   1.02465   1.12292   1.21391   1.34895   1.41386   1.49878   1.53753   1.57027   1.58934   1.60772   1.60516   1.60505   1.59421   
0.0151104   0.0128826   0.0112251   0.0100368   0.00854205   0.00748352   0.00815954   0.0084337   0.00859382   0.00884562   0.00912629   0.00952722   0.0098466   0.0103081   0.0107828   0.0113664   0.0145732   0.016229   0.0220412   0.0262373   0.0315298   0.0389503   0.0476943   0.0597357   0.072318   0.0872348   
-0.152116   -0.152696   -0.151968   -0.15098   -0.149822   -0.147846   -0.14321   -0.14199   -0.140618   -0.138938   -0.137003   -0.134871   -0.132589   -0.13   -0.126915   -0.122486   -0.106564   -0.0989491   -0.0812624   -0.0739984   -0.0679874   -0.0633616   -0.0610943   -0.0605711   -0.0615816   -0.0644965   

1025000
-10   -9   -8   -7   -6   -5   -3   -2   -1   0   1   2   3   4   5   6   8   9   11   12   13   14   15   16   17   
-0.457306   -0.352254   -0.247927   -0.140645   -0.0351823   0.0678032   0.279435   0.390621   0.500568   0.608649   0.714756   0.819732   0.923181   1.02485   1.12316   1.21418   1.3489   1.41417   1.49882   1.53782   1.57076   1.59034   1.60856   1.60511   1.60632   
0.015076   0.0128832   0.0112111   0.0100285   0.00854162   0.00747643   0.00815068   0.00841914   0.00857754   0.00883517   0.00911513   0.00951224   0.00983303   0.0102925   0.0107679   0.011354   0.0145734   0.0162123   0.0220327   0.0262105   0.0314834   0.0388471   0.0475953   0.0597333   0.0721383   
-0.152159   -0.152708   -0.151975   -0.150982   -0.149817   -0.147838   -0.143214   -0.141996   -0.140636   -0.13896   -0.137015   -0.134897   -0.132621   -0.13004   -0.126961   -0.122537   -0.106559   -0.0989949   -0.0812636   -0.0740202   -0.068014   -0.0633884   -0.0610955   -0.0605677   -0.0615403   

1030000
-10   -9   -8   -7   -6   -5   -4   -3   -2   -1   0   1   2   3   4   5   6   7   9   12   13   14   15   16   
-0.457239   -0.352097   -0.247903   -0.140628   -0.0351549   0.0677716   0.169188   0.279453   0.390629   0.500645   0.608763   0.714801   0.819849   0.923336   1.02505   1.1234   1.21445   1.29511   1.41452   1.5381   1.57124   1.59131   1.60936   1.60499   
0.0150421   0.0128851   0.0111974   0.0100206   0.00854187   0.00746849   0.00787339   0.00814235   0.00840485   0.00856151   0.00882542   0.00910419   0.00949756   0.00981968   0.0102772   0.0107533   0.0113419   0.0123276   0.0161935   0.0261847   0.0314382   0.0387477   0.0474986   0.0597416   
-0.152205   -0.152721   -0.151983   -0.150983   -0.149812   -0.14783   -0.144622   -0.143218   -0.142002   -0.140654   -0.138982   -0.137027   -0.134922   -0.132652   -0.130079   -0.127006   -0.122586   -0.116532   -0.0990475   -0.0740409   -0.0680398   -0.0634148   -0.0610962   -0.0605655   

1035000
-10   -9   -8   -7   -6   -5   -4   -3   -2   -1   0   1   2   3   4   5   6   7   9   11   12   13   14   15   16   18   
-0.457155   -0.351925   -0.247878   -0.14061   -0.0351264   0.0677274   0.169189   0.279471   0.390637   0.50072   0.608876   0.714843   0.819962   0.923489   1.02525   1.12364   1.2147   1.29517   1.41486   1.49889   1.53837   1.57171   1.59225   1.61013   1.60478   1.59513   
0.0150087   0.0128886   0.0111841   0.010013   0.00854279   0.00745989   0.00786191   0.0081345   0.00839084   0.00854573   0.00881639   0.00909344   0.00948319   0.00980656   0.0102622   0.0107389   0.0113303   0.0123227   0.0161753   0.0220167   0.0261597   0.0313944   0.0386518   0.0474061   0.0597585   0.0870827   
-0.152254   -0.152735   -0.151991   -0.150984   -0.149806   -0.14782   -0.144626   -0.143222   -0.142007   -0.140671   -0.139003   -0.137039   -0.134947   -0.132683   -0.130117   -0.127051   -0.122634   -0.116547   -0.0990982   -0.0812649   -0.0740607   -0.0680646   -0.0634407   -0.0610973   -0.0605641   -0.0644434   

1040000
-10   -9   -8   -6   -5   -4   -3   -2   -1   0   1   2   3   4   5   6   7   8   9   10   11   12   13   14   15   16   17   18   
-0.457057   -0.35174   -0.247851   -0.0351114   0.0676761   0.169188   0.279488   0.390643   0.500793   0.608987   0.714884   0.820071   0.923639   1.02544   1.12387   1.21495   1.2952   1.34894   1.41519   1.48435   1.4989   1.53863   1.57216   1.59315   1.61086   1.60485   1.60986   1.59527   
0.0149756   0.0128935   0.011171   0.00854116   0.0074518   0.00785067   0.00812713   0.00837709   0.00853018   0.00880815   0.00908289   0.00946919   0.00979364   0.0102476   0.0107248   0.011319   0.0123192   0.0145666   0.0161573   0.0171589   0.0220096   0.0261353   0.031352   0.0385592   0.0473165   0.0597447   0.071646   0.0870468   
-0.152306   -0.15275   -0.152   -0.149801   -0.147809   -0.144629   -0.143226   -0.142012   -0.140688   -0.139024   -0.13705   -0.134971   -0.132713   -0.130155   -0.127094   -0.122682   -0.116557   -0.106571   -0.099147   -0.0933111   -0.0812636   -0.0740798   -0.0680886   -0.0634659   -0.0610979   -0.0605593   -0.0614309   -0.0644312   

1045000
-10   -9   -8   -6   -5   -4   -3   -2   -1   0   1   2   3   4   5   6   7   8   9   11   12   13   14   15   16   18   
-0.456951   -0.351542   -0.247823   -0.0350994   0.0676175   0.169185   0.279504   0.390647   0.500863   0.609098   0.714924   0.820177   0.923785   1.02562   1.12409   1.2152   1.2952   1.34904   1.4155   1.49911   1.53889   1.57258   1.59402   1.61155   1.60661   1.59536   
0.0149429   0.0128999   0.0111583   0.00853925   0.00744423   0.00783966   0.0081203   0.0083636   0.00851487   0.00880073   0.00907249   0.00945553   0.00978102   0.0102332   0.010711   0.0113081   0.0123167   0.0145602   0.0161399   0.0219915   0.0261118   0.0313101   0.0384702   0.0472346   0.0595247   0.0870284   
-0.152358   -0.152766   -0.152008   -0.149795   -0.147796   -0.144631   -0.143229   -0.142017   -0.140705   -0.139044   -0.137061   -0.134994   -0.132742   -0.130192   -0.127137   -0.122728   -0.116563   -0.106589   -0.099194   -0.0812828   -0.0740982   -0.0681113   -0.0634906   -0.0610994   -0.060532   -0.0644233   

1050000
-10   -9   -8   -7   -6   -5   -4   -3   -2   -1   0   1   2   3   4   5   6   7   8   9   11   12   13   14   15   16   17   
-0.456839   -0.351335   -0.247793   -0.140586   -0.0350858   0.0675514   0.16918   0.27952   0.39065   0.500931   0.609208   0.714963   0.82028   0.923928   1.02581   1.12431   1.21543   1.29519   1.34914   1.41581   1.49935   1.53913   1.573   1.59486   1.61221   1.60827   1.6121   
0.0149108   0.0129075   0.0111458   0.00998885   0.00853818   0.00743718   0.00782886   0.00811395   0.00835036   0.00849983   0.0087942   0.00906224   0.00944215   0.00976865   0.0102191   0.0106974   0.0112976   0.0123154   0.0145539   0.016123   0.0219716   0.026089   0.031271   0.0383843   0.0471556   0.059312   0.0713363   
-0.152411   -0.152783   -0.152017   -0.150984   -0.149789   -0.147781   -0.144633   -0.143232   -0.142021   -0.140721   -0.139064   -0.137071   -0.135017   -0.132771   -0.130228   -0.12718   -0.122773   -0.116566   -0.106606   -0.0992396   -0.0813058   -0.0741155   -0.0681339   -0.0635149   -0.0611007   -0.0605057   -0.0613631   

1055000
-10   -7   -6   -5   -4   -3   -2   -1   0   1   2   3   4   5   6   7   8   9   10   11   12   13   14   15   16   17   
-0.45672   -0.140594   -0.035071   0.0674774   0.169173   0.279536   0.390652   0.500997   0.609318   0.715057   0.82038   0.924068   1.02598   1.12453   1.21567   1.29516   1.34924   1.4161   1.48462   1.49958   1.53935   1.5734   1.59569   1.61284   1.60986   1.61319   
0.014879   0.00997971   0.00853783   0.00743069   0.00781831   0.00810809   0.00833736   0.00848501   0.00878863   0.00904953   0.00942906   0.00975649   0.0102053   0.0106842   0.0112875   0.0123151   0.0145478   0.0161067   0.0171322   0.0219521   0.0260671   0.0312327   0.0382997   0.04708   0.0591116   0.0711796   
-0.152464   -0.150982   -0.149783   -0.147764   -0.144635   -0.143235   -0.142025   -0.140737   -0.139084   -0.137092   -0.135039   -0.132799   -0.130264   -0.127221   -0.122817   -0.116566   -0.106623   -0.0992837   -0.0933508   -0.0813279   -0.0741318   -0.068155   -0.0635389   -0.061102   -0.0604821   -0.0613292   

1060000
-10   -8   -7   -6   -5   -4   -3   -2   -1   0   1   2   3   4   5   6   7   9   11   12   13   14   15   16   17   
-0.456595   -0.247754   -0.1406   -0.0350548   0.0673954   0.169164   0.279551   0.390653   0.501061   0.609427   0.715178   0.820477   0.924205   1.02616   1.12474   1.21589   1.29511   1.41638   1.49981   1.53957   1.57377   1.59649   1.61344   1.61135   1.61428   
0.0148478   0.0111212   0.00997075   0.00853821   0.00742477   0.00780798   0.0081027   0.00832459   0.00847042   0.00878408   0.00903564   0.00941626   0.00974456   0.0101917   0.0106712   0.0112778   0.0123154   0.0160909   0.0219332   0.0260461   0.0311965   0.0382174   0.0470073   0.0589236   0.0710362   
-0.152518   -0.15203   -0.150979   -0.149776   -0.147745   -0.144636   -0.143238   -0.142029   -0.140752   -0.139103   -0.137117   -0.135061   -0.132827   -0.130298   -0.127262   -0.122859   -0.116564   -0.0993263   -0.0813492   -0.074147   -0.0681745   -0.0635625   -0.0611032   -0.0604611   -0.0612979   

1065000
-10   -8   -7   -5   -4   -3   -2   -1   0   1   2   3   4   5   6   7   8   9   11   12   13   14   15   16   18   
-0.456466   -0.247805   -0.140605   0.0673049   0.169153   0.279557   0.390652   0.501123   0.609537   0.715296   0.820571   0.924339   1.02633   1.12495   1.21611   1.29505   1.34943   1.41666   1.50002   1.53977   1.57413   1.59729   1.61401   1.61277   1.59676   
0.0148169   0.0111079   0.00996205   0.00741949   0.00779785   0.00809569   0.00831205   0.00845604   0.00878073   0.00902197   0.00940374   0.00973287   0.0101784   0.0106584   0.0112684   0.0123164   0.0145359   0.0160756   0.0219147   0.026026   0.0311625   0.038136   0.0469387   0.0587465   0.0868046   
-0.152573   -0.152023   -0.150977   -0.147724   -0.144637   -0.143239   -0.142033   -0.140767   -0.139122   -0.137142   -0.135082   -0.132854   -0.130333   -0.127302   -0.122901   -0.116559   -0.106656   -0.0993676   -0.0813699   -0.0741613   -0.068193   -0.0635859   -0.0611047   -0.0604424   -0.064343   

1070000
-10   -9   -8   -7   -6   -5   -4   -3   -2   -1   0   1   2   3   4   5   6   7   8   9   10   11   12   13   14   15   16   17   
-0.456333   -0.351145   -0.247852   -0.140608   -0.0350321   0.0672061   0.169141   0.279541   0.390651   0.501183   0.609647   0.715411   0.820663   0.924471   1.0265   1.12516   1.21632   1.29502   1.34951   1.41692   1.48484   1.50024   1.53996   1.57446   1.59807   1.61455   1.61414   1.61631   
0.0147865   0.0128526   0.0110948   0.00995359   0.00853807   0.00741492   0.00778792   0.00808385   0.00829972   0.00844189   0.00877865   0.00900853   0.00939149   0.00972142   0.0101654   0.0106459   0.0112597   0.0123161   0.0145306   0.0160608   0.0171087   0.0218965   0.0260071   0.0311291   0.0380556   0.0468722   0.0585747   0.0707535   
-0.152628   -0.152838   -0.152017   -0.150975   -0.149762   -0.147701   -0.144637   -0.14324   -0.142036   -0.140782   -0.13914   -0.137167   -0.135103   -0.132881   -0.130366   -0.127341   -0.12294   -0.116559   -0.10667   -0.0994075   -0.0933819   -0.0813899   -0.0741738   -0.0682099   -0.0636087   -0.0611056   -0.0604246   -0.0612364   

1075000
-10   -9   -8   -7   -6   -5   -4   -3   -2   -1   0   1   2   3   4   5   6   7   8   9   11   12   13   14   15   16   17   
-0.456195   -0.351317   -0.247894   -0.140609   -0.0350325   0.0670996   0.169127   0.279524   0.390649   0.501241   0.609757   0.715524   0.820751   0.9246   1.02666   1.12536   1.21652   1.29516   1.34958   1.41718   1.50044   1.54012   1.57478   1.59884   1.61506   1.61548   1.61724   
0.0147566   0.0128249   0.011082   0.00994538   0.008536   0.00741122   0.00777819   0.00807222   0.0082876   0.00842796   0.00877791   0.0089953   0.00937951   0.00971023   0.0101527   0.0106336   0.0112514   0.0123079   0.014525   0.0160465   0.021879   0.0259901   0.0310972   0.0379772   0.046811   0.0584069   0.0706235   
-0.152683   -0.152828   -0.152011   -0.150973   -0.149755   -0.147676   -0.144637   -0.143241   -0.142039   -0.140796   -0.139157   -0.13719   -0.135123   -0.132907   -0.130399   -0.12738   -0.122979   -0.116587   -0.106685   -0.0994461   -0.0814094   -0.0741848   -0.0682262   -0.0636318   -0.0611068   -0.0604076   -0.061208   

1080000
-10   -9   -8   -7   -6   -5   -4   -3   -2   -1   0   1   2   3   4   5   6   7   8   9   11   12   13   14   15   16   17   18   
-0.456053   -0.35148   -0.247933   -0.140609   -0.0350322   0.0669843   0.169111   0.279506   0.390714   0.501296   0.609827   0.715634   0.820836   0.924726   1.02682   1.12556   1.21671   1.29528   1.34966   1.41742   1.50064   1.54027   1.57509   1.59959   1.61554   1.6168   1.61813   1.60188   
0.014727   0.0127975   0.0110695   0.00993757   0.00853452   0.00740827   0.00776866   0.0080608   0.00827248   0.00841424   0.00876502   0.00898227   0.0093678   0.0096993   0.0101402   0.0106216   0.0112434   0.0123005   0.0145189   0.0160326   0.0218618   0.0259734   0.0310667   0.037899   0.0467509   0.0582438   0.0704999   0.0860442   
-0.152738   -0.152818   -0.152006   -0.150971   -0.149748   -0.147649   -0.144637   -0.143241   -0.142055   -0.140809   -0.139174   -0.137214   -0.135142   -0.132933   -0.130431   -0.127418   -0.123016   -0.116611   -0.106699   -0.0994835   -0.081428   -0.0741942   -0.0682418   -0.0636542   -0.0611071   -0.0603913   -0.0611808   -0.0641015   

1085000
-10   -9   -8   -7   -6   -5   -4   -3   -2   -1   0   1   2   3   4   5   6   7   8   9   11   12   13   14   15   16   17   
-0.455908   -0.351635   -0.247968   -0.140608   -0.035031   0.0668609   0.169094   0.279487   0.390792   0.50135   0.609887   0.715742   0.820919   0.92485   1.02698   1.12575   1.2169   1.29539   1.34973   1.41766   1.50083   1.54041   1.57537   1.60035   1.61599   1.61808   1.61897   
0.014698   0.0127704   0.0110573   0.00993007   0.00853366   0.00740607   0.00775931   0.00804958   0.00825689   0.00840074   0.00875041   0.00896945   0.00935635   0.00968866   0.010128   0.0106098   0.0112359   0.0122938   0.0145131   0.0160192   0.0218451   0.0259579   0.0310374   0.0378234   0.0466953   0.0580811   0.0703813   
-0.152794   -0.15281   -0.152001   -0.150969   -0.14974   -0.14762   -0.144636   -0.143241   -0.142073   -0.140823   -0.139189   -0.137237   -0.135161   -0.132958   -0.130463   -0.127455   -0.123052   -0.116633   -0.106712   -0.0995195   -0.081446   -0.0742026   -0.0682562   -0.0636773   -0.0611076   -0.0603744   -0.0611546   

1090000
-10   -9   -8   -7   -6   -5   -4   -2   -1   0   1   2   3   4   5   6   7   8   9   11   12   13   14   15   16   17   
-0.455759   -0.351779   -0.247999   -0.140606   -0.0350287   0.0667299   0.169074   0.390868   0.501402   0.609946   0.715847   0.820999   0.924972   1.02713   1.12594   1.21708   1.29548   1.34979   1.41789   1.50102   1.54054   1.57564   1.60109   1.61641   1.61935   1.61978   
0.0146693   0.0127438   0.0110454   0.00992279   0.00853344   0.00740464   0.00775016   0.00824156   0.00838745   0.00873607   0.00895682   0.00934515   0.00967826   0.0101161   0.0105983   0.0112261   0.012288   0.0145075   0.0160063   0.0218287   0.0259433   0.0310095   0.0377486   0.0466432   0.0579222   0.0702679   
-0.152849   -0.152804   -0.151997   -0.150967   -0.149732   -0.14759   -0.144635   -0.142091   -0.140835   -0.139205   -0.137259   -0.13518   -0.132983   -0.130494   -0.127492   -0.123088   -0.116653   -0.106725   -0.0995542   -0.0814634   -0.07421   -0.0682694   -0.0637002   -0.0611078   -0.0603581   -0.0611294   

1095000
-10   -9   -8   -7   -6   -5   -4   -2   -1   0   1   2   3   4   5   6   7   8   9   11   12   13   14   15   16   17   18   
-0.455887   -0.351914   -0.248026   -0.140604   -0.0350234   0.0666471   0.169054   0.390942   0.501452   0.610003   0.71595   0.821077   0.925091   1.02728   1.12613   1.21725   1.29555   1.34986   1.41811   1.50119   1.54065   1.5759   1.60182   1.6168   1.62059   1.62056   1.60682   
0.0146438   0.0127179   0.011034   0.00991573   0.00853427   0.00740203   0.00774119   0.00822646   0.00837437   0.008722   0.00894439   0.0093342   0.00966808   0.0101043   0.010587   0.0112166   0.0122829   0.0145022   0.015994   0.0218125   0.0259299   0.0309838   0.037674   0.0465944   0.0577666   0.0701622   0.0853073   
-0.152847   -0.152798   -0.151993   -0.150966   -0.149724   -0.147569   -0.144634   -0.142108   -0.140848   -0.139219   -0.137281   -0.135197   -0.133007   -0.130524   -0.127527   -0.123123   -0.116669   -0.106737   -0.0995871   -0.0814799   -0.0742165   -0.0682819   -0.0637221   -0.0611076   -0.0603423   -0.0611057   -0.063867   

1100000
-10   -9   -8   -7   -6   -5   -4   -2   -1   0   1   2   3   4   5   6   7   8   9   11   12   13   14   15   16   18   
-0.456015   -0.352038   -0.248048   -0.140602   -0.0350171   0.0666087   0.169031   0.391014   0.5015   0.610057   0.716051   0.821151   0.925207   1.02743   1.12631   1.21741   1.29561   1.34991   1.41831   1.50137   1.54076   1.57613   1.60253   1.61715   1.62182   1.60846   
0.0146189   0.0126926   0.0110231   0.00990887   0.00853572   0.0073983   0.00773241   0.00821159   0.00836151   0.0087082   0.00893215   0.0093235   0.00965813   0.0100929   0.010576   0.0112075   0.0122788   0.0144976   0.0159822   0.021797   0.0259165   0.0309594   0.0376007   0.0465493   0.0576119   0.0850659   
-0.152844   -0.152794   -0.151989   -0.150964   -0.149716   -0.147557   -0.144632   -0.142125   -0.14086   -0.139234   -0.137303   -0.135215   -0.133031   -0.130554   -0.127562   -0.123156   -0.116683   -0.106747   -0.0996182   -0.0814959   -0.074222   -0.0682927   -0.063744   -0.0611071   -0.0603264   -0.0637899   

1105000
-10   -9   -8   -7   -6   -5   -4   -3   -2   -1   0   1   2   3   4   5   6   7   8   9   11   13   14   15   16   18   
-0.456118   -0.352154   -0.248068   -0.140599   -0.03502   0.0665562   0.169007   0.279478   0.391084   0.501546   0.610109   0.71615   0.821223   0.925321   1.02757   1.12073   1.21756   1.29564   1.34995   1.41851   1.50152   1.57633   1.60324   1.61746   1.62303   1.61007   
0.0145942   0.0126678   0.0110126   0.00990207   0.00853544   0.00739388   0.00772382   0.00800334   0.00819695   0.00834886   0.00869466   0.0089201   0.00931303   0.00964842   0.0100816   0.00664183   0.0111987   0.0122755   0.0144931   0.0159709   0.0217826   0.0309364   0.0375288   0.046507   0.0574595   0.0848216   
-0.152846   -0.152791   -0.151986   -0.150962   -0.149708   -0.147543   -0.14463   -0.143254   -0.142142   -0.140872   -0.139248   -0.137324   -0.135232   -0.133054   -0.130583   -0.126471   -0.123188   -0.116694   -0.106757   -0.099648   -0.0815102   -0.0683016   -0.0637659   -0.0611059   -0.0603107   -0.0637133   

1110000
-10   -9   -8   -7   -6   -5   -4   -3   -2   -1   0   1   2   3   4   5   6   7   8   9   11   12   13   14   15   16   17   
-0.456199   -0.352261   -0.248084   -0.140596   -0.0350314   0.0664898   0.168981   0.279533   0.391152   0.50159   0.610159   0.716246   0.821291   0.925433   1.02771   1.12666   1.21771   1.29566   1.34999   1.41869   1.50167   1.54129   1.57652   1.60394   1.61775   1.62421   1.6226   
0.0145698   0.0126435   0.0110025   0.00989546   0.00853356   0.00738882   0.00771541   0.00798943   0.00818253   0.00833642   0.00868139   0.00890828   0.00930289   0.00963893   0.0100706   0.0105548   0.0111903   0.0122732   0.0144888   0.0159601   0.0217686   0.0258686   0.0309158   0.0374575   0.0464721   0.0573117   0.0698695   
-0.152851   -0.152789   -0.151984   -0.15096   -0.1497   -0.147528   -0.144627   -0.143268   -0.142158   -0.140883   -0.139261   -0.137345   -0.135248   -0.133077   -0.130611   -0.12763   -0.123218   -0.116702   -0.106765   -0.0996765   -0.0815235   -0.0742613   -0.0683096   -0.0637875   -0.0611055   -0.0602957   -0.0610396   

1115000
-10   -9   -8   -7   -6   -5   -4   -3   -2   -1   0   1   2   3   4   5   6   7   8   9   11   12   13   14   15   16   18   
-0.45626   -0.352358   -0.248097   -0.140593   -0.0350417   0.066416   0.168953   0.279587   0.391218   0.501632   0.610207   0.716339   0.821356   0.925542   1.02785   1.12683   1.21785   1.29565   1.35003   1.41887   1.50181   1.54183   1.57668   1.60462   1.61799   1.62536   1.6132   
0.0145456   0.0126198   0.0109926   0.00988903   0.00853216   0.00738435   0.00770722   0.00797574   0.00816833   0.00832419   0.00866838   0.00889665   0.00929302   0.00962967   0.0100598   0.0105445   0.0111824   0.0122725   0.0144847   0.0159497   0.0217549   0.0258268   0.0308966   0.0373881   0.0464396   0.0571645   0.084355   
-0.15286   -0.152788   -0.151981   -0.150958   -0.149691   -0.147511   -0.144624   -0.143282   -0.142174   -0.140894   -0.139274   -0.137365   -0.135264   -0.133099   -0.130639   -0.127664   -0.123248   -0.116704   -0.106774   -0.0997038   -0.0815359   -0.0743051   -0.0683163   -0.0638087   -0.061104   -0.0602804   -0.0635666   

1120000
-10   -9   -8   -7   -6   -5   -4   -3   -2   -1   0   1   2   3   4   5   6   7   8   9   10   11   12   13   14   15   16   17   
-0.456305   -0.352447   -0.248108   -0.140588   -0.0350172   0.0663338   0.168922   0.279639   0.391283   0.501672   0.610252   0.71643   0.821419   0.92565   1.02798   1.127   1.21798   1.29561   1.35007   1.41904   1.48553   1.50194   1.54235   1.57683   1.60529   1.61819   1.6265   1.62372   
0.0145217   0.0125966   0.010983   0.00988277   0.00852844   0.00738055   0.00769925   0.00796228   0.00815432   0.00831217   0.00865562   0.00888519   0.00928337   0.00962063   0.0100492   0.0105344   0.0111748   0.012273   0.0144805   0.0159398   0.0170335   0.0217419   0.0257858   0.030879   0.0373202   0.0464113   0.0570217   0.0697074   
-0.152872   -0.152788   -0.151979   -0.150957   -0.149691   -0.147492   -0.144621   -0.143295   -0.142189   -0.140904   -0.139286   -0.137385   -0.135279   -0.133121   -0.130666   -0.127696   -0.123276   -0.116702   -0.106783   -0.0997298   -0.093482   -0.0815478   -0.0743477   -0.0683216   -0.0638299   -0.0611021   -0.0602662   -0.0610024   

1125000
-10   -9   -8   -7   -6   -5   -4   -3   -2   -1   0   1   2   3   4   5   6   7   8   9   11   12   13   14   15   16   17   
-0.456333   -0.352532   -0.248116   -0.140583   -0.0349908   0.0662431   0.16889   0.27969   0.391347   0.50171   0.610296   0.71652   0.821479   0.925754   1.02811   1.12716   1.21811   1.29554   1.35012   1.4192   1.50207   1.54286   1.57695   1.60595   1.61834   1.62762   1.6242   
0.0144981   0.0125739   0.0109738   0.00987687   0.0085251   0.00737744   0.00769146   0.00794903   0.00814053   0.00830039   0.00864312   0.00887393   0.00927394   0.00961188   0.0100388   0.0105246   0.0111675   0.0122748   0.0144764   0.0159303   0.0217292   0.0257459   0.0308631   0.0372529   0.046388   0.0568797   0.0696386   
-0.152886   -0.152789   -0.151977   -0.150955   -0.149691   -0.147471   -0.144617   -0.143308   -0.142204   -0.140914   -0.139299   -0.137404   -0.135293   -0.133143   -0.130693   -0.127728   -0.123303   -0.116696   -0.106792   -0.0997546   -0.0815588   -0.0743893   -0.0683256   -0.0638505   -0.0610999   -0.0602519   -0.0609861   

1130000
-10   -9   -8   -7   -6   -5   -4   -3   -2   -1   0   1   2   3   4   5   6   7   8   9   11   12   13   14   15   16   17   18   
-0.456346   -0.352611   -0.248121   -0.140577   -0.0349641   0.0661439   0.168856   0.279739   0.391408   0.501745   0.610337   0.716607   0.821537   0.925854   1.02824   1.12732   1.21822   1.29545   1.35017   1.41936   1.50219   1.54336   1.57705   1.60659   1.61846   1.62872   1.62463   1.61756   
0.0144749   0.0125516   0.010965   0.00987119   0.00852225   0.007375   0.00768386   0.00793599   0.00812693   0.00828887   0.00863087   0.00886285   0.00926472   0.00960347   0.0100286   0.010515   0.0111608   0.0122778   0.0144716   0.0159212   0.0217169   0.0257068   0.0308488   0.0371874   0.0463694   0.0567411   0.0695782   0.0837158   
-0.152903   -0.15279   -0.151976   -0.150953   -0.149691   -0.147448   -0.144613   -0.14332   -0.142219   -0.140924   -0.13931   -0.137423   -0.135308   -0.133163   -0.130719   -0.127759   -0.123327   -0.116685   -0.106803   -0.0997782   -0.0815693   -0.07443   -0.0683282   -0.063871   -0.0610973   -0.0602384   -0.0609715   -0.0633671   

1135000
-10   -9   -8   -7   -6   -5   -4   -3   -2   -1   0   1   2   3   4   5   6   7   8   9   11   12   13   14   15   16   17   
-0.456344   -0.352685   -0.248125   -0.140571   -0.034937   0.0660358   0.168821   0.279787   0.391468   0.501778   0.610376   0.716693   0.821593   0.925953   1.02837   1.12747   1.21832   1.29534   1.35037   1.41951   1.50231   1.54385   1.57714   1.60721   1.61853   1.6298   1.625   
0.014452   0.0125298   0.0109564   0.00986564   0.0085199   0.00737329   0.00767644   0.00792315   0.00811356   0.00827756   0.00861888   0.00885195   0.00925568   0.00959529   0.0100187   0.0105057   0.0111546   0.0122818   0.0144604   0.0159125   0.021705   0.0256682   0.0308366   0.0371242   0.0463556   0.0566069   0.0695236   
-0.152922   -0.152791   -0.151974   -0.150952   -0.14969   -0.147423   -0.144609   -0.143333   -0.142234   -0.140933   -0.139322   -0.137442   -0.135322   -0.133184   -0.130745   -0.127789   -0.12335   -0.116672   -0.106835   -0.0998009   -0.0815795   -0.0744698   -0.0683298   -0.0638908   -0.0610944   -0.0602258   -0.0609581   

1140000
-10   -9   -8   -7   -6   -5   -4   -3   -2   -1   0   1   2   3   4   5   6   7   8   9   11   12   13   14   15   16   17   
-0.456327   -0.352754   -0.248127   -0.140565   -0.0349097   0.0659196   0.168784   0.279834   0.391526   0.501808   0.610412   0.716776   0.821648   0.926049   1.02849   1.12763   1.21842   1.29521   1.35056   1.41965   1.50242   1.54432   1.5772   1.60781   1.61856   1.63084   1.62531   
0.0144294   0.0125084   0.0109482   0.00986022   0.008518   0.0073725   0.0076692   0.00791051   0.00810037   0.00826648   0.00860722   0.00884123   0.00924682   0.00958735   0.0100089   0.0104966   0.0111486   0.0122867   0.0144497   0.0159041   0.0216933   0.0256307   0.0308251   0.0370629   0.0463466   0.0564767   0.0694743   
-0.152944   -0.152793   -0.151973   -0.15095   -0.149689   -0.147396   -0.144604   -0.143345   -0.142248   -0.140942   -0.139332   -0.13746   -0.135335   -0.133204   -0.13077   -0.127819   -0.123372   -0.116655   -0.106867   -0.0998226   -0.081589   -0.0745089   -0.0683296   -0.06391   -0.061091   -0.060214   -0.0609458   

1145000
-10   -9   -8   -7   -6   -5   -4   -3   -2   -1   0   1   2   3   4   5   6   7   8   9   11   12   14   15   16   17   
-0.456296   -0.35282   -0.248126   -0.140559   -0.0348829   0.0657953   0.168745   0.279878   0.391582   0.501837   0.610445   0.716858   0.821701   0.926144   1.02861   1.12777   1.21852   1.29507   1.35074   1.41978   1.50253   1.54479   1.60839   1.61854   1.63186   1.62557   
0.0144073   0.0124874   0.0109403   0.00985479   0.00851644   0.00737272   0.00766211   0.00789807   0.00808738   0.00825561   0.0085958   0.00883069   0.00923812   0.00957964   0.00999939   0.0104877   0.0111428   0.0122925   0.0144393   0.015896   0.0216819   0.0255942   0.0370046   0.0463421   0.0563499   0.069436   
-0.152968   -0.152795   -0.151972   -0.150948   -0.149688   -0.147366   -0.144599   -0.143356   -0.142261   -0.14095   -0.139342   -0.137478   -0.135349   -0.133223   -0.130795   -0.127848   -0.123394   -0.116635   -0.106897   -0.0998435   -0.0815981   -0.0745475   -0.0639288   -0.0610872   -0.0602028   -0.0609356   

1150000
-10   -9   -8   -7   -6   -5   -4   -3   -2   -1   0   1   2   3   4   5   6   7   8   9   11   12   13   14   16   17   
-0.456256   -0.352881   -0.248124   -0.140555   -0.0348761   0.0656623   0.168706   0.279922   0.391637   0.501865   0.610476   0.716937   0.821754   0.926237   1.02872   1.12792   1.21861   1.29503   1.35091   1.41991   1.50263   1.54525   1.57807   1.60894   1.63284   1.62576   
0.0143855   0.0124668   0.0109327   0.00984939   0.00851086   0.00737382   0.00765517   0.00788583   0.00807456   0.00824498   0.00858464   0.00882033   0.00922957   0.00957218   0.00999007   0.0104791   0.0111372   0.012293   0.0144292   0.0158882   0.0216708   0.0255582   0.0307451   0.0369474   0.0562258   0.0694013   
-0.152993   -0.152798   -0.151971   -0.150947   -0.149686   -0.147334   -0.144593   -0.143368   -0.142275   -0.140958   -0.139352   -0.137495   -0.135362   -0.133242   -0.130819   -0.127877   -0.123415   -0.116634   -0.106926   -0.0998638   -0.0816069   -0.0745851   -0.0683776   -0.0639463   -0.0601923   -0.0609261   

1155000
-10   -9   -8   -7   -6   -5   -4   -3   -2   -1   0   1   2   3   4   5   6   7   8   9   11   12   13   14   15   16   18   
-0.456208   -0.352939   -0.24812   -0.14055   -0.0348687   0.0655216   0.168665   0.279964   0.39169   0.50189   0.610505   0.717014   0.821805   0.926328   1.02883   1.12806   1.21871   1.2951   1.35108   1.42004   1.50273   1.5457   1.57881   1.60947   1.61915   1.63379   1.6239   
0.0143644   0.0124466   0.0109255   0.0098441   0.00850586   0.00737581   0.00764836   0.00787378   0.00806192   0.00823458   0.00857371   0.00881015   0.00922114   0.00956495   0.00998105   0.0104707   0.0111317   0.0122888   0.0144194   0.0158805   0.0216595   0.0255229   0.030682   0.0368922   0.0462648   0.0561051   0.0827813   
-0.153019   -0.152801   -0.15197   -0.150945   -0.149685   -0.147301   -0.144588   -0.143379   -0.142288   -0.140966   -0.139361   -0.137512   -0.135375   -0.133261   -0.130842   -0.127904   -0.123436   -0.116648   -0.106955   -0.0998838   -0.0816149   -0.0746218   -0.0684215   -0.0639637   -0.0610856   -0.0601826   -0.063088   

1160000
-10   -9   -8   -7   -6   -5   -3   -2   -1   0   1   2   3   4   5   6   7   8   9   12   13   14   15   16   17   
-0.456151   -0.352994   -0.248114   -0.140545   -0.0348607   0.0654386   0.280005   0.391742   0.501914   0.610532   0.717089   0.821856   0.926417   1.02894   1.1282   1.2188   1.29514   1.35124   1.42016   1.54614   1.57952   1.60999   1.62031   1.63473   1.62598   
0.0143439   0.0124268   0.0109187   0.00983891   0.00850143   0.00737636   0.0078619   0.00804945   0.00822448   0.00856303   0.00880017   0.00921281   0.00955795   0.00997222   0.0104626   0.0111262   0.0122856   0.0144098   0.0158733   0.0254883   0.0306207   0.0368378   0.0461314   0.0559905   0.0693589   
-0.153046   -0.152804   -0.151969   -0.150943   -0.149683   -0.147279   -0.14339   -0.142301   -0.140973   -0.13937   -0.137529   -0.135388   -0.13328   -0.130865   -0.127932   -0.123458   -0.11666   -0.106982   -0.099902   -0.0746577   -0.0684643   -0.0639802   -0.0610925   -0.0601746   -0.0609126   

1165000
-10   -9   -8   -6   -5   -4   -3   -2   -1   0   1   2   3   4   5   6   7   8   12   13   14   15   16   17   18   
-0.456088   -0.353045   -0.248107   -0.0348522   0.0653856   0.168582   0.280044   0.391793   0.501938   0.610557   0.717163   0.821907   0.926505   1.02905   1.12833   1.2189   1.29516   1.35141   1.54656   1.58022   1.6105   1.62145   1.63566   1.626   1.62634   
0.0143239   0.0124073   0.0109121   0.00849758   0.00737636   0.00763512   0.0078502   0.00803716   0.00821464   0.00855256   0.00879039   0.00920458   0.00955118   0.00996359   0.0104547   0.0111206   0.0122834   0.0144004   0.0254547   0.0305611   0.0367867   0.0460047   0.0558757   0.0693526   0.0824284   
-0.153074   -0.152807   -0.151969   -0.14968   -0.147262   -0.144576   -0.1434   -0.142313   -0.14098   -0.139378   -0.137546   -0.135401   -0.133298   -0.130887   -0.127958   -0.12348   -0.116667   -0.10701   -0.0746925   -0.068506   -0.0639974   -0.0611005   -0.0601665   -0.0609086   -0.0629821   

1170000
-10   -9   -8   -6   -5   -4   -3   -2   -1   0   1   2   3   4   5   6   7   8   10   11   12   13   14   15   16   17   
-0.456017   -0.353093   -0.248097   -0.0348434   0.0653165   0.16854   0.280083   0.391842   0.501959   0.61058   0.717234   0.821973   0.926592   1.02915   1.12846   1.21912   1.29516   1.35156   1.48364   1.50317   1.54697   1.58089   1.61099   1.62255   1.63657   1.62596   
0.0143044   0.0123882   0.0109059   0.00849429   0.00737505   0.00762864   0.00783867   0.00802504   0.00820509   0.00854232   0.00878082   0.00919565   0.00954464   0.00995513   0.010447   0.0111102   0.0122823   0.0143913   0.0170863   0.0216189   0.025422   0.0305029   0.0367363   0.0458793   0.0557619   0.0693505   
-0.153102   -0.152811   -0.151968   -0.149678   -0.147245   -0.144571   -0.143411   -0.142325   -0.140987   -0.139386   -0.137562   -0.135416   -0.133316   -0.130909   -0.127984   -0.123521   -0.116671   -0.107036   -0.0932375   -0.0816551   -0.074726   -0.0685466   -0.0640135   -0.0611079   -0.0601584   -0.0609055   

1175000
-10   -9   -8   -6   -5   -4   -3   -2   -1   0   1   2   3   4   5   6   7   8   11   12   13   14   15   16   17   
-0.45594   -0.353138   -0.248086   -0.0348341   0.0652357   0.16851   0.28012   0.391889   0.50198   0.610601   0.717304   0.822109   0.926679   1.02925   1.12859   1.21935   1.29514   1.35171   1.50349   1.54737   1.58155   1.61146   1.62363   1.63748   1.6265   
0.0142856   0.0123694   0.0109001   0.00849159   0.00737327   0.00762175   0.00782731   0.00801309   0.0081958   0.00853227   0.00877147   0.00918334   0.00953832   0.00994685   0.0104398   0.011099   0.0122824   0.0143824   0.0215958   0.0253908   0.030447   0.0366874   0.0457559   0.0556495   0.0692766   
-0.15313   -0.152815   -0.151968   -0.149674   -0.147226   -0.144567   -0.143421   -0.142337   -0.140993   -0.139394   -0.137577   -0.135444   -0.133333   -0.13093   -0.128009   -0.123567   -0.116671   -0.107062   -0.0816871   -0.0747584   -0.0685868   -0.0640291   -0.061115   -0.0601504   -0.0608881   

1180000
-10   -9   -8   -6   -5   -4   -3   -2   -1   0   1   2   3   4   5   6   7   8   10   11   12   13   14   15   16   18   
-0.455855   -0.35318   -0.248073   -0.0348248   0.0651486   0.168537   0.280156   0.391935   0.502   0.610622   0.717372   0.822241   0.926764   1.02935   1.12871   1.21958   1.29509   1.35186   1.48137   1.50379   1.54775   1.58218   1.61192   1.62469   1.63837   1.63001   
0.0142676   0.0123509   0.0108946   0.00848939   0.00737217   0.00761244   0.00781611   0.0080013   0.0081867   0.00852242   0.00876237   0.00917124   0.00953222   0.00993871   0.0104329   0.011088   0.0122836   0.0143738   0.0171898   0.0215733   0.02536   0.0303911   0.0366402   0.0456356   0.0555389   0.0818886   
-0.153159   -0.152819   -0.151967   -0.149671   -0.147206   -0.144574   -0.14343   -0.142349   -0.140999   -0.139402   -0.137592   -0.135471   -0.133351   -0.130951   -0.128033   -0.123611   -0.116667   -0.107087   -0.0929367   -0.0817179   -0.0747898   -0.0686247   -0.0640445   -0.0611224   -0.0601425   -0.0628232   

1185000
-10   -9   -8   -7   -6   -5   -4   -3   -2   0   1   2   3   4   5   6   7   8   11   12   13   14   15   16   17   18   
-0.455765   -0.35322   -0.248058   -0.140544   -0.0348156   0.0650562   0.168562   0.28019   0.39198   0.610641   0.717438   0.822371   0.926849   1.02944   1.12882   1.2198   1.295   1.352   1.50409   1.54813   1.58281   1.61235   1.62572   1.63923   1.62977   1.63124   
0.0142502   0.0123327   0.0108897   0.00981086   0.00848768   0.00737189   0.00760329   0.00780507   0.00798967   0.00851274   0.00875354   0.00915933   0.00952633   0.00993073   0.0104262   0.0110774   0.0122869   0.0143654   0.0215513   0.0253299   0.0303383   0.036595   0.0455168   0.0554295   0.0688355   0.0817092   
-0.153189   -0.152823   -0.151967   -0.150934   -0.149667   -0.147183   -0.144581   -0.14344   -0.14236   -0.139409   -0.137607   -0.135497   -0.133368   -0.130972   -0.128056   -0.123655   -0.116656   -0.107111   -0.0817478   -0.0748206   -0.068663   -0.0640585   -0.0611292   -0.0601343   -0.0607969   -0.0627703   

1190000
-10   -9   -8   -7   -5   -4   -3   -2   0   1   2   3   4   5   6   7   8   10   11   12   13   14   15   16   17   18   
-0.455667   -0.353257   -0.24804   -0.140566   0.0649578   0.168586   0.280224   0.392022   0.61066   0.717503   0.822498   0.926933   1.02954   1.12894   1.22002   1.29488   1.35214   1.47273   1.50437   1.54849   1.58341   1.61277   1.62674   1.64008   1.6313   1.63247   
0.0142336   0.0123148   0.0108852   0.00980075   0.00737234   0.00759429   0.00779418   0.0079782   0.00850321   0.00874496   0.00914761   0.00952066   0.00992285   0.0104197   0.0110669   0.0122916   0.0143574   0.0170356   0.02153   0.0253003   0.0302858   0.036551   0.0454039   0.0553255   0.0686324   0.0815296   
-0.153219   -0.152828   -0.151967   -0.150932   -0.14716   -0.144588   -0.143449   -0.142371   -0.139416   -0.137622   -0.135523   -0.133385   -0.130992   -0.128079   -0.123697   -0.11664   -0.107134   -0.0908181   -0.0817768   -0.0748507   -0.0686994   -0.0640723   -0.0611378   -0.0601272   -0.0607569   -0.0627172   

1195000
-10   -9   -8   -7   -6   -5   -4   -3   -2   -1   0   1   2   3   4   5   6   7   8   9   10   11   12   13   14   15   16   17   18   
-0.455564   -0.353291   -0.24802   -0.140589   -0.0348118   0.0648529   0.168609   0.280257   0.392064   0.50212   0.610678   0.717564   0.822623   0.927018   1.02963   1.12905   1.22024   1.29472   1.35226   1.42205   1.47396   1.50465   1.54885   1.58399   1.61318   1.62772   1.64088   1.63274   1.6337   
0.0142177   0.0122973   0.0108812   0.00979076   0.00848264   0.00737354   0.00758543   0.00778345   0.00796689   0.00815785   0.00849382   0.00873667   0.00913608   0.0095152   0.00991511   0.0104135   0.0110568   0.0122979   0.0143498   0.0157731   0.0171885   0.0215092   0.0252713   0.0302351   0.0365083   0.0452924   0.0552236   0.0684402   0.0813486   
-0.153249   -0.152833   -0.151967   -0.15093   -0.149658   -0.147134   -0.144594   -0.143458   -0.142382   -0.141029   -0.139423   -0.137636   -0.135549   -0.133403   -0.131012   -0.128102   -0.123739   -0.116619   -0.107156   -0.100188   -0.0911716   -0.081805   -0.0748801   -0.0687355   -0.0640856   -0.0611456   -0.0601194   -0.0607203   -0.0626638   

1200000
-10   -9   -8   -7   -6   -5   -4   -3   -2   -1   0   1   2   3   4   5   6   7   8   9   10   11   12   13   14   15   16   18   
-0.455453   -0.353323   -0.247999   -0.140611   -0.0348222   0.0647414   0.16863   0.280288   0.392104   0.502206   0.610744   0.717623   0.822746   0.927102   1.02972   1.12916   1.22045   1.29453   1.35239   1.42234   1.47372   1.50492   1.54921   1.58457   1.61358   1.62868   1.64165   1.63494   
0.0142026   0.01228   0.0108775   0.00978099   0.00847818   0.00737551   0.00757672   0.00777286   0.00795574   0.00814656   0.00848235   0.0087286   0.00912471   0.00950993   0.00990746   0.0104075   0.0110469   0.0123059   0.0143425   0.0157577   0.0175391   0.0214888   0.0252429   0.0301859   0.0364672   0.0451848   0.0551293   0.0811665   
-0.153279   -0.152838   -0.151966   -0.150928   -0.149653   -0.147107   -0.144601   -0.143467   -0.142392   -0.141047   -0.139439   -0.137649   -0.135574   -0.13342   -0.131032   -0.128124   -0.123779   -0.116591   -0.107177   -0.100231   -0.0913402   -0.0818323   -0.074909   -0.0687712   -0.0640984   -0.061154   -0.0601128   -0.0626103   

1205000
-10   -9   -8   -7   -6   -5   -4   -3   -2   -1   0   1   2   3   4   5   6   7   8   9   10   11   12   13   14   15   16   17   18   
-0.455336   -0.353353   -0.247976   -0.140633   -0.0348328   0.0646231   0.168649   0.280318   0.392143   0.502289   0.610827   0.717681   0.822866   0.927248   1.02982   1.12926   1.22065   1.29432   1.3525   1.42261   1.47268   1.50519   1.54955   1.58514   1.61395   1.6296   1.6424   1.63549   1.63618   
0.0141885   0.012263   0.0108742   0.00977144   0.00847424   0.00737828   0.00756813   0.00776243   0.00794474   0.00813551   0.0084702   0.00872076   0.00911353   0.00950174   0.00989989   0.0104017   0.0110372   0.0123152   0.0143354   0.0157428   0.0177304   0.0214687   0.0252151   0.0301368   0.0364276   0.0450803   0.0550355   0.0680757   0.0809884   
-0.153309   -0.152843   -0.151966   -0.150925   -0.149648   -0.147078   -0.144606   -0.143475   -0.142402   -0.141065   -0.139457   -0.137662   -0.135599   -0.133447   -0.131052   -0.128145   -0.123819   -0.11656   -0.107197   -0.100273   -0.0912383   -0.0818591   -0.0749372   -0.0688059   -0.0641108   -0.0611623   -0.0601057   -0.0606521   -0.0625573   

1210000
-10   -9   -8   -7   -6   -5   -4   -3   -2   -1   0   1   2   3   4   5   6   7   8   9   10   11   12   13   14   15   16   17   
-0.455211   -0.353381   -0.247951   -0.140655   -0.0348434   0.0644983   0.168668   0.280347   0.39218   0.502371   0.610908   0.717736   0.822984   0.927414   1.02991   1.12937   1.22085   1.29407   1.35261   1.42288   1.47153   1.50544   1.54989   1.58569   1.61432   1.6305   1.64313   1.63683   
0.0141753   0.0122463   0.0108713   0.0097621   0.00847084   0.00738189   0.00755969   0.00775213   0.0079339   0.00812472   0.00845826   0.00871313   0.0091025   0.00949276   0.0098924   0.010396   0.0110279   0.012326   0.0143285   0.0157282   0.0178525   0.0214492   0.0251878   0.0300878   0.0363889   0.0449807   0.0549461   0.0678989   
-0.15334   -0.152848   -0.151966   -0.150923   -0.149642   -0.147048   -0.144612   -0.143484   -0.142412   -0.141082   -0.139476   -0.137675   -0.135624   -0.133478   -0.131071   -0.128166   -0.123858   -0.116523   -0.107216   -0.100315   -0.0910897   -0.0818852   -0.0749648   -0.0688398   -0.0641222   -0.0611715   -0.0600994   -0.0606193   

1215000
-10   -9   -8   -7   -6   -5   -4   -3   -2   -1   0   1   2   3   4   5   6   7   8   9   10   11   12   13   14   15   16   
-0.455079   -0.353407   -0.247924   -0.140677   -0.0348545   0.0643686   0.168685   0.280376   0.392215   0.502451   0.610986   0.71779   0.8231   0.927577   1.03   1.12947   1.22104   1.29389   1.35272   1.42314   1.47036   1.50569   1.55022   1.58624   1.61466   1.63138   1.64383   
0.0141632   0.0122298   0.0108688   0.00975297   0.00846796   0.0073866   0.00755137   0.00774198   0.00792321   0.00811418   0.00844653   0.00870572   0.00909168   0.00948411   0.00988495   0.0103906   0.0110189   0.0123338   0.014322   0.015714   0.0179494   0.0214301   0.0251612   0.0300409   0.0363522   0.0448819   0.0548555   
-0.15337   -0.152854   -0.151967   -0.15092   -0.149636   -0.147016   -0.144617   -0.143492   -0.142422   -0.1411   -0.139494   -0.137687   -0.135648   -0.133509   -0.131091   -0.128187   -0.123895   -0.116496   -0.107235   -0.100355   -0.090932   -0.0819105   -0.074992   -0.0688743   -0.0641332   -0.0611804   -0.060092   

1220000
-10   -9   -8   -7   -6   -5   -4   -3   -2   -1   0   1   2   3   4   5   6   7   8   9   10   11   12   13   14   15   16   17   
-0.454938   -0.353432   -0.247896   -0.140698   -0.0348659   0.0642507   0.168701   0.280403   0.39225   0.50253   0.611063   0.717842   0.823213   0.927739   1.03009   1.12957   1.22122   1.29383   1.35282   1.4234   1.46923   1.50594   1.55054   1.58679   1.61499   1.63225   1.64451   1.63945   
0.0141524   0.0122136   0.0108666   0.00974403   0.00846552   0.00739147   0.00754318   0.00773197   0.00791266   0.00810389   0.00843499   0.00869854   0.00908102   0.00947578   0.00987755   0.0103853   0.0110102   0.0123355   0.0143156   0.0157002   0.0180268   0.0214114   0.0251347   0.0299941   0.0363164   0.0447851   0.0547691   0.0675517   
-0.153401   -0.152859   -0.151967   -0.150918   -0.149629   -0.146985   -0.144622   -0.1435   -0.142431   -0.141116   -0.139511   -0.137699   -0.135671   -0.133539   -0.13111   -0.128208   -0.123932   -0.11649   -0.107253   -0.100393   -0.0907793   -0.0819351   -0.0750179   -0.068908   -0.0641433   -0.0611896   -0.060085   -0.0605545   

1225000
-10   -9   -8   -7   -6   -5   -4   -3   -2   -1   0   1   2   3   4   5   6   7   8   9   10   11   12   13   14   15   16   17   18   
-0.454788   -0.353455   -0.247866   -0.14072   -0.0348778   0.0641984   0.168716   0.280428   0.392282   0.502607   0.611138   0.717893   0.823324   0.927899   1.03019   1.12967   1.2214   1.29376   1.35292   1.42365   1.46816   1.50617   1.55085   1.58733   1.6153   1.63311   1.64516   1.64073   1.64096   
0.014143   0.0121977   0.0108648   0.00973527   0.00846359   0.0073935   0.00753512   0.0077221   0.00790227   0.00809385   0.00842363   0.00869157   0.00907052   0.00946782   0.00986975   0.0103801   0.0110017   0.0123381   0.0143096   0.0156868   0.0180917   0.0213932   0.0251095   0.0299481   0.0362826   0.0446879   0.0546873   0.0673778   0.0802869   
-0.153431   -0.152865   -0.151967   -0.150915   -0.149622   -0.146969   -0.144627   -0.143507   -0.14244   -0.141133   -0.139528   -0.137711   -0.135694   -0.133569   -0.131131   -0.128229   -0.123967   -0.116481   -0.10727   -0.100431   -0.0906346   -0.0819589   -0.0750436   -0.0689416   -0.0641529   -0.0611979   -0.0600787   -0.060522   -0.0623528   

1230000
-10   -9   -8   -7   -6   -5   -4   -3   -2   -1   0   1   2   3   4   5   6   7   8   9   10   11   12   13   14   15   16   17   18   
-0.45477   -0.353477   -0.247835   -0.140741   -0.03489   0.0641283   0.16873   0.280453   0.392313   0.502683   0.611211   0.717942   0.823434   0.928057   1.03036   1.12978   1.22157   1.29366   1.35301   1.42388   1.46711   1.5064   1.55115   1.58785   1.6156   1.63396   1.64579   1.642   1.64209   
0.0141362   0.012182   0.0108634   0.00972671   0.00846219   0.00739305   0.00752718   0.00771237   0.00789206   0.00808405   0.00841244   0.00868482   0.00906017   0.00946018   0.00985836   0.0103751   0.0109935   0.0123416   0.0143037   0.0156739   0.018159   0.0213753   0.0250851   0.0299022   0.0362502   0.0445927   0.0546092   0.0672063   0.0801251   
-0.153432   -0.152871   -0.151967   -0.150912   -0.149615   -0.146953   -0.144632   -0.143515   -0.142448   -0.141149   -0.139545   -0.137722   -0.135717   -0.133598   -0.131165   -0.128249   -0.124002   -0.116469   -0.107286   -0.100467   -0.0904905   -0.081982   -0.0750678   -0.0689744   -0.0641616   -0.0612068   -0.0600728   -0.0604899   -0.0623059   

1235000
-10   -9   -8   -7   -6   -5   -4   -3   -2   -1   0   1   2   3   4   6   7   8   9   10   11   12   13   14   15   16   17   18   
-0.45476   -0.353497   -0.247802   -0.140763   -0.0349028   0.0640545   0.168743   0.280477   0.392342   0.502758   0.611282   0.71799   0.823541   0.928214   1.03053   1.22174   1.29355   1.3531   1.42411   1.46612   1.50663   1.55143   1.58838   1.61588   1.6348   1.64638   1.64328   1.64316   
0.0141308   0.0121665   0.0108624   0.00971832   0.00846129   0.00739327   0.00751936   0.00770277   0.00788202   0.00807451   0.00840143   0.00867827   0.00904996   0.00945288   0.00984713   0.0109856   0.012346   0.014298   0.0156614   0.0182159   0.0213578   0.0250609   0.0298572   0.0362205   0.0444975   0.0545346   0.0670402   0.0799657   
-0.153429   -0.152877   -0.151968   -0.15091   -0.149607   -0.146935   -0.144636   -0.143522   -0.142456   -0.141164   -0.139561   -0.137734   -0.135739   -0.133627   -0.131198   -0.124035   -0.116454   -0.107302   -0.100502   -0.0903564   -0.0820045   -0.075091   -0.0690072   -0.0641699   -0.0612151   -0.0600671   -0.0604588   -0.0622608   

1240000
-10   -9   -8   -7   -6   -5   -4   -3   -2   -1   0   1   2   3   4   5   6   7   8   9   10   11   12   13   14   15   16   17   
-0.454733   -0.353516   -0.247768   -0.140784   -0.0349153   0.0639779   0.168754   0.2805   0.39237   0.502831   0.611352   0.718036   0.823647   0.928369   1.0307   1.12998   1.2219   1.29341   1.35319   1.42433   1.46517   1.50685   1.55171   1.58889   1.61613   1.63563   1.64695   1.64454   
0.0141267   0.0121513   0.0108616   0.00971011   0.00846109   0.00739415   0.00751167   0.0076933   0.00787212   0.00806522   0.00839058   0.00867194   0.0090399   0.00944593   0.00983606   0.0103652   0.0109779   0.0123516   0.0142925   0.0156493   0.0182691   0.0213407   0.0250376   0.0298127   0.0361915   0.0444045   0.0544627   0.0668736   
-0.153429   -0.152882   -0.151968   -0.150907   -0.149598   -0.146916   -0.14464   -0.143529   -0.142464   -0.14118   -0.139577   -0.137744   -0.135762   -0.133656   -0.13123   -0.12829   -0.124068   -0.116434   -0.107318   -0.100536   -0.0902272   -0.0820264   -0.0751138   -0.0690391   -0.064177   -0.061224   -0.0600612   -0.0604276   

1245000
-10   -9   -8   -7   -6   -5   -4   -3   -2   -1   0   1   2   3   4   5   6   7   9   10   11   12   13   14   15   16   17   18   
-0.454688   -0.353534   -0.247733   -0.140806   -0.0349407   0.0638979   0.168765   0.280521   0.392396   0.502903   0.61142   0.718082   0.823751   0.928522   1.03086   1.13015   1.22206   1.29324   1.42454   1.46435   1.50706   1.55199   1.58939   1.61637   1.63645   1.64748   1.64578   1.64514   
0.0141238   0.0121364   0.0108611   0.00970207   0.00845858   0.00739566   0.0075041   0.00768397   0.00786238   0.00805618   0.0083799   0.00866581   0.00902997   0.0094393   0.00982513   0.0103572   0.0109705   0.0123589   0.0156376   0.0183154   0.021324   0.0250151   0.0297691   0.0361656   0.0443113   0.0543924   0.066706   0.0796754   
-0.153429   -0.152888   -0.151969   -0.150904   -0.14959   -0.146896   -0.144644   -0.143535   -0.142472   -0.141195   -0.139593   -0.137755   -0.135783   -0.133684   -0.131262   -0.128321   -0.1241   -0.116409   -0.100569   -0.0901154   -0.0820476   -0.0751362   -0.0690708   -0.064184   -0.0612324   -0.0600548   -0.0603961   -0.0621797   

1250000
-10   -9   -8   -7   -6   -5   -4   -3   -2   -1   0   1   2   3   4   5   6   7   9   10   11   12   13   14   15   16   17   18   
-0.454629   -0.353552   -0.247698   -0.140827   -0.0349754   0.0638148   0.168774   0.280541   0.39242   0.502974   0.611486   0.718127   0.823854   0.928666   1.03103   1.13034   1.22221   1.29303   1.42474   1.46364   1.50727   1.55226   1.58989   1.61659   1.63727   1.64798   1.64702   1.64607   
0.0141218   0.0121217   0.0108609   0.00969419   0.00845454   0.0073978   0.00749664   0.00767479   0.00785278   0.00804741   0.00836937   0.00865987   0.00902019   0.0094306   0.00981436   0.0103482   0.0109635   0.0123675   0.0156262   0.0183563   0.0213076   0.0249925   0.029726   0.0361405   0.0442206   0.0543285   0.0665415   0.079543   
-0.153432   -0.152894   -0.151969   -0.150901   -0.149581   -0.146875   -0.144647   -0.143542   -0.142479   -0.14121   -0.139609   -0.137765   -0.135805   -0.133712   -0.131294   -0.128357   -0.12413   -0.116379   -0.1006   -0.090018   -0.0820687   -0.0751579   -0.069102   -0.0641894   -0.0612413   -0.0600497   -0.0603652   -0.0621431   

1255000
-10   -9   -8   -7   -6   -5   -4   -3   -2   -1   0   1   2   3   4   5   6   7   9   10   11   12   13   14   15   16   17   18   
-0.454552   -0.353568   -0.247728   -0.140849   -0.03501   0.0637281   0.168783   0.28056   0.392443   0.503044   0.611551   0.718172   0.823954   0.9288   1.03119   1.13052   1.22235   1.2928   1.42494   1.46307   1.50747   1.55252   1.59039   1.61678   1.63807   1.64845   1.64824   1.64698   
0.0141212   0.0121072   0.0108484   0.00968651   0.00845108   0.00740061   0.0074893   0.00766575   0.00784332   0.0080389   0.008359   0.00865412   0.00901053   0.00941913   0.00980374   0.0103393   0.0109567   0.0123775   0.0156152   0.0183874   0.0212914   0.0249703   0.0296835   0.0361171   0.0441312   0.0542676   0.0663776   0.0794104   
-0.153436   -0.1529   -0.151969   -0.150898   -0.149571   -0.146853   -0.144651   -0.143548   -0.142486   -0.141225   -0.139624   -0.137776   -0.135826   -0.133739   -0.131325   -0.128391   -0.124159   -0.116344   -0.100631   -0.0899403   -0.0820891   -0.0751787   -0.069133   -0.0641937   -0.06125   -0.0600443   -0.0603348   -0.0621071   

1260000
-10   -9   -8   -7   -6   -5   -4   -3   -2   -1   0   1   2   3   4   5   6   7   9   10   11   12   13   14   15   16   17   18   
-0.454459   -0.353583   -0.247771   -0.14087   -0.0350444   0.0636377   0.16879   0.280577   0.392465   0.503113   0.611614   0.718216   0.824053   0.928932   1.03134   1.13071   1.22249   1.29255   1.42513   1.46257   1.50767   1.55277   1.59087   1.61696   1.63886   1.6489   1.64946   1.64788   
0.014122   0.0120929   0.0108335   0.00967908   0.00844815   0.00740411   0.00748209   0.00765685   0.00783401   0.00803065   0.00834879   0.00864856   0.009001   0.00940783   0.00979326   0.0103307   0.0109502   0.0123888   0.0156045   0.0184148   0.0212756   0.024949   0.0296422   0.0360981   0.0440419   0.0542132   0.0662165   0.0792822   
-0.153441   -0.152906   -0.151969   -0.150895   -0.149562   -0.14683   -0.144654   -0.143554   -0.142493   -0.141239   -0.139639   -0.137786   -0.135847   -0.133766   -0.131356   -0.128426   -0.124188   -0.116305   -0.10066   -0.0898715   -0.082109   -0.0751991   -0.069164   -0.0641985   -0.0612582   -0.0600399   -0.0603053   -0.0620719   

1265000
-10   -9   -8   -7   -6   -5   -4   -3   -2   -1   0   1   2   3   4   5   6   7   8   9   10   11   12   13   14   15   16   17   18   
-0.454349   -0.353598   -0.247814   -0.140891   -0.0350786   0.0635444   0.168797   0.280594   0.392485   0.503181   0.611676   0.718261   0.824151   0.929062   1.0315   1.13089   1.22262   1.29226   1.35365   1.42532   1.46206   1.50786   1.55301   1.59135   1.6171   1.63964   1.64929   1.65066   1.64876   
0.0141243   0.0120789   0.0108189   0.00967183   0.00844577   0.00740852   0.00747499   0.00764807   0.00782484   0.00802271   0.00833873   0.00864317   0.00899161   0.00939669   0.00978294   0.0103223   0.010944   0.0124013   0.0142641   0.0155942   0.0184434   0.0212599   0.0249282   0.0296009   0.0360775   0.0439543   0.0541581   0.0660596   0.0791524   
-0.153447   -0.152912   -0.151969   -0.150892   -0.149551   -0.146806   -0.144657   -0.143559   -0.142499   -0.141253   -0.139653   -0.137796   -0.135867   -0.133793   -0.131386   -0.128459   -0.124215   -0.116262   -0.107399   -0.100689   -0.0898003   -0.0821281   -0.0752188   -0.0691938   -0.0642003   -0.0612667   -0.0600342   -0.0602768   -0.0620369   

1270000
-10   -9   -8   -7   -6   -5   -4   -3   -2   -1   0   1   2   3   4   6   7   8   9   11   12   13   14   15   16   18   
-0.454221   -0.353611   -0.247855   -0.140906   -0.0351123   0.0634478   0.168802   0.280609   0.392504   0.503248   0.611736   0.718306   0.824246   0.92919   1.03165   1.22274   1.29196   1.35385   1.4255   1.50805   1.55325   1.59181   1.61723   1.64041   1.64966   1.64963   
0.0141281   0.0120651   0.0108046   0.00966397   0.00844394   0.0074138   0.00746801   0.00763941   0.00781581   0.00801507   0.00832882   0.00863794   0.00898234   0.0093857   0.0097728   0.0109382   0.012415   0.0142536   0.0155843   0.0212446   0.024908   0.029561   0.0360617   0.0438678   0.0541128   0.0790313   
-0.153455   -0.152918   -0.151969   -0.15089   -0.149541   -0.14678   -0.14466   -0.143565   -0.142505   -0.141267   -0.139667   -0.137806   -0.135888   -0.133819   -0.131416   -0.124241   -0.116214   -0.107431   -0.100716   -0.0821468   -0.0752377   -0.0692231   -0.0642026   -0.0612757   -0.0600304   -0.0620033   

1275000
-10   -8   -7   -6   -5   -4   -3   -2   -1   0   1   2   3   4   5   6   7   8   9   10   11   12   13   14   15   16   18   
-0.454078   -0.247896   -0.140914   -0.0351454   0.0633473   0.168806   0.280624   0.392521   0.503314   0.611795   0.718354   0.824341   0.929316   1.0318   1.13124   1.22286   1.29178   1.35405   1.42567   1.461   1.50824   1.55348   1.59226   1.61733   1.64118   1.64998   1.65048   
0.0141335   0.0107906   0.00965492   0.00844268   0.00741983   0.00746118   0.00763089   0.00780691   0.00800771   0.00831906   0.00863276   0.00897319   0.00937487   0.00976279   0.0103037   0.0109327   0.0124224   0.0142432   0.0155747   0.0185003   0.0212297   0.0248883   0.0295216   0.0360469   0.0437819   0.0540684   0.0789084   
-0.153463   -0.151969   -0.150891   -0.14953   -0.146754   -0.144662   -0.14357   -0.142511   -0.14128   -0.139681   -0.137817   -0.135908   -0.133845   -0.131445   -0.128526   -0.124266   -0.116188   -0.107464   -0.100743   -0.0896552   -0.082165   -0.0752559   -0.0692513   -0.0642034   -0.0612846   -0.0600256   -0.0619699   

1280000
-10   -8   -7   -5   -4   -3   -2   -1   0   1   2   3   4   5   6   7   8   9   10   11   12   13   14   15   16   
-0.45392   -0.247937   -0.140921   0.0632339   0.168809   0.280637   0.392537   0.503379   0.611851   0.718462   0.824434   0.92944   1.03195   1.13141   1.22297   1.29164   1.35424   1.42583   1.46058   1.50841   1.5537   1.5927   1.61742   1.64194   1.65027   
0.0141407   0.0107768   0.00964607   0.00742444   0.00745448   0.00762248   0.00779815   0.00800065   0.00830944   0.00862469   0.00896416   0.0093642   0.00975292   0.0102931   0.0109275   0.0124282   0.0142331   0.0155655   0.0185228   0.0212152   0.0248693   0.029484   0.0360345   0.0436982   0.0540298   
-0.153472   -0.151968   -0.150891   -0.146727   -0.144664   -0.143575   -0.142517   -0.141293   -0.139695   -0.137838   -0.135927   -0.13387   -0.131474   -0.128559   -0.124289   -0.116168   -0.107495   -0.100768   -0.089597   -0.0821826   -0.0752731   -0.0692793   -0.0642035   -0.0612942   -0.0600215   

1285000
-10   -9   -8   -7   -6   -4   -3   -2   -1   0   1   2   3   4   5   6   7   8   9   10   11   12   13   14   15   16   17   18   
-0.453747   -0.3537   -0.247976   -0.140927   -0.0351704   0.16881   0.280649   0.392552   0.503443   0.611907   0.718568   0.824525   0.929563   1.03209   1.13157   1.22307   1.2915   1.35443   1.42599   1.46021   1.50859   1.5539   1.59313   1.61748   1.64268   1.65051   1.65518   1.65211   
0.0141497   0.012024   0.0107634   0.00963738   0.00844017   0.0074479   0.00761419   0.00778951   0.0079939   0.00829998   0.00861691   0.00895525   0.00935367   0.00974319   0.0102826   0.0109227   0.012434   0.0142232   0.0155566   0.018543   0.0212011   0.0248512   0.0294467   0.036024   0.0436132   0.053995   0.0654621   0.0786689   
-0.153481   -0.152926   -0.151968   -0.150892   -0.149517   -0.144666   -0.14358   -0.142522   -0.141306   -0.139708   -0.137859   -0.135947   -0.133896   -0.131503   -0.128591   -0.124311   -0.116148   -0.107527   -0.100793   -0.0895453   -0.0821999   -0.0752893   -0.0693066   -0.0642026   -0.0613026   -0.0600173   -0.0601716   -0.0619046   

1290000
-10   -9   -8   -7   -6   -5   -4   -3   -2   -1   0   1   2   3   4   5   6   7   8   9   10   11   12   13   14   15   16   17   18   
-0.453558   -0.35377   -0.248015   -0.140934   -0.0351458   0.0630591   0.168811   0.28066   0.392565   0.503507   0.611961   0.718673   0.824615   0.929684   1.03223   1.13173   1.22316   1.29136   1.35461   1.42614   1.45991   1.50876   1.5541   1.59355   1.61753   1.64343   1.65072   1.65622   1.65292   
0.0141605   0.0120096   0.0107502   0.0096289   0.00843807   0.00742884   0.00744143   0.00760602   0.007781   0.00798745   0.00829066   0.00860941   0.00894646   0.00934329   0.0097336   0.0102724   0.0109184   0.0124399   0.0142134   0.0155481   0.0185601   0.0211869   0.0248336   0.0294095   0.0360149   0.0435325   0.0539664   0.0653194   0.0785572   
-0.15349   -0.152921   -0.151968   -0.150892   -0.149518   -0.146685   -0.144668   -0.143584   -0.142527   -0.141319   -0.139721   -0.13788   -0.135966   -0.13392   -0.131531   -0.128623   -0.124331   -0.116128   -0.107557   -0.100816   -0.0895021   -0.0822163   -0.0753049   -0.0693328   -0.064201   -0.0613126   -0.0600137   -0.0601476   -0.0618736   

1295000
-10   -9   -8   -7   -6   -5   -4   -3   -2   -1   0   1   2   3   4   5   6   7   8   9   10   11   12   13   14   15   16   17   18   
-0.453353   -0.353837   -0.248053   -0.14094   -0.0351274   0.0630119   0.16881   0.28067   0.392578   0.503569   0.612014   0.718777   0.824703   0.929803   1.03238   1.13189   1.22324   1.29121   1.35479   1.42628   1.4596   1.50891   1.55429   1.59397   1.61835   1.64415   1.65089   1.65725   1.65369   
0.0141734   0.0119954   0.0107372   0.00962064   0.0084351   0.00743021   0.00743509   0.00759796   0.00777261   0.00798131   0.00828148   0.00860221   0.00893779   0.00933306   0.00972413   0.0102623   0.0109145   0.012446   0.0142039   0.0155398   0.0185759   0.0211737   0.0248163   0.0293739   0.0359356   0.0434521   0.0539413   0.0651896   0.0784444   
-0.153499   -0.152916   -0.151967   -0.150892   -0.149518   -0.146672   -0.144669   -0.143589   -0.142532   -0.141332   -0.139734   -0.1379   -0.135985   -0.133945   -0.131559   -0.128654   -0.12435   -0.116106   -0.107587   -0.100839   -0.0894595   -0.0822313   -0.0753194   -0.0693593   -0.0642326   -0.0613221   -0.0600099   -0.0601271   -0.0618427   

1300000
-10   -9   -8   -7   -6   -5   -4   -3   -2   -1   0   1   2   3   4   5   6   8   9   10   11   12   13   14   15   16   17   18   
-0.453131   -0.353902   -0.24809   -0.140946   -0.035125   0.0629634   0.168809   0.280679   0.392589   0.503631   0.612064   0.71888   0.82479   0.929921   1.03252   1.13205   1.22332   1.35497   1.42642   1.45933   1.50906   1.55447   1.59438   1.61916   1.64487   1.65102   1.65824   1.65444   
0.0141882   0.0119815   0.0107246   0.00961255   0.00842903   0.00743208   0.00742886   0.00759001   0.00776433   0.0079755   0.00827245   0.00859529   0.00892924   0.00932298   0.0097148   0.0102523   0.0109108   0.0141945   0.0155318   0.0185901   0.0211609   0.0248   0.0293381   0.0358582   0.0433731   0.0539205   0.0650591   0.0783349   
-0.153509   -0.152911   -0.151967   -0.150892   -0.149518   -0.146658   -0.144671   -0.143593   -0.142537   -0.141344   -0.139746   -0.13792   -0.136003   -0.133969   -0.131586   -0.128685   -0.124367   -0.107616   -0.100861   -0.0894206   -0.0822458   -0.0753335   -0.0693849   -0.0642642   -0.0613318   -0.0600064   -0.0601065   -0.0618126   

1305000
-10   -9   -7   -6   -5   -4   -3   -2   -1   0   1   2   3   4   5   6   7   8   9   10   11   12   13   14   15   16   17   18   
-0.452894   -0.353964   -0.140952   -0.0351225   0.0629135   0.168806   0.280688   0.3926   0.503692   0.612114   0.718981   0.824876   0.930037   1.03265   1.1322   1.22339   1.29096   1.35514   1.42655   1.45915   1.50921   1.55465   1.59478   1.61996   1.64556   1.65111   1.65923   1.65518   
0.0142052   0.0119678   0.00960462   0.00842353   0.0074345   0.00742279   0.00758218   0.00775617   0.00797002   0.00826355   0.00858864   0.00892079   0.00931303   0.0097056   0.0102425   0.0109075   0.0124566   0.0141853   0.0155241   0.0185996   0.0211483   0.0247842   0.0293031   0.0357823   0.0432943   0.0539069   0.0649312   0.0782285   
-0.153519   -0.152907   -0.150892   -0.149518   -0.146644   -0.144672   -0.143597   -0.142542   -0.141356   -0.139758   -0.13794   -0.136022   -0.133993   -0.131613   -0.128715   -0.124384   -0.116069   -0.107645   -0.100882   -0.0893941   -0.0822597   -0.0753466   -0.0694102   -0.0642952   -0.0613409   -0.0600034   -0.0600865   -0.0617832   

1310000
-10   -9   -8   -7   -6   -5   -4   -3   -2   -1   0   1   2   3   4   5   6   7   8   9   10   11   12   13   14   15   16   17   18   
-0.452639   -0.354023   -0.248166   -0.140958   -0.0351197   0.0628626   0.168803   0.280695   0.39261   0.503753   0.612161   0.719082   0.82496   0.930151   1.03279   1.13235   1.22346   1.29076   1.35531   1.42668   1.45898   1.50935   1.55481   1.59517   1.62073   1.64625   1.65115   1.66021   1.65589   
0.0142243   0.0119542   0.0106989   0.00959675   0.00841861   0.00743746   0.00741686   0.00757445   0.00774812   0.00796488   0.00825481   0.00858228   0.00891245   0.00930323   0.00969654   0.0102329   0.0109044   0.0124652   0.0141764   0.0155169   0.0186084   0.021136   0.0247689   0.0292688   0.0357072   0.0432198   0.0538972   0.0648023   0.078125   
-0.153529   -0.152903   -0.151966   -0.150892   -0.149517   -0.146629   -0.144672   -0.1436   -0.142546   -0.141367   -0.13977   -0.137959   -0.13604   -0.134017   -0.13164   -0.128745   -0.1244   -0.116039   -0.107673   -0.100901   -0.08937   -0.0822732   -0.075359   -0.0694352   -0.064325   -0.0613515   -0.0600002   -0.0600663   -0.0617546   

1315000
-10   -9   -8   -7   -6   -5   -4   -3   -2   -1   0   1   2   3   4   5   6   7   8   9   10   11   12   13   14   15   16   17   18   
-0.452368   -0.35408   -0.248208   -0.140964   -0.0351165   0.0628115   0.168798   0.280702   0.392619   0.503812   0.612206   0.719181   0.825043   0.930263   1.03292   1.1325   1.22352   1.29052   1.35547   1.4268   1.45883   1.50948   1.55497   1.59556   1.6215   1.64692   1.65116   1.66119   1.65658   
0.0142456   0.0119409   0.010685   0.00958901   0.0084143   0.00744123   0.00741106   0.00756683   0.00774017   0.00796009   0.00824627   0.00857621   0.00890423   0.00929357   0.00968763   0.0102234   0.0109015   0.0124758   0.0141677   0.0155099   0.0186166   0.021124   0.0247546   0.0292351   0.0356348   0.0431461   0.0538911   0.0646755   0.0780252   
-0.153539   -0.152899   -0.151965   -0.150892   -0.149516   -0.146614   -0.144673   -0.143604   -0.14255   -0.141379   -0.139781   -0.137979   -0.136057   -0.13404   -0.131667   -0.128775   -0.124415   -0.116002   -0.107701   -0.10092   -0.0893475   -0.0822863   -0.0753709   -0.0694599   -0.0643554   -0.0613616   -0.0599974   -0.0600467   -0.0617268   

1320000
-10   -9   -8   -7   -6   -5   -4   -3   -2   -1   0   1   2   3   4   5   6   7   8   9   10   11   12   13   14   15   16   17   18   
-0.452251   -0.354135   -0.24825   -0.140971   -0.0351129   0.0627601   0.168793   0.280707   0.392628   0.50387   0.612249   0.71928   0.825124   0.930374   1.03305   1.13265   1.22358   1.29023   1.35563   1.42691   1.45868   1.50962   1.55511   1.59594   1.62225   1.64758   1.65129   1.66216   1.65724   
0.0142446   0.0119277   0.0106713   0.00958142   0.0084106   0.00744571   0.00740537   0.00755931   0.00773233   0.0079557   0.00823787   0.00857043   0.00889612   0.00928405   0.00967886   0.0102141   0.0108987   0.0124884   0.0141592   0.015503   0.0186249   0.0211122   0.0247405   0.0292018   0.0355626   0.0430731   0.0538724   0.0645485   0.0779287   
-0.153553   -0.152895   -0.151964   -0.150892   -0.149514   -0.146598   -0.144673   -0.143607   -0.142554   -0.14139   -0.139792   -0.137997   -0.136075   -0.134063   -0.131693   -0.128804   -0.12443   -0.115958   -0.107727   -0.100938   -0.0893248   -0.0822989   -0.0753815   -0.0694841   -0.0643849   -0.0613713   -0.059994   -0.0600268   -0.0616998   

1325000
-10   -9   -8   -7   -6   -5   -4   -3   -2   -1   0   1   2   3   4   5   6   7   8   9   10   11   12   13   14   15   16   17   18   
-0.452361   -0.354187   -0.248291   -0.140977   -0.035109   0.0627074   0.168786   0.280713   0.392636   0.503927   0.612291   0.719377   0.825203   0.930483   1.03318   1.13279   1.22364   1.28996   1.35579   1.42703   1.45854   1.50975   1.55525   1.59631   1.62299   1.64823   1.65256   1.66313   1.65788   
0.014211   0.0119148   0.0106579   0.00957398   0.00840754   0.00745084   0.00739981   0.00755189   0.00772457   0.00795165   0.00822962   0.00856495   0.00888815   0.00927466   0.00967024   0.0102049   0.0108959   0.0125007   0.0141509   0.0154963   0.0186317   0.0211005   0.024727   0.0291693   0.0354917   0.0430012   0.0537197   0.0644225   0.0778349   
-0.153572   -0.152892   -0.151963   -0.150892   -0.149512   -0.146581   -0.144673   -0.143611   -0.142559   -0.141401   -0.139803   -0.138016   -0.136092   -0.134086   -0.131718   -0.128833   -0.124445   -0.115915   -0.107754   -0.100956   -0.0893037   -0.0823115   -0.0753912   -0.0695075   -0.0644142   -0.0613812   -0.0599867   -0.0600073   -0.0616736   

1330000
-10   -9   -8   -7   -6   -5   -4   -3   -2   -1   0   1   2   3   4   5   6   7   8   9   10   11   12   13   14   15   16   17   18   
-0.452465   -0.354237   -0.24833   -0.140984   -0.0351046   0.0626509   0.168779   0.280717   0.392675   0.503983   0.612331   0.719474   0.82528   0.930591   1.03331   1.13294   1.22371   1.28968   1.35594   1.42715   1.4584   1.50988   1.55538   1.59667   1.62372   1.64887   1.65378   1.66409   1.65849   
0.0141779   0.0119021   0.0106446   0.00956667   0.00840512   0.00745604   0.00739436   0.00754457   0.00771551   0.00794799   0.00822152   0.00855977   0.00888034   0.00926541   0.00966176   0.0101959   0.010893   0.0125128   0.0141428   0.0154897   0.0186381   0.021089   0.024714   0.0291377   0.0354229   0.0429298   0.053573   0.0642951   0.0777469   
-0.153592   -0.152889   -0.151962   -0.150891   -0.14951   -0.146564   -0.144673   -0.143614   -0.142568   -0.141411   -0.139813   -0.138034   -0.136109   -0.134108   -0.131744   -0.128861   -0.124461   -0.115872   -0.107779   -0.100974   -0.0892835   -0.0823239   -0.0754001   -0.0695306   -0.0644438   -0.0613904   -0.0599805   -0.0599874   -0.0616487   

1335000
-10   -9   -8   -7   -6   -5   -4   -3   -2   -1   0   1   2   3   4   5   6   7   8   9   10   11   12   13   14   15   16   17   18   
-0.452562   -0.354284   -0.248369   -0.140991   -0.035099   0.0625759   0.168771   0.280721   0.392743   0.504039   0.612368   0.71957   0.825356   0.930697   1.03344   1.13308   1.22378   1.28946   1.35609   1.42726   1.45827   1.51001   1.5555   1.59703   1.62443   1.6495   1.65494   1.66505   1.65907   
0.0141454   0.0118896   0.0106316   0.00955951   0.00840358   0.00745806   0.00738902   0.00753735   0.00770527   0.00794469   0.00821356   0.00855491   0.00887265   0.0092563   0.00965338   0.010187   0.0108899   0.0125226   0.0141348   0.015483   0.0186443   0.0210778   0.0247019   0.0291069   0.0353538   0.0428611   0.0534346   0.0641665   0.077663   
-0.153613   -0.152887   -0.151961   -0.150891   -0.149507   -0.146547   -0.144673   -0.143617   -0.142583   -0.141421   -0.139823   -0.138053   -0.136125   -0.13413   -0.131769   -0.128889   -0.124477   -0.115838   -0.107804   -0.100993   -0.0892642   -0.0823357   -0.0754083   -0.0695533   -0.0644719   -0.0614004   -0.0599759   -0.0599672   -0.0616247   

1340000
-10   -9   -8   -7   -6   -5   -4   -3   -2   -1   0   1   2   3   4   5   6   7   8   9   10   13   14   15   16   17   18   
-0.452653   -0.35433   -0.248407   -0.140998   -0.0350927   0.0624994   0.168762   0.280724   0.392809   0.504094   0.612405   0.719666   0.82543   0.930801   1.03356   1.13321   1.22389   1.28932   1.35623   1.42751   1.45815   1.59738   1.62514   1.65011   1.65607   1.66602   1.65962   
0.0141134   0.0118773   0.0106188   0.00955248   0.00840276   0.00746071   0.00738379   0.00753022   0.00769517   0.00794177   0.00820575   0.00855037   0.00886508   0.00924732   0.00964515   0.0101783   0.0108852   0.0125288   0.014127   0.0154699   0.0186503   0.0290765   0.035287   0.0427928   0.0532994   0.0640448   0.077581   
-0.153633   -0.152884   -0.15196   -0.15089   -0.149503   -0.146528   -0.144673   -0.14362   -0.142598   -0.141431   -0.139833   -0.138071   -0.136141   -0.134152   -0.131794   -0.128916   -0.1245   -0.115817   -0.107829   -0.101031   -0.0892459   -0.0695753   -0.0645003   -0.0614093   -0.0599719   -0.0599487   -0.0616015   

1345000
-10   -9   -8   -7   -6   -5   -4   -3   -2   -1   0   1   2   3   4   5   6   7   8   9   13   14   15   16   17   18   
-0.452739   -0.354374   -0.248444   -0.141006   -0.0350967   0.0624212   0.168753   0.280727   0.392873   0.504148   0.612439   0.71976   0.825502   0.930904   1.03369   1.13335   1.22408   1.28918   1.35638   1.4278   1.59771   1.62583   1.6507   1.65719   1.66698   1.66013   
0.014082   0.0118652   0.0106062   0.00954559   0.00840027   0.007464   0.00737867   0.00752319   0.00768522   0.00793922   0.00819808   0.00854616   0.00885763   0.00923847   0.00963703   0.0101697   0.0108769   0.0125347   0.0141194   0.0154556   0.0290462   0.0352222   0.0427276   0.0531667   0.0639214   0.0775035   
-0.153654   -0.152882   -0.151959   -0.150889   -0.1495   -0.146509   -0.144672   -0.143623   -0.142613   -0.141441   -0.139842   -0.138088   -0.136157   -0.134174   -0.131818   -0.128943   -0.124537   -0.115796   -0.107853   -0.101075   -0.0695964   -0.0645289   -0.0614183   -0.059968   -0.0599298   -0.0615794   

1350000
-10   -9   -8   -7   -6   -5   -4   -2   -1   0   1   2   3   4   5   6   7   8   9   10   13   14   15   16   17   18   
-0.452818   -0.354417   -0.248481   -0.141013   -0.0351104   0.0623417   0.168743   0.392937   0.504197   0.612472   0.719854   0.825573   0.931005   1.03381   1.13348   1.22426   1.28904   1.35652   1.42807   1.45798   1.59805   1.6265   1.65128   1.65828   1.66794   1.66061   
0.0140511   0.0118534   0.0105938   0.00953884   0.00839621   0.00746794   0.00737364   0.00767543   0.00793598   0.00819056   0.00854227   0.00885029   0.00922975   0.00962904   0.0101613   0.0108688   0.0125406   0.0141119   0.0154416   0.0186588   0.0290168   0.0351579   0.0426631   0.0530372   0.0637952   0.0774328   
-0.153676   -0.15288   -0.151958   -0.150888   -0.149495   -0.14649   -0.144672   -0.142627   -0.14145   -0.139851   -0.138106   -0.136173   -0.134195   -0.131842   -0.12897   -0.124573   -0.115776   -0.107877   -0.101117   -0.0892189   -0.0696173   -0.0645566   -0.0614269   -0.0599643   -0.0599105   -0.0615588   

1355000
-10   -9   -8   -7   -6   -5   -4   -3   -2   -1   0   1   2   3   4   5   6   7   8   9   10   12   13   14   15   16   17   18   
-0.452893   -0.354458   -0.248517   -0.141021   -0.0351241   0.0622612   0.168733   0.280732   0.392999   0.504222   0.612503   0.719948   0.825642   0.931104   1.03393   1.13361   1.22444   1.2889   1.35665   1.42834   1.45798   1.55622   1.59837   1.62717   1.65185   1.65937   1.6689   1.66105   
0.0140207   0.0118417   0.0105816   0.00953222   0.00839281   0.00747252   0.0073687   0.00750938   0.0076658   0.00792692   0.00818318   0.00853873   0.00884307   0.00922116   0.00962117   0.0101531   0.010861   0.0125466   0.0141047   0.0154279   0.0186591   0.0246375   0.0289882   0.0350952   0.0425997   0.0529089   0.0636697   0.0773655   
-0.153697   -0.152877   -0.151957   -0.150887   -0.149491   -0.146469   -0.144671   -0.143628   -0.142641   -0.141458   -0.13986   -0.138123   -0.136188   -0.134216   -0.131866   -0.128996   -0.124608   -0.115755   -0.1079   -0.101158   -0.0892161   -0.0754634   -0.0696377   -0.0645841   -0.0614353   -0.0599609   -0.0598914   -0.0615394   

1360000
-10   -9   -8   -7   -6   -4   -2   -1   0   1   2   3   4   5   6   7   8   9   10   11   12   13   14   15   16   17   18   
-0.452962   -0.354497   -0.248553   -0.141029   -0.0351374   0.168722   0.39306   0.504246   0.612532   0.720041   0.82571   0.931202   1.03404   1.13374   1.22462   1.28875   1.35678   1.4286   1.45798   1.5108   1.5567   1.59869   1.62782   1.65241   1.66043   1.66986   1.66145   
0.0139908   0.0118304   0.0105695   0.00952573   0.00839011   0.00736384   0.00765634   0.00791803   0.00817595   0.00853553   0.00883596   0.00921271   0.00961343   0.0101449   0.0108534   0.0125531   0.0140975   0.0154146   0.0186582   0.0210125   0.0246023   0.0289605   0.0350336   0.0425386   0.0527826   0.0635459   0.0773051   
-0.153719   -0.152875   -0.151956   -0.150886   -0.149485   -0.14467   -0.142655   -0.141465   -0.139868   -0.13814   -0.136203   -0.134236   -0.131889   -0.129022   -0.124642   -0.115733   -0.107922   -0.101198   -0.0892141   -0.0824126   -0.0755054   -0.0696579   -0.0646111   -0.0614442   -0.0599574   -0.0598726   -0.0615215   

1365000
-10   -9   -8   -7   -6   -5   -4   -3   -2   -1   0   1   2   3   4   5   6   7   8   9   10   11   12   13   14   15   16   17   18   
-0.453025   -0.354534   -0.248588   -0.141038   -0.0351504   0.0621125   0.168712   0.280746   0.39312   0.504267   0.612559   0.720131   0.825776   0.931298   1.03416   1.13386   1.22479   1.28859   1.35691   1.42885   1.45799   1.51112   1.55716   1.599   1.62845   1.65296   1.66148   1.67081   1.66181   
0.0139615   0.0118193   0.0105577   0.00951938   0.00838815   0.00748345   0.00735907   0.00749551   0.00764702   0.00790932   0.00816885   0.00853201   0.00882896   0.00920437   0.0096058   0.010137   0.010846   0.0125602   0.0140906   0.0154016   0.0186571   0.0209899   0.0245678   0.0289334   0.0349735   0.0424767   0.0526577   0.0634216   0.0772505   
-0.153742   -0.152873   -0.151954   -0.150885   -0.149479   -0.14643   -0.144669   -0.143635   -0.142668   -0.141473   -0.139876   -0.138157   -0.136218   -0.134257   -0.131913   -0.129047   -0.124676   -0.115708   -0.107944   -0.101237   -0.0892126   -0.0824475   -0.0755464   -0.0696775   -0.0646378   -0.0614519   -0.0599538   -0.0598536   -0.0615052   

1370000
-10   -9   -8   -7   -6   -5   -3   -2   -1   0   1   2   3   4   5   6   7   8   9   10   11   12   13   14   15   16   17   18   
-0.453084   -0.35457   -0.248623   -0.141046   -0.0351629   0.0621017   0.280803   0.393179   0.504288   0.612585   0.7202   0.825841   0.931393   1.03427   1.13399   1.22495   1.28841   1.35704   1.4291   1.45799   1.51144   1.55761   1.59929   1.62907   1.65349   1.66251   1.67176   1.66213   
0.0139326   0.0118086   0.010546   0.00951325   0.00838694   0.00748735   0.0074864   0.00763782   0.00790076   0.00816189   0.00852272   0.00882207   0.00919617   0.00959832   0.0101292   0.0108389   0.0125679   0.0140838   0.0153889   0.0186559   0.0209677   0.024534   0.0289061   0.0349142   0.0424177   0.052533   0.0633005   0.0772012   
-0.153764   -0.152871   -0.151953   -0.150883   -0.149473   -0.146422   -0.143648   -0.142681   -0.14148   -0.139883   -0.138172   -0.136232   -0.134277   -0.131935   -0.129072   -0.124708   -0.115681   -0.107965   -0.101275   -0.0892115   -0.0824817   -0.0755865   -0.0696959   -0.0646638   -0.0614601   -0.0599496   -0.0598353   -0.0614902   

1375000
-10   -9   -8   -7   -6   -5   -3   -2   -1   0   1   2   3   4   5   6   7   8   9   10   11   12   13   14   15   16   17   18   
-0.453139   -0.354603   -0.248658   -0.141055   -0.0351745   0.0620917   0.280859   0.393236   0.504307   0.61261   0.720268   0.825905   0.931486   1.03438   1.13411   1.22511   1.28824   1.35716   1.42934   1.458   1.51176   1.55806   1.59958   1.62968   1.65401   1.66355   1.67268   1.66241   
0.0139042   0.0117982   0.0105345   0.00950736   0.00838658   0.00749188   0.00747741   0.00762874   0.00789236   0.00815504   0.00851356   0.00881528   0.0091881   0.00959094   0.0101215   0.0108319   0.0125757   0.0140773   0.0153766   0.0186547   0.020946   0.024501   0.0288803   0.0348569   0.0423594   0.0524135   0.063179   0.0771575   
-0.153787   -0.152869   -0.151952   -0.150882   -0.149466   -0.146414   -0.143661   -0.142694   -0.141486   -0.139891   -0.138188   -0.136246   -0.134296   -0.131958   -0.129096   -0.12474   -0.115654   -0.107986   -0.101312   -0.0892109   -0.082515   -0.0756256   -0.0697143   -0.0646898   -0.0614678   -0.059947   -0.0598168   -0.0614766   

1380000
-10   -9   -8   -7   -6   -5   -3   -2   -1   0   1   2   3   4   5   6   7   8   9   10   11   12   13   14   15   16   17   18   
-0.453307   -0.354634   -0.248692   -0.141064   -0.0351843   0.0620757   0.280914   0.393293   0.504324   0.612633   0.720335   0.825967   0.931576   1.03449   1.13423   1.22527   1.28817   1.35728   1.42958   1.45802   1.51206   1.55849   1.59987   1.63027   1.65452   1.66454   1.67358   1.66267   
0.0138765   0.0117882   0.0105231   0.00950158   0.00838736   0.00749543   0.00746853   0.00761979   0.00788411   0.0081483   0.00850453   0.0088086   0.00918022   0.0095837   0.010114   0.0108252   0.0125784   0.0140709   0.0153646   0.0186534   0.0209248   0.0244685   0.0288548   0.0348008   0.0423021   0.0522893   0.0630616   0.0771182   
-0.153786   -0.152868   -0.15195   -0.15088   -0.149459   -0.146405   -0.143673   -0.142707   -0.141493   -0.139898   -0.138203   -0.13626   -0.134315   -0.13198   -0.12912   -0.124771   -0.115646   -0.108007   -0.101348   -0.0892106   -0.0825476   -0.0756642   -0.0697319   -0.0647155   -0.0614751   -0.0599418   -0.0597991   -0.0614641   

1385000
-10   -9   -8   -7   -6   -5   -4   -3   -2   -1   0   1   2   3   4   5   6   7   8   9   10   11   12   13   14   15   16   17   18   
-0.453469   -0.354663   -0.248726   -0.141073   -0.0352005   0.0620508   0.168675   0.280967   0.393348   0.50434   0.612656   0.7204   0.826029   0.931665   1.0346   1.13434   1.22542   1.2881   1.3574   1.4298   1.45803   1.51236   1.55892   1.60014   1.63086   1.65502   1.66554   1.67446   1.66288   
0.0138493   0.0117785   0.0105119   0.00949594   0.00838745   0.00749745   0.00734037   0.00745975   0.00761095   0.007876   0.00814168   0.00849563   0.00880202   0.00917248   0.00957657   0.0101066   0.0108188   0.0125813   0.0140646   0.015353   0.0186521   0.0209041   0.0244361   0.0288303   0.0347453   0.042247   0.0521718   0.0629473   0.0770816   
-0.153786   -0.152866   -0.151949   -0.150878   -0.149451   -0.146397   -0.144667   -0.143685   -0.14272   -0.141499   -0.139905   -0.138219   -0.136274   -0.134334   -0.132002   -0.129144   -0.124801   -0.115637   -0.108027   -0.101383   -0.0892107   -0.0825793   -0.0757018   -0.0697491   -0.0647409   -0.0614826   -0.0599387   -0.0597819   -0.0614526   

1390000
-10   -9   -8   -7   -6   -5   -4   -3   -2   -1   0   1   2   3   4   5   6   7   8   9   10   11   12   13   14   15   16   17   18   
-0.453621   -0.354689   -0.248759   -0.141082   -0.0352327   0.0620255   0.168716   0.28102   0.393403   0.504355   0.612677   0.720465   0.826089   0.931751   1.03471   1.13445   1.22557   1.28803   1.35751   1.43002   1.45805   1.51265   1.55935   1.6004   1.63144   1.6555   1.66652   1.67532   1.66307   
0.0138224   0.0117692   0.0105008   0.00949046   0.00838462   0.00749985   0.00733362   0.00745108   0.00760223   0.00786804   0.00813514   0.00848685   0.00879553   0.00916486   0.00956958   0.0100995   0.0108125   0.0125842   0.0140585   0.0153417   0.0186509   0.0208838   0.0244049   0.0288059   0.0346901   0.0421926   0.0520575   0.0628352   0.0770498   
-0.153787   -0.152864   -0.151948   -0.150876   -0.149442   -0.146388   -0.144676   -0.143697   -0.142732   -0.141505   -0.139912   -0.138234   -0.136288   -0.134353   -0.132023   -0.129167   -0.12483   -0.115627   -0.108046   -0.101417   -0.0892108   -0.08261   -0.0757396   -0.0697652   -0.0647657   -0.0614896   -0.0599362   -0.0597651   -0.0614422   

1395000
-10   -9   -8   -7   -6   -5   -4   -3   -2   -1   0   1   2   3   4   5   6   7   8   10   11   12   13   14   15   16   17   18   
-0.453765   -0.354712   -0.248792   -0.141092   -0.0352633   0.0620003   0.168755   0.281072   0.393456   0.504369   0.612698   0.720528   0.826148   0.931837   1.03481   1.13456   1.22571   1.28796   1.35762   1.45806   1.51293   1.55976   1.60066   1.63201   1.65597   1.66747   1.67617   1.66351   
0.013796   0.0117604   0.0104899   0.00948512   0.00838287   0.00750264   0.00732697   0.00744252   0.00759363   0.00786021   0.00812869   0.00847819   0.00878913   0.00915737   0.0095628   0.0100925   0.0108065   0.0125873   0.0140527   0.0186501   0.0208639   0.0243736   0.0287831   0.0346363   0.0421405   0.0519417   0.0627273   0.0769872   
-0.153789   -0.152863   -0.151946   -0.150874   -0.149433   -0.146379   -0.144684   -0.143709   -0.142744   -0.14151   -0.139918   -0.138248   -0.136301   -0.134371   -0.132044   -0.129189   -0.124858   -0.115618   -0.108065   -0.08921   -0.0826403   -0.0757761   -0.0697815   -0.0647907   -0.0614969   -0.0599321   -0.0597494   -0.0614236   

1400000
-10   -9   -8   -7   -6   -5   -4   -3   -2   -1   0   1   2   3   4   5   6   7   8   9   10   11   12   13   14   15   16   17   18   
-0.453899   -0.354733   -0.248825   -0.141102   -0.0352914   0.0619749   0.168794   0.281123   0.393508   0.504383   0.612719   0.72059   0.826206   0.93192   1.03491   1.13467   1.22584   1.28788   1.35773   1.43044   1.45807   1.51321   1.56017   1.60091   1.63258   1.65642   1.66841   1.67699   1.66498   
0.0137699   0.011752   0.0104792   0.0094799   0.00838234   0.00750583   0.00732043   0.00743406   0.00758515   0.0078525   0.00812231   0.00846966   0.00878283   0.00915   0.00955616   0.0100857   0.0108008   0.0125907   0.0140471   0.0153199   0.0186495   0.0208443   0.0243432   0.02876   0.0345826   0.0420895   0.0518289   0.062617   0.0767797   
-0.153792   -0.152861   -0.151945   -0.150872   -0.149424   -0.146369   -0.144693   -0.143721   -0.142756   -0.141516   -0.139925   -0.138263   -0.136314   -0.134389   -0.132065   -0.129211   -0.124885   -0.115606   -0.108083   -0.101483   -0.0892085   -0.0826702   -0.075813   -0.0697962   -0.0648153   -0.0615036   -0.0599288   -0.0597329   -0.0613686   

1405000
-10   -9   -8   -7   -6   -5   -4   -3   -2   -1   0   1   2   3   4   5   6   7   8   10   11   12   13   14   15   16   17   18   
-0.454026   -0.354751   -0.248857   -0.141113   -0.035316   0.0619494   0.168831   0.281173   0.393559   0.504396   0.612739   0.720651   0.826263   0.932002   1.03501   1.13477   1.22597   1.28779   1.35783   1.45807   1.51349   1.56058   1.60115   1.63314   1.65686   1.66935   1.6778   1.66641   
0.0137443   0.0117439   0.0104685   0.00947482   0.00838328   0.00750944   0.00731399   0.00742569   0.00757678   0.00784491   0.00811599   0.00846126   0.00877661   0.00914277   0.00954964   0.010079   0.0107953   0.0125946   0.0140416   0.0186483   0.020825   0.0243131   0.0287388   0.0345292   0.04204   0.0517199   0.0625142   0.0765734   
-0.153797   -0.15286   -0.151943   -0.15087   -0.149413   -0.14636   -0.144701   -0.143732   -0.142767   -0.141521   -0.139931   -0.138277   -0.136327   -0.134406   -0.132085   -0.129232   -0.124912   -0.115594   -0.1081   -0.089207   -0.0826995   -0.0758491   -0.0698112   -0.0648397   -0.0615101   -0.0599266   -0.0597183   -0.0613152   

1410000
-10   -9   -8   -7   -6   -5   -4   -3   -2   -1   0   1   2   3   4   5   6   7   10   11   12   13   14   15   16   17   18   
-0.454147   -0.354768   -0.248889   -0.141124   -0.0353354   0.0619245   0.168868   0.281222   0.39361   0.504408   0.61276   0.720709   0.826319   0.932082   1.03511   1.13487   1.2261   1.2877   1.45808   1.51376   1.56098   1.60137   1.6337   1.65729   1.67026   1.67858   1.6678   
0.013719   0.0117361   0.0104581   0.00946987   0.00838603   0.0075137   0.00730764   0.00741743   0.00756852   0.00783743   0.00810972   0.00845301   0.00877049   0.00913565   0.00954326   0.0100726   0.01079   0.0125987   0.0186471   0.0208059   0.0242833   0.0287174   0.034477   0.0419921   0.0516103   0.0624091   0.0763788   
-0.153802   -0.152859   -0.151941   -0.150867   -0.149403   -0.14635   -0.144709   -0.143743   -0.142779   -0.141527   -0.139938   -0.138291   -0.13634   -0.134424   -0.132105   -0.129253   -0.124937   -0.11558   -0.0892055   -0.0827285   -0.0758845   -0.0698247   -0.0648647   -0.0615163   -0.0599238   -0.059703   -0.0612651   

1415000
-10   -9   -8   -7   -6   -5   -4   -3   -2   1   2   3   4   5   6   7   11   12   13   14   15   16   17   18   
-0.454263   -0.354783   -0.248921   -0.141135   -0.0353578   0.0619003   0.168904   0.28127   0.393659   0.720767   0.826375   0.93216   1.03521   1.13497   1.22621   1.2876   1.51403   1.56137   1.60159   1.63425   1.6577   1.67116   1.67934   1.66913   
0.0136941   0.0117287   0.0104477   0.009465   0.00838879   0.00751865   0.0073014   0.00740926   0.00756038   0.00844491   0.00876445   0.00912867   0.00953701   0.0100663   0.0107851   0.0126031   0.0207871   0.024254   0.0286968   0.0344245   0.0419462   0.0515042   0.0623102   0.0761962   
-0.153807   -0.152857   -0.15194   -0.150864   -0.149391   -0.146339   -0.144717   -0.143754   -0.14279   -0.138304   -0.136353   -0.134441   -0.132124   -0.129273   -0.124961   -0.115565   -0.082757   -0.0759192   -0.0698375   -0.0648891   -0.0615224   -0.0599218   -0.0596893   -0.0612186   

1420000
-10   -9   -8   -7   -6   -5   -4   -3   -2   0   1   2   3   4   5   6   7   11   12   13   14   15   16   17   18   
-0.454373   -0.354795   -0.248952   -0.141148   -0.0353845   0.0618762   0.16894   0.281317   0.393707   0.612851   0.720822   0.82643   0.932237   1.0353   1.13507   1.22633   1.28749   1.51429   1.56175   1.6018   1.63481   1.65809   1.67204   1.68008   1.67037   
0.0136695   0.0117217   0.0104375   0.00946019   0.00839124   0.00752419   0.00729531   0.00740122   0.00755235   0.00809485   0.00843694   0.00875849   0.0091218   0.00953089   0.0100602   0.0107804   0.0126078   0.0207685   0.0242247   0.0286779   0.034373   0.0419022   0.0514002   0.0622157   0.0760214   
-0.153813   -0.152856   -0.151938   -0.150861   -0.149379   -0.146328   -0.144724   -0.143765   -0.142801   -0.13996   -0.138317   -0.136366   -0.134457   -0.132144   -0.129293   -0.124985   -0.11555   -0.0827851   -0.0759533   -0.0698505   -0.0649138   -0.0615282   -0.0599202   -0.0596767   -0.0611752   

1425000
-10   -9   -8   -7   -6   -5   -4   -3   -2   -1   0   1   2   3   4   5   6   7   9   10   11   12   13   14   15   16   17   18   
-0.454479   -0.354805   -0.248984   -0.141161   -0.035396   0.0618517   0.168975   0.281364   0.393755   0.50446   0.61292   0.720877   0.826485   0.932313   1.03539   1.13516   1.22643   1.28738   1.43139   1.4581   1.51455   1.56214   1.602   1.63536   1.65846   1.6729   1.6808   1.67156   
0.0136454   0.011715   0.0104274   0.00945549   0.00839757   0.00753027   0.00728935   0.00739327   0.00754443   0.00781481   0.00808631   0.00842911   0.00875259   0.00911505   0.0095249   0.0100542   0.010776   0.0126127   0.0152706   0.0186435   0.0207502   0.0241965   0.0286591   0.0343214   0.041859   0.0512985   0.0621247   0.0758564   
-0.153819   -0.152855   -0.151936   -0.150858   -0.149367   -0.146317   -0.144732   -0.143776   -0.142812   -0.141545   -0.139975   -0.13833   -0.136378   -0.134474   -0.132162   -0.129312   -0.125007   -0.115534   -0.10163   -0.0892021   -0.0828129   -0.0759877   -0.0698621   -0.0649382   -0.0615332   -0.0599189   -0.0596649   -0.0611351   

1430000
-10   -9   -8   -7   -6   -5   -4   -3   -2   -1   0   1   2   3   4   5   6   9   11   12   13   14   15   16   17   18   
-0.45458   -0.354812   -0.249015   -0.141176   -0.0353874   0.0618173   0.16901   0.281409   0.393801   0.504521   0.612987   0.72093   0.826539   0.932387   1.03548   1.13525   1.22653   1.43156   1.51481   1.56252   1.60219   1.63591   1.65882   1.67373   1.68149   1.67272   
0.0136216   0.0117087   0.0104174   0.0094509   0.00840879   0.00753471   0.00728349   0.00738542   0.00753662   0.0078054   0.00807788   0.0084214   0.00874677   0.00910842   0.00951904   0.0100484   0.0107719   0.0152613   0.0207321   0.0241684   0.0286415   0.0342705   0.0418193   0.0511986   0.0620368   0.0756956   
-0.153825   -0.152855   -0.151934   -0.150855   -0.149354   -0.146306   -0.144739   -0.143786   -0.142823   -0.141559   -0.13999   -0.138343   -0.136391   -0.13449   -0.132181   -0.129331   -0.125028   -0.101657   -0.0828402   -0.0760214   -0.0698732   -0.0649629   -0.0615386   -0.0599177   -0.0596538   -0.0610961   

1435000
-10   -9   -8   -7   -6   -5   -4   -3   -2   -1   0   1   2   3   4   5   6   7   9   10   11   12   13   14   15   16   17   18   
-0.454677   -0.354817   -0.249046   -0.14119   -0.0353498   0.0617732   0.169043   0.281454   0.393847   0.504581   0.613054   0.720981   0.826594   0.932459   1.03557   1.13533   1.22662   1.28717   1.43172   1.45828   1.51506   1.56289   1.60236   1.63645   1.65915   1.67455   1.68216   1.67387   
0.0135981   0.0117029   0.0104076   0.00944645   0.00842687   0.00753751   0.00727772   0.00737766   0.00752893   0.00779612   0.00806955   0.00841382   0.00874104   0.0091019   0.00951332   0.0100428   0.0107682   0.0126222   0.0152524   0.0186326   0.0207143   0.0241405   0.0286247   0.0342192   0.0417806   0.0511012   0.0619512   0.0755356   
-0.153832   -0.152854   -0.151932   -0.150852   -0.14934   -0.146294   -0.144746   -0.143796   -0.142833   -0.141573   -0.140005   -0.138356   -0.136403   -0.134506   -0.132199   -0.12935   -0.125048   -0.115503   -0.101682   -0.0892233   -0.0828671   -0.0760547   -0.0698836   -0.0649868   -0.0615433   -0.059917   -0.059643   -0.0610575   

1440000
-10   -9   -8   -7   -6   -5   -4   -3   -2   -1   0   1   3   4   5   6   7   9   10   11   12   13   14   15   16   17   18   
-0.454769   -0.35482   -0.249077   -0.141205   -0.0352291   0.0617287   0.169076   0.281499   0.393891   0.504641   0.613119   0.721032   0.93253   1.03566   1.13542   1.22671   1.28716   1.43188   1.4584   1.51531   1.56326   1.60253   1.63698   1.65947   1.67535   1.68282   1.67502   
0.013575   0.0116974   0.0103979   0.00944211   0.00846358   0.00754082   0.00727205   0.00736998   0.00752134   0.00778697   0.00806132   0.00840637   0.00909549   0.00950772   0.0100373   0.0107647   0.0126227   0.0152438   0.0186262   0.0206967   0.024113   0.0286079   0.0341681   0.0417436   0.0510075   0.0618655   0.0753807   
-0.153839   -0.152853   -0.15193   -0.150848   -0.149324   -0.146282   -0.144753   -0.143807   -0.142843   -0.141587   -0.14002   -0.138368   -0.134521   -0.132217   -0.129368   -0.125066   -0.115503   -0.101707   -0.0892367   -0.0828937   -0.0760878   -0.0698925   -0.0650107   -0.0615474   -0.0599172   -0.0596321   -0.06102   

1445000
-10   -9   -8   -7   -6   -5   -4   -3   -2   -1   0   1   3   4   5   6   9   10   11   12   13   14   15   16   17   18   
-0.454858   -0.35482   -0.249108   -0.141221   -0.0350961   0.061684   0.169109   0.281542   0.393935   0.504699   0.613183   0.72108   0.9326   1.03574   1.1355   1.22678   1.43203   1.45852   1.51556   1.56362   1.60268   1.63752   1.65976   1.67614   1.68347   1.67613   
0.0135522   0.0116924   0.0103883   0.00943789   0.00849373   0.00754466   0.00726646   0.0073624   0.00751387   0.00777793   0.00805319   0.00839906   0.00908919   0.00950225   0.0100319   0.0107618   0.0152355   0.0186199   0.0206794   0.0240858   0.0285925   0.0341182   0.041709   0.0509152   0.0617848   0.0752245   
-0.153847   -0.152852   -0.151928   -0.150845   -0.149318   -0.146269   -0.14476   -0.143817   -0.142853   -0.141601   -0.140034   -0.13838   -0.134537   -0.132235   -0.129385   -0.125083   -0.101731   -0.0892502   -0.0829199   -0.0761203   -0.069901   -0.0650351   -0.0615513   -0.0599178   -0.0596224   -0.0609824   

1450000
-10   -9   -8   -7   -6   -5   -4   -3   -2   -1   0   1   3   4   5   6   8   9   10   11   12   13   14   15   16   17   18   
-0.454942   -0.354818   -0.249139   -0.141237   -0.0349535   0.0616394   0.16914   0.281585   0.393977   0.504755   0.613246   0.721128   0.932668   1.03583   1.13558   1.22685   1.3588   1.43217   1.45863   1.5158   1.56398   1.60283   1.63806   1.66004   1.67694   1.6841   1.67724   
0.0135298   0.0116879   0.0103788   0.00943378   0.00851986   0.00754901   0.00726097   0.00735491   0.00750651   0.00776902   0.00804515   0.00839187   0.00908302   0.00949691   0.0100267   0.0107593   0.0139897   0.0152275   0.0186136   0.0206623   0.024059   0.0285777   0.0340686   0.041677   0.0508229   0.0617008   0.075068   
-0.153855   -0.152852   -0.151926   -0.150841   -0.149317   -0.146256   -0.144767   -0.143826   -0.142863   -0.141614   -0.140048   -0.138391   -0.134552   -0.132252   -0.129402   -0.125098   -0.108266   -0.101753   -0.0892637   -0.0829457   -0.0761524   -0.0699086   -0.0650595   -0.0615551   -0.0599186   -0.0596116   -0.0609448   

1455000
-10   -9   -8   -7   -6   -5   -4   -3   -2   -1   0   1   3   4   5   6   8   9   10   11   12   13   14   15   16   17   18   
-0.455022   -0.354814   -0.249169   -0.141255   -0.0348299   0.0615957   0.169172   0.281627   0.394019   0.504811   0.613308   0.721174   0.932735   1.03591   1.13566   1.2269   1.359   1.4323   1.45874   1.51604   1.56434   1.60296   1.63859   1.6603   1.67773   1.68473   1.67834   
0.0135076   0.0116837   0.0103694   0.00942979   0.00854262   0.00755395   0.00725556   0.0073475   0.00749925   0.00776023   0.00803721   0.0083848   0.00907693   0.00949169   0.0100217   0.0107571   0.0139789   0.01522   0.018607   0.0206454   0.0240325   0.0285644   0.0340191   0.0416464   0.0507308   0.0616206   0.0749147   
-0.153863   -0.152851   -0.151924   -0.150837   -0.149316   -0.146243   -0.144774   -0.143836   -0.142873   -0.141627   -0.140062   -0.138403   -0.134567   -0.132269   -0.129419   -0.125112   -0.108301   -0.101775   -0.0892763   -0.0829712   -0.0761841   -0.0699156   -0.0650835   -0.0615581   -0.0599191   -0.0596015   -0.060908   

1460000
-10   -9   -8   -7   -6   -5   -4   -3   -2   -1   0   1   2   3   4   5   6   7   8   9   10   11   12   13   14   15   16   17   18   
-0.455102   -0.354806   -0.2492   -0.141272   -0.0347299   0.0615544   0.169202   0.281668   0.39406   0.504866   0.613368   0.721218   0.826907   0.932801   1.03599   1.13573   1.22695   1.2871   1.3592   1.43243   1.45885   1.51627   1.56468   1.60307   1.63911   1.66053   1.67851   1.68534   1.67945   
0.0134855   0.0116801   0.0103602   0.00942592   0.00856089   0.00755974   0.00725024   0.00734018   0.00749213   0.00775155   0.00802937   0.00837788   0.00871095   0.00907095   0.00948661   0.0100167   0.0107553   0.0126237   0.0139684   0.0152127   0.0186005   0.0206288   0.0240066   0.0285516   0.0339702   0.0416199   0.0506389   0.0615412   0.0747635   
-0.153872   -0.15285   -0.151922   -0.150833   -0.149315   -0.14623   -0.14478   -0.143846   -0.142882   -0.14164   -0.140075   -0.138414   -0.136472   -0.134581   -0.132286   -0.129435   -0.125124   -0.115502   -0.108334   -0.101795   -0.0892887   -0.0829961   -0.0762151   -0.0699211   -0.0651075   -0.0615613   -0.0599195   -0.0595913   -0.0608714   

1465000
-10   -9   -8   -7   -5   -4   -3   -2   -1   0   1   2   3   4   5   6   7   8   9   10   11   12   14   15   16   17   18   
-0.455179   -0.354796   -0.249231   -0.14129   0.0615154   0.169232   0.281708   0.394099   0.504919   0.613428   0.721261   0.827013   0.932866   1.03607   1.13581   1.22699   1.28708   1.3594   1.43255   1.45896   1.5165   1.56502   1.63963   1.66074   1.67929   1.68594   1.68054   
0.0134634   0.011677   0.0103511   0.00942215   0.00756616   0.007245   0.00733295   0.00748513   0.00774298   0.00802161   0.00837109   0.00870279   0.00906505   0.00948165   0.0100119   0.0107539   0.0126235   0.013958   0.0152057   0.0185941   0.0206127   0.0239812   0.0339224   0.041595   0.0505484   0.0614652   0.0746098   
-0.15388   -0.15285   -0.151919   -0.150829   -0.146216   -0.144787   -0.143855   -0.142891   -0.141653   -0.140089   -0.138424   -0.136493   -0.134596   -0.132302   -0.129452   -0.125135   -0.115501   -0.108368   -0.101815   -0.089301   -0.0830202   -0.0762456   -0.0651316   -0.0615633   -0.0599203   -0.0595818   -0.0608346   

1470000
-10   -9   -8   -7   -6   -5   -4   -3   -2   -1   0   1   2   3   4   5   6   7   8   9   10   11   12   14   15   16   17   18   
-0.455253   -0.354784   -0.249261   -0.141309   -0.0346199   0.0615037   0.169261   0.281748   0.394137   0.504972   0.613486   0.721303   0.827116   0.93293   1.03615   1.13588   1.22703   1.28706   1.35959   1.43266   1.45906   1.51672   1.56536   1.64014   1.66092   1.68006   1.68653   1.68163   
0.0134417   0.0116744   0.0103421   0.00941848   0.00857938   0.00757202   0.00723984   0.00732581   0.00747825   0.00773453   0.00801394   0.00836442   0.00869472   0.00905923   0.00947677   0.0100071   0.0107528   0.0126234   0.0139479   0.0151993   0.0185877   0.0205968   0.0239558   0.0338742   0.0415721   0.050458   0.0613911   0.0744583   
-0.15389   -0.152849   -0.151917   -0.150824   -0.149313   -0.146208   -0.144793   -0.143864   -0.1429   -0.141665   -0.140102   -0.138435   -0.136514   -0.13461   -0.132318   -0.129467   -0.125144   -0.1155   -0.1084   -0.101833   -0.0893135   -0.0830439   -0.0762753   -0.0651548   -0.0615648   -0.0599208   -0.0595726   -0.0607981   

1475000
-10   -9   -8   -7   -6   -5   -4   -3   -2   -1   0   1   2   3   4   5   6   7   8   9   10   11   12   13   14   15   16   17   18   
-0.455324   -0.354768   -0.249292   -0.141329   -0.0345984   0.0615258   0.16929   0.281787   0.394175   0.505023   0.613544   0.721343   0.827219   0.932993   1.03622   1.13595   1.22706   1.28704   1.35979   1.43277   1.45917   1.51694   1.56568   1.60363   1.64066   1.66108   1.68083   1.68709   1.68271   
0.0134202   0.0116723   0.0103332   0.00941493   0.00858203   0.00757699   0.00723476   0.00731874   0.00747148   0.00772618   0.00800637   0.00835787   0.00868675   0.0090535   0.00947202   0.0100024   0.010752   0.0126234   0.0139379   0.0151932   0.0185814   0.0205811   0.0239315   0.0284986   0.0338277   0.0415516   0.0503673   0.0613126   0.0743061   
-0.153899   -0.152849   -0.151915   -0.15082   -0.149311   -0.146206   -0.144799   -0.143873   -0.142909   -0.141677   -0.140115   -0.138445   -0.136534   -0.134624   -0.132334   -0.129483   -0.125153   -0.115499   -0.108433   -0.101849   -0.0893258   -0.0830672   -0.0763049   -0.069954   -0.0651791   -0.061566   -0.0599211   -0.0595621   -0.0607615   

1480000
-10   -9   -8   -7   -5   -4   -3   -2   -1   0   1   2   3   4   5   6   7   8   9   10   11   12   13   14   15   16   17   18   
-0.455391   -0.354749   -0.249323   -0.141349   0.0615327   0.169317   0.281826   0.394211   0.505074   0.6136   0.721382   0.82732   0.933055   1.0363   1.13602   1.22708   1.28702   1.35997   1.43286   1.45927   1.51716   1.56601   1.60417   1.64116   1.66122   1.6816   1.68766   1.68382   
0.013399   0.0116707   0.0103244   0.00941148   0.00757879   0.00722976   0.00731176   0.00746483   0.00771794   0.00799888   0.00835144   0.0086789   0.00904781   0.00946735   0.00999781   0.0107515   0.0126235   0.013928   0.0151875   0.0185752   0.0205656   0.0239075   0.0284556   0.0337797   0.0415336   0.0502772   0.0612417   0.0741549   
-0.153909   -0.152849   -0.151912   -0.150815   -0.146203   -0.144805   -0.143882   -0.142918   -0.141689   -0.140128   -0.138455   -0.136555   -0.134638   -0.13235   -0.129499   -0.12516   -0.115497   -0.108464   -0.101865   -0.089338   -0.0830902   -0.0763337   -0.0699913   -0.0652014   -0.0615668   -0.0599214   -0.0595535   -0.0607252   

1485000
-10   -9   -8   -7   -6   -5   -4   -3   -2   -1   0   1   2   3   4   5   6   7   8   9   10   11   12   13   14   15   16   17   18   
-0.455455   -0.354727   -0.249354   -0.14137   -0.0345595   0.0615382   0.169345   0.281863   0.394247   0.505123   0.613656   0.72142   0.82742   0.933118   1.03637   1.13609   1.2271   1.28699   1.36016   1.43296   1.45938   1.51737   1.56632   1.60469   1.64166   1.66134   1.68236   1.68821   1.68492   
0.0133781   0.0116698   0.0103157   0.00940814   0.00858837   0.00758054   0.00722482   0.00730487   0.00745829   0.0077098   0.00799148   0.00834512   0.00867114   0.0090422   0.00946278   0.0099932   0.0107511   0.0126237   0.0139183   0.0151819   0.0185692   0.0205502   0.0238839   0.0284133   0.0337334   0.041517   0.0501876   0.0611717   0.074004   
-0.153918   -0.152848   -0.151909   -0.15081   -0.149306   -0.146201   -0.144811   -0.143891   -0.142926   -0.141701   -0.14014   -0.138465   -0.136575   -0.134652   -0.132365   -0.129515   -0.125167   -0.115495   -0.108495   -0.10188   -0.0893499   -0.0831131   -0.0763624   -0.0700281   -0.0652247   -0.0615664   -0.0599219   -0.0595447   -0.0606891   

1490000
-10   -9   -8   -7   -6   -5   -4   -3   -2   -1   0   1   2   3   4   5   6   7   8   9   10   11   12   13   14   15   16   17   18   
-0.455516   -0.354702   -0.249385   -0.14139   -0.0345495   0.0615444   0.169371   0.2819   0.394281   0.505172   0.61371   0.721456   0.827519   0.933179   1.03645   1.13617   1.22712   1.28696   1.36034   1.43305   1.45948   1.51758   1.56664   1.60521   1.64215   1.66145   1.68312   1.68875   1.68602   
0.0133575   0.0116694   0.0103072   0.00940499   0.00859037   0.00758273   0.00721996   0.00729806   0.00745187   0.00770177   0.00798416   0.00833891   0.00866348   0.00903661   0.0094583   0.00998859   0.0107507   0.012624   0.0139089   0.0151764   0.0185633   0.0205351   0.0238601   0.0283716   0.0336874   0.0415037   0.0500972   0.061103   0.0738492   
-0.153929   -0.152848   -0.151907   -0.150805   -0.149303   -0.146198   -0.144817   -0.143899   -0.142934   -0.141712   -0.140153   -0.138475   -0.136595   -0.134666   -0.132381   -0.12953   -0.125174   -0.115493   -0.108526   -0.101895   -0.0893615   -0.0831356   -0.0763903   -0.0700645   -0.0652477   -0.0615669   -0.0599218   -0.059536   -0.0606523   

1495000
-10   -9   -8   -7   -5   -4   -3   -2   -1   0   1   2   3   4   5   6   7   8   9   10   11   12   13   14   15   16   17   18   
-0.455575   -0.354673   -0.249416   -0.141411   0.0615512   0.169397   0.281937   0.394315   0.505219   0.613763   0.721492   0.827617   0.933241   1.03652   1.13624   1.22714   1.28693   1.36052   1.43314   1.45958   1.51779   1.56695   1.60572   1.64264   1.66153   1.68389   1.68927   1.68712   
0.0133371   0.0116696   0.0102987   0.00940204   0.00758537   0.00721519   0.00729132   0.00744557   0.00769384   0.00797693   0.00833281   0.00865592   0.00903108   0.00945387   0.00998397   0.0107502   0.0126245   0.0138995   0.0151711   0.0185576   0.0205201   0.0238369   0.0283302   0.0336417   0.0414919   0.0500096   0.0610369   0.0736992   
-0.153939   -0.152848   -0.151904   -0.1508   -0.146195   -0.144823   -0.143908   -0.142942   -0.141724   -0.140165   -0.138484   -0.136614   -0.13468   -0.132396   -0.129546   -0.125182   -0.11549   -0.108556   -0.10191   -0.0893728   -0.0831578   -0.0764181   -0.0701003   -0.0652697   -0.0615664   -0.0599229   -0.0595276   -0.0606164   

1500000
-10   -9   -8   -7   -5   -4   -3   -2   -1   0   1   2   3   4   5   6   7   8   9   10   11   12   13   14   15   16   17   18   
-0.455631   -0.354642   -0.249447   -0.141432   0.0615588   0.169421   0.281973   0.394347   0.505265   0.613816   0.721527   0.827714   0.933302   1.03659   1.13631   1.22717   1.28689   1.36069   1.43323   1.45967   1.51799   1.56725   1.60622   1.64312   1.66159   1.68464   1.68977   1.68819   
0.013317   0.0116705   0.0102904   0.00939919   0.00758846   0.00721028   0.00728467   0.00743942   0.00768601   0.00796978   0.00832682   0.00864846   0.00902559   0.00944952   0.00997932   0.0107496   0.0126252   0.0138903   0.0151658   0.0185521   0.0205054   0.0238139   0.0282896   0.0335974   0.0414817   0.0499196   0.0609709   0.073548   
-0.153949   -0.152847   -0.151901   -0.150795   -0.146192   -0.144828   -0.143916   -0.14295   -0.141735   -0.140177   -0.138493   -0.136634   -0.134693   -0.132412   -0.129562   -0.125191   -0.115486   -0.108586   -0.101924   -0.089384   -0.0831796   -0.0764457   -0.0701361   -0.0652926   -0.0615653   -0.0599229   -0.059519   -0.0605807   

