5000
-10   -9   -8   -7   -6   -5   -4   -3   -2   -1   0   1   2   3   4   5   6   7   8   9   10   11   12   13   14   15   16   17   18   
-0.415711   -0.38763   -0.362749   -0.340905   -0.319852   -0.291704   -0.24967   -0.195598   -0.134206   -0.0683587   2.53406e-08   0.0683674   0.134234   0.195659   0.249795   0.291939   0.320231   0.341466   0.363496   0.388564   0.416807   0.447874   0.481438   0.5169   0.553577   0.591257   0.629659   0.668394   0.707164   
0.116399   0.102935   0.0898793   0.077647   0.066992   0.0588934   0.0536234   0.0504398   0.048629   0.0477058   0.0474241   0.0477054   0.0486278   0.0504363   0.0536159   0.0588797   0.0669703   0.0776176   0.0898486   0.102907   0.116386   0.130057   0.143854   0.157808   0.172027   0.186461   0.201129   0.216006   0.231116   
0.0213484   0.0141772   0.00665365   -0.00110588   -0.00808191   -0.0123132   -0.0129182   -0.0110244   -0.00781144   -0.00399605   -4.18291e-09   0.00399467   0.00780748   0.0110166   0.0129027   0.0122826   0.00802552   0.0010093   -0.00679195   -0.0143557   -0.0215621   -0.0285512   -0.0355125   -0.0425443   -0.0496873   -0.0570201   -0.0645802   -0.0723658   -0.0803743   

10000
-10   -9   -8   -7   -6   -5   -4   -3   -2   -1   0   1   2   3   4   5   6   7   8   9   10   11   12   13   14   15   16   17   18   
-0.413813   -0.381996   -0.352397   -0.325916   -0.302964   -0.279072   -0.242055   -0.189621   -0.128864   -0.0648018   1.06448e-06   0.064811   0.128894   0.1897   0.24222   0.279376   0.303443   0.326608   0.353302   0.383117   0.415121   0.448806   0.484126   0.52066   0.558254   0.623254   0.699945   0.751398   0.800709   
0.110287   0.0958189   0.0818316   0.0686013   0.0565417   0.0467001   0.0402824   0.0366965   0.0347382   0.0337806   0.0334967   0.0337801   0.0347364   0.0366922   0.040273   0.0466821   0.0565175   0.0685701   0.081796   0.0957854   0.110264   0.125024   0.139965   0.155009   0.170198   0.192708   0.216902   0.234827   0.254981   
0.0297519   0.0229251   0.0155548   0.00736217   -0.00155918   -0.00939335   -0.0129596   -0.012336   -0.00930796   -0.00499375   -1.99691e-07   0.00499233   0.00930377   0.0123253   0.0129376   0.00934882   0.00147361   -0.00749776   -0.0157363   -0.0231497   -0.0300145   -0.0366049   -0.0431819   -0.0498555   -0.056732   -0.0708816   -0.0850198   -0.0917118   -0.0976695   

15000
-10   -9   -6   -5   -4   -3   -2   -1   0   1   2   3   4   5   6   9   10   11   12   13   14   15   16   18   
-0.416681   -0.383132   -0.550572   -0.270827   -0.237062   -0.185596   -0.124694   -0.0617326   1.06662e-08   0.0617425   0.124727   0.185683   0.23725   0.271172   0.554436   0.384353   0.418106   0.48034   0.574104   0.628105   0.675835   0.713136   0.446224   0.826011   
0.108611   0.0937058   0.0673006   0.0421924   0.0348184   0.030837   0.0287496   0.0277314   0.0274314   0.0277308   0.0287475   0.0308323   0.0348078   0.0421741   0.0673683   0.0936712   0.108587   0.128857   0.154936   0.173835   0.192324   0.208092   0.158646   0.25853   
0.0342968   0.0277238   0.0386123   -0.00613663   -0.0119941   -0.0126912   -0.0101464   -0.00565976   -1.58655e-09   0.00565824   0.0101417   0.0126794   0.0119687   0.00608089   -0.0386915   -0.0279722   -0.0345858   -0.0479693   -0.0645701   -0.0693224   -0.0724991   -0.0748867   -0.0328377   -0.0862053   

20000
-10   -9   -7   -6   -5   -4   -3   -2   -1   0   1   2   3   4   5   6   7   9   10   11   12   13   14   15   16   18   
-0.536711   -0.473969   -0.676328   -0.6508   -0.576141   -0.233148   -0.182578   -0.121281   -0.0588439   3.21906e-08   0.0588544   0.121318   0.182672   0.233357   0.576166   0.650822   0.678013   0.475316   0.259943   0.591226   0.632992   0.374257   0.403512   0.433033   0.761986   0.511163   
0.12514   0.105181   0.073421   0.0539287   0.0439862   0.0318272   0.0274565   0.0252466   0.0241683   0.0238492   0.024168   0.0252445   0.0274519   0.0318156   0.0439841   0.0539288   0.073326   0.10521   0.0826727   0.144308   0.161785   0.121333   0.133525   0.146267   0.224056   0.1846   
0.057888   0.0504241   0.0123802   0.00732011   0.0237927   -0.0107582   -0.012676   -0.0106861   -0.00620954   -6.35976e-09   0.00620792   0.0106809   0.0126635   0.0107292   -0.0237956   -0.00732672   -0.0120113   -0.0507155   -0.014037   -0.0611214   -0.0619364   -0.0216366   -0.0237813   -0.026399   -0.0707386   -0.0367288   

25000
-10   -9   -8   -7   -6   -5   -4   -3   -2   -1   0   1   2   3   4   5   6   7   8   9   10   11   12   13   14   
-0.593534   -0.543202   -0.669577   -0.703633   -0.656182   -0.578536   -0.229816   -0.180129   -0.118385   -0.0561459   2.41603e-07   0.0561571   0.118424   0.180231   0.230041   0.578543   0.656186   0.70369   0.681062   0.54422   0.300819   0.620854   0.659228   0.678353   0.719707   
0.130286   0.111532   0.0902708   0.0641908   0.0457681   0.0351474   0.0299682   0.0252241   0.0228938   0.0217634   0.0214226   0.0217631   0.0228917   0.0252187   0.029956   0.0351464   0.0457682   0.0641941   0.0897399   0.111535   0.0857747   0.145236   0.162821   0.176547   0.195875   
0.0561777   0.0545287   0.0180516   -0.00214825   -0.00421711   0.00608067   -0.00946181   -0.0124846   -0.0110543   -0.00668413   -4.39984e-08   0.0066824   0.0110487   0.0124709   0.00942965   -0.00608108   0.00421616   0.00213237   -0.0157531   -0.0547266   -0.0148853   -0.0550655   -0.0554335   -0.0564998   -0.0583641   

30000
-10   -9   -8   -7   -6   -5   -4   -3   -2   -1   0   1   2   3   4   5   6   7   8   9   10   11   12   16   17   
-0.611681   -0.578629   -0.700928   -0.713996   -0.653772   -0.569753   -0.481238   -0.178139   -0.115947   -0.0536219   5.04791e-07   0.0536338   0.115989   0.178247   0.481267   0.569753   0.653786   0.717188   0.701144   0.579602   0.612488   0.34609   0.663855   0.766515   0.792772   
0.129131   0.112743   0.083525   0.0579896   0.0410381   0.030718   0.0293985   0.0236325   0.0211833   0.0200049   0.0196427   0.0200046   0.0211812   0.0236269   0.0293956   0.0307175   0.0410373   0.0576094   0.083542   0.112754   0.129117   0.097303   0.160567   0.220162   0.233446   
0.0500112   0.0508076   0.00560089   -0.00841876   -0.00796391   -0.000487443   0.0271849   -0.0121837   -0.0112985   -0.00710241   -8.49322e-08   0.00710056   0.0112926   0.012169   -0.0271877   0.00048743   0.00796245   0.00908033   -0.00563922   -0.0509759   -0.0501812   -0.0133763   -0.050411   -0.0643396   -0.0708212   

35000
-10   -9   -8   -7   -6   -5   -4   -3   -2   -1   0   1   2   3   4   5   6   7   8   9   10   11   12   13   18   
-0.634539   -0.616074   -0.716811   -0.717187   -0.651427   -0.56351   -0.496627   -0.176625   -0.113873   -0.0512499   -5.35867e-08   0.0512622   0.113916   0.17674   0.496627   0.563509   0.651431   0.717225   0.708019   0.326315   0.634971   0.357627   0.380629   0.697551   0.824203   
0.129349   0.114195   0.0788517   0.0539228   0.0379203   0.028003   0.0251223   0.0224438   0.0198735   0.0186492   0.0182676   0.0186491   0.0198714   0.022438   0.0251214   0.0280025   0.0379202   0.0539244   0.0799961   0.0748679   0.129296   0.0970121   0.108556   0.175732   0.246527   
0.0453819   0.0464746   -0.000711534   -0.0110177   -0.00931604   -0.0031568   0.0203686   -0.0117969   -0.0114536   -0.0074759   8.53926e-09   0.00747398   0.0114474   0.0117814   -0.0203688   0.00315691   0.00931532   0.0110097   -0.00161475   -0.0116539   -0.0455547   -0.0113472   -0.0126694   -0.0489245   -0.0765452   

40000
-10   -9   -8   -7   -6   -5   -4   -3   -2   -1   0   1   2   3   4   5   6   7   8   9   10   11   12   18   
-0.646035   -0.62284   -0.728183   -0.720757   -0.649327   -0.558944   -0.493842   -0.175391   -0.112141   -0.0490185   1.24257e-06   0.0490286   0.112187   0.175512   0.49384   0.558943   0.649334   0.72078   0.728372   0.623319   0.349305   0.368698   0.387324   0.822897   
0.127853   0.11186   0.0746439   0.0505482   0.0353785   0.0260583   0.0223317   0.0215238   0.0188343   0.0175646   0.0171644   0.0175643   0.0188321   0.0215178   0.0223311   0.0260579   0.0353783   0.0505493   0.0746544   0.111844   0.0851307   0.0965814   0.107931   0.244942   
0.0406344   0.0413247   -0.00549384   -0.0125354   -0.00986323   -0.00440091   0.0149917   -0.011363   -0.0115354   -0.0078115   -2.05966e-07   0.00780999   0.011529   0.0113467   -0.0149918   0.00440112   0.009862   0.0125307   0.00546482   -0.0414689   -0.00883268   -0.0093562   -0.01096   -0.0767562   

45000
-10   -9   -8   -7   -6   -5   -4   -3   -2   -1   0   1   2   3   4   5   6   7   8   10   11   15   16   
-0.374449   -0.369965   -0.751004   -0.724023   -0.647969   -0.555594   -0.488818   -0.230705   -0.110741   -0.046945   -4.42314e-08   0.0469578   0.110788   0.230712   0.488814   0.555592   0.647969   0.724049   0.75112   0.370768   0.383943   0.455537   0.471144   
0.0870362   0.075132   0.0686859   0.0473619   0.0333744   0.024576   0.0203807   0.0212641   0.0179881   0.0166733   0.0162546   0.0166731   0.0179859   0.0212585   0.0203803   0.0245756   0.0333745   0.0473628   0.0686924   0.0857989   0.0973853   0.142939   0.153742   
0.00802797   0.00872199   -0.0114537   -0.013364   -0.00992956   -0.00494884   0.0113171   -0.000722814   -0.0115537   -0.00811023   7.27573e-09   0.00810824   0.011547   0.000725105   -0.0113166   0.00494906   0.00992963   0.0133587   0.011436   -0.00726914   -0.00788443   -0.019209   -0.0242505   

50000
-8   -7   -6   -5   -4   -3   -2   -1   0   1   2   3   4   5   6   7   8   9   10   12   14   17   
-0.753922   -0.7248   -0.646281   -0.553074   -0.484515   -0.314083   -0.109523   -0.0450661   -2.20739e-08   0.0450771   0.109572   0.314109   0.484509   0.553073   0.646284   0.724825   0.754045   0.368429   0.366231   0.40843   0.73273   0.795942   
0.0665743   0.0453524   0.0318016   0.023374   0.0188886   0.020305   0.0172828   0.015926   0.0154893   0.0159257   0.0172807   0.020302   0.0188883   0.0233736   0.0318015   0.0453531   0.0665805   0.0721862   0.0836696   0.108746   0.189239   0.230577   
-0.0125286   -0.0135677   -0.0098666   -0.00519785   0.00867766   0.0127181   -0.0115339   -0.00836901   3.66708e-09   0.00836736   0.0115271   -0.0127216   -0.00867703   0.00519807   0.00986597   0.0135627   0.0125131   -0.00554042   -0.00552761   -0.00804424   -0.0473418   -0.0683255   

55000
-10   -9   -8   -6   -5   -4   -3   -2   -1   0   1   2   3   4   5   6   8   9   10   11   16   
-0.382522   -0.408349   -0.745645   -0.644831   -0.551334   -0.481027   -0.368277   -0.108436   -0.0433125   1.49161e-06   0.043324   0.108487   0.368271   0.48102   0.551332   0.644835   0.745699   0.649339   0.377735   0.395624   0.474155   
0.0848677   0.0739226   0.0662876   0.0303244   0.022364   0.0177204   0.0187327   0.0166851   0.0152874   0.0148335   0.0152871   0.016683   0.0187313   0.0177202   0.0223637   0.0303242   0.0663024   0.107154   0.0835056   0.0959892   0.152952   
0.00505304   0.00527086   -0.0116195   -0.0096833   -0.00525529   0.00676522   0.0195905   -0.0114874   -0.00859964   -2.39426e-07   0.00859793   0.0114803   -0.0195895   -0.00676448   0.0052556   0.00968254   0.0115955   -0.0305762   -0.004246   -0.0051115   -0.0235999   

60000
-9   -7   -6   -5   -4   -3   -2   -1   0   1   2   3   4   5   6   7   8   9   10   11   17   
-0.425535   -0.730235   -0.643574   -0.54995   -0.478196   -0.388879   -0.107461   -0.0416616   2.83602e-07   0.0416744   0.107513   0.388886   0.47819   0.549949   0.643578   0.73024   0.76013   0.525246   0.399949   0.38566   0.493314   
0.0730413   0.0405859   0.0290815   0.0214971   0.016794   0.0173667   0.0161716   0.0147344   0.0142632   0.0147336   0.0161696   0.0173656   0.0167936   0.0214969   0.0290814   0.0405869   0.0624213   0.058379   0.0840026   0.0937303   0.16389   
0.00358976   -0.0131541   -0.0094496   -0.00522357   0.00543674   0.0207227   -0.0114194   -0.00880708   -4.2851e-08   0.0088052   0.0114121   -0.0207235   -0.00543569   0.00522382   0.0094489   0.013153   0.0141312   0.0157457   -0.00251861   -0.0046906   -0.0289236   

65000
-9   -7   -6   -5   -4   -3   -2   -1   0   1   2   3   4   5   6   7   8   9   13   
-0.662963   -0.728797   -0.642742   -0.548984   -0.476338   -0.396019   -0.106581   -0.040107   1.37549e-06   0.0401202   0.106635   0.396012   0.476332   0.548982   0.642745   0.728816   0.636326   0.498859   0.710598   
0.104033   0.0394489   0.0280928   0.0207482   0.0160304   0.0162768   0.0157258   0.0142491   0.013762   0.0142484   0.0157237   0.0162762   0.0160301   0.020748   0.0280927   0.0394493   0.0324133   0.0591027   0.169382   
0.0245742   -0.0132305   -0.00921608   -0.00513018   0.00451514   0.019978   -0.0113343   -0.00899359   -2.15594e-07   0.00899164   0.0113267   -0.0199769   -0.00451402   0.00513047   0.0092154   0.0132269   0.0225389   0.0129404   -0.0408151   

70000
-10   -8   -7   -5   -4   -3   -2   -1   0   1   2   3   4   5   6   7   8   12   
-0.427424   -0.7669   -0.729194   -0.548337   -0.474811   -0.399202   -0.140064   -0.0386789   -5.49757e-09   0.0386926   0.140057   0.399198   0.474804   0.548335   0.642123   0.729206   0.766977   0.407138   
0.0844341   0.0580546   0.0383429   0.020095   0.015391   0.0153569   0.015458   0.0138202   0.0133168   0.0138194   0.0154557   0.0153561   0.0153907   0.0200947   0.0272408   0.0383436   0.0580607   0.10464   
0.000474092   -0.0152328   -0.013014   -0.00500392   0.00380165   0.0188334   -0.00503592   -0.00915537   1.78175e-09   0.00915335   0.00503899   -0.0188325   -0.0038005   0.00500423   0.00883456   0.0130115   0.0152177   -0.00578093   

75000
-8   -7   -6   -5   -4   -3   -2   -1   0   1   2   3   4   5   6   7   8   9   15   
-0.773674   -0.731987   -0.64156   -0.547863   -0.473522   -0.398616   -0.175681   -0.037335   6.31423e-07   0.0373491   0.17567   0.398608   0.473515   0.547861   0.641563   0.731994   0.777972   0.578181   0.452215   
0.0560644   0.0368787   0.026369   0.0195124   0.0148494   0.0146112   0.0150575   0.0134374   0.012918   0.0134366   0.0150558   0.0146108   0.0148492   0.0195121   0.0263689   0.0368794   0.0555229   0.0494269   0.13829   
-0.0157037   -0.0123287   -0.00877185   -0.00485716   0.0032438   0.0174199   0.00129029   -0.00929966   -9.68372e-08   0.00929759   -0.00128735   -0.0174185   -0.00324255   0.00485747   0.00877121   0.0123274   0.0158155   0.0236197   -0.0188309   

80000
-8   -7   -6   -5   -4   -3   -2   -1   0   1   2   3   4   5   7   8   10   
-0.771655   -0.730175   -0.640886   -0.547395   -0.472393   -0.397341   -0.20678   -0.036071   -7.75021e-08   0.0360856   0.206765   0.397333   0.472386   0.547393   0.730186   0.771719   0.674816   
0.0556625   0.0360636   0.0256645   0.0190031   0.0143852   0.0139654   0.0145497   0.0130933   0.0125583   0.0130926   0.0145484   0.013965   0.014385   0.0190028   0.0360641   0.0556675   0.116933   
-0.0156131   -0.01256   -0.00851633   -0.00469918   0.00279888   0.016083   0.00656557   -0.00942778   1.22033e-08   0.00942564   -0.00656238   -0.0160816   -0.00279758   0.00469945   0.0125578   0.0156003   -0.0249061   

85000
-8   -7   -6   -5   -4   -3   -2   -1   0   1   2   3   4   5   6   7   10   
-0.777608   -0.731439   -0.640375   -0.547253   -0.471393   -0.395812   -0.234125   -0.0348834   1.77911e-06   0.0348976   0.234118   0.395803   0.471386   0.547252   0.640379   0.731451   0.416674   
0.0537898   0.0346949   0.0248908   0.018516   0.0139841   0.0134021   0.0139878   0.0127819   0.0122317   0.0127814   0.013987   0.0134018   0.0139838   0.0185157   0.0248906   0.0346952   0.0794947   
-0.0158894   -0.012028   -0.00832764   -0.00453466   0.00243829   0.0148666   0.0110531   -0.00954087   -2.77084e-07   0.00953877   -0.0110516   -0.0148649   -0.00243696   0.00453501   0.00832686   0.0120257   0.00263258   

90000
-8   -7   -6   -5   -4   -3   -2   -1   0   1   2   3   4   5   6   7   10   
-0.788357   -0.73124   -0.6398   -0.547262   -0.470472   -0.394102   -0.25608   -0.0337651   -1.64252e-07   0.03378   0.256067   0.394091   0.470465   0.54726   0.639804   0.731253   0.432685   
0.0505915   0.0335977   0.0243237   0.0180879   0.0136356   0.0129102   0.0134209   0.012499   0.0119336   0.0124985   0.01342   0.0129099   0.0136354   0.0180877   0.0243236   0.0335977   0.0792377   
-0.0157462   -0.0119086   -0.0080965   -0.0043778   0.00213699   0.0137688   0.0144408   -0.00964036   2.67005e-08   0.00963816   -0.0144385   -0.013767   -0.00213551   0.0043782   0.00809576   0.011906   0.0042464   

95000
-8   -7   -6   -5   -4   -3   -2   -1   0   1   2   3   4   5   6   7   8   9   12   
-0.781349   -0.731594   -0.639472   -0.54705   -0.469716   -0.392158   -0.27231   -0.0327134   -1.98114e-07   0.0327304   0.272298   0.392148   0.469709   0.547048   0.639477   0.731607   0.781402   0.44171   0.409195   
0.0507299   0.0326247   0.0236534   0.0177154   0.0133211   0.0124873   0.0128885   0.0122409   0.0116601   0.0122402   0.0128879   0.012487   0.0133208   0.0177152   0.0236531   0.032625   0.0507339   0.0642536   0.101702   
-0.0158351   -0.0114639   -0.00792577   -0.00421829   0.00192286   0.012819   0.0167456   -0.00972717   3.1933e-08   0.00972464   -0.0167432   -0.0128173   -0.00192155   0.00421865   0.00792486   0.0114615   0.0158226   0.00501716   -0.00437747   

100000
-9   -8   -7   -6   -5   -4   -3   -2   -1   0   1   2   3   4   5   6   7   8   11   
-0.580385   -0.787354   -0.731671   -0.638989   -0.547279   -0.469022   -0.390445   -0.284173   -0.0317245   1.7303e-06   0.0317408   0.284161   0.390435   0.469015   0.547277   0.638993   0.731684   0.787397   0.415985   
0.0449646   0.0481361   0.0317294   0.0232005   0.017342   0.0130419   0.0121085   0.0124026   0.0120038   0.0114082   0.012003   0.0124018   0.0121083   0.0130417   0.0173417   0.0232003   0.0317296   0.0481396   0.0900285   
-0.0237906   -0.0156713   -0.0113559   -0.00765612   -0.00406725   0.00174241   0.0119851   0.0182548   -0.00980224   -2.66599e-07   0.00979987   -0.0182526   -0.0119832   -0.00174102   0.00406749   0.00765543   0.0113534   0.0156614   0.000996806   

105000
-8   -7   -6   -5   -4   -3   -2   -1   0   1   2   3   4   5   6   7   8   9   
-0.786104   -0.732781   -0.639003   -0.547164   -0.468344   -0.388915   -0.291924   -0.0418735   3.98187e-06   0.0418647   0.291912   0.388904   0.468337   0.547162   0.639007   0.73279   0.69534   0.629444   
0.047664   0.0308895   0.0226505   0.0170284   0.0127952   0.011766   0.0119704   0.011804   0.0111754   0.0118032   0.0119701   0.0117658   0.0127949   0.0170281   0.0226504   0.03089   0.0194334   0.0403207   
-0.0156712   -0.0106699   -0.00757786   -0.00391425   0.00158136   0.0112238   0.0190377   -0.00782928   -6.16744e-07   0.00783141   -0.0190356   -0.0112219   -0.00157989   0.00391456   0.00757711   0.0106683   0.0222514   0.0273082   

110000
-8   -7   -6   -5   -3   -2   -1   0   1   2   3   4   5   6   7   8   
-0.79372   -0.732187   -0.638826   -0.54747   -0.387444   -0.296958   -0.0600948   2.77797e-07   0.0600858   0.296947   0.387434   0.467639   0.547467   0.63883   0.732198   0.793764   
0.0452204   0.0303953   0.0221486   0.016708   0.0114602   0.0115839   0.0116086   0.0109591   0.0116079   0.0115837   0.01146   0.0125787   0.0167077   0.0221485   0.0303957   0.0452233   
-0.0152462   -0.010867   -0.0073799   -0.00377472   0.0105662   0.0193519   -0.00445027   -4.09212e-08   0.00445229   -0.01935   -0.0105643   -0.00142881   0.00377522   0.00737905   0.0108648   0.0152369   

115000
-7   -6   -5   -4   -3   -2   -1   0   1   2   3   4   5   6   7   8   11   
-0.732386   -0.638529   -0.547551   -0.467132   -0.386113   -0.299944   -0.0765374   -2.65328e-07   0.0765293   0.299934   0.386103   0.467125   0.547549   0.638533   0.732398   0.791729   0.438943   
0.0297917   0.0218755   0.0164251   0.0123703   0.0111849   0.0112372   0.01139   0.0107579   0.0113894   0.011237   0.0111846   0.0123701   0.0164249   0.0218754   0.0297921   0.0452029   0.0890161   
-0.010773   -0.00715759   -0.00363183   0.00133919   0.0100043   0.019324   -0.00145403   4.22958e-08   0.0014558   -0.0193221   -0.0100023   -0.00133773   0.0036323   0.00715682   0.0107708   0.0153369   0.00429986   

120000
-8   -7   -6   -5   -4   -3   -2   -1   0   1   2   3   4   5   6   7   9   
-0.803917   -0.733237   -0.638778   -0.547641   -0.466595   -0.384878   -0.301962   -0.0918537   -2.68802e-07   0.0918458   0.30195   0.384868   0.466588   0.547638   0.638782   0.733249   0.623317   
0.0423202   0.0288807   0.0214133   0.016177   0.0121863   0.0109333   0.0109181   0.0111629   0.0105701   0.0111627   0.0109178   0.0109331   0.012186   0.0161767   0.0214131   0.028881   0.0372628   
-0.0142774   -0.0103433   -0.00709137   -0.00350685   0.0012498   0.009443   0.01913   0.00128334   4.20165e-08   -0.00128175   -0.0191277   -0.00944111   -0.00124829   0.00350738   0.00709048   0.0103409   0.0274715   

125000
-8   -7   -6   -5   -4   -3   -2   -1   0   1   2   3   4   5   6   7   8   
-0.799962   -0.733074   -0.638833   -0.547934   -0.466056   -0.383772   -0.301707   -0.106289   -5.03826e-07   0.10628   0.301696   0.383762   0.466048   0.547932   0.638838   0.733084   0.799995   
0.0422582   0.0286212   0.0209779   0.0159125   0.0120212   0.0107044   0.0106425   0.0109328   0.0103942   0.0109324   0.0106423   0.0107042   0.0120209   0.0159123   0.0209777   0.0286217   0.0422607   
-0.0146604   -0.0100339   -0.00693455   -0.00337631   0.00116847   0.00902879   0.018606   0.00382466   7.83382e-08   -0.00382297   -0.018604   -0.00902695   -0.00116699   0.00337676   0.00693365   0.0100322   0.0146534   

130000
-8   -7   -6   -5   -4   -3   -2   -1   0   1   2   3   4   5   6   7   8   
-0.797834   -0.733006   -0.638669   -0.547993   -0.465647   -0.382723   -0.301177   -0.120521   2.46052e-06   0.12051   0.301165   0.382713   0.46564   0.547991   0.638673   0.733018   0.797866   
0.0423257   0.0281609   0.0206405   0.0156903   0.01186   0.0104957   0.0103881   0.0107027   0.0102291   0.0107022   0.0103879   0.0104955   0.0118598   0.0156901   0.0206404   0.0281612   0.0423285   
-0.014826   -0.0101365   -0.00672563   -0.00324811   0.00112126   0.00859636   0.018062   0.0063047   -3.73206e-07   -0.00630268   -0.01806   -0.0085943   -0.00111972   0.00324851   0.00672473   0.0101342   0.014819   

135000
-8   -7   -6   -5   -4   -3   -2   -1   0   1   2   3   4   5   6   7   8   
-0.797137   -0.733251   -0.638764   -0.548201   -0.465132   -0.381779   -0.300729   -0.132746   1.00326e-06   0.132737   0.300718   0.381769   0.465124   0.548199   0.638768   0.733262   0.797175   
0.0421952   0.0276599   0.0203557   0.0154755   0.0117242   0.0103017   0.0101465   0.0104732   0.0100738   0.0104729   0.0101462   0.0103016   0.011724   0.0154753   0.0203555   0.0276602   0.0421986   
-0.0148739   -0.0100571   -0.00661039   -0.00313679   0.00105878   0.00824967   0.0175209   0.00839624   -1.49495e-07   -0.0083946   -0.0175188   -0.00824776   -0.00105715   0.00313725   0.00660953   0.010055   0.0148653   

140000
-9   -7   -6   -5   -4   -3   -2   -1   0   1   2   3   4   5   6   7   
-0.643974   -0.733764   -0.639102   -0.548501   -0.464818   -0.380886   -0.29934   -0.144914   8.06994e-08   0.144904   0.299329   0.380875   0.464811   0.548499   0.639107   0.733776   
0.0355382   0.0269816   0.0199818   0.0152547   0.0115813   0.0101254   0.00993453   0.0102501   0.00992739   0.0102497   0.00993413   0.0101252   0.011581   0.0152545   0.0199816   0.0269816   
-0.0274155   -0.00979234   -0.00650296   -0.0030207   0.0010387   0.00790574   0.0169071   0.0104673   -8.88969e-09   -0.0104655   -0.0169051   -0.00790369   -0.00103713   0.00302119   0.00650208   0.00978986   

145000
-8   -7   -6   -5   -4   -3   -2   -1   0   1   2   3   4   5   6   7   10   
-0.806155   -0.734011   -0.639321   -0.548644   -0.464388   -0.380096   -0.298128   -0.154063   -9.50116e-07   0.154055   0.298117   0.380085   0.46438   0.548641   0.639325   0.734023   0.489412   
0.0391389   0.0264881   0.0196266   0.0150635   0.0114624   0.00995914   0.00973371   0.0100371   0.00978919   0.0100367   0.00973349   0.00995889   0.0114622   0.0150633   0.0196265   0.0264883   0.0591745   
-0.0137723   -0.00940767   -0.00634855   -0.00290675   0.00100117   0.00762845   0.0163215   0.0119622   1.47428e-07   -0.0119607   -0.0163196   -0.00762652   -0.000999556   0.00290725   0.00634769   0.00940522   0.0170822   

150000
-8   -7   -6   -5   -4   -3   -2   -1   0   1   2   3   4   5   6   7   8   10   
-0.804913   -0.733824   -0.639377   -0.548624   -0.46411   -0.379309   -0.296765   -0.163095   -1.85808e-06   0.163085   0.296754   0.379298   0.464103   0.548621   0.639381   0.733833   0.804946   0.501695   
0.0390093   0.0262795   0.0193342   0.0149116   0.0113384   0.00980978   0.0095482   0.00983322   0.0096585   0.00983282   0.0095479   0.00980957   0.0113382   0.0149114   0.0193341   0.0262798   0.0390115   0.0554893   
-0.0139769   -0.0093573   -0.00617432   -0.0028097   0.000992759   0.00733738   0.0157455   0.0134352   2.83666e-07   -0.0134334   -0.0157434   -0.00733529   -0.000991174   0.00281021   0.00617348   0.00935576   0.01397   0.018933   

155000
-8   -7   -6   -5   -4   -3   -2   -1   0   1   2   3   4   5   6   7   8   
-0.804217   -0.733922   -0.639132   -0.549015   -0.463712   -0.378655   -0.29543   -0.169679   -4.12882e-07   0.169671   0.295418   0.378644   0.463704   0.549012   0.639136   0.733934   0.804246   
0.0389135   0.0258913   0.0192172   0.0147146   0.011237   0.00966455   0.00937581   0.0096425   0.00953483   0.00964227   0.00937559   0.00966432   0.0112368   0.0147144   0.019217   0.0258913   0.038916   
-0.0140782   -0.00939447   -0.00603303   -0.00271172   0.000967599   0.00712279   0.0151987   0.0144521   6.21872e-08   -0.0144507   -0.0151966   -0.00712081   -0.000965946   0.00271228   0.00603219   0.0093921   0.0140719   

160000
-8   -7   -6   -5   -4   -3   -2   -1   0   1   2   3   4   5   6   7   8   
-0.804399   -0.734142   -0.639747   -0.549266   -0.463492   -0.377957   -0.294076   -0.176532   -2.89495e-07   0.176524   0.294064   0.377947   0.463484   0.549263   0.639751   0.734154   0.804431   
0.0386342   0.0254586   0.0188753   0.0145404   0.0111256   0.00953627   0.00921487   0.00945975   0.00941728   0.00945951   0.00921463   0.00953603   0.0111254   0.0145402   0.0188752   0.0254586   0.0386371   
-0.0140825   -0.00931184   -0.00594456   -0.0026128   0.000972505   0.00687916   0.0146749   0.0155221   4.32654e-08   -0.0155207   -0.0146728   -0.00687729   -0.000970963   0.00261333   0.00594373   0.00930949   0.0140754   

165000
-10   -8   -7   -6   -5   -4   -3   -2   -1   0   1   2   3   4   5   6   7   
-0.477563   -0.806472   -0.734465   -0.640195   -0.549405   -0.463153   -0.377404   -0.292797   -0.181281   -1.09345e-06   0.181274   0.292785   0.377393   0.463145   0.549402   0.640199   0.734476   
0.0643935   0.0377189   0.0249243   0.0185863   0.0143887   0.0110353   0.00940891   0.00906468   0.00929087   0.00930547   0.00929076   0.00906445   0.00940872   0.011035   0.0143885   0.0185861   0.0249243   
-0.0125189   -0.0138827   -0.00911767   -0.00582909   -0.00251802   0.000961652   0.00670608   0.0141843   0.0162029   1.65119e-07   -0.0162018   -0.0141821   -0.00670404   -0.000960017   0.00251861   0.00582823   0.0091154   

170000
-10   -8   -7   -6   -5   -4   -3   -2   -1   0   1   2   3   4   5   6   7   8   9   
-0.526268   -0.812355   -0.734659   -0.640545   -0.549409   -0.462958   -0.376816   -0.29155   -0.186411   -1.01844e-06   0.186402   0.291538   0.376806   0.46295   0.549406   0.640549   0.73467   0.812383   0.655162   
0.0529529   0.0358738   0.0244029   0.0183211   0.0142668   0.0109369   0.00929485   0.00892418   0.00912828   0.00919914   0.00912797   0.00892391   0.00929467   0.0109367   0.0142666   0.018321   0.0244029   0.0358754   0.0321716   
-0.0197728   -0.0128176   -0.0088694   -0.00569566   -0.00243463   0.000972991   0.00651607   0.013737   0.0169551   1.52886e-07   -0.0169536   -0.0137349   -0.00651407   -0.000971346   0.00243526   0.00569478   0.0088671   0.0128118   0.0279437   

175000
-9   -8   -7   -6   -5   -4   -3   -2   -1   0   1   2   3   4   5   6   7   8   
-0.827743   -0.811414   -0.734501   -0.640788   -0.549736   -0.462701   -0.376295   -0.290351   -0.189467   -9.28942e-07   0.189459   0.29034   0.376285   0.462694   0.549733   0.640793   0.734511   0.811444   
0.05485   0.0356965   0.0242071   0.0180892   0.0141078   0.0108524   0.00918639   0.00879167   0.00897923   0.00909783   0.00897887   0.00879145   0.00918618   0.0108522   0.0141076   0.018089   0.0242076   0.0356982   
-0.0163821   -0.0130259   -0.00861063   -0.00555725   -0.00235266   0.000977023   0.00635416   0.013275   0.0173235   1.3883e-07   -0.0173222   -0.0132729   -0.00635212   -0.000975483   0.00235323   0.00555622   0.00860843   0.0130196   

180000
-9   -8   -7   -6   -5   -4   -3   -2   -1   0   1   2   3   4   5   6   7   8   9   
-0.8259   -0.810843   -0.734433   -0.640826   -0.550014   -0.462479   -0.375817   -0.289261   -0.19316   -5.77298e-07   0.193151   0.28925   0.375807   0.462471   0.550012   0.64083   0.734444   0.810873   0.718671   
0.0552563   0.035612   0.0240057   0.0179291   0.0139584   0.0107706   0.00908286   0.00866755   0.0088346   0.00900117   0.00883431   0.00866741   0.00908268   0.0107704   0.0139581   0.017929   0.0240056   0.035614   0.0262998   
-0.0164528   -0.0131513   -0.00857297   -0.00543419   -0.00226851   0.000986623   0.0062116   0.0129115   0.017808   8.57819e-08   -0.0178065   -0.0129095   -0.00620958   -0.000984956   0.00226898   0.00543341   0.00857087   0.0131452   0.0259642   

185000
-9   -8   -7   -6   -5   -4   -3   -2   -1   0   1   2   3   4   5   6   7   8   
-0.711848   -0.81062   -0.734735   -0.640838   -0.550221   -0.462309   -0.375296   -0.288178   -0.194945   -3.09952e-06   0.194937   0.288167   0.375286   0.462301   0.550218   0.640841   0.734746   0.810644   
0.0269533   0.0354687   0.0235909   0.0178226   0.0138225   0.0106887   0.00899234   0.00855041   0.0087029   0.00890859   0.00870258   0.00855021   0.00899211   0.0106885   0.0138223   0.0178225   0.0235909   0.0354708   
-0.0260964   -0.013209   -0.00855622   -0.00535522   -0.00218489   0.00100421   0.00605278   0.0125159   0.0179438   4.64486e-07   -0.0179424   -0.0125138   -0.00605086   -0.00100257   0.0021855   0.00535453   0.00855402   0.0132038   

190000
-9   -8   -7   -6   -5   -4   -3   -2   -1   0   1   2   3   4   5   6   7   8   9   
-0.8173   -0.811135   -0.735049   -0.641421   -0.550349   -0.462058   -0.374922   -0.287204   -0.197076   -8.27044e-07   0.197067   0.287193   0.374912   0.46205   0.550345   0.641425   0.735061   0.811166   0.817437   
0.0559779   0.0350771   0.0232031   0.0175914   0.0137035   0.0106219   0.00889652   0.00843989   0.00857532   0.00882053   0.00857483   0.00843966   0.00889634   0.0106217   0.0137034   0.0175913   0.0232029   0.035079   0.0559867   
-0.0160771   -0.0131595   -0.00846302   -0.00527644   -0.00210562   0.00101254   0.00595097   0.012181   0.0181371   1.229e-07   -0.0181356   -0.0121788   -0.00594891   -0.00101089   0.00210633   0.00527568   0.00846065   0.013153   0.0160496   

195000
-8   -7   -6   -5   -4   -3   -2   -1   0   1   2   3   4   5   6   7   8   
-0.814044   -0.735366   -0.641902   -0.550396   -0.461948   -0.374499   -0.286277   -0.197891   1.33551e-09   0.197882   0.286265   0.374489   0.46194   0.550393   0.641905   0.735378   0.814077   
0.0337816   0.0227946   0.0173854   0.0136031   0.0105438   0.00881212   0.00833492   0.00845791   0.00874015   0.00845767   0.00833469   0.00881192   0.0105436   0.0136028   0.0173853   0.0227945   0.0337814   
-0.0127673   -0.00831451   -0.00519038   -0.00203394   0.0010382   0.00583224   0.0118649   0.0180943   -4.7566e-10   -0.0180927   -0.0118628   -0.00583024   -0.00103656   0.00203458   0.00518971   0.00831212   0.0127607   

200000
-10   -8   -7   -6   -5   -4   -3   -2   -1   0   1   2   3   4   5   6   7   8   9   
-0.602354   -0.818237   -0.735612   -0.642322   -0.550616   -0.461781   -0.37409   -0.285363   -0.198993   2.26848e-08   0.198984   0.285352   0.374079   0.461773   0.550613   0.642326   0.735623   0.818259   0.840056   
0.042124   0.0322696   0.0223953   0.0171896   0.0134829   0.0104773   0.00873408   0.00823716   0.00834395   0.00867006   0.00834361   0.00823697   0.00873389   0.010477   0.0134827   0.0171895   0.0223952   0.0322715   0.0509268   
-0.0271981   -0.011825   -0.00814619   -0.00509472   -0.00196499   0.00105804   0.00571969   0.011538   0.0180942   2.92902e-09   -0.0180927   -0.0115359   -0.00571758   -0.0010563   0.00196563   0.00509396   0.00814385   0.01182   0.0162951   

205000
-9   -8   -7   -6   -5   -4   -3   -2   -1   0   1   2   3   4   5   6   7   8   9   
-0.835289   -0.782059   -0.735741   -0.642703   -0.550886   -0.461595   -0.373774   -0.284583   -0.199005   -1.7237e-08   0.198997   0.284571   0.373763   0.461587   0.550883   0.642706   0.735752   0.816999   0.838889   
0.0517307   0.0486424   0.0220656   0.0170006   0.0133576   0.0104177   0.00865293   0.00814259   0.00823888   0.00859009   0.00823868   0.00814223   0.00865275   0.0104176   0.0133574   0.0170004   0.0220656   0.0323965   0.0507068   
-0.0163085   -0.0157176   -0.00796904   -0.004991   -0.00189413   0.00107597   0.00563988   0.0112808   0.0179065   7.63022e-09   -0.0179051   -0.0112786   -0.00563781   -0.00107425   0.00189473   0.00499026   0.00796667   0.0118282   0.016115   

210000
-10   -9   -8   -7   -6   -5   -4   -3   -2   -1   0   1   2   3   4   5   6   7   8   9   
-0.637245   -0.836127   -0.817001   -0.735611   -0.643037   -0.551103   -0.461516   -0.373407   -0.283821   -0.199268   -8.77483e-10   0.199259   0.283809   0.373396   0.461508   0.5511   0.64304   0.735621   0.817027   0.831623   
0.0374403   0.0509995   0.0319757   0.0219558   0.0168221   0.0132427   0.0103493   0.00858249   0.00805326   0.00813659   0.00850638   0.00813633   0.00805303   0.0085823   0.0103491   0.0132425   0.0168219   0.0219563   0.0319767   0.052456   
-0.0288232   -0.0161304   -0.0119787   -0.00780428   -0.00488284   -0.00182377   0.00110589   0.00554492   0.0110247   0.0177501   5.3012e-10   -0.0177485   -0.0110226   -0.00554287   -0.00110418   0.00182446   0.00488227   0.00780205   0.0119734   0.0162399   

215000
-8   -7   -6   -5   -4   -3   -2   -1   0   1   2   3   4   5   6   7   8   9   10   12   
-0.817367   -0.73566   -0.64329   -0.551267   -0.461373   -0.373083   -0.283065   -0.198672   -1.35586e-09   0.198663   0.283053   0.373072   0.461365   0.551264   0.643293   0.735671   0.817391   0.758774   0.57752   0.445931   
0.0316248   0.021827   0.0166642   0.0131385   0.0102928   0.00851389   0.00797049   0.00804261   0.00841546   0.0080423   0.00797031   0.00851371   0.0102925   0.0131383   0.0166641   0.021827   0.0316259   0.0711335   0.0415439   0.0945943   
-0.011999   -0.00774904   -0.00477734   -0.00175564   0.00112928   0.00546465   0.0107603   0.01746   1.01339e-09   -0.0174585   -0.0107581   -0.00546254   -0.00112753   0.00175632   0.00477667   0.00774702   0.0119941   0.0103824   0.0271223   0.00201598   

220000
-8   -7   -6   -5   -4   -3   -2   -1   0   1   2   3   4   5   6   7   8   
-0.818431   -0.736113   -0.643382   -0.551388   -0.461246   -0.372807   -0.28243   -0.19827   3.38792e-09   0.198261   0.282418   0.372796   0.461237   0.551384   0.643385   0.736124   0.818458   
0.0310454   0.0215086   0.0165498   0.0130451   0.0102381   0.00844509   0.00788892   0.00795092   0.00832024   0.00795067   0.00788865   0.0084449   0.0102379   0.013045   0.0165497   0.0215085   0.0310459   
-0.0118693   -0.00771286   -0.00468701   -0.00169107   0.00115425   0.00540028   0.0105539   0.0171868   -2.0035e-09   -0.0171852   -0.0105517   -0.0053982   -0.00115251   0.00169177   0.00468637   0.00771066   0.0118638   

225000
-9   -8   -7   -6   -5   -4   -3   -2   -1   0   1   2   3   4   5   6   7   8   9   
-0.860917   -0.820459   -0.73651   -0.64314   -0.551459   -0.461192   -0.372484   -0.281819   -0.197446   -1.21765e-07   0.197437   0.281807   0.372473   0.461183   0.551455   0.643142   0.736521   0.820488   0.860995   
0.0456481   0.0300742   0.0212444   0.0165254   0.0129632   0.0101776   0.00838574   0.00781132   0.00786553   0.00822032   0.00786525   0.00781109   0.00838555   0.0101774   0.0129631   0.0165254   0.0212444   0.0300738   0.0456557   
-0.0153725   -0.0115364   -0.00765047   -0.00463714   -0.00163154   0.00118656   0.00532376   0.010354   0.0168614   3.83802e-08   -0.0168598   -0.0103519   -0.00532169   -0.00118486   0.00163227   0.00463652   0.0076482   0.0115307   0.0153553   

230000
-9   -8   -7   -6   -5   -4   -3   -2   -1   0   1   2   3   4   5   6   7   8   9   
-0.857973   -0.823027   -0.736878   -0.643659   -0.551597   -0.461087   -0.37221   -0.281203   -0.193905   -7.56087e-10   0.193907   0.281191   0.3722   0.461078   0.551593   0.643662   0.73689   0.823053   0.852744   
0.0456294   0.0289509   0.0209937   0.0163503   0.0128751   0.0101269   0.00832646   0.00773948   0.00778978   0.00811891   0.00778946   0.00773924   0.00832628   0.0101266   0.012875   0.0163501   0.0209936   0.0289507   0.0468486   
-0.0155478   -0.0110249   -0.00756834   -0.00456063   -0.00157551   0.00121397   0.00526247   0.0101455   0.0159708   4.73081e-11   -0.0159715   -0.0101434   -0.00526035   -0.00121223   0.00157623   0.00456001   0.00756605   0.0110195   0.0159091   

235000
-8   -7   -6   -5   -4   -3   -2   -1   0   1   2   3   4   5   6   7   8   
-0.823555   -0.737234   -0.644205   -0.551838   -0.460975   -0.371976   -0.280638   -0.188609   -8.68319e-08   0.188611   0.280626   0.371965   0.460966   0.551834   0.589796   0.737245   0.823578   
0.0285873   0.0207448   0.0161712   0.0127729   0.0100803   0.00826698   0.00767091   0.00772139   0.00801655   0.00772116   0.00767066   0.00826678   0.0100801   0.0127727   0.000377466   0.0207447   0.0285886   
-0.0106959   -0.00747125   -0.00447847   -0.00151814   0.00124064   0.0052131   0.00995619   0.0147569   2.36728e-08   -0.0147574   -0.00995399   -0.00521099   -0.00123887   0.00151898   0.00859705   0.00746896   0.0106907   

240000
-9   -8   -7   -6   -5   -4   -3   -2   -1   0   1   2   3   4   5   6   7   8   9   
-0.841824   -0.822801   -0.737578   -0.644671   -0.552041   -0.460959   -0.371701   -0.280163   -0.183582   -1.40666e-07   0.183583   0.280151   0.371691   0.46095   0.552038   0.644674   0.737589   0.822824   0.752043   
0.0491297   0.028749   0.0204998   0.0160085   0.0126784   0.0100238   0.00821563   0.00760176   0.00765195   0.00791755   0.00765172   0.00760154   0.00821543   0.0100236   0.0126782   0.0160084   0.0204997   0.0287489   0.0183218   
-0.0160404   -0.0106328   -0.00736904   -0.00439451   -0.00146179   0.00127581   0.00515449   0.00980688   0.0136024   3.5106e-08   -0.0136029   -0.00980471   -0.00515241   -0.00127403   0.00146251   0.00439388   0.00736673   0.0106284   0.0242432   

245000
-9   -8   -7   -6   -5   -4   -3   -2   -1   0   1   2   3   4   5   6   7   8   9   
-0.835686   -0.823142   -0.737911   -0.645093   -0.552212   -0.460898   -0.371457   -0.27967   -0.178744   -1.04916e-07   0.178745   0.279659   0.371446   0.46089   0.552209   0.645096   0.737922   0.823166   0.835957   
0.0504774   0.0282882   0.0202607   0.0158539   0.0125909   0.00997592   0.00816534   0.0075379   0.00758367   0.00781787   0.00758346   0.00753767   0.00816517   0.0099757   0.0125907   0.0158537   0.0202607   0.0282887   0.0504489   
-0.0160145   -0.0107097   -0.00726168   -0.0043072   -0.00140672   0.00130685   0.00510503   0.00964594   0.0124889   2.60272e-08   -0.0124894   -0.00964384   -0.00510289   -0.00130508   0.00140748   0.0043066   0.00725937   0.0107051   0.0159903   

250000
-9   -8   -7   -6   -5   -4   -3   -2   -1   0   1   2   3   4   5   6   7   8   9   
-0.851053   -0.823553   -0.738219   -0.645486   -0.552357   -0.460805   -0.37127   -0.279175   -0.174319   4.29269e-07   0.17432   0.279164   0.371259   0.460797   0.552354   0.645489   0.73823   0.823576   0.748448   
0.0464849   0.0279864   0.0200338   0.0157051   0.0125096   0.00993512   0.00811246   0.00747911   0.00751378   0.00772122   0.0075136   0.00747888   0.00811227   0.00993489   0.0125095   0.0157049   0.0200338   0.0279871   0.0183633   
-0.0157425   -0.0107161   -0.00714772   -0.00421699   -0.0013534   0.0013351   0.00507074   0.00948025   0.011492   -1.23439e-07   -0.0114924   -0.00947811   -0.00506864   -0.00133339   0.00135419   0.00421639   0.00714542   0.0107115   0.0244863   

255000
-9   -8   -7   -6   -5   -4   -3   -2   -1   0   1   2   3   4   5   6   7   8   9   
-0.849845   -0.824071   -0.738467   -0.645848   -0.55248   -0.460791   -0.371041   -0.278763   -0.169922   1.96734e-08   0.169922   0.278751   0.371031   0.460782   0.552477   0.64585   0.738477   0.824096   0.747518   
0.0466846   0.0276786   0.0198334   0.0155632   0.0124343   0.00988587   0.00806705   0.00741956   0.00744607   0.00762595   0.0074459   0.0074193   0.00806685   0.00988568   0.0124341   0.015563   0.0198334   0.0276791   0.0183332   
-0.0157516   -0.0106656   -0.00703386   -0.00412559   -0.00130215   0.00136925   0.00502765   0.00934877   0.010488   -9.97727e-09   -0.0104882   -0.00934657   -0.00502554   -0.00136747   0.00130293   0.00412503   0.00703163   0.0106606   0.0245433   

260000
-9   -8   -7   -6   -5   -4   -3   -2   -1   0   1   2   3   4   5   6   7   8   
-0.824011   -0.824734   -0.7386   -0.646165   -0.552579   -0.460776   -0.370803   -0.278385   -0.165971   -3.45256e-09   0.165972   0.278373   0.370792   0.460768   0.552576   0.646168   0.738611   0.824758   
0.0539663   0.0273143   0.0196846   0.0154316   0.012365   0.00983903   0.00802643   0.00736102   0.00737785   0.00753247   0.00737774   0.00736081   0.00802625   0.00983883   0.0123649   0.0154314   0.0196847   0.0273147   
-0.0160299   -0.0105655   -0.00693062   -0.00403595   -0.00125359   0.0014034   0.00498352   0.00923121   0.0095966   5.16943e-10   -0.00959685   -0.00922904   -0.00498135   -0.00140163   0.0012544   0.00403543   0.00692841   0.0105607   

265000
-9   -8   -7   -6   -5   -4   -3   -2   -1   0   1   2   3   4   5   6   7   8   
-0.848466   -0.825555   -0.738516   -0.6464   -0.552653   -0.460727   -0.37066   -0.277992   -0.161936   -1.06207e-08   0.161937   0.277981   0.370649   0.460718   0.55265   0.646402   0.738526   0.82558   
0.046897   0.0268831   0.0196337   0.0153191   0.0123022   0.00979909   0.00797823   0.00730704   0.0073134   0.00744183   0.00731325   0.00730677   0.00797801   0.00979887   0.012302   0.015319   0.019634   0.0268834   
-0.0157502   -0.0104202   -0.00685612   -0.00395377   -0.00120828   0.00143446   0.00496227   0.00910532   0.00870349   2.89155e-09   -0.00870385   -0.00910317   -0.00496012   -0.00143268   0.00120909   0.00395324   0.00685402   0.0104152   

270000
-9   -8   -7   -6   -5   -3   -2   -1   0   1   2   3   4   6   7   8   9   
-0.878714   -0.826494   -0.738022   -0.646502   -0.552702   -0.370477   -0.277596   -0.158331   3.61103e-09   0.158331   0.277584   0.370467   0.460645   0.646504   0.738032   0.826518   0.878774   
0.0397948   0.026396   0.0197808   0.015237   0.0122463   0.00793699   0.00725727   0.00724777   0.00735331   0.00724766   0.00725704   0.0079368   0.00976449   0.0152369   0.0197814   0.0263962   0.039799   
-0.0144726   -0.0102359   -0.00684068   -0.00388649   -0.00116678   0.00493299   0.00897584   0.00788777   1.09324e-10   -0.00788788   -0.00897368   -0.00493089   -0.00146164   0.00388608   0.00683861   0.0102309   0.0144586   

275000
-8   -7   -6   -5   -4   -3   -2   -1   0   1   2   3   4   5   6   7   8   9   
-0.827491   -0.738454   -0.646369   -0.55291   -0.460686   -0.370267   -0.277254   -0.154771   2.60631e-09   0.154772   0.277242   0.370256   0.460677   0.552906   0.646371   0.738465   0.827515   0.875662   
0.0258789   0.0195908   0.0152074   0.0121654   0.00971701   0.00790191   0.00720732   0.0071845   0.00726634   0.00718439   0.00720707   0.00790169   0.00971684   0.0121652   0.0152074   0.0195907   0.025879   0.0406122   
-0.010021   -0.00679199   -0.00384788   -0.00112172   0.00149988   0.00489865   0.00886739   0.00708728   -4.15046e-10   -0.00708748   -0.00886516   -0.00489653   -0.00149804   0.00112253   0.0038474   0.00678979   0.0100162   0.0143577   

280000
-9   -8   -7   -6   -5   -4   -3   -2   -1   0   1   2   3   4   5   6   7   8   11   
-0.874251   -0.828249   -0.73898   -0.64667   -0.553092   -0.460685   -0.370126   -0.276958   -0.151236   -4.53047e-09   0.151237   0.276946   0.370115   0.460676   0.553088   0.646673   0.738991   0.828272   0.467821   
0.0404785   0.0254273   0.0193753   0.0151032   0.0120898   0.00967575   0.00786166   0.00715658   0.0071227   0.00718309   0.00712258   0.00715636   0.00786145   0.00967555   0.0120896   0.015103   0.0193753   0.0254274   0.0701655   
-0.014481   -0.00982884   -0.00673321   -0.00379138   -0.00107754   0.00153344   0.00488026   0.00877722   0.00631958   1.07715e-09   -0.00631986   -0.00877503   -0.00487809   -0.00153163   0.00107828   0.0037908   0.00673105   0.00982412   0.00979723   

285000
-9   -8   -7   -6   -5   -4   -3   -2   -1   0   1   2   3   4   5   6   7   8   9   
-0.874028   -0.828805   -0.739447   -0.647159   -0.553254   -0.460664   -0.369988   -0.276648   -0.14825   9.19165e-08   0.14825   0.276636   0.369977   0.460655   0.55325   0.647161   0.739458   0.828827   0.874086   
0.0403068   0.0250452   0.0191876   0.0149645   0.0120184   0.00963928   0.00782342   0.00710982   0.00705992   0.00710252   0.00705981   0.0071096   0.00782322   0.00963907   0.0120183   0.0149643   0.0191875   0.0250455   0.0403127   
-0.0145624   -0.0096494   -0.00667356   -0.00372116   -0.00103421   0.00156544   0.00486312   0.00868002   0.00565535   -1.98787e-08   -0.00565533   -0.00867784   -0.00486097   -0.00156361   0.00103502   0.00372066   0.00667141   0.00964479   0.0145476   

290000
-9   -8   -7   -6   -5   -3   -2   -1   0   1   2   3   5   7   8   9   
-0.873787   -0.829134   -0.739872   -0.647576   -0.553401   -0.369822   -0.276329   -0.145227   1.13278e-08   0.145227   0.276318   0.369811   0.553397   0.739883   0.829156   0.873844   
0.0402624   0.0247869   0.0190156   0.0148397   0.011951   0.00779082   0.00706694   0.00699981   0.00702318   0.0069997   0.00706669   0.00779061   0.0119508   0.0190156   0.0247874   0.0402684   
-0.0146198   -0.00948766   -0.00661138   -0.00365427   -0.000991481   0.00484094   0.00857854   0.00497802   -2.61885e-09   -0.00497809   -0.00857645   -0.00483879   0.000992324   0.00660924   0.00948291   0.0146054   

295000
-9   -8   -7   -6   -5   -4   -3   -2   -1   0   1   2   3   4   5   6   7   8   9   
-0.873558   -0.829009   -0.740272   -0.647948   -0.553533   -0.460654   -0.369652   -0.276015   -0.14218   -3.31235e-09   0.14218   0.276003   0.369641   0.460645   0.55353   0.647951   0.740282   0.82903   0.873614   
0.0402601   0.0247657   0.0188517   0.0147237   0.011887   0.00956618   0.00776114   0.00702713   0.00694125   0.00694689   0.00694115   0.00702678   0.00776093   0.009566   0.0118868   0.0147235   0.0188516   0.0247668   0.0402661   
-0.0146628   -0.00937847   -0.00654548   -0.00358895   -0.00094966   0.00162999   0.00481926   0.00847805   0.00431288   6.09297e-10   -0.00431302   -0.00847574   -0.00481707   -0.00162815   0.000950474   0.0035885   0.00654333   0.00937403   0.0146483   

300000
-9   -8   -7   -6   -5   -4   -3   -2   -1   0   1   2   3   4   5   6   7   8   9   11   
-0.873383   -0.828118   -0.740657   -0.648291   -0.553653   -0.460682   -0.369563   -0.275797   -0.139153   5.88304e-08   0.139153   0.275785   0.369552   0.460673   0.553649   0.648293   0.740667   0.828137   0.873441   0.484534   
0.0402636   0.025133   0.0186913   0.0146135   0.0118265   0.00952694   0.00772415   0.00698147   0.00688365   0.00687457   0.00688357   0.00698125   0.00772395   0.00952675   0.0118263   0.0146134   0.0186913   0.025135   0.0402702   0.0654976   
-0.0146948   -0.00936744   -0.00647513   -0.0035242   -0.00090893   0.00166399   0.00481362   0.0084136   0.00366117   -1.29248e-08   -0.00366135   -0.00841141   -0.00481143   -0.00166214   0.000909787   0.00352376   0.00647299   0.00936316   0.0146798   0.0112083   

305000
-9   -8   -7   -6   -5   -4   -3   -2   -1   0   1   2   3   4   5   6   7   8   
-0.873328   -0.828277   -0.741033   -0.648611   -0.553757   -0.460691   -0.369444   -0.27556   -0.136419   3.50689e-09   0.136418   0.275548   0.369433   0.460683   0.553753   0.648613   0.741043   0.8283   
0.0402508   0.0249905   0.0185324   0.0145081   0.0117696   0.00949179   0.0076925   0.00693964   0.00682704   0.00680319   0.00682697   0.00693932   0.00769229   0.00949159   0.0117694   0.0145079   0.0185323   0.0249907   
-0.0147137   -0.00935715   -0.00640011   -0.00345988   -0.000869514   0.00169635   0.00480296   0.00834196   0.00306385   -8.19481e-10   -0.00306366   -0.00833972   -0.00480079   -0.00169452   0.000870379   0.00345944   0.00639796   0.0093527   

310000
-9   -8   -7   -6   -5   -4   -3   -2   -1   0   1   2   3   4   5   6   7   8   
-0.873458   -0.828941   -0.741411   -0.648913   -0.55385   -0.46068   -0.369301   -0.275312   -0.134046   2.08305e-09   0.134046   0.2753   0.36929   0.460671   0.553846   0.648915   0.741422   0.828964   
0.0402002   0.0246576   0.018375   0.0144065   0.011716   0.00946113   0.00766586   0.00690111   0.00677145   0.00673353   0.0067714   0.00690088   0.00766565   0.00946093   0.0117158   0.0144064   0.0183749   0.0246579   
-0.0147201   -0.00931839   -0.00632385   -0.00339623   -0.000831373   0.00172695   0.00478867   0.00826565   0.00253884   -3.99569e-10   -0.00253877   -0.00826346   -0.0047865   -0.00172511   0.000832248   0.00339583   0.0063217   0.00931392   

315000
-9   -8   -7   -6   -5   -4   -3   -2   -1   0   1   2   3   4   5   6   7   8   9   
-0.873866   -0.82953   -0.741785   -0.649198   -0.553931   -0.460666   -0.369189   -0.275058   -0.13153   -1.25859e-08   0.13153   0.275046   0.369178   0.460657   0.553927   0.6492   0.741796   0.829553   0.873915   
0.0400863   0.0243896   0.0182192   0.014309   0.0116658   0.00943212   0.00763765   0.00686572   0.00671842   0.00666704   0.00671835   0.00686549   0.00763749   0.00943194   0.0116656   0.0143088   0.0182191   0.02439   0.040094   
-0.0147107   -0.00927739   -0.00624399   -0.00333343   -0.0007949   0.00175707   0.00478058   0.00818678   0.00198454   2.51125e-09   -0.00198456   -0.0081846   -0.00477838   -0.00175519   0.00079578   0.00333301   0.00624185   0.0092729   0.0146969   

320000
-9   -8   -7   -6   -5   -4   -3   -2   -1   0   1   2   3   4   5   6   7   8   
-0.874721   -0.830066   -0.742152   -0.595726   -0.553997   -0.460723   -0.369118   -0.27482   -0.129114   3.27932e-08   0.129114   0.274808   0.369107   0.460714   0.553993   0.649466   0.742162   0.830089   
0.0398632   0.0241579   0.0180657   0.000158548   0.0116195   0.00939318   0.00760593   0.00683161   0.00666437   0.00660371   0.0066643   0.00683139   0.00760572   0.00939302   0.0116193   0.0142157   0.0180656   0.0241583   
-0.0146775   -0.00923234   -0.00616116   -0.00724576   -0.000760453   0.001791   0.00478017   0.00811302   0.00147571   -6.98599e-09   -0.00147577   -0.00811079   -0.00477796   -0.00178913   0.000761342   0.00327179   0.00615904   0.00922785   

325000
-9   -8   -7   -6   -5   -4   -3   -2   -1   0   1   2   3   4   5   6   7   8   9   
-0.876443   -0.830572   -0.742506   -0.649704   -0.554078   -0.460761   -0.369023   -0.274647   -0.126752   -6.80658e-10   0.126752   0.274636   0.369012   0.460753   0.554074   0.649706   0.742516   0.830594   0.876491   
0.0394189   0.023944   0.0179168   0.0141289   0.0115719   0.0093582   0.00757878   0.00679275   0.00661228   0.00654142   0.00661222   0.00679252   0.00757859   0.00935802   0.0115718   0.0141287   0.0179166   0.0239444   0.0394306   
-0.014601   -0.00918136   -0.0060767   -0.00321367   -0.000727171   0.00182338   0.00477612   0.00806302   0.000972371   2.09444e-10   -0.000972438   -0.00806081   -0.00477396   -0.00182151   0.000728005   0.00321322   0.00607461   0.0091769   0.0145845   

330000
-9   -8   -7   -6   -5   -4   -3   -2   -1   0   1   2   3   4   5   6   7   8   9   10   
-0.881478   -0.831064   -0.742837   -0.649917   -0.554241   -0.460784   -0.368911   -0.274462   -0.124813   -4.7791e-09   0.124812   0.27445   0.3689   0.460775   0.554237   0.649919   0.742846   0.831087   0.881477   0.690013   
0.0381368   0.0237357   0.0177755   0.0140485   0.0115107   0.00932663   0.00755578   0.00675712   0.00656149   0.00648076   0.00656143   0.00675689   0.00755556   0.00932644   0.0115105   0.0140483   0.0177754   0.0237361   0.0381573   0.0265262   
-0.0143369   -0.00912295   -0.0059925   -0.00315856   -0.000691135   0.00185447   0.00476983   0.0080079   0.00055515   1.16346e-09   -0.000554934   -0.00800568   -0.00476763   -0.0018526   0.000692045   0.00315821   0.00599043   0.0091185   0.014326   0.0300353   

335000
-9   -8   -7   -6   -5   -4   -3   -2   -1   0   1   2   3   4   5   6   7   8   9   
-0.898485   -0.831556   -0.743128   -0.650089   -0.55439   -0.460797   -0.368825   -0.274266   -0.123232   -2.1502e-08   0.123231   0.274254   0.368814   0.460788   0.554386   0.65009   0.743138   0.831578   0.898531   
0.0336597   0.0235253   0.0176464   0.0139773   0.0114526   0.00929782   0.00753114   0.00672433   0.00651219   0.00642246   0.00651214   0.0067241   0.00753095   0.00929763   0.0114524   0.0139772   0.0176463   0.0235257   0.033663   
-0.012895   -0.00905615   -0.00591115   -0.00310862   -0.000655765   0.00188461   0.00476828   0.00794901   0.000211568   4.85762e-09   -0.000211465   -0.00794681   -0.00476605   -0.00188273   0.000656672   0.00310844   0.00590913   0.00905175   0.0128847   

340000
-9   -8   -7   -6   -5   -4   -3   -2   -1   0   1   2   3   4   5   6   7   8   9   
-0.896843   -0.832055   -0.743357   -0.650198   -0.554529   -0.460798   -0.368774   -0.274062   -0.121513   9.46806e-09   0.121512   0.274051   0.368763   0.460789   0.554525   0.650199   0.743367   0.832077   0.896888   
0.0340862   0.0233084   0.017536   0.0139198   0.0113971   0.00927178   0.00750307   0.00669444   0.00646473   0.00636734   0.00646474   0.0066942   0.00750288   0.00927157   0.011397   0.0139198   0.017536   0.0233087   0.0340899   
-0.0128501   -0.00898059   -0.00583641   -0.00306655   -0.000620983   0.00191367   0.00477273   0.00788756   -0.000158587   -2.03715e-09   0.000158652   -0.00788538   -0.00477051   -0.0019118   0.000621839   0.00306626   0.00583439   0.00897617   0.0128398   

345000
-8   -7   -6   -5   -4   -3   -2   -1   0   1   2   3   4   5   6   7   8   9   10   
-0.832565   -0.74349   -0.650227   -0.554657   -0.460846   -0.368707   -0.273862   -0.119828   1.60028e-08   0.119828   0.27385   0.368696   0.460837   0.554652   0.650228   0.743499   0.832586   0.895078   0.69472   
0.0230828   0.0174537   0.0138795   0.0113443   0.00923901   0.00747894   0.00666656   0.00641567   0.00631323   0.00641563   0.00666634   0.00747872   0.00923883   0.0113441   0.0138794   0.0174538   0.023083   0.0344717   0.0258041   
-0.00889614   -0.0057735   -0.00303483   -0.000586887   0.0019449   0.00477497   0.0078269   -0.000503175   -3.54498e-09   0.000503203   -0.00782466   -0.00477274   -0.00194302   0.00058781   0.00303454   0.00577152   0.00889172   0.0128906   0.0299823   

350000
-9   -8   -7   -6   -5   -4   -3   -2   -1   0   1   2   3   4   5   6   7   8   9   
-0.895817   -0.833087   -0.74347   -0.650158   -0.554777   -0.460899   -0.368623   -0.273732   -0.118112   -1.6552e-08   0.118112   0.27372   0.368612   0.46089   0.554772   0.650159   0.743478   0.833109   0.895864   
0.034075   0.0228482   0.0174154   0.0138601   0.0112934   0.00920616   0.0074583   0.00663265   0.00636869   0.00626053   0.00636867   0.00663243   0.00745809   0.009206   0.0112933   0.01386   0.0174156   0.0228484   0.0340784   
-0.0129233   -0.00880311   -0.00573064   -0.00301612   -0.000553355   0.001976   0.0047751   0.00778965   -0.000859379   3.96655e-09   0.000859373   -0.00778744   -0.00477289   -0.00197414   0.00055428   0.00301582   0.00572875   0.0087987   0.0129125   

355000
-9   -8   -7   -6   -5   -4   -3   -2   -1   0   1   2   3   4   5   6   7   8   9   
-0.896356   -0.833621   -0.743217   -0.650085   -0.554888   -0.460942   -0.368539   -0.272007   -0.116394   -1.28783e-09   0.116394   0.272009   0.368528   0.460933   0.554883   0.650086   0.743225   0.833642   0.896405   
0.033855   0.0226057   0.0174466   0.0138444   0.0112449   0.00917583   0.00743921   0.00659982   0.00632363   0.00620968   0.00632355   0.00659961   0.00743903   0.00917565   0.0112447   0.0138442   0.0174469   0.0226059   0.0338582   
-0.0129395   -0.00870224   -0.00572051   -0.00300339   -0.000520572   0.0020062   0.00477576   0.00741945   -0.00121915   3.57029e-10   0.00121909   -0.00742023   -0.00477351   -0.00200431   0.000521566   0.00300306   0.00571864   0.0086979   0.0129283   

360000
-9   -8   -7   -6   -5   -4   -3   -2   -1   0   1   2   3   4   5   6   7   8   9   11   18   
-0.896746   -0.834162   -0.742825   -0.650426   -0.55499   -0.460974   -0.368515   -0.269861   -0.11526   -1.02977e-08   0.115259   0.269863   0.368503   0.460965   0.554985   0.650428   0.742835   0.834183   0.896797   0.587792   0.521547   
0.0337115   0.0223581   0.0175298   0.013751   0.0111986   0.00914794   0.00741321   0.00656869   0.00627989   0.00616102   0.00627987   0.00656849   0.00741301   0.00914774   0.0111985   0.0137508   0.0175297   0.0223583   0.0337151   0.0439506   0.171529   
-0.0129543   -0.00859456   -0.00573988   -0.0029546   -0.000488648   0.00203552   0.00478546   0.00696485   -0.00145684   2.47414e-09   0.00145701   -0.00696549   -0.0047832   -0.00203363   0.000489608   0.00295425   0.00573787   0.00859022   0.0129423   0.0243508   -0.0384582   

365000
-9   -8   -7   -6   -5   -4   -3   -2   -1   0   1   2   3   4   5   6   7   8   9   
-0.897053   -0.834676   -0.74335   -0.650734   -0.555084   -0.460995   -0.368475   -0.267771   -0.114148   3.93393e-09   0.114147   0.267773   0.368464   0.460986   0.55508   0.650735   0.74336   0.834697   0.897099   
0.033608   0.0221203   0.0173737   0.0136644   0.0111544   0.00912279   0.00739042   0.00653956   0.00623808   0.00611371   0.00623805   0.00653937   0.00739023   0.00912261   0.0111543   0.0136643   0.0173736   0.0221204   0.0336121   
-0.0129662   -0.00849086   -0.00567748   -0.00290856   -0.000457466   0.00206383   0.00479306   0.00652341   -0.0016911   -8.8666e-10   0.0016912   -0.00652406   -0.00479082   -0.00206192   0.000458432   0.00290828   0.00567547   0.00848655   0.0129553   

370000
-9   -8   -7   -6   -5   -4   -3   -2   -1   0   1   2   3   4   5   6   7   8   9   
-0.89733   -0.835181   -0.743827   -0.651014   -0.555171   -0.461005   -0.36842   -0.26574   -0.112946   8.22024e-09   0.112945   0.265742   0.368409   0.460996   0.555167   0.651015   0.743837   0.835202   0.897376   
0.0335236   0.0218864   0.0172332   0.0135833   0.0111122   0.00910013   0.00737105   0.00651116   0.0061965   0.00606767   0.00619652   0.00651098   0.00737083   0.00909993   0.011112   0.0135832   0.0172331   0.0218865   0.0335275   
-0.0129727   -0.00838494   -0.00561882   -0.00286461   -0.000427064   0.00209111   0.00479898   0.00609443   -0.00193832   -1.83154e-09   0.00193839   -0.00609507   -0.00479673   -0.00208922   0.000428036   0.00286434   0.00561684   0.00838063   0.0129619   

375000
-10   -9   -8   -7   -6   -5   -4   -3   -2   -1   0   1   2   3   4   5   6   7   8   9   10   
-0.886291   -0.897606   -0.835676   -0.744264   -0.651273   -0.555253   -0.461052   -0.368353   -0.263755   -0.111742   -7.26971e-08   0.111742   0.263757   0.368341   0.461043   0.555249   0.651274   0.744274   0.835697   0.897652   0.886539   
0.0515362   0.0334436   0.0216578   0.017105   0.0135064   0.0110716   0.00907179   0.00735479   0.00648418   0.00615385   0.00602309   0.00615383   0.00648399   0.00735456   0.00907162   0.0110714   0.0135063   0.0171049   0.0216579   0.0334475   0.0515456   
-0.0164368   -0.0129744   -0.00827599   -0.00556311   -0.00282218   -0.000397499   0.00211991   0.00480353   0.00567589   -0.00217688   1.74552e-08   0.00217693   -0.00567652   -0.00480128   -0.00211801   0.000398479   0.00282192   0.00556115   0.00827169   0.0129636   0.0163846   

380000
-10   -9   -8   -7   -6   -5   -4   -3   -1   0   1   3   4   5   6   7   8   9   16   
-0.87906   -0.897916   -0.83614   -0.744667   -0.651516   -0.555328   -0.461112   -0.368324   -0.110508   2.26542e-08   0.110508   0.368312   0.461103   0.555323   0.651518   0.744677   0.83616   0.897963   0.774487   
0.0524047   0.0333573   0.0214418   0.0169864   0.0134329   0.011033   0.00904195   0.00733414   0.00611303   0.00598034   0.00611299   0.00733395   0.00904176   0.0110328   0.0134327   0.0169863   0.0214419   0.0333612   0.207245   
-0.016402   -0.0129691   -0.00816763   -0.00550946   -0.00278064   -0.000368881   0.00214902   0.00481352   -0.00242521   -4.55519e-09   0.00242525   -0.00481124   -0.00214713   0.00036987   0.00278038   0.00550753   0.00816336   0.0129579   -0.0657708   

385000
-10   -9   -8   -7   -6   -5   -4   -3   -2   -1   0   1   2   3   4   5   6   7   8   9   10   
-0.875986   -0.898287   -0.836547   -0.745044   -0.651747   -0.555395   -0.461164   -0.368313   -0.260069   -0.109333   6.70361e-10   0.109332   0.260071   0.368301   0.461155   0.555391   0.651748   0.745053   0.836567   0.898329   0.876163   
0.0523264   0.0332553   0.021248   0.0168749   0.013362   0.0109965   0.00901412   0.00731168   0.00642658   0.006074   0.00593951   0.00607395   0.00642641   0.00731147   0.00901394   0.0109963   0.0133619   0.0168748   0.0212481   0.0332597   0.0523516   
-0.0162046   -0.0129558   -0.00806413   -0.0054571   -0.00273982   -0.000341317   0.00217738   0.00482587   0.00490424   -0.00266343   -1.8315e-10   0.00266364   -0.00490476   -0.00482359   -0.00217548   0.000342331   0.00273967   0.00545518   0.00805989   0.0129459   0.0161472   

390000
-10   -9   -8   -7   -6   -5   -4   -3   -2   -1   0   1   2   3   4   5   6   7   8   9   
-0.866069   -0.898748   -0.836869   -0.745399   -0.651967   -0.555452   -0.461204   -0.368288   -0.258301   -0.108808   -1.9854e-08   0.108807   0.258303   0.368276   0.461195   0.555448   0.651968   0.745408   0.836889   0.898793   
0.054052   0.0331296   0.0210865   0.0167688   0.0132933   0.0109626   0.00898873   0.00729239   0.00639671   0.00603644   0.00589898   0.00603642   0.00639654   0.00729216   0.00898855   0.0109624   0.0132931   0.0167687   0.0210867   0.033134   
-0.0160109   -0.0129322   -0.00796987   -0.00540541   -0.00269965   -0.000315189   0.00220478   0.00483678   0.00453726   -0.00276487   3.85627e-09   0.00276501   -0.00453779   -0.00483448   -0.00220288   0.000316189   0.00269943   0.00540352   0.00796567   0.0129215   

395000
-10   -9   -8   -7   -6   -5   -4   -3   -2   -1   0   1   2   3   4   5   6   7   8   9   
-0.860132   -0.899329   -0.837062   -0.745739   -0.652179   -0.555504   -0.461237   -0.368252   -0.256529   -0.108083   4.50855e-09   0.108082   0.256531   0.368241   0.461228   0.555499   0.65218   0.745748   0.837081   0.899371   
0.054885   0.0329711   0.0209721   0.0166667   0.0132264   0.0109305   0.00896526   0.00727564   0.0063685   0.00600059   0.00585937   0.00600059   0.00636834   0.00727545   0.00896506   0.0109303   0.0132263   0.0166666   0.0209724   0.0329757   
-0.0156981   -0.0128964   -0.00789133   -0.00535394   -0.00265981   -0.000290313   0.00223142   0.00484655   0.00416949   -0.00290966   -9.50771e-10   0.0029098   -0.00417004   -0.00484429   -0.00222953   0.000291302   0.00265959   0.00535206   0.00788718   0.0128863   

400000
-10   -9   -8   -7   -6   -5   -4   -3   -2   0   1   2   3   4   5   6   7   8   9   16   
-0.743668   -0.900067   -0.837062   -0.746066   -0.652383   -0.555637   -0.461263   -0.36821   -0.254879   1.25174e-09   0.107258   0.25488   0.368199   0.461254   0.555632   0.652384   0.746075   0.837081   0.900109   0.481161   
0.0212243   0.03277   0.0209275   0.0165676   0.0131611   0.0108839   0.00894339   0.00726126   0.00634054   0.00582121   0.00596637   0.00634036   0.007261   0.00894319   0.0108837   0.013161   0.0165675   0.0209281   0.0327744   0.144463   
-0.029218   -0.0128447   -0.00783769   -0.00530246   -0.00262031   -0.000261319   0.00225739   0.00485583   0.00382697   -2.88173e-10   0.00307644   -0.00382729   -0.00485354   -0.0022555   0.000262341   0.00262021   0.0053006   0.00783363   0.0128346   -0.0266538   

405000
-9   -8   -7   -6   -5   -3   -2   -1   0   1   2   3   4   5   6   7   8   9   10   
-0.900996   -0.836763   -0.746388   -0.652581   -0.555761   -0.368201   -0.253287   -0.106463   -6.98468e-09   0.106463   0.253288   0.368189   0.461276   0.555756   0.652582   0.746397   0.836782   0.90104   0.86826   
0.0325129   0.0209914   0.0164706   0.0130974   0.0108393   0.00724244   0.00631355   0.00592887   0.00578466   0.00592885   0.00631341   0.00724226   0.00892269   0.0108391   0.0130973   0.0164705   0.0209923   0.0325175   0.0531547   
-0.012775   -0.00782305   -0.00525111   -0.00258117   -0.000232868   0.00486909   0.00349675   -0.00322349   1.54631e-09   0.00322355   -0.00349713   -0.0048668   -0.00228091   0.000233899   0.00258098   0.00524926   0.00781887   0.0127646   0.0157474   

410000
-10   -9   -8   -7   -6   -5   -4   -3   -2   -1   0   1   2   3   4   5   6   7   8   9   10   11   
-0.86647   -0.902177   -0.835996   -0.746706   -0.652773   -0.555878   -0.461343   -0.368205   -0.251672   -0.105637   1.33393e-09   0.105637   0.251673   0.368194   0.461334   0.555873   0.652774   0.746715   0.836012   0.902218   0.86662   0.809955   
0.0533609   0.0321837   0.0212317   0.0163751   0.0130352   0.0107965   0.00889656   0.0072223   0.00628816   0.00589295   0.00574966   0.00589293   0.00628803   0.00722209   0.0088964   0.0107964   0.013035   0.016375   0.0212334   0.0321884   0.0533931   0.0826368   
-0.0157088   -0.0126807   -0.00786882   -0.00519967   -0.00254241   -0.000204965   0.00230956   0.00488411   0.0031621   -0.00337908   -2.96595e-10   0.00337913   -0.00316253   -0.0048818   -0.00230765   0.000205998   0.00254223   0.00519784   0.00786527   0.0126708   0.01564   -0.00896296   

415000
-9   -8   -7   -6   -5   -4   -3   -2   -1   0   1   2   3   4   5   6   7   8   9   11   
-0.90368   -0.836266   -0.747019   -0.652955   -0.555987   -0.461403   -0.3682   -0.250046   -0.104788   -3.32952e-09   0.104788   0.250047   0.368188   0.461394   0.555982   0.652956   0.747027   0.836287   0.903722   0.628332   
0.0317603   0.0211349   0.0162811   0.012975   0.0107556   0.00887016   0.00720446   0.00626424   0.00585861   0.00571643   0.0058586   0.00626411   0.00720424   0.00887001   0.0107554   0.0129749   0.016281   0.0211348   0.0317648   0.0377999   
-0.0125534   -0.00783776   -0.00514765   -0.00250438   -0.000177618   0.00233607   0.00489803   0.00282527   -0.00354176   8.62099e-10   0.00354179   -0.00282573   -0.00489571   -0.00233416   0.000178627   0.00250423   0.00514584   0.00783356   0.0125434   0.0276942   

420000
-10   -9   -8   -7   -6   -5   -4   -3   -2   -1   0   1   2   3   4   5   6   7   8   9   10   
-0.863603   -0.905589   -0.836854   -0.747326   -0.65313   -0.556091   -0.461457   -0.368187   -0.248488   -0.104459   -1.54242e-09   0.104458   0.248488   0.368175   0.461448   0.556086   0.653131   0.747334   0.836875   0.905628   0.863741   
0.0538054   0.031214   0.0209363   0.0161883   0.0129167   0.0107161   0.0088453   0.00718884   0.00624117   0.0058259   0.00568292   0.00582588   0.00624106   0.00718859   0.00884512   0.0107159   0.0129165   0.0161883   0.0209363   0.0312182   0.0538408   
-0.0154968   -0.012382   -0.00777779   -0.00509506   -0.00246705   -0.000150701   0.00236193   0.00491141   0.002503   -0.00359642   3.08903e-09   0.00359654   -0.0025031   -0.00490909   -0.00236003   0.000151748   0.00246689   0.00509326   0.00777368   0.012373   0.0154266   

425000
-10   -9   -8   -7   -6   -5   -4   -3   -2   -1   0   1   2   3   4   5   6   7   8   9   10   
-0.743182   -0.907981   -0.837399   -0.747629   -0.653298   -0.556188   -0.461505   -0.368167   -0.247167   -0.104096   2.03e-10   0.104096   0.247167   0.368156   0.461496   0.556183   0.653298   0.747638   0.837419   0.908022   0.862593   
0.0209457   0.0305157   0.0207584   0.0160966   0.01286   0.0106781   0.00882181   0.00717514   0.00621351   0.00579453   0.00564935   0.00579451   0.00621341   0.00717492   0.00882163   0.0106779   0.0128599   0.0160965   0.0207584   0.0305194   0.0540313   
-0.0291259   -0.0121535   -0.00772089   -0.00504188   -0.00243041   -0.000124302   0.00238723   0.00492414   0.0022333   -0.00365883   -4.94187e-11   0.00365893   -0.00223349   -0.00492183   -0.00238533   0.00012534   0.0024303   0.0050401   0.00771682   0.0121441   0.0153199   

430000
-10   -9   -8   -7   -6   -5   -4   -3   -2   -1   0   1   2   3   4   5   6   7   8   9   
-0.743862   -0.910857   -0.837905   -0.747929   -0.653458   -0.55628   -0.461549   -0.368148   -0.245823   -0.103628   7.4538e-08   0.103628   0.245824   0.368136   0.46154   0.556275   0.653459   0.747937   0.837925   0.910898   
0.0208329   0.0296683   0.0205968   0.0160059   0.0128051   0.0106415   0.00879952   0.0071623   0.00618596   0.0057645   0.00561726   0.00576449   0.00618584   0.00716211   0.00879933   0.0106413   0.012805   0.0160059   0.0205968   0.0296712   
-0.0291046   -0.0118606   -0.00766651   -0.00498821   -0.00239456   -9.84118e-05   0.00241201   0.00493718   0.00195929   -0.00374393   -1.62182e-08   0.00374401   -0.00195956   -0.00493484   -0.0024101   9.94797e-05   0.00239437   0.00498645   0.00766247   0.0118515   

435000
-10   -9   -8   -7   -6   -5   -4   -3   -2   -1   0   1   2   3   4   5   6   7   8   9   10   
-0.935695   -0.913557   -0.838378   -0.748224   -0.65361   -0.556366   -0.461588   -0.368171   -0.244454   -0.103093   -1.3392e-08   0.103093   0.244455   0.36816   0.461579   0.556361   0.65361   0.748233   0.838398   0.913599   0.935792   
0.0426583   0.0288516   0.0204482   0.0159164   0.0127525   0.0106064   0.0087785   0.00714275   0.00615979   0.00573587   0.00558661   0.00573586   0.0061597   0.00714256   0.00877831   0.0106062   0.0127523   0.0159163   0.0204482   0.0288537   0.0426715   
-0.0155448   -0.0115634   -0.00761403   -0.0049342   -0.00235976   -7.31125e-05   0.00243624   0.00495451   0.00167991   -0.00384331   3.99034e-09   0.00384338   -0.0016802   -0.00495217   -0.00243434   7.41863e-05   0.00235957   0.00493245   0.00761003   0.0115543   0.0155138   

440000
-10   -9   -8   -7   -6   -5   -4   -3   -2   -1   0   1   2   3   4   5   6   7   8   9   10   
-0.932916   -0.915421   -0.838824   -0.748515   -0.653744   -0.556447   -0.461622   -0.368187   -0.243072   -0.10257   2.43383e-10   0.10257   0.243074   0.368175   0.461613   0.556442   0.653745   0.748524   0.838843   0.915463   0.933008   
0.0430378   0.0282491   0.0203095   0.0158282   0.0127034   0.0105726   0.00875879   0.00712524   0.0061348   0.00570548   0.00555736   0.00570547   0.00613469   0.007125   0.0087586   0.0105725   0.0127033   0.0158281   0.0203096   0.0282508   0.0430538   
-0.015517   -0.0113351   -0.00756283   -0.00488002   -0.00232695   -4.8316e-05   0.00245998   0.00497112   0.00139728   -0.0039339   -4.11218e-11   0.00393397   -0.00139763   -0.00496876   -0.00245806   4.94051e-05   0.00232683   0.00487829   0.00755887   0.0113262   0.0154832   

445000
-10   -9   -8   -7   -6   -5   -4   -3   -2   -1   0   1   2   3   4   5   6   7   8   9   10   
-0.928718   -0.917012   -0.839248   -0.748801   -0.653863   -0.556523   -0.461649   -0.368196   -0.241683   -0.102053   -7.91318e-08   0.102053   0.241685   0.368185   0.46164   0.556518   0.653863   0.748809   0.839268   0.917053   0.928802   
0.0436535   0.0277155   0.0201785   0.0157416   0.0126581   0.0105401   0.0087409   0.00710957   0.00611096   0.00567468   0.0055296   0.00567467   0.00611086   0.00710932   0.0087407   0.01054   0.012658   0.0157415   0.0201785   0.0277169   0.0436704   
-0.0155184   -0.0111194   -0.00751234   -0.00482592   -0.00229622   -2.4048e-05   0.00248302   0.00498718   0.00111297   -0.00402007   2.12117e-08   0.00402012   -0.00111334   -0.00498485   -0.00248111   2.51565e-05   0.00229612   0.00482421   0.00750836   0.0111106   0.0154852   

450000
-9   -8   -7   -6   -5   -4   -3   -2   -1   0   1   2   3   4   5   6   7   8   9   11   
-0.918181   -0.839655   -0.749079   -0.653962   -0.556595   -0.461693   -0.368198   -0.240293   -0.101896   -1.07598e-08   0.101896   0.240294   0.368186   0.461684   0.55659   0.653962   0.749087   0.839674   0.918221   0.633501   
0.0273087   0.020053   0.015657   0.0126172   0.0105088   0.00872025   0.0070958   0.00608825   0.00564542   0.00550337   0.00564541   0.00608815   0.00709557   0.00872011   0.0105087   0.012617   0.0156569   0.0200531   0.0273102   0.0370729   
-0.0109387   -0.00746209   -0.00477215   -0.00226814   -3.50449e-07   0.00250663   0.0050026   0.000828098   -0.00403351   4.88529e-09   0.00403361   -0.000828485   -0.00500024   -0.00250471   1.40841e-06   0.00226804   0.00477047   0.00745814   0.0109303   0.0274529   

455000
-10   -9   -8   -7   -6   -5   -4   -3   -2   -1   0   1   2   3   4   5   6   7   8   9   10   11   18   
-0.923722   -0.918811   -0.840049   -0.74935   -0.654041   -0.556663   -0.461759   -0.368192   -0.238976   -0.101767   2.39842e-08   0.101767   0.238976   0.36818   0.461749   0.556658   0.654042   0.749358   0.840068   0.918849   0.923864   0.636148   0.523798   
0.0442081   0.0270697   0.0199316   0.0155744   0.0125808   0.0104786   0.008696   0.00708427   0.00606634   0.00561741   0.00547476   0.00561739   0.00606625   0.00708406   0.00869584   0.0104784   0.0125806   0.0155743   0.0199317   0.0270712   0.0442171   0.0367198   0.1711   
-0.0154885   -0.0108104   -0.0074116   -0.00471895   -0.00224282   2.27882e-05   0.00253105   0.00501753   0.000558888   -0.00404229   -5.34779e-09   0.00404237   -0.00055885   -0.00501519   -0.00252913   -2.16912e-05   0.00224272   0.00471728   0.00740769   0.0108021   0.0154527   0.0275768   -0.0387246   

460000
-10   -9   -8   -7   -6   -5   -4   -3   -2   -1   0   1   2   3   4   5   6   7   8   9   10   
-0.926948   -0.918848   -0.840434   -0.749611   -0.654096   -0.556728   -0.46182   -0.368192   -0.237867   -0.101548   -2.0358e-08   0.101548   0.237867   0.368179   0.46181   0.556722   0.654097   0.749619   0.840453   0.918885   0.927064   
0.0436626   0.0270104   0.0198129   0.0154946   0.0125498   0.0104495   0.00867298   0.00707235   0.00604509   0.00559059   0.00544662   0.00559058   0.006045   0.00707208   0.00867281   0.0104493   0.0125496   0.0154945   0.019813   0.0270125   0.0436758   
-0.0154521   -0.0107427   -0.00736055   -0.00466675   -0.00222087   4.5333e-05   0.002555   0.00503302   0.000334483   -0.00407029   5.36857e-09   0.00407037   -0.000334561   -0.00503063   -0.00255307   -4.42254e-05   0.00222078   0.00466513   0.00735668   0.0107347   0.015418   

465000
-10   -9   -8   -7   -6   -5   -4   -3   -2   -1   0   1   2   3   4   5   6   7   8   9   10   
-0.928674   -0.918316   -0.840812   -0.749859   -0.654121   -0.556788   -0.461876   -0.368225   -0.236706   -0.10128   -7.45754e-09   0.10128   0.236707   0.368213   0.461866   0.556783   0.654122   0.749867   0.840831   0.918352   0.928786   
0.0434039   0.0271236   0.0196959   0.0154181   0.0125253   0.0104215   0.0086512   0.0070548   0.00602506   0.00556498   0.00541978   0.00556496   0.00602497   0.00705459   0.00865103   0.0104214   0.0125252   0.015418   0.0196961   0.027126   0.0434182   
-0.0154334   -0.0107331   -0.00730867   -0.00461595   -0.00220314   6.72237e-05   0.00257851   0.00505137   9.91163e-05   -0.00410882   2.47966e-09   0.00410888   -9.92632e-05   -0.00504899   -0.00257658   -6.61177e-05   0.00220306   0.00461433   0.00730484   0.0107249   0.0153981   

470000
-10   -9   -8   -7   -6   -5   -4   -3   -2   -1   0   1   2   3   4   5   6   7   8   9   10   11   13   15   
-0.929954   -0.917252   -0.841187   -0.750091   -0.654105   -0.556844   -0.461927   -0.368252   -0.235575   -0.100983   -1.7947e-08   0.100983   0.235576   0.36824   0.461918   0.556839   0.654106   0.750098   0.841206   0.917286   0.930058   0.842118   0.725675   0.756967   
0.0432235   0.0273937   0.0195801   0.0153458   0.0125097   0.0103948   0.00863061   0.00703896   0.0060005   0.00554052   0.00539425   0.0055405   0.00600042   0.00703878   0.00863044   0.0103946   0.0125096   0.0153457   0.0195803   0.0273962   0.0432391   0.0753007   0.152425   0.187387   
-0.0154211   -0.0107755   -0.00725574   -0.00456715   -0.00219098   8.84264e-05   0.00260161   0.00506917   -0.000128791   -0.00415354   4.82056e-09   0.0041536   0.000128601   -0.00506681   -0.00259968   -8.7318e-05   0.00219089   0.00456554   0.00725194   0.0107675   0.015387   -0.0058387   -0.0412575   -0.056067   

475000
-10   -9   -8   -7   -5   -4   -3   -2   -1   0   1   2   3   4   5   7   8   9   10   11   
-0.931135   -0.915723   -0.84156   -0.750299   -0.556895   -0.461973   -0.368273   -0.234431   -0.100667   -3.72008e-09   0.100667   0.234431   0.368261   0.461963   0.556889   0.750307   0.841579   0.915758   0.931232   0.856401   
0.0430627   0.0277957   0.0194647   0.0152789   0.0103696   0.00861134   0.00702472   0.00597671   0.00551733   0.00536999   0.00551732   0.00597663   0.00702449   0.00861115   0.0103694   0.0152788   0.0194649   0.0277984   0.0430782   0.0688828   
-0.0154032   -0.0108603   -0.00720162   -0.00452114   0.000108709   0.00262426   0.00508648   -0.000360076   -0.00420224   9.64026e-10   0.00420229   0.000359845   -0.00508409   -0.00262232   -0.00010758   0.00451955   0.00719784   0.0108522   0.0153709   -0.000550361   

480000
-10   -8   -7   -6   -5   -4   -3   -2   0   1   2   3   4   5   6   7   8   10   11   
-0.932445   -0.841933   -0.750481   -0.654193   -0.556956   -0.462012   -0.368287   -0.233276   -4.27257e-09   0.100373   0.233277   0.368275   0.462003   0.556951   0.654194   0.750488   0.841951   0.932541   0.856933   
0.042875   0.0193495   0.0152184   0.0124574   0.0103428   0.00859357   0.00701231   0.00595403   0.00534696   0.0054926   0.00595397   0.00701208   0.00859339   0.0103427   0.0124573   0.0152184   0.0193497   0.0428912   0.0693088   
-0.0153865   -0.00714624   -0.00447877   -0.00215932   0.000129178   0.00264639   0.00510341   -0.000593625   1.15742e-09   0.00424201   0.000593385   -0.00510101   -0.00264444   -0.000128039   0.00215924   0.00447714   0.00714249   0.0153537   -0.00130663   

485000
-10   -9   -8   -7   -6   -5   -4   -3   -2   -1   0   2   3   4   5   6   7   8   9   10   
-0.934111   -0.913792   -0.842307   -0.750627   -0.654385   -0.557058   -0.462047   -0.368296   -0.232119   -0.10037   7.53118e-08   0.232121   0.368284   0.462038   0.557053   0.654385   0.750634   0.842325   0.913838   0.934211   
0.0426241   0.0282686   0.0192342   0.0151663   0.0124028   0.0103087   0.00857693   0.00700165   0.0059323   0.00546678   0.00532531   0.00593222   0.00700142   0.00857674   0.0103085   0.0124027   0.0151663   0.0192343   0.0282695   0.0426398   
-0.01536   -0.0109771   -0.00708943   -0.00444116   -0.00212895   0.000152165   0.00266813   0.00511999   -0.000828054   -0.00422135   -1.62414e-08   0.000827787   -0.00511761   -0.00266617   -0.000151026   0.00212888   0.00443965   0.00708567   0.0109678   0.0153254   

490000
-10   -9   -8   -7   -6   -5   -4   -3   -2   -1   0   2   3   4   5   6   7   8   9   10   11   
-0.936373   -0.915286   -0.842682   -0.750727   -0.654566   -0.557155   -0.462079   -0.3683   -0.230964   -0.10039   1.06841e-07   0.230965   0.368288   0.462069   0.557149   0.654567   0.750734   0.8427   0.915327   0.936471   0.856763   
0.0422663   0.0278379   0.0191187   0.015125   0.0123505   0.0102759   0.00856129   0.00699251   0.00591146   0.00544212   0.00530493   0.00591138   0.00699228   0.0085611   0.0102757   0.0123504   0.0151251   0.0191188   0.0278392   0.0422817   0.0701416   
-0.0153194   -0.0108793   -0.00703126   -0.00441002   -0.00209964   0.000174674   0.00268943   0.00513633   -0.00106239   -0.00419694   -2.2957e-08   0.00106211   -0.00513394   -0.00268747   -0.000173536   0.00209957   0.00440853   0.0070275   0.0108708   0.015287   -0.00242672   

495000
-10   -9   -8   -7   -6   -5   -4   -3   -2   -1   0   1   2   3   4   5   6   7   8   9   10   11   17   
-0.939547   -0.916527   -0.843056   -0.750761   -0.654738   -0.557247   -0.46212   -0.368337   -0.229816   -0.100351   1.37191e-09   0.100351   0.229817   0.368325   0.46211   0.557242   0.654738   0.750768   0.843074   0.916568   0.939647   0.766333   0.508101   
0.0417449   0.0274902   0.0190045   0.0150983   0.0123002   0.0102441   0.00854416   0.00697723   0.00589149   0.00541856   0.00528049   0.00541855   0.00589141   0.00697703   0.00854401   0.010244   0.0123001   0.0150984   0.0190046   0.0274915   0.0417589   0.0986084   0.156915   
-0.0152561   -0.0107952   -0.00697306   -0.00438758   -0.00207124   0.00019681   0.0027109   0.00515495   -0.0012955   -0.00418479   -2.95061e-10   0.00418485   0.0012952   -0.00515255   -0.00270895   -0.000195655   0.00207118   0.00438611   0.00696932   0.0107867   0.0152242   -0.0185665   -0.0317004   

500000
-10   -9   -8   -7   -6   -5   -4   -3   -2   -1   0   1   2   3   4   5   6   7   8   9   10   
-0.94411   -0.917606   -0.843429   -0.750704   -0.654902   -0.557335   -0.462184   -0.368374   -0.228894   -0.100273   5.7746e-10   0.100273   0.228893   0.368362   0.462175   0.55733   0.654902   0.75071   0.843447   0.917647   0.944212   
0.0409707   0.0271934   0.0188919   0.0150918   0.0122517   0.0102135   0.00852295   0.00696244   0.00587239   0.00539602   0.00525715   0.00539602   0.00587232   0.00696222   0.00852279   0.0102133   0.0122516   0.0150919   0.0188919   0.0271947   0.0409825   
-0.0151541   -0.0107194   -0.00691526   -0.00437695   -0.00204364   0.00021854   0.00273333   0.00517344   -0.00147892   -0.00418092   -1.27423e-10   0.00418096   0.00147901   -0.00517103   -0.00273135   -0.000217378   0.0020436   0.0043755   0.00691154   0.0107109   0.0151243   

505000
-10   -9   -8   -7   -6   -5   -4   -3   -2   -1   0   1   2   3   4   5   6   7   8   9   10   
-0.950875   -0.918572   -0.843805   -0.750528   -0.655059   -0.557419   -0.462245   -0.368406   -0.228038   -0.100168   1.13152e-11   0.100168   0.228038   0.368394   0.462236   0.557414   0.655059   0.750534   0.843823   0.918612   0.95099   
0.0397891   0.0269311   0.0187791   0.015112   0.0122048   0.0101838   0.00850273   0.00694893   0.00585422   0.00537455   0.005235   0.00537454   0.00585416   0.00694871   0.00850257   0.0101837   0.0122047   0.0151121   0.0187791   0.0269323   0.0397975   
-0.0149774   -0.010649   -0.00685626   -0.00438234   -0.00201671   0.00023984   0.00275538   0.00519163   -0.00164785   -0.0041828   7.31298e-11   0.00418284   0.00164787   -0.00518922   -0.00275341   -0.000238671   0.0020167   0.0043809   0.00685256   0.0106407   0.0149481   

510000
-10   -9   -8   -7   -6   -5   -4   -3   -2   -1   0   1   2   3   4   5   6   7   8   9   10   11   
-0.960497   -0.919455   -0.844182   -0.750185   -0.655209   -0.557501   -0.462302   -0.368433   -0.227158   -0.100044   1.59326e-09   0.100044   0.227158   0.368421   0.462293   0.557495   0.655209   0.750191   0.8442   0.919495   0.960622   0.855757   
0.0380486   0.0266928   0.0186663   0.0151701   0.0121592   0.010155   0.00848344   0.00693711   0.00583696   0.00535416   0.00521398   0.00535415   0.00583692   0.00693688   0.00848327   0.0101548   0.0121591   0.0151704   0.0186663   0.026694   0.0380512   0.071476   
-0.0146577   -0.0105819   -0.00679618   -0.00441018   -0.00199033   0.000260791   0.00277712   0.00520958   -0.00182209   -0.00418872   -3.18766e-10   0.00418876   0.00182207   -0.00520715   -0.00277514   -0.000259615   0.0019903   0.00440878   0.0067925   0.0105737   0.0146326   -0.00391885   

515000
-10   -9   -8   -7   -6   -5   -4   -3   -2   -1   0   1   2   3   4   5   6   7   8   9   10   11   
-0.971777   -0.920279   -0.84456   -0.749808   -0.655355   -0.557579   -0.462354   -0.368455   -0.226307   -0.0999137   3.6439e-11   0.0999136   0.226307   0.368443   0.462344   0.557573   0.655355   0.749817   0.844578   0.920318   0.971911   0.85604   
0.0359255   0.0264712   0.0185536   0.0152395   0.0121147   0.010127   0.00846542   0.0069266   0.00581755   0.00533482   0.00519415   0.00533481   0.0058175   0.00692638   0.00846526   0.0101268   0.0121146   0.0152393   0.0185536   0.0264724   0.0359229   0.0715721   
-0.0141782   -0.0105166   -0.00673516   -0.00444674   -0.00196446   0.000281389   0.00279841   0.00522728   -0.00198981   -0.00419607   -9.60672e-12   0.0041961   0.00198975   -0.00522488   -0.00279638   -0.00028023   0.00196445   0.00444508   0.00673149   0.0105084   0.0141547   -0.00405053   

520000
-10   -9   -8   -7   -6   -5   -4   -3   -2   -1   0   1   2   3   4   5   6   7   8   9   10   11   
-0.97771   -0.921059   -0.844939   -0.750205   -0.655496   -0.557654   -0.462402   -0.368473   -0.225491   -0.0999305   -6.42907e-09   0.0999303   0.225491   0.368461   0.462393   0.557648   0.655496   0.750213   0.844957   0.921098   0.977818   0.857046   
0.0347477   0.0262609   0.0184413   0.0151413   0.0120712   0.0100997   0.00844833   0.00691752   0.00579655   0.00531634   0.00517543   0.00531633   0.0057965   0.00691729   0.00844814   0.0100996   0.0120711   0.0151411   0.0184413   0.026262   0.0347483   0.0713997   
-0.0138608   -0.0104518   -0.00667335   -0.00439396   -0.0019389   0.000301706   0.00281937   0.0052448   -0.00214957   -0.00417717   2.53518e-09   0.00417721   0.00214948   -0.00524236   -0.00281744   -0.000300505   0.00193887   0.00439233   0.00666972   0.0104437   0.0138395   -0.00394733   

525000
-10   -9   -8   -7   -6   -5   -4   -2   -1   0   1   2   4   5   6   7   8   9   10   11   16   
-0.982216   -0.921812   -0.845318   -0.75058   -0.655634   -0.557726   -0.462446   -0.224672   -0.100009   -1.01471e-09   0.100009   0.224673   0.462437   0.55772   0.655634   0.750588   0.845336   0.921851   0.982317   0.859985   0.483556   
0.0338174   0.0260571   0.0183297   0.0150484   0.0120287   0.0100733   0.00843216   0.00577648   0.00529691   0.00515779   0.0052969   0.00577646   0.00843198   0.0100732   0.0120286   0.0150482   0.0183297   0.0260582   0.0338181   0.070539   0.143743   
-0.0135826   -0.0103863   -0.00661094   -0.00434349   -0.00191367   0.000321684   0.00284002   -0.00231002   -0.00414432   3.36346e-10   0.00414436   0.00230992   -0.00283804   -0.000320486   0.00191366   0.00434188   0.00660733   0.0103783   0.0135624   -0.00324319   -0.0271216   

530000
-10   -9   -8   -7   -6   -5   -4   -3   -2   0   1   2   3   4   5   6   7   8   9   10   
-0.985676   -0.922548   -0.845696   -0.750934   -0.655768   -0.557796   -0.462487   -0.368534   -0.223849   6.62879e-08   0.100086   0.22385   0.368521   0.462478   0.55779   0.655768   0.750941   0.845713   0.922587   0.985768   
0.0330813   0.0258565   0.018219   0.0149603   0.0119871   0.0100476   0.00841688   0.00689546   0.00575729   0.00514137   0.00527546   0.00575723   0.00689525   0.0084167   0.0100474   0.011987   0.0149602   0.0182189   0.0258575   0.0330828   
-0.0133436   -0.0103192   -0.00654812   -0.00429513   -0.00188877   0.000341349   0.00286031   0.00528106   -0.00247166   -1.36667e-08   0.00410753   0.00247153   -0.00527862   -0.00285831   -0.000340165   0.00188876   0.00429355   0.00654454   0.0103112   0.0133246   

535000
-10   -9   -8   -7   -6   -5   -4   -3   -2   -1   0   1   2   3   4   5   6   7   8   9   10   11   
-0.987835   -0.923277   -0.846073   -0.751269   -0.655898   -0.557863   -0.462525   -0.368576   -0.223024   -0.100134   4.06783e-11   0.100134   0.223025   0.368564   0.462516   0.557857   0.655898   0.751276   0.84609   0.923315   0.987919   0.957032   
0.0326006   0.0256562   0.0181094   0.0148766   0.0119462   0.0100226   0.0084024   0.00688216   0.00573903   0.00525502   0.00512334   0.00525502   0.00573901   0.00688194   0.00840222   0.0100224   0.0119461   0.0148765   0.0181093   0.0256572   0.0326036   0.0485025   
-0.0131701   -0.0102496   -0.0064851   -0.00424868   -0.00186414   0.0003607   0.00288025   0.00529976   -0.00263383   -0.00407693   -6.937e-12   0.00407696   0.0026337   -0.00529731   -0.00287826   -0.000359493   0.00186414   0.00424712   0.00648153   0.0102417   0.0131518   0.0156684   

540000
-10   -9   -8   -7   -6   -5   -4   -3   -2   0   2   3   4   5   6   7   8   9   10   11   
-0.988643   -0.924006   -0.846446   -0.751587   -0.656025   -0.557926   -0.46256   -0.368615   -0.2222   -6.19178e-09   0.222201   0.368602   0.462551   0.557921   0.656025   0.751594   0.846463   0.924044   0.988719   0.955681   
0.0323907   0.0254541   0.0180015   0.0147967   0.0119061   0.00999848   0.00838867   0.00687033   0.00572159   0.00510307   0.00572154   0.0068701   0.00838847   0.00999832   0.011906   0.0147966   0.0180014   0.025455   0.0323951   0.0486153   
-0.0130722   -0.010177   -0.00642215   -0.00420393   -0.0018398   0.000379631   0.0028999   0.00531827   -0.00279588   1.88734e-09   0.00279572   -0.00531581   -0.00289795   -0.000378457   0.0018398   0.00420239   0.00641861   0.0101691   0.0130544   0.015583   

545000
-10   -9   -8   -7   -6   -5   -3   -2   -1   0   2   3   5   6   7   8   9   10   
-0.988231   -0.92474   -0.846813   -0.75189   -0.65615   -0.557987   -0.368649   -0.221379   -0.100172   4.17079e-08   0.221379   0.368636   0.557981   0.65615   0.751897   0.84683   0.924778   0.988295   
0.0324265   0.0252486   0.0178956   0.0147202   0.0118666   0.00997516   0.0068597   0.00570495   0.00521708   0.00508396   0.00570489   0.00685946   0.00997502   0.0118665   0.0147201   0.0178955   0.0252494   0.0324323   
-0.0130455   -0.0101009   -0.00635956   -0.00416064   -0.00181561   0.000398186   0.00533659   -0.00295747   -0.00402777   -1.11185e-08   0.00295729   -0.00533412   -0.000396969   0.00181558   0.00415914   0.00635605   0.010093   0.013029   

550000
-10   -9   -8   -7   -6   -5   -4   -3   -2   0   1   2   3   4   5   6   7   8   9   15   
-0.986777   -0.925484   -0.847174   -0.752179   -0.656272   -0.558045   -0.462652   -0.368679   -0.220611   -4.36305e-10   0.100176   0.22061   0.368667   0.462643   0.55804   0.656272   0.752186   0.847191   0.925521   0.46636   
0.0326689   0.0250386   0.0177921   0.0146468   0.0118279   0.00995252   0.00835795   0.00685032   0.00568913   0.00506594   0.00519953   0.00568907   0.0068501   0.00835781   0.00995238   0.0118278   0.0146466   0.0177921   0.0250393   0.130456   
-0.0130794   -0.0100209   -0.00629762   -0.00411865   -0.0017917   0.000416406   0.00293967   0.00535474   -0.00310733   1.06387e-10   0.00400657   0.00310749   -0.00535231   -0.00293766   -0.000415182   0.00179174   0.00411717   0.00629414   0.0100131   -0.0207906   

555000
-10   -9   -8   -7   -6   -5   -4   -3   -2   -1   0   1   2   3   4   5   6   7   8   9   10   16   18   
-0.984482   -0.926238   -0.847526   -0.752457   -0.656391   -0.558101   -0.462714   -0.3683   -0.220119   -0.100173   -9.5962e-10   0.100173   0.220118   0.368305   0.462704   0.558096   0.65639   0.752464   0.847543   0.926276   0.98454   0.778505   0.833239   
0.0330742   0.0248237   0.0176917   0.0145759   0.01179   0.00993053   0.00833993   0.00683962   0.00567457   0.00518291   0.00504891   0.00518293   0.00567452   0.00683948   0.00833978   0.00993038   0.0117899   0.0145758   0.0176917   0.0248243   0.0330818   0.205188   0.238799   
-0.0131585   -0.0099368   -0.00623658   -0.00407776   -0.00176816   0.000434288   0.00296005   0.00528496   -0.00319625   -0.0039869   2.83545e-10   0.00398691   0.00319632   -0.00528622   -0.00295803   -0.000433057   0.0017682   0.00407629   0.00623314   0.00992904   0.0131414   -0.0656185   -0.0826388   

560000
-9   -8   -7   -6   -5   -4   -3   -2   -1   0   1   2   3   4   5   6   7   8   9   15   
-0.927006   -0.847866   -0.752724   -0.656507   -0.558155   -0.462773   -0.367298   -0.219563   -0.100223   2.14584e-10   0.100223   0.219563   0.367302   0.462763   0.55815   0.656506   0.75273   0.847883   0.927043   0.464018   
0.0246037   0.0175947   0.0145074   0.0117527   0.0099092   0.00832272   0.00682597   0.00566081   0.00516689   0.00503284   0.00516688   0.00566077   0.00682582   0.00832255   0.00990905   0.0117526   0.0145072   0.0175947   0.0246042   0.130972   
-0.00984869   -0.00617706   -0.00403781   -0.00174474   0.000451813   0.00298014   0.00508121   -0.003299   -0.00396017   -3.02683e-11   0.00396019   0.00329903   -0.00508233   -0.00297812   -0.000450583   0.00174488   0.00403636   0.00617356   0.00984097   -0.0214558   

565000
-9   -8   -7   -6   -5   -4   -3   -2   -1   0   1   2   3   4   5   6   7   8   9   11   17   
-0.927785   -0.848191   -0.752987   -0.65662   -0.558207   -0.462828   -0.366319   -0.219011   -0.100307   -1.95407e-09   0.100307   0.219011   0.366324   0.462818   0.558202   0.65662   0.752994   0.848207   0.927821   0.938725   0.803822   
0.0243789   0.0175023   0.0144402   0.011716   0.00988842   0.00830627   0.00681274   0.00564328   0.00515154   0.0050178   0.00515154   0.00564324   0.0068126   0.00830609   0.00988827   0.0117159   0.0144401   0.0175023   0.0243795   0.0508728   0.221767   
-0.00975662   -0.00611936   -0.00399872   -0.0017217   0.000468965   0.00299997   0.00488293   -0.00340155   -0.00392914   6.39194e-10   0.00392916   0.00340154   -0.00488402   -0.00299795   -0.000467741   0.00172176   0.00399728   0.00611592   0.00974922   0.0140028   -0.0731924   

570000
-10   -9   -8   -7   -6   -5   -4   -3   -2   -1   0   1   2   4   5   6   7   8   9   10   11   
-0.980069   -0.928574   -0.848498   -0.753242   -0.656732   -0.558258   -0.462881   -0.365368   -0.218444   -0.10037   -2.80456e-10   0.10037   0.218444   0.462871   0.558252   0.656732   0.753249   0.848514   0.928611   0.980161   0.942682   
0.0338286   0.0241499   0.0174147   0.0143748   0.0116798   0.00986819   0.00829057   0.00680031   0.00562543   0.00513705   0.00500369   0.00513705   0.00562539   0.0082904   0.00986804   0.0116797   0.0143747   0.0174147   0.0241504   0.0338317   0.0503273   
-0.0133092   -0.00966097   -0.00606395   -0.00396029   -0.00169876   0.000485745   0.00301953   0.00469116   -0.00350772   -0.00390133   7.43612e-11   0.00390135   0.00350769   -0.0030175   -0.000484503   0.00169882   0.00395887   0.00606062   0.00965336   0.0132896   0.0141951   

575000
-10   -9   -8   -7   -6   -5   -4   -3   -2   -1   0   1   2   3   4   5   6   7   8   9   10   11   18   
-0.982324   -0.929376   -0.848783   -0.75349   -0.656842   -0.558307   -0.46293   -0.364453   -0.21786   -0.100446   -2.64172e-09   0.100446   0.217861   0.364457   0.46292   0.5583   0.656842   0.753497   0.848799   0.929412   0.98241   0.945392   0.529429   
0.0334063   0.0239168   0.017333   0.014311   0.0116442   0.00984863   0.00827556   0.0067839   0.00560846   0.00512131   0.00499051   0.00512131   0.00560842   0.00678376   0.0082754   0.0098485   0.011644   0.0143108   0.0173331   0.0239171   0.0334103   0.0499638   0.16966   
-0.0132073   -0.0095612   -0.00601152   -0.00392246   -0.00167605   0.000502081   0.00303878   0.00450403   -0.00361752   -0.00386827   7.48488e-10   0.0038683   0.00361747   -0.00450507   -0.00303673   -0.000500755   0.00167612   0.00392105   0.00600823   0.00955374   0.0131882   0.014337   -0.0383342   

580000
-10   -9   -8   -7   -6   -5   -4   -3   -2   -1   1   2   3   4   5   6   7   8   9   10   
-0.984176   -0.930188   -0.849043   -0.753731   -0.65695   -0.558353   -0.462977   -0.363557   -0.217265   -0.100543   0.100543   0.217266   0.363561   0.462967   0.558347   0.656949   0.753738   0.849058   0.930224   0.984262   
0.033063   0.02368   0.017258   0.0142486   0.0116091   0.00982969   0.00826125   0.00676819   0.00559227   0.00510377   0.00510377   0.00559223   0.00676805   0.0082611   0.00982954   0.011609   0.0142484   0.0172581   0.0236803   0.0330667   
-0.0131202   -0.00945795   -0.00596255   -0.00388508   -0.00165361   0.000517981   0.00305778   0.00432116   -0.00372992   -0.00382801   0.00382803   0.00372986   -0.00432219   -0.00305575   -0.000516728   0.00165368   0.00388368   0.0059593   0.00945062   0.0131011   

585000
-10   -9   -8   -7   -6   -5   -4   -3   -2   -1   0   1   2   3   4   5   6   7   8   9   10   11   
-0.98579   -0.931012   -0.849272   -0.753966   -0.657055   -0.558398   -0.463022   -0.362675   -0.216661   -0.100629   7.27203e-10   0.100629   0.216661   0.362678   0.463012   0.558392   0.657054   0.753973   0.849287   0.931048   0.985871   0.949294   
0.0327645   0.0234396   0.0171907   0.0141873   0.0115748   0.00981136   0.00824756   0.00675311   0.00557684   0.00508715   0.00496245   0.00508715   0.00557682   0.00675297   0.00824741   0.0098112   0.0115746   0.0141872   0.0171909   0.0234398   0.0327685   0.0494545   
-0.0130428   -0.009351   -0.0059178   -0.00384808   -0.00163147   0.000533407   0.00307656   0.00414163   -0.00384444   -0.00379013   -1.74944e-10   0.00379014   0.00384437   -0.00414264   -0.00307453   -0.000532166   0.00163158   0.00384669   0.00591459   0.00934362   0.0130246   0.0145483   

590000
-10   -9   -8   -7   -6   -5   -4   -3   -2   -1   0   1   2   3   4   5   6   7   8   9   10   11   12   
-0.987231   -0.931779   -0.849465   -0.754197   -0.657157   -0.55846   -0.463064   -0.361804   -0.21605   -0.100707   -1.44178e-09   0.100707   0.21605   0.361808   0.463054   0.558454   0.657156   0.754203   0.849479   0.931815   0.987311   0.950825   0.614006   
0.0324983   0.0232175   0.0171327   0.0141272   0.0115412   0.00978998   0.00823452   0.00673859   0.00556214   0.00507142   0.00494596   0.00507141   0.00556212   0.00673846   0.00823434   0.00978986   0.011541   0.0141271   0.0171329   0.0232176   0.0325024   0.0492592   0.0494517   
-0.0129717   -0.00925168   -0.00587817   -0.0038114   -0.00160969   0.000550068   0.00309511   0.00396481   -0.00396066   -0.0037542   3.79499e-10   0.00375422   0.00396058   -0.00396581   -0.00309305   -0.000548792   0.00160983   0.00381002   0.00587499   0.00924437   0.0129537   0.0146321   0.0190547   

595000
-10   -9   -8   -7   -6   -5   -4   -3   -2   -1   0   1   2   3   4   5   6   7   8   9   10   11   
-0.98854   -0.932541   -0.849612   -0.754422   -0.657254   -0.55854   -0.463104   -0.360943   -0.215436   -0.100777   -5.85648e-10   0.100777   0.215436   0.360947   0.463094   0.558534   0.657254   0.754429   0.849626   0.932577   0.98862   0.952198   
0.032257   0.022997   0.0170858   0.0140681   0.0115085   0.00976541   0.00822227   0.0067246   0.00554827   0.00505653   0.00493045   0.00505653   0.00554821   0.00672446   0.00822209   0.00976529   0.0115084   0.0140679   0.017086   0.0229971   0.0322606   0.0490858   
-0.0129054   -0.00915112   -0.0058448   -0.00377499   -0.00158847   0.00056814   0.00311336   0.00379029   -0.00407743   -0.00372002   4.10688e-10   0.00372003   0.00407733   -0.00379129   -0.00311129   -0.000566877   0.00158852   0.00377362   0.00584165   0.00914384   0.0128873   0.0147085   

600000
-10   -9   -8   -7   -6   -5   -4   -3   -2   -1   0   1   2   3   4   5   6   7   8   9   10   11   
-0.989743   -0.933298   -0.849702   -0.754644   -0.657347   -0.558616   -0.463139   -0.360106   -0.215024   -0.10084   -2.19107e-10   0.10084   0.215023   0.360109   0.463129   0.55861   0.657346   0.75465   0.849716   0.933333   0.989822   0.953455   
0.0320345   0.0227783   0.0170524   0.0140098   0.0114771   0.00974154   0.00821094   0.00671075   0.00553553   0.00504247   0.00491591   0.00504248   0.0055355   0.00671063   0.00821075   0.00974143   0.011477   0.0140097   0.0170526   0.0227783   0.032038   0.0489278   
-0.0128431   -0.00904923   -0.0058191   -0.00373883   -0.00156784   0.000585931   0.00313124   0.00362097   -0.00414938   -0.00368745   4.82672e-11   0.00368745   0.00414951   -0.00362187   -0.00312919   -0.00058463   0.00156796   0.00373746   0.00581598   0.00904208   0.0128252   0.0147796   

605000
-10   -9   -8   -7   -6   -5   -4   -3   -2   -1   0   1   2   3   4   5   6   7   8   9   10   11   
-0.990864   -0.934045   -0.84972   -0.754861   -0.657436   -0.55869   -0.46318   -0.359294   -0.214717   -0.100937   -2.9092e-09   0.100937   0.214717   0.359297   0.46317   0.558684   0.657435   0.754868   0.849734   0.93408   0.990942   0.954629   
0.0318267   0.022563   0.0170362   0.0139524   0.0114467   0.00971846   0.00819884   0.00669717   0.00552379   0.00502837   0.00490224   0.00502836   0.00552376   0.00669705   0.00819871   0.00971831   0.0114466   0.0139522   0.0170365   0.022563   0.0318302   0.0487802   
-0.0127836   -0.00894684   -0.00580315   -0.00370291   -0.00154777   0.000603335   0.00314921   0.003457   -0.004198   -0.00365477   9.34674e-10   0.00365478   0.00419808   -0.00345791   -0.00314714   -0.00060211   0.00154787   0.00370155   0.00580007   0.00893968   0.012766   0.0148487   

610000
-10   -9   -8   -7   -6   -5   -4   -3   -1   0   1   2   3   4   5   6   7   8   9   10   11   18   
-0.991919   -0.934774   -0.84965   -0.755075   -0.65752   -0.558761   -0.463242   -0.358489   -0.101027   -7.30433e-10   0.101027   0.214355   0.358492   0.463232   0.558755   0.657519   0.755081   0.849664   0.934808   0.991995   0.955757   0.528731   
0.0316304   0.022353   0.0170405   0.0138958   0.0114175   0.009696   0.00818265   0.00668416   0.00501503   0.00488941   0.00501502   0.00551277   0.00668404   0.00818251   0.0096959   0.0114174   0.0138957   0.0170408   0.022353   0.031634   0.0486384   0.170316   
-0.0127262   -0.00884485   -0.00579857   -0.00366726   -0.00152836   0.000620516   0.00316814   0.00329484   -0.00362341   1.89446e-10   0.00362342   0.0042587   -0.00329574   -0.00316608   -0.00061918   0.00152847   0.00366594   0.00579552   0.00883776   0.0127089   0.0149108   -0.038608   

615000
-10   -9   -8   -7   -6   -5   -4   -3   -2   -1   0   1   2   3   4   5   6   7   8   9   10   11   
-0.992922   -0.935479   -0.849469   -0.755285   -0.6576   -0.55883   -0.463303   -0.35769   -0.214006   -0.101107   5.64637e-10   0.101107   0.214006   0.357693   0.463293   0.558824   0.657599   0.755291   0.849482   0.935513   0.992997   0.956856   
0.031443   0.0221505   0.017071   0.01384   0.0113892   0.00967413   0.00816707   0.00667168   0.00549727   0.00500246   0.00487739   0.00500246   0.00549725   0.00667156   0.00816692   0.00967401   0.0113891   0.0138399   0.0170715   0.0221504   0.0314466   0.0484997   
-0.0126703   -0.00874426   -0.00580853   -0.00363188   -0.00150951   0.000637383   0.00318685   0.00313418   -0.00431785   -0.00359334   -1.37353e-10   0.00359335   0.00431788   -0.00313511   -0.00318477   -0.000636078   0.00150962   0.0036306   0.00580554   0.00873726   0.0126532   0.0149742   

620000
-10   -9   -8   -7   -6   -5   -4   -3   -2   -1   0   1   2   3   4   5   6   7   8   9   10   11   
-0.993883   -0.936152   -0.849147   -0.755491   -0.657676   -0.558897   -0.463361   -0.356897   -0.213633   -0.101179   -2.7952e-08   0.101179   0.213633   0.3569   0.46335   0.558891   0.657675   0.755497   0.84916   0.936186   0.993957   0.957953   
0.0312626   0.0219573   0.0171356   0.0137849   0.0113618   0.00965279   0.00815205   0.00665966   0.00548237   0.00499067   0.00486626   0.00499068   0.00548236   0.00665954   0.00815189   0.00965267   0.0113617   0.0137848   0.0171362   0.0219573   0.0312662   0.0483604   
-0.0126154   -0.00864617   -0.0058371   -0.00359668   -0.00149123   0.000654053   0.0032053   0.00297493   -0.00438238   -0.00356453   9.68795e-09   0.00356452   0.00438239   -0.00297585   -0.00320322   -0.000652739   0.00149136   0.00359541   0.00583416   0.00863926   0.0125986   0.015038   

625000
-10   -9   -8   -7   -6   -5   -4   -3   -2   -1   0   1   2   3   4   5   6   7   8   9   10   12   
-0.994813   -0.936785   -0.848626   -0.755695   -0.657748   -0.558962   -0.463417   -0.356109   -0.213241   -0.101245   -3.00696e-09   0.101245   0.213241   0.356112   0.463407   0.558956   0.657747   0.755701   0.848637   0.936818   0.994887   0.858618   
0.0310869   0.0217757   0.0172489   0.0137306   0.0113355   0.00963197   0.00813752   0.00664807   0.00546819   0.00497975   0.00485595   0.00497975   0.00546816   0.00664795   0.00813736   0.00963182   0.0113354   0.0137305   0.0172499   0.0217757   0.0310905   0.0923221   
-0.0125609   -0.00855175   -0.00589162   -0.00356174   -0.00147359   0.000670496   0.00322356   0.00281695   -0.00445083   -0.00353668   7.7913e-10   0.00353668   0.00445083   -0.00281788   -0.00322147   -0.000669229   0.00147373   0.00356048   0.00588886   0.00854492   0.0125443   -0.018968   

630000
-10   -9   -8   -7   -6   -5   -4   -3   -2   -1   0   1   2   3   4   5   6   7   8   9   10   11   12   13   
-0.99572   -0.937367   -0.847807   -0.755895   -0.657816   -0.559025   -0.463471   -0.355348   -0.212836   -0.101337   -9.55762e-10   0.101337   0.212836   0.355351   0.463461   0.559019   0.657815   0.755901   0.847817   0.937399   0.995793   0.96023   0.859235   0.503008   
0.0309147   0.0216081   0.0174371   0.0136771   0.0113103   0.00961164   0.00812346   0.00663688   0.00545468   0.00496691   0.00484644   0.00496693   0.00545465   0.00663677   0.00812328   0.00961149   0.0113102   0.013677   0.0174386   0.0216082   0.0309183   0.0480676   0.0923932   0.0843259   
-0.0125065   -0.00846235   -0.00598439   -0.00352708   -0.00145665   0.000686738   0.00324165   0.00266509   -0.00452237   -0.00350112   3.38407e-10   0.00350111   0.00452235   -0.00266581   -0.00323957   -0.000685435   0.00145679   0.00352584   0.00598184   0.0084556   0.0124902   0.0151681   -0.0190046   -0.00150443   

635000
-10   -9   -8   -7   -6   -5   -4   -3   -2   -1   0   1   2   3   4   5   6   7   8   9   10   11   12   
-0.996611   -0.937885   -0.848126   -0.756092   -0.657879   -0.559086   -0.463524   -0.354629   -0.212418   -0.101444   4.5774e-10   0.101444   0.212419   0.354632   0.463514   0.55908   0.657878   0.756097   0.848143   0.937915   0.996683   0.961445   0.859697   
0.0307446   0.0214579   0.0173586   0.0136243   0.0112863   0.00959177   0.00810992   0.00662601   0.00544189   0.00495307   0.00483559   0.00495307   0.00544186   0.00662591   0.00810973   0.00959165   0.0112862   0.0136241   0.0173584   0.0214581   0.0307481   0.0479098   0.0924628   
-0.0124519   -0.00837954   -0.00594466   -0.00349267   -0.00144046   0.000702773   0.00325955   0.00252251   -0.00459656   -0.00346134   -1.16812e-10   0.00346135   0.00459653   -0.00252325   -0.00325746   -0.000701425   0.00144061   0.00349144   0.00594126   0.0083733   0.0124357   0.0152408   -0.0190363   

640000
-10   -9   -8   -7   -6   -5   -4   -3   -2   -1   0   1   2   3   4   5   6   7   8   9   10   11   12   
-0.99749   -0.938324   -0.848548   -0.756286   -0.657937   -0.559146   -0.463574   -0.353913   -0.21199   -0.101544   1.10424e-09   0.101544   0.21199   0.353916   0.463564   0.55914   0.657936   0.756291   0.848565   0.938355   0.997561   0.962753   0.860054   
0.0305755   0.0213284   0.0172558   0.0135722   0.0112635   0.00957232   0.00809687   0.00661557   0.00542984   0.00494003   0.00482115   0.00494002   0.00542983   0.00661546   0.00809669   0.00957219   0.0112634   0.0135721   0.0172557   0.0213286   0.030579   0.0477387   0.0925295   
-0.0123967   -0.00830558   -0.00589257   -0.00345851   -0.00142513   0.000718581   0.00327727   0.00238056   -0.00467309   -0.00342326   -4.86739e-10   0.00342327   0.00467309   -0.00238131   -0.00327517   -0.000717249   0.00142528   0.00345734   0.0058892   0.00829902   0.0123807   0.0153085   -0.0190659   

645000
-10   -9   -8   -7   -6   -5   -4   -3   -2   -1   0   1   2   3   4   5   6   7   8   9   10   11   12   13   
-0.998362   -0.938671   -0.848953   -0.756474   -0.65799   -0.559205   -0.463623   -0.353212   -0.211557   -0.101637   1.03422e-10   0.101637   0.211556   0.353215   0.463613   0.559199   0.657989   0.75648   0.848969   0.938701   0.998435   0.964156   0.860331   0.48772   
0.0304066   0.0212231   0.0171577   0.013521   0.0112421   0.00955324   0.00808433   0.00660273   0.00541844   0.00492774   0.00480758   0.00492775   0.00541841   0.00660261   0.00808416   0.00955309   0.011242   0.0135209   0.0171576   0.0212235   0.0304098   0.0475546   0.0926031   0.0887739   
-0.0123407   -0.00824206   -0.00584231   -0.00342494   -0.00141078   0.00073422   0.0032948   0.00223978   -0.00475083   -0.00338674   -1.4028e-11   0.00338674   0.00475084   -0.00224055   -0.0032927   -0.000732885   0.00141094   0.00342374   0.00583897   0.00823557   0.0123244   0.0153876   -0.0190911   -0.0034254   

650000
-10   -9   -8   -7   -6   -5   -4   -3   -2   -1   0   1   2   3   4   5   6   7   8   9   10   11   12   
-0.999233   -0.938903   -0.84934   -0.75666   -0.658037   -0.559262   -0.463669   -0.352519   -0.21112   -0.101723   8.76733e-10   0.101723   0.21112   0.352522   0.463659   0.559256   0.658036   0.756666   0.849356   0.938932   0.999303   0.965685   0.860523   
0.030237   0.0211469   0.0170639   0.0134707   0.0112221   0.00953459   0.00807256   0.00658915   0.0054077   0.00491626   0.00479481   0.00491626   0.00540767   0.00658904   0.00807239   0.00953447   0.011222   0.0134705   0.0170637   0.0211474   0.0302402   0.0473532   0.092673   
-0.0122837   -0.00819155   -0.00579375   -0.00339168   -0.0013975   0.0007496   0.00331204   0.00209982   -0.00482922   -0.0033518   -5.65234e-10   0.0033518   0.00482918   -0.00210061   -0.00330994   -0.000748279   0.00139766   0.00339049   0.00579045   0.00818517   0.0122678   0.015469   -0.0191222   

655000
-10   -9   -8   -7   -6   -5   -4   -3   -2   -1   0   1   2   3   4   5   6   7   8   9   10   11   13   
-1.0001   -0.938992   -0.849713   -0.756841   -0.658076   -0.559318   -0.463712   -0.351828   -0.210917   -0.101808   4.23436e-09   0.101808   0.210917   0.351831   0.463702   0.559312   0.658075   0.756846   0.849729   0.939021   1.00017   0.967361   0.483588   
0.0300661   0.0211065   0.0169739   0.0134215   0.0112039   0.00951634   0.00806146   0.00657606   0.00539827   0.00490429   0.0047828   0.00490434   0.00539826   0.00657596   0.00806128   0.00951621   0.0112038   0.0134213   0.0169738   0.0211073   0.0300693   0.0471321   0.0899013   
-0.0122254   -0.00815731   -0.00574678   -0.00335898   -0.00138545   0.000764812   0.00332903   0.00196043   -0.00485566   -0.00332331   -1.08985e-09   0.0033233   0.00485574   -0.00196122   -0.00332692   -0.000763468   0.00138559   0.00335783   0.00574351   0.00815105   0.0122098   0.0155554   -0.00392246   

660000
-10   -9   -8   -7   -6   -5   -4   -3   -1   0   1   2   3   4   5   6   7   8   9   10   11   12   
-1.00098   -0.9389   -0.850071   -0.757016   -0.658107   -0.559372   -0.463753   -0.351139   -0.101888   -3.23776e-10   0.101888   0.210731   0.351142   0.463743   0.559366   0.658106   0.757022   0.850087   0.938928   1.00105   0.969205   0.860752   
0.0298936   0.0211113   0.0168876   0.0133735   0.0111878   0.0094985   0.00805085   0.00656341   0.00489302   0.0047715   0.00489302   0.00538962   0.00656332   0.00805066   0.00949837   0.0111877   0.0133733   0.0168875   0.0211123   0.0298967   0.0468888   0.0928287   
-0.0121657   -0.0081436   -0.00570128   -0.00332692   -0.00137478   0.000779827   0.00334583   0.00182165   -0.00329559   1.11024e-10   0.0032956   0.00487818   -0.00182244   -0.00334373   -0.000778479   0.00137497   0.00332575   0.00569805   0.00813749   0.0121504   0.0156508   -0.0191791   

665000
-10   -9   -8   -7   -6   -5   -4   -3   -2   -1   0   1   2   3   4   5   6   7   8   9   10   11   12   
-1.00186   -0.938572   -0.850416   -0.757187   -0.658128   -0.559425   -0.463793   -0.350453   -0.210542   -0.101963   -1.48212e-09   0.101963   0.210542   0.350456   0.463783   0.559419   0.658128   0.757192   0.850431   0.938599   1.00193   0.97126   0.860868   
0.0297183   0.021175   0.0168045   0.0133265   0.0111739   0.00948106   0.00804062   0.00655113   0.00537716   0.00488246   0.00476099   0.00488246   0.00537714   0.00655102   0.00804044   0.00948093   0.0111738   0.0133264   0.0168044   0.0211763   0.0297212   0.0466193   0.0928873   
-0.0121044   -0.00815609   -0.00565716   -0.00329544   -0.00136578   0.000794642   0.00336247   0.00168352   -0.00490276   -0.00326848   3.98806e-10   0.00326847   0.0049028   -0.00168434   -0.00336035   -0.000793291   0.00136593   0.00329429   0.00565395   0.00815001   0.0120893   0.0157412   -0.0192022   

670000
-10   -9   -8   -7   -6   -5   -4   -3   -2   -1   0   1   2   3   4   5   6   7   8   9   10   11   12   
-1.00275   -0.937922   -0.850748   -0.757353   -0.658138   -0.559477   -0.463832   -0.34977   -0.210325   -0.102033   -1.85619e-09   0.102033   0.210325   0.349773   0.463822   0.55947   0.658137   0.757358   0.850764   0.937947   1.00282   0.973542   0.861021   
0.0295399   0.0213186   0.0167245   0.0132807   0.0111628   0.00946401   0.00803071   0.00653918   0.00536456   0.00487265   0.00475116   0.00487265   0.00536454   0.00653908   0.00803052   0.00946388   0.0111627   0.0132806   0.0167244   0.0213205   0.0295427   0.0463221   0.092937   
-0.0120412   -0.00820359   -0.00561429   -0.00326462   -0.00135867   0.000809258   0.00337891   0.00154614   -0.00493374   -0.00324187   5.09355e-10   0.00324187   0.00493377   -0.00154695   -0.0033768   -0.000807894   0.00135883   0.00326347   0.00561112   0.00819768   0.0120263   0.01584   -0.0192124   

675000
-10   -9   -8   -7   -6   -5   -4   -3   -2   -1   0   1   2   3   4   5   6   7   8   9   10   11   12   
-1.00365   -0.936833   -0.85107   -0.757513   -0.658134   -0.559527   -0.463879   -0.34909   -0.210085   -0.1021   -3.08934e-10   0.1021   0.210085   0.349094   0.463868   0.55952   0.658133   0.757518   0.851085   0.936854   1.00372   0.976093   0.861212   
0.0293587   0.0215729   0.0166473   0.0132362   0.0111548   0.00944735   0.00801947   0.00652757   0.00535259   0.00486358   0.00474201   0.00486358   0.00535256   0.00652748   0.00801931   0.00944722   0.0111547   0.0132361   0.0166472   0.0215758   0.0293615   0.0459925   0.0929616   
-0.0119763   -0.0082977   -0.00557258   -0.00323451   -0.00135378   0.000823662   0.00339558   0.00140949   -0.00496968   -0.00321582   9.44657e-11   0.00321582   0.0049697   -0.0014103   -0.00339344   -0.000822298   0.00135393   0.00323338   0.00556943   0.00829216   0.0119616   0.0159396   -0.0192187   

680000
-10   -8   -7   -5   -4   -3   -2   -1   0   1   2   3   4   5   7   8   9   10   11   
-1.00456   -0.85138   -0.757667   -0.559575   -0.463941   -0.348414   -0.209829   -0.102162   -3.52219e-09   0.102162   0.209829   0.348418   0.46393   0.559569   0.757673   0.851395   0.935053   1.00463   0.97896   
0.0291747   0.0165726   0.013193   0.00943111   0.00800528   0.00651628   0.00534133   0.00485519   0.00473351   0.00485519   0.00534132   0.00651619   0.00800513   0.00943097   0.0131929   0.0165725   0.0220136   0.0291775   0.045626   
-0.0119098   -0.00553192   -0.00320522   0.000837833   0.00341297   0.00127361   -0.00500911   -0.00319017   1.03039e-09   0.00319017   0.00500912   -0.00127443   -0.00341083   -0.000836466   0.0032041   0.0055288   0.00845797   0.0118951   0.0160354   

685000
-10   -9   -8   -7   -6   -5   -4   -3   -2   -1   0   1   2   3   4   5   6   7   8   9   10   11   18   
-1.00548   -0.935433   -0.851682   -0.757815   -0.658167   -0.559622   -0.464001   -0.347742   -0.20956   -0.102232   -3.16983e-10   0.102232   0.20956   0.347745   0.463991   0.559616   0.658166   0.75782   0.851696   0.935468   1.00554   0.982175   0.52564   
0.0289878   0.0219127   0.0165001   0.0131513   0.0111305   0.00941543   0.00799151   0.00650531   0.00533066   0.0048466   0.00472576   0.00484658   0.00533065   0.00650522   0.00799137   0.00941529   0.0111304   0.0131512   0.0165   0.0219124   0.0289905   0.0452194   0.171165   
-0.0118412   -0.00842172   -0.00549223   -0.00317688   -0.00133948   0.00085168   0.0034302   0.00113854   -0.00505112   -0.00316227   7.47257e-11   0.00316228   0.00505112   -0.00113937   -0.00342806   -0.000850309   0.00133966   0.00317577   0.00548914   0.0084147   0.0118266   0.0161247   -0.0400412   

690000
-10   -9   -8   -7   -6   -5   -4   -3   -2   -1   0   1   2   3   4   5   6   7   8   9   10   11   16   
-1.0064   -0.936229   -0.851974   -0.757954   -0.658278   -0.559667   -0.464061   -0.347141   -0.20928   -0.102341   -5.00977e-10   0.102341   0.209281   0.347143   0.46405   0.559661   0.658277   0.757959   0.851989   0.936263   1.00647   0.985776   0.484319   
0.0287982   0.021719   0.0164298   0.0131117   0.0110986   0.00940011   0.00797814   0.0064947   0.00532059   0.00483516   0.0047187   0.00483515   0.00532057   0.00649461   0.00797799   0.00939997   0.0110985   0.0131115   0.0164297   0.0217187   0.0288008   0.044769   0.143849   
-0.0117706   -0.00834168   -0.0054534   -0.00314973   -0.00132006   0.000865309   0.00344727   0.00101951   -0.00509528   -0.00312459   1.36242e-10   0.00312459   0.00509528   -0.00102004   -0.00344514   -0.000863928   0.00132023   0.00314864   0.00545034   0.00833477   0.0117563   0.0162078   -0.0279409   

695000
-10   -9   -8   -7   -6   -5   -4   -3   -2   -1   0   1   2   3   4   5   6   7   8   9   10   11   
-1.00734   -0.936974   -0.852258   -0.758083   -0.658385   -0.559711   -0.464118   -0.346554   -0.208993   -0.102443   -3.27145e-10   0.102443   0.208993   0.346556   0.464108   0.559705   0.658385   0.758088   0.852273   0.937008   1.0074   0.989883   
0.0286058   0.0215389   0.0163614   0.0130741   0.0110675   0.00938514   0.00796513   0.00648462   0.0053111   0.00482449   0.00470944   0.00482448   0.00531107   0.00648452   0.00796498   0.00938499   0.0110674   0.013074   0.0163613   0.0215387   0.0286083   0.0442638   
-0.0116983   -0.00826576   -0.00541538   -0.00312389   -0.00130105   0.000878723   0.00346421   0.000903935   -0.00514122   -0.00308805   8.71574e-11   0.00308805   0.00514123   -0.000904532   -0.00346205   -0.000877355   0.00130122   0.00312281   0.00541233   0.00825901   0.011684   0.0162707   

700000
-10   -9   -8   -7   -6   -5   -4   -3   -2   -1   0   1   2   3   4   5   6   7   8   9   10   11   12   
-1.00828   -0.93768   -0.852535   -0.7582   -0.65849   -0.559754   -0.464175   -0.345964   -0.208697   -0.102541   7.981e-11   0.102541   0.208697   0.345966   0.464164   0.559748   0.658489   0.758205   0.85255   0.937713   1.00835   0.994559   0.695925   
0.0284108   0.0213694   0.0162947   0.0130392   0.0110371   0.00937049   0.0079525   0.00647491   0.00530234   0.00481451   0.0046976   0.00481451   0.00530232   0.00647483   0.00795234   0.00937035   0.011037   0.0130391   0.0162946   0.0213693   0.0284131   0.0436969   0.037103   
-0.0116241   -0.00819304   -0.00537806   -0.00309979   -0.00128244   0.000891934   0.003481   0.000787685   -0.00518881   -0.00305268   -2.51149e-11   0.00305267   0.00518879   -0.000788273   -0.00347884   -0.000890553   0.00128262   0.00309861   0.00537504   0.00818643   0.0116099   0.0163096   0.0254481   

705000
-10   -9   -8   -7   -6   -5   -4   -3   -2   -1   0   1   2   3   4   5   6   7   8   9   10   11   
-1.00923   -0.938344   -0.852805   -0.758305   -0.658591   -0.559797   -0.46423   -0.345372   -0.208491   -0.102629   -1.35069e-09   0.102628   0.20849   0.345374   0.464219   0.55979   0.65859   0.75831   0.852819   0.938377   1.0093   0.999938   
0.0282133   0.0212112   0.0162296   0.0130071   0.0110075   0.00935616   0.00794021   0.00646556   0.00529445   0.00480472   0.00468646   0.00480472   0.00529443   0.00646548   0.00794005   0.00935601   0.0110074   0.013007   0.0162295   0.021211   0.0282155   0.0430542   
-0.0115481   -0.00812382   -0.00534141   -0.00307727   -0.00126422   0.0009049   0.00349765   0.000671046   -0.00521671   -0.00302145   2.9472e-10   0.00302147   0.00521678   -0.000671661   -0.00349548   -0.000903533   0.0012644   0.0030761   0.00533842   0.0081172   0.011534   0.0163121   

710000
-10   -9   -8   -7   -6   -5   -4   -3   -2   -1   0   1   2   3   4   5   6   7   8   9   10   11   
-1.01019   -0.938972   -0.853069   -0.758395   -0.658689   -0.559838   -0.464283   -0.344779   -0.20843   -0.102699   -4.58465e-10   0.102699   0.208429   0.344782   0.464272   0.559832   0.658688   0.7584   0.853083   0.939004   1.01026   1.00605   
0.0280137   0.0210621   0.016166   0.0129782   0.0109785   0.00934212   0.0079285   0.00645651   0.00528754   0.0047945   0.00467602   0.0047945   0.00528754   0.00645645   0.00792834   0.00934197   0.0109784   0.0129781   0.0161659   0.021062   0.0280158   0.0423333   
-0.0114704   -0.00805755   -0.00530532   -0.00305679   -0.00124635   0.000917679   0.00351409   0.000554301   -0.00521264   -0.00299779   2.26381e-10   0.00299778   0.0052127   -0.000554926   -0.00351191   -0.00091629   0.00124654   0.00305576   0.00530235   0.00805101   0.0114565   0.0162606   

715000
-10   -9   -8   -7   -6   -5   -4   -2   -1   0   1   2   4   6   7   8   9   10   11   12   
-1.01115   -0.939568   -0.853328   -0.758471   -0.658785   -0.55988   -0.464334   -0.208356   -0.102767   3.05199e-10   0.102767   0.208355   0.464323   0.658784   0.758476   0.853342   0.9396   1.01122   1.01291   0.868031   
0.0278123   0.0209211   0.0161036   0.0129524   0.0109502   0.00932822   0.00791725   0.00527849   0.00478494   0.00466624   0.00478494   0.00527847   0.00791711   0.0109501   0.0129524   0.0161035   0.020921   0.0278142   0.0415338   0.0916836   
-0.011391   -0.00799386   -0.00526975   -0.00303835   -0.00122878   0.000930231   0.00353034   -0.00521231   -0.00297426   -6.02827e-10   0.00297426   0.00521235   -0.00352818   0.00122903   0.00303734   0.0052668   0.0079874   0.0113773   0.0161326   -0.0185298   

720000
-10   -9   -8   -7   -6   -5   -4   -3   -2   -1   0   1   2   3   4   6   7   8   9   10   11   
-1.01212   -0.940137   -0.853581   -0.758531   -0.658878   -0.559921   -0.464384   -0.343605   -0.208273   -0.102832   -5.29835e-10   0.102832   0.208272   0.343607   0.464373   0.658878   0.758535   0.853595   0.940168   1.01218   1.02037   
0.0276091   0.0207872   0.0160424   0.0129304   0.0109225   0.00931459   0.00790637   0.0064372   0.00526781   0.00477609   0.00465707   0.00477608   0.0052678   0.00643711   0.00790621   0.0109224   0.0129304   0.0160424   0.0207871   0.027611   0.0406632   
-0.01131   -0.00793249   -0.00523465   -0.00302229   -0.00121164   0.000942552   0.00354645   0.000321309   -0.00521463   -0.0029509   1.42146e-10   0.00295089   0.00521466   -0.000321977   -0.00354426   0.00121181   0.00302129   0.00523172   0.00792609   0.0112967   0.0159265   

725000
-10   -9   -8   -7   -6   -5   -4   -3   -2   -1   0   1   2   3   4   5   6   7   8   9   10   11   18   
-1.01309   -0.94068   -0.853829   -0.758571   -0.658969   -0.55998   -0.464432   -0.34303   -0.208167   -0.102895   -4.32719e-10   0.102895   0.208166   0.343033   0.464421   0.559973   0.658968   0.758575   0.853843   0.940711   1.01315   1.02655   0.526307   
0.0274046   0.0206595   0.0159824   0.0129126   0.0108953   0.00929765   0.00789585   0.00642559   0.00525775   0.00476788   0.00464849   0.00476788   0.00525777   0.00642551   0.00789567   0.00929755   0.0108952   0.0129126   0.0159823   0.0206595   0.0274063   0.0399344   0.170938   
-0.0112276   -0.00787318   -0.00519998   -0.003009   -0.00119474   0.000956498   0.00356242   0.000205578   -0.00522175   -0.00292774   1.59627e-10   0.00292774   0.00522177   -0.000206246   -0.00356024   -0.000955071   0.00119496   0.00300804   0.00519706   0.00786685   0.0112143   0.0157067   -0.0401354   

730000
-10   -9   -8   -7   -6   -5   -4   -3   -2   -1   0   1   2   3   4   5   6   7   8   9   10   11   
-1.01407   -0.9412   -0.854073   -0.758588   -0.659058   -0.560045   -0.46448   -0.342457   -0.208042   -0.102955   -1.95434e-08   0.102955   0.208042   0.342459   0.464469   0.560039   0.659057   0.758593   0.854087   0.941231   1.01413   1.03176   
0.0271988   0.0205375   0.0159233   0.0129   0.0108687   0.00927972   0.0078856   0.00641429   0.00524823   0.0047603   0.00464049   0.0047603   0.00524821   0.00641421   0.00788541   0.00927961   0.0108686   0.0129   0.0159233   0.0205375   0.0272004   0.0393087   
-0.0111438   -0.00781571   -0.00516568   -0.00299897   -0.00117811   0.000970962   0.00357827   9.0197e-05   -0.00523268   -0.00290486   5.22438e-09   0.00290485   0.00523271   -9.08821e-05   -0.0035761   -0.000969534   0.00117834   0.00299797   0.00516278   0.00780944   0.0111305   0.0154996   

735000
-10   -9   -8   -7   -6   -5   -4   -3   -2   -1   0   1   2   3   4   5   6   7   8   9   10   11   17   
-1.01504   -0.9417   -0.854315   -0.758576   -0.659145   -0.560109   -0.464526   -0.341885   -0.207903   -0.103013   9.04752e-09   0.103013   0.207903   0.341888   0.464515   0.560102   0.659144   0.75858   0.854328   0.941731   1.0151   1.03689   0.805969   
0.0269919   0.0204205   0.0158653   0.0128937   0.0108426   0.00926216   0.00787569   0.00640326   0.00523925   0.00475334   0.00463315   0.00475335   0.00523924   0.00640318   0.0078755   0.00926206   0.0108425   0.0128937   0.0158652   0.0204205   0.0269935   0.038661   0.220208   
-0.0110583   -0.00775987   -0.00513202   -0.00299307   -0.00116172   0.000985244   0.00359399   -2.47394e-05   -0.00524677   -0.00288216   -1.68699e-09   0.00288216   0.00524677   2.40536e-05   -0.00359181   -0.000983813   0.00116194   0.00299209   0.00512915   0.00775366   0.0110454   0.0153047   -0.072952   

740000
-10   -9   -8   -7   -6   -5   -4   -3   -2   -1   0   1   2   3   4   5   6   7   8   9   10   11   12   
-1.01596   -0.942182   -0.854553   -0.758527   -0.65923   -0.560171   -0.464571   -0.341316   -0.20775   -0.103068   -3.34418e-10   0.103068   0.20775   0.341319   0.464561   0.560164   0.659229   0.758531   0.854567   0.942212   1.01602   1.04167   0.710638   
0.0267977   0.020308   0.0158082   0.0128956   0.010817   0.00924496   0.00786612   0.00639251   0.00523081   0.00474704   0.00462639   0.00474704   0.0052308   0.00639243   0.00786594   0.00924486   0.0108169   0.0128956   0.0158081   0.020308   0.0267992   0.0379954   0.0352408   
-0.0109771   -0.00770554   -0.00509881   -0.00299256   -0.00114557   0.000999354   0.00360951   -0.000139216   -0.00526351   -0.00285965   8.37423e-11   0.00285964   0.00526352   0.00013852   -0.00360732   -0.000997913   0.00114582   0.00299159   0.00509596   0.00769939   0.0109643   0.0151611   0.0260684   

745000
-10   -9   -8   -7   -6   -5   -4   -3   -2   0   2   3   4   5   6   7   8   9   10   11   12   
-1.01684   -0.942647   -0.854788   -0.758428   -0.659313   -0.560232   -0.464615   -0.340749   -0.207589   -1.47335e-10   0.207589   0.340752   0.464605   0.560225   0.659312   0.758432   0.854801   0.942677   1.0169   1.04619   0.902962   
0.026612   0.0201996   0.0157518   0.0129082   0.0107919   0.00922809   0.0078568   0.00638201   0.00522303   0.0046202   0.00522302   0.00638194   0.00785662   0.009228   0.0107918   0.0129083   0.0157517   0.0201996   0.0266134   0.0373532   0.0828517   
-0.0108986   -0.00765257   -0.00506587   -0.00299904   -0.00112971   0.0010133   0.00362492   -0.000253162   -0.00528202   3.82929e-11   0.00528202   0.000252464   -0.00362272   -0.00101185   0.00112992   0.00299809   0.00506303   0.00764647   0.010886   0.0150113   -0.0139554   

750000
-10   -9   -8   -7   -6   -5   -4   -3   -2   -1   0   1   2   3   4   5   6   7   8   9   10   11   12   
-1.01773   -0.943097   -0.855019   -0.758258   -0.659394   -0.560292   -0.464659   -0.340185   -0.207423   -0.10322   -1.90082e-09   0.10322   0.207423   0.340188   0.464649   0.560285   0.659393   0.758262   0.855032   0.943126   1.01779   1.05054   0.92597   
0.0264236   0.0200949   0.0156963   0.0129365   0.0107671   0.00921155   0.00784768   0.00637178   0.00521586   0.00473217   0.00461457   0.00473217   0.00521586   0.00637172   0.00784752   0.00921145   0.010767   0.0129367   0.0156962   0.0200949   0.0264249   0.0367261   0.0763936   
-0.0108184   -0.00760084   -0.00503321   -0.00301597   -0.00111404   0.00102709   0.00364021   -0.000366534   -0.0053013   -0.00280409   7.83135e-10   0.00280409   0.00530129   0.000365834   -0.00363797   -0.00102564   0.00111427   0.00301506   0.00503039   0.0075948   0.0108059   0.0148559   -0.0101058   

755000
-10   -9   -8   -7   -6   -5   -3   -2   -1   0   1   2   3   5   6   7   8   9   10   11   
-1.01863   -0.943533   -0.855246   -0.758294   -0.659474   -0.560351   -0.339632   -0.207254   -0.103316   -1.55968e-10   0.103316   0.207254   0.339633   0.560344   0.659473   0.758299   0.85526   0.943562   1.01869   1.05457   
0.0262336   0.0199933   0.0156415   0.0129219   0.0107428   0.00919531   0.00636193   0.00520924   0.0047235   0.00460951   0.0047235   0.00520922   0.00636186   0.0091952   0.0107427   0.0129218   0.0156414   0.0199934   0.0262348   0.0361335   
-0.0107367   -0.00755012   -0.00500081   -0.00300751   -0.00109856   0.00104074   -0.000477427   -0.00532108   -0.00277147   4.29324e-11   0.00277146   0.00532107   0.000477103   -0.00103928   0.00109879   0.00300643   0.00499801   0.00754413   0.0107243   0.0147002   

760000
-10   -9   -8   -7   -6   -5   -4   -3   -2   -1   0   1   2   3   4   5   6   7   8   9   10   11   
-1.01952   -0.943957   -0.855471   -0.758475   -0.659553   -0.560408   -0.464761   -0.339174   -0.207083   -0.103408   -2.5365e-10   0.103408   0.207083   0.339175   0.46475   0.560401   0.659551   0.75848   0.855484   0.943986   1.01958   1.05811   
0.0260436   0.0198947   0.0155873   0.0128765   0.0107189   0.00917936   0.0078271   0.00635262   0.00520317   0.00471546   0.00460164   0.00471546   0.00520316   0.00635255   0.00782695   0.00917925   0.0107188   0.0128764   0.0155872   0.0198948   0.0260447   0.0356038   
-0.0106541   -0.00750037   -0.00496862   -0.00298049   -0.00108328   0.00105424   0.00367125   -0.00056654   -0.00534108   -0.00273975   6.45312e-11   0.00273975   0.00534106   0.000566174   -0.00366903   -0.00105279   0.00108353   0.00297942   0.00496584   0.00749443   0.0106419   0.0145529   

765000
-10   -9   -8   -7   -6   -5   -4   -3   -2   -1   0   1   3   4   5   6   7   8   9   10   11   17   
-1.02041   -0.94437   -0.855693   -0.758651   -0.659629   -0.560465   -0.464822   -0.338709   -0.207072   -0.103491   -2.06667e-10   0.103491   0.338711   0.464811   0.560458   0.659627   0.758656   0.855706   0.944399   1.02046   1.06114   0.504819   
0.0258548   0.0197987   0.0155338   0.0128324   0.0106955   0.00916369   0.00781489   0.00634362   0.00519809   0.00470776   0.00459176   0.00470776   0.00634355   0.00781474   0.00916358   0.0106954   0.0128323   0.0155337   0.0197988   0.0258558   0.0351428   0.157524   
-0.0105711   -0.00745146   -0.00493662   -0.00295415   -0.0010683   0.00106761   0.0036872   -0.000657198   -0.00532675   -0.00271064   5.09203e-11   0.00271063   0.000656798   -0.00368498   -0.00106616   0.00106855   0.00295309   0.00493386   0.00744556   0.010559   0.0144176   -0.0342759   

770000
-10   -9   -8   -7   -6   -5   -4   -3   -2   -1   0   1   2   3   4   5   6   7   8   9   10   11   
-1.02129   -0.944774   -0.855913   -0.758822   -0.659703   -0.56052   -0.464881   -0.338239   -0.207096   -0.103548   4.09032e-09   0.103548   0.207096   0.33824   0.464871   0.560513   0.659702   0.758827   0.855926   0.944802   1.02134   1.06367   
0.0256671   0.0197051   0.0154808   0.0127894   0.0106724   0.0091483   0.00780295   0.00633491   0.00518942   0.00469922   0.00458247   0.00469922   0.00518941   0.00633486   0.00780281   0.00914818   0.0106723   0.0127893   0.0154807   0.0197051   0.0256681   0.034753   
-0.0104877   -0.00740329   -0.00490481   -0.00292846   -0.00105347   0.00108085   0.00370305   -0.000748941   -0.00530632   -0.00269129   9.03739e-11   0.00269128   0.00530634   0.000748534   -0.00370082   -0.00107938   0.00105371   0.00292742   0.00490206   0.00739744   0.0104757   0.014298   

775000
-10   -9   -8   -7   -6   -5   -4   -3   -2   -1   0   1   2   3   4   5   6   7   8   9   10   11   
-1.02216   -0.945168   -0.85613   -0.758988   -0.659777   -0.560575   -0.46494   -0.337765   -0.207101   -0.103603   -7.84741e-10   0.103603   0.207101   0.337767   0.464929   0.560568   0.659776   0.758993   0.856143   0.945196   1.02221   1.06569   
0.025481   0.0196135   0.0154284   0.0127475   0.0106496   0.00913318   0.00779134   0.00632652   0.00518066   0.0046913   0.00457374   0.0046913   0.00518065   0.00632646   0.00779119   0.00913306   0.0106495   0.0127473   0.0154283   0.0196135   0.0254819   0.0344343   
-0.010404   -0.00735578   -0.0048732   -0.00290338   -0.00103875   0.00109395   0.00371876   -0.000841501   -0.00529025   -0.0026718   8.20871e-10   0.00267179   0.00529026   0.000841062   -0.00371653   -0.00109248   0.00103905   0.00290236   0.00487047   0.00734997   0.0103922   0.0141961   

780000
-10   -9   -8   -7   -6   -5   -4   -3   -2   -1   0   1   2   3   4   5   6   7   8   9   10   11   
-1.02302   -0.945555   -0.856344   -0.759152   -0.65985   -0.560628   -0.464997   -0.337289   -0.207084   -0.103657   -1.77076e-09   0.103657   0.207084   0.337291   0.464986   0.560621   0.659849   0.759157   0.856357   0.945583   1.02307   1.06725   
0.0252969   0.0195239   0.0153765   0.0127062   0.0106272   0.00911843   0.00778017   0.00631842   0.0051724   0.00468396   0.00456553   0.00468396   0.00517239   0.00631835   0.00778002   0.0091183   0.0106271   0.0127061   0.0153765   0.0195239   0.0252977   0.034184   
-0.0103204   -0.00730886   -0.00484182   -0.00287887   -0.00102425   0.00110685   0.0037343   -0.000934574   -0.0052784   -0.00265224   3.609e-10   0.00265223   0.00527841   0.000934094   -0.00373207   -0.00110538   0.00102451   0.00287785   0.00483912   0.00730309   0.0103086   0.0141113   

785000
-10   -9   -8   -7   -6   -5   -4   -3   -2   -1   0   1   2   3   4   5   6   7   8   9   10   11   
-1.02387   -0.945934   -0.856556   -0.75931   -0.659921   -0.56068   -0.465053   -0.33681   -0.207052   -0.103709   -3.03325e-09   0.103709   0.207051   0.336812   0.465042   0.560673   0.65992   0.759315   0.85657   0.945962   1.02392   1.06836   
0.0251154   0.019436   0.0153252   0.0126661   0.010605   0.00910399   0.00776926   0.0063108   0.00516465   0.00467722   0.00455785   0.0046772   0.00516464   0.00631075   0.00776905   0.00910387   0.0106049   0.012666   0.0153251   0.019436   0.0251162   0.0340002   
-0.010237   -0.00726245   -0.00481067   -0.00285495   -0.00100987   0.0011196   0.00374974   -0.00102804   -0.00526985   -0.00263263   6.32984e-10   0.00263263   0.00526987   0.00102756   -0.00374748   -0.00111812   0.00101012   0.00285395   0.00480788   0.00725673   0.0102253   0.014045   

790000
-10   -9   -8   -7   -6   -5   -4   -3   -2   -1   0   1   2   3   4   5   6   7   8   9   10   11   16   17   
-1.0247   -0.946307   -0.856767   -0.759464   -0.659992   -0.560731   -0.465108   -0.33633   -0.207008   -0.103761   6.48115e-09   0.103761   0.207008   0.336332   0.465097   0.560724   0.65999   0.759469   0.85678   0.946335   1.02475   1.06905   0.781207   0.505112   
0.0249371   0.0193496   0.0152744   0.0126269   0.0105831   0.00908979   0.0077585   0.00630344   0.00515748   0.00467103   0.00455074   0.00467103   0.00515747   0.00630339   0.00775834   0.00908968   0.0105831   0.0126268   0.0152743   0.0193497   0.0249378   0.0338787   0.204193   0.157487   
-0.0101542   -0.00721651   -0.00477954   -0.0028316   -0.00099563   0.00113222   0.00376509   -0.00112164   -0.00526328   -0.00261307   -9.49888e-10   0.00261306   0.00526329   0.00112114   -0.00376283   -0.00113074   0.000995928   0.00283061   0.00477686   0.00721082   0.0101426   0.0139964   -0.06612   -0.034347   

795000
-10   -9   -8   -7   -6   -5   -4   -3   -2   -1   0   1   2   4   5   6   7   8   9   10   11   
-1.02551   -0.946674   -0.856975   -0.759613   -0.660061   -0.560781   -0.465163   -0.335851   -0.206957   -0.10381   -3.60581e-10   0.10381   0.206957   0.465152   0.560774   0.66006   0.759618   0.856988   0.946701   1.02557   1.06936   
0.0247624   0.0192647   0.015224   0.0125888   0.0105616   0.00907584   0.00774802   0.00629627   0.00515088   0.00466542   0.00454414   0.00466542   0.00515086   0.00774789   0.00907572   0.0105615   0.0125886   0.015224   0.0192647   0.0247631   0.0338137   
-0.0100721   -0.00717098   -0.00474864   -0.00280879   -0.000981555   0.00114472   0.00378034   -0.00121522   -0.00525819   -0.00259356   -1.66229e-10   0.00259356   0.00525818   -0.00377811   -0.00114323   0.000981844   0.00280781   0.00474598   0.00716533   0.0100606   0.013964   

800000
-10   -9   -8   -7   -6   -5   -4   -3   -2   -1   0   1   2   3   4   5   6   7   8   9   10   11   
-1.0263   -0.947035   -0.857181   -0.759758   -0.660129   -0.56083   -0.465216   -0.335379   -0.2069   -0.103858   -3.01625e-09   0.103858   0.2069   0.335381   0.465205   0.560823   0.660129   0.759763   0.857193   0.947062   1.02636   1.06931   
0.0245921   0.0191811   0.0151742   0.0125515   0.0105403   0.00906212   0.00773784   0.00628792   0.0051448   0.0046604   0.00453803   0.00466041   0.00514478   0.00628785   0.00773765   0.009062   0.0105402   0.0125514   0.0151741   0.0191812   0.0245927   0.0338016   
-0.0099911   -0.00712582   -0.0047179   -0.0027865   -0.000967618   0.00115709   0.00379549   -0.00130847   -0.00525416   -0.00257417   7.91416e-10   0.00257416   0.00525417   0.00130796   -0.00379322   -0.0011556   0.0009678   0.00278552   0.00471527   0.00712022   0.00997976   0.0139485   

805000
-10   -9   -8   -7   -6   -5   -4   -3   -2   -1   0   1   2   3   4   5   6   7   8   9   10   11   
-1.02708   -0.947392   -0.857385   -0.759899   -0.660197   -0.560878   -0.465269   -0.334917   -0.206837   -0.103905   -1.09576e-09   0.103905   0.206837   0.334919   0.465258   0.560871   0.660196   0.759904   0.857397   0.947418   1.02713   1.06893   
0.0244266   0.0190988   0.0151248   0.0125151   0.0105193   0.00904863   0.00772785   0.00627777   0.00513924   0.00465596   0.00453242   0.00465595   0.00513923   0.00627771   0.00772767   0.00904851   0.0105192   0.012515   0.0151247   0.0190988   0.0244272   0.033841   
-0.00991151   -0.00708101   -0.00468733   -0.00276469   -0.000953794   0.00116935   0.00381054   -0.00140118   -0.00525097   -0.00255488   2.8417e-10   0.00255487   0.00525096   0.00140067   -0.00380826   -0.00116785   0.000954042   0.00276373   0.00468473   0.00707544   0.00990029   0.0139475   

810000
-10   -9   -8   -7   -6   -5   -4   -3   -2   -1   0   1   2   3   4   5   6   7   8   9   10   11   16   
-1.02782   -0.947743   -0.857586   -0.760037   -0.660264   -0.560926   -0.465321   -0.334456   -0.206772   -0.103963   -1.14762e-10   0.103963   0.206771   0.334458   0.46531   0.560919   0.660263   0.760041   0.857599   0.94777   1.02787   1.06822   0.488852   
0.0242665   0.0190176   0.0150759   0.0124796   0.0104985   0.00903536   0.00771817   0.00626788   0.00513421   0.00465088   0.00452729   0.00465088   0.0051342   0.00626783   0.00771803   0.00903523   0.0104984   0.0124795   0.0150758   0.0190176   0.024267   0.0339285   0.142405   
-0.00983363   -0.00703651   -0.00465698   -0.00274336   -0.000940133   0.00118148   0.00382547   -0.00149354   -0.00524833   -0.00253283   2.97927e-11   0.00253282   0.00524834   0.00149302   -0.00382321   -0.00118002   0.000940328   0.00274241   0.00465436   0.00703098   0.00982253   0.0139605   -0.0272428   

815000
-10   -9   -8   -7   -6   -5   -4   -3   -2   -1   0   1   2   3   4   5   6   7   8   9   10   11   17   
-1.02854   -0.94809   -0.857786   -0.76017   -0.66033   -0.560973   -0.465371   -0.333997   -0.206702   -0.104049   -1.0074e-09   0.104049   0.206702   0.333999   0.46536   0.560966   0.660328   0.760175   0.857799   0.948117   1.02859   1.0672   0.505565   
0.0241123   0.0189374   0.0150273   0.0124449   0.010478   0.00902232   0.00770879   0.00625826   0.0051298   0.00464358   0.00452268   0.0046436   0.00512979   0.00625819   0.00770863   0.00902221   0.0104779   0.0124448   0.0150273   0.0189374   0.0241128   0.034061   0.157318   
-0.00975776   -0.0069923   -0.00462671   -0.00272246   -0.000926586   0.0011935   0.00384026   -0.00158543   -0.00524614   -0.0025043   1.00548e-09   0.00250429   0.00524612   0.0015849   -0.00383799   -0.001192   0.000926839   0.00272152   0.00462411   0.0069868   0.00974678   0.0139863   -0.0343808   

820000
-10   -9   -8   -7   -6   -5   -4   -3   -2   -1   0   1   2   3   4   5   6   7   8   9   10   11   
-1.02922   -0.948433   -0.857984   -0.760301   -0.660395   -0.561019   -0.465421   -0.333541   -0.206731   -0.104133   -9.41069e-09   0.104133   0.206731   0.333543   0.46541   0.561012   0.660393   0.760305   0.857996   0.94846   1.02928   1.06588   
0.0239647   0.0188582   0.0149793   0.0124109   0.0104577   0.00900949   0.00769969   0.00624889   0.005126   0.00463682   0.0045186   0.00463682   0.00512601   0.00624885   0.00769952   0.00900938   0.0104576   0.0124108   0.0149792   0.0188582   0.0239652   0.0342357   
-0.00968424   -0.00694836   -0.00459665   -0.00270199   -0.000913184   0.0012054   0.00385494   -0.0016767   -0.00522376   -0.00247635   2.51486e-09   0.00247634   0.00522376   0.00167617   -0.00385267   -0.00120389   0.000913461   0.00270106   0.00459408   0.0069429   0.00967337   0.0140242   

825000
-10   -9   -8   -7   -6   -5   -4   -3   -2   -1   0   1   2   3   4   5   6   7   8   9   10   11   
-1.02988   -0.948772   -0.85818   -0.760428   -0.660458   -0.561064   -0.465469   -0.333087   -0.206792   -0.104214   4.79894e-11   0.104214   0.206792   0.33309   0.465458   0.561057   0.660457   0.760432   0.858192   0.948798   1.02993   1.06429   
0.0238241   0.0187804   0.0149317   0.0123776   0.0104377   0.00899689   0.00769081   0.00623991   0.00511841   0.00463062   0.00451501   0.00463062   0.00511842   0.00623985   0.00769063   0.00899677   0.0104376   0.0123775   0.0149317   0.0187804   0.0238246   0.0344497   
-0.0096134   -0.00690499   -0.00456678   -0.00268192   -0.00089993   0.00121718   0.00386951   -0.00176726   -0.00519619   -0.002449   -9.44221e-12   0.00244899   0.00519618   0.00176672   -0.00386724   -0.00121567   0.000900224   0.00268099   0.00456423   0.00689957   0.00960265   0.0140729   

830000
-10   -9   -8   -7   -6   -5   -4   -3   -2   -1   0   1   2   3   4   5   6   7   8   9   10   11   12   
-1.03049   -0.949105   -0.858373   -0.760552   -0.660521   -0.561109   -0.465517   -0.332638   -0.206843   -0.104283   -9.02873e-11   0.104283   0.206843   0.33264   0.465506   0.561102   0.66052   0.760556   0.858385   0.949131   1.03054   1.06245   1.00534   
0.0236912   0.0187046   0.0148847   0.012345   0.010418   0.00898448   0.0076822   0.00623116   0.00511111   0.00462451   0.004511   0.00462451   0.00511109   0.00623111   0.00768204   0.00898436   0.0104179   0.0123449   0.0148846   0.0187046   0.0236917   0.0346998   0.0542058   
-0.00954559   -0.00686273   -0.00453713   -0.00266222   -0.000886825   0.00122884   0.00388397   -0.0018569   -0.00517072   -0.00242494   2.05805e-11   0.00242493   0.00517069   0.00185637   -0.00388167   -0.00122733   0.000887131   0.0026613   0.00453458   0.00685735   0.00953494   0.0141292   0.00780859   

835000
-10   -9   -8   -7   -6   -5   -4   -3   -2   -1   0   1   2   3   4   5   6   7   8   9   10   11   
-1.03107   -0.949435   -0.858565   -0.760673   -0.660583   -0.561153   -0.465564   -0.332193   -0.206884   -0.104325   -1.95205e-10   0.104325   0.206884   0.332195   0.465553   0.561146   0.660582   0.760677   0.858577   0.94946   1.03112   1.06035   
0.0235665   0.0186296   0.0148381   0.0123131   0.0103985   0.0089722   0.0076738   0.00622269   0.00510426   0.00461742   0.00450269   0.00461741   0.00510425   0.00622263   0.00767362   0.00897207   0.0103985   0.012313   0.014838   0.0186296   0.0235671   0.0349834   
-0.00948115   -0.00682066   -0.00450769   -0.00264289   -0.000873903   0.0012404   0.00389835   -0.00194547   -0.00514712   -0.00241011   4.58234e-11   0.0024101   0.00514712   0.00194495   -0.00389607   -0.00123889   0.000874218   0.00264198   0.00450516   0.00681532   0.00947061   0.0141926   

840000
-10   -9   -8   -7   -6   -5   -4   -3   -2   -1   0   1   2   3   4   5   6   7   8   9   10   11   
-1.0316   -0.949761   -0.858754   -0.760791   -0.660644   -0.561197   -0.46561   -0.331753   -0.206916   -0.104366   -2.63394e-09   0.104366   0.206916   0.331755   0.465599   0.56119   0.660643   0.760795   0.858765   0.949786   1.03165   1.05802   
0.0234507   0.0185553   0.0147921   0.0122817   0.0103794   0.0089601   0.00766562   0.00621445   0.00509795   0.00461084   0.00449488   0.00461083   0.00509794   0.00621441   0.00766544   0.00895998   0.0103793   0.0122816   0.014792   0.0185553   0.0234513   0.0352979   
-0.00942045   -0.00677878   -0.00447849   -0.00262389   -0.000861115   0.00125185   0.00391263   -0.00203281   -0.00512525   -0.00239504   4.18503e-10   0.00239502   0.00512523   0.00203228   -0.00391034   -0.00125033   0.000861439   0.00262299   0.00447597   0.00677346   0.00941   0.0142622   

845000
-10   -9   -8   -7   -6   -5   -4   -3   -2   -1   0   1   2   3   4   5   6   7   8   9   10   
-1.03209   -0.950084   -0.85894   -0.760907   -0.660703   -0.56124   -0.465656   -0.331319   -0.20694   -0.104407   -4.46399e-09   0.104407   0.20694   0.331321   0.465645   0.561233   0.660702   0.760911   0.858952   0.95011   1.03214   
0.0233443   0.0184818   0.0147466   0.012251   0.0103607   0.00894819   0.00765761   0.00620651   0.00509212   0.00460476   0.00448759   0.00460475   0.00509211   0.00620646   0.00765745   0.00894806   0.0103606   0.0122509   0.0147465   0.0184818   0.0233448   
-0.00936383   -0.00673707   -0.00444954   -0.00260521   -0.000848561   0.00126318   0.00392681   -0.00211868   -0.00510466   -0.00237978   7.32013e-10   0.00237977   0.00510464   0.00211814   -0.00392452   -0.00126167   0.0008489   0.00260432   0.00444703   0.00673179   0.00935347   

850000
-10   -9   -8   -7   -6   -5   -4   -3   -2   -1   0   1   2   3   4   5   6   7   8   9   10   
-1.03254   -0.950405   -0.859124   -0.761021   -0.660761   -0.561283   -0.465702   -0.330893   -0.206958   -0.104447   1.18677e-11   0.104447   0.206959   0.330895   0.465691   0.561275   0.66076   0.761025   0.859136   0.95043   1.03259   
0.0232476   0.018409   0.0147016   0.0122208   0.0103423   0.00893644   0.00764977   0.00619883   0.00508673   0.00459918   0.00448077   0.00459918   0.00508672   0.00619879   0.00764959   0.00893632   0.0103422   0.0122207   0.0147016   0.018409   0.0232482   
-0.00931155   -0.00669555   -0.00442084   -0.00258686   -0.000836218   0.00127441   0.00394092   -0.00220283   -0.00508507   -0.00236439   5.14969e-11   0.00236438   0.00508505   0.00220229   -0.00393863   -0.00127289   0.000836576   0.00258596   0.00441835   0.0066903   0.00930116   

855000
-10   -9   -8   -7   -6   -5   -4   -3   -2   -1   0   1   2   3   4   5   6   7   8   9   10   
-1.03293   -0.950723   -0.859306   -0.761132   -0.660818   -0.561325   -0.465746   -0.330475   -0.206972   -0.104486   -2.7892e-09   0.104486   0.206972   0.330477   0.465735   0.561318   0.660817   0.761136   0.859318   0.950748   1.03298   
0.0231617   0.0183367   0.0146572   0.0121911   0.0103241   0.00892488   0.00764214   0.00619154   0.00508179   0.00459414   0.00447439   0.00459414   0.00508179   0.0061915   0.00764196   0.00892475   0.010324   0.012191   0.0146572   0.0183367   0.0231624   
-0.00926414   -0.00665415   -0.00439241   -0.00256878   -0.000824018   0.00128552   0.0039549   -0.00228498   -0.00506628   -0.00234895   6.09563e-10   0.00234895   0.00506625   0.00228445   -0.00395261   -0.001284   0.000824342   0.00256784   0.00438994   0.00664894   0.00925396   

860000
-10   -9   -8   -7   -6   -5   -3   -2   -1   0   1   2   3   5   6   7   8   9   10   18   
-1.03327   -0.951038   -0.859485   -0.761241   -0.660874   -0.561366   -0.330063   -0.206982   -0.104524   -5.95203e-12   0.104524   0.206982   0.330066   0.561359   0.660873   0.761245   0.859497   0.951063   1.03331   0.530159   
0.0230874   0.0182652   0.0146134   0.012162   0.0103063   0.00891348   0.00618468   0.00507732   0.0045896   0.00446844   0.00458959   0.00507729   0.00618464   0.00891335   0.0103062   0.0121619   0.0146133   0.0182652   0.0230882   0.169669   
-0.00922205   -0.00661295   -0.00436427   -0.00255099   -0.000812017   0.00129653   -0.00236538   -0.00504808   -0.0023335   -3.53858e-13   0.00233349   0.00504805   0.00236485   -0.001295   0.000812343   0.00255013   0.00436181   0.00660778   0.00921196   -0.0396697   

865000
-10   -9   -8   -7   -6   -5   -4   -3   -2   -1   0   1   2   3   4   5   6   7   8   9   10   
-1.03355   -0.951351   -0.859662   -0.761348   -0.660929   -0.561407   -0.465846   -0.329747   -0.206988   -0.104561   -3.4973e-10   0.104561   0.206988   0.329747   0.465834   0.5614   0.660927   0.761352   0.859673   0.951375   1.03359   
0.0230251   0.0181943   0.0145702   0.0121333   0.0102888   0.00890225   0.0076251   0.00617855   0.00507341   0.00458555   0.00446292   0.00458555   0.00507339   0.00617849   0.00762496   0.00890211   0.0102888   0.0121332   0.0145701   0.0181943   0.0230258   
-0.00918549   -0.00657196   -0.00433642   -0.00253347   -0.000800246   0.00130742   0.00398319   -0.002424   -0.00503037   -0.00231801   7.85716e-11   0.002318   0.00503034   0.00242377   -0.00398087   -0.00130585   0.000800558   0.00253261   0.00433397   0.00656682   0.00917547   

870000
-10   -9   -8   -7   -6   -5   -4   -3   -2   -1   0   1   2   3   4   5   6   7   8   9   10   
-1.03376   -0.95166   -0.859835   -0.761453   -0.660982   -0.561448   -0.465904   -0.329451   -0.206992   -0.104598   -9.34253e-11   0.104598   0.206992   0.329452   0.465893   0.561441   0.660981   0.761457   0.859846   0.951684   1.03381   
0.0229751   0.0181242   0.0145277   0.0121051   0.0102717   0.00889114   0.00761485   0.00617279   0.00507001   0.00458198   0.00445781   0.00458198   0.00507002   0.00617275   0.00761473   0.00889103   0.0102716   0.012105   0.0145276   0.0181242   0.0229759   
-0.00915476   -0.00653119   -0.00430898   -0.00251621   -0.000788644   0.00131819   0.00399775   -0.00247767   -0.00501301   -0.00230251   1.68996e-11   0.0023025   0.00501298   0.0024774   -0.00399546   -0.00131667   0.000788979   0.00251535   0.00430654   0.00652608   0.00914481   

875000
-10   -9   -8   -7   -6   -5   -4   -3   -2   0   2   3   4   5   6   7   8   9   10   11   18   
-1.03392   -0.951966   -0.860005   -0.761556   -0.661035   -0.561488   -0.465962   -0.329147   -0.206993   4.03496e-09   0.206993   0.329148   0.465951   0.561481   0.661033   0.76156   0.860016   0.95199   1.03396   1.03745   0.530097   
0.0229384   0.0180548   0.0144859   0.0120773   0.0102548   0.00888022   0.00760482   0.00616725   0.00506704   0.00445312   0.00506703   0.00616721   0.00760468   0.00888009   0.0102547   0.0120772   0.0144858   0.0180548   0.0229393   0.0379826   0.169722   
-0.00913028   -0.00649065   -0.00428189   -0.00249919   -0.000777197   0.00132889   0.00401223   -0.00253325   -0.00499586   3.35252e-11   0.00499583   0.00253296   -0.0040099   -0.00132734   0.000777544   0.00249833   0.00427947   0.00648557   0.00912039   0.0147766   -0.0397547   

880000
-10   -9   -8   -7   -6   -5   -4   -3   -2   -1   0   1   2   3   4   5   6   7   8   9   10   11   18   
-1.03401   -0.952269   -0.860172   -0.761657   -0.661086   -0.561528   -0.466019   -0.328836   -0.207016   -0.10469   -6.27766e-11   0.104691   0.207016   0.328838   0.466008   0.561521   0.661085   0.761661   0.860183   0.952293   1.03405   1.04283   0.835498   
0.0229152   0.0179864   0.0144447   0.0120499   0.0102382   0.00886942   0.00759499   0.00616185   0.00506307   0.00457416   0.0044489   0.00457416   0.00506306   0.00616181   0.00759484   0.00886928   0.0102381   0.0120499   0.0144447   0.0179863   0.0229162   0.0373077   0.238687   
-0.00911221   -0.00645049   -0.00425516   -0.00248241   -0.000765913   0.00133945   0.00402662   -0.00259022   -0.00497518   -0.00226667   1.21138e-11   0.00226666   0.00497515   0.0025899   -0.00402429   -0.00133791   0.000766256   0.00248155   0.00425275   0.00644545   0.00910238   0.0146284   -0.0833476   

885000
-10   -9   -8   -7   -6   -5   -4   -3   -2   -1   0   1   2   3   4   5   6   7   8   9   10   11   
-1.03402   -0.952568   -0.860336   -0.761757   -0.661137   -0.561567   -0.466076   -0.328531   -0.207107   -0.104763   -4.18353e-11   0.104763   0.207107   0.328532   0.466064   0.56156   0.661135   0.761761   0.860347   0.952592   1.03407   1.04708   
0.0229061   0.0179187   0.0144042   0.012023   0.0102218   0.00885883   0.00758535   0.0061547   0.00505652   0.00456835   0.00444509   0.00456835   0.00505651   0.00615466   0.0075852   0.00885869   0.0102217   0.0120229   0.0144041   0.0179187   0.0229072   0.0367613   
-0.00910081   -0.00641062   -0.00422875   -0.00246585   -0.000754799   0.00134986   0.00404092   -0.00264782   -0.00494285   -0.0022431   8.26955e-12   0.00224309   0.00494281   0.00264749   -0.00403859   -0.00134831   0.000755138   0.002465   0.00422636   0.00640561   0.00909103   0.014507   

890000
-10   -9   -8   -7   -6   -5   -4   -3   -2   -1   0   1   2   3   4   5   6   7   8   9   10   11   12   
-1.03397   -0.952864   -0.860497   -0.761855   -0.661186   -0.561606   -0.466131   -0.328228   -0.207189   -0.104833   -2.80144e-11   0.104833   0.207189   0.328229   0.46612   0.561598   0.661185   0.761859   0.860509   0.952888   1.03402   1.05069   0.984793   
0.0229116   0.0178518   0.0143644   0.0119965   0.0102057   0.00884849   0.0075759   0.00614637   0.00505048   0.00456302   0.00444169   0.00456302   0.00505047   0.00614632   0.00757575   0.00884836   0.0102056   0.0119964   0.0143643   0.0178518   0.0229128   0.03629   0.0591693   
-0.00909629   -0.00637103   -0.00420279   -0.00244951   -0.000743833   0.0013601   0.00405515   -0.00270596   -0.00491205   -0.00221981   5.80009e-12   0.0022198   0.00491202   0.00270561   -0.00405282   -0.00135852   0.000744184   0.00244867   0.00420041   0.00636605   0.00908655   0.0143962   0.00265062   

895000
-10   -9   -8   -7   -6   -5   -4   -3   -2   -1   0   1   2   3   4   5   6   7   8   9   10   11   12   
-1.03384   -0.953157   -0.860656   -0.761951   -0.661235   -0.561644   -0.466186   -0.327922   -0.207264   -0.104902   -2.30423e-11   0.104902   0.207265   0.327923   0.466175   0.561637   0.661234   0.761955   0.860667   0.95318   1.03389   1.05387   0.994598   
0.0229323   0.0177857   0.0143253   0.0119703   0.0101898   0.00883825   0.00756664   0.00613833   0.00504487   0.00455814   0.0044387   0.00455814   0.00504486   0.00613829   0.00756649   0.00883812   0.0101897   0.0119702   0.0143252   0.0177856   0.0229335   0.0358701   0.0568542   
-0.00909887   -0.00633172   -0.00417717   -0.00243339   -0.000733044   0.00137023   0.0040693   -0.00276476   -0.00488246   -0.00219684   4.83666e-12   0.00219682   0.00488243   0.0027644   -0.00406696   -0.00136866   0.000733398   0.00243257   0.0041748   0.00632677   0.00908916   0.0142938   0.0048323   

900000
-10   -9   -8   -7   -6   -5   -4   -3   -2   -1   0   1   2   3   4   5   6   7   8   9   10   11   12   14   
-1.03363   -0.953447   -0.860811   -0.762046   -0.661283   -0.561682   -0.46624   -0.327613   -0.207334   -0.104969   -1.84766e-11   0.104969   0.207334   0.327615   0.466229   0.561675   0.661281   0.76205   0.860822   0.95347   1.03368   1.05673   1.00147   0.461675   
0.0229687   0.0177203   0.0142867   0.0119445   0.0101742   0.0088281   0.00755759   0.00613052   0.00503968   0.0045537   0.00443611   0.00455369   0.00503968   0.00613048   0.00755743   0.00882797   0.0101741   0.0119444   0.0142867   0.0177202   0.0229701   0.0354887   0.0553217   0.112705   
-0.00910876   -0.00629271   -0.00415191   -0.00241747   -0.000722423   0.00138027   0.00408336   -0.00282398   -0.00485385   -0.00217424   4.0855e-12   0.00217423   0.00485381   0.00282361   -0.00408102   -0.00137868   0.000722777   0.00241665   0.00414955   0.00628779   0.00909906   0.0141974   0.00628685   -0.0148466   

905000
-10   -9   -8   -7   -6   -4   -3   -2   -1   0   1   2   3   4   5   6   7   8   9   10   11   12   
-1.03334   -0.953733   -0.860964   -0.76214   -0.66133   -0.466294   -0.327304   -0.207398   -0.105014   -7.52185e-09   0.105014   0.207398   0.327305   0.466282   0.561713   0.661328   0.762143   0.860974   0.953756   1.03339   1.05933   1.00711   
0.0230214   0.0176557   0.0142489   0.011919   0.0101589   0.00754876   0.00612294   0.00503491   0.00454857   0.00443396   0.00454857   0.0050349   0.0061229   0.0075486   0.0088179   0.0101588   0.0119189   0.0142488   0.0176556   0.023023   0.0351375   0.054123   
-0.00912614   -0.00625401   -0.00412704   -0.00240174   -0.00071199   0.00409731   -0.0028834   -0.004826   -0.00215822   1.18212e-09   0.0021582   0.00482596   0.00288302   -0.00409496   -0.00138861   0.000712327   0.00240093   0.00412471   0.00624913   0.00911647   0.0141055   0.00741762   

910000
-10   -9   -8   -7   -6   -4   -3   -2   -1   0   1   2   3   4   5   6   7   8   9   10   11   12   13   18   
-1.03297   -0.954016   -0.861113   -0.762232   -0.661376   -0.466347   -0.326994   -0.207458   -0.105044   -1.15869e-10   0.105044   0.207458   0.326995   0.466335   0.561754   0.661374   0.762235   0.861123   0.954039   1.03301   1.06173   1.01201   0.856714   0.835742   
0.0230914   0.0175918   0.0142118   0.0118939   0.0101438   0.00754012   0.00611558   0.00503055   0.00454308   0.00442872   0.00454308   0.00503054   0.00611554   0.00753994   0.00880736   0.0101437   0.0118938   0.0142118   0.0175918   0.0230931   0.0348108   0.0531257   0.113034   0.238492   
-0.00915127   -0.00621565   -0.00410261   -0.00238621   -0.000701691   0.00411119   -0.00294294   -0.00479878   -0.00214651   2.74876e-11   0.0021465   0.00479875   0.00294256   -0.00410883   -0.00139882   0.000702052   0.0023854   0.00410028   0.00621079   0.0091416   0.0140168   0.00834907   -0.0295588   -0.0833578   

915000
-10   -9   -8   -7   -6   -5   -4   -3   -2   -1   0   1   2   3   4   5   6   7   8   9   10   11   12   
-1.0325   -0.954295   -0.861258   -0.762322   -0.661421   -0.561814   -0.466399   -0.326683   -0.207514   -0.105074   -1.09383e-08   0.105074   0.207514   0.326685   0.466387   0.561807   0.661419   0.762326   0.861269   0.954318   1.03255   1.06395   1.01641   
0.0231797   0.0175289   0.0141755   0.0118691   0.010129   0.00879476   0.00753161   0.00610845   0.00502662   0.00453808   0.00442184   0.00453808   0.00502661   0.00610841   0.00753144   0.00879464   0.0101289   0.011869   0.0141755   0.0175289   0.0231816   0.0345051   0.0522603   
-0.00918455   -0.00617771   -0.00407863   -0.00237087   -0.000691589   0.00141186   0.00412497   -0.00300259   -0.00477211   -0.0021346   2.13692e-09   0.00213458   0.00477208   0.0030022   -0.00412262   -0.00141027   0.000691956   0.00237006   0.00407631   0.00617289   0.00917487   0.0139323   0.00914205   

920000
-10   -9   -8   -7   -6   -5   -4   -3   -2   -1   0   1   2   3   4   5   6   7   8   9   10   11   12   
-1.03193   -0.954571   -0.8614   -0.762412   -0.661465   -0.561866   -0.46645   -0.326371   -0.207566   -0.105104   -2.71891e-11   0.105104   0.207566   0.326373   0.466438   0.561859   0.661463   0.762416   0.861411   0.954594   1.03198   1.06603   1.02045   
0.0232888   0.0174669   0.0141401   0.0118446   0.0101144   0.00878224   0.00752334   0.00610154   0.00502322   0.00453354   0.00441537   0.00453354   0.00502321   0.0061015   0.00752318   0.00878215   0.0101144   0.0118445   0.01414   0.0174668   0.0232909   0.0342171   0.0514914   
-0.0092269   -0.00614018   -0.00405516   -0.00235568   -0.000681668   0.00142323   0.00413869   -0.00306233   -0.00474593   -0.00212252   6.423e-12   0.00212251   0.00474589   0.00306194   -0.00413633   -0.0014216   0.000682038   0.00235489   0.00405285   0.00613538   0.00921722   0.0138507   0.00983325   

925000
-10   -9   -8   -7   -6   -5   -4   -3   -2   -1   0   1   2   3   4   5   6   7   8   9   10   11   12   
-1.03126   -0.954844   -0.861538   -0.762501   -0.661508   -0.561918   -0.466501   -0.326059   -0.207615   -0.105133   -1.5585e-08   0.105133   0.207615   0.326061   0.466489   0.56191   0.661506   0.762504   0.861549   0.954866   1.0313   1.06798   1.02421   
0.0234184   0.0174056   0.0141055   0.0118204   0.0101003   0.00876992   0.00751524   0.00609484   0.00502028   0.00452944   0.0044093   0.00452943   0.00502029   0.00609481   0.00751507   0.00876981   0.0101002   0.0118203   0.0141054   0.0174056   0.0234207   0.0339447   0.0507977   
-0.00927791   -0.00610301   -0.00403222   -0.00234065   -0.00067202   0.00143448   0.00415234   -0.0031222   -0.00472015   -0.00211029   3.16565e-09   0.00211028   0.00472011   0.00312181   -0.00414998   -0.00143289   0.000672391   0.00233987   0.00402993   0.00609825   0.00926821   0.0137721   0.0104482   

930000
-10   -9   -8   -7   -6   -5   -4   -3   -2   -1   0   1   2   3   4   5   6   7   8   9   10   11   12   
-1.03048   -0.955112   -0.861672   -0.762587   -0.661549   -0.561968   -0.466551   -0.325746   -0.207662   -0.105162   -5.4184e-09   0.105162   0.207662   0.325748   0.466539   0.561961   0.661547   0.762591   0.861682   0.955135   1.03052   1.06982   1.02775   
0.023571   0.0173452   0.0140719   0.0117965   0.0100865   0.00875776   0.00750731   0.0060885   0.00501779   0.00452576   0.00440361   0.00452576   0.00501778   0.00608847   0.00750713   0.00875765   0.0100864   0.0117965   0.0140718   0.0173452   0.0235735   0.0336855   0.0501592   
-0.00933849   -0.00606624   -0.00400989   -0.00232588   -0.000662594   0.00144563   0.0041659   -0.00318223   -0.00469471   -0.00209795   1.10662e-09   0.00209794   0.00469467   0.00318183   -0.00416353   -0.00144404   0.000662968   0.00232508   0.00400761   0.0060615   0.00932876   0.0136951   0.0110015   

935000
-10   -9   -8   -7   -6   -5   -4   -3   -2   -1   0   1   2   3   4   5   6   7   8   9   10   11   12   16   18   
-1.02957   -0.955377   -0.861801   -0.762673   -0.661589   -0.562019   -0.4666   -0.325432   -0.207706   -0.105191   -8.63716e-09   0.105191   0.207706   0.325434   0.466589   0.562011   0.661587   0.762677   0.861811   0.9554   1.02961   1.07156   1.03111   0.78034   0.529564   
0.0237487   0.0172857   0.0140393   0.0117729   0.010073   0.00874576   0.00749957   0.00608245   0.00501572   0.00452251   0.0043983   0.00452251   0.00501571   0.00608241   0.00749937   0.00874566   0.0100729   0.0117728   0.0140392   0.0172857   0.0237516   0.0334384   0.0495663   0.204352   0.170017   
-0.00940921   -0.00602987   -0.00398821   -0.00231122   -0.000653367   0.00145669   0.00417939   -0.00324216   -0.00466948   -0.0020855   1.7367e-09   0.00208548   0.00466944   0.00324176   -0.00417701   -0.0014551   0.000653743   0.00231043   0.00398595   0.00602516   0.00939945   0.0136207   0.0115035   -0.0660615   -0.0401646   

940000
-10   -9   -8   -7   -6   -5   -4   -3   -2   -1   0   1   2   3   4   5   6   7   8   9   10   11   12   18   
-1.02853   -0.955639   -0.861924   -0.762759   -0.661628   -0.562068   -0.466281   -0.325119   -0.207749   -0.105219   -3.81514e-09   0.105219   0.20775   0.325121   0.466287   0.562061   0.661627   0.762762   0.861935   0.955661   1.02857   1.07322   1.03433   0.529486   
0.0239525   0.017227   0.014008   0.0117495   0.0100597   0.00873391   0.00749021   0.00607664   0.00501394   0.00451972   0.00439335   0.00451971   0.00501393   0.00607661   0.00749012   0.00873377   0.0100596   0.0117494   0.0140079   0.017227   0.0239557   0.0332018   0.0490125   0.170047   
-0.00949011   -0.00599392   -0.00396728   -0.00229668   -0.000644345   0.00146765   0.00411234   -0.00330197   -0.00464432   -0.00207295   8.04784e-10   0.00207293   0.00464427   0.00330156   -0.00411379   -0.00146605   0.000644724   0.00229589   0.00396504   0.00598924   0.00948031   0.0135479   0.0119638   -0.0402107   

945000
-10   -9   -8   -7   -6   -5   -4   -3   -2   -1   0   1   2   3   4   5   6   7   8   9   10   11   12   
-1.02736   -0.955896   -0.862041   -0.762842   -0.661666   -0.562117   -0.465856   -0.324806   -0.20783   -0.105246   -1.60362e-09   0.105246   0.207831   0.324808   0.465862   0.56211   0.661665   0.762846   0.862052   0.955918   1.0274   1.0748   1.03745   
0.024184   0.0171693   0.013978   0.0117265   0.0100468   0.0087222   0.00748046   0.00607108   0.00500856   0.00451738   0.0043888   0.00451737   0.00500855   0.00607105   0.00748037   0.00872213   0.0100467   0.0117264   0.0139779   0.0171692   0.0241875   0.0329745   0.0484906   
-0.00958145   -0.00595842   -0.00394718   -0.00228233   -0.000635536   0.00147853   0.004022   -0.00336167   -0.00461452   -0.00206033   3.28819e-10   0.00206032   0.00461447   0.00336126   -0.00402342   -0.00147694   0.000635918   0.00228155   0.00394497   0.00595377   0.00957159   0.0134765   0.0123852   

950000
-10   -9   -8   -7   -6   -5   -4   -3   -2   -1   0   1   2   3   4   5   6   7   8   9   10   11   12   13   
-1.02604   -0.956149   -0.862152   -0.762925   -0.661704   -0.562166   -0.465437   -0.324536   -0.207919   -0.105277   -5.64254e-10   0.105277   0.207919   0.324536   0.465443   0.562158   0.661702   0.762929   0.862162   0.956171   1.02608   1.07632   1.04048   0.745658   
0.0244442   0.0171124   0.0139495   0.0117038   0.0100341   0.00871067   0.00747089   0.00606601   0.00500328   0.00451513   0.00438464   0.00451513   0.00500328   0.00606599   0.0074708   0.00871057   0.010034   0.0117036   0.0139495   0.0171124   0.0244481   0.0327559   0.0479944   0.144898   
-0.00968324   -0.00592338   -0.00392799   -0.00226816   -0.000626949   0.00148934   0.00393316   -0.00341148   -0.0045842   -0.00204692   1.42391e-10   0.00204691   0.00458415   0.00341134   -0.00393456   -0.00148775   0.000627379   0.00226738   0.0039258   0.00591876   0.0096733   0.0134071   0.0127725   -0.041728   

955000
-9   -8   -7   -6   -5   -4   -3   -2   -1   0   1   2   3   4   5   6   7   8   9   10   11   12   17   
-0.956397   -0.862255   -0.763006   -0.661739   -0.562214   -0.465024   -0.324362   -0.208004   -0.105339   -3.96875e-10   0.105339   0.208004   0.324362   0.465029   0.562206   0.661738   0.76301   0.862265   0.956419   1.02461   1.07777   1.04344   0.50954   
0.0170567   0.0139226   0.0116813   0.0100217   0.00869923   0.0074615   0.00606176   0.0049984   0.0045101   0.00438084   0.00451009   0.0049984   0.00606172   0.00746142   0.00869913   0.0100217   0.0116812   0.0139226   0.0170566   0.0247381   0.032545   0.0475209   0.155683   
-0.00588888   -0.00390977   -0.00225416   -0.000618644   0.00150008   0.00384564   -0.00343892   -0.00455429   -0.00202703   9.88046e-11   0.00202702   0.00455425   0.00343876   -0.003847   -0.00149848   0.000618979   0.00225339   0.0039076   0.00588429   0.00978516   0.0133391   0.0131319   -0.0338693   

960000
-9   -8   -6   -5   -4   -3   -2   -1   0   1   2   3   4   5   6   7   8   9   11   12   13   18   
-0.956641   -0.862351   -0.661774   -0.562262   -0.464616   -0.324174   -0.208086   -0.1054   -2.37364e-10   0.1054   0.208086   0.324174   0.464621   0.562254   0.661773   0.76309   0.862361   0.956663   1.07917   1.04634   0.829399   0.528975   
0.0170019   0.0138974   0.0100097   0.00868791   0.00745219   0.00605763   0.00499389   0.00450546   0.00437741   0.00450546   0.00499389   0.0060576   0.00745211   0.00868781   0.0100097   0.011659   0.0138974   0.0170019   0.0323412   0.0470671   0.120115   0.170267   
-0.00585491   -0.00389265   -0.000610515   0.00151073   0.00375915   -0.00346959   -0.00452477   -0.00200729   5.91758e-11   0.00200728   0.00452471   0.0034694   -0.00376052   -0.00150913   0.000610866   0.00223951   0.00389051   0.00585035   0.0132723   0.0134653   -0.0326872   -0.0404373   

965000
-10   -9   -8   -7   -6   -5   -4   -3   -2   -1   0   1   2   3   5   6   7   8   9   10   11   12   
-1.02464   -0.956881   -0.862439   -0.763166   -0.661808   -0.562309   -0.464212   -0.323974   -0.208165   -0.10546   -1.62e-09   0.10546   0.208165   0.323975   0.562301   0.661806   0.76317   0.862449   0.956902   1.0247   1.08051   1.04921   
0.0247259   0.0169481   0.0138739   0.0116371   0.00999804   0.00867674   0.0074429   0.00605374   0.00498975   0.00450121   0.00437434   0.00450121   0.00498975   0.00605371   0.00867665   0.00999799   0.011637   0.0138738   0.0169481   0.024726   0.0321435   0.0466287   
-0.00978507   -0.00582147   -0.00387657   -0.00222649   -0.000602641   0.00152131   0.00367365   -0.0035028   -0.00449554   -0.00198773   4.0011e-10   0.00198771   0.00449549   0.00350259   -0.00151969   0.000603005   0.00222564   0.00387433   0.00581693   0.00977329   0.0132065   0.0137753   

970000
-10   -9   -8   -7   -6   -5   -4   -3   -2   -1   0   1   2   3   4   5   6   7   8   9   10   11   12   17   
-1.02561   -0.957116   -0.86252   -0.763245   -0.66184   -0.562355   -0.463812   -0.323774   -0.208241   -0.105519   -4.43013e-09   0.105519   0.208241   0.323775   0.463818   0.562348   0.661838   0.763248   0.86253   0.957137   1.02567   1.08181   1.05204   0.509503   
0.0245371   0.0168954   0.0138521   0.0116154   0.00998675   0.00866567   0.00743387   0.0060483   0.00498599   0.00449735   0.00437164   0.00449735   0.00498598   0.00604826   0.00743378   0.00866559   0.00998665   0.0116153   0.013852   0.0168953   0.0245373   0.0319515   0.0462033   0.155741   
-0.00970668   -0.00578857   -0.0038615   -0.00221285   -0.000595016   0.0015318   0.00358921   -0.00353744   -0.00446656   -0.00196835   1.03064e-09   0.00196834   0.00446651   0.00353721   -0.00359054   -0.0015302   0.00059541   0.00221212   0.00385936   0.00578406   0.00969512   0.0131418   0.0140643   -0.0339351   

975000
-10   -9   -8   -7   -6   -5   -4   -3   -2   -1   0   1   2   3   4   5   6   7   8   9   10   11   12   
-1.02653   -0.957346   -0.862592   -0.763322   -0.661871   -0.562402   -0.463417   -0.323576   -0.208314   -0.105576   -1.02218e-09   0.105576   0.208315   0.323577   0.463422   0.562394   0.661869   0.763325   0.862602   0.957367   1.02659   1.08307   1.05486   
0.0243583   0.0168436   0.0138322   0.0115939   0.00997577   0.00865477   0.00742507   0.00604131   0.00498264   0.00449389   0.00436929   0.00449389   0.00498264   0.00604129   0.007425   0.00865468   0.00997567   0.0115938   0.0138322   0.0168436   0.0243585   0.0317647   0.04579   
-0.00963168   -0.00575623   -0.00384777   -0.00219936   -0.000587696   0.00154223   0.00350568   -0.00357313   -0.00443785   -0.00194922   2.75227e-10   0.00194921   0.0044378   0.0035729   -0.00350699   -0.00154063   0.000588092   0.00219862   0.00384563   0.00575175   0.00962028   0.0130782   0.0143347   

980000
-10   -9   -8   -7   -6   -5   -4   -3   -2   0   2   3   4   5   6   7   8   9   10   11   12   
-1.02741   -0.957572   -0.862654   -0.763399   -0.6619   -0.562447   -0.463025   -0.323372   -0.208385   9.30071e-09   0.208386   0.323374   0.46303   0.56244   0.661899   0.763402   0.862664   0.957593   1.02746   1.08429   1.05766   
0.0241883   0.016793   0.0138144   0.0115726   0.00996517   0.00864402   0.00741642   0.00603453   0.00497974   0.00436738   0.00497973   0.0060345   0.00741633   0.0086439   0.00996507   0.0115725   0.0138144   0.0167929   0.0241884   0.0315827   0.045386   
-0.0095596   -0.00572449   -0.00383539   -0.00218594   -0.000580668   0.00155257   0.00342297   -0.00361008   -0.0044094   -1.50973e-09   0.00440935   0.00360983   -0.00342429   -0.00155097   0.000581066   0.00218521   0.00383327   0.00572003   0.00954835   0.0130153   0.0145888   

985000
-10   -9   -8   -7   -6   -5   -3   -2   -1   0   1   2   3   5   6   7   8   9   10   11   12   13   
-1.02824   -0.957793   -0.862706   -0.763475   -0.661928   -0.562493   -0.323164   -0.208454   -0.105654   -2.71026e-10   0.105655   0.208454   0.323165   0.562485   0.661927   0.763478   0.862716   0.957814   1.02829   1.08548   1.06045   0.744958   
0.024026   0.0167434   0.0137989   0.0115515   0.00995497   0.00863336   0.00602797   0.00497724   0.00448634   0.00436586   0.00448634   0.00497723   0.00602794   0.00863327   0.00995487   0.0115514   0.013799   0.0167434   0.0240262   0.031405   0.0449899   0.145343   
-0.00949015   -0.00569336   -0.00382451   -0.00217259   -0.000573947   0.00156286   -0.00364809   -0.00438114   -0.00192097   6.59828e-11   0.00192096   0.0043811   0.00364783   -0.00156121   0.000574347   0.00217191   0.00382241   0.00568893   0.00947904   0.0129531   0.0148278   -0.0419023   

990000
-10   -9   -8   -7   -6   -5   -4   -3   -2   -1   1   2   3   5   6   7   8   9   10   11   12   17   
-1.02904   -0.958008   -0.862747   -0.76355   -0.661955   -0.562538   -0.46226   -0.322951   -0.208521   -0.105676   0.105676   0.208521   0.322952   0.56253   0.661953   0.763553   0.862756   0.958029   1.02909   1.08664   1.06323   0.509454   
0.0238707   0.0166949   0.0137861   0.0115306   0.00994518   0.00862279   0.00739915   0.00602161   0.00497514   0.00448214   0.00448213   0.00497514   0.00602158   0.00862273   0.00994508   0.0115305   0.0137862   0.0166949   0.023871   0.0312312   0.0446   0.155816   
-0.00942311   -0.00566286   -0.00381527   -0.00215943   -0.000567556   0.00157309   0.00326178   -0.00368702   -0.00435307   -0.00191182   0.00191181   0.00435302   0.00368676   -0.00157141   0.00056796   0.0021587   0.00381319   0.00565845   0.00941214   0.0128915   0.015051   -0.0340225   

995000
-10   -9   -8   -7   -6   -5   -4   -3   -2   -1   0   1   2   3   4   5   6   7   8   9   10   11   12   13   
-1.0298   -0.958219   -0.862774   -0.763624   -0.66198   -0.562582   -0.461885   -0.322734   -0.208586   -0.105697   -1.04796e-10   0.105698   0.208586   0.322735   0.46189   0.562574   0.661978   0.763628   0.862783   0.95824   1.02985   1.08776   1.06603   0.696293   
0.023722   0.0166476   0.0137761   0.0115099   0.00993576   0.0086124   0.00739061   0.00601545   0.00497344   0.00447831   0.00436121   0.00447831   0.00497343   0.00601543   0.00739056   0.00861226   0.00993567   0.0115098   0.0137762   0.0166476   0.0237222   0.0310612   0.0442161   0.0482165   
-0.0093583   -0.00563302   -0.00380789   -0.00214632   -0.00056152   0.00158322   0.00318279   -0.00372673   -0.00432515   -0.00190247   2.49275e-11   0.00190245   0.0043251   0.00372646   -0.00318403   -0.00158159   0.00056196   0.00214559   0.00380582   0.00562864   0.00934746   0.0128307   0.0152601   0.0184619   

1000000
-10   -9   -8   -7   -6   -5   -4   -3   -2   -1   0   1   2   3   4   5   6   7   8   9   10   11   12   13   
-1.03053   -0.958424   -0.862786   -0.763698   -0.662003   -0.562626   -0.461514   -0.322513   -0.208649   -0.105719   -8.63736e-10   0.105719   0.208649   0.322514   0.461519   0.562618   0.662001   0.763701   0.862795   0.958445   1.03058   1.08886   1.06885   0.738217   
0.0235792   0.0166015   0.0137695   0.0114893   0.00992678   0.0086021   0.00738218   0.00600949   0.00497212   0.00447487   0.00435552   0.00447487   0.00497215   0.00600946   0.0073821   0.00860201   0.00992668   0.0114892   0.0137696   0.0166015   0.0235794   0.0308944   0.0438377   0.148123   
-0.00929552   -0.00560386   -0.00380259   -0.00213332   -0.00055584   0.00159328   0.00310454   -0.00376722   -0.00429737   -0.00189295   1.63128e-10   0.00189294   0.00429731   0.00376694   -0.00310578   -0.00159165   0.000556249   0.00213259   0.00380054   0.00559951   0.00928481   0.0127703   0.0154541   -0.0425158   

1005000
-10   -9   -8   -7   -6   -5   -4   -3   -1   0   1   3   4   5   6   7   8   9   10   11   12   
-1.03123   -0.958624   -0.86278   -0.763771   -0.662025   -0.562669   -0.461146   -0.322288   -0.10574   -9.4403e-10   0.10574   0.32229   0.461151   0.562662   0.662023   0.763774   0.86279   0.958645   1.03129   1.08994   1.07168   
0.0234418   0.0165566   0.013767   0.011469   0.00991827   0.00859192   0.00737384   0.00600386   0.0044718   0.00435019   0.00447179   0.00600384   0.00737376   0.00859182   0.00991817   0.0114689   0.0137671   0.0165565   0.023442   0.0307308   0.0434646   
-0.00923464   -0.00557542   -0.00380017   -0.00212041   -0.000550586   0.00160328   0.00302699   -0.00380851   -0.00188328   1.9815e-10   0.00188326   0.00380823   -0.00302823   -0.00160166   0.000550976   0.00211969   0.00379794   0.00557109   0.00922404   0.0127105   0.0156315   

1010000
-10   -9   -8   -7   -6   -5   -4   -3   -2   -1   0   1   2   3   4   5   6   7   8   9   10   11   12   
-1.03191   -0.958819   -0.862753   -0.763843   -0.662044   -0.562712   -0.460781   -0.32206   -0.208795   -0.105761   -1.5642e-09   0.105761   0.208795   0.322061   0.460786   0.562705   0.662043   0.763846   0.862762   0.958839   1.03196   1.09099   1.07454   
0.0233094   0.0165129   0.0137693   0.0114488   0.00991025   0.00858188   0.00736558   0.00599847   0.00496729   0.00446915   0.00434518   0.00446915   0.00496729   0.00599843   0.00736551   0.00858176   0.00991015   0.0114488   0.0137695   0.0165129   0.0233097   0.0305699   0.043096   
-0.00917551   -0.00554772   -0.00380067   -0.0021076   -0.000545659   0.00161319   0.0029501   -0.00385056   -0.0042391   -0.00187354   3.25659e-10   0.00187352   0.00423905   0.00385026   -0.00295133   -0.00161158   0.000546071   0.00210689   0.00379864   0.00554341   0.00916502   0.0126511   0.0157942   

1015000
-10   -9   -8   -7   -6   -5   -4   -3   -2   -1   0   1   2   3   4   5   7   8   9   10   11   12   13   
-1.03257   -0.959007   -0.862699   -0.763914   -0.662062   -0.562755   -0.460419   -0.321829   -0.208878   -0.105782   -1.76549e-09   0.105782   0.208878   0.32183   0.460424   0.562747   0.763918   0.862708   0.959027   1.03262   1.09202   1.07741   0.874215   
0.0231817   0.0164705   0.0137775   0.0114289   0.00990275   0.00857193   0.00735741   0.00599329   0.00496337   0.00446689   0.00434052   0.00446689   0.00496336   0.00599328   0.00735733   0.00857181   0.0114288   0.0137777   0.0164704   0.0231819   0.0304117   0.0427319   0.108057   
-0.00911798   -0.00552078   -0.00380495   -0.0020949   -0.000541132   0.00162305   0.00287384   -0.00389305   -0.00420926   -0.00186365   3.73391e-10   0.00186364   0.00420921   0.00389276   -0.00287506   -0.00162144   0.00209419   0.00380293   0.00551649   0.00910759   0.012592   0.0159416   -0.0280391   

1020000
-10   -9   -8   -7   -6   -5   -4   -3   -2   -1   0   1   2   3   4   5   6   7   8   9   10   11   12   13   
-1.0332   -0.95919   -0.862615   -0.763985   -0.662077   -0.562797   -0.46006   -0.321597   -0.208956   -0.105802   -8.95155e-10   0.105802   0.208957   0.321598   0.460065   0.562789   0.662076   0.763988   0.862624   0.95921   1.03325   1.09303   1.0803   0.805162   
0.0230582   0.0164293   0.0137924   0.0114091   0.0098958   0.00856208   0.0073493   0.00598834   0.00495913   0.00446502   0.0043362   0.00446501   0.00495913   0.00598832   0.00734923   0.00856197   0.00989569   0.011409   0.0137926   0.0164293   0.0230585   0.0302559   0.0423713   0.126652   
-0.009062   -0.00549456   -0.00381361   -0.0020823   -0.000537062   0.00163286   0.00279816   -0.00393582   -0.00418253   -0.0018536   1.85049e-10   0.00185359   0.00418247   0.00393553   -0.00279939   -0.00163123   0.000537475   0.00208159   0.0038116   0.00549029   0.00905173   0.0125335   0.0160746   -0.035418   

1025000
-10   -9   -8   -7   -6   -5   -4   -3   -2   0   2   3   4   5   6   7   8   9   10   11   12   13   
-1.03381   -0.959367   -0.86249   -0.764055   -0.662091   -0.562839   -0.459704   -0.321363   -0.209033   8.66897e-10   0.209034   0.321365   0.459709   0.562831   0.662089   0.764058   0.862498   0.959387   1.03386   1.09402   1.08323   0.928191   
0.0229388   0.0163893   0.0138163   0.0113895   0.00988941   0.00855236   0.00734125   0.00598362   0.00495522   0.00433219   0.00495521   0.0059836   0.0073412   0.00855225   0.0098893   0.0113894   0.0138166   0.0163893   0.022939   0.0301022   0.0420135   0.095721   
-0.00900742   -0.00546907   -0.00382796   -0.0020698   -0.000533447   0.00164258   0.00272306   -0.00397881   -0.00415575   -1.31797e-10   0.00415569   0.00397851   -0.00272427   -0.00164095   0.000533861   0.0020691   0.00382599   0.00546483   0.00899725   0.012475   0.0161954   -0.0217361   

1030000
-10   -9   -8   -7   -6   -5   -4   -3   -2   -1   0   1   2   3   4   5   6   7   8   9   10   11   12   
-1.0344   -0.959539   -0.862308   -0.764124   -0.662111   -0.56288   -0.45935   -0.321129   -0.20911   -0.10586   7.10564e-10   0.10586   0.20911   0.32113   0.459355   0.562872   0.662109   0.764128   0.862316   0.959559   1.03445   1.095   1.08617   
0.022823   0.0163506   0.0138524   0.0113701   0.00988144   0.00854275   0.00733331   0.00597913   0.00495163   0.00446056   0.00432849   0.00446056   0.00495163   0.00597911   0.00733324   0.00854263   0.00988136   0.01137   0.0138528   0.0163506   0.0228233   0.0299505   0.0416573   
-0.00895419   -0.00544435   -0.00384997   -0.00205742   -0.000528737   0.00165223   0.00264848   -0.00402196   -0.00412891   -0.00182987   -9.29709e-11   0.00182985   0.00412885   0.00402166   -0.00264971   -0.0016506   0.000529166   0.00205672   0.00384806   0.00544014   0.00894412   0.0124169   0.0163006   

1035000
-10   -9   -8   -7   -6   -5   -4   -3   -2   -1   0   1   2   3   4   5   6   7   8   9   10   11   12   13   
-1.03497   -0.959704   -0.862045   -0.764193   -0.662167   -0.562921   -0.458999   -0.320892   -0.209184   -0.10591   -6.52853e-12   0.10591   0.209185   0.320894   0.459004   0.562913   0.662165   0.764196   0.862054   0.959724   1.03502   1.09596   1.08915   0.943231   
0.0227108   0.0163133   0.0139063   0.0113509   0.00986596   0.00853322   0.00732544   0.00597485   0.00494842   0.00445657   0.0043251   0.00445656   0.0049484   0.00597484   0.00732537   0.00853313   0.00986588   0.0113508   0.0139069   0.0163134   0.0227111   0.0298006   0.0413042   0.0923038   
-0.00890223   -0.00542046   -0.00388309   -0.00204515   -0.000518554   0.00166182   0.00257443   -0.00406535   -0.00410209   -0.00181377   1.98183e-12   0.00181375   0.00410203   0.00406505   -0.00257565   -0.00166018   0.000518986   0.00204446   0.00388111   0.00541626   0.00889226   0.0123589   0.0163903   -0.01992   

1040000
-10   -9   -8   -7   -6   -5   -4   -3   -2   -1   0   1   2   3   4   5   6   7   8   9   10   11   12   13   14   
-1.03553   -0.959862   -0.861652   -0.764261   -0.662221   -0.562961   -0.458652   -0.320655   -0.209258   -0.10596   -2.48077e-12   0.10596   0.209258   0.320657   0.458658   0.562954   0.662219   0.764264   0.861659   0.959882   1.03558   1.09691   1.09216   0.949517   0.473102   
0.0226019   0.0162775   0.0139887   0.0113319   0.00985065   0.00852383   0.00731699   0.00597076   0.00494556   0.00445292   0.00432201   0.00445291   0.00494556   0.00597073   0.00731691   0.00852373   0.00985058   0.0113319   0.0139895   0.0162775   0.0226022   0.0296524   0.0409543   0.0908671   0.109102   
-0.00885147   -0.00539744   -0.00393367   -0.002033   -0.000508473   0.00167131   0.00250091   -0.00410896   -0.00407523   -0.00179769   7.52136e-13   0.00179768   0.00407516   0.00410865   -0.00250213   -0.0016697   0.000508907   0.00203231   0.00393192   0.00539326   0.00884158   0.0123012   0.016465   -0.0191571   -0.0141269   

1045000
-10   -9   -8   -7   -6   -5   -4   -3   -2   -1   0   1   2   3   4   5   6   7   8   9   10   11   12   13   
-1.03607   -0.960012   -0.86174   -0.764327   -0.662275   -0.563001   -0.458311   -0.320427   -0.20933   -0.106009   1.73402e-09   0.106009   0.20933   0.320429   0.458316   0.562994   0.662273   0.764331   0.861751   0.960031   1.03612   1.09785   1.09521   0.955314   
0.0224961   0.0162433   0.013967   0.0113132   0.00983552   0.00851452   0.00730801   0.00596706   0.00494305   0.0044496   0.00431922   0.0044496   0.00494305   0.00596703   0.00730795   0.00851444   0.00983544   0.0113131   0.0139669   0.0162434   0.0224964   0.0295055   0.0406064   0.0895565   
-0.00880184   -0.00537555   -0.00392091   -0.00202098   -0.000498488   0.00168077   0.0024279   -0.00415027   -0.00404834   -0.00178164   -2.30095e-10   0.00178163   0.00404828   0.00415022   -0.00242911   -0.00167914   0.000498924   0.0020203   0.00391861   0.00537143   0.00879204   0.0122434   0.0165225   -0.018448   

1050000
-10   -9   -8   -7   -6   -5   -4   -3   -2   -1   0   1   2   3   4   5   6   7   8   9   10   11   12   13   14   
-1.0366   -0.960155   -0.861911   -0.764393   -0.662329   -0.563041   -0.457971   -0.320327   -0.209401   -0.106057   1.62286e-09   0.106057   0.209401   0.320327   0.457976   0.563033   0.662327   0.764396   0.86192   0.960174   1.03664   1.09878   1.09829   0.960958   0.472927   
0.0223932   0.0162108   0.0139275   0.0112947   0.00982055   0.00850543   0.00729912   0.00596445   0.0049409   0.0044466   0.00431674   0.0044466   0.00494089   0.00596442   0.00729905   0.00850531   0.00982047   0.0112946   0.0139275   0.0162108   0.0223935   0.0293594   0.0402605   0.0882689   0.109204   
-0.00875327   -0.00535443   -0.00389725   -0.00200911   -0.0004886   0.00169013   0.00235538   -0.00416205   -0.00402143   -0.00176563   -2.34703e-10   0.00176561   0.00402137   0.00416193   -0.0023566   -0.00168849   0.00048904   0.00200843   0.00389516   0.00535032   0.00874356   0.0121855   0.0165648   -0.017754   -0.0141729   

1055000
-10   -9   -8   -7   -6   -5   -4   -3   -2   -1   0   1   2   3   4   5   6   7   8   9   10   11   12   13   
-1.03711   -0.960289   -0.862078   -0.764458   -0.662382   -0.563079   -0.457634   -0.320214   -0.209471   -0.106105   2.6542e-12   0.106105   0.209471   0.320215   0.457639   0.563072   0.66238   0.764461   0.862089   0.960308   1.03716   1.0997   1.1014   0.966383   
0.022293   0.0161801   0.0138887   0.0112764   0.00980573   0.00849652   0.00729031   0.00596099   0.0049391   0.00444394   0.00431461   0.00444394   0.0049391   0.00596098   0.00729023   0.00849635   0.00980566   0.0112763   0.0138886   0.0161802   0.0222933   0.0292146   0.0399157   0.0870349   
-0.00870571   -0.00533438   -0.00387393   -0.00199739   -0.000478796   0.00169933   0.00228334   -0.00417731   -0.00399451   -0.00174968   -1.79238e-13   0.00174967   0.00399444   0.00417716   -0.00228457   -0.00169772   0.000479294   0.00199671   0.00387166   0.00533029   0.00869608   0.0121276   0.016593   -0.0170823   

1060000
-10   -9   -8   -7   -6   -5   -4   -3   -2   -1   0   1   2   3   4   5   6   7   8   9   10   11   12   13   
-1.03761   -0.960413   -0.862242   -0.764521   -0.662434   -0.563117   -0.457298   -0.3201   -0.20954   -0.106152   4.92459e-10   0.106152   0.20954   0.320101   0.457304   0.563109   0.662432   0.764525   0.862253   0.960432   1.03765   1.1006   1.10456   0.7451   
0.0221954   0.0161515   0.0138505   0.0112585   0.00979109   0.00848771   0.00728158   0.00595517   0.00493767   0.0044416   0.00431282   0.0044416   0.00493766   0.00595514   0.0072815   0.00848756   0.00979102   0.0112584   0.0138504   0.0161516   0.0221957   0.0290707   0.0395705   0.145602   
-0.00865911   -0.00531557   -0.00385098   -0.00198585   -0.000469119   0.00170846   0.00221176   -0.00419489   -0.00396759   -0.00173382   5.1798e-11   0.00173381   0.00396753   0.00419473   -0.00221299   -0.00170681   0.000469613   0.00198518   0.00384872   0.00531149   0.00864956   0.0120697   0.0166036   -0.0420694   

1065000
-10   -9   -8   -7   -6   -5   -4   -3   -2   -1   0   1   2   3   4   5   6   7   8   9   10   11   12   13   
-1.03809   -0.960529   -0.862404   -0.764584   -0.662486   -0.563155   -0.456976   -0.319977   -0.209607   -0.106199   -8.12261e-11   0.106199   0.209608   0.319978   0.456981   0.563147   0.662484   0.764587   0.862414   0.960548   1.03814   1.1015   1.10778   0.977219   
0.0221003   0.0161247   0.013813   0.0112408   0.00977659   0.00847901   0.00727284   0.00594952   0.00493666   0.00443957   0.00431134   0.00443957   0.00493665   0.0059495   0.00727276   0.00847889   0.00977653   0.0112407   0.0138129   0.0161248   0.0221006   0.0289278   0.0392248   0.0845536   
-0.00861342   -0.00529788   -0.00382836   -0.00197447   -0.000459513   0.00171752   0.00214302   -0.0042146   -0.00394069   -0.0017181   1.96546e-11   0.00171808   0.00394063   0.00421442   -0.00214409   -0.00171588   0.000460025   0.0019738   0.00382611   0.00529381   0.00860394   0.0120118   0.0165969   -0.0157211   

1070000
-10   -9   -8   -7   -6   -5   -4   -3   -2   -1   0   1   2   3   4   5   6   7   8   9   10   11   12   13   
-1.03857   -0.960634   -0.862562   -0.764646   -0.662537   -0.563192   -0.456666   -0.319845   -0.209673   -0.106236   -1.78161e-10   0.106236   0.209674   0.319846   0.45667   0.563184   0.662535   0.764649   0.862572   0.960652   1.03861   1.10239   1.11106   0.982717   
0.0220075   0.0161003   0.013776   0.0112233   0.00976224   0.00847041   0.00726409   0.00594404   0.00493608   0.00443732   0.00431017   0.00443731   0.00493609   0.00594402   0.00726401   0.00847028   0.0097622   0.0112232   0.0137759   0.0161003   0.0220077   0.0287855   0.038877   0.0832916   
-0.00856859   -0.00528154   -0.00380606   -0.00196321   -0.000449996   0.00172651   0.0020769   -0.0042361   -0.00391386   -0.00170499   4.21142e-11   0.00170498   0.00391378   0.00423591   -0.00207797   -0.00172487   0.000450524   0.00196255   0.00380384   0.00527748   0.00855919   0.0119537   0.0165735   -0.015018   

1075000
-10   -9   -8   -7   -6   -5   -4   -3   -1   0   1   2   3   4   5   6   7   8   9   10   11   12   13   
-1.03903   -0.960728   -0.862718   -0.764706   -0.662588   -0.563229   -0.456357   -0.319707   -0.10625   -1.71104e-10   0.10625   0.209739   0.319708   0.456361   0.563221   0.662586   0.764709   0.862728   0.960747   1.03907   1.10328   1.11407   0.988447   
0.0219168   0.0160779   0.0137397   0.0112061   0.00974805   0.00846192   0.00725543   0.0059387   0.00443401   0.0043093   0.00443401   0.0049358   0.00593869   0.00725535   0.0084618   0.00974795   0.011206   0.0137396   0.016078   0.0219171   0.0286442   0.0385635   0.0819645   
-0.00852457   -0.00526647   -0.0037841   -0.00195211   -0.000440546   0.00173543   0.00201117   -0.00425911   -0.00169803   4.06257e-11   0.00169801   0.00388696   0.00425892   -0.00201224   -0.00173379   0.000440991   0.00195145   0.00378189   0.00526243   0.00851524   0.0118956   0.0165354   -0.0142736   

1080000
-10   -9   -8   -7   -6   -5   -4   -3   -2   -1   1   2   3   4   5   6   7   8   9   10   11   12   13   
-1.03948   -0.960813   -0.86287   -0.764765   -0.662638   -0.563265   -0.45605   -0.319562   -0.209822   -0.106264   0.106264   0.209822   0.319563   0.456054   0.563257   0.662636   0.764768   0.862881   0.960831   1.03953   1.10415   1.11702   0.994368   
0.0218282   0.0160578   0.0137039   0.0111892   0.00973399   0.00845352   0.00724686   0.00593356   0.0049329   0.00443106   0.00443106   0.00493292   0.00593354   0.00724679   0.00845338   0.00973389   0.0111891   0.0137038   0.0160578   0.0218285   0.0285041   0.0382613   0.0805771   
-0.00848132   -0.00525273   -0.00376245   -0.00194125   -0.000431193   0.00174429   0.00194581   -0.00428341   -0.00385791   -0.00169088   0.00169086   0.00385783   0.00428322   -0.00194688   -0.00174263   0.000431642   0.00194059   0.00376025   0.00524871   0.00847207   0.0118377   0.0164842   -0.0134871   

1085000
-10   -9   -8   -7   -6   -5   -4   -3   -2   -1   0   1   2   3   4   5   6   7   8   9   10   11   12   13   
-1.03992   -0.960886   -0.863021   -0.764824   -0.662688   -0.563301   -0.455745   -0.319412   -0.209908   -0.106279   6.01821e-09   0.106279   0.209908   0.319412   0.455749   0.563293   0.662686   0.764827   0.863031   0.960905   1.03997   1.10501   1.11999   1.00061   
0.0217416   0.0160399   0.0136688   0.0111726   0.00972008   0.00844522   0.00723838   0.0059287   0.00492987   0.00442845   0.00430709   0.00442845   0.00492986   0.00592869   0.0072383   0.00844505   0.00971999   0.0111725   0.0136686   0.01604   0.0217418   0.0283651   0.0379602   0.0791026   
-0.00843894   -0.00524041   -0.00374113   -0.00193052   -0.000421919   0.00175307   0.00188081   -0.00430886   -0.00382856   -0.00168355   -1.23651e-09   0.00168353   0.00382849   0.00430866   -0.00188189   -0.00175144   0.000422397   0.00192987   0.00373893   0.0052364   0.00842963   0.0117797   0.0164174   -0.0126294   

1090000
-10   -9   -8   -7   -6   -5   -4   -3   -2   -1   0   1   2   3   4   5   6   7   8   9   10   11   12   13   
-1.04035   -0.960948   -0.863168   -0.764881   -0.662737   -0.563337   -0.455441   -0.319257   -0.209987   -0.106293   5.34063e-10   0.106293   0.209987   0.319258   0.455446   0.563329   0.662735   0.764884   0.863178   0.960967   1.0404   1.10587   1.12297   1.0073   
0.0216567   0.0160247   0.0136341   0.0111562   0.00970631   0.00843701   0.00722998   0.005924   0.00492688   0.00442617   0.00430211   0.00442617   0.00492688   0.00592397   0.00722991   0.00843689   0.00970622   0.0111561   0.013634   0.0160248   0.021657   0.0282273   0.0376618   0.0774863   
-0.00839713   -0.00522967   -0.00372009   -0.00191994   -0.00041273   0.00176179   0.00181617   -0.00433529   -0.00380114   -0.00167604   -9.95616e-11   0.00167602   0.00380108   0.00433508   -0.00181725   -0.00176014   0.000413209   0.00191929   0.00371792   0.00522568   0.00838788   0.0117218   0.016338   -0.0116705   

1095000
-10   -9   -8   -7   -6   -5   -4   -3   -2   -1   0   1   2   3   4   5   6   7   8   9   10   11   12   
-1.04078   -0.960997   -0.863313   -0.764937   -0.662786   -0.563372   -0.455139   -0.319097   -0.210052   -0.106308   -2.14342e-10   0.106308   0.210053   0.319098   0.455144   0.563364   0.662784   0.76494   0.863323   0.961015   1.04082   1.10671   1.12594   
0.0215737   0.0160123   0.0136001   0.01114   0.00969269   0.00842888   0.00722166   0.00591947   0.00492345   0.00442421   0.00429744   0.00442421   0.00492344   0.00591944   0.00722158   0.00842876   0.00969259   0.0111399   0.0135999   0.0160123   0.0215741   0.0280906   0.0373655   
-0.00835598   -0.00522073   -0.00369936   -0.00190949   -0.000403625   0.00177044   0.00175188   -0.00436257   -0.00377876   -0.00166838   4.49539e-11   0.00166836   0.0037787   0.00436237   -0.00175297   -0.0017688   0.000404109   0.00190885   0.0036972   0.00521675   0.00834696   0.0116641   0.0162458   

1100000
-10   -9   -8   -7   -6   -5   -4   -3   -2   -1   0   1   2   3   4   5   6   7   8   9   10   11   12   13   
-1.04119   -0.961032   -0.863456   -0.764993   -0.662835   -0.563407   -0.454839   -0.318934   -0.210117   -0.106323   3.11663e-09   0.106323   0.210117   0.318935   0.454844   0.563399   0.662832   0.764996   0.863466   0.96105   1.04123   1.10755   1.12891   1.02263   
0.0214924   0.0160027   0.0135665   0.011124   0.00967919   0.00842084   0.00721341   0.00591512   0.00492038   0.00442256   0.00429305   0.00442256   0.00492038   0.00591509   0.00721334   0.00842068   0.0096791   0.011124   0.0135664   0.0160028   0.0214928   0.0279549   0.037072   0.0736647   
-0.00831551   -0.00521355   -0.00367892   -0.00189919   -0.000394596   0.00177903   0.00168794   -0.00439068   -0.00375618   -0.00166054   -5.72904e-10   0.00166052   0.00375611   0.00439046   -0.00168904   -0.00177738   0.000395086   0.00189855   0.00367677   0.00520958   0.00830656   0.0116063   0.0161407   -0.00927946   

1105000
-10   -9   -8   -7   -6   -5   -3   -2   -1   0   1   2   3   5   6   7   8   9   10   11   12   13   16   
-1.0416   -0.961053   -0.863596   -0.765048   -0.662882   -0.563442   -0.318768   -0.210181   -0.106337   -3.42889e-10   0.106338   0.210181   0.318769   0.563434   0.66288   0.765051   0.863606   0.961071   1.04164   1.10838   1.13186   0.701985   0.490595   
0.0214126   0.0159963   0.0135334   0.0111083   0.00966586   0.00841288   0.00591095   0.00491763   0.00442122   0.00428895   0.00442122   0.00491762   0.00591095   0.00841272   0.00966577   0.0111082   0.0135333   0.0159965   0.021413   0.0278202   0.0367818   0.0476327   0.141559   
-0.0082756   -0.00520826   -0.00365876   -0.00188904   -0.00038566   0.00178757   -0.00441952   -0.00373338   -0.00165253   8.92883e-11   0.00165251   0.00373331   0.0044193   -0.0017859   0.000386155   0.0018884   0.00365663   0.00520431   0.00826669   0.0115484   0.0160247   0.0183786   -0.0281439   

1110000
-10   -9   -8   -7   -6   -5   -4   -3   -2   0   2   3   4   5   6   7   8   9   10   11   12   
-1.042   -0.961058   -0.863734   -0.765102   -0.662929   -0.563476   -0.454243   -0.318598   -0.210245   2.22899e-11   0.210245   0.318599   0.454248   0.563469   0.662927   0.765105   0.863744   0.961076   1.04204   1.1092   1.13478   
0.0213343   0.0159933   0.0135009   0.0110928   0.0096527   0.00840501   0.00719716   0.00590698   0.00491518   0.0042851   0.00491518   0.00590695   0.00719708   0.00840489   0.0096526   0.0110927   0.0135008   0.0159935   0.0213346   0.0276864   0.0364948   
-0.00823625   -0.00520503   -0.00363889   -0.00187904   -0.000376824   0.001796   0.00156105   -0.00444905   -0.00371038   -4.02984e-12   0.00371031   0.00444882   -0.00156215   -0.00179436   0.000377322   0.0018784   0.00363676   0.00520109   0.0082274   0.0114907   0.0158984   

1115000
-10   -9   -8   -7   -6   -5   -4   -3   -2   -1   0   1   2   3   4   5   6   7   8   9   10   11   12   13   
-1.04239   -0.961045   -0.863869   -0.765155   -0.662976   -0.56351   -0.453947   -0.318425   -0.210309   -0.106387   5.08467e-10   0.106387   0.210309   0.318426   0.453952   0.563503   0.662974   0.765158   0.863879   0.961063   1.04243   1.11001   1.13767   1.05034   
0.0212574   0.015994   0.0134688   0.0110775   0.00963966   0.00839722   0.00718914   0.00590319   0.00491304   0.00441726   0.00428153   0.00441726   0.00491303   0.00590317   0.00718907   0.0083971   0.00963959   0.0110775   0.0134687   0.0159942   0.0212577   0.0275537   0.0362111   0.066404   
-0.00819744   -0.00520402   -0.00361929   -0.00186919   -0.000368062   0.00180439   0.00149807   -0.00447913   -0.00368721   -0.0016325   -1.04646e-10   0.00163249   0.00368714   0.0044789   -0.00149916   -0.00180275   0.00036856   0.00186856   0.00361718   0.00520009   0.00818865   0.011433   0.0157638   -0.00413966   

1120000
-10   -9   -8   -7   -6   -5   -4   -3   -2   -1   0   1   2   3   4   5   6   7   8   9   10   11   12   15   
-1.04277   -0.961014   -0.864002   -0.765207   -0.663022   -0.563544   -0.453653   -0.318251   -0.210372   -0.106428   -4.07732e-10   0.106428   0.210372   0.318252   0.453658   0.563537   0.66302   0.76521   0.864012   0.961031   1.04281   1.11081   1.14052   0.757649   
0.0211819   0.0159987   0.0134373   0.0110625   0.00962674   0.00838948   0.00718119   0.0058996   0.00491123   0.00441387   0.00427822   0.00441387   0.00491122   0.00589959   0.00718112   0.00838933   0.00962666   0.0110624   0.0134372   0.0159989   0.0211822   0.0274219   0.035931   0.188826   
-0.00815915   -0.00520542   -0.00359995   -0.00185949   -0.00035937   0.00181272   0.00143539   -0.0045094   -0.00366391   -0.00161939   9.28969e-11   0.00161938   0.00366383   0.00450917   -0.0014365   -0.00181105   0.000359857   0.00185886   0.00359784   0.00520151   0.00815042   0.0113755   0.0156225   -0.0595495   

1125000
-10   -9   -8   -7   -6   -5   -4   -3   -2   -1   0   1   2   3   4   5   6   7   8   9   10   11   12   13   
-1.04315   -0.960961   -0.864133   -0.765258   -0.663068   -0.563578   -0.45336   -0.318076   -0.210434   -0.106469   -1.68523e-08   0.106469   0.210434   0.318077   0.453365   0.563571   0.663066   0.765261   0.864143   0.960979   1.04319   1.11161   1.14331   1.06886   
0.0211076   0.0160079   0.0134061   0.0110477   0.00961395   0.00838179   0.0071733   0.00589627   0.00490976   0.00441076   0.00427517   0.00441076   0.00490975   0.00589625   0.00717323   0.00838167   0.00961387   0.0110476   0.013406   0.0160081   0.0211079   0.0272911   0.035655   0.0615063   
-0.00812136   -0.00520948   -0.00358088   -0.00184998   -0.000350749   0.00182098   0.00137303   -0.00453977   -0.00364045   -0.00160624   3.68122e-09   0.00160622   0.00364038   0.00453955   -0.00137414   -0.00181935   0.000351239   0.00184936   0.00357875   0.00520558   0.00811268   0.0113179   0.0154774   -0.000131197   

1130000
-10   -9   -8   -7   -6   -5   -4   -3   -2   -1   0   1   2   3   4   5   6   7   8   9   10   11   12   
-1.04352   -0.960886   -0.864263   -0.765308   -0.663113   -0.563612   -0.453069   -0.3179   -0.210496   -0.10651   -3.31794e-10   0.10651   0.210496   0.317901   0.453074   0.563604   0.663111   0.765311   0.864272   0.960903   1.04356   1.1124   1.14603   
0.0210346   0.016022   0.0133755   0.0110332   0.00960128   0.00837417   0.00716549   0.00589323   0.00490863   0.00440792   0.00427238   0.00440792   0.00490862   0.0058932   0.00716543   0.00837402   0.0096012   0.0110331   0.0133754   0.0160222   0.0210349   0.0271611   0.035383   
-0.00808403   -0.00521646   -0.00356205   -0.00184064   -0.000342192   0.0018292   0.00131097   -0.00457022   -0.00361684   -0.00159304   8.32775e-11   0.00159302   0.00361677   0.00456999   -0.00131208   -0.00182754   0.00034269   0.00184002   0.00355997   0.00521257   0.0080754   0.0112603   0.01533   

1135000
-10   -9   -8   -7   -6   -5   -4   -3   -2   -1   0   1   2   3   4   5   6   7   8   9   10   11   12   13   
-1.04389   -0.960784   -0.864389   -0.765358   -0.663158   -0.563645   -0.452779   -0.317836   -0.210557   -0.106551   6.48536e-09   0.106551   0.210557   0.317836   0.452784   0.563638   0.663156   0.76536   0.864399   0.960801   1.04393   1.11316   1.14869   1.08723   
0.0209627   0.0160415   0.0133453   0.0110188   0.00958873   0.00836661   0.00715775   0.00589109   0.00490796   0.00440537   0.00426985   0.00440537   0.00490795   0.00589107   0.00715768   0.00836649   0.00958864   0.0110188   0.0133452   0.0160418   0.020963   0.027035   0.035115   0.0568931   
-0.00804715   -0.00522668   -0.00354348   -0.00183146   -0.000333706   0.00183735   0.00124923   -0.00457492   -0.00359321   -0.00157981   -1.31762e-09   0.00157979   0.00359314   0.00457482   -0.00125034   -0.00183568   0.00033421   0.00183085   0.00354141   0.0052228   0.00803857   0.011204   0.0151831   0.00397889   

1140000
-10   -9   -8   -7   -6   -5   -4   -3   -2   -1   0   1   2   3   4   5   6   7   8   9   10   11   
-1.04425   -0.960653   -0.864515   -0.765406   -0.663203   -0.563679   -0.452491   -0.31778   -0.210617   -0.106591   -1.02109e-10   0.106591   0.210617   0.317781   0.452495   0.563671   0.663201   0.765409   0.864524   0.960671   1.04429   1.11391   
0.0208919   0.0160672   0.0133155   0.0110048   0.00957629   0.00835907   0.00715007   0.00588912   0.00490764   0.00440308   0.00426766   0.00440308   0.00490764   0.0058891   0.00715001   0.00835898   0.00957621   0.0110047   0.0133154   0.0160675   0.0208922   0.0269138   
-0.00801069   -0.00524051   -0.00352513   -0.00182246   -0.000325281   0.00184546   0.00118779   -0.00457746   -0.0035695   -0.00156657   2.40214e-11   0.00156656   0.00356944   0.00457734   -0.00118891   -0.00184378   0.000325785   0.00182184   0.00352309   0.00523664   0.00800217   0.0111494   

1145000
-10   -9   -8   -7   -6   -5   -4   -3   -2   -1   0   1   2   3   4   5   6   7   8   9   10   11   12   14   
-1.0446   -0.96049   -0.864637   -0.765454   -0.663247   -0.563712   -0.452204   -0.317718   -0.210676   -0.106631   -1.56138e-09   0.106631   0.210676   0.317718   0.452209   0.563705   0.663245   0.765456   0.864647   0.960507   1.04464   1.11464   1.15375   0.472595   
0.0208222   0.0160999   0.0132861   0.0109909   0.00956397   0.0083516   0.00714246   0.00588656   0.00490764   0.00440105   0.00426572   0.00440105   0.00490763   0.00588654   0.00714238   0.0083515   0.00956389   0.0109909   0.013286   0.0161003   0.0208225   0.0267932   0.0345917   0.1096   
-0.00797463   -0.00525841   -0.00350706   -0.00181362   -0.000316924   0.0018535   0.00112666   -0.00458224   -0.00354571   -0.00155335   4.60955e-10   0.00155333   0.00354564   0.00458211   -0.00112779   -0.00185186   0.000317441   0.00181301   0.003505   0.00525455   0.00796616   0.0110947   0.0148997   -0.0144448   

1150000
-10   -9   -8   -7   -6   -5   -4   -3   -1   0   1   3   4   5   6   7   8   9   10   11   13   18   
-1.04495   -0.960288   -0.864759   -0.7655   -0.663291   -0.563746   -0.451919   -0.317659   -0.106671   4.7393e-09   0.106671   0.317659   0.451916   0.563738   0.663289   0.765503   0.864768   0.960305   1.04499   1.11537   0.725222   0.835121   
0.0207535   0.0161406   0.0132572   0.0109774   0.00955172   0.00834421   0.00713491   0.00588149   0.00439929   0.00426406   0.00439929   0.00588147   0.00713483   0.00834409   0.00955166   0.0109773   0.0132571   0.0161411   0.0207538   0.0266732   0.0442745   0.236794   
-0.00793896   -0.00528094   -0.0034892   -0.00180497   -0.000308644   0.0018615   0.0010659   -0.00458834   -0.00154015   -9.8161e-10   0.00154013   0.0045882   -0.00106539   -0.00185983   0.000309138   0.00180436   0.00348717   0.00527709   0.00793054   0.0110401   0.0202135   -0.0827957   

1155000
-10   -9   -8   -7   -6   -5   -4   -3   -2   -1   0   1   2   3   4   6   7   8   9   10   11   12   13   15   
-1.04529   -0.960043   -0.864878   -0.765546   -0.663334   -0.563779   -0.451665   -0.317591   -0.210814   -0.10671   3.78103e-09   0.10671   0.210814   0.317591   0.451669   0.663332   0.765549   0.864887   0.96006   1.04533   1.11609   1.15832   1.11664   0.757885   
0.0206857   0.0161906   0.0132287   0.010964   0.00953964   0.0083368   0.00712737   0.00587656   0.00490526   0.0043978   0.00426268   0.00439779   0.00490525   0.00587654   0.00712731   0.00953958   0.010964   0.0132286   0.0161911   0.020686   0.0265539   0.0340811   0.0505366   0.188944   
-0.00790366   -0.00530877   -0.00347155   -0.0017965   -0.000300392   0.00186941   0.00101233   -0.00459633   -0.00349564   -0.00152701   -7.63513e-10   0.001527   0.00349557   0.00459619   -0.00101321   0.000300911   0.00179589   0.00346953   0.00530494   0.00789529   0.0109854   0.0146681   0.00970538   -0.0596425   

1160000
-10   -9   -8   -7   -6   -4   -3   -2   -1   0   2   3   4   6   7   8   9   10   11   12   13   
-1.04563   -0.959745   -0.864995   -0.76559   -0.663378   -0.451413   -0.317515   -0.210892   -0.106748   -9.37831e-11   0.210892   0.317516   0.451416   0.663375   0.765593   0.865005   0.959761   1.04567   1.11681   1.16041   1.12233   
0.0206189   0.0162515   0.0132005   0.010951   0.00952764   0.00711991   0.00587186   0.00490284   0.0043966   0.00426159   0.00490284   0.00587188   0.00711984   0.00952753   0.0109509   0.0132004   0.0162522   0.0206192   0.0264353   0.0338302   0.0494642   
-0.00786871   -0.00534304   -0.00345415   -0.00178822   -0.000292215   0.000958913   -0.00460599   -0.00346945   -0.00151399   2.42878e-11   0.00346938   0.00460583   -0.000959801   0.00029274   0.00178762   0.00345213   0.00533926   0.00786038   0.0109308   0.0145757   0.0106165   

1165000
-10   -9   -8   -7   -6   -4   -3   -2   -1   0   1   2   3   4   6   7   8   9   10   11   12   13   
-1.04597   -0.959382   -0.865111   -0.765634   -0.66342   -0.451161   -0.317432   -0.210969   -0.106773   -7.73948e-11   0.106773   0.21097   0.317433   0.451165   0.663418   0.765637   0.865121   0.959398   1.04601   1.11753   0.883227   1.1274   
0.020553   0.0163263   0.0131727   0.0109382   0.00951574   0.00711252   0.00586737   0.00490075   0.00439481   0.00426078   0.00439481   0.00490074   0.00586735   0.00711246   0.00951567   0.0109381   0.0131726   0.0163272   0.0205532   0.0263173   0.015009   0.0485457   
-0.00783409   -0.00538504   -0.00343696   -0.00178013   -0.000284095   0.000905662   -0.00461715   -0.00344334   -0.00150465   1.6635e-11   0.00150464   0.00344327   0.00461699   -0.000906557   0.000284589   0.00177954   0.00343494   0.00538129   0.00782581   0.0108761   0.0288661   0.0113741   

1170000
-10   -9   -8   -7   -6   -5   -4   -3   -1   0   1   2   3   4   6   7   8   9   10   11   12   
-1.0463   -0.958946   -0.865225   -0.765676   -0.663463   -0.563878   -0.450909   -0.317343   -0.106781   -3.64366e-11   0.106781   0.211046   0.317344   0.450913   0.66346   0.765679   0.865235   0.958961   1.04634   1.11823   1.16437   
0.0204878   0.016417   0.0131453   0.0109257   0.00950399   0.00831485   0.00710531   0.00586304   0.00439227   0.00426023   0.00439227   0.00489893   0.00586304   0.00710524   0.00950386   0.0109256   0.0131452   0.016418   0.0204881   0.0262   0.0333475   
-0.00779979   -0.00543582   -0.00341995   -0.00177225   -0.000276026   0.00189295   0.000852575   -0.0046296   -0.00149955   7.6686e-12   0.00149954   0.00341724   0.00462944   -0.000853472   0.000276561   0.00177166   0.00341797   0.0054321   0.00779156   0.0108215   0.0143931   

1175000
-10   -9   -8   -7   -6   -5   -4   -3   -2   -1   0   1   2   3   4   6   7   8   9   10   11   12   
-1.04662   -0.958419   -0.865339   -0.765718   -0.663505   -0.563914   -0.450659   -0.31725   -0.211113   -0.106789   -9.43879e-09   0.106789   0.211114   0.317251   0.450663   0.663502   0.76572   0.865348   0.958434   1.04666   1.11894   1.16626   
0.0204235   0.0165267   0.0131181   0.0109135   0.00949223   0.00830705   0.00709819   0.00585886   0.00489703   0.00439002   0.00425995   0.00439002   0.00489703   0.00585884   0.00709813   0.00949219   0.0109134   0.013118   0.0165279   0.0204238   0.0260834   0.0331162   
-0.0077658   -0.00549714   -0.00340322   -0.00176459   -0.00026808   0.00190108   0.000799664   -0.00464279   -0.00339387   -0.0014943   2.01699e-09   0.00149428   0.00339378   0.00464263   -0.000800572   0.000268576   0.001764   0.00340122   0.00549345   0.00775762   0.010767   0.0143034   

1180000
-10   -9   -8   -7   -6   -5   -4   -3   -2   -1   1   2   3   4   5   6   7   8   9   10   11   12   13   
-1.04695   -0.957782   -0.865451   -0.765758   -0.663546   -0.563956   -0.450409   -0.317154   -0.211165   -0.106797   0.106797   0.211165   0.317155   0.450413   0.563948   0.663544   0.765761   0.86546   0.957796   1.04699   1.11963   1.16807   1.13923   
0.02036   0.0166608   0.0130913   0.0109016   0.00948074   0.00829819   0.00709114   0.00585485   0.00489466   0.00438805   0.00438805   0.00489466   0.00585483   0.00709107   0.0082981   0.00948066   0.0109015   0.0130912   0.0166622   0.0203602   0.0259676   0.0328919   0.0465161   
-0.0077321   -0.00557157   -0.00338668   -0.00175714   -0.000260139   0.00190989   0.00074695   -0.00465653   -0.0033753   -0.00148889   0.00148887   0.00337523   0.00465636   -0.000747869   -0.00190822   0.000260667   0.00175655   0.00338469   0.00556793   0.00772397   0.0107125   0.0142149   0.0129536   

1185000
-10   -9   -8   -7   -6   -5   -4   -3   -2   -1   0   1   2   3   4   5   6   7   8   9   10   11   14   
-1.04727   -0.957655   -0.865561   -0.765797   -0.663587   -0.563998   -0.450161   -0.317056   -0.211217   -0.106806   -1.48141e-09   0.106806   0.211217   0.317057   0.450164   0.56399   0.663585   0.7658   0.86557   0.957677   1.0473   1.12033   0.754942   
0.0202972   0.0166868   0.0130648   0.01089   0.0094693   0.00828938   0.00708416   0.00585101   0.00489257   0.00438636   0.00425884   0.00438636   0.00489257   0.005851   0.0070841   0.00828927   0.00946922   0.0108899   0.0130647   0.0166867   0.0202974   0.0258524   0.164053   
-0.00769868   -0.00558607   -0.00337033   -0.00174992   -0.000252283   0.00191864   0.000694433   -0.00467075   -0.00335645   -0.00148334   3.23702e-10   0.00148332   0.00335637   0.00467058   -0.000695348   -0.00191697   0.000252811   0.00174934   0.00336835   0.00558159   0.00769059   0.010658   -0.0501643   

1190000
-10   -9   -8   -7   -6   -5   -4   -3   -2   -1   0   1   2   3   4   5   6   7   8   9   10   11   12   13   
-1.04758   -0.957922   -0.86567   -0.765835   -0.663628   -0.564039   -0.449913   -0.316956   -0.211269   -0.106814   1.45178e-09   0.106814   0.211269   0.316957   0.449917   0.564031   0.663626   0.765837   0.865679   0.957943   1.04762   1.12101   1.17149   1.14471   
0.0202351   0.0166299   0.0130387   0.0108787   0.00945795   0.00828066   0.00707724   0.00584735   0.00489076   0.00438494   0.00425487   0.00438494   0.00489076   0.00584733   0.00707719   0.00828057   0.00945787   0.0108786   0.0130386   0.0166298   0.0202353   0.025738   0.0324653   0.0456255   
-0.00766553   -0.0055542   -0.00335417   -0.00174294   -0.000244478   0.00192734   0.000642116   -0.00468534   -0.00333733   -0.00147765   -2.07491e-10   0.00147763   0.00333726   0.00468517   -0.000643036   -0.00192567   0.000245009   0.00174236   0.0033522   0.00554974   0.00765748   0.0106036   0.0140439   0.0135912   

1195000
-10   -9   -8   -7   -6   -5   -4   -3   -2   -1   0   1   2   3   4   5   6   7   8   9   10   11   12   13   
-1.04789   -0.958184   -0.865777   -0.765871   -0.663668   -0.56408   -0.449666   -0.316854   -0.211321   -0.106823   -1.28788e-10   0.106823   0.211321   0.316854   0.44967   0.564072   0.663666   0.765874   0.865786   0.958205   1.04793   1.12169   1.1731   1.14684   
0.0201737   0.016574   0.0130129   0.0108677   0.0094467   0.00827203   0.00707041   0.00584388   0.00488924   0.00438377   0.00425113   0.00438377   0.00488924   0.00584386   0.00707035   0.00827193   0.00944661   0.0108677   0.0130128   0.0165739   0.0201739   0.0256243   0.032263   0.0452868   
-0.00763264   -0.00552286   -0.0033382   -0.00173621   -0.000236722   0.00193597   0.000589997   -0.00470026   -0.00331798   -0.00147181   2.84326e-11   0.00147179   0.00331791   0.00470008   -0.000590924   -0.0019343   0.000237258   0.00173565   0.00333625   0.00551844   0.00762464   0.0105493   0.0139607   0.0138213   

1200000
-10   -9   -8   -7   -6   -5   -4   -3   -2   -1   0   1   2   3   4   5   6   7   8   9   10   11   12   14   
-1.0482   -0.95844   -0.865882   -0.765907   -0.663709   -0.56412   -0.44942   -0.31675   -0.211373   -0.106832   -8.8209e-11   0.106832   0.211373   0.316751   0.449424   0.564112   0.663706   0.765909   0.865891   0.958461   1.04824   1.12237   1.17464   0.743424   
0.0201127   0.0165192   0.0129875   0.0108571   0.00943553   0.00826347   0.00706364   0.00584059   0.00488803   0.00438284   0.00424762   0.00438284   0.00488802   0.00584058   0.00706358   0.00826338   0.00943545   0.010857   0.0129873   0.0165191   0.020113   0.0255115   0.0320684   0.167909   
-0.00759993   -0.00549206   -0.00332242   -0.00172974   -0.000229018   0.00194454   0.00053807   -0.00471544   -0.0032984   -0.00146579   1.9401e-11   0.00146577   0.00329832   0.00471526   -0.000539005   -0.00194287   0.000229557   0.00172918   0.00332049   0.00548766   0.00759196   0.0104951   0.0138796   -0.0508963   

1205000
-10   -9   -8   -7   -6   -5   -4   -3   -2   -1   0   1   2   3   4   5   6   7   8   9   10   11   12   13   14   
-1.04851   -0.958692   -0.865987   -0.76594   -0.663749   -0.56416   -0.449175   -0.316645   -0.211424   -0.106846   9.76905e-09   0.106847   0.211424   0.316645   0.449179   0.564153   0.663746   0.765943   0.865996   0.958712   1.04854   1.12304   1.17611   1.15004   0.474309   
0.0200524   0.0164656   0.0129623   0.0108469   0.00942446   0.008255   0.00705693   0.0058375   0.00488719   0.00438151   0.00424432   0.00438151   0.00488719   0.00583748   0.00705688   0.00825491   0.00942437   0.0108468   0.0129622   0.0164655   0.0200526   0.0253994   0.0318815   0.0447881   0.109178   
-0.00756739   -0.00546183   -0.00330681   -0.00172354   -0.000221363   0.00195304   0.000486354   -0.00473082   -0.00327869   -0.00145868   -2.02746e-09   0.00145866   0.00327862   0.00473063   -0.000487284   -0.00195138   0.000221905   0.00172295   0.00330487   0.0054575   0.00755947   0.010441   0.0138009   0.0141426   -0.0143819   

1210000
-10   -9   -8   -7   -6   -5   -4   -3   -2   -1   0   1   2   3   4   5   6   7   8   9   10   11   12   13   
-1.04881   -0.958938   -0.866089   -0.765973   -0.663788   -0.5642   -0.448932   -0.316538   -0.211475   -0.106878   7.28139e-09   0.106878   0.211475   0.316539   0.448935   0.564192   0.663786   0.765975   0.866098   0.958959   1.04885   1.1237   1.17751   1.15115   
0.0199926   0.0164129   0.0129375   0.010837   0.00941347   0.00824661   0.0070503   0.00583464   0.0048867   0.00437836   0.00424124   0.00437836   0.00488669   0.00583463   0.00705025   0.00824652   0.00941339   0.0108369   0.0129374   0.0164128   0.0199928   0.0252881   0.0317026   0.0446153   
-0.00753509   -0.00543202   -0.00329138   -0.0017176   -0.000213756   0.00196149   0.00043483   -0.00474637   -0.00325884   -0.00144852   -1.50293e-09   0.00144851   0.00325876   0.00474618   -0.000435766   -0.00195983   0.000214301   0.00171703   0.00328945   0.00542771   0.00752721   0.010387   0.0137246   0.0142462   

1215000
-10   -9   -8   -7   -6   -5   -4   -3   -2   -1   0   1   2   3   4   5   6   7   8   9   10   11   12   13   14   
-1.04911   -0.95918   -0.866191   -0.766004   -0.663827   -0.56424   -0.448689   -0.31643   -0.211525   -0.10691   5.02562e-09   0.10691   0.211525   0.316431   0.448692   0.564232   0.663825   0.766006   0.8662   0.959201   1.04915   1.12435   1.17884   1.15197   0.743419   
0.0199334   0.0163612   0.0129131   0.0108275   0.00940256   0.00823829   0.00704373   0.00583212   0.00488653   0.00437545   0.00423838   0.00437545   0.00488653   0.00583211   0.00704368   0.00823819   0.00940248   0.0108274   0.0129128   0.016361   0.0199336   0.0251778   0.0315317   0.0444884   0.167995   
-0.00750301   -0.00540269   -0.00327615   -0.00171196   -0.000206196   0.0019699   0.000383517   -0.00476205   -0.00323884   -0.0014383   -1.02705e-09   0.00143828   0.00323876   0.00476186   -0.000384454   -0.00196822   0.000206744   0.00171139   0.00327419   0.00539839   0.00749518   0.0103332   0.013651   0.014319   -0.0509431   

1220000
-10   -9   -8   -7   -6   -5   -4   -3   -2   -1   0   1   2   3   4   5   6   7   8   9   10   11   12   13   
-1.04941   -0.959418   -0.866291   -0.766033   -0.663867   -0.564279   -0.448447   -0.316321   -0.211575   -0.106942   2.70803e-09   0.106942   0.211575   0.316322   0.448451   0.564271   0.663864   0.766035   0.8663   0.959438   1.04944   1.125   1.1801   1.15251   
0.0198748   0.0163104   0.0128887   0.0108184   0.00939175   0.00823005   0.00703723   0.00582978   0.00488666   0.00437279   0.00423573   0.00437279   0.00488666   0.00582977   0.00703718   0.00822995   0.00939166   0.0108184   0.0128886   0.0163103   0.019875   0.0250685   0.0313692   0.0444018   
-0.00747115   -0.00537385   -0.00326101   -0.0017067   -0.000198683   0.00197826   0.000332414   -0.00477779   -0.00321869   -0.00142801   -5.42999e-10   0.00142799   0.00321862   0.0047776   -0.000333358   -0.00197658   0.000199233   0.00170616   0.00325909   0.00536957   0.00746335   0.0102797   0.01358   0.0143616   

1225000
-10   -9   -8   -7   -6   -5   -4   -3   -2   -1   0   1   2   3   4   5   6   7   8   9   10   11   12   
-1.0497   -0.959651   -0.86639   -0.76606   -0.663905   -0.564318   -0.448206   -0.316241   -0.211625   -0.106974   8.18738e-10   0.106974   0.211625   0.316242   0.44821   0.56431   0.663903   0.766063   0.866398   0.959671   1.04974   1.12565   1.18128   
0.0198168   0.0162606   0.0128647   0.0108097   0.00938101   0.00822189   0.00703079   0.00582779   0.00488704   0.00437036   0.00423332   0.00437036   0.00488704   0.00582779   0.00703074   0.00822179   0.00938093   0.0108097   0.0128646   0.0162604   0.0198169   0.02496   0.0312162   
-0.00743949   -0.00534546   -0.00324609   -0.00170168   -0.000191214   0.00198657   0.000281523   -0.00478685   -0.0031984   -0.00141766   -1.47456e-10   0.00141765   0.00319832   0.00478673   -0.000282466   -0.00198489   0.000191768   0.00170114   0.00324417   0.00534121   0.00743174   0.0102263   0.0135124   

1230000
-10   -9   -8   -7   -6   -5   -4   -3   -2   -1   0   1   2   3   4   5   6   7   8   9   10   11   12   13   14   
-1.04999   -0.95988   -0.866487   -0.766086   -0.663944   -0.564356   -0.447966   -0.316225   -0.211678   -0.107006   8.50114e-10   0.107006   0.211678   0.316226   0.44797   0.564348   0.663941   0.766089   0.866496   0.9599   1.05003   1.12628   1.18239   1.15286   0.761143   
0.0197592   0.0162116   0.012841   0.0108015   0.00937034   0.00821386   0.00702439   0.00582631   0.0048872   0.00436815   0.00423114   0.00436815   0.00488719   0.0058263   0.00702434   0.00821377   0.00937026   0.0108014   0.012841   0.0162115   0.0197594   0.0248526   0.0310718   0.044341   0.16079   
-0.00740804   -0.00531752   -0.0032313   -0.00169698   -0.000183791   0.0019948   0.000230848   -0.0047812   -0.00317766   -0.00140726   -1.6688e-10   0.00140725   0.00317759   0.00478107   -0.0002318   -0.00199312   0.000184324   0.00169644   0.0032294   0.0053133   0.00740032   0.0101731   0.0134479   0.0143737   -0.0496214   

1235000
-10   -9   -8   -7   -6   -5   -4   -3   -2   -1   0   1   2   4   5   6   7   8   9   10   11   12   13   14   
-1.05028   -0.960104   -0.866583   -0.76611   -0.663982   -0.564394   -0.447727   -0.316203   -0.211746   -0.107038   1.84502e-09   0.107038   0.211747   0.447731   0.564386   0.663979   0.766113   0.866592   0.960124   1.05032   1.12691   1.18344   1.1527   0.478512   
0.0197022   0.0161635   0.0128176   0.0107937   0.00935976   0.00820593   0.00701806   0.0058248   0.00488501   0.00436617   0.00422918   0.00436617   0.00488501   0.00701801   0.00820584   0.0093597   0.0107937   0.0128175   0.0161634   0.0197024   0.024746   0.030936   0.0443597   0.1079   
-0.00737677   -0.00529001   -0.00321667   -0.00169263   -0.000176415   0.00200297   0.000180404   -0.00477717   -0.00315522   -0.00139682   -3.90092e-10   0.0013968   0.00315514   -0.000181352   -0.00200129   0.000176975   0.00169209   0.00321478   0.00528581   0.0073691   0.0101201   0.0133866   0.0143456   -0.0139572   

1240000
-10   -9   -8   -7   -6   -5   -4   -3   -2   -1   0   1   2   3   4   5   6   7   8   9   10   11   12   13   17   
-1.05056   -0.960325   -0.866678   -0.766133   -0.66402   -0.564432   -0.447489   -0.316183   -0.211814   -0.107069   5.99377e-09   0.107069   0.211815   0.316183   0.447493   0.564424   0.664017   0.766135   0.866687   0.960345   1.0506   1.12754   1.1844   1.15234   0.806704   
0.0196464   0.0161162   0.0127945   0.0107864   0.00934929   0.00819808   0.00701179   0.00582161   0.00488308   0.00436445   0.00422744   0.00436445   0.00488307   0.0058216   0.00701174   0.00819798   0.0093492   0.0107863   0.0127944   0.0161161   0.0196465   0.0246405   0.0308092   0.0444093   0.220669   
-0.00734612   -0.00526292   -0.00320219   -0.00168863   -0.000169072   0.0020111   0.000130177   -0.00477399   -0.00313273   -0.00138636   -1.27907e-09   0.00138634   0.00313266   0.00477385   -0.000131126   -0.00200942   0.000169638   0.00168809   0.0032003   0.00525874   0.00733849   0.0100673   0.0133286   0.0142973   -0.0747908   

1245000
-10   -9   -8   -7   -6   -5   -4   -3   -2   -1   0   1   2   3   4   5   6   7   8   9   10   11   12   13   
-1.05084   -0.960542   -0.866772   -0.766153   -0.664058   -0.564469   -0.447253   -0.316162   -0.211882   -0.107101   3.46646e-09   0.107101   0.211882   0.316163   0.447257   0.564461   0.664055   0.766156   0.866781   0.960561   1.05088   1.12815   1.1853   1.15179   
0.0195913   0.0160698   0.0127716   0.0107795   0.00933886   0.00819028   0.00700558   0.0058174   0.00488138   0.00436298   0.00422592   0.00436297   0.00488138   0.00581738   0.00700553   0.00819019   0.00933879   0.0107795   0.0127715   0.0160696   0.0195915   0.0245359   0.0306912   0.0444865   
-0.00731587   -0.00523624   -0.00318786   -0.001685   -0.000161785   0.00201919   8.01766e-05   -0.00477167   -0.00311021   -0.00137588   -7.12819e-10   0.00137586   0.00311013   0.00477153   -8.11283e-05   -0.0020175   0.000162352   0.00168445   0.00318596   0.00523209   0.00730828   0.0100149   0.013274   0.0142292   

1250000
-10   -9   -8   -7   -6   -5   -4   -3   -2   -1   0   1   2   3   4   5   6   7   8   9   10   11   12   
-1.05112   -0.960755   -0.866865   -0.766172   -0.664095   -0.564506   -0.447017   -0.316137   -0.211949   -0.107132   3.31202e-09   0.107132   0.211949   0.316138   0.447021   0.564498   0.664093   0.766174   0.866874   0.960774   1.05116   1.12876   1.18613   
0.0195367   0.0160241   0.012749   0.0107732   0.00932853   0.00818257   0.00699946   0.00581339   0.00487992   0.00436174   0.00422463   0.00436174   0.00487991   0.00581338   0.00699941   0.00818247   0.00932844   0.0107731   0.0127489   0.016024   0.0195368   0.0244324   0.0305823   
-0.00728578   -0.00520996   -0.00317366   -0.00168174   -0.000154534   0.00202724   3.04055e-05   -0.00477044   -0.00308767   -0.0013654   -6.78881e-10   0.00136538   0.0030876   0.00477029   -3.13592e-05   -0.00202555   0.000155087   0.00168119   0.0031718   0.00520583   0.00727822   0.00996264   0.013223   

1255000
-10   -9   -8   -7   -6   -5   -4   -3   -2   -1   0   1   2   3   4   5   6   7   8   9   10   11   12   13   
-1.0514   -0.960964   -0.866957   -0.766188   -0.664132   -0.564543   -0.446782   -0.316107   -0.212015   -0.107162   3.1958e-09   0.107162   0.212016   0.316108   0.446786   0.564535   0.66413   0.76619   0.866965   0.960983   1.05143   1.12937   1.18688   1.15019   
0.0194825   0.0159792   0.0127266   0.0107674   0.00931823   0.00817492   0.00699346   0.00580953   0.00487869   0.00436075   0.00422356   0.00436075   0.00487869   0.00580951   0.00699342   0.00817482   0.00931819   0.0107673   0.0127265   0.0159791   0.0194826   0.02433   0.0304826   0.0447203   
-0.00725583   -0.00518407   -0.00315961   -0.00167889   -0.000147337   0.00203525   -1.91347e-05   -0.00477008   -0.00306516   -0.00135493   -6.55493e-10   0.00135492   0.00306509   0.00476993   1.81815e-05   -0.00203355   0.000147902   0.00167834   0.00315774   0.00517995   0.00724831   0.00991072   0.0131757   0.0140374   

1260000
-10   -9   -8   -7   -6   -5   -4   -3   -2   -1   0   1   2   3   4   5   6   7   8   9   10   11   12   
-1.05167   -0.96117   -0.867047   -0.766202   -0.664169   -0.56458   -0.446548   -0.316074   -0.212081   -0.107193   3.12766e-09   0.107193   0.212082   0.316074   0.446552   0.564572   0.664167   0.766204   0.867056   0.961189   1.05171   1.12996   1.18756   
0.0194287   0.015935   0.0127046   0.0107621   0.00930808   0.00816732   0.00698752   0.0058058   0.0048777   0.00436   0.00422272   0.00436   0.00487771   0.00580578   0.00698748   0.00816722   0.009308   0.0107621   0.0127044   0.0159349   0.0194288   0.0242286   0.0303923   
-0.00722604   -0.00515855   -0.0031457   -0.00167646   -0.000140161   0.00204322   -6.84397e-05   -0.00477044   -0.00304269   -0.00134451   -6.42365e-10   0.00134449   0.00304261   0.00477029   6.74851e-05   -0.00204153   0.000140743   0.00167592   0.00314386   0.00515446   0.00721855   0.00985912   0.0131322   

1265000
-10   -9   -8   -7   -6   -5   -4   -3   -2   -1   0   2   3   4   5   6   7   8   9   10   11   12   
-1.05194   -0.961372   -0.867137   -0.766213   -0.664206   -0.564616   -0.446316   -0.316037   -0.212136   -0.107222   3.34568e-09   0.212137   0.316038   0.44632   0.564608   0.664203   0.766216   0.867145   0.961391   1.05198   1.13055   1.18816   
0.0193753   0.0158916   0.0126826   0.0107575   0.00929794   0.00815979   0.00698163   0.0058022   0.00487649   0.00435949   0.0042221   0.00487648   0.0058022   0.00698159   0.00815969   0.00929789   0.0107575   0.0126825   0.0158914   0.0193754   0.0241284   0.0303117   
-0.0071964   -0.0051334   -0.00313197   -0.00167449   -0.000133055   0.00205116   -0.000117503   -0.0047714   -0.00302329   -0.00133414   -6.89539e-10   0.00302321   0.00477125   0.000116545   -0.00204946   0.000133619   0.00167394   0.00313011   0.00512934   0.00718897   0.00980785   0.0130926   

1270000
-10   -9   -8   -7   -6   -5   -4   -3   -2   -1   0   1   2   3   4   5   6   7   8   9   10   11   12   
-1.05221   -0.961571   -0.867225   -0.766222   -0.664243   -0.564652   -0.446085   -0.315998   -0.212175   -0.107246   -8.48895e-11   0.107246   0.212175   0.315998   0.446089   0.564644   0.66424   0.766224   0.867233   0.96159   1.05225   1.13113   1.18869   
0.0193222   0.0158488   0.012661   0.0107536   0.00928793   0.00815232   0.0069758   0.00579875   0.00487474   0.00435884   0.0042217   0.00435884   0.00487474   0.00579873   0.00697576   0.00815222   0.00928783   0.0107535   0.0126609   0.0158487   0.0193224   0.0240293   0.0302407   
-0.00716689   -0.00510862   -0.00311835   -0.00167302   -0.000125958   0.00205906   -0.000166328   -0.00477286   -0.00300864   -0.00132529   1.87721e-11   0.00132528   0.00300856   0.00477271   0.000165359   -0.00205736   0.0001265   0.00167247   0.0031165   0.00510457   0.0071595   0.00975693   0.0130571   

1275000
-10   -9   -8   -7   -6   -5   -4   -3   -2   -1   0   1   2   3   4   5   6   7   8   9   10   11   12   
-1.05248   -0.961766   -0.867312   -0.766227   -0.664279   -0.564688   -0.445855   -0.315956   -0.212214   -0.10725   6.64183e-09   0.10725   0.212214   0.315957   0.445859   0.56468   0.664276   0.766229   0.867321   0.961785   1.05252   1.13171   1.18914   
0.0192696   0.0158068   0.0126396   0.0107506   0.00927796   0.00814491   0.00697001   0.00579544   0.00487326   0.00435713   0.00422152   0.00435713   0.00487325   0.00579543   0.00696996   0.00814481   0.00927789   0.0107505   0.0126395   0.0158066   0.0192697   0.0239313   0.0301796   
-0.00713752   -0.00508418   -0.00310484   -0.0016722   -0.000118894   0.00206693   -0.000214898   -0.00477472   -0.00299371   -0.00132134   -1.36548e-09   0.00132132   0.00299363   0.00477457   0.000213933   -0.00206523   0.000119503   0.00167166   0.00310301   0.00508015   0.00713016   0.00970639   0.0130258   

1280000
-10   -9   -8   -7   -6   -5   -4   -3   -2   -1   0   1   2   3   4   5   6   7   8   9   10   11   12   13   14   
-1.05275   -0.961959   -0.867399   -0.766228   -0.664315   -0.564724   -0.445626   -0.315913   -0.212253   -0.107254   -1.31412e-10   0.107254   0.212253   0.315914   0.44563   0.564716   0.664312   0.766231   0.867407   0.961978   1.05278   1.13227   1.18951   1.14377   0.747854   
0.0192173   0.0157654   0.0126184   0.0107482   0.00926806   0.00813757   0.00696426   0.00579228   0.00487206   0.00435566   0.00422154   0.00435566   0.00487206   0.00579227   0.00696422   0.00813747   0.00926799   0.0107482   0.0126183   0.0157652   0.0192174   0.0238346   0.0301286   0.0456983   0.167552   
-0.00710828   -0.00506009   -0.00309148   -0.00167189   -0.000111918   0.00207476   -0.000263213   -0.00477689   -0.00297855   -0.00131726   2.88258e-11   0.00131725   0.00297848   0.00477673   0.000262253   -0.00207305   0.000112506   0.00167134   0.00308965   0.00505608   0.00710096   0.00965625   0.0129987   0.0132495   -0.0511671   

1285000
-10   -9   -8   -7   -6   -5   -4   -3   -2   -1   0   1   2   3   4   5   6   7   8   9   10   11   12   
-1.05301   -0.962148   -0.867484   -0.766226   -0.664351   -0.56476   -0.445398   -0.315868   -0.212291   -0.107258   1.75389e-09   0.107259   0.212292   0.315869   0.445402   0.564752   0.664348   0.766229   0.867492   0.962167   1.05304   1.13283   1.18981   
0.0191654   0.0157246   0.0125974   0.0107467   0.00925826   0.00813029   0.00695856   0.00578928   0.00487119   0.00435443   0.00422176   0.00435443   0.00487119   0.00578926   0.00695852   0.00813019   0.00925818   0.0107467   0.0125973   0.0157245   0.0191655   0.0237391   0.0300878   
-0.00707918   -0.00503633   -0.00307824   -0.00167223   -0.000104945   0.00208255   -0.000311285   -0.00477928   -0.00296321   -0.00131309   -3.35117e-10   0.00131307   0.00296314   0.00477912   0.00031032   -0.00208084   0.000105558   0.0016716   0.00307641   0.00503234   0.00707188   0.00960653   0.0129759   

1290000
-10   -9   -8   -7   -6   -5   -4   -3   -2   -1   1   2   3   4   5   6   7   8   9   10   11   12   13   14   
-1.05327   -0.962334   -0.867568   -0.766221   -0.664386   -0.564795   -0.445172   -0.315823   -0.21233   -0.107263   0.107263   0.21233   0.315823   0.445176   0.564787   0.664384   0.766224   0.867577   0.962353   1.05331   1.13338   1.19002   1.14046   0.757662   
0.0191138   0.0156845   0.0125766   0.010746   0.00924852   0.00812307   0.00695289   0.00578644   0.00487061   0.00435341   0.00435341   0.00487061   0.00578643   0.00695285   0.00812298   0.00924842   0.010746   0.0125765   0.0156843   0.019114   0.0236448   0.0300574   0.0462268   0.162597   
-0.00705019   -0.0050129   -0.0030651   -0.00167305   -9.80546e-05   0.0020903   -0.000359096   -0.00478183   -0.00294768   -0.00130879   0.00130878   0.0029476   0.00478167   0.000358132   -0.0020886   9.86194e-05   0.00167247   0.00306328   0.00500892   0.00704294   0.00955724   0.0129577   0.0128133   -0.0501763   

1295000
-10   -9   -8   -7   -6   -5   -4   -3   -2   -1   0   1   2   3   4   5   6   7   8   9   10   11   12   13   14   
-1.05353   -0.962518   -0.867652   -0.766213   -0.664421   -0.56483   -0.444947   -0.315776   -0.212368   -0.107267   -2.96645e-10   0.107267   0.212369   0.315776   0.444951   0.564822   0.664418   0.766215   0.86766   0.962536   1.05357   1.13393   1.19016   1.13868   0.75782   
0.0190626   0.0156449   0.012556   0.0107462   0.00923887   0.00811591   0.00694724   0.00578377   0.00487032   0.00435261   0.00421971   0.00435261   0.00487031   0.00578376   0.0069472   0.00811581   0.00923878   0.0107462   0.0125559   0.0156448   0.0190627   0.0235519   0.0300376   0.0465175   0.162573   
-0.00702134   -0.00498978   -0.00305208   -0.00167453   -9.11908e-05   0.00209803   -0.000406646   -0.00478449   -0.00293198   -0.00130436   1.03826e-10   0.00130435   0.00293191   0.00478434   0.000405692   -0.00209632   9.1831e-05   0.00167399   0.00305027   0.00498583   0.00701412   0.00950843   0.012944   0.0125704   -0.0501643   

1300000
-10   -9   -8   -7   -6   -5   -4   -3   -2   0   2   3   4   5   6   7   8   9   10   11   12   
-1.05379   -0.962698   -0.867735   -0.7662   -0.664457   -0.564865   -0.444723   -0.315728   -0.212407   -3.19024e-10   0.212407   0.315729   0.444727   0.564857   0.664453   0.766202   0.867743   0.962717   1.05382   1.13446   1.19021   
0.0190117   0.015606   0.0125357   0.0107474   0.00922928   0.00810882   0.00694163   0.00578131   0.0048703   0.00421633   0.0048703   0.00578129   0.00694159   0.00810871   0.00922921   0.0107473   0.0125356   0.0156059   0.0190118   0.0234602   0.0300284   
-0.00699261   -0.00496698   -0.00303918   -0.00167674   -8.43534e-05   0.00210571   -0.000453951   -0.00478718   -0.0029161   6.91148e-11   0.00291603   0.00478702   0.000452989   -0.002104   8.50178e-05   0.00167621   0.00303737   0.00496304   0.00698542   0.0094601   0.0129347   

1305000
-10   -9   -8   -7   -6   -5   -4   -3   -2   -1   0   1   2   3   4   5   6   7   8   9   10   11   12   13   14   
-1.05405   -0.962876   -0.867817   -0.766183   -0.664491   -0.5649   -0.444501   -0.31568   -0.212445   -0.107291   5.90392e-11   0.107291   0.212445   0.31568   0.444505   0.564892   0.664488   0.766185   0.867825   0.962894   1.05408   1.13499   1.19017   1.13492   0.893476   
0.0189612   0.0155676   0.0125155   0.0107495   0.0092198   0.00810178   0.00693603   0.00577917   0.00487055   0.00434976   0.00421312   0.00434976   0.00487055   0.00577914   0.00693599   0.00810168   0.00921972   0.0107494   0.0125154   0.0155675   0.0189613   0.02337   0.0300304   0.0471452   0.122131   
-0.00696399   -0.00494448   -0.00302638   -0.00167969   -7.76129e-05   0.00211336   -0.000500982   -0.0047899   -0.00290005   -0.00129282   -9.48092e-12   0.0012928   0.00289998   0.00478974   0.000500021   -0.00211165   7.82603e-05   0.00167918   0.00302458   0.00494056   0.00695684   0.00941229   0.0129302   0.0120357   -0.0345204   

1310000
-10   -9   -8   -7   -6   -5   -4   -3   -2   -1   0   1   2   3   4   5   6   7   8   9   10   11   12   13   14   
-1.0543   -0.963051   -0.867898   -0.766227   -0.664525   -0.564934   -0.44428   -0.315633   -0.212483   -0.107315   9.60815e-11   0.107315   0.212484   0.315637   0.444284   0.564926   0.664522   0.766229   0.867906   0.963069   1.05433   1.1355   1.19005   1.13295   1.05573   
0.0189109   0.0155298   0.0124954   0.0107374   0.0092104   0.00809481   0.00693044   0.00577719   0.004871   0.00434717   0.0042101   0.00434717   0.00487101   0.00577721   0.0069304   0.00809471   0.00921032   0.0107373   0.0124953   0.0155297   0.018911   0.0232811   0.0300438   0.0474821   0.0855844   
-0.0069355   -0.00492227   -0.00301366   -0.00167238   -7.09024e-05   0.00212098   -0.000547757   -0.00479239   -0.00288381   -0.00128503   -1.79946e-11   0.001285   0.00288373   0.00479114   0.000546796   -0.00211926   7.15462e-05   0.00167181   0.00301187   0.00491838   0.00692838   0.00936501   0.012931   0.0117461   -0.0158018   

1315000
-10   -9   -8   -7   -6   -5   -4   -3   -2   -1   0   1   2   3   4   5   6   7   8   9   10   11   12   13   14   
-1.05455   -0.963223   -0.867978   -0.766284   -0.664559   -0.564969   -0.44406   -0.31566   -0.212524   -0.107339   3.81984e-10   0.107339   0.212524   0.315661   0.444064   0.564961   0.664556   0.766286   0.867987   0.963242   1.05459   1.13601   1.18984   1.13094   1.05737   
0.018861   0.0154926   0.0124756   0.0107223   0.00920108   0.00808789   0.00692486   0.00577575   0.00487142   0.00434477   0.00420725   0.00434477   0.00487142   0.00577574   0.00692483   0.00808779   0.00920101   0.0107222   0.0124755   0.0154925   0.0188611   0.0231936   0.0300686   0.0478299   0.0852297   
-0.00690713   -0.00490036   -0.00300106   -0.00166287   -6.42263e-05   0.00212856   -0.000594278   -0.00477777   -0.00286724   -0.00127716   -8.09855e-11   0.00127715   0.00286716   0.00477763   0.000593323   -0.00212684   6.48923e-05   0.0016623   0.00299927   0.00489648   0.00690004   0.00931829   0.0129364   0.0114414   -0.0156183   

1320000
-10   -9   -8   -7   -6   -5   -4   -3   -2   -1   0   1   2   3   4   5   6   7   8   9   10   11   12   13   14   
-1.0548   -0.963393   -0.868058   -0.76634   -0.664593   -0.565003   -0.443842   -0.315678   -0.21258   -0.107363   6.32869e-10   0.107363   0.21258   0.315679   0.443846   0.564995   0.66459   0.766343   0.868066   0.963411   1.05484   1.13651   1.18953   1.12888   1.05844   
0.0188114   0.0154559   0.0124559   0.0107074   0.00919184   0.00808103   0.00691928   0.00577443   0.00486936   0.00434256   0.00420458   0.00434256   0.00486935   0.00577442   0.00691924   0.00808093   0.00919176   0.0107073   0.0124558   0.0154558   0.0188115   0.0231076   0.0301055   0.0481918   0.0849991   
-0.00687887   -0.00487872   -0.00298855   -0.00165345   -5.76173e-05   0.00213611   -0.000640546   -0.00476541   -0.00284902   -0.00126923   -1.33532e-10   0.00126921   0.00284894   0.00476526   0.000639585   -0.00213439   5.82739e-05   0.00165289   0.00298677   0.00487486   0.00687182   0.00927217   0.0129471   0.0111223   -0.0155018   

1325000
-10   -9   -8   -7   -6   -5   -4   -3   -2   -1   0   1   2   3   4   5   6   7   8   9   10   11   12   13   
-1.05505   -0.96356   -0.868137   -0.766396   -0.664627   -0.565037   -0.443644   -0.315692   -0.212636   -0.107387   1.45896e-09   0.107387   0.212636   0.315692   0.443647   0.565028   0.664624   0.766399   0.868145   0.963578   1.05509   1.137   1.18913   0.814166   
0.0187622   0.0154197   0.0124364   0.0106926   0.00918265   0.00807423   0.00691375   0.00577321   0.0048675   0.00434055   0.00420211   0.00434055   0.0048675   0.0057732   0.00691371   0.00807413   0.00918258   0.0106925   0.0124364   0.0154196   0.0187622   0.0230231   0.0301546   0.032448   
-0.00685074   -0.00485736   -0.00297616   -0.00164412   -5.10338e-05   0.00214362   -0.000682092   -0.00475398   -0.00283068   -0.00126124   -3.11693e-10   0.00126122   0.00283061   0.00475383   0.000681399   -0.0021419   5.169e-05   0.00164356   0.00297438   0.00485352   0.00684371   0.00922665   0.012963   0.0255557   

1330000
-10   -9   -8   -7   -6   -5   -4   -3   -2   -1   0   1   2   3   4   5   6   7   8   9   10   11   12   13   14   18   
-1.0553   -0.963725   -0.868215   -0.766451   -0.66466   -0.56507   -0.443462   -0.315702   -0.212691   -0.107411   -9.82634e-10   0.107411   0.212692   0.315702   0.443465   0.565062   0.664657   0.766454   0.868223   0.963743   1.05533   1.13748   1.18863   1.12465   1.05943   0.835901   
0.0187132   0.015384   0.0124171   0.0106779   0.00917352   0.00806749   0.00690825   0.005772   0.00486586   0.00433874   0.00419982   0.00433874   0.00486585   0.00577199   0.00690819   0.00806739   0.00917344   0.0106778   0.0124171   0.0153839   0.0187133   0.0229401   0.0302165   0.0489524   0.08479   0.237278   
-0.00682275   -0.00483628   -0.00296388   -0.00163488   -4.45164e-05   0.0021511   -0.000720141   -0.00474333   -0.00281225   -0.00125318   2.12982e-10   0.00125317   0.00281217   0.00474317   0.000719439   -0.00214938   4.50989e-05   0.00163432   0.0029621   0.00483245   0.00681576   0.00918178   0.0129837   0.0104419   -0.0154071   -0.0833407   

1335000
-10   -9   -8   -7   -6   -5   -4   -3   -2   -1   0   1   2   4   5   6   7   8   9   10   11   12   13   14   
-1.05555   -0.963888   -0.868292   -0.766506   -0.664693   -0.565104   -0.443282   -0.315709   -0.212747   -0.107435   -6.55842e-10   0.107435   0.212747   0.443286   0.565095   0.66469   0.766509   0.8683   0.963906   1.05558   1.13796   1.18802   1.1225   1.0595   
0.0186647   0.0153488   0.012398   0.0106634   0.00916447   0.00806081   0.00690212   0.00577084   0.00486441   0.00433712   0.0041977   0.00433712   0.00486441   0.00690207   0.00806071   0.0091644   0.0106633   0.0123979   0.0153487   0.0186648   0.0228587   0.0302919   0.04935   0.0847814   
-0.00679496   -0.00481545   -0.00295168   -0.00162578   -3.80015e-05   0.00215855   -0.000758238   -0.00473332   -0.00279373   -0.00124508   1.41852e-10   0.00124506   0.00279365   0.000757526   -0.00215682   3.85909e-05   0.00162517   0.00294991   0.00481164   0.006788   0.00913758   0.0130108   0.010081   -0.0154095   

1340000
-10   -9   -8   -7   -6   -5   -4   -3   -2   -1   0   1   2   3   4   5   6   7   8   9   10   11   12   14   
-1.05579   -0.964048   -0.868369   -0.76656   -0.664726   -0.565137   -0.443103   -0.315722   -0.212803   -0.107459   -7.48776e-10   0.107459   0.212803   0.315723   0.443107   0.565129   0.664723   0.766563   0.868377   0.964066   1.05582   1.13842   1.1873   1.05936   
0.0186165   0.0153141   0.012379   0.0106491   0.00915553   0.00805418   0.00689573   0.00576806   0.00486319   0.00433569   0.00419576   0.00433569   0.00486319   0.00576807   0.00689567   0.00805407   0.00915546   0.010649   0.012379   0.015314   0.0186166   0.0227789   0.0303811   0.0848079   
-0.00676728   -0.00479488   -0.00293958   -0.00161665   -3.15584e-05   0.00216596   -0.000796382   -0.00472325   -0.00277514   -0.00123692   1.63849e-10   0.0012369   0.00277506   0.00472309   0.00079565   -0.00216423   3.21573e-05   0.0016161   0.00293782   0.00479108   0.00676035   0.00909408   0.013043   -0.0154386   

1345000
-10   -9   -8   -7   -6   -5   -4   -3   -2   -1   0   1   2   3   4   5   6   7   8   9   10   11   12   14   
-1.05603   -0.964206   -0.868444   -0.766614   -0.664758   -0.56517   -0.442924   -0.315738   -0.212858   -0.107483   -1.22319e-09   0.107483   0.212858   0.315739   0.442927   0.565162   0.664755   0.766616   0.868452   0.964223   1.05606   1.13887   1.18647   0.758656   
0.0185686   0.0152798   0.0123603   0.0106348   0.00914666   0.00804761   0.00688938   0.00576446   0.00486217   0.00433445   0.004194   0.00433445   0.00486217   0.00576445   0.00688933   0.00804751   0.00914659   0.0106348   0.0123602   0.0152797   0.0185687   0.0227007   0.030485   0.162541   
-0.00673971   -0.00477456   -0.00292757   -0.00160766   -2.5156e-05   0.00217334   -0.000834561   -0.00471328   -0.0027565   -0.00122872   2.80141e-10   0.0012287   0.00275642   0.00471312   0.000833831   -0.00217161   2.57612e-05   0.00160712   0.00292582   0.00477078   0.00673282   0.0090513   0.0130812   -0.0501213   

1350000
-10   -9   -8   -7   -6   -5   -4   -3   -2   -1   0   1   2   3   4   5   6   7   8   9   10   11   12   14   
-1.05627   -0.964361   -0.868519   -0.766667   -0.66479   -0.565203   -0.442745   -0.315752   -0.212913   -0.107507   -5.92254e-09   0.107507   0.212913   0.315753   0.442748   0.565195   0.664788   0.766669   0.868527   0.964379   1.05631   1.13931   1.18552   1.05858   
0.018521   0.015246   0.0123416   0.0106208   0.00913786   0.00804109   0.00688309   0.005761   0.00486136   0.0043334   0.00419241   0.0043334   0.00486136   0.00576098   0.00688303   0.00804099   0.0091378   0.0106207   0.0123416   0.0152459   0.0185211   0.0226242   0.030604   0.0849882   
-0.00671226   -0.00475448   -0.00291566   -0.00159876   -1.87907e-05   0.00218068   -0.000872748   -0.00470367   -0.00273782   -0.00122047   1.28086e-09   0.00122046   0.00273775   0.00470352   0.000872014   -0.00217895   1.94116e-05   0.00159822   0.00291391   0.00475072   0.00670539   0.00900927   0.0131252   -0.0155559   

1355000
-10   -9   -8   -7   -6   -5   -4   -3   -2   -1   0   1   2   3   4   5   6   7   8   9   10   11   12   14   
-1.05651   -0.964515   -0.868594   -0.766719   -0.664822   -0.565235   -0.442566   -0.315764   -0.212967   -0.107531   -1.82048e-10   0.107531   0.212968   0.315765   0.442569   0.565227   0.66482   0.766722   0.868602   0.964532   1.05654   1.13975   1.18444   0.758739   
0.0184737   0.0152127   0.0123232   0.0106068   0.00912911   0.00803462   0.00687683   0.00575766   0.00486077   0.00433254   0.00419099   0.00433254   0.00486077   0.00575765   0.00687679   0.00803447   0.00912906   0.0106067   0.0123231   0.0152126   0.0184738   0.0225495   0.0307388   0.162543   
-0.00668491   -0.00473465   -0.00290384   -0.00158994   -1.24584e-05   0.00218799   -0.00091093   -0.00469438   -0.00271915   -0.00121219   3.9407e-11   0.00121217   0.00271907   0.00469422   0.000910183   -0.00218625   1.30817e-05   0.0015894   0.0029021   0.0047309   0.00667808   0.00896804   0.0131755   -0.0501223   

1360000
-10   -9   -8   -7   -6   -5   -4   -3   -2   -1   0   1   2   3   4   5   6   7   8   9   10   11   12   14   
-1.05675   -0.964666   -0.868668   -0.766771   -0.664854   -0.565268   -0.442387   -0.315775   -0.213021   -0.107554   -1.60895e-10   0.107554   0.213022   0.315775   0.44239   0.56526   0.664851   0.766774   0.868676   0.964684   1.05678   1.14017   1.18323   0.758777   
0.0184267   0.0151797   0.0123048   0.010593   0.00912043   0.00802821   0.00687062   0.00575445   0.0048604   0.00433188   0.00418976   0.00433188   0.0048604   0.00575444   0.00687058   0.00802807   0.00912037   0.0105929   0.0123048   0.0151796   0.0184268   0.0224765   0.03089   0.162554   
-0.00665769   -0.00471505   -0.00289211   -0.0015812   -6.16331e-06   0.00219527   -0.000949071   -0.00468531   -0.00270049   -0.00120388   3.46431e-11   0.00120386   0.00270041   0.00468514   0.000948321   -0.00219352   6.7817e-06   0.00158066   0.00289037   0.00471132   0.00665089   0.00892764   0.0132315   -0.0501226   

1365000
-10   -9   -8   -7   -6   -5   -4   -3   -1   0   1   3   4   5   6   7   8   9   10   11   12   14   
-1.05698   -0.964816   -0.868741   -0.766823   -0.664886   -0.5653   -0.442209   -0.315784   -0.107578   -1.83815e-10   0.107578   0.315785   0.442212   0.565292   0.664883   0.766825   0.868749   0.964833   1.05702   1.14058   1.18187   0.758815   
0.01838   0.0151473   0.0122867   0.0105793   0.00911181   0.00802182   0.00686446   0.00575137   0.00433142   0.0041887   0.00433142   0.00575138   0.00686441   0.00802175   0.00911175   0.0105792   0.0122866   0.0151472   0.01838   0.0224054   0.0310586   0.16255   
-0.00663057   -0.00469567   -0.00288047   -0.00157254   9.7066e-08   0.00220252   -0.000987155   -0.00467636   -0.00119556   3.96814e-11   0.00119554   0.00467619   0.000986401   -0.00220078   5.22517e-07   0.001572   0.00287874   0.00469196   0.0066238   0.00888811   0.0132947   -0.0501241   

1370000
-10   -9   -8   -7   -6   -5   -4   -3   -2   -1   0   1   2   3   4   5   6   7   8   9   10   11   14   18   
-1.05722   -0.964963   -0.868813   -0.766874   -0.664917   -0.565332   -0.44203   -0.315793   -0.213108   -0.107601   -2.25142e-10   0.107601   0.213108   0.315793   0.442034   0.565324   0.664915   0.766876   0.868821   0.964981   1.05725   1.14098   0.758855   0.836232   
0.0183336   0.0151152   0.0122687   0.0105658   0.00910325   0.0080155   0.0068584   0.00574843   0.00485955   0.00433116   0.00418782   0.00433116   0.00485955   0.00574842   0.00685836   0.00801543   0.00910319   0.0105657   0.0122686   0.0151151   0.0183336   0.0223362   0.162555   0.23745   
-0.00660357   -0.00467652   -0.00286891   -0.00156395   6.32338e-06   0.00220973   -0.00102517   -0.00466751   -0.00266874   -0.00118723   4.83515e-11   0.00118721   0.00266867   0.00466735   0.00102441   -0.00220799   -5.70041e-06   0.00156342   0.00286719   0.00467282   0.00659684   0.00884949   -0.0501257   -0.0835088   

1375000
-10   -9   -8   -7   -6   -5   -4   -3   -2   -1   0   1   2   3   4   5   6   7   8   9   10   11   
-1.05745   -0.965109   -0.868885   -0.766924   -0.664949   -0.565364   -0.441852   -0.3158   -0.213136   -0.107624   -3.89557e-10   0.107624   0.213136   0.315801   0.441856   0.565356   0.664946   0.766927   0.868893   0.965126   1.05748   1.14136   
0.0182874   0.0150835   0.0122508   0.0105523   0.00909475   0.00800928   0.00685242   0.00574562   0.00485878   0.0043311   0.00418712   0.00433109   0.00485878   0.00574561   0.00685237   0.00800917   0.00909469   0.0105523   0.0122508   0.0150834   0.0182875   0.022269   
-0.00657669   -0.00465759   -0.00285745   -0.00155544   1.2513e-05   0.00221692   -0.00106309   -0.00465873   -0.00265696   -0.00117892   8.33143e-11   0.0011789   0.00265688   0.00465856   0.00106232   -0.00221517   -1.1888e-05   0.00155491   0.00285573   0.0046539   0.00656999   0.00881179   

1380000
-10   -9   -8   -7   -6   -5   -4   -3   -2   -1   0   1   2   3   4   5   6   7   8   9   10   11   13   14   
-1.05768   -0.965252   -0.868956   -0.766974   -0.66498   -0.565396   -0.441675   -0.315808   -0.213163   -0.107647   -3.63909e-10   0.107647   0.213164   0.315809   0.441678   0.565388   0.664977   0.766977   0.868964   0.96527   1.05771   1.14174   1.10714   1.05366   
0.0182416   0.0150522   0.0122331   0.010539   0.00908632   0.00800308   0.00684647   0.00574296   0.00485827   0.00433124   0.0041866   0.00433123   0.00485827   0.00574295   0.00684642   0.00800297   0.00908625   0.010539   0.012233   0.0150521   0.0182416   0.022204   0.0524306   0.086061   
-0.00654993   -0.00463887   -0.00284606   -0.00154701   1.86671e-05   0.00222408   -0.00110089   -0.00464996   -0.00264501   -0.00117063   7.79125e-11   0.00117062   0.00264493   0.00464979   0.00110012   -0.00222232   -1.80397e-05   0.00154644   0.00284435   0.0046352   0.00654325   0.00877523   0.00717744   -0.0162072   

1385000
-10   -9   -8   -7   -6   -5   -4   -3   -2   -1   0   1   2   3   4   5   6   7   8   9   10   11   13   
-1.05791   -0.965394   -0.869027   -0.767024   -0.665011   -0.565428   -0.441498   -0.315815   -0.213191   -0.107668   -2.98824e-10   0.107668   0.213191   0.315815   0.441502   0.565419   0.665008   0.767026   0.869034   0.965411   1.05794   1.1421   1.11308   
0.018196   0.0150213   0.0122155   0.0105259   0.00907793   0.00799692   0.00684058   0.00574043   0.00485804   0.00433149   0.00418626   0.00433149   0.00485804   0.00574042   0.00684053   0.00799681   0.00907787   0.0105258   0.0122155   0.0150212   0.018196   0.0221413   0.0511998   
-0.00652328   -0.00462035   -0.00283477   -0.00153865   2.47849e-05   0.0022312   -0.00113856   -0.00464116   -0.00263289   -0.00116269   6.38316e-11   0.00116267   0.00263281   0.004641   0.00113779   -0.00222944   -2.41538e-05   0.00153813   0.00283306   0.0046167   0.00651664   0.00873976   0.00832616   

1390000
-10   -9   -8   -7   -6   -5   -4   -3   -2   -1   0   1   2   3   4   5   6   7   8   9   10   11   13   14   
-1.05814   -0.965534   -0.869096   -0.767073   -0.665041   -0.565459   -0.441322   -0.315821   -0.213219   -0.107668   -3.62146e-10   0.107668   0.213219   0.315822   0.441326   0.565451   0.665038   0.767075   0.869104   0.965551   1.05817   1.14245   1.11838   1.05147   
0.0181507   0.0149908   0.0121981   0.0105128   0.0090696   0.00799081   0.00683471   0.00573805   0.00485806   0.00433042   0.00418609   0.00433042   0.00485805   0.00573803   0.00683467   0.0079907   0.00906954   0.0105127   0.0121981   0.0149907   0.0181508   0.0220807   0.0501561   0.0865393   
-0.00649676   -0.00460204   -0.00282355   -0.00153037   3.08683e-05   0.00223829   -0.00117608   -0.00463233   -0.00262062   -0.00115991   7.81414e-11   0.00115989   0.00262054   0.00463216   0.0011753   -0.00223654   -3.02395e-05   0.00152985   0.00282185   0.0045984   0.00649014   0.00870534   0.0092872   -0.0164913   

1395000
-10   -9   -8   -7   -6   -5   -4   -3   -2   -1   0   1   2   3   4   5   6   7   8   9   10   11   13   14   
-1.05837   -0.965672   -0.869166   -0.767121   -0.665072   -0.56549   -0.441147   -0.315828   -0.213246   -0.107668   -2.86568e-10   0.107668   0.213246   0.315828   0.44115   0.565482   0.665069   0.767124   0.869174   0.965689   1.0584   1.14279   1.12322   0.759063   
0.0181058   0.0149606   0.0121808   0.0104999   0.00906134   0.00798476   0.0068289   0.00573583   0.0048583   0.00432953   0.00418608   0.00432953   0.0048583   0.00573582   0.00682886   0.00798465   0.00906128   0.0104998   0.0121808   0.0149605   0.0181058   0.0220222   0.0492409   0.162575   
-0.00647036   -0.00458393   -0.00281242   -0.00152216   3.69328e-05   0.00224536   -0.00121343   -0.0046235   -0.00260818   -0.00115702   6.10912e-11   0.00115701   0.0026081   0.00462333   0.00121265   -0.0022436   -3.62833e-05   0.00152164   0.00281072   0.0045803   0.00646377   0.008672   0.0101108   -0.0501249   

1400000
-10   -9   -8   -7   -6   -5   -4   -3   -2   -1   0   1   2   3   4   5   6   7   8   9   10   11   13   14   
-1.05859   -0.965809   -0.869234   -0.767169   -0.665102   -0.565522   -0.440973   -0.315833   -0.213274   -0.107668   -2.72736e-10   0.107668   0.213274   0.315834   0.440976   0.565513   0.665099   0.767172   0.869242   0.965826   1.05862   1.14311   1.1277   1.04909   
0.0180611   0.0149308   0.0121637   0.0104871   0.00905313   0.00797875   0.00682313   0.00573387   0.00485873   0.00432881   0.00418624   0.00432881   0.00485873   0.00573386   0.00682309   0.00797864   0.00905305   0.010487   0.0121636   0.0149307   0.0180612   0.021966   0.0484235   0.0870614   
-0.00644411   -0.00456601   -0.00280136   -0.00151401   4.29507e-05   0.00225239   -0.00125061   -0.00461462   -0.00259558   -0.00115401   5.82435e-11   0.001154   0.0025955   0.00461444   0.00124983   -0.00225063   -4.23024e-05   0.0015135   0.00279967   0.0045624   0.00643755   0.00863979   0.010831   -0.0167939   

1405000
-10   -9   -8   -7   -6   -5   -4   -3   -2   0   2   3   4   5   6   7   8   9   10   11   13   
-1.05881   -0.965944   -0.869303   -0.767217   -0.665132   -0.565552   -0.440799   -0.315872   -0.213302   -2.13135e-10   0.213303   0.315872   0.440802   0.565544   0.665129   0.767219   0.86931   0.965961   1.05885   1.14342   1.1319   
0.0180168   0.0149013   0.0121467   0.0104744   0.00904497   0.00797279   0.00681738   0.00573206   0.00485927   0.00418655   0.00485927   0.00573205   0.00681733   0.00797268   0.0090449   0.0104743   0.0121466   0.0149012   0.0180168   0.021912   0.0476838   
-0.00641798   -0.00454828   -0.00279039   -0.00150595   4.89339e-05   0.00225939   -0.00128765   -0.00459901   -0.00258275   4.5402e-11   0.00258267   0.00459884   0.00128686   -0.00225763   -4.82832e-05   0.00150544   0.0027887   0.00454468   0.00641145   0.00860874   0.0114687   

1410000
-10   -9   -8   -7   -6   -5   -4   -3   -2   -1   0   1   2   3   4   5   6   7   8   9   10   11   12   13   14   18   
-1.05904   -0.966077   -0.86937   -0.767264   -0.665162   -0.565583   -0.440626   -0.315915   -0.213342   -0.107679   -1.71861e-10   0.107679   0.213342   0.315916   0.440629   0.565575   0.665159   0.767266   0.869378   0.966094   1.05907   1.14372   1.16314   1.13584   0.703048   0.531356   
0.0179728   0.0148722   0.0121298   0.0104618   0.00903688   0.00796687   0.00681167   0.00573043   0.00485806   0.0043266   0.004187   0.0043266   0.00485806   0.00573041   0.00681163   0.00796676   0.00903681   0.0104617   0.0121298   0.0148721   0.0179728   0.0218603   0.0333269   0.0470062   0.0599265   0.16984   
-0.00639197   -0.00453074   -0.00277949   -0.00149794   5.48759e-05   0.00226637   -0.00132452   -0.00458224   -0.00256877   -0.00114619   3.65441e-11   0.00114617   0.00256869   0.00458208   0.00132373   -0.0022646   -5.42218e-05   0.00149744   0.00277781   0.00452715   0.00638547   0.00857888   0.014095   0.0120399   0.0117735   -0.0413452   

1415000
-10   -9   -8   -7   -6   -5   -4   -3   -2   -1   0   1   2   3   4   5   6   7   8   9   10   11   12   13   
-1.05926   -0.966209   -0.869437   -0.767311   -0.665192   -0.565614   -0.440454   -0.315955   -0.213386   -0.107696   5.9426e-10   0.107696   0.213387   0.315956   0.440457   0.565605   0.665189   0.767313   0.869445   0.966225   1.05929   1.144   1.16481   1.13958   
0.017929   0.0148434   0.0121131   0.0104493   0.00902884   0.00796101   0.006806   0.00572896   0.00485627   0.00432427   0.00418626   0.00432427   0.00485627   0.00572895   0.00680596   0.0079609   0.00902878   0.0104492   0.012113   0.0148433   0.017929   0.0218111   0.0331328   0.0463812   
-0.00636609   -0.00451337   -0.00276867   -0.00149001   6.0787e-05   0.00227332   -0.00136121   -0.00456595   -0.00255427   -0.00114045   -1.47619e-10   0.00114044   0.00255419   0.00456578   0.00136042   -0.00227155   -6.01331e-05   0.00148951   0.00276699   0.0045098   0.00635962   0.00855027   0.0140246   0.0125544   

1420000
-10   -9   -8   -7   -6   -5   -4   -3   -2   -1   0   1   2   3   4   5   6   7   8   9   10   11   12   13   
-1.05947   -0.966339   -0.869504   -0.767357   -0.665221   -0.565644   -0.440283   -0.315994   -0.21343   -0.107713   2.51501e-10   0.107713   0.213431   0.315994   0.440286   0.565636   0.665218   0.767359   0.869511   0.966355   1.0595   1.14427   1.16642   1.14314   
0.0178857   0.0148149   0.0120965   0.0104369   0.00902086   0.00795519   0.0068004   0.00572766   0.00485467   0.00432209   0.00418327   0.0043221   0.00485467   0.00572765   0.00680034   0.00795507   0.00902079   0.0104368   0.0120964   0.0148148   0.0178857   0.0217643   0.0329441   0.0458031   
-0.00634042   -0.00449621   -0.00275793   -0.00148214   6.66677e-05   0.00228023   -0.00139771   -0.00455004   -0.00253965   -0.00113465   -4.1116e-11   0.00113464   0.00253957   0.00454987   0.00139691   -0.00227846   -6.60209e-05   0.00148164   0.00275626   0.00449265   0.00633397   0.00852293   0.0139554   0.0130177   

1425000
-10   -9   -8   -7   -6   -5   -4   -3   -2   -1   0   1   2   3   4   5   6   7   8   9   10   11   12   13   
-1.05969   -0.966467   -0.86957   -0.767403   -0.665251   -0.565675   -0.440112   -0.31603   -0.213475   -0.10773   -4.31732e-10   0.10773   0.213475   0.316031   0.440116   0.565666   0.665248   0.767405   0.869577   0.966484   1.05972   1.14452   1.16799   1.14656   
0.0178427   0.0147868   0.01208   0.0104247   0.00901294   0.00794941   0.00679481   0.00572649   0.00485325   0.00432008   0.00418044   0.00432009   0.00485325   0.00572649   0.00679477   0.0079493   0.00901288   0.0104246   0.0120799   0.0147867   0.0178427   0.02172   0.0327603   0.0452633   
-0.00631488   -0.0044792   -0.00274727   -0.00147434   7.2518e-05   0.00228712   -0.00143397   -0.00453444   -0.0025249   -0.00112877   9.21978e-11   0.00112876   0.00252482   0.00453427   0.00143318   -0.00228535   -7.18631e-05   0.00147384   0.0027456   0.00447565   0.00630846   0.0084969   0.0138871   0.0134349   

1430000
-10   -9   -8   -7   -6   -5   -4   -3   -2   -1   0   1   2   3   4   5   6   7   8   9   10   11   12   13   14   
-1.0599   -0.966594   -0.869635   -0.767448   -0.66528   -0.565705   -0.439943   -0.316065   -0.213519   -0.107747   -9.18698e-11   0.107747   0.213519   0.316066   0.439947   0.565696   0.665277   0.767451   0.869642   0.966611   1.05993   1.14476   1.1695   1.14985   0.759545   
0.0178   0.0147589   0.0120637   0.0104125   0.00900507   0.00794368   0.00678929   0.00572543   0.00485201   0.00431824   0.00417777   0.00431824   0.00485201   0.00572542   0.00678925   0.00794357   0.009005   0.0104124   0.0120636   0.0147588   0.0178   0.0216783   0.0325812   0.0447575   0.162484   
-0.00628947   -0.00446235   -0.00273673   -0.00146664   7.83381e-05   0.00229398   -0.00147   -0.00451903   -0.00251004   -0.00112282   2.12726e-11   0.00112281   0.00250996   0.00451886   0.00146921   -0.0022922   -7.76812e-05   0.0014661   0.00273507   0.00445882   0.00628308   0.00847223   0.0138199   0.013813   -0.0501055   

1435000
-10   -9   -8   -7   -6   -5   -4   -3   -2   -1   0   1   2   3   4   5   6   7   8   9   10   11   12   13   
-1.06012   -0.96672   -0.869699   -0.767494   -0.665309   -0.565735   -0.439775   -0.316099   -0.213563   -0.107764   1.75657e-10   0.107764   0.213564   0.3161   0.439779   0.565726   0.665306   0.767496   0.869707   0.966737   1.06015   1.14498   1.17096   1.15302   
0.0177576   0.0147313   0.0120476   0.0104005   0.00899726   0.00793799   0.00678382   0.00572441   0.00485096   0.00431655   0.00417525   0.00431655   0.00485095   0.0057244   0.00678378   0.00793787   0.00899719   0.0104004   0.0120475   0.0147313   0.0177576   0.0216393   0.0324067   0.0442816   
-0.0062642   -0.00444572   -0.00272627   -0.00145892   8.41386e-05   0.00230081   -0.00150575   -0.00450377   -0.00249507   -0.00111679   -3.63165e-11   0.00111678   0.002495   0.0045036   0.00150496   -0.00229903   -8.34691e-05   0.00145842   0.00272462   0.0044422   0.00625784   0.00844894   0.0137537   0.0141562   

1440000
-10   -9   -8   -7   -6   -5   -4   -3   -2   -1   0   1   2   3   4   5   6   7   8   9   10   11   12   13   
-1.06033   -0.966845   -0.869763   -0.767538   -0.665338   -0.565765   -0.439608   -0.316132   -0.213608   -0.107782   9.48146e-10   0.107782   0.213608   0.316133   0.439612   0.565756   0.665335   0.76754   0.869771   0.966861   1.06036   1.14519   1.17239   1.15609   
0.0177155   0.014704   0.0120316   0.0103885   0.0089895   0.00793234   0.00677841   0.00572354   0.00485008   0.00431503   0.00417286   0.00431503   0.00485008   0.00572354   0.00677836   0.00793221   0.00898942   0.0103884   0.0120315   0.014704   0.0177155   0.021603   0.0322364   0.0438337   
-0.00623907   -0.00442928   -0.00271588   -0.0014513   8.99171e-05   0.00230762   -0.00154121   -0.00448867   -0.00248002   -0.0011107   -1.97109e-10   0.00111068   0.00247994   0.00448849   0.00154042   -0.0023058   -8.92268e-05   0.00145081   0.00271423   0.00442577   0.00623274   0.00842707   0.0136885   0.0144663   

1445000
-10   -9   -8   -7   -6   -5   -4   -3   -2   -1   0   1   2   3   4   5   6   7   8   9   10   11   12   13   
-1.06054   -0.966968   -0.869826   -0.767582   -0.665367   -0.565794   -0.439443   -0.316167   -0.213652   -0.107799   -1.48903e-09   0.107799   0.213652   0.316168   0.439447   0.565786   0.665363   0.767585   0.869834   0.966985   1.06057   1.14538   1.17377   1.15906   
0.0176738   0.0146771   0.0120157   0.0103767   0.00898179   0.00792675   0.00677302   0.00572232   0.00484939   0.00431367   0.00417062   0.00431366   0.00484939   0.00572231   0.00677298   0.00792662   0.00898171   0.0103766   0.0120156   0.014677   0.0176738   0.0215693   0.0320702   0.0434107   
-0.00621408   -0.00441301   -0.00270557   -0.00144375   9.56313e-05   0.00231439   -0.00157634   -0.00447346   -0.00246488   -0.00110454   3.23448e-10   0.00110452   0.0024648   0.00447329   0.00157555   -0.00231256   -9.49543e-05   0.00144326   0.00270392   0.00440951   0.00620778   0.00840663   0.0136243   0.0147489   

1450000
-10   -9   -8   -7   -6   -5   -4   -3   -2   -1   0   1   2   3   4   5   6   7   8   9   10   11   12   13   
-1.06074   -0.96709   -0.869889   -0.767626   -0.665395   -0.565824   -0.43928   -0.316212   -0.213696   -0.107816   5.42196e-13   0.107817   0.213696   0.316212   0.439283   0.565816   0.665392   0.767629   0.869897   0.967106   1.06077   1.14555   1.17511   1.16194   
0.0176323   0.0146504   0.0119999   0.0103649   0.00897413   0.00792118   0.00676769   0.00571915   0.0048489   0.00431247   0.00416852   0.00431246   0.0048489   0.00571914   0.00676765   0.00792105   0.00897405   0.0103648   0.0119999   0.0146503   0.0176323   0.0215384   0.0319077   0.0430084   
-0.00618924   -0.0043969   -0.00269533   -0.00143625   0.000101331   0.00232114   -0.0016111   -0.00445753   -0.00244969   -0.00109831   4.0912e-13   0.00109829   0.00244961   0.00445737   0.00161031   -0.00231936   -0.000100652   0.00143577   0.00269369   0.00439341   0.00618296   0.00838761   0.013561   0.0150049   

1455000
-10   -9   -8   -7   -6   -5   -4   -3   -2   -1   0   1   2   3   4   5   6   7   8   9   10   11   12   13   
-1.06095   -0.967211   -0.869952   -0.76767   -0.665423   -0.565854   -0.439118   -0.316256   -0.213739   -0.107834   -3.67714e-10   0.107834   0.213739   0.316257   0.439121   0.565845   0.66542   0.767672   0.869959   0.967227   1.06098   1.14571   1.17642   1.16473   
0.0175912   0.014624   0.0119843   0.0103533   0.00896652   0.00791563   0.0067624   0.00571608   0.00484866   0.00431143   0.00416656   0.00431143   0.00484866   0.00571607   0.00676237   0.00791551   0.00896643   0.0103532   0.0119842   0.0146239   0.0175912   0.0215101   0.0317489   0.0426265   
-0.00616454   -0.00438093   -0.00268516   -0.00142882   0.000107001   0.00232788   -0.00164546   -0.00444164   -0.00243447   -0.00109202   7.83519e-11   0.001092   0.0024344   0.00444146   0.00164466   -0.00232609   -0.000106326   0.00142833   0.00268353   0.00437746   0.00615829   0.00837002   0.0134984   0.015238   

1460000
-10   -9   -8   -7   -6   -5   -4   -3   -2   -1   0   1   2   3   4   5   6   7   8   9   10   11   12   13   
-1.06115   -0.96733   -0.870014   -0.767713   -0.665451   -0.565883   -0.438957   -0.3163   -0.213782   -0.107852   -5.70041e-10   0.107852   0.213782   0.3163   0.438961   0.565875   0.665448   0.767715   0.870021   0.967346   1.06118   1.14586   1.17769   1.16746   
0.0175504   0.0145978   0.0119687   0.0103417   0.00895896   0.00791011   0.00675717   0.00571314   0.00484862   0.00431056   0.00416473   0.00431056   0.00484862   0.00571313   0.00675713   0.00790999   0.00895888   0.0103416   0.0119687   0.0145977   0.0175504   0.0214845   0.0315935   0.0422615   
-0.00614   -0.00436512   -0.00267507   -0.00142144   0.000112641   0.0023346   -0.00167947   -0.00442572   -0.00241923   -0.00108567   1.2825e-10   0.00108565   0.00241915   0.00442555   0.00167868   -0.0023328   -0.000111947   0.00142096   0.00267344   0.00436165   0.00613377   0.00835388   0.0134368   0.0154517   

1465000
-10   -9   -8   -7   -6   -5   -4   -3   -2   -1   0   1   2   3   4   5   6   7   8   9   10   11   12   13   14   
-1.06136   -0.967448   -0.870075   -0.767756   -0.665479   -0.565913   -0.438797   -0.316343   -0.213825   -0.107869   -3.43945e-10   0.107869   0.213825   0.316344   0.438801   0.565904   0.665476   0.767758   0.870082   0.967464   1.06138   1.14599   1.17893   1.17009   0.76035   
0.0175099   0.0145719   0.0119533   0.0103302   0.00895145   0.00790462   0.00675197   0.00571031   0.00484882   0.00430986   0.00416305   0.00430986   0.00484882   0.0057103   0.00675194   0.00790451   0.00895138   0.0103302   0.0119533   0.0145719   0.0175099   0.0214617   0.0314414   0.0419137   0.162233   
-0.0061156   -0.00434944   -0.00266504   -0.00141412   0.000118252   0.0023413   -0.00171343   -0.00440983   -0.00240397   -0.00107927   7.31333e-11   0.00107925   0.0024039   0.00440966   0.00171263   -0.0023395   -0.000117564   0.00141364   0.00266342   0.00434599   0.0061094   0.00833923   0.013376   0.0156457   -0.0500487   

1470000
-10   -9   -8   -7   -6   -5   -4   -3   -2   -1   0   1   2   3   4   5   6   7   8   9   10   11   12   13   
-1.06156   -0.967565   -0.870136   -0.767798   -0.665507   -0.565942   -0.438637   -0.316386   -0.213867   -0.107887   -4.98772e-10   0.107887   0.213867   0.316387   0.438641   0.565934   0.665504   0.767801   0.870143   0.967581   1.06159   1.1461   1.18014   1.17266   
0.0174697   0.0145463   0.011938   0.0103189   0.00894399   0.00789917   0.00674683   0.0057076   0.00484926   0.00430933   0.0041615   0.00430933   0.00484926   0.00570758   0.00674678   0.00789906   0.0089439   0.0103188   0.011938   0.0145462   0.0174697   0.0214418   0.0312925   0.0415812   
-0.00609136   -0.0043339   -0.00265508   -0.00140687   0.000123835   0.00234797   -0.00174734   -0.0043939   -0.00238874   -0.00107281   1.05984e-10   0.00107279   0.00238866   0.00439374   0.00174654   -0.00234617   -0.000123155   0.00140638   0.00265347   0.00433046   0.00608519   0.0083261   0.013316   0.0158248   

1475000
-10   -9   -8   -7   -6   -5   -4   -3   -1   0   1   3   4   5   6   7   8   9   10   11   12   13   
-1.06176   -0.96768   -0.870196   -0.76784   -0.665535   -0.565971   -0.438478   -0.31643   -0.107904   -5.53951e-10   0.107904   0.31643   0.438481   0.565963   0.665532   0.767843   0.870204   0.967696   1.06178   1.14619   1.18132   1.17515   
0.0174298   0.0145209   0.0119228   0.0103076   0.00893659   0.00789375   0.0067417   0.005705   0.00430898   0.0041601   0.00430898   0.005705   0.00674167   0.00789364   0.0089365   0.0103075   0.0119228   0.0145208   0.0174298   0.0214248   0.0311466   0.0412621   
-0.00606728   -0.0043185   -0.00264519   -0.00139964   0.000129393   0.00235461   -0.00178121   -0.00437791   -0.00106631   1.25501e-10   0.00106629   0.00437775   0.00178041   -0.00235281   -0.000128711   0.00139915   0.00264358   0.00431507   0.00606113   0.00831472   0.0132568   0.0159865   

1480000
-10   -9   -8   -7   -6   -5   -4   -3   -2   -1   0   1   2   3   4   5   6   7   8   9   10   11   12   13   
-1.06195   -0.967795   -0.870256   -0.767882   -0.665562   -0.566001   -0.438318   -0.316473   -0.213941   -0.107922   -2.94529e-10   0.107922   0.213941   0.316473   0.438322   0.565992   0.665559   0.767884   0.870264   0.967811   1.06198   1.14627   1.18247   1.17759   
0.0173903   0.0144958   0.0119078   0.0102964   0.00892923   0.00788837   0.00673663   0.00570249   0.00485043   0.00430881   0.00415883   0.00430881   0.00485043   0.00570248   0.0067366   0.00788825   0.00892916   0.0102963   0.0119077   0.0144957   0.0173903   0.0214107   0.0310036   0.0409556   
-0.00604335   -0.00430323   -0.00263537   -0.00139249   0.000134906   0.00236124   -0.00181506   -0.00436186   -0.00236049   -0.00105977   6.20419e-11   0.00105975   0.00236041   0.00436168   0.00181426   -0.00235943   -0.000134211   0.00139201   0.00263377   0.00429981   0.00603723   0.00830466   0.0131984   0.0161331   

1485000
-10   -9   -8   -7   -6   -5   -4   -3   -2   -1   0   1   2   3   4   5   6   7   8   9   10   11   12   13   
-1.06215   -0.967908   -0.870316   -0.767924   -0.66559   -0.566029   -0.438159   -0.316516   -0.213957   -0.107939   -1.10233e-10   0.107939   0.213958   0.316517   0.438162   0.566021   0.665587   0.767926   0.870323   0.967924   1.06218   1.14633   1.1836   1.17998   
0.0173511   0.0144709   0.0118928   0.0102853   0.00892193   0.00788307   0.00673159   0.00570011   0.00485031   0.00430881   0.00415771   0.00430881   0.0048503   0.0057001   0.00673157   0.00788295   0.00892184   0.0102852   0.0118928   0.0144708   0.0173511   0.0213996   0.0308635   0.0406618   
-0.00601959   -0.00428809   -0.00262562   -0.00138538   0.000140398   0.00236778   -0.0018489   -0.00434569   -0.00235177   -0.0010532   2.14294e-11   0.00105318   0.00235169   0.00434553   0.0018481   -0.00236599   -0.0001397   0.00138492   0.00262402   0.00428468   0.00601349   0.00829625   0.0131409   0.0162646   

1490000
-10   -9   -8   -7   -6   -5   -4   -3   -2   -1   0   1   2   3   4   5   6   7   8   9   10   11   12   13   14   
-1.06234   -0.96802   -0.870375   -0.767965   -0.665617   -0.566058   -0.437999   -0.316566   -0.213974   -0.107957   -2.46356e-10   0.107957   0.213974   0.316567   0.438002   0.566049   0.665614   0.767967   0.870382   0.968036   1.06237   1.14637   1.1847   1.18231   0.824229   
0.0173122   0.0144462   0.011878   0.0102743   0.00891467   0.00787789   0.00672666   0.00569768   0.00485038   0.004309   0.00415672   0.004309   0.00485038   0.00569767   0.00672664   0.00787777   0.00891459   0.0102742   0.0118779   0.0144461   0.0173122   0.0213916   0.0307259   0.040379   0.140931   
-0.00599599   -0.00427307   -0.00261593   -0.00137833   0.000145862   0.00237427   -0.00188276   -0.00432857   -0.00234287   -0.00104661   5.23498e-11   0.00104659   0.0023428   0.00432839   0.00188195   -0.00237246   -0.00014516   0.00137787   0.00261434   0.00426968   0.00598992   0.00828948   0.0130839   0.0163829   -0.0427732   

1495000
-10   -9   -8   -7   -6   -5   -4   -3   -2   -1   0   1   2   3   4   5   6   7   8   9   10   11   12   13   
-1.06253   -0.968131   -0.870434   -0.768006   -0.665644   -0.566086   -0.437849   -0.316621   -0.213991   -0.107974   -3.26337e-10   0.107974   0.213991   0.316622   0.437851   0.566077   0.665641   0.768008   0.870441   0.968147   1.06256   1.1464   1.18577   1.1846   
0.0172737   0.0144217   0.0118632   0.0102634   0.00890746   0.00787273   0.00672182   0.00569523   0.00485064   0.00430937   0.00415589   0.00430936   0.00485064   0.00569522   0.00672178   0.00787262   0.00890738   0.0102633   0.0118632   0.0144217   0.0172737   0.0213867   0.0305909   0.0401072   
-0.00597257   -0.00425818   -0.00260631   -0.00137132   0.000151295   0.00238072   -0.00191438   -0.00431071   -0.0023338   -0.00103999   6.91481e-11   0.00103997   0.00233372   0.00431053   0.00191384   -0.0023789   -0.000150591   0.00137087   0.00260472   0.00425479   0.00596652   0.00828437   0.0130276   0.0164881   

1500000
-10   -9   -8   -7   -6   -5   -4   -3   -1   0   1   3   4   5   6   7   8   9   10   11   12   13   
-1.06272   -0.968241   -0.870492   -0.768046   -0.665671   -0.566114   -0.437741   -0.316675   -0.107991   -2.16393e-10   0.107991   0.316676   0.437743   0.566106   0.665668   0.768048   0.870499   0.968257   1.06275   1.1464   1.18682   1.18684   
0.0172356   0.0143975   0.0118486   0.0102525   0.00890028   0.00786761   0.00671713   0.00569291   0.0043099   0.00415519   0.0043099   0.0056929   0.0067171   0.00786749   0.00890022   0.0102524   0.0118486   0.0143975   0.0172355   0.021385   0.0304586   0.0398451   
-0.00594931   -0.00424341   -0.00259675   -0.00136436   0.000156677   0.00238715   -0.00193638   -0.00429287   -0.00103336   4.56395e-11   0.00103335   0.00429269   0.00193584   -0.00238533   -0.000155993   0.0013639   0.00259517   0.00424003   0.00594329   0.00828097   0.0129723   0.016582   

