5000
-10   -9   -8   -7   -6   -5   -4   -3   -2   -1   0   1   2   3   4   5   6   7   8   9   10   11   12   13   14   15   16   17   18   
-0.39169   -0.362096   -0.332594   -0.301846   -0.268907   -0.232814   -0.193086   -0.149733   -0.10288   -0.0525535   2.0327e-06   0.0525694   0.102919   0.149823   0.193259   0.233108   0.269357   0.302463   0.333386   0.363056   0.392798   0.423718   0.45652   0.491233   0.527327   0.564666   0.602919   0.641712   0.68067   
0.115049   0.102406   0.0906295   0.0800796   0.0710511   0.0636754   0.0579809   0.0538865   0.0512334   0.0498375   0.0494154   0.0498366   0.0512309   0.0538802   0.0579698   0.0636574   0.0710236   0.0800443   0.0905909   0.102373   0.11503   0.128217   0.141731   0.155484   0.169576   0.183916   0.198506   0.213321   0.228377   
0.0176413   0.0108286   0.00429994   -0.00168272   -0.00668202   -0.0102172   -0.0117981   -0.0111686   -0.00851521   -0.00456637   -3.91947e-07   0.00456398   0.00851036   0.0111579   0.0117772   0.0101795   0.00661855   0.0015873   -0.00443088   -0.0109977   -0.0178471   -0.0248416   -0.0319675   -0.0392204   -0.0465731   -0.0540825   -0.0617755   -0.0696603   -0.0777332   

10000
-10   -9   -7   -6   -5   -4   -3   -2   -1   0   1   2   3   4   5   6   7   9   10   11   12   13   14   15   16   17   18   
-0.388911   -0.357254   -0.292729   -0.25749   -0.219211   -0.177831   -0.133497   -0.0877136   -0.0428146   1.00889e-07   0.0428321   0.087763   0.133616   0.17806   0.219588   0.258042   0.293475   0.358388   0.390222   0.422982   0.457355   0.493206   0.530415   0.605395   0.674723   0.72663   0.771426   
0.108191   0.0943659   0.0699766   0.0600367   0.051789   0.0452989   0.040549   0.0374129   0.0356752   0.0351399   0.0356741   0.0374094   0.0405414   0.0452848   0.0517663   0.0600043   0.0699377   0.0943229   0.10816   0.122587   0.137373   0.152341   0.167483   0.192132   0.214191   0.233047   0.250299   
0.0259753   0.0191218   0.0055214   -0.000746874   -0.00613267   -0.00997839   -0.0115441   -0.01023   -0.0060511   -1.46512e-08   0.00604864   0.0102239   0.0115294   0.0099483   0.00607877   0.000660242   -0.00564808   -0.0193369   -0.026231   -0.033052   -0.0398932   -0.0467971   -0.0538462   -0.0704775   -0.0823514   -0.0891206   -0.094565   

15000
-10   -9   -7   -5   -4   -3   -2   -1   0   1   2   3   4   5   6   7   9   10   11   12   13   14   15   16   17   18   
-0.390582   -0.357622   -0.399524   -0.212957   -0.16986   -0.124057   -0.0771374   -0.0340151   -3.12842e-08   0.0340338   0.0771966   0.124197   0.170122   0.213383   0.253766   0.400171   0.35885   0.392003   0.425844   0.547482   0.60438   0.645477   0.691044   0.723225   0.453019   0.792593   
0.106232   0.0918515   0.0757083   0.0472734   0.0403025   0.0350941   0.0315899   0.0295969   0.0289443   0.0295959   0.0315863   0.0350858   0.0402872   0.0472489   0.0559658   0.0756681   0.0918072   0.106199   0.121213   0.152311   0.172108   0.188762   0.207856   0.221603   0.17038   0.251246   
0.0305843   0.0238373   0.0326122   -0.00273245   -0.0077224   -0.0107661   -0.0108539   -0.00717632   6.08971e-09   0.00717375   0.0108465   0.0107484   0.00768626   0.00266758   -0.00348748   -0.0327183   -0.0240766   -0.030867   -0.0375208   -0.0616969   -0.0670695   -0.0698761   -0.0734542   -0.0764291   -0.0348335   -0.0852117   

20000
-10   -9   -8   -5   -4   -3   -2   -1   0   1   2   3   4   5   6   8   10   11   12   13   14   15   16   17   18   
-0.500976   -0.358946   -0.584305   -0.369965   -0.16498   -0.117676   -0.0692515   -0.0259332   1.14692e-07   0.0259496   0.069318   0.117832   0.16527   0.370339   0.508272   0.573597   0.502443   0.55993   0.601619   0.347788   0.668383   0.700861   0.436487   0.773568   0.487244   
0.120996   0.0907729   0.0945857   0.0513197   0.0376311   0.032079   0.0282689   0.02606   0.0253029   0.0260587   0.0282652   0.03207   0.0376145   0.0513043   0.0643318   0.0942485   0.121027   0.140571   0.157973   0.118926   0.189576   0.20503   0.156843   0.239119   0.181568   
0.0540448   0.0270254   0.0399528   0.0282342   -0.00565064   -0.00969392   -0.0109683   -0.00807815   -1.73152e-08   0.00807611   0.0109599   0.00967348   0.0056088   -0.0282908   -0.0389446   -0.0403094   -0.0543285   -0.0582823   -0.0597066   -0.0203729   -0.0631957   -0.0662793   -0.0285794   -0.074287   -0.0357372   

25000
-10   -7   -5   -4   -3   -2   -1   0   1   2   3   4   5   6   7   8   10   11   12   13   14   15   16   17   18   
-0.556701   -0.6872   -0.531804   -0.348538   -0.113044   -0.0631435   -0.018753   1.51592e-06   0.0187711   0.0632165   0.113213   0.348724   0.531886   0.619939   0.685225   0.65114   0.558451   0.600483   0.626389   0.369786   0.39487   0.708784   0.739811   0.769356   0.799686   
0.125333   0.0635691   0.0474545   0.0400309   0.0301673   0.026102   0.0237023   0.0228495   0.023701   0.0260981   0.0301577   0.0400217   0.0474489   0.0545255   0.0638215   0.085927   0.125441   0.143408   0.158724   0.12095   0.132487   0.204036   0.218809   0.232918   0.2466   
0.0532718   0.013331   0.0359237   0.0269471   -0.00857169   -0.0108069   -0.00877612   -2.30208e-07   0.00877387   0.0107976   0.00854888   -0.0269744   -0.0359367   -0.0255439   -0.0138085   -0.0237636   -0.0535442   -0.0542445   -0.0546093   -0.0182976   -0.0205026   -0.0620481   -0.0661078   -0.0714766   -0.0774956   

30000
-10   -9   -8   -7   -6   -5   -4   -3   -2   -1   0   1   2   3   4   5   7   8   9   10   11   12   13   15   16   
-0.585769   -0.668675   -0.752851   -0.733976   -0.66007   -0.576647   -0.473254   -0.22452   -0.0583652   -0.0124605   9.23159e-09   0.0124803   0.058443   0.224625   0.473303   0.576684   0.733993   0.756694   0.684983   0.588276   0.317879   0.638397   0.371712   0.419078   0.74162   
0.125573   0.0991745   0.0674654   0.0495015   0.0429055   0.0395338   0.0358232   0.030718   0.0245763   0.0220016   0.0210595   0.0220003   0.0245722   0.0307107   0.0358193   0.0395306   0.0495031   0.0670018   0.0977691   0.125787   0.0951113   0.157446   0.118472   0.141431   0.217163   
0.0489072   0.0209986   -0.00227709   -0.00279115   0.00961642   0.0252883   0.0349542   0.0128478   -0.0104759   -0.00929779   1.90787e-09   0.00929534   0.0104659   -0.0128627   -0.0349594   -0.0252906   0.00278423   0.00290626   -0.018011   -0.049157   -0.012746   -0.0502795   -0.0160975   -0.021764   -0.0640033   

35000
-10   -9   -8   -7   -6   -5   -4   -3   -2   -1   0   1   2   3   4   5   6   7   8   10   11   12   13   15   17   18   
-0.599935   -0.731343   -0.797672   -0.744288   -0.668513   -0.588341   -0.502589   -0.356367   -0.0546861   -0.00696813   4.99571e-06   0.00698948   0.0547683   0.356425   0.502598   0.588357   0.668527   0.744299   0.797715   0.305409   0.332334   0.648291   0.376417   0.72375   0.772892   0.801859   
0.124065   0.0860611   0.0563668   0.042726   0.0361347   0.0333249   0.030934   0.0287159   0.0234498   0.0207105   0.0196847   0.0207091   0.0234454   0.0287123   0.030932   0.0333231   0.0361334   0.0427267   0.0563715   0.0833433   0.0950376   0.155959   0.117346   0.203296   0.229709   0.243818   
0.0445333   0.00323343   -0.0110796   -0.00724729   0.00241375   0.0161909   0.0290656   0.0304646   -0.0100286   -0.00967321   -7.33493e-07   0.00967058   0.010018   -0.0304726   -0.0290666   -0.0161933   -0.00241521   0.0072446   0.011065   -0.0102905   -0.0110572   -0.0468959   -0.0146042   -0.0564459   -0.0681391   -0.0750799   

40000
-9   -8   -7   -6   -5   -4   -3   -2   -1   0   1   2   3   4   5   6   7   8   9   11   12   
-0.800613   -0.807325   -0.747983   -0.670091   -0.5893   -0.507128   -0.406473   -0.138624   -0.00229739   4.86224e-08   0.00231864   0.138615   0.406486   0.507127   0.589293   0.670091   0.748   0.807358   0.802067   0.342507   0.362078   
0.0729332   0.0512335   0.0382842   0.031916   0.0291422   0.0272101   0.0255858   0.0233181   0.019697   0.0185905   0.019696   0.0233142   0.0255838   0.027209   0.0291415   0.0319158   0.0382838   0.0512362   0.0728279   0.0944502   0.105542   
-0.010356   -0.0129807   -0.00895691   -0.000901361   0.0104396   0.0226958   0.0321083   0.00568604   -0.00991398   -1.92827e-09   0.00991137   -0.00568245   -0.0321096   -0.0226943   -0.0104374   0.000901418   0.00895417   0.012972   0.0104872   -0.00943964   -0.0109634   

45000
-9   -8   -7   -6   -5   -4   -3   -2   -1   0   1   2   3   4   5   6   7   8   9   11   12   15   
-0.820243   -0.820117   -0.74989   -0.670469   -0.586738   -0.503606   -0.417802   -0.232423   0.00178126   -9.63684e-07   -0.00175674   0.232408   0.417793   0.503596   0.586734   0.670468   0.749903   0.820143   0.820365   0.346057   0.365759   0.428516   
0.0667661   0.0465486   0.0350067   0.0288654   0.026434   0.0246274   0.0231134   0.0221017   0.0188793   0.017697   0.0188778   0.0220998   0.0231125   0.0246269   0.0264336   0.0288651   0.0350068   0.0465505   0.0667812   0.0930538   0.104578   0.139063   
-0.0137396   -0.0139535   -0.00961534   -0.00270627   0.00725133   0.0180196   0.0288843   0.020506   -0.0100578   1.40902e-07   0.0100548   -0.0205029   -0.0288828   -0.0180182   -0.00725062   0.00270637   0.00961281   0.0139473   0.0137   -0.00799513   -0.00984308   -0.0190474   

50000
-10   -9   -8   -7   -6   -5   -4   -3   -2   -1   0   1   2   3   4   5   6   7   8   9   11   
-0.721262   -0.829791   -0.822594   -0.749507   -0.668577   -0.584876   -0.500381   -0.417881   -0.295917   0.00538148   -1.38424e-06   -0.00535483   0.295897   0.417871   0.50037   0.584871   0.668577   0.749518   0.822616   0.849212   0.647682   
0.0993081   0.0633152   0.0438481   0.0327015   0.0268634   0.0242834   0.0225257   0.0211843   0.0202925   0.0182045   0.0169512   0.0182031   0.0202913   0.0211836   0.0225255   0.0242831   0.0268631   0.0327013   0.0438495   0.0610841   0.13593   
0.00834573   -0.0150652   -0.0141279   -0.00978962   -0.00348658   0.00497517   0.0142987   0.0250659   0.0285512   -0.0101266   2.02927e-07   0.0101233   -0.028548   -0.025064   -0.0142972   -0.00497433   0.00348647   0.0097876   0.0141235   0.0162687   -0.0377724   

55000
-10   -9   -8   -7   -6   -5   -4   -3   -2   -1   0   1   2   3   4   5   6   7   8   9   10   
-0.746849   -0.856123   -0.826723   -0.749048   -0.667245   -0.582929   -0.496783   -0.414246   -0.31856   -0.0274874   -1.65239e-06   0.0274747   0.31855   0.414233   0.496776   0.582922   0.667245   0.679636   0.826755   0.85619   0.768492   
0.091446   0.0576408   0.0409943   0.0308203   0.0251972   0.0226499   0.0209642   0.0196771   0.0187822   0.0178015   0.0163185   0.0178005   0.0187816   0.0196767   0.0209637   0.0226498   0.0251969   0.00625185   0.0409941   0.0576481   0.0862124   
0.000896831   -0.0169439   -0.014036   -0.00976133   -0.00399177   0.00348946   0.0117554   0.0216942   0.029627   -0.00383772   2.37142e-07   0.00384096   -0.0296254   -0.0216921   -0.0117536   -0.00348823   0.00399178   0.0145398   0.0140305   0.0169246   0.00484437   

60000
-10   -9   -8   -7   -6   -5   -4   -3   -2   -1   0   1   2   3   4   5   6   7   8   9   10   12   14   16   
-0.748653   -0.86735   -0.829309   -0.748112   -0.666109   -0.581135   -0.493821   -0.410142   -0.326564   -0.0815327   -5.99231e-07   0.081521   0.326549   0.410129   0.493815   0.581129   0.66611   0.748123   0.829336   0.867406   0.749011   0.392793   0.697629   0.745688   
0.0884616   0.0546024   0.0387954   0.0293061   0.0238304   0.0213564   0.0196878   0.0184463   0.0175466   0.0172607   0.015775   0.0172599   0.0175461   0.018446   0.0196873   0.0213562   0.02383   0.0293059   0.0387959   0.0546086   0.0885494   0.104221   0.179552   0.209499   
0.0001326   -0.0173533   -0.0137734   -0.00965343   -0.00428955   0.00248236   0.00982226   0.0188784   0.0284569   0.00547586   8.20512e-08   -0.00547338   -0.0284546   -0.0188763   -0.00982099   -0.00248127   0.00428923   0.00965146   0.0137688   0.0173395   -0.00028766   -0.0063886   -0.0477661   -0.0597285   

65000
-10   -9   -8   -7   -6   -5   -4   -3   -2   -1   0   1   2   3   4   5   6   7   8   9   10   12   15   
-0.79998   -0.879413   -0.830583   -0.747247   -0.664951   -0.579601   -0.491165   -0.406158   -0.325496   -0.130578   -1.44323e-06   0.130561   0.325482   0.406146   0.491154   0.579595   0.664951   0.747257   0.83061   0.879469   0.840208   0.388428   0.732258   
0.0772514   0.0518776   0.0372943   0.0280693   0.0227073   0.0202858   0.0186605   0.0174441   0.0165885   0.0165212   0.0153032   0.0165204   0.0165882   0.0174438   0.0186603   0.0202855   0.022707   0.0280692   0.0372948   0.0518825   0.0733001   0.102593   0.196274   
-0.0118437   -0.0174118   -0.0135236   -0.00950116   -0.00444144   0.00175068   0.00844748   0.0166484   0.0263011   0.0133952   1.9845e-07   -0.0133921   -0.0262988   -0.0166463   -0.00844576   -0.00174952   0.00444145   0.00949923   0.0135185   0.0173981   0.0160386   -0.00601333   -0.0509095   

70000
-10   -9   -8   -7   -6   -5   -4   -3   -2   -1   0   1   2   3   4   5   6   7   8   9   10   18   
-0.818088   -0.892136   -0.833204   -0.74666   -0.663972   -0.578432   -0.488942   -0.402689   -0.322957   -0.169881   -2.43427e-06   0.169865   0.322943   0.402676   0.488931   0.578426   0.663972   0.74667   0.833225   0.89218   0.818291   0.802924   
0.0731903   0.0490932   0.035721   0.0270155   0.0217724   0.019369   0.0178005   0.0166068   0.0157726   0.0157199   0.0148896   0.0157194   0.0157721   0.0166065   0.0178003   0.0193687   0.0217722   0.0270154   0.0357216   0.0490968   0.0732332   0.23759   
-0.0145689   -0.0170277   -0.0130007   -0.00929424   -0.00450283   0.00115921   0.00741119   0.0148869   0.024203   0.0193172   3.406e-07   -0.0193146   -0.0242007   -0.0148847   -0.00740925   -0.00115788   0.00450288   0.00929221   0.0129966   0.0170168   0.0144726   -0.0743451   

75000
-10   -9   -8   -7   -6   -5   -4   -3   -2   -1   0   1   2   3   4   5   6   7   8   9   10   
-0.849394   -0.887581   -0.833003   -0.746083   -0.663267   -0.577139   -0.487126   -0.399749   -0.319664   -0.19771   -2.86893e-06   0.197693   0.319649   0.399736   0.487117   0.577132   0.663267   0.746093   0.833032   0.88766   0.88125   
0.0681536   0.04774   0.0343559   0.0260661   0.0209571   0.0186006   0.0170578   0.0158897   0.0150764   0.0149619   0.0145249   0.0149613   0.0150761   0.0158895   0.0170575   0.0186005   0.0209568   0.026066   0.0343558   0.0477405   0.0660495   
-0.0174058   -0.0172282   -0.0128615   -0.00911279   -0.0045174   0.000803877   0.00656902   0.0134623   0.0222648   0.02308   3.8175e-07   -0.0230774   -0.0222625   -0.01346   -0.00656731   -0.00080258   0.00451736   0.00911062   0.012856   0.0172143   0.0188157   

80000
-10   -9   -8   -7   -6   -5   -4   -3   -2   -1   0   1   2   3   4   5   6   7   8   9   10   
-0.864559   -0.892662   -0.832781   -0.745628   -0.662713   -0.57615   -0.485643   -0.39728   -0.316153   -0.214159   -4.50637e-07   0.214147   0.316138   0.397267   0.485633   0.576143   0.662713   0.745639   0.832803   0.892714   0.864728   
0.0659114   0.0457466   0.0333001   0.0253067   0.0202332   0.0179365   0.0164027   0.0152585   0.0144783   0.0143105   0.0142011   0.0143096   0.014478   0.0152583   0.0164025   0.0179363   0.0202329   0.0253065   0.0333007   0.0457497   0.0659365   
-0.0182663   -0.0169099   -0.0126085   -0.00895052   -0.00448714   0.000509789   0.00582605   0.0122236   0.0205404   0.0248657   5.64285e-08   -0.0248638   -0.0205379   -0.012221   -0.00582419   -0.000508546   0.00448712   0.0089484   0.0126045   0.0168985   0.0182104   

85000
-10   -9   -8   -7   -6   -5   -4   -3   -2   -1   0   1   2   3   4   5   6   7   8   9   10   
-0.903505   -0.903571   -0.833435   -0.745232   -0.662318   -0.575285   -0.48425   -0.39511   -0.312838   -0.223477   1.08632e-06   0.223463   0.312824   0.395096   0.48424   0.575279   0.662318   0.745243   0.833459   0.903612   0.903641   
0.0622391   0.0434594   0.0320399   0.0245697   0.0196151   0.0173429   0.0158439   0.0147207   0.0139544   0.0137556   0.0139123   0.0137553   0.013954   0.0147205   0.0158437   0.0173427   0.0196148   0.0245697   0.0320398   0.0434619   0.0622545   
-0.0194581   -0.0159966   -0.0122308   -0.00869881   -0.00442867   0.000278867   0.00535769   0.0113249   0.0190206   0.0254477   -1.45886e-07   -0.0254455   -0.0190182   -0.0113226   -0.00535574   -0.000277668   0.00442862   0.00869657   0.012226   0.0159877   0.0194209   

90000
-10   -9   -8   -7   -6   -5   -4   -3   -2   -1   0   1   2   3   4   5   6   7   8   9   10   12   13   
-0.885133   -0.808353   -0.83283   -0.745093   -0.662084   -0.57455   -0.48313   -0.393289   -0.309804   -0.227936   -2.19894e-06   0.227923   0.309789   0.393276   0.483119   0.574544   0.662084   0.745104   0.832853   0.899459   0.885273   0.389577   0.402002   
0.0621441   0.0166644   0.0312665   0.0239269   0.019046   0.0168259   0.0153485   0.0142463   0.0134874   0.013281   0.0136535   0.0132804   0.0134871   0.0142461   0.0153483   0.0168257   0.0190458   0.0239267   0.0312667   0.0427651   0.062164   0.0984964   0.110131   
-0.0192125   -0.0227881   -0.0120638   -0.00856068   -0.00434877   0.000122349   0.00488691   0.010571   0.0176446   0.0252315   2.78447e-07   -0.0252295   -0.017642   -0.0105686   -0.00488479   -0.000121112   0.00434876   0.00855857   0.0120595   0.0163193   0.0191672   -0.00414815   -0.007967   

95000
-10   -9   -8   -7   -6   -5   -4   -3   -2   -1   0   1   2   3   4   5   6   7   8   9   10   
-0.908943   -0.905501   -0.833114   -0.7449   -0.66188   -0.573916   -0.482117   -0.391692   -0.307066   -0.229053   -1.49202e-06   0.229041   0.307051   0.391679   0.482106   0.573909   0.66188   0.744911   0.833139   0.905551   0.909045   
0.0585821   0.0410162   0.0302973   0.0233313   0.0185571   0.0163543   0.0149011   0.0138176   0.0130851   0.0128732   0.0134207   0.0128728   0.0130848   0.0138174   0.0149009   0.0163541   0.0185569   0.0233313   0.0302976   0.0410173   0.0585962   
-0.0196395   -0.0158155   -0.0118069   -0.00832597   -0.00425897   -4.35297e-06   0.00457529   0.00987292   0.0165944   0.0244985   1.81469e-07   -0.0244967   -0.0165919   -0.00987057   -0.0045733   5.59881e-06   0.00425899   0.0083237   0.0118019   0.0158064   0.0196044   

100000
-10   -9   -8   -7   -6   -5   -4   -3   -2   -1   0   1   2   3   4   5   6   7   8   9   10   
-0.935911   -0.906663   -0.833363   -0.745022   -0.661943   -0.573365   -0.481239   -0.390332   -0.304688   -0.228079   8.04891e-07   0.228067   0.304673   0.390318   0.481229   0.573359   0.661943   0.745033   0.833386   0.906709   0.92666   
0.0549519   0.0402785   0.0296961   0.0228329   0.0180928   0.0159433   0.0145105   0.0134381   0.0127214   0.0125199   0.013197   0.0125196   0.0127211   0.0134377   0.0145103   0.0159431   0.0180926   0.0228328   0.0296965   0.0402807   0.0552179   
-0.019247   -0.0155394   -0.0114672   -0.00816415   -0.0041482   -0.000101366   0.0042502   0.00938222   0.0156501   0.0234907   5.09639e-09   -0.0234887   -0.0156475   -0.00937971   -0.0042481   0.000102676   0.00414808   0.00816195   0.011463   0.0155299   0.01958   

105000
-10   -9   -8   -7   -6   -5   -4   -3   -2   -1   0   1   2   3   4   5   6   7   8   9   10   11   13   
-0.923085   -0.905526   -0.833116   -0.745204   -0.661842   -0.572956   -0.4805   -0.389104   -0.302533   -0.226124   4.33475e-08   0.226111   0.302518   0.389091   0.48049   0.57295   0.661842   0.745215   0.833141   0.905576   0.923186   0.81087   0.427897   
0.0545886   0.03962   0.0290616   0.0223274   0.0176941   0.0155524   0.0141432   0.0130941   0.01239   0.0122078   0.0129213   0.0122075   0.0123897   0.0130939   0.014143   0.0155522   0.0176939   0.0223273   0.029062   0.0396222   0.0546008   0.0822873   0.11054   
-0.0195865   -0.0156347   -0.0114659   -0.00796751   -0.00404571   -0.000147089   0.00406113   0.00887754   0.0147619   0.022399   1.42395e-09   -0.022397   -0.0147595   -0.00887518   -0.0040591   0.00014837   0.00404573   0.00796523   0.0114615   0.0156246   0.0195562   0.00668055   -0.00492174   

110000
-10   -9   -8   -7   -6   -5   -4   -3   -2   -1   0   1   2   3   4   5   6   7   8   9   10   11   15   
-0.923499   -0.909461   -0.833391   -0.745124   -0.662047   -0.572508   -0.479793   -0.388077   -0.300735   -0.22378   3.57133e-08   0.223767   0.300721   0.388063   0.479782   0.572501   0.662047   0.745137   0.833417   0.909513   0.923614   0.777185   0.725365   
0.0535535   0.0382656   0.0283691   0.0219635   0.0173175   0.0152139   0.0138213   0.012781   0.0120932   0.0119283   0.0126039   0.0119278   0.0120928   0.0127809   0.0138211   0.0152137   0.0173173   0.0219633   0.0283691   0.0382671   0.0535662   0.0909147   0.189687   
-0.0196087   -0.0151997   -0.0112604   -0.00776312   -0.0039252   -0.000208638   0.00383646   0.00853259   0.0141109   0.0213246   -3.76236e-08   -0.0213227   -0.0141084   -0.00853014   -0.00383443   0.000209936   0.00392523   0.00776093   0.0112554   0.01519   0.0195772   -0.00233464   -0.0521835   

115000
-10   -9   -8   -7   -6   -5   -4   -3   -2   -1   0   1   2   3   4   5   6   7   8   9   10   11   
-0.945815   -0.912674   -0.833646   -0.745766   -0.662205   -0.572243   -0.479246   -0.387117   -0.299027   -0.221551   -1.22442e-09   0.221538   0.299012   0.387104   0.479235   0.572236   0.662205   0.745777   0.833671   0.912715   0.945906   0.635962   
0.0509168   0.0375905   0.0278591   0.0215269   0.0169701   0.0148946   0.0135196   0.0124951   0.0118224   0.0116739   0.0122634   0.0116735   0.0118221   0.0124949   0.0135194   0.0148945   0.0169698   0.0215267   0.02786   0.037592   0.0509252   0.0440116   
-0.0189489   -0.0145492   -0.0109264   -0.00762659   -0.00380632   -0.000218263   0.00370696   0.00817969   0.0134176   0.0203299   1.81971e-08   -0.020328   -0.0134151   -0.00817744   -0.00370489   0.000219576   0.00380623   0.00762434   0.0109214   0.0145411   0.0189268   0.0337239   

120000
-10   -9   -8   -7   -6   -5   -4   -3   -2   -1   0   1   2   3   4   5   6   7   8   9   10   
-0.939024   -0.910834   -0.833568   -0.74611   -0.662163   -0.572008   -0.478727   -0.386289   -0.297672   -0.219292   1.7497e-08   0.219279   0.297656   0.386276   0.478717   0.572002   0.662163   0.746122   0.833593   0.910876   0.939122   
0.050691   0.0369327   0.0274379   0.0211358   0.0166807   0.0145961   0.0132422   0.0122359   0.0115728   0.0114417   0.0119306   0.0114413   0.0115725   0.0122357   0.013242   0.0145959   0.0166804   0.0211358   0.0274381   0.0369345   0.0507004   
-0.0192186   -0.0147975   -0.0108712   -0.00744138   -0.00370361   -0.00022375   0.00357587   0.007895   0.012947   0.0193551   -1.57647e-09   -0.0193531   -0.0129444   -0.00789251   -0.00357383   0.000225053   0.00370366   0.00743892   0.0108666   0.0147892   0.0191931   

125000
-10   -9   -8   -7   -6   -5   -4   -3   -2   -1   0   1   2   3   4   5   6   7   8   9   10   11   
-0.823557   -0.911925   -0.833745   -0.746092   -0.662581   -0.571688   -0.478189   -0.38557   -0.296324   -0.212527   -4.37379e-08   0.21253   0.296309   0.385557   0.478178   0.571682   0.662582   0.746102   0.83377   0.911971   0.937372   0.671599   
0.0242665   0.0360065   0.0268924   0.0208483   0.0163739   0.0143402   0.0130057   0.0119904   0.011346   0.0112447   0.0116114   0.0112443   0.0113458   0.0119901   0.0130055   0.01434   0.0163736   0.0208484   0.0268926   0.0360074   0.0502258   0.04014   
-0.0285888   -0.0146398   -0.0107757   -0.00725625   -0.00357586   -0.000242818   0.00343398   0.0076671   0.0124202   0.0176535   1.1584e-08   -0.0176544   -0.0124178   -0.00766474   -0.00343191   0.000244129   0.00357575   0.00725406   0.0107709   0.0146311   0.0192483   0.0352911   

130000
-10   -9   -7   -6   -5   -4   -3   -2   -1   0   1   2   3   4   5   6   7   9   10   
-0.946145   -0.915933   -0.746756   -0.662817   -0.571581   -0.477882   -0.38485   -0.295267   -0.20023   -7.70974e-08   0.200231   0.295252   0.384837   0.477872   0.571574   0.662816   0.746768   0.915981   0.946249   
0.0484538   0.0347481   0.0205067   0.0161027   0.0140868   0.0127563   0.0117737   0.0111334   0.0110669   0.0113091   0.0110666   0.0111331   0.0117734   0.0127562   0.0140866   0.0161024   0.0205066   0.0347489   0.0484625   
-0.0190081   -0.0139818   -0.00711739   -0.00345961   -0.000219773   0.00338691   0.00741641   0.0120544   0.0149625   2.30511e-08   -0.0149631   -0.0120517   -0.00741417   -0.00338478   0.000221131   0.00345984   0.00711509   0.0139721   0.0189839   

135000
-10   -9   -8   -7   -6   -5   -4   -3   -2   -1   0   1   2   3   4   5   6   7   8   9   10   11   12   
-0.95963   -0.915517   -0.834025   -0.747334   -0.662879   -0.571496   -0.477516   -0.384312   -0.294225   -0.189246   -2.09267e-08   0.189248   0.29421   0.384299   0.477506   0.571489   0.662879   0.747345   0.83405   0.915557   0.959718   0.86748   0.598131   
0.0469959   0.034377   0.0259203   0.0201717   0.0158713   0.013847   0.012537   0.0115625   0.010938   0.010886   0.0110249   0.0108857   0.0109377   0.0115623   0.0125367   0.0138468   0.015871   0.0201715   0.0259208   0.0343779   0.0470023   0.069057   0.0546566   
-0.0181254   -0.0138372   -0.0103238   -0.00695024   -0.00335791   -0.000193857   0.00331205   0.00726447   0.0116686   0.012583   3.07918e-08   -0.0125836   -0.0116661   -0.00726199   -0.00330997   0.000195189   0.00335799   0.00694808   0.0103187   0.0138294   0.0181049   0.0155081   0.0291992   

140000
-10   -9   -8   -7   -6   -5   -4   -3   -2   -1   0   1   2   3   4   5   6   7   8   9   10   11   
-0.955062   -0.91475   -0.834103   -0.747693   -0.663204   -0.571311   -0.47711   -0.383782   -0.293315   -0.179373   1.47969e-07   0.179374   0.2933   0.383769   0.4771   0.571304   0.663204   0.747703   0.834128   0.914795   0.955155   0.920569   
0.0465817   0.033767   0.0255945   0.0198775   0.0156347   0.0136383   0.0123498   0.0113666   0.0107592   0.0107076   0.0107572   0.0107074   0.0107588   0.0113664   0.0123495   0.013638   0.0156345   0.0198774   0.0255946   0.033768   0.0465893   0.0638654   
-0.0184471   -0.0139362   -0.0102291   -0.00677201   -0.00324589   -0.000182331   0.00322783   0.00710712   0.0113342   0.0104902   -2.52181e-08   -0.0104907   -0.0113314   -0.0071047   -0.00322582   0.000183717   0.00324589   0.00676994   0.0102245   0.0139275   0.0184252   0.020919   

145000
-10   -9   -8   -7   -6   -5   -4   -3   -2   -1   0   1   2   3   4   5   6   7   8   9   10   11   12   
-0.953549   -0.915635   -0.834406   -0.747729   -0.66353   -0.571131   -0.476928   -0.383233   -0.292555   -0.170631   3.11059e-08   0.170632   0.29254   0.38322   0.476917   0.571124   0.663529   0.747741   0.834432   0.915684   0.953639   0.758423   0.533217   
0.0461898   0.0329774   0.0251434   0.0196777   0.0154096   0.0134519   0.0121495   0.011195   0.0105861   0.0105282   0.0105039   0.010528   0.0105858   0.0111946   0.0121493   0.0134517   0.0154094   0.0196775   0.0251434   0.0329776   0.0461983   0.0337   0.0634743   
-0.0185516   -0.0137602   -0.0101502   -0.00662879   -0.00313403   -0.000167362   0.00321069   0.00693479   0.0110741   0.00863614   -7.1618e-09   -0.00863647   -0.0110715   -0.00693235   -0.0032085   0.000168781   0.00313415   0.00662666   0.0101452   0.0137509   0.0185307   0.0358244   0.0198674   

150000
-10   -9   -8   -7   -6   -5   -4   -3   -2   -1   0   1   2   3   4   5   6   7   8   9   10   
-0.955937   -0.917442   -0.834721   -0.748642   -0.663697   -0.571212   -0.476711   -0.382851   -0.291767   -0.162761   8.95285e-08   0.162761   0.291751   0.382838   0.476701   0.571206   0.663697   0.748653   0.834747   0.917489   0.956037   
0.0453702   0.0320527   0.0246962   0.01937   0.0152136   0.0132465   0.011967   0.0110218   0.0104319   0.0103539   0.0102734   0.0103537   0.0104314   0.0110215   0.0119669   0.0132462   0.0152134   0.0193698   0.0246961   0.0320528   0.0453777   
-0.0184591   -0.0133871   -0.0100071   -0.0064893   -0.00303448   -0.000114637   0.00318242   0.0068365   0.0107816   0.00698119   -1.41043e-08   -0.00698136   -0.0107789   -0.00683397   -0.00318029   0.000115909   0.00303462   0.00648719   0.0100021   0.0133778   0.0184356   

155000
-10   -9   -8   -7   -6   -5   -4   -3   -2   -1   0   1   2   3   4   5   6   7   8   9   10   
-0.971157   -0.91852   -0.835025   -0.749291   -0.663758   -0.571175   -0.476434   -0.382481   -0.291149   -0.155559   -1.94027e-09   0.155558   0.291133   0.382468   0.476423   0.571168   0.663758   0.749301   0.835051   0.918563   0.97127   
0.0429853   0.031596   0.0242723   0.0191007   0.0150445   0.0130665   0.0118079   0.0108587   0.0102827   0.0101831   0.0100534   0.0101829   0.0102823   0.0108585   0.0118077   0.0130664   0.0150443   0.0191005   0.0242723   0.0315982   0.0429889   
-0.0175806   -0.0129662   -0.00981888   -0.00633795   -0.00294611   -7.87896e-05   0.00314095   0.00674011   0.0105682   0.00550479   3.12859e-10   -0.00550471   -0.0105655   -0.00673762   -0.00313882   8.01508e-05   0.00294626   0.0063359   0.00981366   0.012957   0.0175604   

160000
-10   -9   -8   -7   -6   -5   -4   -3   -2   -1   0   1   2   3   4   5   6   7   8   9   10   11   
-0.973403   -0.917962   -0.835146   -0.74979   -0.664195   -0.571057   -0.476202   -0.382074   -0.290584   -0.148761   -8.19177e-09   0.148761   0.290568   0.382061   0.476191   0.57105   0.664194   0.7498   0.835171   0.918003   0.97348   0.74081   
0.0428125   0.0312784   0.0239811   0.0188575   0.0148472   0.0129092   0.0116599   0.010715   0.01014   0.0100206   0.00985086   0.0100204   0.0101397   0.0107147   0.0116598   0.012909   0.014847   0.0188573   0.0239816   0.0312787   0.0428172   0.0320583   
-0.0171382   -0.0129602   -0.00961889   -0.00618352   -0.00284072   -5.27749e-05   0.0031134   0.00662771   0.0103759   0.00408171   2.7057e-09   -0.00408185   -0.0103733   -0.00662524   -0.00311125   5.41515e-05   0.00284088   0.00618148   0.00961376   0.0129524   0.0171208   0.0358097   

165000
-10   -9   -8   -7   -6   -5   -4   -3   -2   -1   0   1   2   3   4   5   6   7   8   9   10   11   
-0.970429   -0.91796   -0.835174   -0.750019   -0.664476   -0.570979   -0.476142   -0.381727   -0.289994   -0.143098   8.1849e-09   0.143097   0.289979   0.381714   0.476131   0.570972   0.664475   0.750028   0.835198   0.918005   0.970515   0.934359   
0.0424049   0.0307254   0.0238289   0.0186697   0.014674   0.0127614   0.0114989   0.0105796   0.0100131   0.00985903   0.00966074   0.0098589   0.0100128   0.0105792   0.0114987   0.0127612   0.0146738   0.0186697   0.0238287   0.030726   0.0424107   0.0587125   
-0.0174279   -0.0129758   -0.00949646   -0.0060477   -0.00274547   -2.07655e-05   0.00312437   0.00653812   0.0101629   0.00295854   -1.82656e-09   -0.00295835   -0.0101602   -0.00653554   -0.00312219   2.21985e-05   0.00274564   0.00604574   0.00949191   0.0129673   0.0174089   0.0211781   

170000
-10   -9   -8   -7   -6   -5   -4   -3   -2   -1   0   1   2   3   4   5   6   7   8   9   10   11   
-0.968965   -0.918571   -0.835841   -0.750234   -0.664659   -0.571107   -0.476007   -0.381502   -0.289515   -0.137741   2.00146e-08   0.137741   0.2895   0.381489   0.475996   0.5711   0.664658   0.750242   0.835867   0.918618   0.969053   0.928711   
0.0421202   0.0301716   0.0234337   0.0185138   0.01452   0.0125987   0.011357   0.0104376   0.00989066   0.00970516   0.00948429   0.00970503   0.00989038   0.0104373   0.0113568   0.0125985   0.0145198   0.0185137   0.0234336   0.0301716   0.042126   0.0586212   
-0.0175621   -0.0128596   -0.00940798   -0.00594653   -0.00265793   3.67917e-05   0.00311906   0.00649145   0.00999593   0.00188087   -4.85347e-09   -0.0018809   -0.00999315   -0.00648891   -0.00311688   -3.53795e-05   0.00265815   0.00594493   0.00940302   0.0128504   0.0175424   0.0208266   

175000
-10   -9   -8   -7   -6   -5   -4   -3   -2   -1   0   1   2   3   4   5   6   7   8   9   10   11   
-0.96897   -0.919535   -0.836462   -0.751036   -0.664754   -0.57114   -0.475828   -0.381226   -0.289121   -0.133457   4.12859e-07   0.133456   0.289105   0.381212   0.475817   0.571133   0.664753   0.751045   0.836488   0.919584   0.969064   0.979304   
0.0417179   0.0295749   0.0230853   0.0182798   0.0143847   0.0124548   0.0112305   0.0103114   0.00976868   0.00956004   0.00931973   0.00955995   0.00976833   0.010311   0.0112303   0.0124546   0.0143845   0.0182796   0.0230851   0.0295751   0.0417239   0.0541094   
-0.0175803   -0.0126557   -0.00928349   -0.00582691   -0.00257908   8.22829e-05   0.0031065   0.00642666   0.00986541   0.00100439   -8.03892e-08   -0.00100423   -0.00986269   -0.00642413   -0.00310433   -8.08219e-05   0.00257929   0.00582497   0.00927847   0.0126464   0.0175593   0.0208249   

180000
-10   -9   -8   -7   -6   -5   -4   -3   -2   -1   0   1   2   3   4   5   6   7   8   9   10   11   
-0.971216   -0.920203   -0.837064   -0.751662   -0.665032   -0.571105   -0.475623   -0.380928   -0.288695   -0.129427   1.65494e-07   0.129427   0.288679   0.380915   0.475612   0.571098   0.66503   0.751671   0.837089   0.92025   0.971311   0.970412   
0.0409721   0.0290242   0.0227534   0.0180712   0.0142374   0.0123268   0.0111189   0.0101988   0.00965997   0.00941467   0.00916746   0.0094146   0.00965963   0.0101985   0.0111188   0.0123267   0.0142372   0.0180711   0.0227533   0.0290245   0.0409766   0.0535898   
-0.0174398   -0.0124481   -0.00913289   -0.00570554   -0.00249391   0.000119585   0.00309145   0.00635607   0.00971604   0.000245921   -3.31579e-08   -0.000245898   -0.00971331   -0.00635354   -0.00308922   -0.000118163   0.00249417   0.00570362   0.00912783   0.0124389   0.01742   0.0212185   

185000
-10   -9   -8   -7   -6   -5   -4   -3   -2   -1   1   2   3   4   5   6   7   8   9   10   11   
-0.977636   -0.920843   -0.837605   -0.752197   -0.665326   -0.571019   -0.47565   -0.380695   -0.288273   -0.125801   0.125799   0.288257   0.380681   0.475639   0.571012   0.665325   0.752206   0.83763   0.920889   0.977749   0.964723   
0.039521   0.0286258   0.0224483   0.0178768   0.014093   0.0122137   0.0109848   0.010089   0.00956246   0.00927866   0.00927859   0.00956215   0.0100888   0.0109846   0.0122135   0.0140928   0.0178767   0.0224482   0.0286268   0.039522   0.0531877   
-0.0169716   -0.0122069   -0.00896933   -0.00558197   -0.00240909   0.000151139   0.00312018   0.00630633   0.00956425   -0.000456198   0.000456466   -0.00956154   -0.00630375   -0.00311798   -0.000149715   0.00240933   0.00558009   0.00896427   0.0121977   0.0169509   0.0213696   

190000
-10   -9   -8   -7   -6   -5   -4   -3   -2   -1   0   1   2   3   4   5   6   7   8   9   10   11   12   13   
-0.984608   -0.921061   -0.837978   -0.752611   -0.665537   -0.571119   -0.475606   -0.380559   -0.288002   -0.122715   4.2403e-08   0.122714   0.287986   0.380545   0.475595   0.571113   0.665536   0.75262   0.838003   0.921104   0.984696   0.963005   0.887289   0.491563   
0.0382547   0.028709   0.0222035   0.017704   0.0139638   0.0120872   0.010866   0.00997234   0.00945653   0.00915202   0.00889125   0.00915195   0.00945621   0.00997203   0.0108658   0.012087   0.0139636   0.0177039   0.0222035   0.0287092   0.0382588   0.0527813   0.0758926   0.0824596   
-0.0162586   -0.0119948   -0.00881149   -0.0054624   -0.00233038   0.000203677   0.0031354   0.00628494   0.00947639   -0.00106185   -9.4272e-09   0.00106194   -0.00947361   -0.00628241   -0.00313321   -0.00020226   0.00233065   0.00546057   0.00880642   0.0119867   0.0162405   0.0213677   0.00744032   0.00678518   

195000
-10   -9   -8   -7   -6   -5   -4   -3   -2   -1   0   1   2   3   4   5   6   7   8   9   10   11   
-0.983989   -0.921189   -0.837931   -0.752794   -0.665686   -0.571238   -0.475516   -0.38038   -0.287717   -0.119396   -1.40308e-08   0.119396   0.287701   0.380366   0.475505   0.571231   0.665685   0.752802   0.837953   0.921234   0.984063   0.824324   
0.0386371   0.0282723   0.0220997   0.017573   0.0138474   0.0119638   0.0107595   0.00986824   0.00935894   0.00902605   0.00876634   0.00902598   0.00935862   0.00986805   0.0107593   0.0119636   0.0138472   0.017573   0.0221004   0.0282729   0.0386387   0.0253024   
-0.016006   -0.0120305   -0.00869462   -0.00536187   -0.00225709   0.000257728   0.00314334   0.00625153   0.00938016   -0.00167661   4.5376e-09   0.00167664   -0.0093774   -0.00624899   -0.00314114   -0.00025633   0.00225737   0.00536013   0.00868987   0.0120219   0.0159906   0.0344897   

200000
-10   -9   -8   -7   -6   -5   -4   -3   -2   -1   0   1   2   3   4   5   6   7   8   9   10   11   13   15   
-0.982867   -0.921541   -0.83838   -0.752959   -0.665772   -0.571294   -0.475397   -0.380181   -0.287416   -0.117512   3.44747e-10   0.117512   0.2874   0.380168   0.475386   0.571287   0.66577   0.752967   0.838406   0.921587   0.982948   0.993779   0.478471   0.74768   
0.0379178   0.0279272   0.0219195   0.0174598   0.013744   0.011853   0.0106636   0.00977421   0.00927075   0.00890623   0.00864988   0.00890623   0.00927039   0.00977384   0.0106634   0.0118528   0.0137438   0.0174596   0.0219193   0.0279279   0.037921   0.0490476   0.0859208   0.183338   
-0.016217   -0.0120135   -0.0086156   -0.00528397   -0.00219057   0.000304476   0.00314725   0.0062135   0.00927547   -0.00200937   -6.63252e-11   0.00200952   -0.0092727   -0.00621094   -0.00314506   -0.000303026   0.00219088   0.00528236   0.00861076   0.0120048   0.0162001   0.0208173   0.00451094   -0.0465784   

205000
-10   -9   -8   -7   -6   -5   -4   -3   -2   -1   0   1   2   3   4   5   6   7   8   9   10   11   
-0.982871   -0.922018   -0.839201   -0.753703   -0.666021   -0.571306   -0.475302   -0.379974   -0.285852   -0.114969   -4.71858e-08   0.114968   0.285856   0.37996   0.475291   0.571298   0.66602   0.753712   0.839226   0.922064   0.982961   1.00735   
0.0374109   0.0276059   0.0216601   0.0172697   0.0136264   0.0117529   0.010572   0.00968975   0.00918965   0.00879468   0.0085395   0.00879463   0.0091893   0.00968951   0.0105718   0.0117527   0.0136262   0.0172695   0.02166   0.0276065   0.037414   0.0485279   
-0.0162776   -0.0119572   -0.00852224   -0.00518205   -0.00211812   0.000345957   0.00315628   0.00617438   0.00891963   -0.00248403   1.21837e-08   0.00248412   -0.00892087   -0.00617182   -0.00315403   -0.000344477   0.00211847   0.00518031   0.00851745   0.0119484   0.0162592   0.0199815   

210000
-10   -9   -8   -7   -6   -5   -4   -3   -2   -1   0   1   2   3   4   5   6   7   8   9   10   11   13   
-0.983969   -0.922586   -0.839945   -0.754308   -0.666285   -0.571271   -0.47536   -0.379898   -0.281434   -0.112743   5.66872e-10   0.112742   0.281438   0.379884   0.475349   0.571264   0.666283   0.754316   0.839969   0.922632   0.98406   1.00304   0.428026   
0.0368319   0.0272778   0.0214238   0.0170991   0.0135106   0.0116639   0.0104656   0.00959282   0.00910432   0.00869152   0.00843796   0.00869148   0.00910401   0.00959261   0.0104654   0.0116637   0.0135104   0.0170989   0.0214237   0.0272783   0.0368343   0.0480779   0.102389   
-0.0162106   -0.0118684   -0.0084223   -0.00508137   -0.00204663   0.000381937   0.00318997   0.00616925   0.00802596   -0.00290137   -1.73134e-10   0.00290159   -0.00802699   -0.00616663   -0.00318773   -0.000380463   0.0020469   0.0050797   0.00841752   0.0118597   0.0161928   0.020196   -0.00379374   

215000
-10   -9   -8   -7   -6   -5   -4   -3   -2   -1   0   1   2   3   4   5   6   7   8   9   10   11   13   
-0.986458   -0.923221   -0.840644   -0.754849   -0.666486   -0.571349   -0.475369   -0.379813   -0.277325   -0.11124   2.11538e-10   0.11124   0.277327   0.379799   0.475358   0.571342   0.666484   0.754859   0.840668   0.923267   0.986555   1.00006   0.790431   
0.0360404   0.0269345   0.0211977   0.0169381   0.013406   0.0115672   0.0103698   0.00950174   0.0090167   0.00858428   0.00834013   0.00858424   0.00901643   0.00950152   0.0103696   0.0115671   0.0134058   0.0169379   0.0211976   0.0269349   0.0360409   0.0477405   0.117277   
-0.0159997   -0.0117527   -0.00831316   -0.00497911   -0.00197982   0.000429344   0.00321564   0.00616167   0.00720299   -0.00313904   -5.49298e-11   0.00313918   -0.00720385   -0.00615907   -0.00321345   -0.000427817   0.00198018   0.00497718   0.0083084   0.0117437   0.0159814   0.0204057   -0.0212138   

220000
-10   -9   -8   -7   -6   -5   -4   -3   -2   -1   0   1   2   3   4   5   6   7   8   9   10   11   12   13   
-0.990333   -0.923826   -0.841309   -0.755336   -0.666646   -0.571503   -0.475345   -0.379705   -0.273449   -0.109305   1.42795e-09   0.109305   0.273452   0.379691   0.475334   0.571496   0.666644   0.755344   0.841334   0.923873   0.990434   0.998137   0.932071   0.454461   
0.0350344   0.0265871   0.0209787   0.0167862   0.0133098   0.0114657   0.0102825   0.0094188   0.00893261   0.00848402   0.00824786   0.00848399   0.00893234   0.00941861   0.0102824   0.0114655   0.0133096   0.0167861   0.0209786   0.0265874   0.0350334   0.0474952   0.0666968   0.092199   
-0.015632   -0.0116269   -0.00819625   -0.00487681   -0.00191625   0.000484298   0.00323643   0.00614861   0.00642646   -0.00347323   -1.9767e-10   0.00347332   -0.00642735   -0.00614602   -0.00323421   -0.000482801   0.0019166   0.00487517   0.00819148   0.0116179   0.0156134   0.0205471   0.0134362   0.00043828   

225000
-10   -9   -8   -7   -6   -5   -4   -3   -2   -1   0   1   2   3   4   5   6   7   8   9   10   11   12   13   
-0.993388   -0.924418   -0.841947   -0.75575   -0.666769   -0.571606   -0.475292   -0.379579   -0.269759   -0.107976   -2.83451e-09   0.107975   0.269761   0.379565   0.475281   0.571598   0.666767   0.755758   0.84197   0.924465   0.993481   0.997403   0.928984   0.84285   
0.034162   0.0262431   0.0207663   0.0166475   0.0132218   0.0113736   0.0102034   0.00934348   0.00885305   0.00839184   0.00816384   0.0083918   0.00885283   0.00934324   0.0102032   0.0113735   0.0132216   0.0166473   0.0207662   0.0262434   0.0341623   0.0472402   0.067121   0.102789   
-0.0152657   -0.011489   -0.00807337   -0.00477813   -0.00185622   0.000533258   0.00325302   0.00613217   0.00568905   -0.0036966   7.47335e-10   0.00369677   -0.00568975   -0.00612957   -0.00325081   -0.000531669   0.00185659   0.0047765   0.00806863   0.0114799   0.0152476   0.0206133   0.0125138   -0.0137121   

230000
-10   -9   -8   -7   -6   -5   -4   -3   -2   -1   0   1   2   3   4   5   6   7   8   9   10   11   12   
-0.99521   -0.925009   -0.842536   -0.756019   -0.666848   -0.571665   -0.475216   -0.379443   -0.266198   -0.106732   2.25721e-10   0.106731   0.266201   0.379429   0.475205   0.571657   0.666846   0.756026   0.842559   0.925055   0.995295   0.998069   0.927218   
0.0337152   0.0259216   0.0205656   0.0165331   0.0131427   0.0112901   0.0101321   0.00927541   0.00877811   0.00830628   0.00808111   0.00830627   0.00877788   0.00927516   0.0101319   0.0112899   0.0131425   0.016533   0.0205655   0.0259219   0.0337185   0.0468948   0.0673647   
-0.0149369   -0.0113387   -0.00794863   -0.00469143   -0.00180075   0.000577336   0.00326658   0.00611454   0.00497988   -0.00390565   -5.68952e-11   0.00390576   -0.00498068   -0.00611194   -0.00326437   -0.000575804   0.00180113   0.00468989   0.00794397   0.0113295   0.0149195   0.0206125   0.0118559   

235000
-10   -9   -8   -7   -6   -5   -4   -3   -2   -1   0   1   2   3   4   5   6   7   8   9   10   11   12   
-0.994794   -0.925485   -0.843035   -0.756103   -0.667053   -0.571692   -0.475246   -0.379395   -0.263003   -0.105338   4.13589e-09   0.105338   0.263005   0.379381   0.475235   0.571685   0.667051   0.756109   0.843058   0.925531   0.994867   1.00055   0.737855   
0.0339905   0.0256586   0.0203863   0.0164516   0.0130507   0.011214   0.0100519   0.0091995   0.00870488   0.00821663   0.00800157   0.0082166   0.00870467   0.00919929   0.0100517   0.0112138   0.0130506   0.0164516   0.0203864   0.0256592   0.0339903   0.0463797   0.0347187   
-0.0147849   -0.0111907   -0.00782876   -0.00462439   -0.00174089   0.000617684   0.00329592   0.0061166   0.00434427   -0.00412187   -5.48675e-10   0.00412197   -0.00434482   -0.00611396   -0.00329366   -0.000616154   0.00174133   0.00462289   0.00782411   0.0111816   0.0147706   0.0205387   0.037882   

240000
-10   -9   -8   -7   -6   -5   -4   -3   -2   -1   0   1   2   3   4   5   6   7   8   9   10   11   13   17   
-0.994674   -0.925698   -0.843355   -0.756262   -0.667277   -0.571692   -0.475321   -0.379376   -0.259783   -0.10437   -4.98662e-09   0.10437   0.259786   0.379362   0.47531   0.571684   0.667276   0.756271   0.843377   0.925742   0.994754   1.00575   0.833798   0.780242   
0.0334015   0.0255181   0.0202473   0.0163662   0.0129586   0.0111447   0.00996893   0.00912258   0.00863561   0.00813172   0.00792941   0.0081317   0.00863544   0.00912236   0.00996871   0.0111445   0.0129584   0.016366   0.0202474   0.0255193   0.0334025   0.0455743   0.105255   0.217526   
-0.0148649   -0.011066   -0.00772557   -0.00456551   -0.00168102   0.000654718   0.00333144   0.00612469   0.00370764   -0.00425756   1.93948e-09   0.0042577   -0.00370829   -0.00612204   -0.00332917   -0.000653105   0.00168137   0.00456391   0.00772108   0.0110571   0.0148493   0.0203459   -0.0162574   -0.06828   

245000
-10   -9   -8   -7   -6   -5   -4   -3   -2   -1   0   1   2   3   4   5   6   7   8   9   10   11   12   
-0.994999   -0.925336   -0.843343   -0.756899   -0.667458   -0.571777   -0.475362   -0.379334   -0.256911   -0.10361   -4.07132e-08   0.10361   0.256912   0.37932   0.475351   0.57177   0.667456   0.756906   0.843362   0.925376   0.995084   1.01563   0.935515   
0.0329734   0.0256456   0.0201817   0.0162144   0.0128742   0.0110689   0.00989305   0.00905258   0.00855682   0.00805307   0.00786435   0.00805304   0.00855664   0.00905235   0.00989285   0.0110688   0.0128741   0.0162142   0.0201822   0.0256485   0.0329748   0.0442557   0.0656598   
-0.014874   -0.011002   -0.00765977   -0.00447887   -0.00162431   0.000699525   0.00336183   0.00612802   0.00315106   -0.0043577   1.72723e-08   0.00435781   -0.00315133   -0.00612537   -0.0033596   -0.000697945   0.00162474   0.00447734   0.00765548   0.0109935   0.0148574   0.0199085   0.0122926   

250000
-10   -9   -8   -7   -6   -5   -4   -3   -2   -1   0   1   2   3   4   5   6   7   8   9   10   11   12   13   
-0.995668   -0.925594   -0.842963   -0.757429   -0.667604   -0.571932   -0.475375   -0.379276   -0.254195   -0.102637   2.56873e-10   0.102636   0.254196   0.379262   0.475364   0.571924   0.667602   0.757437   0.842988   0.925641   0.995755   1.02763   0.972444   0.593745   
0.0325862   0.0255039   0.0202052   0.0160781   0.0127967   0.0109875   0.0098235   0.00898827   0.00848202   0.00797943   0.00779228   0.0079794   0.00848185   0.00898804   0.00982332   0.0109874   0.0127965   0.0160779   0.0202049   0.0255039   0.0325876   0.0426159   0.0594163   0.0603838   
-0.0148282   -0.0109643   -0.00764626   -0.00439643   -0.00157046   0.000750491   0.00338818   0.00612835   0.00262487   -0.00450131   -9.05119e-11   0.00450141   -0.00262535   -0.0061257   -0.00338595   -0.000748878   0.00157089   0.00439495   0.00764165   0.0109555   0.0148111   0.0193865   0.0173558   0.0208709   

255000
-10   -9   -8   -7   -6   -5   -4   -3   -2   0   1   2   3   4   5   6   7   8   9   10   11   12   13   
-0.996645   -0.926323   -0.8439   -0.757902   -0.667726   -0.572049   -0.475368   -0.379209   -0.251373   -1.51415e-09   0.101874   0.251375   0.379195   0.475357   0.572042   0.667724   0.75791   0.843924   0.926369   0.996733   0.838046   0.986822   0.64028   
0.0321827   0.0251963   0.0199849   0.0159504   0.0127247   0.010913   0.0097595   0.0089289   0.00841239   0.0077276   0.00791179   0.00841221   0.00892864   0.00975924   0.0109128   0.0127245   0.0159502   0.0199847   0.0251964   0.0321839   0.0180434   0.0574034   0.0529496   
-0.0147356   -0.0109026   -0.00754579   -0.00431532   -0.0015189   0.000797392   0.00341174   0.0061273   0.00207616   9.24483e-10   0.00460661   -0.00207673   -0.00612467   -0.00340951   -0.000795769   0.00151935   0.0043137   0.00754128   0.0108939   0.0147187   0.0335256   0.0191822   0.0270713   

260000
-10   -9   -8   -7   -6   -5   -4   -3   -2   -1   0   1   2   3   4   5   6   7   8   9   10   11   12   
-0.997879   -0.927028   -0.844715   -0.758337   -0.667823   -0.572139   -0.475344   -0.379131   -0.248987   -0.101577   -3.52168e-10   0.101577   0.248988   0.379117   0.475333   0.572131   0.667821   0.758344   0.844738   0.927074   0.997968   1.03272   0.725789   
0.0317457   0.0249311   0.0197922   0.0158293   0.0126582   0.0108442   0.00970053   0.00887481   0.00834456   0.00783826   0.00766957   0.00783824   0.00834441   0.00887456   0.00970034   0.010844   0.012658   0.0158292   0.019792   0.0249313   0.0317466   0.0422448   0.0339188   
-0.0146053   -0.0108328   -0.00745162   -0.00423511   -0.00146984   0.000841175   0.00343311   0.00612497   0.00161632   -0.00460389   9.16599e-11   0.00460398   -0.00161648   -0.00612232   -0.00343089   -0.000839582   0.0014703   0.00423368   0.00744719   0.0108239   0.0145883   0.0188367   0.036292   

265000
-10   -9   -8   -7   -5   -4   -3   -2   -1   0   1   2   3   4   5   6   7   8   9   10   11   12   
-0.999301   -0.927712   -0.845456   -0.758734   -0.572201   -0.475319   -0.379124   -0.246601   -0.101096   2.35872e-09   0.101096   0.246602   0.37911   0.475307   0.572193   0.667887   0.758741   0.845478   0.927758   0.99939   1.03002   0.979688   
0.0312785   0.0246884   0.0196153   0.0157149   0.0107809   0.00964492   0.00881385   0.00828038   0.00776894   0.00761563   0.00776892   0.00828025   0.00881363   0.00964476   0.0107807   0.0125978   0.0157147   0.0196152   0.0246887   0.0312789   0.0424725   0.0580528   
-0.0144442   -0.0107549   -0.00736   -0.00415651   0.000881773   0.00345433   0.00613621   0.001156   -0.00463921   -4.91883e-10   0.00463927   -0.00115632   -0.00613351   -0.00345207   -0.00088017   0.00142463   0.00415512   0.00735562   0.0107461   0.0144272   0.0188835   0.0182009   

270000
-10   -9   -8   -7   -6   -5   -4   -3   -2   -1   0   1   2   3   4   5   6   7   8   9   10   11   12   
-1.0008   -0.92839   -0.846142   -0.759087   -0.668098   -0.572233   -0.475425   -0.379147   -0.244131   -0.100534   4.10048e-11   0.100534   0.244133   0.379133   0.475413   0.572225   0.668096   0.759094   0.846164   0.928436   1.00089   1.03039   0.979022   
0.0307967   0.0244554   0.0194486   0.0156085   0.0125201   0.0107235   0.00957504   0.00875063   0.00821981   0.00770492   0.00755424   0.00770491   0.00821969   0.0087504   0.00957489   0.0107234   0.0125199   0.0156083   0.0194485   0.0244556   0.0307972   0.0418657   0.0578873   
-0.0142632   -0.0106684   -0.00726798   -0.00408106   -0.00137293   0.000918996   0.00349257   0.00615294   0.000677834   -0.00469293   -1.07582e-11   0.00469299   -0.000678221   -0.00615031   -0.00349031   -0.000917338   0.00137341   0.00407968   0.00726364   0.0106596   0.0142461   0.0189417   0.0177001   

275000
-10   -9   -8   -7   -6   -5   -4   -3   -2   -1   0   1   2   3   4   5   6   7   8   9   10   11   12   
-1.00198   -0.929071   -0.846797   -0.759361   -0.66828   -0.572244   -0.475501   -0.379154   -0.241646   -0.100372   1.74231e-08   0.100371   0.241648   0.37914   0.47549   0.572236   0.668278   0.759367   0.846818   0.929116   1.00207   1.03095   0.97868   
0.0303543   0.0242254   0.0192873   0.0155156   0.0124475   0.0106711   0.0095108   0.00869228   0.00816283   0.00764615   0.00749948   0.00764613   0.0081627   0.00869197   0.00951063   0.0106709   0.0124474   0.0155155   0.0192872   0.0242257   0.0303545   0.0414405   0.057788   
-0.0141003   -0.0105731   -0.0071736   -0.00401253   -0.00132363   0.000953702   0.00352657   0.00616676   0.000195824   -0.00467735   -3.44099e-09   0.00467742   -0.000196265   -0.00616406   -0.00352433   -0.000952053   0.00132412   0.00401124   0.00716931   0.0105645   0.0140835   0.0189618   0.0173389   

280000
-10   -9   -8   -7   -6   -5   -4   -3   -2   -1   0   1   2   3   4   5   6   7   8   9   10   11   12   13   
-1.00315   -0.92976   -0.847431   -0.759543   -0.668437   -0.572382   -0.475559   -0.379147   -0.239854   -0.100155   1.20054e-09   0.100155   0.239853   0.379133   0.475548   0.572374   0.668435   0.759549   0.847452   0.929804   1.00324   1.03174   0.978796   0.83053   
0.0299284   0.0239964   0.0191295   0.0154385   0.01238   0.0106055   0.00945102   0.00863821   0.00809826   0.00759161   0.00745021   0.0075916   0.00809814   0.00863797   0.00945082   0.0106054   0.0123799   0.0154384   0.0191293   0.0239965   0.0299287   0.0410909   0.0576691   0.107495   
-0.0139286   -0.0104711   -0.00707649   -0.00395326   -0.00127621   0.000999578   0.00355804   0.00617802   -0.000138105   -0.00467237   -2.58702e-10   0.00467243   0.000138069   -0.00617533   -0.00355575   -0.000997901   0.00127672   0.00395199   0.00707223   0.0104623   0.0139113   0.0189573   0.0170884   -0.0193118   

285000
-10   -9   -8   -7   -6   -5   -4   -3   -2   -1   0   1   2   3   4   5   6   7   8   9   10   11   12   
-1.00426   -0.93045   -0.848047   -0.759622   -0.66857   -0.572524   -0.475599   -0.379127   -0.237972   -0.0999147   -2.15582e-09   0.0999145   0.237972   0.379113   0.475588   0.572516   0.668567   0.759628   0.848067   0.930495   1.00434   1.03286   0.979578   
0.0295489   0.0237693   0.0189752   0.0153794   0.0123172   0.0105411   0.00939533   0.00858841   0.00803492   0.00753478   0.00740624   0.00753477   0.00803481   0.00858817   0.00939515   0.010541   0.0123171   0.0153794   0.0189751   0.0237694   0.0295495   0.0407552   0.0574732   
-0.0137546   -0.0103646   -0.00697729   -0.00390555   -0.00123082   0.00104524   0.00358686   0.00618731   -0.000490617   -0.00466213   5.44753e-10   0.00466218   0.000490432   -0.0061846   -0.00358463   -0.00104359   0.00123134   0.00390432   0.00697307   0.0103558   0.013738   0.0189273   0.0169577   

290000
-10   -9   -8   -7   -6   -5   -4   -3   -2   -1   0   1   2   3   4   5   6   7   8   9   10   11   12   13   
-1.00512   -0.931149   -0.848632   -0.759729   -0.668679   -0.572637   -0.475621   -0.379097   -0.236055   -0.0997732   1.34971e-08   0.099773   0.236056   0.379083   0.47561   0.572629   0.668677   0.759736   0.848653   0.931193   1.0052   1.03441   0.981322   0.898957   
0.0292588   0.0235438   0.0188266   0.0153199   0.0122591   0.0104818   0.00934358   0.00854262   0.0079751   0.00747723   0.00735731   0.00747723   0.00797499   0.00854236   0.00934342   0.0104816   0.0122589   0.0153197   0.0188264   0.0235438   0.0292601   0.0403915   0.0571359   0.0887235   
-0.0135966   -0.0102513   -0.00687764   -0.00386318   -0.00118759   0.00108787   0.00361335   0.0061951   -0.000851148   -0.00463057   -4.0761e-09   0.00463062   0.000850933   -0.00619239   -0.00361109   -0.00108622   0.00118811   0.00386189   0.0068735   0.0102426   0.0135801   0.0188683   0.0169588   -0.0066146   

295000
-10   -9   -8   -7   -6   -5   -4   -3   -2   -1   0   1   2   3   4   5   6   7   8   9   10   11   12   13   18   
-1.00551   -0.931842   -0.849178   -0.760207   -0.668771   -0.572726   -0.475628   -0.379063   -0.234225   -0.0998355   2.13273e-09   0.0998357   0.234224   0.379048   0.475617   0.572718   0.668768   0.760213   0.849198   0.931886   1.00559   1.03649   0.984464   0.897952   0.514318   
0.0291259   0.0233231   0.0186856   0.0152071   0.0122048   0.010427   0.00929603   0.00850027   0.00791825   0.00742393   0.00730764   0.00742393   0.00791816   0.00850002   0.00929585   0.0104269   0.0122046   0.0152069   0.0186854   0.0233231   0.0291287   0.0399689   0.0565814   0.0891413   0.165567   
-0.0134776   -0.0101334   -0.0067795   -0.0037981   -0.00114618   0.0011279   0.00363775   0.00620273   -0.00119404   -0.0045695   -3.915e-10   0.00456946   0.00119434   -0.00620002   -0.00363552   -0.00112624   0.0011467   0.00379684   0.00677538   0.0101248   0.0134616   0.0187767   0.0171292   -0.00722494   -0.0321659   

300000
-10   -9   -8   -7   -6   -5   -4   -3   -2   -1   0   1   2   3   4   5   6   7   8   9   10   11   12   13   16   
-1.00505   -0.932508   -0.849658   -0.760624   -0.668849   -0.572794   -0.475624   -0.379102   -0.233   -0.0998031   6.82948e-10   0.099803   0.233   0.379088   0.475613   0.572786   0.668847   0.760629   0.849677   0.932551   1.00513   1.03922   0.989811   0.683744   0.465798   
0.0292674   0.0231128   0.0185568   0.0151038   0.012154   0.0103763   0.0092517   0.00844893   0.00786352   0.0073746   0.00726312   0.00737458   0.00786342   0.00844872   0.00925151   0.0103761   0.0121539   0.0151036   0.0185568   0.0231128   0.0292726   0.0394623   0.0556849   0.0463792   0.139193   
-0.0134322   -0.0100141   -0.00668625   -0.0037364   -0.00110637   0.00116561   0.00366083   0.00622252   -0.00140991   -0.00452597   -1.98785e-10   0.004526   0.00140996   -0.00621977   -0.0036586   -0.00116394   0.00110692   0.00373538   0.00668222   0.0100055   0.013417   0.0186458   0.0175383   0.0309359   -0.0223443   

305000
-10   -9   -8   -7   -6   -5   -4   -3   -2   -1   0   1   2   3   4   5   7   8   9   10   11   12   13   
-1.00399   -0.933108   -0.850039   -0.760998   -0.668918   -0.572847   -0.475675   -0.379152   -0.231567   -0.0997247   -8.47223e-10   0.0997246   0.231567   0.379138   0.475664   0.572839   0.761004   0.850058   0.933151   1.00407   1.04267   0.99926   0.898617   
0.0295829   0.0229215   0.0184463   0.0150071   0.0121059   0.0103292   0.00920244   0.00839758   0.00781208   0.00732921   0.00722353   0.00732921   0.00781202   0.00839735   0.00920232   0.010329   0.0150069   0.0184463   0.0229217   0.029583   0.0388527   0.0541716   0.0892616   
-0.0134616   -0.00989817   -0.00660256   -0.00367739   -0.00106838   0.0012016   0.00369049   0.00624372   -0.00167037   -0.00449111   2.20974e-10   0.00449114   0.0016703   -0.00624097   -0.00368823   -0.00119996   0.00367616   0.00659859   0.00988963   0.0134461   0.0184695   0.0183215   -0.00778275   

310000
-10   -9   -8   -7   -6   -5   -4   -3   -2   -1   0   1   2   3   4   5   6   7   8   9   10   11   12   
-1.00497   -0.933597   -0.850263   -0.761346   -0.66909   -0.572883   -0.47578   -0.379187   -0.230048   -0.0996763   -1.76134e-09   0.0996762   0.230048   0.379173   0.475769   0.572875   0.669087   0.761353   0.850281   0.933639   1.00506   1.04684   1.01997   
0.029192   0.0227597   0.0183642   0.014915   0.0120442   0.0102857   0.00914771   0.00835014   0.00776343   0.00728762   0.00718839   0.00728761   0.00776335   0.00834992   0.00914754   0.0102855   0.012044   0.0149148   0.0183643   0.0227599   0.0291924   0.0381341   0.051167   
-0.0133976   -0.00979185   -0.00653575   -0.00361943   -0.0010263   0.00123546   0.0037262   0.00626259   -0.00194969   -0.0044537   4.33248e-10   0.00445372   0.00194955   -0.00625984   -0.00372393   -0.00123378   0.00102687   0.00361815   0.0065319   0.00978339   0.0133819   0.0182398   0.0199546   

315000
-10   -9   -8   -7   -6   -5   -4   -3   -2   -1   0   1   2   3   4   5   6   7   8   9   10   11   12   
-1.00594   -0.933893   -0.850219   -0.761668   -0.669239   -0.57293   -0.475866   -0.379211   -0.22849   -0.0998088   5.61427e-09   0.0998087   0.22849   0.379196   0.475855   0.572922   0.669236   0.761674   0.850236   0.933933   1.00602   1.05157   1.03275   
0.0288622   0.0226454   0.018328   0.0148276   0.0119866   0.0102423   0.00909663   0.00830604   0.00771723   0.00724368   0.0071469   0.00724367   0.00771715   0.0083058   0.00909645   0.0102422   0.0119865   0.0148274   0.0183284   0.022646   0.0288629   0.0373294   0.0493385   
-0.013329   -0.00970525   -0.00649794   -0.003563   -0.000985877   0.0012697   0.0037594   0.00627965   -0.00223802   -0.0043855   -7.15877e-10   0.00438552   0.00223784   -0.00627689   -0.00375715   -0.00126797   0.000986524   0.00356185   0.0064943   0.00969701   0.0133131   0.0179574   0.0206433   

320000
-10   -9   -7   -6   -5   -4   -3   -2   -1   0   1   2   3   4   5   6   7   9   10   11   12   13   
-1.00687   -0.933864   -0.761972   -0.669371   -0.573075   -0.475936   -0.379226   -0.227488   -0.0999333   1.68818e-10   0.0999332   0.227487   0.379212   0.475925   0.573066   0.669368   0.761978   0.933901   1.00696   1.05486   1.03766   0.956963   
0.0285742   0.0226094   0.0147434   0.0119325   0.0101881   0.00904906   0.00826473   0.0076662   0.00719735   0.00710459   0.00719734   0.00766612   0.00826441   0.00904889   0.0101879   0.0119323   0.0147432   0.0226105   0.028575   0.0366626   0.0487874   0.0760403   
-0.013257   -0.00965435   -0.00350763   -0.000946972   0.00131187   0.00379037   0.00629546   -0.00240815   -0.0043112   -4.43198e-11   0.00431121   0.0024083   -0.00629269   -0.00378811   -0.00131013   0.000947556   0.00350649   0.0096463   0.0132412   0.0177269   0.0209457   0.00223864   

325000
-10   -8   -7   -6   -5   -4   -3   -2   -1   0   1   2   3   4   5   6   7   8   9   10   11   12   13   
-1.00778   -0.850506   -0.762261   -0.669491   -0.573196   -0.475992   -0.379236   -0.226498   -0.100018   -6.3266e-10   0.100018   0.226498   0.379221   0.475981   0.573188   0.669488   0.762266   0.850527   0.933329   1.00787   1.05803   1.03493   0.975801   
0.0283127   0.0182145   0.0146623   0.0118813   0.0101377   0.00900436   0.00822629   0.00761418   0.00715497   0.00706661   0.00715497   0.00761412   0.00822604   0.00900412   0.0101375   0.0118811   0.0146621   0.0182142   0.0227094   0.0283136   0.0360399   0.0492951   0.0718108   
-0.0131815   -0.00642323   -0.00345324   -0.00090914   0.00135163   0.00381972   0.00631058   -0.00257601   -0.00424474   1.08544e-10   0.00424476   0.00257604   -0.00630782   -0.00381744   -0.00134997   0.000909743   0.00345215   0.00641924   0.00965634   0.0131656   0.0174851   0.0209332   0.0060574   

330000
-10   -9   -8   -7   -6   -5   -4   -3   -2   -1   0   1   2   3   4   5   6   7   8   9   10   11   12   
-1.00867   -0.933482   -0.851253   -0.762526   -0.669598   -0.5733   -0.476036   -0.379238   -0.225367   -0.100085   -1.97944e-09   0.100085   0.225368   0.379224   0.476025   0.573292   0.669595   0.762531   0.851273   0.933527   1.00876   1.06065   1.03169   
0.0280668   0.0226497   0.0180651   0.0145855   0.0118329   0.0100906   0.00896242   0.00819053   0.00756518   0.00711624   0.00703261   0.00711623   0.00756512   0.00819027   0.00896219   0.0100905   0.0118327   0.0145854   0.0180649   0.0226494   0.0280677   0.0355654   0.0495938   
-0.0131016   -0.00963242   -0.00633836   -0.00340063   -0.000872647   0.00138952   0.00384736   0.0063248   -0.00277471   -0.00418329   4.91449e-10   0.0041833   0.00277466   -0.00632203   -0.00384508   -0.00138779   0.000873258   0.00339953   0.00633445   0.00962401   0.0130858   0.0172608   0.0207106   

335000
-10   -9   -8   -7   -6   -5   -4   -2   -1   0   1   2   3   4   5   6   7   8   9   10   11   12   13   
-1.00957   -0.934391   -0.851932   -0.762763   -0.669689   -0.57339   -0.476072   -0.224165   -0.100238   -4.23359e-09   0.100238   0.224165   0.37922   0.47606   0.573381   0.669686   0.762768   0.851951   0.934434   1.00965   1.06191   1.03245   0.683324   
0.0278284   0.0224334   0.0179275   0.0145139   0.0117876   0.0100466   0.00892319   0.00751869   0.00707871   0.00700216   0.00707867   0.00751863   0.00815739   0.008923   0.0100465   0.0117874   0.0145137   0.0179273   0.0224331   0.0278293   0.0353764   0.0491687   0.0459156   
-0.0130164   -0.00954313   -0.00625841   -0.00335039   -0.000837639   0.0014258   0.0038739   -0.00298987   -0.00411861   1.17321e-09   0.0041186   0.00298979   -0.00633564   -0.00387163   -0.00142407   0.000838271   0.00334934   0.00625458   0.00953482   0.0130007   0.0171056   0.0204886   0.0292925   

340000
-10   -9   -8   -7   -6   -5   -4   -3   -2   -1   1   2   3   4   5   6   7   8   9   10   11   12   
-1.01047   -0.935239   -0.852552   -0.762967   -0.669766   -0.573465   -0.476097   -0.379308   -0.223237   -0.100356   0.100356   0.223236   0.379293   0.476085   0.573457   0.669763   0.762972   0.852571   0.935281   1.01055   1.06122   1.03319   
0.0275928   0.0222375   0.0177993   0.0144482   0.0117453   0.0100054   0.00888642   0.00811419   0.00747423   0.0070445   0.00704449   0.00747419   0.00811401   0.00888624   0.0100052   0.0117451   0.0144481   0.0177991   0.0222373   0.0275936   0.035594   0.0488689   
-0.0129254   -0.0094567   -0.00618174   -0.00330346   -0.000804181   0.00146061   0.00389912   0.0063629   -0.00314738   -0.00405811   0.00405812   0.0031476   -0.0063601   -0.00389682   -0.00145888   0.000804808   0.00330244   0.00617797   0.00944865   0.0129098   0.017057   0.0203271   

345000
-10   -9   -8   -7   -6   -5   -4   -3   -2   -1   0   1   2   3   4   5   6   7   8   9   10   11   12   13   
-1.01138   -0.936035   -0.853131   -0.763136   -0.669832   -0.573524   -0.476112   -0.379376   -0.222519   -0.100451   4.09267e-10   0.100451   0.222518   0.379361   0.476101   0.573516   0.669829   0.763141   0.85315   0.936077   1.01146   1.05874   1.03391   0.969106   
0.0273567   0.0220567   0.0176776   0.014389   0.0117055   0.00996727   0.00885209   0.00807263   0.00743198   0.00701341   0.00693801   0.00701341   0.00743192   0.00807242   0.00885189   0.00996709   0.0117053   0.0143888   0.0176774   0.0220567   0.0273574   0.0361181   0.0486327   0.0731615   
-0.0128283   -0.00937237   -0.00610691   -0.00326016   -0.000771944   0.00149365   0.00392306   0.00638647   -0.00326068   -0.00400024   -7.91003e-11   0.00400024   0.00326081   -0.00638367   -0.0039208   -0.00149188   0.000772588   0.0032591   0.00610318   0.00936427   0.0128128   0.0171172   0.0202052   0.00394335   

350000
-10   -9   -8   -7   -6   -5   -4   -3   -2   -1   0   1   2   3   4   5   7   8   9   10   11   12   13   14   
-1.01231   -0.936794   -0.85368   -0.763266   -0.669892   -0.573567   -0.476193   -0.379434   -0.221636   -0.100593   -2.73512e-10   0.100593   0.221636   0.379419   0.476181   0.573559   0.76327   0.853698   0.936833   1.0124   1.05993   1.03468   0.969176   0.889773   
0.027118   0.0218868   0.0175606   0.0143371   0.0116677   0.00993229   0.00881067   0.00803375   0.00739176   0.00697891   0.00690264   0.00697891   0.00739171   0.00803345   0.00881049   0.00993211   0.014337   0.0175604   0.0218869   0.0271185   0.0356591   0.0484261   0.0732712   0.108084   
-0.0127246   -0.00928819   -0.00603306   -0.00322138   -0.000740945   0.00152478   0.00395397   0.00640858   -0.00340953   -0.00392768   6.7131e-11   0.00392769   0.00340956   -0.00640576   -0.00395167   -0.00152303   0.00322041   0.00602938   0.0092806   0.0127089   0.0170758   0.0201142   0.00347961   -0.019442   

355000
-10   -9   -8   -7   -6   -4   -3   -2   -1   0   1   2   3   4   6   7   8   9   10   11   12   16   
-1.01328   -0.937524   -0.854206   -0.763347   -0.670034   -0.476293   -0.379485   -0.220666   -0.100769   -1.09823e-09   0.100769   0.220666   0.37947   0.476282   0.670031   0.763351   0.854223   0.937565   1.01336   1.06109   1.03558   0.464486   
0.0268755   0.0217242   0.0174473   0.0142939   0.0116182   0.00876745   0.00799731   0.00735354   0.0069428   0.00687082   0.00694285   0.00735352   0.00799708   0.00876728   0.0116181   0.0142938   0.0174471   0.0217241   0.026876   0.0352856   0.0482255   0.139206   
-0.0126137   -0.00920368   -0.00595972   -0.00318846   -0.000706233   0.0039868   0.00642967   -0.00357749   -0.00385198   2.77425e-10   0.00385197   0.00357749   -0.00642686   -0.0039845   0.000706928   0.0031875   0.00595609   0.00919566   0.0125982   0.0170284   0.0200506   -0.0231152   

360000
-10   -9   -8   -7   -6   -5   -4   -3   -2   -1   0   1   2   3   4   5   6   7   8   9   10   11   12   13   
-1.01424   -0.938234   -0.854713   -0.76337   -0.670169   -0.57371   -0.476381   -0.379528   -0.219642   -0.100952   -2.29813e-09   0.100952   0.219642   0.379513   0.476369   0.573702   0.670166   0.763374   0.854731   0.938274   1.01432   1.06222   0.809633   0.969644   
0.0266371   0.0215666   0.0173368   0.0142612   0.0115705   0.00985778   0.0087268   0.00796305   0.0073174   0.00690784   0.00684245   0.00690784   0.00731735   0.00796279   0.00872664   0.00985764   0.0115703   0.0142612   0.0173367   0.0215665   0.0266375   0.0349697   0.0236714   0.0733813   
-0.0125023   -0.00911808   -0.0058867   -0.00316331   -0.000672254   0.00159022   0.00401796   0.00644973   -0.00375717   -0.00378365   9.62543e-10   0.00378361   0.00375715   -0.0064469   -0.00401566   -0.00158844   0.000672922   0.00316236   0.00588311   0.00911012   0.0124868   0.016977   0.0345391   0.00285369   

365000
-10   -9   -8   -7   -6   -5   -4   -3   -2   -1   0   1   2   3   4   5   6   7   8   9   10   11   12   13   14   
-1.0152   -0.938935   -0.855208   -0.763549   -0.67029   -0.573833   -0.476457   -0.378243   -0.218896   -0.101113   4.2117e-10   0.101113   0.218895   0.378249   0.476446   0.573825   0.670286   0.763554   0.855225   0.938975   1.01528   1.06331   1.03803   0.97017   0.494113   
0.0263991   0.0214122   0.0172289   0.0142054   0.0115256   0.00981512   0.00868846   0.00792802   0.00727818   0.00687598   0.00681715   0.00687597   0.00727813   0.00792782   0.00868831   0.00981497   0.0115255   0.0142052   0.0172287   0.0214122   0.0263994   0.0346927   0.0477686   0.073357   0.0941855   
-0.012387   -0.00903165   -0.00581394   -0.00312826   -0.000639598   0.0016266   0.0040477   0.00619382   -0.00387862   -0.00371765   -2.27108e-11   0.00371765   0.00387879   -0.00619526   -0.00404539   -0.00162482   0.000640274   0.00312727   0.00581042   0.00902374   0.0123715   0.0169239   0.0199943   0.0026637   -0.00280237   

370000
-10   -9   -8   -7   -6   -5   -4   -3   -2   -1   0   1   2   3   4   5   6   7   8   9   10   11   12   13   
-1.01618   -0.939634   -0.855688   -0.763881   -0.670398   -0.573942   -0.476524   -0.376588   -0.218379   -0.101259   2.00273e-09   0.101259   0.218378   0.376593   0.476513   0.573933   0.670394   0.763886   0.855705   0.939674   1.01626   1.0644   1.03972   0.970993   
0.0261614   0.0212598   0.0171236   0.0141257   0.0114832   0.009775   0.0086523   0.00789425   0.00723617   0.006847   0.0067949   0.00684699   0.00723617   0.00789406   0.00865213   0.00977486   0.011483   0.0141255   0.0171234   0.0212597   0.0261616   0.0344393   0.0474862   0.0732614   
-0.0122671   -0.00894365   -0.00574171   -0.00308068   -0.000607982   0.00166149   0.00407631   0.00586301   -0.00395147   -0.00365351   -2.52765e-11   0.00365351   0.00395156   -0.00586432   -0.004074   -0.00165968   0.000608668   0.00307971   0.00573824   0.00893576   0.0122516   0.0168661   0.0200022   0.00255358   

375000
-10   -9   -8   -7   -6   -5   -4   -3   -2   -1   0   1   2   3   4   5   6   7   8   9   10   11   12   13   
-1.01716   -0.940332   -0.856151   -0.764185   -0.670496   -0.574039   -0.476582   -0.374985   -0.217724   -0.101392   -1.74186e-10   0.101392   0.217724   0.37499   0.476571   0.57403   0.670493   0.764189   0.856168   0.940371   1.01724   1.0655   1.04182   0.972209   
0.0259273   0.0211085   0.0170211   0.0140508   0.0114428   0.00973715   0.00861812   0.00786155   0.00719629   0.0068207   0.0067673   0.00682069   0.00719634   0.00786133   0.00861794   0.00973698   0.0114427   0.0140507   0.0170209   0.0211084   0.0259275   0.0341988   0.0471526   0.0730803   
-0.0121443   -0.00885329   -0.00567033   -0.00303519   -0.000577247   0.00169509   0.00410373   0.00554339   -0.00405405   -0.00359135   4.20327e-11   0.00359135   0.00405406   -0.00554467   -0.00410142   -0.00169329   0.00057795   0.00303425   0.0056669   0.00884549   0.0121289   0.0168031   0.0200351   0.0025306   

380000
-10   -9   -8   -7   -6   -5   -4   -3   -2   -1   0   1   2   3   4   5   6   7   8   9   10   11   12   13   
-1.01812   -0.941028   -0.856596   -0.764467   -0.670586   -0.574122   -0.476633   -0.373421   -0.216997   -0.101514   -4.68188e-11   0.101514   0.216997   0.373426   0.476622   0.574113   0.670582   0.764471   0.856612   0.941067   1.0182   1.06663   1.0444   0.973925   
0.0256993   0.0209583   0.016922   0.0139797   0.0114044   0.0097019   0.00858571   0.00783077   0.00715824   0.00679546   0.00673566   0.00679545   0.00715822   0.00783057   0.00858553   0.00970173   0.0114043   0.0139795   0.0169218   0.0209582   0.0256994   0.0339626   0.0467539   0.0727817   
-0.0120201   -0.00876077   -0.00560026   -0.0029912   -0.000547433   0.00172721   0.00413016   0.00523286   -0.00417243   -0.00353718   1.87889e-11   0.00353717   0.00417245   -0.00523408   -0.00412785   -0.00172541   0.000548136   0.00299029   0.00559687   0.00875302   0.0120049   0.0167351   0.020089   0.00260131   

385000
-10   -9   -8   -7   -6   -5   -4   -3   -2   0   2   3   4   5   6   7   8   9   10   11   12   13   
-1.01906   -0.941722   -0.857016   -0.764728   -0.670668   -0.574193   -0.476675   -0.37191   -0.216226   -7.07655e-09   0.216226   0.371915   0.476664   0.574185   0.670665   0.764733   0.857032   0.94176   1.01913   1.0678   1.04757   0.976276   
0.025481   0.0208094   0.0168272   0.0139121   0.0113678   0.00966882   0.00855526   0.00780027   0.00712187   0.00670727   0.00712181   0.00780009   0.00855507   0.00966864   0.0113676   0.0139119   0.016827   0.0208092   0.0254812   0.0337246   0.0462795   0.0723473   
-0.0118967   -0.00866642   -0.00553238   -0.00294866   -0.000518483   0.00175809   0.00415558   0.00493317   -0.00430083   1.16081e-09   0.00430084   -0.00493431   -0.00415327   -0.00175628   0.000519196   0.00294769   0.00552903   0.00865882   0.0118816   0.0166607   0.0201667   0.0027851   

390000
-10   -9   -8   -7   -6   -5   -4   -3   -2   -1   0   1   2   3   4   5   6   7   8   9   10   11   12   13   
-1.01993   -0.942413   -0.857409   -0.764974   -0.670741   -0.574256   -0.476708   -0.370442   -0.215624   -0.101805   -7.86346e-10   0.101805   0.215623   0.370447   0.476696   0.574247   0.670738   0.764979   0.857425   0.942451   1.02001   1.06904   1.05142   0.979445   
0.0252777   0.0206619   0.0167373   0.0138472   0.011333   0.00963761   0.00852697   0.00777028   0.0070872   0.006741   0.0066816   0.00674099   0.00708717   0.00777009   0.00852677   0.00963744   0.0113329   0.0138471   0.0167371   0.0206618   0.0252779   0.0334803   0.0457151   0.0717435   
-0.0117772   -0.00857066   -0.00546715   -0.00290714   -0.00049047   0.0017879   0.00417987   0.00464247   -0.00439353   -0.00342597   1.74738e-10   0.00342596   0.00439368   -0.00464361   -0.00417756   -0.00178608   0.000491188   0.00290626   0.00546385   0.00856311   0.0117622   0.0165783   0.0202634   0.00310635   

395000
-10   -9   -8   -7   -6   -5   -4   -3   -2   -1   0   1   2   3   4   5   6   7   8   9   10   11   12   13   
-1.02071   -0.943096   -0.857765   -0.765209   -0.670806   -0.574312   -0.476733   -0.369044   -0.215206   -0.101985   2.35749e-09   0.101985   0.215205   0.369048   0.476722   0.574303   0.670802   0.765213   0.857782   0.943134   1.02079   1.07034   1.05607   0.983705   
0.0250955   0.0205171   0.0166536   0.0137845   0.0113002   0.00960814   0.00850042   0.0077347   0.00705447   0.00671263   0.00665855   0.00671262   0.00705445   0.00773452   0.00850022   0.00960795   0.0113   0.0137843   0.0166535   0.0205169   0.0250959   0.0332269   0.0450487   0.0709113   
-0.0116653   -0.00847439   -0.00540596   -0.00286636   -0.000463471   0.0018168   0.00420321   0.00436294   -0.0044472   -0.00335911   -2.40577e-10   0.0033591   0.00444729   -0.0043639   -0.0042009   -0.00181498   0.000464199   0.0028655   0.00540258   0.00846683   0.0116506   0.0164884   0.0203766   0.00359987   

400000
-10   -9   -8   -7   -6   -5   -4   -3   -2   -1   0   1   2   3   4   5   6   7   8   9   10   11   12   13   
-1.02135   -0.943766   -0.858067   -0.765434   -0.67086   -0.57436   -0.476805   -0.367741   -0.214686   -0.102155   -4.921e-10   0.102155   0.214686   0.367744   0.476793   0.574351   0.670856   0.765438   0.858082   0.943803   1.02143   1.07172   1.06159   0.989493   
0.0249426   0.0203755   0.0165793   0.0137236   0.0112695   0.00958033   0.00846856   0.00769914   0.00702323   0.00668676   0.00663787   0.00668675   0.00702319   0.00769896   0.00846844   0.00958014   0.0112694   0.0137234   0.0165793   0.0203753   0.0249433   0.0329628   0.0442721   0.069776   
-0.0115662   -0.00837819   -0.00535049   -0.00282626   -0.000437701   0.00184469   0.00423096   0.00410302   -0.00452275   -0.003294   1.22117e-10   0.00329399   0.00452281   -0.004104   -0.00422859   -0.00184287   0.000438439   0.00282541   0.00534735   0.00837071   0.0115517   0.0163902   0.0204983   0.00432371   

405000
-10   -9   -8   -7   -5   -4   -3   -2   -1   0   1   2   3   4   5   7   8   9   10   11   12   13   
-1.02178   -0.944418   -0.858286   -0.765649   -0.574402   -0.476905   -0.366447   -0.214106   -0.102315   -4.90422e-10   0.102315   0.214106   0.366451   0.476893   0.574393   0.765653   0.8583   0.944454   1.02185   1.07318   1.06796   0.99771   
0.0248318   0.0202383   0.0165185   0.0136647   0.00955398   0.00843338   0.00766529   0.0069934   0.00666332   0.00661952   0.00666331   0.00699337   0.00766513   0.00843323   0.00955379   0.0136645   0.0165185   0.0202381   0.0248328   0.0326868   0.0433923   0.068158   
-0.011487   -0.00828315   -0.00530375   -0.00278694   0.00187163   0.00426135   0.00384562   -0.00461134   -0.0032305   1.22563e-10   0.00323048   0.00461138   -0.00384661   -0.00425901   -0.00186979   0.0027861   0.00530068   0.00827573   0.0114728   0.0162826   0.0206072   0.00542386   

410000
-10   -9   -8   -7   -6   -5   -4   -3   -2   -1   0   1   2   4   5   6   7   8   9   10   11   12   13   18   
-1.02191   -0.945039   -0.858413   -0.765851   -0.671025   -0.574513   -0.476995   -0.365161   -0.21349   -0.102446   -4.2017e-10   0.102446   0.21349   0.476984   0.574504   0.671022   0.765855   0.858427   0.945074   1.02198   1.07469   1.07275   1.00995   0.50387   
0.0247791   0.0201077   0.0164728   0.0136081   0.0112011   0.00951873   0.00840012   0.00763291   0.00696514   0.0066389   0.00660108   0.0066389   0.00696512   0.00839996   0.00951862   0.011201   0.0136079   0.0164729   0.0201075   0.0247808   0.0323997   0.0426893   0.0657765   0.165686   
-0.011437   -0.00819077   -0.00526733   -0.00274865   -0.000384415   0.00190362   0.00429054   0.00359005   -0.00470761   -0.00318186   9.70658e-11   0.00318185   0.00470763   -0.00428819   -0.00190176   0.000385155   0.00274782   0.00526431   0.00818359   0.0114231   0.016167   0.0206105   0.00712002   -0.0354845   

415000
-10   -9   -8   -7   -6   -5   -4   -3   -2   -1   0   1   2   3   4   5   6   7   8   9   10   11   12   13   14   
-1.02162   -0.945616   -0.858431   -0.76604   -0.671136   -0.574621   -0.477078   -0.363882   -0.212873   -0.102564   -2.74333e-09   0.102564   0.212873   0.363886   0.477066   0.574613   0.671133   0.766044   0.858444   0.94565   1.02168   1.07626   1.07771   1.02238   0.754331   
0.0248099   0.0199855   0.0164451   0.0135541   0.0111632   0.0094844   0.00836845   0.00760163   0.00693596   0.00661597   0.00657317   0.00661595   0.00693592   0.00760148   0.00836828   0.00948426   0.0111631   0.013554   0.0164453   0.0199854   0.0248127   0.0321027   0.0419681   0.0634258   0.15089   
-0.0114291   -0.00810257   -0.00524347   -0.00271171   -0.000356651   0.00193509   0.00431876   0.00333609   -0.00480488   -0.00313675   5.85935e-10   0.00313674   0.00480493   -0.00333713   -0.00431641   -0.0019333   0.000357423   0.00271093   0.0052405   0.00809547   0.011416   0.0160436   0.0205899   0.00871064   -0.040056   

420000
-10   -9   -8   -7   -6   -5   -4   -3   -2   -1   0   1   2   3   4   5   6   7   8   9   10   11   12   
-1.02069   -0.946128   -0.858304   -0.766214   -0.671239   -0.574721   -0.477154   -0.362654   -0.212571   -0.10268   5.26265e-10   0.10268   0.21257   0.362657   0.477142   0.574712   0.671236   0.766218   0.858317   0.946163   1.02074   1.07789   1.08262   
0.0249678   0.019875   0.0164412   0.013503   0.011127   0.00945177   0.0083383   0.00757127   0.00690247   0.00659519   0.00654794   0.00659519   0.00690243   0.00757113   0.00833814   0.00945162   0.0111268   0.0135029   0.0164414   0.019875   0.0249722   0.0317969   0.0412666   
-0.011483   -0.00802108   -0.00523657   -0.00267638   -0.000329643   0.0019656   0.00434608   0.00309297   -0.00483712   -0.00309075   -4.69013e-11   0.00309073   0.00483725   -0.0030937   -0.00434373   -0.00196374   0.000330437   0.00267561   0.00523368   0.00801395   0.0114703   0.0159125   0.0205561   

425000
-10   -9   -8   -7   -6   -5   -4   -3   -2   -1   0   1   2   3   4   5   6   7   8   9   10   11   12   13   14   18   
-1.02023   -0.946557   -0.857982   -0.766375   -0.671335   -0.574813   -0.477221   -0.361521   -0.212296   -0.102795   3.57953e-08   0.102795   0.212296   0.361524   0.47721   0.574804   0.671331   0.766378   0.857993   0.946591   1.02031   1.07935   0.826397   1.04158   0.753582   0.504232   
0.0250487   0.0197793   0.0164698   0.0134545   0.0110923   0.00942062   0.00830976   0.00754137   0.00687056   0.00657663   0.00652502   0.00657663   0.00687055   0.00754124   0.00830959   0.00942047   0.0110921   0.0134544   0.01647   0.0197794   0.0250484   0.0315106   0.0211496   0.0598445   0.151672   0.165531   
-0.0115109   -0.00794856   -0.00525287   -0.00264249   -0.000303364   0.00199531   0.00437248   0.00287019   -0.00486356   -0.00304387   -6.84574e-09   0.00304386   0.0048636   -0.00287097   -0.00437013   -0.00199344   0.000304158   0.00264171   0.00525015   0.00794156   0.0114962   0.0157892   0.0332172   0.0109641   -0.0400535   -0.035556   

430000
-10   -9   -8   -7   -6   -5   -4   -3   -2   -1   0   1   2   3   4   5   6   7   8   9   10   11   12   13   14   
-1.02132   -0.94687   -0.85836   -0.766523   -0.671424   -0.574897   -0.47728   -0.360379   -0.21195   -0.102909   -6.09725e-12   0.102908   0.21195   0.360383   0.477269   0.574889   0.67142   0.766526   0.858376   0.946902   1.02139   1.08087   1.09007   1.04587   0.888814   
0.0248356   0.0197038   0.0163908   0.0134086   0.011059   0.00939097   0.00828306   0.00751275   0.00684013   0.00656005   0.00650418   0.00656013   0.0068401   0.0075126   0.0082829   0.00939083   0.0110589   0.0134084   0.0163905   0.019704   0.0248355   0.0312185   0.0402278   0.0590003   0.110497   
-0.0114147   -0.00788896   -0.005205   -0.00261005   -0.000277759   0.00202415   0.00439793   0.00264568   -0.00490504   -0.00299625   -3.92278e-12   0.00299642   0.00490508   -0.0026465   -0.00439556   -0.00202236   0.000278548   0.0026093   0.00520173   0.00788209   0.0114001   0.0156595   0.0204695   0.0115801   -0.0229461   

435000
-10   -9   -8   -7   -6   -5   -4   -3   -2   -1   0   1   2   3   4   5   6   7   8   9   10   11   12   13   14   16   
-1.02235   -0.947011   -0.858898   -0.766657   -0.671506   -0.574975   -0.477332   -0.359233   -0.21156   -0.103096   -4.32443e-10   0.103096   0.21156   0.359236   0.477321   0.574966   0.671502   0.76666   0.858914   0.947041   1.02243   1.08244   1.09154   1.04608   0.772738   0.466353   
0.0246389   0.0196566   0.0162876   0.0133653   0.0110273   0.00936274   0.00825781   0.00748524   0.00681116   0.00653734   0.00648535   0.00653733   0.00681114   0.00748511   0.00825762   0.00936259   0.0110272   0.0133652   0.0162873   0.0196572   0.0246388   0.0309207   0.0400203   0.0588757   0.144732   0.13852   
-0.0113225   -0.00784798   -0.00514145   -0.00257929   -0.000252891   0.00205217   0.00442252   0.00242012   -0.00495574   -0.00293142   1.11838e-10   0.0029314   0.00495577   -0.00242099   -0.00442016   -0.00205031   0.000253747   0.00257856   0.00513829   0.00784146   0.0113081   0.0155225   0.0204366   0.0117316   -0.0381249   -0.0233639   

440000
-10   -9   -8   -7   -6   -5   -4   -3   -2   -1   0   1   2   3   4   5   6   7   8   9   10   11   12   13   14   
-1.02333   -0.946904   -0.859392   -0.766776   -0.67158   -0.575047   -0.477378   -0.358084   -0.211144   -0.103242   9.12886e-11   0.103242   0.211143   0.358088   0.477366   0.575038   0.671576   0.766779   0.859408   0.946932   1.02341   1.08403   1.09125   1.04369   0.966575   
0.0244561   0.0196501   0.0161911   0.0133251   0.0109972   0.00933585   0.00823396   0.0074588   0.00678348   0.00651362   0.00646862   0.00651362   0.00678344   0.00745866   0.00823377   0.00933569   0.0109971   0.013325   0.0161909   0.019651   0.0244561   0.0306234   0.0400454   0.0592132   0.0913671   
-0.0112341   -0.0078334   -0.0050819   -0.00255049   -0.000228817   0.00207943   0.00444632   0.00219413   -0.00501193   -0.00288185   1.10701e-11   0.00288183   0.00501198   -0.00219504   -0.00444397   -0.00207755   0.000229584   0.00254976   0.00507875   0.00782703   0.0112199   0.0153815   0.0204208   0.0115705   -0.0109858   

445000
-10   -9   -8   -7   -6   -5   -4   -3   -2   -1   0   1   2   3   4   5   6   7   8   9   10   11   12   
-1.02426   -0.94646   -0.859851   -0.766875   -0.671648   -0.575112   -0.477418   -0.356963   -0.210801   -0.103371   -9.70741e-10   0.103371   0.210801   0.356944   0.477406   0.575103   0.671644   0.766879   0.859866   0.946485   1.02434   1.0856   1.08934   
0.0242851   0.0196997   0.0161005   0.0132886   0.0109684   0.00931023   0.00821163   0.00743339   0.00675709   0.00649071   0.0064537   0.0064907   0.00675707   0.0074332   0.00821141   0.00931007   0.0109682   0.0132885   0.0161002   0.0197011   0.0242852   0.0303309   0.0402801   
-0.011149   -0.00785568   -0.0050255   -0.00252417   -0.00020535   0.00210594   0.00446941   0.00197375   -0.00505284   -0.00283775   2.66765e-10   0.00283773   0.0050529   -0.00196995   -0.00446705   -0.00210405   0.000206199   0.00252348   0.00502245   0.0078496   0.011135   0.0152384   0.0204187   

450000
-10   -9   -8   -7   -6   -5   -4   -3   -2   -1   0   1   2   3   5   6   7   8   9   10   11   12   13   14   16   
-1.02515   -0.945524   -0.860278   -0.766955   -0.67171   -0.575171   -0.477453   -0.355986   -0.210633   -0.103499   -1.54074e-09   0.103499   0.210633   0.355989   0.575162   0.671707   0.766958   0.860293   0.945546   1.02522   1.08713   1.08604   1.03457   0.976248   0.467326   
0.0241239   0.0198339   0.0160147   0.0132559   0.0109408   0.00928584   0.00819046   0.00740789   0.00673216   0.00646992   0.00644072   0.00646992   0.00673213   0.00740777   0.00928568   0.0109406   0.0132558   0.0160144   0.0198361   0.0241241   0.0300484   0.0406943   0.0606712   0.0887697   0.138168   
-0.0110667   -0.00793197   -0.00497177   -0.00250049   -0.000182614   0.00213171   0.00449191   0.00178519   -0.0050577   -0.00279294   3.9987e-10   0.00279292   0.00505775   -0.00178573   -0.00212982   0.000183432   0.00249982   0.00496877   0.00792625   0.0110528   0.0150959   0.0204206   0.0106641   -0.00908018   -0.0233035   

455000
-10   -9   -8   -7   -6   -5   -4   -3   -2   -1   0   1   2   3   4   5   6   7   8   9   10   11   12   13   14   18   
-1.026   -0.946189   -0.860681   -0.767012   -0.671769   -0.575224   -0.477513   -0.35501   -0.21041   -0.103624   -1.53689e-10   0.103624   0.21041   0.355012   0.477501   0.575215   0.671766   0.767016   0.860695   0.946227   1.02607   1.08858   1.08159   1.0288   0.973586   0.507091   
0.0239708   0.0197122   0.0159328   0.0132276   0.0109141   0.00926288   0.00816629   0.00738353   0.00670845   0.00645097   0.00641725   0.00645097   0.00670843   0.00738341   0.00816614   0.0092627   0.0109139   0.0132275   0.0159326   0.0197117   0.0239709   0.0297826   0.0412532   0.0616281   0.0892098   0.164386   
-0.0109866   -0.00785894   -0.00492018   -0.00247995   -0.000160467   0.00215663   0.00451644   0.00159631   -0.00507358   -0.00274784   1.37174e-11   0.00274782   0.00507361   -0.00159692   -0.00451405   -0.00215474   0.000161292   0.00247926   0.00491721   0.00785165   0.0109728   0.0149572   0.0204103   0.0100287   -0.00933735   -0.0351931   

460000
-10   -9   -8   -6   -5   -4   -3   -1   0   1   2   3   4   5   6   8   9   10   11   12   13   14   
-1.02682   -0.947066   -0.861062   -0.671824   -0.57527   -0.477608   -0.354022   -0.103747   -4.69665e-11   0.103747   0.210154   0.354024   0.477596   0.575261   0.671821   0.861076   0.947103   1.02689   1.0899   1.07634   1.02896   0.749821   
0.0238242   0.0195571   0.0158544   0.0108884   0.00924118   0.00813749   0.00736007   0.00643383   0.00639508   0.00643382   0.00668584   0.00735995   0.00813731   0.00924101   0.0108883   0.0158541   0.0195566   0.0238243   0.0295393   0.0419123   0.0616426   0.153166   
-0.0109083   -0.00776496   -0.00487036   -0.000138934   0.00218077   0.00454397   0.00140475   -0.00270288   4.56121e-11   0.00270286   0.00509612   -0.00140541   -0.00454157   -0.00217887   0.000139761   0.00486743   0.00775783   0.0108946   0.014826   0.020376   0.00973369   -0.0411822   

465000
-10   -9   -8   -7   -6   -5   -4   -3   -2   -1   0   1   2   4   5   6   7   8   9   10   11   12   13   14   
-1.02762   -0.947883   -0.861425   -0.767235   -0.671876   -0.575326   -0.477697   -0.353031   -0.209879   -0.103867   -1.48563e-10   0.103867   0.209879   0.477685   0.575317   0.671872   0.767238   0.861439   0.947919   1.02769   1.09105   1.08003   1.03348   0.749566   
0.0236829   0.0194128   0.0157788   0.0131551   0.0108637   0.00921855   0.00811002   0.00733677   0.00666438   0.00641849   0.00637476   0.00641849   0.00666436   0.00810985   0.00921842   0.0108635   0.0131548   0.0157785   0.0194124   0.0236831   0.0293254   0.0413236   0.0609498   0.153293   
-0.0108312   -0.00767648   -0.00482193   -0.00243311   -0.00011799   0.00220529   0.00457069   0.00121219   -0.00512245   -0.0026579   3.49819e-11   0.00265788   0.00512246   -0.00456829   -0.00220337   0.000118833   0.00243235   0.00481904   0.00766946   0.0108177   0.0147062   0.0203018   0.0098219   -0.0412684   

470000
-10   -9   -8   -7   -6   -5   -4   -3   -2   -1   0   1   2   3   4   5   7   8   9   10   11   12   13   14   
-1.02839   -0.948645   -0.861775   -0.767446   -0.671928   -0.575432   -0.477778   -0.352074   -0.209592   -0.103985   -3.29442e-08   0.103985   0.209592   0.352077   0.477766   0.575422   0.767448   0.861788   0.94868   1.02846   1.09198   1.08325   1.03734   0.959108   
0.0235456   0.0192779   0.0157055   0.0131028   0.0108392   0.00918924   0.00808401   0.00730865   0.0066441   0.00640489   0.00635635   0.00640488   0.00664407   0.00730856   0.00808385   0.00918909   0.0131026   0.0157053   0.0192775   0.0235458   0.0291502   0.0408346   0.0603553   0.092119   
-0.0107548   -0.00759277   -0.00477453   -0.00240121   -9.73667e-05   0.00223333   0.00459661   0.00102263   -0.00515076   -0.00261321   7.02145e-09   0.00261318   0.00515075   -0.00102334   -0.00459421   -0.00223141   0.00240067   0.00477181   0.00758589   0.0107414   0.0146032   0.0202435   0.00994537   -0.0112849   

475000
-10   -9   -8   -7   -6   -5   -4   -3   -2   -1   0   1   2   3   4   5   6   7   8   9   10   11   12   13   14   
-1.02915   -0.94936   -0.86211   -0.767644   -0.672029   -0.57553   -0.477853   -0.351114   -0.209432   -0.104056   -3.7373e-08   0.104056   0.209432   0.351117   0.477841   0.575521   0.672025   0.767647   0.862124   0.949395   1.02922   1.09262   1.08613   1.04079   0.956039   
0.0234116   0.0191509   0.0156344   0.0130527   0.0108075   0.00916115   0.00805927   0.00728148   0.00661983   0.00638915   0.00633959   0.00638914   0.00661981   0.00728137   0.00805909   0.00916101   0.0108073   0.0130525   0.0156342   0.0191506   0.0234118   0.0290238   0.0404142   0.0598194   0.0928491   
-0.0106788   -0.00751316   -0.00472839   -0.00237061   -7.39204e-05   0.00226062   0.00462182   0.000832664   -0.00515453   -0.00258418   7.93676e-09   0.00258415   0.00515453   -0.000833405   -0.00461942   -0.0022587   7.4807e-05   0.00236995   0.00472553   0.00750638   0.0106656   0.0145227   0.0201965   0.0100859   -0.0118927   

480000
-10   -9   -8   -7   -6   -5   -4   -3   -2   -1   0   1   2   3   4   5   6   7   8   9   10   11   12   13   14   15   
-1.0299   -0.950035   -0.862434   -0.767831   -0.672125   -0.575624   -0.477923   -0.350156   -0.209404   -0.10412   -2.07513e-10   0.10412   0.209404   0.350159   0.477912   0.575615   0.672121   0.767835   0.862448   0.950069   1.02996   1.09289   1.08875   1.04394   0.753691   0.510563   
0.0232802   0.0190307   0.0155652   0.0130048   0.0107769   0.00913419   0.00803563   0.00725518   0.0065947   0.00637424   0.00632435   0.00637423   0.00659468   0.00725507   0.00803546   0.00913405   0.0107768   0.0130046   0.015565   0.0190303   0.0232804   0.0289595   0.0400415   0.0593257   0.151939   0.104635   
-0.0106031   -0.00743696   -0.00468304   -0.00234105   -5.10676e-05   0.00228724   0.00464642   0.000642802   -0.00513263   -0.00255748   5.31511e-11   0.00255746   0.00513263   -0.000643559   -0.00464401   -0.00228532   5.19336e-05   0.00234041   0.0046802   0.00743029   0.0105901   0.0144721   0.0201555   0.0102354   -0.0409243   -0.00953121   

485000
-10   -9   -8   -7   -6   -5   -4   -3   -2   -1   0   1   2   3   4   5   6   7   8   9   10   11   12   13   14   
-1.03063   -0.950683   -0.862749   -0.76801   -0.672215   -0.575712   -0.477989   -0.349215   -0.20934   -0.10425   2.11845e-09   0.10425   0.20934   0.349216   0.477977   0.575703   0.672211   0.768013   0.862763   0.950716   1.0307   1.09269   1.09117   1.04692   0.964717   
0.0231507   0.0189153   0.0154977   0.0129585   0.0107475   0.00910825   0.00801304   0.00722958   0.00657081   0.00635422   0.00631073   0.00635421   0.0065708   0.00722948   0.00801286   0.00910811   0.0107473   0.0129584   0.0154975   0.018915   0.0231509   0.0289704   0.0397047   0.0588568   0.0914902   
-0.0105271   -0.00736348   -0.00463844   -0.0023123   -2.87227e-05   0.00231326   0.00467043   0.000456624   -0.00511765   -0.00251538   -3.88576e-10   0.00251536   0.00511765   -0.000456853   -0.00466802   -0.00231133   2.9595e-05   0.00231167   0.0046356   0.0073569   0.0105144   0.0144577   0.0201186   0.0103938   -0.011576   

490000
-10   -9   -8   -7   -6   -5   -4   -3   -2   -1   0   1   2   3   4   5   6   7   8   9   10   11   12   13   14   
-1.03136   -0.951306   -0.863053   -0.768182   -0.672301   -0.575795   -0.478049   -0.348476   -0.209253   -0.10438   3.03979e-09   0.10438   0.209253   0.348478   0.478037   0.575786   0.672297   0.768185   0.863066   0.951339   1.03143   1.09193   1.09344   1.04981   0.968111   
0.0230236   0.0188044   0.015432   0.0129137   0.010719   0.0090833   0.0079915   0.00720419   0.0065481   0.00633574   0.00629859   0.00633574   0.00654808   0.00720409   0.00799137   0.00908316   0.0107188   0.0129135   0.0154318   0.0188041   0.0230237   0.0290745   0.0393948   0.0583971   0.0909375   
-0.0104519   -0.00729238   -0.00459495   -0.00228426   -6.85089e-06   0.0023387   0.00469386   0.000314756   -0.00510672   -0.00247276   -5.7396e-10   0.00247273   0.00510677   -0.000315111   -0.00469147   -0.00233677   7.71113e-06   0.00228364   0.00459222   0.00728588   0.010439   0.0144876   0.0200842   0.0105641   -0.0113978   

495000
-10   -9   -8   -7   -6   -5   -4   -3   -2   -1   0   1   2   3   4   5   6   7   8   9   10   11   12   13   14   
-1.03209   -0.951904   -0.863348   -0.768348   -0.672382   -0.575874   -0.478105   -0.347702   -0.209153   -0.104509   -7.93155e-10   0.104509   0.209153   0.347704   0.478093   0.575865   0.672378   0.768351   0.863361   0.951936   1.03215   1.09049   1.0956   1.05272   0.971218   
0.0228981   0.0186976   0.0153679   0.0128701   0.0106914   0.00905926   0.00797103   0.00717971   0.00652657   0.0063189   0.00628784   0.0063189   0.00652656   0.00717957   0.00797085   0.00905912   0.0106913   0.0128699   0.0153677   0.0186973   0.0228982   0.0292935   0.0391033   0.0579321   0.0904172   
-0.0103767   -0.00722334   -0.00455207   -0.00225685   1.4537e-05   0.00236364   0.00471677   0.000165018   -0.00509812   -0.00243004   1.97394e-10   0.00243002   0.00509811   -0.000165475   -0.00471436   -0.00236177   -1.36533e-05   0.00225624   0.00454941   0.00721689   0.010364   0.0145694   0.0200488   0.0107513   -0.0112095   

500000
-10   -9   -8   -7   -6   -5   -4   -3   -2   -1   0   1   2   3   4   5   6   7   8   9   10   11   12   13   14   15   
-1.03281   -0.952479   -0.863634   -0.768507   -0.672461   -0.575949   -0.478158   -0.346905   -0.209047   -0.104636   -6.66282e-10   0.104636   0.209048   0.346907   0.478146   0.57594   0.672456   0.76851   0.863646   0.952511   1.03288   1.08821   1.0977   1.05571   0.974189   0.871016   
0.0227734   0.0185943   0.0153052   0.0128276   0.0106646   0.00903605   0.00795144   0.00715612   0.00650625   0.00630361   0.0062732   0.00630361   0.00650624   0.00715603   0.00795125   0.00903588   0.0106645   0.0128275   0.0153051   0.018594   0.0227735   0.0296544   0.0388244   0.0574469   0.0899076   0.133834   
-0.010301   -0.00715586   -0.00451003   -0.00223   3.55013e-05   0.00238815   0.00473921   1.04945e-05   -0.00509029   -0.00238742   1.71125e-10   0.00238739   0.00509026   -1.09825e-05   -0.0047368   -0.00238614   -3.46087e-05   0.0022294   0.0045075   0.00714952   0.0102883   0.014711   0.0200134   0.010962   -0.0110058   -0.0355892   

505000
-10   -9   -8   -7   -6   -5   -4   -3   -2   -1   0   1   2   3   4   5   6   7   8   9   10   11   12   13   14   15   
-1.03353   -0.953036   -0.863909   -0.768663   -0.672536   -0.576019   -0.478206   -0.346096   -0.209044   -0.10476   -3.24522e-09   0.10476   0.209044   0.346098   0.478194   0.57601   0.672531   0.768666   0.863923   0.953067   1.03359   1.08627   1.09979   1.05887   0.977141   0.858438   
0.0226496   0.0184939   0.0152444   0.0127862   0.0106386   0.00901385   0.00793281   0.00713328   0.00648676   0.00628986   0.00625365   0.00628985   0.00648674   0.00713319   0.00793261   0.00901369   0.0106385   0.012786   0.0152442   0.0184937   0.0226495   0.0299652   0.0385499   0.0569319   0.0893821   0.137791   
-0.0102247   -0.00708978   -0.00446905   -0.00220363   5.6041e-05   0.00241198   0.00476115   -0.000146828   -0.00506348   -0.00234504   6.62133e-10   0.00234502   0.00506346   0.0001463   -0.00475873   -0.00241005   -5.51416e-05   0.00220305   0.00446632   0.00708351   0.0102119   0.0148317   0.0199758   0.0111968   -0.0107762   -0.0375286   

510000
-10   -9   -8   -7   -6   -5   -4   -3   -2   -1   0   1   2   3   4   5   6   7   8   9   10   11   12   13   14   15   
-1.03425   -0.953576   -0.864177   -0.768813   -0.672607   -0.576082   -0.478251   -0.34528   -0.20907   -0.104861   3.09957e-09   0.104861   0.209071   0.345283   0.478239   0.576072   0.672603   0.768816   0.864191   0.953607   1.03431   1.08801   1.10188   1.06225   0.980192   0.490803   
0.0225263   0.0183962   0.0151849   0.0127459   0.0106134   0.00899303   0.00791504   0.00711111   0.00646818   0.00627593   0.00623567   0.00627592   0.00646816   0.00711102   0.00791487   0.00899286   0.0106133   0.0127457   0.0151848   0.018396   0.0225263   0.0296689   0.0382768   0.0563785   0.0888235   0.110583   
-0.0101478   -0.00702484   -0.00442877   -0.00217783   7.61641e-05   0.00243506   0.00478262   -0.000305699   -0.00503091   -0.00230989   -4.78526e-10   0.00230987   0.00503084   0.000305141   -0.00478019   -0.00243312   -7.52573e-05   0.00217725   0.00442602   0.00701864   0.0101352   0.0147101   0.0199351   0.0114574   -0.0105142   -0.0122115   

515000
-10   -9   -8   -7   -6   -5   -4   -3   -2   -1   0   1   2   3   5   6   7   8   9   10   11   12   13   14   
-1.03496   -0.954101   -0.864438   -0.768957   -0.672675   -0.576139   -0.478291   -0.344462   -0.209078   -0.104925   2.57253e-10   0.104925   0.209078   0.344465   0.57613   0.672671   0.76896   0.864451   0.954132   1.03503   1.08964   1.10401   1.06593   0.983463   
0.0224037   0.0183007   0.015127   0.0127067   0.010589   0.00897314   0.00789824   0.00708959   0.00645067   0.00626041   0.00621912   0.0062604   0.00645066   0.0070895   0.00897298   0.0105889   0.0127066   0.0151269   0.0183005   0.0224038   0.0293981   0.0380021   0.0557736   0.0882146   
-0.0100704   -0.00696092   -0.00438927   -0.00215269   9.5886e-05   0.00245757   0.0048036   -0.00046516   -0.00500159   -0.00228587   -4.7419e-11   0.00228584   0.00500156   0.000464582   -0.00245563   -9.49732e-05   0.00215211   0.00438657   0.00695479   0.010058   0.0145945   0.0198907   0.0117514   -0.010209   

520000
-10   -9   -8   -7   -6   -5   -4   -3   -2   -1   0   1   2   3   4   5   6   7   8   9   10   11   12   13   14   15   
-1.03568   -0.954614   -0.864689   -0.769095   -0.672739   -0.576193   -0.478346   -0.343646   -0.209072   -0.104992   1.04772e-09   0.104992   0.209072   0.343649   0.478334   0.576183   0.672735   0.769098   0.864702   0.954644   1.03574   1.09117   1.10618   1.06999   0.987079   0.841119   
0.0222818   0.0182073   0.0150705   0.0126688   0.0105654   0.00895418   0.00787972   0.00706869   0.00643427   0.00624629   0.00620389   0.00624629   0.00643426   0.0070686   0.00787957   0.00895402   0.0105653   0.0126686   0.0150704   0.0182071   0.0222819   0.0291486   0.0377238   0.0551089   0.0875221   0.143128   
-0.00999248   -0.00689791   -0.00435069   -0.00212811   0.000115211   0.00247951   0.00482559   -0.000624242   -0.00497418   -0.00226062   -1.94532e-10   0.0022606   0.00497414   0.000623643   -0.00482315   -0.00247757   -0.000114292   0.00212758   0.00434801   0.00689185   0.00998022   0.0144841   0.0198421   0.0120824   -0.0098465   -0.0400139   

525000
-10   -9   -8   -7   -6   -5   -4   -3   -2   -1   0   1   2   3   4   5   6   7   8   9   10   11   12   14   18   
-1.03639   -0.955115   -0.864932   -0.769228   -0.6728   -0.576241   -0.478433   -0.342836   -0.209058   -0.105061   4.68672e-09   0.105061   0.209058   0.342839   0.478421   0.576232   0.672796   0.76923   0.864944   0.955145   1.03645   1.09263   1.10841   0.991232   0.506165   
0.0221607   0.0181158   0.0150157   0.0126319   0.0105426   0.00893613   0.00785646   0.00704839   0.00641912   0.0062336   0.00619008   0.0062336   0.00641911   0.00704831   0.00785633   0.00893598   0.0105425   0.0126318   0.0150156   0.0181156   0.0221607   0.0289172   0.0374392   0.0866963   0.164914   
-0.00991415   -0.00683579   -0.00431306   -0.00210415   0.000134112   0.00250088   0.0048501   -0.000781987   -0.00494772   -0.00223438   -1.00904e-09   0.00223435   0.0049477   0.000781371   -0.00484767   -0.00249883   -0.000133182   0.00210361   0.00431057   0.00682979   0.00990197   0.0143785   0.0197878   -0.00939677   -0.0358627   

530000
-10   -9   -8   -7   -6   -5   -4   -3   -2   -1   0   1   2   3   4   5   6   7   8   9   10   11   12   13   14   15   
-1.0371   -0.955604   -0.865166   -0.769356   -0.672855   -0.576286   -0.478516   -0.342233   -0.209041   -0.10513   4.3686e-10   0.10513   0.209041   0.342234   0.478504   0.576277   0.67285   0.769359   0.865178   0.955634   1.03716   1.094   1.11073   1.07942   0.996186   0.646646   
0.0220403   0.0180262   0.0149625   0.012596   0.010521   0.00891892   0.00783425   0.00702868   0.00640507   0.00622234   0.00617746   0.00622234   0.00640506   0.00702864   0.00783407   0.00891875   0.0105209   0.0125959   0.0149625   0.0180259   0.0220402   0.0287011   0.0371453   0.0535646   0.0857184   0.0737637   
-0.00983557   -0.00677453   -0.00427656   -0.00208057   0.000152356   0.00252161   0.00487407   -0.000893875   -0.00492144   -0.00220732   -5.85682e-11   0.0022073   0.00492139   0.000893715   -0.00487163   -0.00251966   -0.000151389   0.00208004   0.00427409   0.00676859   0.00982326   0.0142772   0.0197271   0.0128494   -0.00883542   0.00909588   

535000
-10   -9   -8   -7   -6   -5   -4   -3   -2   -1   0   3   4   5   6   7   8   9   10   11   12   13   14   
-1.0378   -0.956083   -0.865388   -0.769479   -0.672905   -0.576328   -0.478594   -0.341675   -0.209073   -0.105201   -9.06771e-11   0.341676   0.478582   0.576319   0.672901   0.769481   0.865399   0.956112   1.03786   1.09531   1.11313   1.08486   0.706618   
0.0219208   0.0179383   0.0149115   0.0125613   0.0105003   0.00890231   0.00781294   0.00700986   0.00639119   0.00621231   0.006166   0.00700979   0.00781278   0.00890214   0.0105001   0.0125612   0.0149114   0.0179381   0.0219206   0.0284979   0.0368426   0.0526828   0.0523815   
-0.00975673   -0.00671415   -0.00424134   -0.00205769   0.00017004   0.00254192   0.00489752   -0.000995723   -0.00488724   -0.00217955   2.02234e-11   0.000995486   -0.00489507   -0.00253997   -0.0001691   0.00205717   0.00423892   0.00670827   0.00974467   0.0141796   0.0196589   0.0132796   0.0225746   

540000
-10   -9   -8   -7   -6   -5   -4   -3   -2   -1   0   1   2   3   4   5   6   7   8   9   10   11   12   13   
-1.0385   -0.95655   -0.865595   -0.769597   -0.672953   -0.576413   -0.478668   -0.341096   -0.209187   -0.105314   -3.21188e-11   0.105314   0.209188   0.341097   0.478656   0.576404   0.672948   0.7696   0.865607   0.956579   1.03856   1.09656   1.11563   1.09083   
0.0218022   0.0178522   0.014863   0.0125275   0.0104803   0.00887967   0.00779246   0.00699167   0.00637186   0.00619916   0.00615564   0.00619915   0.00637185   0.0069916   0.0077923   0.00887956   0.0104801   0.0125274   0.0148629   0.017852   0.0218023   0.0283054   0.0365303   0.0517234   
-0.00967807   -0.00665467   -0.00420768   -0.00203528   0.000187328   0.00256532   0.00492051   -0.00110207   -0.00483989   -0.0021431   6.74242e-12   0.00214308   0.00483983   0.00110178   -0.00491806   -0.00256333   -0.00018638   0.00203477   0.00420525   0.00664886   0.00966624   0.0140851   0.0195819   0.0137429   

545000
-10   -9   -8   -7   -6   -5   -4   -3   -2   -1   0   1   2   3   4   5   6   7   8   9   10   11   12   13   14   
-1.0392   -0.957007   -0.865788   -0.769712   -0.672998   -0.576502   -0.478739   -0.340494   -0.209289   -0.105443   -1.95979e-11   0.105443   0.20929   0.340495   0.478727   0.576493   0.672993   0.769714   0.8658   0.957036   1.03926   1.09776   1.11824   1.09626   1.01987   
0.0216853   0.0177678   0.014817   0.0124945   0.010461   0.00885655   0.00777277   0.00697406   0.00635374   0.00618534   0.00614665   0.00618534   0.00635373   0.00697399   0.0077726   0.00885642   0.0104608   0.0124944   0.014817   0.0177676   0.0216854   0.028122   0.0362073   0.0508626   0.0809571   
-0.00959957   -0.00659607   -0.00417576   -0.00201332   0.000204215   0.0025889   0.00494307   -0.00121345   -0.00479416   -0.00210313   4.14015e-12   0.00210311   0.00479411   0.00121311   -0.00494061   -0.00258693   -0.000203263   0.00201281   0.00417336   0.00659032   0.00958783   0.0139932   0.0194955   0.0141074   -0.00598392   

550000
-10   -9   -8   -7   -6   -5   -4   -3   -2   -1   0   1   2   3   4   5   6   7   8   9   10   11   12   13   15   
-1.03988   -0.957454   -0.865965   -0.769823   -0.673041   -0.576587   -0.478806   -0.339879   -0.209383   -0.105569   -2.26813e-10   0.10557   0.209383   0.339881   0.478794   0.576578   0.673037   0.769825   0.865976   0.957482   1.03994   1.09892   1.12099   1.10175   0.646563   
0.0215702   0.0176851   0.0147741   0.0124623   0.0104421   0.00883428   0.00775396   0.0069564   0.00633673   0.00617282   0.00613874   0.00617281   0.00633672   0.00695634   0.00775381   0.00883412   0.0104419   0.0124622   0.014774   0.0176849   0.0215703   0.0279462   0.0358706   0.0499969   0.0736112   
-0.00952162   -0.0065384   -0.00414589   -0.00199181   0.000220717   0.00261198   0.00496517   -0.00132825   -0.00474935   -0.00206363   5.15545e-11   0.0020636   0.00474929   0.00132787   -0.00496274   -0.00261006   -0.000219764   0.00199133   0.00414352   0.00653271   0.00950999   0.0139034   0.0193978   0.0144648   0.00915768   

555000
-10   -9   -8   -7   -6   -5   -4   -3   -2   -1   0   1   2   3   4   5   6   7   8   9   10   11   12   13   14   
-1.04056   -0.95789   -0.866125   -0.769931   -0.673085   -0.576668   -0.478869   -0.339284   -0.209471   -0.105648   4.54462e-10   0.105648   0.209472   0.339285   0.478857   0.576659   0.67308   0.769933   0.866136   0.957918   1.04061   1.10005   1.12389   1.10745   1.04235   
0.0214572   0.0176042   0.0147339   0.0124308   0.0104233   0.0088128   0.00773597   0.00693424   0.00632079   0.00615782   0.00612327   0.00615782   0.00632081   0.00693416   0.00773579   0.00881266   0.0104233   0.0124307   0.0147339   0.0176041   0.0214573   0.0277767   0.035519   0.0491036   0.0765922   
-0.00944445   -0.00648184   -0.00411785   -0.00197078   0.000236952   0.00263459   0.00498682   -0.0014429   -0.00470504   -0.00203826   -1.15766e-10   0.00203824   0.00470499   0.00144249   -0.00498435   -0.00263261   -0.000235907   0.0019703   0.00411549   0.00647621   0.00943293   0.0138153   0.0192883   0.0148276   -0.00341381   

560000
-10   -9   -8   -7   -6   -5   -4   -3   -2   -1   0   1   2   3   4   5   6   7   8   9   10   11   12   13   14   15   
-1.04122   -0.958313   -0.866269   -0.770035   -0.673173   -0.576744   -0.478928   -0.338677   -0.209557   -0.105717   3.85905e-10   0.105718   0.209557   0.338679   0.478916   0.576735   0.673168   0.770038   0.86628   0.958341   1.04128   1.10114   1.12662   1.11307   1.05421   0.642037   
0.0213465   0.0175254   0.0146968   0.0124002   0.0103979   0.00879217   0.00771872   0.00691275   0.00630589   0.00614327   0.00610681   0.00614326   0.00630589   0.00691268   0.00771851   0.00879202   0.0103978   0.0124001   0.0146967   0.0175252   0.0213465   0.0276121   0.0351865   0.0482284   0.074321   0.0743817   
-0.00936819   -0.00642645   -0.00409185   -0.00195024   0.000256325   0.00265669   0.00500808   -0.00156003   -0.00466091   -0.00201505   -1.13478e-10   0.00201502   0.00466087   0.00155961   -0.00500565   -0.00265472   -0.000255348   0.00194973   0.00408947   0.00642086   0.00935678   0.0137283   0.0191731   0.0151742   -0.00208105   0.00858402   

565000
-10   -9   -8   -7   -6   -5   -4   -3   -2   -1   0   1   2   3   4   5   6   7   8   9   10   11   12   13   14   
-1.04186   -0.958721   -0.866394   -0.770136   -0.673257   -0.576814   -0.478984   -0.338061   -0.209656   -0.105789   3.64682e-10   0.105789   0.209656   0.338063   0.478972   0.576805   0.673252   0.770138   0.866405   0.958748   1.04192   1.10221   1.12932   1.11828   1.06508   
0.0212383   0.0174493   0.014663   0.0123704   0.0103733   0.0087726   0.00770221   0.00689188   0.00629141   0.0061299   0.00609163   0.00612988   0.0062914   0.00689181   0.00770195   0.00877245   0.0103732   0.0123703   0.0146629   0.017449   0.0212383   0.0274516   0.0348584   0.0474231   0.072235   
-0.00929312   -0.00637272   -0.00406825   -0.00193021   0.000275313   0.00267814   0.00502898   -0.00167927   -0.00461584   -0.00199091   -1.16222e-10   0.00199089   0.00461581   0.00167883   -0.0050265   -0.00267617   -0.000274329   0.00192974   0.00406589   0.00636717   0.00928182   0.0136421   0.0190506   0.0154813   -0.000841128   

570000
-10   -9   -8   -7   -6   -5   -4   -3   -2   -1   0   1   2   3   4   5   6   7   8   9   10   11   12   13   14   
-1.04249   -0.959114   -0.866497   -0.770232   -0.673337   -0.576881   -0.479038   -0.337437   -0.209771   -0.105863   1.47177e-09   0.105863   0.209771   0.337439   0.479025   0.576872   0.673332   0.770234   0.866508   0.959141   1.04255   1.10326   1.13209   1.12274   1.07259   
0.021133   0.0173753   0.014633   0.0123415   0.0103495   0.00875378   0.00768637   0.00687159   0.00627708   0.00611762   0.00607754   0.00611762   0.00627708   0.00687153   0.00768619   0.00875363   0.0103493   0.0123414   0.0146329   0.0173751   0.021133   0.0272943   0.0345257   0.0467346   0.070779   
-0.00921956   -0.00632036   -0.00404735   -0.00191073   0.000293932   0.00269915   0.00504951   -0.00180013   -0.0045699   -0.00196603   -2.9812e-10   0.00196601   0.00456983   0.00179969   -0.00504702   -0.00269718   -0.000292941   0.00191027   0.00404501   0.00631489   0.00920838   0.0135563   0.0189175   0.0157314   2.72976e-05   

575000
-10   -9   -8   -7   -6   -5   -4   -3   -2   -1   0   1   2   3   4   5   6   7   8   9   10   11   12   13   14   15   
-1.0431   -0.959494   -0.866575   -0.770324   -0.673414   -0.576943   -0.479087   -0.33704   -0.20988   -0.105937   1.26552e-09   0.105937   0.209881   0.33704   0.479075   0.576934   0.673409   0.770326   0.866586   0.95952   1.04315   1.1043   1.1349   0.767725   1.0766   0.463365   
0.0210315   0.0173036   0.0146074   0.0123136   0.0103263   0.00873569   0.00767135   0.00685167   0.00626383   0.00610654   0.00606448   0.00610654   0.00626382   0.00685161   0.00767116   0.00873555   0.0103262   0.0123135   0.0146074   0.0173034   0.0210315   0.0271396   0.0341912   0.0346558   0.0699757   0.120433   
-0.00914811   -0.00626953   -0.00402962   -0.00189187   0.000312198   0.00271972   0.00506965   -0.0018711   -0.00452434   -0.00194071   -2.63399e-10   0.00194068   0.00452427   0.00187106   -0.00506718   -0.00271774   -0.000311198   0.00189141   0.0040273   0.00626412   0.00913703   0.0134707   0.0187745   0.0304139   0.00051165   -0.0160239   

580000
-10   -9   -8   -7   -6   -5   -4   -3   -2   -1   0   1   2   3   4   5   6   7   8   9   10   11   12   13   14   
-1.04368   -0.959858   -0.866624   -0.770411   -0.673488   -0.577002   -0.479132   -0.336677   -0.209985   -0.106011   -1.70289e-09   0.106011   0.209985   0.336677   0.47912   0.576993   0.673483   0.770413   0.866633   0.959884   1.04374   1.10533   1.13772   1.1285   1.07781   
0.0209338   0.0172345   0.014587   0.0122865   0.0103038   0.00871834   0.00765731   0.00683231   0.00625167   0.00609659   0.00605242   0.00609659   0.00625167   0.00683225   0.00765712   0.00871819   0.0103037   0.0122864   0.0145871   0.0172343   0.0209338   0.0269871   0.0338582   0.0458353   0.0696877   
-0.00907888   -0.00622037   -0.00401562   -0.0018736   0.000330134   0.00273987   0.00508933   -0.00193457   -0.00447907   -0.00191497   5.52915e-10   0.00191495   0.00447899   0.00193444   -0.00508685   -0.00273786   -0.00032913   0.00187318   0.00401355   0.00621501   0.00906793   0.0133851   0.0186227   0.0160347   0.000683132   

585000
-10   -9   -8   -7   -6   -5   -4   -3   -2   -1   0   1   2   3   4   5   6   7   8   9   10   11   12   13   14   15   
-1.04424   -0.960207   -0.866634   -0.770495   -0.673559   -0.577057   -0.479175   -0.336259   -0.210087   -0.106085   -1.83925e-08   0.106085   0.210087   0.33626   0.479163   0.577048   0.673554   0.770497   0.866644   0.960232   1.04429   1.10634   1.14051   1.12953   1.07708   0.463058   
0.0208404   0.017168   0.0145733   0.0122604   0.010282   0.00870172   0.0076439   0.00681353   0.00624048   0.00608766   0.00604132   0.00608766   0.0062405   0.00681347   0.00764368   0.00870158   0.0102818   0.0122603   0.0145733   0.0171678   0.0208404   0.0268363   0.0335311   0.045656   0.0697595   0.120573   
-0.00901235   -0.00617302   -0.00400636   -0.00185598   0.00034772   0.00275952   0.0051087   -0.00200994   -0.00443372   -0.0018889   3.89307e-09   0.00188887   0.00443363   0.00200975   -0.0051062   -0.00275759   -0.000346712   0.00185558   0.00400411   0.00616772   0.00900151   0.0132993   0.0184645   0.0160801   0.000634068   -0.016111   

590000
-10   -9   -8   -7   -6   -5   -3   -2   -1   0   1   2   3   5   6   7   8   9   10   11   12   13   14   15   
-1.04476   -0.960537   -0.866595   -0.770571   -0.673624   -0.577108   -0.335804   -0.210187   -0.10616   -2.92621e-10   0.10616   0.210187   0.335805   0.577099   0.67362   0.770574   0.866605   0.960562   1.04481   1.10735   1.14322   1.12934   1.07498   0.983706   
0.020752   0.0171044   0.0145677   0.0122357   0.0102611   0.00868585   0.00679527   0.00623027   0.00607978   0.00603128   0.00607978   0.00623027   0.00679522   0.00868569   0.010261   0.0122355   0.0145678   0.0171043   0.0207521   0.0266866   0.0332169   0.0456523   0.0700916   0.10628   
-0.00894898   -0.00612773   -0.00400294   -0.00183925   0.000364803   0.00277867   -0.00209381   -0.00438818   -0.00186258   6.61394e-11   0.00186255   0.0043881   0.00209358   -0.00277668   -0.000363822   0.00183882   0.00400071   0.00612248   0.00893825   0.0132131   0.0183028   0.0160575   0.000425795   -0.0214964   

595000
-10   -9   -8   -7   -6   -5   -4   -3   -2   -1   0   1   2   3   4   5   6   7   8   9   10   11   12   13   14   15   
-1.04525   -0.960844   -0.866501   -0.770643   -0.673687   -0.577156   -0.479285   -0.33532   -0.210285   -0.106235   -1.86769e-10   0.106235   0.210285   0.335321   0.479273   0.577147   0.673682   0.770645   0.866511   0.960869   1.0453   1.10835   1.1458   1.12802   1.07193   1.0005   
0.0206693   0.0170445   0.0145717   0.0122121   0.0102409   0.00867059   0.00761378   0.00677751   0.00622108   0.00607299   0.00602226   0.00607298   0.00622109   0.00677745   0.00761362   0.00867044   0.0102407   0.0122119   0.0145718   0.0170445   0.0206695   0.0265379   0.0329196   0.0458146   0.0706039   0.102309   
-0.00888932   -0.00608505   -0.00400637   -0.0018234   0.000381524   0.00279739   0.00514882   -0.00218394   -0.00434248   -0.00183611   4.29896e-11   0.00183608   0.00434241   0.00218367   -0.00514632   -0.00279541   -0.000380502   0.00182292   0.00400422   0.00607988   0.00887873   0.0131264   0.0181407   0.0159701   9.82985e-05   -0.0192028   

600000
-10   -9   -8   -7   -6   -5   -4   -3   0   2   3   4   5   6   7   8   9   10   11   12   13   14   15   
-1.04569   -0.961125   -0.866505   -0.770709   -0.673747   -0.577201   -0.479364   -0.334814   -1.11175e-08   0.210383   0.334815   0.479351   0.577191   0.673742   0.770711   0.866517   0.96115   1.04574   1.10935   1.14819   1.1257   1.0682   1.00325   
0.0205935   0.016989   0.01456   0.0121896   0.0102212   0.00865597   0.0075952   0.00676029   0.00601417   0.00621202   0.00676024   0.00759503   0.00865581   0.0102211   0.0121895   0.0145597   0.016989   0.0205937   0.02639   0.0326448   0.046123   0.0712513   0.101586   
-0.00883429   -0.00604524   -0.00400053   -0.00180829   0.000397988   0.00281573   0.00517041   -0.00227892   2.24731e-09   0.00429948   0.00227862   -0.0051679   -0.00281376   -0.000396935   0.00180793   0.00399813   0.00604014   0.00882384   0.0130391   0.0179826   0.0158219   -0.000318255   -0.0187812   

605000
-10   -9   -8   -7   -6   -5   -4   -3   -2   -1   0   1   2   3   4   5   6   7   8   9   10   11   12   13   
-1.04608   -0.961376   -0.866769   -0.770769   -0.673804   -0.577243   -0.479439   -0.334289   -0.210496   -0.106338   7.14087e-10   0.106338   0.210497   0.33429   0.479427   0.577234   0.673799   0.770771   0.866781   0.9614   1.04613   1.11034   1.15033   1.12252   
0.020526   0.0169383   0.0145061   0.0121683   0.0102022   0.00864192   0.00757732   0.00674366   0.00620091   0.00605132   0.00600697   0.00605132   0.00620091   0.00674361   0.00757716   0.00864174   0.010202   0.0121682   0.0145059   0.0169383   0.0205263   0.0262454   0.0323987   0.0465593   
-0.00878498   -0.00600864   -0.00396727   -0.00179417   0.000414065   0.00283369   0.0051916   -0.00237806   -0.00425637   -0.00179892   -1.62584e-10   0.0017989   0.00425629   0.00237774   -0.0051891   -0.00283177   -0.000413028   0.00179376   0.00396487   0.00600357   0.00877467   0.0129529   0.0178347   0.0156162   

610000
-10   -9   -8   -7   -6   -5   -4   -3   -2   -1   1   2   3   4   5   6   7   8   9   10   11   12   
-1.0464   -0.961596   -0.867024   -0.770823   -0.673858   -0.577283   -0.479511   -0.33375   -0.210642   -0.106412   0.106412   0.210642   0.333751   0.479499   0.577273   0.673854   0.770825   0.867035   0.96162   1.04645   1.11132   1.15216   
0.0204682   0.0168925   0.0144538   0.0121483   0.0101837   0.00862834   0.00756008   0.00672749   0.00618672   0.00603804   0.00603803   0.00618671   0.00672744   0.00755993   0.00862818   0.0101836   0.0121482   0.0144536   0.0168926   0.0204686   0.0261023   0.0321874   
-0.0087422   -0.0059754   -0.00393497   -0.00178104   0.000429854   0.0028513   0.00521247   -0.00248032   -0.0042077   -0.00177659   0.00177656   0.00420762   0.00247999   -0.00520996   -0.00284928   -0.000428815   0.00178063   0.00393252   0.00597038   0.00873203   0.0128667   0.0177013   

615000
-10   -9   -8   -7   -6   -5   -4   -3   -2   -1   0   1   2   3   4   5   6   7   8   9   10   11   12   14   
-1.04664   -0.961783   -0.86727   -0.770871   -0.67391   -0.57733   -0.479581   -0.333483   -0.210786   -0.106486   5.85843e-10   0.106486   0.210786   0.333483   0.479569   0.57732   0.673905   0.770873   0.867282   0.961806   1.04669   1.1123   1.15361   1.05648   
0.0204219   0.016852   0.0144029   0.0121298   0.0101659   0.00861382   0.00754344   0.00671191   0.00617353   0.00602573   0.00598994   0.00602573   0.0061735   0.00671187   0.00754329   0.00861368   0.0101658   0.0121297   0.0144027   0.0168521   0.0204224   0.0259595   0.0320175   0.0733655   
-0.00870733   -0.00594581   -0.00390335   -0.00176901   0.000445314   0.00286928   0.00523303   -0.00252226   -0.00415873   -0.00175383   -1.40615e-10   0.0017538   0.00415865   0.00252223   -0.00523051   -0.00286729   -0.000444269   0.00176862   0.00390101   0.00594085   0.00869727   0.0127798   0.0175887   -0.00172676   

620000
-10   -9   -8   -7   -6   -5   -4   -3   -2   -1   0   1   2   3   4   5   6   7   8   9   10   11   12   13   14   
-1.0468   -0.961935   -0.867508   -0.770913   -0.673959   -0.577407   -0.479648   -0.333176   -0.210928   -0.106561   8.23781e-11   0.106561   0.210928   0.333176   0.479636   0.577398   0.673954   0.770914   0.86752   0.961958   1.04684   1.11328   1.15461   1.11225   1.06242   
0.0203886   0.0168171   0.0143534   0.0121125   0.0101485   0.00859485   0.00752736   0.00669681   0.00616126   0.00601435   0.00597608   0.00601435   0.00616127   0.00669678   0.00752719   0.00859472   0.0101484   0.0121124   0.0143532   0.0168172   0.0203892   0.0258167   0.0318955   0.0480293   0.0724303   
-0.00868121   -0.00592013   -0.00387261   -0.0017582   0.000460461   0.00288939   0.00525328   -0.00257288   -0.0041095   -0.00173067   -2.1674e-11   0.00173064   0.00410941   0.0025728   -0.00525076   -0.0028874   -0.000459413   0.00175782   0.0038703   0.00591522   0.00867125   0.0126918   0.0175038   0.0148591   -0.00135227   

625000
-10   -9   -8   -6   -5   -4   -3   -2   -1   0   1   2   3   4   5   6   8   9   10   11   12   13   14   15   
-1.04685   -0.962047   -0.867739   -0.674006   -0.577481   -0.479713   -0.332818   -0.211068   -0.106636   -1.42378e-10   0.106636   0.211069   0.332818   0.4797   0.577472   0.674001   0.86775   0.96207   1.0469   1.11426   1.15509   1.11684   1.06759   0.84046   
0.0203697   0.0167885   0.0143052   0.0101317   0.00857653   0.00751184   0.00668212   0.00614988   0.00600384   0.00596316   0.00600383   0.00614989   0.00668209   0.00751168   0.0085764   0.0101315   0.0143051   0.0167887   0.0203707   0.025674   0.0318275   0.0473802   0.0716116   0.144167   
-0.00866557   -0.00589895   -0.00384261   0.000475295   0.00290911   0.00527326   -0.0026348   -0.00406016   -0.00170721   3.15196e-11   0.00170718   0.00406006   0.00263468   -0.00527074   -0.00290711   -0.00047424   0.00384032   0.00589409   0.00865582   0.0126031   0.0174515   0.0150391   -0.00100452   -0.040931   

630000
-10   -9   -8   -7   -6   -5   -4   -3   -2   -1   0   1   2   3   4   5   6   7   8   9   10   11   12   13   14   
-1.04679   -0.962113   -0.867962   -0.771075   -0.67405   -0.577551   -0.479775   -0.332423   -0.211207   -0.106711   1.47484e-08   0.106712   0.211207   0.332424   0.479762   0.577542   0.674045   0.771077   0.867973   0.962135   1.04684   1.11524   1.15499   1.12101   1.07219   
0.0203682   0.0167675   0.0142583   0.0120647   0.0101154   0.00855884   0.00749686   0.00666797   0.00613943   0.00599428   0.0059511   0.00599428   0.0061394   0.00666792   0.00749669   0.00855871   0.0101152   0.0120646   0.0142581   0.0167677   0.0203694   0.0255318   0.0318201   0.0467949   0.0708754   
-0.00866174   -0.00588303   -0.0038133   -0.00172848   0.000489806   0.00292842   0.00529295   -0.00270476   -0.00401088   -0.0016835   -2.91295e-09   0.00168348   0.0040108   0.0027046   -0.00529043   -0.00292643   -0.000488745   0.00172809   0.00381103   0.00587822   0.00865209   0.0125138   0.0174369   0.0152153   -0.000678035   

635000
-10   -9   -8   -7   -6   -5   -4   -3   -2   -1   0   1   2   3   4   5   6   7   8   9   10   11   12   13   14   
-1.04659   -0.962122   -0.868179   -0.771203   -0.674092   -0.577619   -0.479835   -0.332001   -0.211337   -0.106787   1.01008e-08   0.106787   0.211338   0.332002   0.479822   0.577609   0.674087   0.771205   0.86819   0.962144   1.04663   1.11622   1.15426   1.12482   1.07636   
0.0203878   0.0167553   0.0142125   0.012033   0.0100996   0.00854175   0.00748241   0.00665426   0.00612926   0.00598563   0.00593989   0.00598562   0.00612925   0.00665422   0.00748223   0.0085416   0.0100995   0.0120328   0.0142123   0.0167556   0.0203892   0.0253902   0.0318783   0.0462606   0.0702044   
-0.0086724   -0.00587335   -0.00378463   -0.00170844   0.00050401   0.00294739   0.00531239   -0.00278091   -0.00396456   -0.00165959   -1.97579e-09   0.00165958   0.00396447   0.00278072   -0.00530985   -0.00294542   -0.000502937   0.00170806   0.00378239   0.00586859   0.00866288   0.0124239   0.0174629   0.0153815   -0.000369887   

640000
-10   -9   -8   -7   -6   -5   -4   -2   -1   0   1   2   3   4   5   6   7   8   9   10   11   12   13   14   15   
-1.04622   -0.962063   -0.868389   -0.771327   -0.674132   -0.577683   -0.479892   -0.211453   -0.106863   9.72499e-10   0.106863   0.211454   0.331559   0.47988   0.577673   0.674127   0.771328   0.8684   0.962084   1.04626   1.1172   1.15285   1.12834   1.08018   0.981995   
0.0204328   0.0167541   0.0141678   0.012002   0.0100843   0.00852524   0.00746848   0.00611842   0.00597779   0.0059296   0.00597779   0.00611841   0.00664086   0.00746831   0.00852511   0.0100842   0.0120018   0.0141676   0.0167545   0.0204346   0.0252493   0.0320071   0.0457684   0.0695828   0.106037   
-0.0087005   -0.00587164   -0.00375656   -0.00168885   0.000517913   0.00296595   0.00533156   -0.00392435   -0.00163561   -1.26607e-10   0.00163557   0.00392426   0.00286143   -0.00532902   -0.00296395   -0.00051681   0.00168848   0.00375434   0.00586696   0.00869119   0.0123337   0.0175311   0.015541   -7.65349e-05   -0.0215732   

645000
-10   -9   -8   -7   -5   -4   -2   -1   0   1   2   4   5   7   8   9   10   11   12   13   14   15   
-1.04562   -0.96192   -0.868594   -0.771447   -0.577744   -0.479946   -0.211569   -0.106938   -4.3197e-09   0.106938   0.21157   0.479933   0.577734   0.771449   0.868604   0.96194   1.04566   1.11817   1.15074   1.13162   1.08372   0.988008   
0.0205109   0.0167662   0.014124   0.0119717   0.0085093   0.00745537   0.00610842   0.00597075   0.00592014   0.00597075   0.00610842   0.00745518   0.00850915   0.0119715   0.0141239   0.0167667   0.0205132   0.0251094   0.0322091   0.0453119   0.06901   0.10491   
-0.00875102   -0.00587931   -0.00372904   -0.00166962   0.00298415   0.00535036   -0.00388348   -0.00161162   9.10837e-10   0.00161159   0.00388339   -0.00534783   -0.00298217   0.00166927   0.00372684   0.00587472   0.008742   0.0122431   0.0176397   0.0156928   0.000198591   -0.0210446   

650000
-10   -9   -8   -7   -5   -4   -3   -2   -1   0   1   2   3   4   5   7   8   9   10   11   12   13   14   15   
-1.04473   -0.961666   -0.868793   -0.771565   -0.577803   -0.479997   -0.330665   -0.211685   -0.107009   -2.98177e-09   0.107009   0.211686   0.330666   0.479984   0.577793   0.771567   0.868804   0.961685   1.04477   1.11914   1.14793   1.13467   1.08701   0.993174   
0.0206333   0.0167959   0.0140813   0.011942   0.0084938   0.00744285   0.00661056   0.00609924   0.00596436   0.00591145   0.00596435   0.00609924   0.0066105   0.00744267   0.00849366   0.0119418   0.0140811   0.0167966   0.0206363   0.0249705   0.0324871   0.0448873   0.0684709   0.103935   
-0.00883111   -0.0058998   -0.00370204   -0.00165066   0.00300209   0.00536888   -0.00302856   -0.00384207   -0.00158852   5.57786e-10   0.00158849   0.00384198   0.00302835   -0.00536635   -0.00300009   0.00165028   0.00369985   0.00589533   0.00882251   0.0121525   0.0177851   0.0158346   0.000458914   -0.020577   

655000
-10   -9   -8   -7   -6   -5   -4   -3   -2   -1   0   1   2   3   4   5   6   7   8   9   10   11   12   13   14   15   
-1.04392   -0.961467   -0.868987   -0.771679   -0.674267   -0.577858   -0.480046   -0.330219   -0.211801   -0.107032   1.7478e-08   0.107032   0.211801   0.33022   0.480033   0.577848   0.674262   0.771681   0.868998   0.961492   1.04398   1.1201   1.14442   1.13756   1.09013   0.997738   
0.0207466   0.0168179   0.0140394   0.0119129   0.0100371   0.00847892   0.00743087   0.00659359   0.00609089   0.00595493   0.0059035   0.00595493   0.00609088   0.00659354   0.00743072   0.00847878   0.0100369   0.0119128   0.0140392   0.0168177   0.0207462   0.024833   0.0328427   0.0444882   0.0679645   0.10308   
-0.0089058   -0.00591631   -0.0036755   -0.00163217   0.000559827   0.00301958   0.00538715   -0.00311391   -0.00380026   -0.0015781   -3.41628e-09   0.00157808   0.00380017   0.00311368   -0.00538458   -0.00301759   -0.000558728   0.00163183   0.00367333   0.00591115   0.00889473   0.0120619   0.0179617   0.0159696   0.000706518   -0.0201578   

660000
-10   -9   -8   -7   -6   -5   -4   -3   -2   -1   0   1   2   3   4   5   6   7   8   9   10   11   12   13   14   15   
-1.04466   -0.961854   -0.869177   -0.771791   -0.674337   -0.57791   -0.480092   -0.329993   -0.211915   -0.107056   4.15378e-10   0.107056   0.211916   0.329993   0.48008   0.5779   0.674332   0.771793   0.869187   0.961879   1.04472   1.12105   1.14237   1.14029   1.0931   1.00181   
0.0206324   0.0167497   0.0139983   0.0118845   0.0100177   0.00846463   0.00741939   0.00657702   0.00608352   0.00594638   0.00589632   0.00594638   0.00608352   0.00657697   0.0074192   0.00846448   0.0100176   0.0118843   0.0139982   0.0167494   0.020632   0.0246971   0.0330496   0.0441098   0.0674778   0.102307   
-0.00883382   -0.0058731   -0.00364941   -0.00161384   0.000575611   0.00303671   0.00540518   -0.00315048   -0.00375819   -0.00156693   -4.20827e-11   0.0015669   0.0037581   0.00315052   -0.00540263   -0.00303469   -0.000574508   0.00161349   0.00364726   0.00586804   0.00882293   0.0119717   0.0180568   0.0160992   0.000947296   -0.0197802   

665000
-10   -9   -8   -7   -6   -5   -4   -3   -2   -1   0   1   2   3   4   5   6   7   8   9   10   11   12   13   14   15   16   
-1.04538   -0.96223   -0.869362   -0.7719   -0.674404   -0.577959   -0.479615   -0.329763   -0.212029   -0.107083   3.65361e-08   0.107083   0.212029   0.329763   0.47962   0.57795   0.674399   0.771902   0.869372   0.962255   1.04543   1.12198   1.14535   1.1429   1.09597   1.00551   0.907385   
0.0205224   0.0166832   0.013958   0.0118565   0.00999886   0.00845086   0.00740634   0.00656088   0.00607694   0.00593863   0.00589006   0.00593863   0.00607694   0.00656084   0.00740622   0.00845071   0.00999874   0.0118564   0.0139579   0.016683   0.0205221   0.0245637   0.0327331   0.04375   0.0670041   0.101611   0.144257   
-0.00876459   -0.00583083   -0.00362372   -0.00159597   0.000591114   0.00305343   0.00530944   -0.00318766   -0.00371582   -0.00155507   -7.50092e-09   0.00155505   0.00371572   0.0031876   -0.00531088   -0.00305145   -0.000590001   0.00159565   0.00362158   0.00582576   0.00875354   0.0118823   0.0178983   0.0162224   0.00118457   -0.0194373   -0.0417656   

670000
-10   -9   -8   -7   -6   -5   -4   -3   -2   0   2   3   4   5   6   7   8   9   10   11   12   13   14   15   
-1.04607   -0.962593   -0.869544   -0.772007   -0.674469   -0.578005   -0.478935   -0.32949   -0.212143   1.80417e-08   0.212143   0.32949   0.478941   0.577996   0.674464   0.772009   0.869554   0.962618   1.04612   1.1229   1.14816   1.1454   1.09875   1.00896   
0.0204163   0.0166187   0.0139184   0.0118291   0.00998053   0.00843762   0.00739319   0.00654516   0.00607113   0.00588455   0.00607113   0.00654512   0.00739305   0.00843745   0.00998039   0.011829   0.0139183   0.0166185   0.020416   0.0244328   0.0324395   0.0434058   0.0665454   0.100961   
-0.00869713   -0.00578983   -0.0035984   -0.00157826   0.000606355   0.00306985   0.00517011   -0.0032344   -0.00367318   -3.62257e-09   0.00367308   0.00323432   -0.00517161   -0.0030679   -0.00060525   0.00157793   0.00359629   0.00578482   0.00868628   0.0117938   0.0177425   0.0163398   0.0014168   -0.0191152   

675000
-10   -9   -8   -7   -6   -5   -4   -3   -1   0   1   3   4   5   6   7   8   9   10   11   12   13   14   15   
-1.04673   -0.962948   -0.869722   -0.772111   -0.674532   -0.578049   -0.478267   -0.329185   -0.107154   2.02565e-08   0.107155   0.329185   0.478273   0.57804   0.674527   0.772113   0.869732   0.962973   1.04679   1.1238   1.15083   1.14782   1.10147   1.01223   
0.0203139   0.0165556   0.0138794   0.0118022   0.00996271   0.00842489   0.00738044   0.00652986   0.00592387   0.00587974   0.00592387   0.00652985   0.00738032   0.00842474   0.00996255   0.0118021   0.0138793   0.0165554   0.0203136   0.0243045   0.0321661   0.0430726   0.0661012   0.100341   
-0.00863183   -0.00574981   -0.00357344   -0.00156088   0.000621322   0.00308592   0.00503376   -0.00328815   -0.0015271   -4.05161e-09   0.00152706   0.00328805   -0.00503521   -0.00308394   -0.000620222   0.00156057   0.00357133   0.00574484   0.00862114   0.0117065   0.0175895   0.0164547   0.00164339   -0.0188051   

680000
-10   -9   -8   -7   -6   -5   -3   -2   -1   0   1   2   3   5   6   7   8   9   10   11   12   13   14   15   16   17   
-1.04737   -0.963295   -0.869896   -0.772214   -0.674592   -0.57809   -0.328854   -0.21235   -0.107228   3.83023e-11   0.107228   0.21235   0.328855   0.578081   0.674587   0.772215   0.869906   0.963319   1.04743   1.12468   1.15335   1.15016   1.10411   1.01535   0.585257   0.489304   
0.020215   0.0164938   0.0138411   0.0117757   0.00994528   0.00841267   0.00651506   0.00605762   0.00591368   0.00587422   0.00591368   0.00605761   0.00651502   0.00841251   0.00994513   0.0117756   0.013841   0.0164936   0.0202147   0.0241794   0.0319105   0.0427495   0.0656627   0.0997502   0.100648   0.150388   
-0.00856851   -0.00571074   -0.00354879   -0.00154366   0.000636079   0.00310168   -0.0033474   -0.00359709   -0.00150616   -8.74982e-12   0.00150613   0.00359699   0.00334726   -0.0030997   -0.000634965   0.00154339   0.0035467   0.00570582   0.00855803   0.0116206   0.017439   0.0165663   0.00186557   -0.0185076   -0.0086996   -0.0301128   

685000
-10   -9   -8   -7   -6   -5   -3   -2   -1   0   1   2   3   5   6   7   8   9   10   11   12   13   14   15   
-1.04799   -0.963631   -0.870068   -0.772314   -0.67465   -0.578129   -0.328505   -0.212474   -0.107301   2.96252e-11   0.107301   0.212474   0.328505   0.578119   0.674645   0.772315   0.870078   0.963655   1.04804   1.12553   1.15574   1.15245   1.10671   1.01837   
0.0201194   0.0164337   0.0138034   0.0117497   0.0099283   0.00840091   0.00650063   0.00604612   0.00590425   0.00586192   0.00590425   0.00604612   0.00650061   0.00840076   0.00992817   0.0117496   0.0138032   0.0164335   0.0201191   0.0240581   0.0316705   0.0424352   0.065234   0.0991768   
-0.00850714   -0.00567268   -0.00352444   -0.00152672   0.00065061   0.00311711   -0.00341079   -0.00355898   -0.00148507   -6.5676e-12   0.00148504   0.00355888   0.00341064   -0.00311513   -0.000649478   0.00152644   0.00352235   0.0056678   0.00849682   0.0115367   0.0172912   0.0166733   0.0020843   -0.0182169   

690000
-10   -9   -8   -7   -6   -5   -4   -3   -2   -1   0   1   2   3   4   5   6   7   8   9   10   11   12   13   14   15   16   
-1.04859   -0.963957   -0.870236   -0.772412   -0.674707   -0.578164   -0.476352   -0.32814   -0.212598   -0.107374   7.31735e-11   0.107374   0.212599   0.328141   0.476358   0.578155   0.674702   0.772413   0.870246   0.963981   1.04864   1.12635   1.15802   1.1547   1.10928   1.0213   0.895828   
0.0200268   0.0163752   0.0137662   0.0117242   0.00991173   0.00838972   0.00733987   0.00648656   0.00603547   0.00589558   0.00585043   0.00589557   0.00603546   0.00648652   0.00733974   0.00838956   0.0099116   0.011724   0.013766   0.0163749   0.0200265   0.0239408   0.0314444   0.0421275   0.0648086   0.0986201   0.147384   
-0.00844757   -0.00563558   -0.00350037   -0.00151004   0.000664884   0.00313221   0.00464027   -0.00347753   -0.00352028   -0.00146387   -1.69449e-11   0.00146385   0.00352018   0.00347736   -0.00464161   -0.00313021   -0.000663741   0.00150976   0.00349829   0.00563073   0.0084374   0.0114549   0.0171461   0.016777   0.00230336   -0.0179341   -0.0434224   

695000
-10   -9   -8   -7   -6   -5   -4   -3   -2   -1   0   1   2   3   4   5   6   7   8   9   10   11   12   13   14   15   16   
-1.04917   -0.964273   -0.870402   -0.772507   -0.674762   -0.578196   -0.475746   -0.327763   -0.212723   -0.107447   1.53252e-10   0.107448   0.212723   0.327764   0.475752   0.578187   0.674756   0.772509   0.870412   0.964297   1.04922   1.12715   1.16019   1.15693   1.11184   1.02416   0.595272   
0.0199371   0.0163182   0.0137295   0.0116992   0.00989554   0.00837927   0.00732422   0.00647285   0.00602563   0.00588764   0.00583976   0.00588763   0.00602562   0.00647282   0.00732409   0.00837911   0.0098954   0.0116991   0.0137293   0.0163179   0.0199368   0.0238278   0.0312306   0.0418243   0.064386   0.0980763   0.0983788   
-0.00838973   -0.00559938   -0.0034765   -0.00149367   0.000678928   0.00314679   0.00451392   -0.00354699   -0.00348103   -0.00144262   -3.38687e-11   0.00144259   0.00348093   0.00354681   -0.00451526   -0.00314482   -0.000677781   0.0014934   0.00347446   0.00559458   0.00837968   0.0113756   0.0170036   0.0168788   0.00252322   -0.0176568   -0.00738008   

700000
-10   -9   -8   -7   -6   -5   -4   -3   -2   -1   0   1   2   3   4   6   7   8   9   10   11   12   13   14   15   
-1.04973   -0.964581   -0.870566   -0.7726   -0.674814   -0.578227   -0.475147   -0.327466   -0.212848   -0.10752   -3.44161e-09   0.10752   0.212848   0.327466   0.475152   0.674809   0.772601   0.870575   0.964604   1.04978   1.1279   1.16227   1.15913   1.11438   1.02695   
0.0198501   0.0162626   0.0136932   0.0116748   0.00987977   0.0083691   0.00730894   0.00645955   0.00601651   0.00588039   0.00582978   0.00588039   0.00601651   0.00645951   0.00730882   0.00987964   0.0116747   0.013693   0.0162622   0.0198498   0.0237198   0.0310276   0.041525   0.0639652   0.0975475   
-0.00833349   -0.00556404   -0.00345286   -0.00147756   0.000692742   0.00316118   0.004389   -0.00359864   -0.00344124   -0.00142135   7.30699e-10   0.00142132   0.00344114   0.00359867   -0.00439033   -0.00069159   0.00147729   0.00345084   0.00555927   0.00832354   0.0112992   0.0168639   0.0169778   0.00274378   -0.0173875   

705000
-10   -9   -8   -7   -6   -5   -3   -2   -1   0   1   2   3   4   5   6   7   8   9   10   11   12   13   14   15   
-1.05027   -0.964879   -0.870726   -0.77269   -0.674865   -0.578279   -0.327287   -0.212974   -0.107593   -9.20577e-10   0.107593   0.212974   0.327287   0.474557   0.578269   0.67486   0.772692   0.870735   0.964902   1.05032   1.12862   1.16425   1.16132   1.1169   1.0297   
0.0197657   0.0162081   0.0136576   0.0116509   0.00986442   0.00835577   0.00644673   0.00600813   0.0058738   0.00582048   0.00587379   0.00600812   0.00644674   0.00729391   0.00835565   0.00986428   0.0116507   0.0136574   0.0162079   0.0197653   0.0236172   0.0308342   0.0412299   0.0635499   0.0970293   
-0.00827873   -0.00552949   -0.00342956   -0.00146176   0.000706325   0.00317711   -0.00362394   -0.00340096   -0.00140013   1.80376e-10   0.0014001   0.00340086   0.00362388   -0.0042666   -0.0031751   -0.000705169   0.0014615   0.00342756   0.00552478   0.00826887   0.0112262   0.0167267   0.0170733   0.00296276   -0.0171221   

710000
-10   -9   -8   -7   -6   -5   -3   -2   -1   0   1   2   3   4   5   6   7   8   9   10   11   12   13   14   15   
-1.05079   -0.96517   -0.870882   -0.772778   -0.674914   -0.578342   -0.32707   -0.2131   -0.107645   -7.43376e-09   0.107645   0.2131   0.32707   0.473967   0.578333   0.674908   0.77278   0.870892   0.965193   1.05084   1.12929   1.16616   1.1635   1.1194   1.03243   
0.0196833   0.016155   0.0136225   0.0116274   0.00984948   0.00834073   0.00643425   0.00600042   0.00586626   0.00581183   0.00586625   0.00600042   0.00643422   0.00727934   0.0083406   0.00984934   0.0116273   0.0136224   0.0161548   0.0196831   0.0235211   0.0306492   0.0409385   0.0631355   0.0965067   
-0.00822534   -0.00549572   -0.00340656   -0.00144621   0.000719678   0.00319386   -0.00365768   -0.00336033   -0.00138382   1.52615e-09   0.0013838   0.00336023   0.00365761   -0.0041439   -0.00319184   -0.00071852   0.00144595   0.00340459   0.00549101   0.00821559   0.0111571   0.016592   0.0171671   0.00317942   -0.0168529   

715000
-10   -9   -8   -7   -6   -5   -4   -3   -2   -1   0   1   2   3   4   5   6   7   8   9   10   11   12   13   14   15   
-1.05131   -0.965453   -0.871037   -0.772865   -0.67496   -0.578403   -0.473376   -0.326823   -0.213226   -0.107672   -6.58691e-09   0.107672   0.213226   0.326823   0.473381   0.578394   0.674955   0.772866   0.871046   0.965475   1.05135   1.12991   1.168   1.16567   1.12195   1.03517   
0.0196033   0.0161031   0.0135879   0.0116043   0.00983495   0.00832614   0.00726518   0.00642222   0.00599339   0.00585722   0.0058038   0.00585722   0.00599338   0.00642219   0.00726505   0.00832602   0.00983481   0.0116042   0.0135878   0.016103   0.0196031   0.0234322   0.0304716   0.040649   0.0627131   0.0959811   
-0.00817325   -0.00546261   -0.00338379   -0.00143085   0.000732798   0.00321034   0.00402078   -0.00369783   -0.00331945   -0.00137379   1.41287e-09   0.00137377   0.00331935   0.00369775   -0.00402211   -0.00320831   -0.000731648   0.0014306   0.00338186   0.00545796   0.0081636   0.0110926   0.0164597   0.017258   0.00340258   -0.0165806   

720000
-10   -9   -8   -7   -6   -5   -4   -3   -2   -1   0   1   2   3   4   5   6   7   8   9   10   11   12   13   14   15   16   
-1.0518   -0.965729   -0.871189   -0.772949   -0.675005   -0.578462   -0.472793   -0.326553   -0.213343   -0.1077   -5.15171e-08   0.1077   0.213344   0.326554   0.472799   0.578453   0.674999   0.772951   0.871198   0.965751   1.05185   1.13046   1.16978   1.16783   1.12457   1.0379   0.528485   
0.0195253   0.0160524   0.0135538   0.0115817   0.00982085   0.00831199   0.0072512   0.00641061   0.00598656   0.00584896   0.00579642   0.00584896   0.00598655   0.00641059   0.00725108   0.00831186   0.0098207   0.0115816   0.0135536   0.0160522   0.0195251   0.0233515   0.0303006   0.0403623   0.0622755   0.0954581   0.115726   
-0.00812237   -0.00543017   -0.00336123   -0.00141575   0.00074569   0.00322657   0.00389976   -0.0037429   -0.0032808   -0.0013633   1.02798e-08   0.00136327   0.0032807   0.0037428   -0.0039011   -0.00322456   -0.00074451   0.0014155   0.00335926   0.00542557   0.0081128   0.0110337   0.0163297   0.0173454   0.00363684   -0.0163072   -0.0168216   

725000
-10   -9   -8   -7   -6   -5   -4   -3   -2   -1   0   1   2   3   4   5   6   7   8   9   10   11   12   13   14   15   
-1.05229   -0.965998   -0.871339   -0.773031   -0.675048   -0.578518   -0.47224   -0.326265   -0.21343   -0.10773   -8.39857e-09   0.10773   0.213431   0.326266   0.472245   0.578509   0.675042   0.773032   0.871348   0.96602   1.05233   1.13095   1.17149   1.16998   1.12726   1.04061   
0.0194493   0.0160026   0.0135201   0.0115596   0.00980714   0.00829833   0.0072371   0.00639933   0.00597831   0.00584137   0.00578979   0.00584138   0.0059783   0.00639929   0.00723699   0.00829819   0.009807   0.0115595   0.0135199   0.0160025   0.019449   0.0232805   0.0301351   0.0400783   0.0618279   0.0949352   
-0.00807265   -0.00539834   -0.00333889   -0.00140094   0.000758326   0.00324248   0.00378515   -0.00379188   -0.00325164   -0.00135238   1.8608e-09   0.00135235   0.00325155   0.00379177   -0.00378631   -0.00324047   -0.000757151   0.0014007   0.00333693   0.00539381   0.00806311   0.0109811   0.0162018   0.0174295   0.00388107   -0.0160325   

730000
-10   -9   -8   -7   -6   -5   -3   -2   -1   0   1   2   3   5   6   7   8   9   10   11   12   13   14   15   16   
-1.05276   -0.966261   -0.871486   -0.773112   -0.675088   -0.578572   -0.325963   -0.213518   -0.10776   -2.51489e-08   0.10776   0.213519   0.325964   0.578562   0.675083   0.773113   0.871496   0.966283   1.0528   1.13135   1.17316   1.17213   1.12999   1.04335   0.899851   
0.0193749   0.0159539   0.0134867   0.0115378   0.00979385   0.00828513   0.00638836   0.00597081   0.00583442   0.0057838   0.00583442   0.00597081   0.00638833   0.00828499   0.0097937   0.0115377   0.0134866   0.0159537   0.0193746   0.0232204   0.0299746   0.039797   0.0613645   0.0944081   0.146723   
-0.00802391   -0.00536713   -0.00331676   -0.00138633   0.000770729   0.00325809   -0.00384395   -0.00322168   -0.00134109   4.96741e-09   0.00134107   0.00322158   0.00384382   -0.00325607   -0.000769548   0.0013861   0.00331481   0.00536258   0.00801448   0.0109358   0.016076   0.0175115   0.00413315   -0.0157556   -0.043234   

735000
-10   -9   -8   -7   -6   -5   -4   -3   -2   -1   0   1   2   3   4   5   6   7   8   9   10   11   12   13   14   15   16   
-1.05322   -0.966518   -0.871632   -0.77319   -0.675125   -0.578623   -0.471157   -0.32565   -0.213608   -0.107791   -4.53246e-10   0.107791   0.213608   0.325651   0.471162   0.578614   0.675119   0.773191   0.871641   0.96654   1.05327   1.13165   1.17478   1.17428   1.13277   1.04615   0.908848   
0.0193018   0.0159061   0.0134538   0.0115165   0.00978132   0.00827233   0.00720968   0.00637771   0.00596397   0.00582807   0.00577839   0.00582807   0.00596397   0.00637768   0.00720958   0.00827217   0.00978117   0.0115163   0.0134537   0.0159059   0.0193017   0.0231733   0.0298184   0.0395175   0.0609016   0.0938759   0.144323   
-0.00797617   -0.00533645   -0.00329483   -0.00137189   0.000782629   0.00327346   0.00356137   -0.00389832   -0.00319098   -0.00132946   9.7162e-11   0.00132943   0.00319088   0.00389818   -0.00356253   -0.00327147   -0.000781456   0.00137168   0.0032929   0.00533193   0.00796685   0.0108993   0.0159522   0.0175903   0.00438735   -0.0154767   -0.0420792   

740000
-10   -9   -8   -7   -6   -5   -4   -3   -2   -1   0   1   2   3   4   5   6   7   8   9   10   11   12   13   14   15   16   
-1.05367   -0.96677   -0.871776   -0.773268   -0.675159   -0.578673   -0.470618   -0.325329   -0.213699   -0.107823   -1.99585e-09   0.107823   0.213699   0.325329   0.470623   0.578664   0.675154   0.773269   0.871785   0.966791   1.05372   1.13183   1.17636   1.1763   1.13531   1.04902   0.915132   
0.0192303   0.0158591   0.0134213   0.0114954   0.00976924   0.00825992   0.00719661   0.00636733   0.00595779   0.00582232   0.00577358   0.00582231   0.00595778   0.00636732   0.00719649   0.00825976   0.00976908   0.0114953   0.0134212   0.015859   0.0192303   0.0231415   0.0296662   0.0392579   0.0604823   0.0933319   0.142687   
-0.00792934   -0.00530627   -0.00327306   -0.00135767   0.000794245   0.00328859   0.00344998   -0.00395458   -0.0031596   -0.0013175   4.76716e-10   0.00131747   0.00315951   0.00395444   -0.00345119   -0.0032866   -0.000793072   0.00135746   0.00327114   0.00530179   0.00792011   0.0108732   0.0158306   0.0176583   0.00460397   -0.0151916   -0.0412829   

745000
-10   -9   -8   -7   -6   -5   -4   -3   -2   -1   0   1   2   3   4   5   6   7   8   9   10   11   12   13   14   15   16   
-1.05412   -0.967016   -0.871917   -0.773343   -0.675192   -0.578721   -0.470079   -0.325029   -0.213791   -0.107856   -3.81619e-11   0.107856   0.213792   0.325029   0.470084   0.578711   0.675186   0.773344   0.871925   0.967038   1.05416   1.13188   1.1779   1.17832   1.13791   1.05201   0.92079   
0.0191604   0.015813   0.0133892   0.0114747   0.00975748   0.0082479   0.00718382   0.00635729   0.00595224   0.00581714   0.00576935   0.00581713   0.00595223   0.00635727   0.00718371   0.00824775   0.00975734   0.0114745   0.0133891   0.0158129   0.0191602   0.0231271   0.029517   0.0389995   0.0600526   0.0927612   0.141219   
-0.00788338   -0.00527657   -0.00325159   -0.00134362   0.000805671   0.00330351   0.00333891   -0.00400605   -0.00312757   -0.00130523   9.3441e-12   0.0013052   0.00312747   0.004006   -0.00334011   -0.0033015   -0.000804436   0.00134341   0.0032498   0.00527211   0.00787422   0.0108588   0.015711   0.0177248   0.0048305   -0.0148915   -0.0405668   

750000
-10   -9   -8   -7   -6   -5   -4   -3   -2   -1   0   1   2   4   5   6   7   8   9   10   11   12   13   14   15   16   
-1.05455   -0.967258   -0.872056   -0.773417   -0.675224   -0.578766   -0.469542   -0.324876   -0.213885   -0.107889   -5.33324e-10   0.107889   0.213885   0.469547   0.578757   0.675218   0.773418   0.872065   0.967279   1.0546   1.13178   1.17941   1.18034   1.14059   1.05515   0.528149   
0.0190917   0.0157677   0.0133575   0.0114543   0.00974599   0.00823627   0.00717132   0.00634778   0.00594729   0.00581261   0.00576574   0.00581261   0.00594728   0.0071712   0.00823613   0.00974584   0.0114542   0.0133574   0.0157675   0.0190916   0.0231329   0.0293707   0.0387423   0.0596125   0.0921652   0.116032   
-0.00783823   -0.00524732   -0.00323029   -0.00132976   0.000816885   0.00331819   0.00322809   -0.00402493   -0.003095   -0.0012927   1.13334e-10   0.00129268   0.0030949   -0.00322931   -0.00331617   -0.000815692   0.00132956   0.0032284   0.00524289   0.00782915   0.0108581   0.0155934   0.0177897   0.00506491   -0.014574   -0.017007   

755000
-10   -9   -8   -7   -6   -5   -4   -3   -2   0   2   3   4   5   6   7   8   9   10   11   12   13   14   15   16   
-1.05498   -0.967495   -0.872194   -0.77349   -0.675255   -0.57881   -0.469006   -0.324712   -0.213979   1.81498e-09   0.21398   0.324712   0.469011   0.578801   0.675249   0.773491   0.872203   0.967516   1.05502   1.1315   1.18088   1.18236   1.14333   1.05845   0.930057   
0.0190243   0.0157231   0.0133262   0.0114343   0.00973473   0.00822504   0.00715908   0.00633594   0.00594289   0.00576153   0.00594289   0.00633592   0.00715898   0.00822487   0.00973459   0.0114342   0.0133261   0.015723   0.0190242   0.0231619   0.029227   0.0384868   0.0591632   0.0915319   0.138853   
-0.00779379   -0.00521849   -0.00320926   -0.00131613   0.000827894   0.00333264   0.0031175   -0.00404851   -0.00306193   -4.12335e-10   0.00306183   0.00404843   -0.00311872   -0.00333066   -0.000826641   0.00131593   0.00320732   0.00521409   0.00778478   0.0108729   0.0154783   0.017852   0.00530446   -0.0142346   -0.039411   

760000
-10   -9   -8   -7   -6   -5   -3   -1   0   1   3   4   5   6   7   8   9   10   11   12   13   14   15   16   18   
-1.05539   -0.967727   -0.872329   -0.773561   -0.675286   -0.578851   -0.324534   -0.107989   3.81297e-10   0.107989   0.324534   0.468477   0.578842   0.67528   0.773562   0.872338   0.967748   1.05544   1.131   1.18232   1.18438   1.14611   1.06158   0.934689   0.508834   
0.0189581   0.0156792   0.0132954   0.0114145   0.00972359   0.00821419   0.00632292   0.00580161   0.00575152   0.0058016   0.0063229   0.00714701   0.00821404   0.00972347   0.0114144   0.0132953   0.0156791   0.0189579   0.0232192   0.0290851   0.0382331   0.0587055   0.0909421   0.137674   0.164357   
-0.00775001   -0.00519007   -0.00318842   -0.00130267   0.000838843   0.00334685   -0.00407608   -0.00126166   -7.99857e-11   0.00126163   0.00407599   -0.00300865   -0.00334484   -0.000837533   0.00130249   0.00318657   0.00518569   0.00774106   0.0109067   0.015367   0.0179119   0.00554578   -0.0139225   -0.0388308   -0.0366809   

765000
-10   -9   -8   -7   -6   -5   -4   -3   -2   -1   0   1   2   3   4   5   6   7   8   9   10   11   12   13   14   15   
-1.0558   -0.967956   -0.872462   -0.773632   -0.675318   -0.578891   -0.467991   -0.324338   -0.214179   -0.10806   -1.58824e-09   0.10806   0.214179   0.324338   0.467995   0.578882   0.675312   0.773632   0.87247   0.967977   1.05585   1.13024   1.18369   1.1864   1.14896   1.06456   
0.0188929   0.015636   0.013265   0.0113951   0.00971244   0.00820374   0.00713506   0.00631024   0.00593476   0.00579456   0.0057421   0.00579456   0.00593476   0.00631021   0.00713496   0.00820359   0.0097123   0.011395   0.0132649   0.0156359   0.0188928   0.0233115   0.028944   0.0379796   0.0582412   0.0903908   
-0.00770685   -0.00516202   -0.00316785   -0.00128941   0.000849635   0.00336083   0.00290931   -0.00410749   -0.00299369   -0.00124266   2.89966e-10   0.00124263   0.00299359   0.00410738   -0.00291028   -0.0033588   -0.000848359   0.00128922   0.00316602   0.00515767   0.00769796   0.0109636   0.0152656   0.0179706   0.00579268   -0.013637   

770000
-10   -9   -8   -7   -6   -5   -4   -3   -2   -1   0   1   2   3   4   5   6   7   8   9   10   11   12   13   14   15   16   
-1.0562   -0.96818   -0.872591   -0.7737   -0.675376   -0.578928   -0.46751   -0.324128   -0.214302   -0.10813   8.00276e-10   0.10813   0.214302   0.324128   0.467514   0.578918   0.67537   0.773701   0.8726   0.968201   1.05625   1.12914   1.18499   1.18845   1.15187   1.06761   0.943169   
0.0188288   0.0155934   0.0132351   0.011376   0.00969735   0.00819378   0.0071233   0.00629788   0.0059273   0.00578809   0.00573322   0.00578808   0.0059273   0.00629786   0.00712321   0.00819362   0.00969722   0.0113759   0.013235   0.0155933   0.0188286   0.0234487   0.0288032   0.0377252   0.0577646   0.0898287   0.135555   
-0.00766424   -0.00513433   -0.00314762   -0.00127633   0.000862742   0.0033745   0.00281124   -0.0041418   -0.00295734   -0.00122371   -2.19615e-11   0.00122368   0.00295724   0.00414169   -0.00281223   -0.00337248   -0.000861507   0.00127617   0.0031458   0.00513001   0.00765543   0.0110497   0.0151739   0.0180273   0.00604857   -0.0133466   -0.0377823   

775000
-10   -9   -8   -7   -6   -5   -4   -3   -2   -1   0   2   3   4   5   6   7   8   9   10   11   12   13   14   15   16   
-1.0566   -0.968402   -0.872718   -0.773767   -0.675436   -0.578961   -0.46703   -0.323907   -0.214392   -0.108197   -5.02958e-10   0.214392   0.323908   0.467034   0.578951   0.675431   0.773768   0.872727   0.968423   1.05664   1.12759   1.18627   1.19051   1.15484   1.07078   0.947356   
0.0187657   0.0155515   0.0132059   0.0113572   0.00968186   0.00818453   0.00711182   0.00628585   0.00591826   0.00578192   0.00572487   0.00591825   0.00628582   0.00711173   0.00818437   0.00968174   0.0113571   0.0132058   0.0155512   0.0187655   0.0236451   0.0286637   0.0374704   0.0572796   0.089245   0.134522   
-0.00762215   -0.00510687   -0.00312775   -0.00126347   0.000876089   0.00338773   0.00271326   -0.00417827   -0.00293046   -0.0012056   1.59533e-10   0.00293036   0.00417815   -0.00271425   -0.00338571   -0.000874848   0.0012633   0.00312593   0.00510252   0.00761342   0.0111739   0.015085   0.0180809   0.00631001   -0.0130433   -0.037268   

780000
-10   -9   -8   -7   -6   -5   -4   -3   -2   -1   0   1   2   3   4   5   6   7   8   9   10   11   12   13   14   15   16   
-1.05699   -0.968619   -0.872841   -0.773833   -0.675495   -0.578992   -0.46655   -0.323678   -0.214483   -0.108226   -2.70441e-09   0.108226   0.214484   0.323679   0.466554   0.578983   0.67549   0.773834   0.87285   0.968639   1.05703   1.12634   1.18751   1.19259   1.15784   1.07408   0.951584   
0.0187033   0.01551   0.0131774   0.0113387   0.00966675   0.00817565   0.00710062   0.00627412   0.00590981   0.00577313   0.00571703   0.00577312   0.0059098   0.00627409   0.00710055   0.00817549   0.00966663   0.0113386   0.0131773   0.0155099   0.0187032   0.0238052   0.0285286   0.0372148   0.0567915   0.0886378   0.133481   
-0.0075806   -0.00507994   -0.00310831   -0.0012508   0.000889229   0.00340074   0.00261534   -0.00421639   -0.00290282   -0.00119644   5.74293e-10   0.00119641   0.00290272   0.00421626   -0.00261633   -0.00339872   -0.000887981   0.00125063   0.0031065   0.00507566   0.00757191   0.0112748   0.0149983   0.0181322   0.00657115   -0.0127257   -0.0367485   

785000
-10   -9   -8   -7   -6   -5   -4   -3   -2   -1   0   1   2   3   4   5   6   7   8   9   10   11   12   13   14   15   16   
-1.05737   -0.968833   -0.872961   -0.773898   -0.675553   -0.579022   -0.466069   -0.323444   -0.214577   -0.108255   -9.95146e-10   0.108256   0.214577   0.323444   0.466074   0.579013   0.675547   0.773898   0.87297   0.968854   1.05741   1.12733   1.18873   1.1947   1.16088   1.07751   0.955569   
0.0186419   0.0154692   0.0131493   0.0113206   0.00965199   0.00816699   0.00708986   0.00626269   0.00590191   0.00576487   0.00570975   0.00576487   0.0059019   0.00626267   0.00708977   0.00816683   0.00965187   0.0113205   0.0131492   0.015469   0.0186417   0.0236734   0.0283944   0.0369591   0.0562992   0.0880046   0.132506   
-0.00753931   -0.00505311   -0.00308917   -0.00123834   0.000902173   0.00341359   0.00251742   -0.00425564   -0.00287452   -0.00118694   1.68506e-10   0.00118691   0.00287442   0.0042555   -0.00251845   -0.00341157   -0.000900922   0.00123818   0.00308737   0.00504882   0.00753085   0.0111914   0.0149118   0.0181801   0.00683397   -0.0123932   -0.0362636   

790000
-10   -9   -8   -7   -6   -5   -4   -3   -2   -1   0   1   2   3   4   5   6   7   8   9   10   11   12   13   14   15   
-1.05774   -0.969044   -0.873078   -0.773961   -0.675608   -0.579052   -0.465589   -0.323307   -0.214671   -0.108286   1.17901e-10   0.108286   0.214672   0.323307   0.465593   0.579042   0.675602   0.773961   0.873086   0.969064   1.05779   1.12829   1.18995   1.19682   1.16396   1.08104   
0.0185813   0.0154289   0.0131221   0.0113028   0.00963757   0.00815856   0.00707936   0.00625165   0.00589453   0.00575722   0.00570301   0.00575721   0.00589452   0.00625163   0.00707928   0.00815841   0.00963744   0.0113027   0.013122   0.0154287   0.0185811   0.0235458   0.0282614   0.0367041   0.0557972   0.0873538   
-0.00749881   -0.00502682   -0.00307054   -0.00122607   0.000914926   0.00342628   0.00241962   -0.00427365   -0.00284565   -0.00117715   -7.10678e-12   0.00117713   0.00284555   0.00427357   -0.00242065   -0.00342424   -0.000913674   0.00122591   0.00306875   0.0050226   0.00749024   0.0111105   0.0148255   0.018224   0.00710452   -0.0120509   

795000
-10   -9   -8   -7   -6   -5   -4   -3   -2   -1   0   1   2   3   4   5   6   7   8   9   10   11   12   13   14   15   16   
-1.05811   -0.969251   -0.873191   -0.774022   -0.675662   -0.57908   -0.465109   -0.323195   -0.214768   -0.108317   1.72906e-09   0.108317   0.214768   0.323196   0.465114   0.579071   0.675656   0.774023   0.8732   0.969272   1.05816   1.12922   1.19116   1.19896   1.16706   1.08465   0.963378   
0.0185217   0.0153891   0.0130954   0.0112853   0.00962346   0.0081503   0.00706911   0.00624093   0.00588765   0.00575007   0.00569676   0.00575007   0.00588765   0.00624091   0.00706902   0.00815014   0.00962333   0.0112852   0.0130953   0.0153889   0.0185213   0.0234221   0.0281294   0.0364494   0.0552943   0.0866951   0.130634   
-0.00745855   -0.00500069   -0.00305227   -0.00121402   0.000927501   0.00343883   0.00232193   -0.00428595   -0.00281623   -0.00116711   -2.47853e-10   0.00116708   0.00281613   0.00428584   -0.00232298   -0.00343679   -0.00092624   0.00121387   0.00305049   0.00499649   0.00745005   0.0110317   0.0147394   0.0182647   0.00737632   -0.011705   -0.0353198   

800000
-10   -9   -8   -7   -6   -5   -4   -3   -2   -1   0   1   2   3   4   5   6   7   8   9   10   11   12   13   14   15   16   
-1.05848   -0.969457   -0.873302   -0.774083   -0.675715   -0.579121   -0.46463   -0.323069   -0.214864   -0.108349   -1.10363e-08   0.108349   0.214865   0.323069   0.464635   0.579111   0.675708   0.774083   0.87331   0.969477   1.05852   1.13012   1.19235   1.20111   1.17017   1.08832   0.967675   
0.0184623   0.0153497   0.0130692   0.0112681   0.00960965   0.00814022   0.00705909   0.0062305   0.00588135   0.00574343   0.005691   0.00574343   0.00588134   0.00623048   0.007059   0.0081401   0.00960955   0.011268   0.0130691   0.0153495   0.0184621   0.0233021   0.0279983   0.0361958   0.0547961   0.0860301   0.129594   
-0.0074187   -0.00497478   -0.00303433   -0.00120218   0.000939907   0.0034522   0.00222439   -0.00430136   -0.00278641   -0.00115681   2.02324e-09   0.00115679   0.00278631   0.00430126   -0.00222545   -0.00345014   -0.000938597   0.00120204   0.00303256   0.0049706   0.00741026   0.010955   0.0146535   0.0183011   0.00764259   -0.0113583   -0.0347982   

805000
-10   -9   -8   -7   -6   -5   -4   -3   -2   -1   0   1   2   3   4   5   6   7   8   9   10   11   12   13   14   15   16   
-1.05884   -0.969659   -0.873408   -0.774141   -0.675765   -0.579178   -0.464152   -0.322931   -0.214962   -0.108381   -2.04482e-08   0.108381   0.214962   0.322931   0.464156   0.579168   0.67576   0.774142   0.873417   0.969679   1.05888   1.131   1.19353   1.20327   1.17327   1.0921   0.972168   
0.0184038   0.0153108   0.0130438   0.0112512   0.00959616   0.00812777   0.00704927   0.00622043   0.00587561   0.00573732   0.00568568   0.00573732   0.00587561   0.0062204   0.00704919   0.00812766   0.00959604   0.0112511   0.0130437   0.0153106   0.0184037   0.0231857   0.0278682   0.0359441   0.0542991   0.0853454   0.128534   
-0.0073792   -0.00494916   -0.0030169   -0.00119056   0.000952127   0.00346676   0.00212701   -0.00431912   -0.00275627   -0.00114632   4.51908e-09   0.0011463   0.00275617   0.00431901   -0.00212808   -0.0034647   -0.00095085   0.00119042   0.00301515   0.00494501   0.0073708   0.0108802   0.0145677   0.0183332   0.00790865   -0.0109983   -0.0342578   

810000
-10   -9   -8   -7   -6   -5   -4   -3   -2   -1   0   1   2   3   4   5   6   7   8   9   10   11   12   13   14   15   16   
-1.0592   -0.969857   -0.873512   -0.774199   -0.675815   -0.579232   -0.463674   -0.322783   -0.21506   -0.108414   6.52906e-09   0.108414   0.21506   0.322784   0.463679   0.579222   0.675809   0.7742   0.87352   0.969877   1.05924   1.13184   1.1947   1.20543   1.17636   1.09597   0.975774   
0.0183459   0.0152725   0.013019   0.0112347   0.00958295   0.00811567   0.00703965   0.00621075   0.00587037   0.0057317   0.00568086   0.00573169   0.00587036   0.00621073   0.00703956   0.00811554   0.00958283   0.0112345   0.0130189   0.0152724   0.0183457   0.0230726   0.0277389   0.035694   0.0538037   0.0846435   0.1277   
-0.00733998   -0.00492388   -0.00299983   -0.00117918   0.000964184   0.00348114   0.00202981   -0.00433858   -0.00272581   -0.00113564   -1.18564e-09   0.00113561   0.00272571   0.00433847   -0.0020309   -0.00347907   -0.000962909   0.00117897   0.0029981   0.00491975   0.00733165   0.0108074   0.0144822   0.0183614   0.0081759   -0.0106287   -0.0338398   

815000
-10   -9   -8   -7   -6   -5   -4   -3   -2   -1   0   1   2   3   4   5   6   7   8   9   10   11   12   13   14   15   
-1.05955   -0.970054   -0.873613   -0.774255   -0.675863   -0.579285   -0.463198   -0.32263   -0.215158   -0.108447   1.11755e-08   0.108447   0.215158   0.32263   0.463203   0.579275   0.675858   0.774255   0.873621   0.970073   1.05959   1.13267   1.19586   1.20759   1.17941   1.0999   
0.0182886   0.0152347   0.0129947   0.0112185   0.00957005   0.00810389   0.00703019   0.00620138   0.00586561   0.00572655   0.00567649   0.00572655   0.0058656   0.00620136   0.00703011   0.00810375   0.0095699   0.0112184   0.0129946   0.0152345   0.0182885   0.0229627   0.0276106   0.0354469   0.0533174   0.0839351   
-0.00730112   -0.00489876   -0.00298313   -0.00116804   0.000976084   0.00349529   0.00193284   -0.00435916   -0.0026951   -0.00112478   -2.12364e-09   0.00112475   0.002695   0.00435904   -0.00193392   -0.00349323   -0.000974848   0.00116796   0.00298141   0.00489474   0.00729284   0.0107364   0.0143968   0.0183848   0.00843716   -0.0102554   

820000
-10   -9   -8   -7   -6   -5   -4   -3   -2   -1   0   1   2   3   4   5   6   7   8   9   10   11   12   13   14   15   
-1.0599   -0.970246   -0.873711   -0.774309   -0.67591   -0.579336   -0.462723   -0.322472   -0.215256   -0.10848   3.31219e-09   0.10848   0.215257   0.322473   0.462728   0.579327   0.675904   0.77431   0.873719   0.970266   1.05994   1.13346   1.19701   1.20974   1.18238   1.10381   
0.018232   0.0151973   0.012971   0.0112026   0.00955742   0.00809242   0.00702087   0.00619234   0.00586134   0.00572188   0.00567268   0.00572187   0.00586133   0.00619231   0.0070208   0.00809227   0.00955729   0.0112025   0.0129709   0.0151971   0.0182318   0.0228559   0.0274835   0.0352029   0.0528468   0.0832349   
-0.0072626   -0.00487406   -0.00296682   -0.00115709   0.000987807   0.00350928   0.00183608   -0.00438039   -0.00266422   -0.00111377   -7.60365e-10   0.00111374   0.00266412   0.00438026   -0.00183717   -0.0035072   -0.000986522   0.00115697   0.0029651   0.00486998   0.00725438   0.0106671   0.0143124   0.018404   0.00868678   -0.00988812   

825000
-10   -9   -8   -7   -6   -5   -3   -2   -1   0   1   2   3   4   5   6   7   8   9   10   11   12   13   14   15   16   
-1.06024   -0.970437   -0.873807   -0.774362   -0.675955   -0.579386   -0.322312   -0.215343   -0.108514   1.00796e-10   0.108514   0.215343   0.322313   0.462255   0.579376   0.675949   0.774362   0.873815   0.970457   1.06028   1.13424   1.19815   1.21188   1.18528   1.10767   0.987638   
0.0181762   0.0151603   0.0129478   0.0111872   0.00954519   0.00808124   0.00618361   0.00585676   0.00571767   0.00566938   0.00571766   0.00585675   0.0061836   0.0070116   0.00808105   0.00954507   0.0111871   0.0129477   0.0151602   0.0181758   0.0227519   0.027357   0.0349625   0.0523872   0.08255   0.124985   
-0.00722444   -0.00484951   -0.00295086   -0.00114653   0.000999287   0.00352306   -0.00440186   -0.00263667   -0.00110263   -3.91724e-11   0.0011026   0.00263657   0.00440173   -0.00174065   -0.00352098   -0.000997962   0.00114641   0.00294914   0.00484545   0.00721632   0.0105994   0.0142273   0.0184191   0.00893246   -0.00953175   -0.0324644   

830000
-10   -9   -8   -7   -6   -5   -3   -2   -1   0   1   2   3   4   5   6   7   8   9   10   11   12   13   14   16   
-1.06058   -0.970625   -0.873899   -0.774411   -0.675997   -0.579434   -0.322152   -0.215403   -0.108547   -1.53365e-10   0.108547   0.215403   0.322153   0.461783   0.579425   0.675991   0.774412   0.873907   0.970645   1.06062   1.13499   1.19928   1.21399   1.18808   0.99179   
0.0181206   0.0151237   0.0129252   0.0111724   0.00953342   0.00807035   0.00617522   0.00585085   0.00571402   0.00566652   0.00571403   0.00585085   0.0061752   0.00700246   0.0080702   0.00953328   0.0111723   0.0129251   0.0151236   0.0181204   0.0226507   0.0272313   0.0347269   0.0519441   0.124047   
-0.0071866   -0.00482519   -0.00293536   -0.00113635   0.00101048   0.00353668   -0.0044232   -0.00261636   -0.00109141   3.33649e-11   0.00109137   0.00261625   0.00442306   -0.00164433   -0.00353461   -0.00100918   0.00113624   0.00293364   0.00482115   0.00717848   0.0105334   0.0141425   0.0184296   0.00917016   -0.0319883   

835000
-10   -9   -8   -7   -6   -5   -4   -3   -2   -1   0   1   2   3   4   5   6   7   8   9   10   11   12   13   14   15   16   
-1.06091   -0.97081   -0.873988   -0.774459   -0.676038   -0.579481   -0.461383   -0.322075   -0.215464   -0.108581   -4.27941e-10   0.108581   0.215464   0.322075   0.461386   0.579471   0.676032   0.77446   0.873996   0.97083   1.06095   1.13573   1.2004   1.21607   1.19073   1.11531   0.996044   
0.0180658   0.0150877   0.0129033   0.0111579   0.00952194   0.00805975   0.00699035   0.0061672   0.00584543   0.00571089   0.00566406   0.00571088   0.00584542   0.00616717   0.00699026   0.00805961   0.0095218   0.0111578   0.0129031   0.0150876   0.0180657   0.0225522   0.0271067   0.0344963   0.051526   0.0811975   0.123089   
-0.0071491   -0.00480122   -0.0029203   -0.00112645   0.00102148   0.00355012   0.00156139   -0.00442699   -0.00259543   -0.00108003   8.94071e-11   0.00108001   0.00259533   0.00442687   -0.00156213   -0.00354806   -0.00102018   0.00112634   0.00291859   0.00479721   0.00714103   0.010469   0.0140581   0.0184363   0.00939216   -0.00882473   -0.0315013   

840000
-10   -9   -8   -7   -6   -5   -4   -3   -2   -1   0   1   2   3   4   5   6   7   8   9   10   11   12   13   14   16   
-1.06124   -0.970993   -0.874074   -0.774506   -0.676077   -0.579526   -0.460998   -0.322017   -0.215527   -0.108615   1.01911e-10   0.108615   0.215527   0.322018   0.461001   0.579517   0.676071   0.774506   0.874082   0.971012   1.06128   1.13644   1.20151   1.21812   1.19319   1.00055   
0.0180116   0.0150522   0.0128819   0.0111438   0.00951075   0.00804943   0.00697835   0.0061595   0.00584046   0.00570818   0.0056594   0.00570819   0.00584046   0.00615948   0.00697824   0.0080493   0.00951061   0.0111437   0.0128818   0.0150521   0.0180115   0.0224561   0.0269832   0.0342719   0.051138   0.122081   
-0.00711193   -0.0047775   -0.00290571   -0.00111685   0.00103231   0.00356339   0.00148174   -0.00442644   -0.00257393   -0.00106854   -1.99183e-11   0.00106852   0.00257383   0.00442632   -0.00148253   -0.00356133   -0.00103101   0.00111674   0.00290401   0.0047735   0.00710391   0.0104059   0.013974   0.0184381   0.00959563   -0.0309825   

845000
-10   -9   -8   -7   -6   -5   -4   -3   -2   -1   0   1   2   3   4   5   6   7   8   9   10   11   12   13   14   15   
-1.06157   -0.971172   -0.874157   -0.77455   -0.676115   -0.57957   -0.460608   -0.32195   -0.21559   -0.10865   4.09524e-10   0.10865   0.215591   0.321951   0.460612   0.579561   0.676108   0.774551   0.874165   0.971191   1.06161   1.13713   1.2026   1.22013   1.19549   1.1224   
0.017958   0.0150171   0.0128612   0.0111301   0.00949987   0.00803941   0.00696667   0.00615212   0.00583607   0.0057059   0.00565085   0.0057059   0.00583606   0.00615211   0.00696658   0.00803927   0.00949975   0.01113   0.0128612   0.0150169   0.0179578   0.0223624   0.026861   0.0340546   0.0507774   0.0799538   
-0.0070751   -0.00475401   -0.00289159   -0.00110756   0.00104294   0.0035765   0.00140118   -0.00442765   -0.002552   -0.00105695   -8.50409e-11   0.00105692   0.0025519   0.00442756   -0.00140198   -0.00357443   -0.00104156   0.00110747   0.00288991   0.00475004   0.00706712   0.0103443   0.0138906   0.0184349   0.0097859   -0.00817877   

850000
-10   -9   -8   -7   -6   -5   -4   -3   -2   -1   0   1   2   3   4   5   6   7   8   9   10   11   12   13   14   
-1.06189   -0.97135   -0.874236   -0.774593   -0.676151   -0.579613   -0.460215   -0.321877   -0.215655   -0.108689   -8.11613e-10   0.108689   0.215656   0.321877   0.460219   0.579603   0.676145   0.774593   0.874243   0.97137   1.06193   1.13781   1.20368   1.22208   1.19759   
0.017905   0.0149823   0.0128413   0.0111168   0.00948927   0.00802966   0.00695521   0.00614501   0.00583215   0.00570084   0.00564275   0.00570084   0.00583215   0.00614498   0.00695513   0.00802952   0.00948913   0.0111167   0.0128412   0.0149821   0.0179048   0.0222709   0.0267398   0.0338449   0.0504463   
-0.00703858   -0.00473071   -0.00287799   -0.00109863   0.0010534   0.00358943   0.0013199   -0.00443002   -0.00252961   -0.00104541   7.34125e-11   0.00104538   0.00252951   0.00442991   -0.00132073   -0.00358735   -0.00105209   0.00109855   0.00287636   0.00472665   0.00703064   0.0102841   0.0138074   0.0184273   0.00996048   

855000
-10   -9   -8   -7   -6   -5   -4   -3   -2   -1   0   1   2   3   4   5   6   7   8   9   10   11   12   13   14   15   
-1.06221   -0.971525   -0.874311   -0.774634   -0.676186   -0.579654   -0.45982   -0.321798   -0.215721   -0.108718   2.2657e-10   0.108718   0.215722   0.321799   0.459823   0.579644   0.67618   0.774634   0.874319   0.971544   1.06225   1.13847   1.20475   1.22398   1.19946   1.12847   
0.0178525   0.0149479   0.0128221   0.0111039   0.00947895   0.00802019   0.00694397   0.00613833   0.00582864   0.00569279   0.00563518   0.00569279   0.00582864   0.00613832   0.00694389   0.00802005   0.00947881   0.0111038   0.012822   0.0149478   0.0178523   0.0221816   0.0266198   0.0336441   0.0501502   0.0788993   
-0.00700236   -0.00470781   -0.002865   -0.00109003   0.00106368   0.00360219   0.00123805   -0.00443305   -0.00250676   -0.00103728   -4.7154e-11   0.00103726   0.00250666   0.00443291   -0.0012389   -0.00360011   -0.00106237   0.00108997   0.00286335   0.00470376   0.0069945   0.010225   0.0137249   0.0184154   0.0101147   -0.00763866   

860000
-10   -9   -8   -7   -6   -5   -4   -3   -2   -1   0   1   2   3   4   5   6   7   8   9   10   11   12   13   14   15   16   
-1.06252   -0.971698   -0.874382   -0.774673   -0.67622   -0.579692   -0.459422   -0.321718   -0.215789   -0.108746   2.04259e-10   0.108747   0.215789   0.321719   0.459425   0.579683   0.676214   0.774673   0.87439   0.971717   1.06256   1.13911   1.20581   1.2258   1.20108   1.13109   1.01916   
0.0178006   0.0149139   0.0128036   0.0110914   0.0094689   0.00801117   0.00693293   0.00613198   0.0058255   0.00568517   0.00562803   0.00568517   0.0058255   0.00613194   0.00693285   0.00801101   0.00946876   0.0110913   0.0128036   0.0149138   0.0178004   0.0220942   0.026501   0.0334529   0.0498939   0.0784429   0.11794   
-0.00696652   -0.00468498   -0.00285255   -0.00108181   0.00107379   0.00361467   0.00115575   -0.00443618   -0.00248346   -0.00102893   -4.12147e-11   0.00102891   0.00248336   0.00443606   -0.00115662   -0.0036126   -0.00107247   0.00108177   0.00285093   0.00468095   0.00695869   0.0101671   0.0136429   0.0183998   0.0102448   -0.00740598   -0.0288342   

865000
-10   -9   -8   -7   -6   -5   -4   -2   -1   0   1   2   4   5   6   7   8   9   10   11   12   13   14   15   
-1.06283   -0.971869   -0.87445   -0.774709   -0.676252   -0.579729   -0.459022   -0.215865   -0.108776   1.54237e-10   0.108776   0.215865   0.459026   0.579719   0.676246   0.77471   0.874457   0.971888   1.06287   1.13974   1.20685   1.22753   1.20245   1.13338   
0.0177492   0.0148803   0.0127861   0.0110794   0.00945911   0.00800256   0.00692209   0.00582176   0.00567806   0.00562129   0.00567806   0.00582176   0.00692201   0.00800241   0.00945897   0.0110794   0.012786   0.0148802   0.0177491   0.0220088   0.0263835   0.033273   0.049677   0.0780443   
-0.00693098   -0.00466236   -0.00284078   -0.00107394   0.00108372   0.00362688   0.00107309   -0.00245891   -0.00102043   -3.1606e-11   0.00102041   0.00245881   -0.00107398   -0.00362481   -0.00108239   0.00107391   0.00283916   0.00465836   0.0069232   0.0101104   0.0135614   0.0183813   0.0103517   -0.00720447   

870000
-10   -9   -8   -7   -6   -5   -4   -3   -2   -1   0   1   2   3   4   5   6   7   8   9   10   11   12   13   14   15   16   
-1.06314   -0.972038   -0.874512   -0.774744   -0.676284   -0.579763   -0.458622   -0.321567   -0.215961   -0.108805   4.51089e-09   0.108805   0.215962   0.321568   0.458626   0.579753   0.676278   0.774745   0.87452   0.972056   1.06317   1.14035   1.20788   1.22916   1.20359   1.13533   1.02833   
0.0176986   0.0148471   0.0127694   0.0110679   0.00944951   0.00799425   0.00691142   0.00611864   0.00581567   0.00567137   0.00561493   0.00567137   0.00581566   0.00611864   0.00691134   0.00799409   0.00944936   0.0110678   0.0127693   0.014847   0.0176984   0.0219253   0.0262673   0.0331045   0.0494982   0.0777042   0.115931   
-0.00689589   -0.00463996   -0.00282982   -0.0010664   0.00109347   0.00363892   0.000990169   -0.00444082   -0.0024317   -0.00101176   -6.47298e-10   0.00101174   0.0024316   0.00444068   -0.000991078   -0.00363684   -0.00109215   0.00106634   0.00282806   0.00463612   0.00688816   0.0100548   0.0134806   0.0183602   0.0104371   -0.00703541   -0.0277867   

875000
-10   -9   -8   -7   -6   -5   -4   -3   -2   -1   0   1   2   3   4   5   6   7   8   9   10   11   12   13   14   15   
-1.06344   -0.972205   -0.87457   -0.774778   -0.676315   -0.579796   -0.45822   -0.321555   -0.216059   -0.108835   -2.5834e-09   0.108835   0.216059   0.321556   0.458224   0.579786   0.676309   0.774779   0.874578   0.972223   1.06347   1.14095   1.2089   1.23068   1.20447   1.13692   
0.0176487   0.0148142   0.0127536   0.0110567   0.00944008   0.00798625   0.00690094   0.00610926   0.00581001   0.00566507   0.00560898   0.00566507   0.00581001   0.00610925   0.00690086   0.0079861   0.00943993   0.0110566   0.0127536   0.0148141   0.0176485   0.0218436   0.0261527   0.0329478   0.049358   0.0774272   
-0.00686123   -0.00461777   -0.00281952   -0.00105928   0.0011031   0.00365075   0.000907066   -0.00443232   -0.00240426   -0.00100292   4.88949e-10   0.00100289   0.00240415   0.00443217   -0.000907976   -0.00364867   -0.00110177   0.00105921   0.00281786   0.00461394   0.00685355   0.0100003   0.0134007   0.0183375   0.0105005   -0.00690106   

880000
-10   -9   -8   -7   -6   -5   -4   -3   -2   -1   0   1   2   3   4   5   6   7   8   9   10   11   12   13   14   15   16   
-1.06373   -0.97237   -0.874622   -0.774824   -0.676346   -0.579828   -0.457818   -0.321567   -0.216156   -0.108866   9.78793e-09   0.108866   0.216156   0.321567   0.457822   0.579818   0.67634   0.774825   0.87463   0.972388   1.06377   1.14154   1.20989   1.23209   1.20511   1.13817   1.03639   
0.0175995   0.0147816   0.0127389   0.0110433   0.00943079   0.00797855   0.00689063   0.00610013   0.00580478   0.00565916   0.00560338   0.00565916   0.00580477   0.00610011   0.00689056   0.00797841   0.00943064   0.0110432   0.0127389   0.0147816   0.0175993   0.0217634   0.0260397   0.0328038   0.0492557   0.0772137   0.114209   
-0.00682702   -0.00459579   -0.00281008   -0.00105069   0.00111261   0.0036624   0.000823841   -0.00441913   -0.00237666   -0.000993917   -1.62519e-09   0.000993893   0.00237656   0.00441897   -0.000824759   -0.00366031   -0.00111128   0.00105062   0.00280853   0.00459198   0.00681938   0.00994673   0.0133215   0.018314   0.0105418   -0.00680195   -0.0268912   

885000
-10   -9   -8   -7   -6   -5   -4   -3   -2   -1   0   1   3   4   5   6   7   8   9   10   11   12   13   14   15   16   
-1.06402   -0.972533   -0.874669   -0.774904   -0.676376   -0.579858   -0.457416   -0.321575   -0.216253   -0.108896   6.47468e-09   0.108896   0.321576   0.45742   0.579848   0.67637   0.774905   0.874676   0.972551   1.06406   1.14211   1.21087   1.23338   1.20551   1.13909   1.04007   
0.0175508   0.0147495   0.0127255   0.0110242   0.00942158   0.00797114   0.00688049   0.00609133   0.00580001   0.00565362   0.00559817   0.00565362   0.00609132   0.00688042   0.00797098   0.00942144   0.011024   0.0127254   0.0147494   0.0175507   0.0216849   0.0259282   0.0326733   0.0491904   0.0770548   0.113423   
-0.00679316   -0.00457403   -0.00280161   -0.00103776   0.00112205   0.00367386   0.000740546   -0.00440628   -0.00234902   -0.000984768   -1.0492e-09   0.000984744   0.00440612   -0.000741477   -0.00367178   -0.0011207   0.00103769   0.00280003   0.00457024   0.00678557   0.00989416   0.0132432   0.0182901   0.0105616   -0.00673375   -0.0264826   

890000
-10   -9   -8   -7   -6   -5   -4   -3   -2   -1   0   1   2   3   4   5   6   7   8   9   10   11   12   13   14   15   16   
-1.06431   -0.972694   -0.874708   -0.774983   -0.676407   -0.579887   -0.457014   -0.321581   -0.216317   -0.108927   4.97009e-09   0.108928   0.216317   0.321582   0.457018   0.579877   0.676401   0.774983   0.874715   0.972712   1.06435   1.14267   1.21184   1.23452   1.20569   1.1397   1.0434   
0.0175028   0.0147176   0.0127132   0.0110053   0.00941241   0.00796397   0.00687052   0.00608287   0.00579343   0.00564845   0.00559333   0.00564845   0.00579343   0.00608285   0.00687045   0.0079638   0.00941227   0.0110051   0.0127132   0.0147175   0.0175026   0.0216078   0.0258184   0.0325573   0.0491601   0.0769516   0.11271   
-0.00675967   -0.00455249   -0.00279413   -0.00102499   0.00113143   0.00368517   0.000657252   -0.00439346   -0.00233004   -0.000975481   -7.9822e-10   0.000975457   0.00232994   0.0043933   -0.000658191   -0.0036831   -0.00113008   0.00102493   0.00279261   0.00454871   0.00675207   0.00984241   0.0131659   0.0182668   0.0105611   -0.00669627   -0.0261153   

895000
-10   -9   -8   -7   -5   -4   -3   -2   -1   0   1   2   3   4   5   7   8   9   10   11   12   13   14   15   16   
-1.06459   -0.972852   -0.874741   -0.77506   -0.579914   -0.456611   -0.321587   -0.216378   -0.108959   5.33301e-09   0.108959   0.216378   0.321588   0.456615   0.579904   0.77506   0.874747   0.97287   1.06463   1.14322   1.21279   1.23551   1.20564   1.14002   1.04633   
0.0174553   0.0146862   0.0127024   0.0109866   0.00795714   0.00686071   0.00607472   0.00578695   0.00564365   0.0055889   0.00564365   0.00578695   0.00607471   0.00686064   0.007957   0.0109865   0.0127024   0.0146861   0.0174551   0.0215321   0.0257104   0.0324559   0.0491641   0.0768981   0.112099   
-0.0067265   -0.00453117   -0.00278777   -0.0010124   0.00369622   0.000573998   -0.0043804   -0.00231181   -0.000966071   -8.92976e-10   0.000966042   0.00231171   0.00438024   -0.000574944   -0.0036941   0.00101234   0.00278627   0.00452741   0.006719   0.00979155   0.0130896   0.0182449   0.0105406   -0.0066861   -0.0258005   

900000
-10   -9   -8   -7   -6   -5   -4   -3   -2   -1   0   1   2   3   4   5   6   7   8   9   10   11   12   13   14   15   
-1.06487   -0.973009   -0.874764   -0.775136   -0.676484   -0.57994   -0.45621   -0.321593   -0.21644   -0.108991   2.76777e-09   0.108991   0.216441   0.321594   0.456214   0.57993   0.676478   0.775136   0.874771   0.973027   1.06491   1.14377   1.21371   1.23635   1.20537   1.14008   
0.0174085   0.0146551   0.0126932   0.0109683   0.00939183   0.00795054   0.00685107   0.00606698   0.00578088   0.00563924   0.00558491   0.00563923   0.00578087   0.00606696   0.00685099   0.00795037   0.00939174   0.0109682   0.0126932   0.014655   0.0174082   0.0214576   0.0256043   0.0323694   0.0492029   0.0768898   
-0.00669371   -0.00451008   -0.00278266   -0.000999969   0.00115151   0.00370708   0.000490834   -0.00436702   -0.0022931   -0.000956516   -3.10504e-10   0.000956491   0.002293   0.00436685   -0.000491787   -0.00370498   -0.00115013   0.000999916   0.00278118   0.00450633   0.00668624   0.0097414   0.0130144   0.0182244   0.0104994   -0.00669977   

905000
-10   -9   -8   -7   -6   -4   -3   -2   -1   0   1   2   3   4   6   7   8   9   10   11   12   13   14   15   16   
-1.06515   -0.973163   -0.874779   -0.775211   -0.676539   -0.455809   -0.3216   -0.216504   -0.109023   -1.09882e-09   0.109023   0.216504   0.321601   0.455813   0.676533   0.775211   0.874785   0.973181   1.06519   1.1443   1.21462   1.23704   1.20488   1.1399   1.05077   
0.0173621   0.0146244   0.0126858   0.0109502   0.00937918   0.00684159   0.00605962   0.00577518   0.00563521   0.00558131   0.00563521   0.00577518   0.00605961   0.00684152   0.00937906   0.01095   0.0126858   0.0146243   0.0173619   0.0213844   0.0255001   0.0322979   0.0492759   0.0769231   0.111169   
-0.00666115   -0.00448923   -0.00277892   -0.000987687   0.00116311   0.000407809   -0.00435309   -0.00227395   -0.000946846   2.30662e-10   0.000946821   0.00227385   0.00435292   -0.000408769   -0.00116175   0.000987638   0.00277748   0.00448549   0.00665368   0.00969221   0.0129404   0.0182058   0.0104379   -0.00673618   -0.0253329   

910000
-10   -9   -8   -7   -6   -5   -4   -3   -2   -1   0   1   2   3   4   5   6   7   8   9   10   11   12   13   14   15   16   
-1.06542   -0.973316   -0.874783   -0.775284   -0.676593   -0.579997   -0.45543   -0.32161   -0.216569   -0.109056   1.10528e-09   0.109056   0.216569   0.32161   0.455432   0.579987   0.676587   0.775285   0.87479   0.973334   1.06546   1.14482   1.21551   1.23757   1.20418   1.13947   0.784103   
0.0173164   0.014594   0.0126802   0.0109323   0.00936674   0.00793669   0.0068324   0.00605261   0.00576985   0.00563158   0.00557808   0.00563158   0.00576985   0.0060526   0.00683233   0.00793656   0.00936663   0.0109322   0.0126802   0.0145939   0.0173161   0.0213124   0.0253979   0.0322413   0.0493832   0.076986   0.187112   
-0.00662897   -0.00446863   -0.00277668   -0.000975548   0.00117451   0.00372903   0.000330047   -0.0043384   -0.00225437   -0.000937095   -1.95339e-10   0.000937069   0.00225428   0.00433822   -0.000330514   -0.00372692   -0.00117313   0.000975504   0.00277513   0.0044649   0.00662155   0.00964369   0.0128676   0.0181897   0.0103562   -0.00679385   -0.0587514   

915000
-10   -9   -8   -7   -6   -5   -4   -3   -2   -1   0   1   2   4   5   6   7   8   9   10   11   12   13   14   15   16   
-1.06569   -0.973466   -0.874775   -0.775357   -0.676646   -0.580048   -0.455127   -0.321622   -0.216635   -0.109088   3.89856e-08   0.109088   0.216635   0.455129   0.580038   0.676639   0.775357   0.874782   0.973483   1.06573   1.14533   1.21638   1.23795   1.20328   1.13881   1.05364   
0.0172713   0.0145642   0.0126769   0.0109147   0.0093545   0.00792634   0.00682341   0.00604596   0.00576489   0.00562837   0.00557521   0.00562836   0.00576489   0.00682334   0.00792621   0.00935439   0.0109145   0.0126769   0.014564   0.017271   0.0212415   0.0252979   0.0321997   0.0495213   0.0771092   0.110578   
-0.00659762   -0.00444829   -0.00277616   -0.000963564   0.00118582   0.00374182   0.000269167   -0.00432279   -0.00223441   -0.000927293   -7.15775e-09   0.000927269   0.00223431   -0.000269682   -0.00373971   -0.00118442   0.000963531   0.00277462   0.00444458   0.00658992   0.00959586   0.0127961   0.0181764   0.0102563   -0.00687841   -0.0250478   

920000
-10   -9   -8   -7   -6   -5   -4   -3   -2   -1   0   1   2   3   4   5   6   7   8   9   10   11   12   13   14   15   16   
-1.06595   -0.973613   -0.874754   -0.775429   -0.676698   -0.580097   -0.454817   -0.321667   -0.216702   -0.10912   -2.58238e-09   0.10912   0.216702   0.321668   0.454819   0.580087   0.676691   0.775429   0.874761   0.973631   1.06599   1.14584   1.21723   1.23816   1.20219   1.13792   1.05457   
0.0172268   0.0145347   0.012676   0.0108973   0.00934245   0.00791622   0.00681461   0.0060392   0.00576028   0.00562552   0.00557268   0.00562552   0.00576028   0.00603918   0.00681454   0.00791609   0.00934233   0.0108972   0.012676   0.0145346   0.0172265   0.0211718   0.0252002   0.0321731   0.0496884   0.0772618   0.110395   
-0.00656636   -0.00442825   -0.00277755   -0.00095171   0.00119702   0.00375446   0.000206948   -0.00430167   -0.00221408   -0.000917446   5.11529e-10   0.000917423   0.00221398   0.00430148   -0.0002075   -0.00375235   -0.00119561   0.000951686   0.00277603   0.00442456   0.00655868   0.00954872   0.0127263   0.0181664   0.0101396   -0.00698359   -0.0249619   

925000
-10   -9   -8   -7   -6   -5   -4   -3   -2   -1   0   1   2   3   4   5   6   7   8   9   10   11   12   13   14   15   16   
-1.06621   -0.973758   -0.8748   -0.775499   -0.676749   -0.580146   -0.454502   -0.321716   -0.21677   -0.109152   -2.08834e-09   0.109152   0.21677   0.321717   0.454505   0.580136   0.676742   0.7755   0.874808   0.973775   1.06625   1.14634   1.21806   1.23822   1.20093   1.13683   1.05519   
0.0171829   0.0145058   0.0126631   0.0108801   0.00933057   0.00790633   0.006806   0.00603273   0.00575605   0.00562303   0.00557048   0.00562302   0.00575604   0.00603271   0.00680593   0.0079062   0.00933046   0.01088   0.012663   0.0145057   0.0171826   0.021103   0.0251048   0.0321617   0.0498841   0.0774559   0.110264   
-0.00653552   -0.00440848   -0.00277018   -0.000939985   0.00120811   0.00376696   0.000143637   -0.00427983   -0.00219341   -0.000907573   4.15553e-10   0.00090755   0.00219331   0.00427965   -0.000144217   -0.00376484   -0.00120672   0.000939966   0.00276851   0.00440486   0.00652789   0.00950214   0.0126579   0.0181596   0.0100059   -0.00711179   -0.0249089   

930000
-10   -9   -8   -7   -6   -5   -4   -3   -2   0   2   3   4   5   6   7   8   9   10   11   12   13   14   15   16   
-1.06646   -0.973898   -0.874927   -0.775569   -0.676798   -0.580193   -0.454183   -0.321763   -0.216839   -2.3491e-09   0.216839   0.321764   0.454186   0.580183   0.676791   0.775569   0.874935   0.973916   1.0665   1.14682   1.21886   1.23811   1.19949   1.13555   1.05554   
0.0171397   0.0144775   0.012636   0.0108631   0.00931912   0.00789667   0.00679757   0.0060266   0.00575217   0.00556869   0.00575217   0.00602658   0.0067975   0.00789653   0.00931898   0.010863   0.0126358   0.0144773   0.0171395   0.0210351   0.025012   0.0321652   0.0501084   0.0776825   0.11019   
-0.00650509   -0.00438916   -0.00275212   -0.00092839   0.00121893   0.00377932   7.94545e-05   -0.00425783   -0.00217243   4.72895e-10   0.00217232   0.00425766   -8.00582e-05   -0.0037772   -0.00121754   0.000928376   0.00275047   0.00438548   0.00649787   0.00945615   0.0125911   0.0181561   0.00985358   -0.00725753   -0.0248853   

935000
-10   -9   -8   -7   -6   -5   -4   -3   -2   -1   0   1   2   3   4   5   6   7   8   9   10   11   12   13   14   15   16   
-1.06671   -0.974037   -0.875051   -0.775638   -0.676846   -0.580239   -0.453862   -0.321811   -0.216908   -0.109204   -1.51751e-10   0.109204   0.216909   0.321812   0.453864   0.580229   0.676839   0.775638   0.875059   0.974054   1.06675   1.1473   1.21963   1.23785   1.19788   1.13409   1.05566   
0.0170971   0.0144497   0.0126093   0.0108464   0.00930783   0.00788721   0.00678932   0.00602082   0.00574866   0.005618   0.00556518   0.005618   0.00574865   0.00602085   0.00678926   0.00788708   0.00930773   0.0108463   0.0126091   0.0144495   0.0170969   0.0209682   0.0249218   0.0321837   0.050357   0.0779342   0.110169   
-0.00647509   -0.00437012   -0.00273435   -0.000916915   0.00122963   0.00379155   1.45854e-05   -0.00423548   -0.00215117   -0.000890597   2.99152e-11   0.000890572   0.00215107   0.00423529   -1.5213e-05   -0.00378943   -0.0012282   0.000916905   0.00273272   0.00436648   0.00646791   0.00941068   0.0125262   0.0181558   0.00968522   -0.00741898   -0.0248883   

940000
-10   -9   -8   -7   -6   -5   -4   -3   -2   -1   0   1   2   3   4   5   6   7   8   9   10   11   12   13   14   15   16   
-1.06696   -0.974172   -0.875173   -0.775705   -0.676893   -0.580285   -0.453537   -0.32186   -0.216978   -0.109205   -1.12937e-08   0.109205   0.216979   0.321861   0.45354   0.580274   0.676886   0.775706   0.875181   0.974189   1.067   1.14778   1.22038   1.23743   1.19613   1.13249   1.05555   
0.0170551   0.0144223   0.012583   0.0108299   0.00929675   0.00787796   0.00678124   0.0060154   0.00574556   0.00561375   0.00555815   0.00561375   0.00574556   0.00601539   0.00678118   0.00787783   0.00929663   0.0108297   0.0125828   0.0144222   0.0170548   0.0209021   0.0248345   0.0322177   0.0506352   0.0782239   0.110185   
-0.00644554   -0.00435145   -0.00271689   -0.000905569   0.00124022   0.00380364   -5.08069e-05   -0.00421262   -0.00212974   -0.00088735   2.13e-09   0.000887321   0.00212964   0.00421243   5.01587e-05   -0.00380152   -0.00123881   0.00090557   0.00271526   0.00434782   0.00643802   0.0093657   0.0124634   0.0181586   0.00950019   -0.00759858   -0.0249151   

945000
-10   -9   -8   -7   -6   -5   -4   -3   -2   -1   0   2   3   4   5   6   7   8   9   10   11   12   13   14   15   16   
-1.0672   -0.974303   -0.875293   -0.775772   -0.676939   -0.580329   -0.453211   -0.32191   -0.217049   -0.109207   2.84108e-10   0.217049   0.321911   0.453214   0.580319   0.676932   0.775772   0.875301   0.974321   1.06724   1.14825   1.22111   1.23684   1.19423   1.13073   1.05523   
0.0170139   0.0143956   0.0125571   0.0108135   0.00928585   0.00786893   0.00677334   0.00601034   0.00574284   0.00560985   0.00555144   0.00574283   0.00601034   0.00677329   0.00786879   0.00928572   0.0108134   0.012557   0.0143955   0.0170136   0.0208366   0.02475   0.0322675   0.0509313   0.0785362   0.110248   
-0.00641646   -0.00433327   -0.00269971   -0.000894338   0.0012507   0.00381561   -0.000116571   -0.00418913   -0.00210814   -0.000883871   -5.66855e-11   0.00210804   0.00418894   0.000115912   -0.00381349   -0.00124928   0.00089435   0.00269809   0.00432962   0.00640904   0.00932107   0.0124022   0.0181642   0.00930509   -0.00779265   -0.0249643   

950000
-10   -9   -8   -7   -6   -5   -4   -3   -1   0   2   3   4   5   6   7   8   9   10   11   12   13   14   15   16   
-1.06744   -0.974432   -0.87541   -0.775838   -0.676984   -0.580372   -0.452884   -0.321962   -0.10921   2.55574e-10   0.217119   0.321963   0.452887   0.580362   0.676978   0.775838   0.875418   0.974449   1.06747   1.14871   1.2218   1.23609   1.19219   1.12884   1.0547   
0.0169734   0.0143695   0.0125317   0.0107974   0.00927512   0.00786009   0.0067656   0.00600565   0.00560632   0.00554505   0.00574047   0.00600565   0.00676554   0.00785996   0.009275   0.0107973   0.0125316   0.0143694   0.0169731   0.020772   0.0246691   0.0323326   0.0512521   0.0788686   0.110364   
-0.00638788   -0.00431541   -0.0026828   -0.000883236   0.00126105   0.00382745   -0.000182591   -0.00416495   -0.000880207   -5.08328e-11   0.00208631   0.00416474   0.000181914   -0.00382532   -0.00125964   0.000883245   0.00268118   0.00431181   0.00638052   0.0092769   0.0123435   0.018172   0.00909659   -0.00799685   -0.0250371   

955000
-10   -9   -8   -7   -6   -5   -4   -3   -2   -1   0   1   2   3   4   5   6   7   8   9   10   11   12   13   14   15   16   17   
-1.06767   -0.974559   -0.875526   -0.775903   -0.677029   -0.580414   -0.452556   -0.322016   -0.217175   -0.109237   -1.84677e-08   0.109237   0.217175   0.322017   0.452559   0.580404   0.677022   0.775903   0.875533   0.974576   1.06771   1.14916   1.22246   1.2352   1.19002   1.12682   1.05396   0.952314   
0.0169336   0.0143438   0.0125067   0.0107815   0.00926458   0.00785139   0.00675802   0.00600134   0.00573746   0.00560005   0.00553897   0.00560005   0.00573746   0.00600133   0.00675796   0.00785125   0.00926445   0.0107814   0.0125065   0.0143436   0.0169334   0.020708   0.0245918   0.0324127   0.0515956   0.0792278   0.110508   0.153002   
-0.00635973   -0.00429789   -0.00266615   -0.000872253   0.00127131   0.0038392   -0.000248735   -0.00414007   -0.00206834   -0.000872907   3.57471e-09   0.000872883   0.00206824   0.00413987   0.000248044   -0.00383709   -0.00126989   0.000872268   0.00266455   0.00429428   0.00635255   0.00923318   0.0122874   0.0181813   0.00887276   -0.00821398   -0.0251322   -0.0468049   

960000
-10   -9   -8   -7   -6   -5   -4   -3   -2   -1   0   1   2   3   4   5   6   7   8   9   10   11   12   13   14   15   16   17   
-1.0679   -0.974682   -0.875639   -0.775967   -0.677072   -0.580454   -0.452228   -0.322074   -0.217212   -0.109265   -1.07714e-08   0.109265   0.217213   0.322074   0.452231   0.580444   0.677066   0.775967   0.875647   0.974699   1.06793   1.14961   1.22309   1.23415   1.18771   1.12469   1.05305   0.960546   
0.0168948   0.0143185   0.0124821   0.0107658   0.00925422   0.00784308   0.00675058   0.00599727   0.00573341   0.005594   0.0055332   0.00559399   0.0057334   0.00599726   0.00675052   0.00784296   0.00925409   0.0107657   0.0124819   0.0143184   0.0168946   0.0206448   0.0245181   0.0325077   0.0519612   0.0796029   0.110704   0.150795   
-0.00633238   -0.00428066   -0.00264977   -0.000861387   0.00128148   0.00385068   -0.000314885   -0.00411484   -0.00205502   -0.000865372   1.86031e-09   0.000865349   0.00205492   0.00411465   0.000314185   -0.00384857   -0.00128002   0.000861414   0.00264818   0.00427707   0.00632519   0.00918987   0.0122339   0.0181918   0.00863424   -0.00844021   -0.0252494   -0.0457129   

965000
-10   -9   -8   -7   -6   -5   -4   -3   -2   -1   0   1   2   3   4   5   6   7   8   9   10   11   12   13   14   15   16   17   
-1.06812   -0.974804   -0.87575   -0.77603   -0.677115   -0.580493   -0.451901   -0.322138   -0.217251   -0.109293   -2.27026e-09   0.109293   0.217251   0.322139   0.451904   0.580483   0.677108   0.77603   0.875758   0.974821   1.06815   1.15006   1.22368   1.23295   1.18529   1.12244   1.05197   0.964856   
0.0168569   0.0142937   0.0124578   0.0107503   0.00924402   0.00783509   0.00674327   0.00599296   0.00572966   0.00558825   0.00552771   0.00558825   0.00572966   0.00599295   0.00674321   0.00783494   0.00924389   0.0107502   0.0124577   0.0142936   0.0168567   0.0205823   0.0244482   0.0326179   0.052346   0.0799989   0.110925   0.149648   
-0.0063056   -0.00426374   -0.00263365   -0.000850651   0.00129149   0.00386201   -0.00038093   -0.00408977   -0.00204129   -0.000857738   4.5616e-10   0.000857719   0.00204119   0.00408957   0.000380218   -0.00385989   -0.00129005   0.000850678   0.00263206   0.00426018   0.00629853   0.00914698   0.0121829   0.0182032   0.00838489   -0.00867919   -0.0253841   -0.0451523   

970000
-10   -9   -8   -7   -6   -5   -4   -3   -2   -1   0   1   2   3   4   5   6   7   8   9   10   11   12   13   14   15   16   17   
-1.06833   -0.974923   -0.87586   -0.776092   -0.677157   -0.58053   -0.451575   -0.322203   -0.21729   -0.109322   1.30814e-09   0.109322   0.217291   0.322203   0.451578   0.58052   0.67715   0.776092   0.875867   0.974939   1.06836   1.1505   1.22423   1.23161   1.18276   1.12008   1.05075   0.967601   
0.0168202   0.0142694   0.012434   0.010735   0.00923399   0.00782732   0.00673612   0.00598899   0.00572622   0.00558281   0.00552251   0.00558282   0.00572621   0.00598899   0.00673607   0.00782717   0.00923387   0.0107349   0.0124339   0.0142692   0.01682   0.0205205   0.0243828   0.0327433   0.0527477   0.0804189   0.111176   0.148935   
-0.00627958   -0.00424714   -0.00261777   -0.000840058   0.00130143   0.00387318   -0.000446763   -0.00406433   -0.00202716   -0.000850018   -2.43411e-10   0.000849994   0.00202707   0.00406413   0.00044604   -0.00387105   -0.00129999   0.000840088   0.00261619   0.0042436   0.00627269   0.00910447   0.0121351   0.0182145   0.00812726   -0.00893342   -0.0255351   -0.0448026   

975000
-10   -9   -8   -7   -6   -5   -4   -3   -1   0   1   3   4   5   6   7   8   9   10   11   12   13   14   15   16   17   
-1.06853   -0.975039   -0.875967   -0.776153   -0.677198   -0.580566   -0.451249   -0.322268   -0.109351   3.89825e-09   0.109351   0.322269   0.451252   0.580556   0.677192   0.776153   0.875975   0.975056   1.06857   1.15093   1.22474   1.23012   1.18013   1.11763   1.04938   0.969561   
0.0167845   0.0142454   0.0124105   0.01072   0.00922414   0.00781978   0.00672923   0.00598534   0.0055777   0.00551759   0.00557771   0.00598533   0.00672918   0.00781964   0.00922402   0.0107199   0.0124104   0.0142453   0.0167844   0.0204593   0.024322   0.0328839   0.0531692   0.0808573   0.111461   0.148432   
-0.00625433   -0.00423089   -0.00260213   -0.000829592   0.00131125   0.00388419   -0.000512326   -0.00403838   -0.000842181   -7.08871e-10   0.000842157   0.00403818   0.000511601   -0.00388206   -0.00130981   0.000829632   0.00260057   0.00422732   0.00624747   0.00906236   0.0120905   0.0182249   0.00785551   -0.00919759   -0.0257027   -0.0445575   

980000
-10   -9   -8   -7   -6   -5   -4   -3   -2   -1   0   1   2   3   4   5   6   7   8   9   10   11   12   13   14   15   16   17   
-1.06873   -0.975153   -0.876073   -0.776213   -0.677239   -0.5806   -0.450925   -0.322335   -0.217374   -0.10938   -1.69275e-09   0.10938   0.217374   0.322336   0.450929   0.58059   0.677232   0.776213   0.87608   0.975169   1.06876   1.15136   1.22521   1.22849   1.17739   1.1151   1.04788   0.970914   
0.0167501   0.014222   0.0123874   0.0107051   0.00921447   0.00781249   0.00672242   0.00598197   0.00572021   0.00557289   0.00551301   0.00557289   0.00572021   0.00598196   0.00672237   0.00781235   0.00921433   0.010705   0.0123873   0.0142219   0.01675   0.0203988   0.0242654   0.0330397   0.0536096   0.0813106   0.111773   0.148076   
-0.00622991   -0.00421491   -0.00258673   -0.000819228   0.00132097   0.00389506   -0.000577495   -0.00401189   -0.00199783   -0.000834253   3.24386e-10   0.000834228   0.00199774   0.00401169   0.00057676   -0.00389293   -0.00131953   0.00081927   0.00258517   0.0042114   0.0062231   0.00902061   0.0120489   0.0182338   0.00757042   -0.00946994   -0.0258862   -0.0443916   

985000
-10   -9   -8   -7   -6   -5   -4   -2   -1   0   1   2   4   5   6   7   8   9   10   11   12   13   14   16   17   
-1.06892   -0.975264   -0.876177   -0.776273   -0.677278   -0.580634   -0.450604   -0.217432   -0.109409   2.67146e-10   0.109409   0.217432   0.450608   0.580624   0.677271   0.776273   0.876184   0.975281   1.06895   1.15178   1.22564   1.22672   1.17457   1.04625   0.971797   
0.0167168   0.014199   0.0123646   0.0106904   0.00920496   0.00780545   0.00671567   0.0057155   0.00556837   0.00550875   0.00556836   0.0057155   0.00671562   0.00780531   0.00920483   0.0106903   0.0123645   0.0141989   0.0167167   0.0203389   0.024213   0.0332112   0.0540621   0.112119   0.147853   
-0.00620627   -0.00419929   -0.00257155   -0.000808952   0.00133058   0.00390577   -0.000642129   -0.00198102   -0.00082624   -3.03848e-11   0.000826217   0.00198093   0.000641393   -0.00390362   -0.00132913   0.000808998   0.00257001   0.00419578   0.00619944   0.00897922   0.0120103   0.0182401   0.00727741   -0.0260872   -0.0442886   

990000
-10   -9   -8   -7   -6   -5   -3   -2   -1   0   1   2   3   5   6   7   8   9   10   11   12   13   16   17   
-1.06911   -0.975372   -0.876279   -0.776332   -0.677317   -0.580666   -0.322479   -0.217497   -0.109439   7.08686e-10   0.109439   0.217497   0.32248   0.580656   0.67731   0.776332   0.876287   0.975389   1.06914   1.15219   1.22604   1.22481   1.04452   0.972349   
0.0166845   0.0141766   0.0123422   0.0106758   0.00919563   0.00779865   0.00597536   0.00571017   0.00556413   0.00550477   0.00556413   0.00571017   0.00597535   0.00779851   0.0091955   0.0106757   0.012342   0.0141765   0.0166844   0.0202796   0.024165   0.0333986   0.112488   0.147703   
-0.0061833   -0.00418404   -0.0025566   -0.000798774   0.00134006   0.00391633   -0.00395652   -0.00196324   -0.00081814   -1.06237e-10   0.000818117   0.00196314   0.00395633   -0.0039142   -0.0013386   0.000798824   0.00255506   0.00418053   0.00617654   0.00893819   0.0119747   0.0182428   -0.0263022   -0.0442284   

995000
-10   -9   -8   -7   -6   -5   -4   -3   -2   -1   0   1   2   3   4   5   6   7   8   9   10   11   12   13   14   16   17   
-1.06928   -0.975478   -0.87638   -0.776389   -0.677355   -0.580696   -0.449984   -0.322573   -0.217563   -0.109469   -8.55216e-10   0.109469   0.217563   0.322574   0.449987   0.580686   0.677348   0.776389   0.876387   0.975495   1.06931   1.15261   1.22639   1.22277   1.17201   1.04268   0.972579   
0.0166531   0.0141546   0.01232   0.0106615   0.00918646   0.0077921   0.0067   0.0059695   0.00570514   0.00556017   0.00550108   0.00556017   0.00570514   0.00596948   0.00669994   0.00779195   0.00918633   0.0106614   0.0123199   0.0141545   0.0166531   0.0202208   0.0241216   0.0336012   0.0544868   0.112879   0.147636   
-0.00616108   -0.00416912   -0.00254181   -0.00078875   0.00134942   0.00392674   -0.000768901   -0.00392622   -0.0019452   -0.000809963   2.19316e-10   0.000809939   0.0019451   0.00392601   0.000768148   -0.0039246   -0.00134796   0.000788806   0.00254029   0.00416565   0.00615434   0.00889751   0.0119424   0.0182409   0.00699291   -0.0265272   -0.0442092   

1000000
-10   -9   -8   -7   -6   -5   -4   -3   -2   -1   0   1   2   3   4   5   6   7   8   9   10   11   12   14   16   17   
-1.06945   -0.975582   -0.876479   -0.776446   -0.677392   -0.580726   -0.449683   -0.322668   -0.217629   -0.109499   -1.06196e-09   0.109499   0.21763   0.322669   0.449686   0.580715   0.677385   0.776446   0.876487   0.975598   1.06949   1.15301   1.2267   1.17597   1.04076   0.972538   
0.016623   0.0141331   0.0122982   0.0106474   0.00917748   0.00778583   0.00669087   0.00596405   0.0057004   0.0055565   0.00549768   0.0055565   0.0057004   0.00596404   0.00669082   0.00778563   0.00917733   0.0106472   0.012298   0.014133   0.0166229   0.0201627   0.0240829   0.0538535   0.11329   0.147651   
-0.00613967   -0.00415458   -0.00252724   -0.000778812   0.00135869   0.00393696   -0.000831472   -0.00389545   -0.00192692   -0.000801714   2.14126e-10   0.000801691   0.00192682   0.00389524   0.000830722   -0.0039348   -0.00135718   0.000778872   0.00252572   0.00415112   0.00613292   0.00885717   0.0119136   0.00737084   -0.0267641   -0.0442274   

1005000
-10   -9   -8   -7   -6   -5   -4   -2   -1   0   1   2   3   4   5   6   7   8   9   10   11   12   14   16   17   
-1.06962   -0.975682   -0.876577   -0.776503   -0.677428   -0.580752   -0.449381   -0.217697   -0.109529   -1.60812e-10   0.109529   0.217697   0.322765   0.449384   0.580742   0.677421   0.776502   0.876584   0.975698   1.06965   1.15342   1.22697   1.17979   1.03876   0.972259   
0.0165938   0.0141122   0.0122767   0.0106334   0.0091686   0.00777997   0.00668189   0.00569596   0.00555317   0.00549457   0.00555316   0.00569596   0.00595895   0.00668184   0.00777982   0.00916847   0.0106332   0.0122765   0.0141121   0.0165938   0.0201051   0.0240492   0.053243   0.11372   0.147724   
-0.006119   -0.00414048   -0.0025129   -0.000768964   0.00136783   0.0039469   -0.000894267   -0.00190841   -0.000793437   -4.94245e-11   0.000793414   0.00190831   0.00386407   0.000893509   -0.00394475   -0.00136632   0.000769029   0.00251139   0.00413698   0.0061123   0.00881717   0.0118883   0.00774092   -0.0270105   -0.0442762   

1010000
-10   -9   -8   -7   -6   -5   -4   -3   -2   -1   0   1   2   3   4   5   6   7   8   9   10   11   12   14   15   16   17   
-1.06977   -0.975779   -0.876673   -0.776558   -0.677464   -0.580778   -0.44908   -0.322852   -0.217765   -0.109559   7.15709e-10   0.109559   0.217765   0.322853   0.449081   0.580768   0.677457   0.776558   0.87668   0.975796   1.0698   1.15381   1.22719   1.18344   1.09856   1.0367   0.971756   
0.0165659   0.0140917   0.0122554   0.0106195   0.00915988   0.0077743   0.00667304   0.00595322   0.0056918   0.00555014   0.00549174   0.00555013   0.0056918   0.00595321   0.00667299   0.00777414   0.00915975   0.0106194   0.0122553   0.0140917   0.0165659   0.020048   0.0240207   0.0526613   0.0843124   0.114163   0.147855   
-0.00609918   -0.00412667   -0.00249875   -0.0007592   0.00137689   0.0039567   -0.000956803   -0.00383689   -0.00188969   -0.000785101   -1.68954e-10   0.000785078   0.0018896   0.00383668   0.000956559   -0.00395456   -0.00137543   0.000759271   0.00249725   0.00412323   0.00609252   0.00877747   0.0118667   0.00809383   -0.0112602   -0.027264   -0.0443535   

1015000
-10   -9   -8   -7   -6   -5   -4   -3   -2   -1   0   1   2   3   4   5   6   7   8   9   10   11   12   14   15   16   17   
-1.06992   -0.975874   -0.876768   -0.776613   -0.677499   -0.580803   -0.448899   -0.322939   -0.217833   -0.109589   7.81246e-10   0.109589   0.217834   0.32294   0.448901   0.580793   0.677492   0.776613   0.876775   0.97589   1.06995   1.15421   1.22737   1.18692   1.1026   1.03458   0.971079   
0.0165392   0.0140719   0.0122345   0.0106058   0.00915134   0.00776877   0.00666437   0.00594766   0.00568794   0.00554742   0.00548919   0.00554741   0.00568794   0.00594765   0.00666432   0.00776863   0.0091512   0.0106057   0.0122344   0.0140718   0.0165392   0.0199915   0.0239977   0.0521084   0.0836093   0.114615   0.148026   
-0.00608025   -0.00411336   -0.00248479   -0.00074954   0.00138584   0.00396637   -0.000992139   -0.00380956   -0.00187078   -0.000776729   -2.95562e-10   0.0007767   0.00187069   0.00380937   0.000991763   -0.00396425   -0.00138432   0.000749615   0.0024833   0.00410994   0.00607366   0.0087381   0.011849   0.00842883   -0.0108797   -0.0275241   -0.0444543   

1020000
-10   -9   -8   -7   -6   -5   -4   -3   -2   -1   0   1   2   3   4   5   6   7   8   9   10   11   12   13   14   15   16   17   
-1.07006   -0.975965   -0.876861   -0.776667   -0.677533   -0.580828   -0.448705   -0.323028   -0.217902   -0.109619   1.04524e-08   0.109619   0.217903   0.323029   0.448707   0.580818   0.677527   0.776667   0.876868   0.975981   1.07009   1.1546   1.22749   1.21275   1.19029   1.10735   1.0324   0.970246   
0.0165138   0.0140526   0.012214   0.0105923   0.0091429   0.00776338   0.00665585   0.00594241   0.00568438   0.00554499   0.00548694   0.00554498   0.00568438   0.0059424   0.0066558   0.00776322   0.00914277   0.0105922   0.0122138   0.0140525   0.0165138   0.0199355   0.0239809   0.03464   0.0515712   0.0827771   0.11509   0.148227   
-0.00606225   -0.00410042   -0.00247107   -0.000739967   0.00139472   0.00397599   -0.00103042   -0.00378168   -0.00185172   -0.000768344   -1.62801e-09   0.000768321   0.00185163   0.00378149   0.00103   -0.00397385   -0.00139324   0.000740047   0.00246959   0.004097   0.00605569   0.00869906   0.0118358   0.0181566   0.0087594   -0.0104226   -0.0277913   -0.0445742   

1025000
-10   -9   -8   -7   -6   -5   -4   -3   -2   0   2   3   4   5   6   7   8   9   10   11   12   13   14   15   16   17   
-1.07019   -0.976053   -0.876952   -0.776721   -0.677567   -0.580852   -0.4485   -0.323119   -0.217972   4.44645e-11   0.217972   0.323119   0.448502   0.580842   0.67756   0.77672   0.876959   0.976069   1.07023   1.15498   1.22755   1.21542   1.19353   1.1118   1.03017   0.969282   
0.0164898   0.0140339   0.0121937   0.0105789   0.0091346   0.00775802   0.00664747   0.00593747   0.0056811   0.00548509   0.00568109   0.00593744   0.00664742   0.00775786   0.00913448   0.0105788   0.0121936   0.0140339   0.0164898   0.0198801   0.0239701   0.0343521   0.0510577   0.0820089   0.115572   0.148487   
-0.00604524   -0.00408804   -0.00245757   -0.000730482   0.00140349   0.00398554   -0.0010711   -0.00375324   -0.00183254   1.068e-10   0.00183245   0.00375304   0.00107065   -0.0039834   -0.00140199   0.000730569   0.0024561   0.00408459   0.00603872   0.00866033   0.011827   0.0181892   0.00907517   -0.0100012   -0.0280649   -0.0447146   

1030000
-10   -9   -8   -7   -6   -4   -3   -1   0   1   3   4   6   7   8   9   10   11   12   13   14   15   16   17   
-1.07032   -0.976138   -0.877041   -0.776773   -0.677601   -0.448287   -0.32321   -0.109667   -2.47755e-08   0.109667   0.323211   0.448289   0.677594   0.776773   0.877048   0.976154   1.07035   1.15536   1.22757   1.21801   1.19663   1.11606   1.02789   0.968189   
0.0164672   0.0140159   0.0121739   0.0105657   0.00912639   0.00663924   0.00593284   0.00553982   0.00548348   0.00553982   0.00593283   0.00663918   0.00912625   0.0105656   0.0121737   0.0140158   0.0164672   0.0198252   0.0239656   0.0340767   0.050567   0.0812709   0.116073   0.148767   
-0.00602928   -0.00407597   -0.0024443   -0.000721145   0.00141216   -0.00111376   -0.0037242   -0.000754132   4.82918e-09   0.000754105   0.00372399   0.00111329   -0.0014107   0.000721234   0.00244283   0.00407256   0.0060228   0.00862192   0.0118226   0.0182138   0.00937799   -0.00959666   -0.0283481   -0.0448701   

1035000
-10   -9   -8   -7   -6   -5   -4   -3   -2   -1   1   2   3   4   5   6   7   8   9   10   11   12   13   14   15   16   17   
-1.07043   -0.976219   -0.877129   -0.776824   -0.677634   -0.58091   -0.448065   -0.323304   -0.21808   -0.10967   0.10967   0.218081   0.323305   0.448067   0.5809   0.677627   0.776824   0.877136   0.976235   1.07046   1.15574   1.22752   1.22052   1.19963   1.12019   1.02554   0.966988   
0.0164461   0.0139985   0.0121542   0.0105528   0.00911826   0.00774611   0.00663121   0.0059285   0.00567309   0.00553566   0.00553566   0.00567309   0.0059285   0.00663116   0.00774597   0.00911812   0.0105527   0.0121541   0.0139984   0.0164462   0.0197708   0.0239677   0.0338137   0.0500865   0.080552   0.11659   0.149079   
-0.00601445   -0.00406452   -0.0024312   -0.000711958   0.00142085   0.00400521   -0.0011581   -0.00369461   -0.0018016   -0.000751387   0.00075136   0.0018015   0.0036944   0.0011576   -0.00400304   -0.00141935   0.000712052   0.00242974   0.0040611   0.006008   0.00858385   0.011823   0.0182296   0.00967856   -0.00919875   -0.0286404   -0.0450407   

1040000
-10   -9   -8   -7   -6   -5   -4   -3   -2   -1   1   2   3   4   5   6   7   8   9   10   11   12   13   14   15   17   
-1.07053   -0.976296   -0.877216   -0.776875   -0.677667   -0.580956   -0.447837   -0.323399   -0.218119   -0.109673   0.109673   0.21812   0.3234   0.44784   0.580945   0.67766   0.776875   0.877223   0.976312   1.07056   1.15611   1.22742   1.22296   1.20253   1.1242   0.965691   
0.0164271   0.0139817   0.0121349   0.01054   0.00911023   0.00773756   0.00662336   0.00592447   0.00566832   0.00553176   0.00553176   0.00566831   0.00592448   0.00662331   0.00773743   0.00911011   0.0105399   0.0121348   0.0139817   0.0164272   0.0197169   0.0239766   0.0335614   0.0496252   0.079855   0.149422   
-0.00600104   -0.00405353   -0.00241827   -0.000702856   0.00142942   0.00401649   -0.00120387   -0.00366451   -0.00178977   -0.000748516   0.000748489   0.00178968   0.00366429   0.00120334   -0.00401432   -0.00142789   0.000702946   0.00241682   0.00405011   0.00599463   0.00854608   0.0118282   0.0182376   0.00996641   -0.00881053   -0.0452236   

1045000
-10   -9   -8   -7   -6   -5   -4   -3   -2   -1   0   1   2   3   4   5   6   7   8   9   10   11   12   13   14   15   16   
-1.07062   -0.976371   -0.877301   -0.776925   -0.6777   -0.581001   -0.447604   -0.323495   -0.218159   -0.109676   1.25667e-09   0.109676   0.21816   0.323496   0.447606   0.58099   0.677693   0.776924   0.877308   0.976386   1.07065   1.15648   1.22725   1.22533   1.20532   1.12802   1.02074   
0.01641   0.0139656   0.0121158   0.0105274   0.00910229   0.00772912   0.00661564   0.00592076   0.00566381   0.00552812   0.00547595   0.00552813   0.00566381   0.00592075   0.00661559   0.007729   0.00910215   0.0105273   0.0121156   0.0139656   0.0164101   0.0196635   0.023993   0.0333198   0.0491829   0.0791899   0.117655   
-0.00598899   -0.00404301   -0.0024055   -0.000693844   0.00143791   0.00402766   -0.00125088   -0.00363401   -0.00177763   -0.000745522   -1.11832e-10   0.000745498   0.00177754   0.00363379   0.00125035   -0.00402548   -0.00143644   0.000693947   0.00240405   0.00403966   0.00598262   0.00850862   0.0118387   0.018238   0.0102409   -0.00843949   -0.029241   

1050000
-10   -9   -8   -7   -6   -5   -4   -3   -2   -1   0   1   2   3   4   5   6   7   8   9   10   11   12   13   14   15   17   
-1.0707   -0.976441   -0.877386   -0.776974   -0.677732   -0.581045   -0.447365   -0.323592   -0.2182   -0.109679   2.65021e-11   0.109679   0.218201   0.323593   0.447367   0.581035   0.677725   0.776974   0.877392   0.976457   1.07073   1.15685   1.22701   1.22764   1.20805   1.13165   0.962838   
0.0163948   0.0139502   0.0120969   0.0105149   0.00909441   0.00772088   0.00660803   0.00591736   0.00565966   0.00552483   0.00546998   0.00552483   0.00565966   0.00591735   0.00660799   0.00772074   0.00909427   0.0105148   0.0120968   0.0139502   0.016395   0.0196106   0.0240177   0.0330877   0.048751   0.078561   0.150163   
-0.00597833   -0.00403309   -0.00239288   -0.000684918   0.00144636   0.00403874   -0.00129907   -0.00360309   -0.00176521   -0.000742485   -5.38764e-12   0.000742462   0.00176511   0.00360288   0.00129852   -0.00403654   -0.00144488   0.000685029   0.00239145   0.00402976   0.00597199   0.00847149   0.0118551   0.0182318   0.0105121   -0.00808908   -0.0456242   

1055000
-10   -9   -8   -7   -6   -5   -4   -3   -2   -1   0   1   2   3   4   5   6   7   8   9   10   11   12   13   14   15   17   
-1.07076   -0.976507   -0.877469   -0.777023   -0.677765   -0.581088   -0.447121   -0.323688   -0.218242   -0.109683   -1.87296e-10   0.109683   0.218242   0.323689   0.447123   0.581078   0.677758   0.777022   0.877476   0.976522   1.07079   1.15721   1.22669   1.22989   1.2107   1.13519   0.961292   
0.0163817   0.0139357   0.0120782   0.0105026   0.00908658   0.00771277   0.00660057   0.00591417   0.00565579   0.0055218   0.00546425   0.0055218   0.00565579   0.00591417   0.00660052   0.00771264   0.00908644   0.0105025   0.0120781   0.0139357   0.0163819   0.0195582   0.0240504   0.0328649   0.0483329   0.0779414   0.150572   
-0.0059692   -0.00402376   -0.00238041   -0.00067608   0.00145477   0.00404967   -0.00134836   -0.00357234   -0.00175251   -0.000739315   3.45159e-11   0.000739292   0.00175242   0.00357212   0.00134779   -0.00404751   -0.00145329   0.000676194   0.00237898   0.00402061   0.00596288   0.00843468   0.0118771   0.0182192   0.0107739   -0.0077393   -0.0458422   

1060000
-10   -9   -8   -7   -6   -5   -4   -3   -2   0   2   3   4   5   6   7   8   9   10   11   12   13   14   15   16   17   
-1.07081   -0.976568   -0.877551   -0.777071   -0.677796   -0.58113   -0.446872   -0.323766   -0.218284   -1.09107e-09   0.218285   0.323767   0.446875   0.58112   0.677789   0.777071   0.877558   0.976583   1.07084   1.15756   1.22631   1.23207   1.21325   1.13865   1.0176   0.959645   
0.016371   0.0139219   0.0120598   0.0104904   0.00907895   0.00770485   0.00659323   0.00591006   0.00565219   0.00545877   0.00565219   0.00591005   0.00659318   0.00770473   0.00907881   0.0104903   0.0120597   0.0139219   0.0163712   0.0195065   0.0240914   0.0326504   0.047933   0.0773371   0.118389   0.151008   
-0.00596172   -0.00401513   -0.00236808   -0.000667325   0.00146302   0.00406054   -0.00139868   -0.00354773   -0.00173954   2.03429e-10   0.00173944   0.00354752   0.0013981   -0.00405837   -0.00146151   0.000667445   0.00236666   0.00401191   0.00595544   0.00839829   0.011905   0.0182014   0.0110216   -0.00739391   -0.0296703   -0.046074   

1065000
-10   -9   -8   -7   -6   -5   -4   -3   -2   -1   0   1   2   3   4   5   6   7   8   9   10   11   12   13   14   15   16   17   
-1.07084   -0.976625   -0.877632   -0.777119   -0.677827   -0.581172   -0.44662   -0.323845   -0.218327   -0.109691   2.4279e-10   0.109692   0.218328   0.323846   0.446623   0.581162   0.67782   0.777118   0.877639   0.97664   1.07087   1.15791   1.22584   1.2342   1.21575   1.14201   1.02211   0.957921   
0.0163627   0.013909   0.0120416   0.0104783   0.00907148   0.00769707   0.00658603   0.00590625   0.00564887   0.00551639   0.00545353   0.00551639   0.00564886   0.00590625   0.00658596   0.00769695   0.00907134   0.0104782   0.0120415   0.013909   0.016363   0.0194554   0.0241414   0.032444   0.0475413   0.0767425   0.117438   0.151461   
-0.00595607   -0.00400711   -0.00235589   -0.000658658   0.00147111   0.0040713   -0.00144985   -0.00352259   -0.00172631   -0.000732524   -7.42151e-11   0.000732501   0.00172621   0.00352237   0.00144926   -0.00406913   -0.00146961   0.000658774   0.00235448   0.00400388   0.00594982   0.00836225   0.0119391   0.0181783   0.0112665   -0.00705428   -0.0291621   -0.0463178   

1070000
-10   -9   -8   -7   -6   -5   -4   -3   -2   -1   0   1   2   3   4   5   6   7   8   9   10   11   12   13   14   15   16   17   
-1.07086   -0.976677   -0.877712   -0.777165   -0.677858   -0.581212   -0.446364   -0.323925   -0.218371   -0.109709   -1.50775e-09   0.109709   0.218372   0.323926   0.446366   0.581202   0.677851   0.777165   0.877719   0.976692   1.07089   1.15826   1.22529   1.23627   1.2182   1.14525   1.02645   0.95614   
0.0163573   0.0138971   0.0120236   0.0104664   0.00906398   0.00768962   0.00657891   0.00590281   0.00564582   0.00551232   0.00544852   0.00551232   0.00564581   0.00590281   0.00657887   0.00768947   0.00906386   0.0104663   0.0120235   0.0138971   0.0163576   0.0194047   0.0242008   0.0322448   0.0471599   0.0761728   0.11652   0.151947   
-0.00595244   -0.00399978   -0.00234385   -0.00065007   0.00147921   0.00408185   -0.00150185   -0.00349697   -0.00171284   -0.00072721   3.03332e-10   0.000727187   0.00171274   0.00349675   0.00150125   -0.00407969   -0.00147764   0.000650205   0.00234245   0.00399655   0.00594622   0.0083265   0.0119798   0.0181511   0.0115053   -0.00672949   -0.0286719   -0.04657   

1075000
-10   -9   -8   -7   -6   -5   -4   -3   -2   -1   0   1   2   3   4   5   6   7   8   9   10   11   12   13   14   15   16   17   
-1.07085   -0.976723   -0.877792   -0.777212   -0.67789   -0.581251   -0.446104   -0.324006   -0.218416   -0.109734   -2.13931e-10   0.109734   0.218416   0.324007   0.446107   0.58124   0.677883   0.777211   0.877798   0.976738   1.07088   1.1586   1.22466   1.23829   1.22057   1.14836   1.03056   0.95432   
0.016355   0.0138861   0.0120058   0.0104546   0.00905643   0.00768235   0.00657194   0.0058997   0.00564305   0.00550753   0.00544379   0.00550753   0.00564304   0.0058997   0.00657189   0.00768221   0.0090563   0.0104545   0.0120057   0.0138861   0.0163553   0.0193546   0.0242701   0.0320531   0.0467944   0.0756307   0.11566   0.152432   
-0.00595104   -0.00399319   -0.00233194   -0.000641573   0.00148732   0.00409229   -0.00155464   -0.0034709   -0.00169912   -0.000720872   3.90507e-11   0.00072085   0.00169903   0.00347069   0.00155403   -0.0040901   -0.00148579   0.000641704   0.00233054   0.00398998   0.00594485   0.0082911   0.0120273   0.0181186   0.0117324   -0.00642129   -0.028211   -0.0468263   

1080000
-10   -9   -8   -7   -6   -5   -4   -3   -2   -1   0   1   2   3   4   5   6   7   8   9   10   11   12   13   14   15   16   17   
-1.07083   -0.976764   -0.87787   -0.777257   -0.677923   -0.581289   -0.445841   -0.324088   -0.218461   -0.10976   -1.27841e-09   0.10976   0.218462   0.324089   0.445843   0.581278   0.677916   0.777257   0.877876   0.976779   1.07086   1.15894   1.22392   1.24026   1.22288   1.15143   1.03435   0.952477   
0.0163558   0.0138761   0.0119882   0.0104429   0.00904882   0.00767523   0.00656508   0.0058969   0.00564055   0.00550297   0.00543928   0.00550297   0.00564054   0.00589689   0.00656504   0.00767509   0.00904868   0.0104428   0.0119881   0.0138761   0.0163562   0.0193049   0.0243503   0.031868   0.046437   0.0750939   0.11487   0.152932   
-0.00595199   -0.00398738   -0.00232015   -0.000633163   0.00149546   0.00410262   -0.00160821   -0.00344435   -0.00168519   -0.000714464   2.45602e-10   0.000714442   0.0016851   0.00344414   0.00160759   -0.00410045   -0.00149393   0.000633298   0.00231876   0.00398417   0.00594584   0.00825603   0.0120823   0.0180814   0.0119532   -0.00611361   -0.0277889   -0.047085   

1085000
-10   -9   -8   -7   -6   -5   -4   -3   -2   -1   0   1   2   3   4   5   6   7   8   9   10   11   12   13   14   15   16   17   
-1.07078   -0.976798   -0.877947   -0.777303   -0.677969   -0.581326   -0.445574   -0.324172   -0.218507   -0.109785   -6.19173e-09   0.109785   0.218508   0.324173   0.445577   0.581316   0.677962   0.777302   0.877954   0.976813   1.07081   1.15927   1.22309   1.24219   1.22515   1.15443   1.03789   0.950609   
0.0163606   0.0138673   0.0119708   0.0104314   0.00903913   0.00766824   0.00655837   0.00589438   0.00563833   0.00549863   0.005435   0.00549863   0.00563833   0.00589438   0.00655831   0.00766812   0.00903902   0.0104313   0.0119707   0.0138673   0.0163611   0.0192558   0.0244419   0.0316894   0.0460867   0.0745629   0.114137   0.153441   
-0.00595579   -0.00398245   -0.00230848   -0.000624836   0.00150508   0.00411284   -0.00166256   -0.00341735   -0.00167104   -0.00070799   1.07741e-09   0.000707966   0.00167095   0.00341714   0.00166195   -0.00411067   -0.00150354   0.000624975   0.0023071   0.00397923   0.00594968   0.00822128   0.012145   0.0180397   0.012171   -0.00580835   -0.0273976   -0.0473497   

1090000
-10   -9   -8   -7   -6   -5   -4   -3   -2   -1   0   1   2   3   4   5   6   7   8   9   10   11   12   13   14   15   16   17   
-1.0707   -0.976824   -0.878024   -0.777347   -0.678017   -0.581362   -0.445304   -0.324256   -0.218554   -0.109811   -9.08787e-10   0.109811   0.218554   0.324257   0.445307   0.581352   0.67801   0.777346   0.87803   0.976839   1.07073   1.1596   1.22214   1.24407   1.22737   1.15739   1.04136   0.948707   
0.01637   0.0138601   0.0119536   0.01042   0.0090293   0.00766146   0.00655175   0.00589218   0.0056364   0.00549452   0.00543093   0.00549451   0.0056364   0.00589217   0.0065517   0.00766132   0.00902919   0.0104199   0.0119534   0.0138601   0.0163706   0.0192072   0.0245458   0.0315168   0.0457466   0.0740461   0.11343   0.153939   
-0.00596286   -0.00397866   -0.00229694   -0.00061659   0.00151483   0.00412299   -0.00171758   -0.00338996   -0.00165667   -0.000701436   2.12944e-10   0.000701414   0.00165658   0.00338974   0.00171696   -0.0041208   -0.00151328   0.000616736   0.00229556   0.00397543   0.0059568   0.00818686   0.0122163   0.0179942   0.0123812   -0.00550878   -0.0270169   -0.0476146   

1095000
-10   -9   -8   -7   -6   -5   -4   -3   -2   -1   0   1   2   3   4   5   6   7   8   9   10   11   12   13   14   15   16   17   
-1.07059   -0.976842   -0.878099   -0.777391   -0.678064   -0.581398   -0.44515   -0.324341   -0.218601   -0.109837   -1.86847e-09   0.109837   0.218601   0.324342   0.445151   0.581387   0.678057   0.777391   0.878106   0.976857   1.07062   1.15993   1.22108   1.24591   1.22953   1.16026   1.04476   0.946783   
0.0163848   0.0138541   0.0119365   0.0104087   0.00901959   0.00765482   0.00654554   0.00589025   0.00563472   0.00549062   0.00542709   0.00549062   0.00563472   0.00589025   0.00654549   0.00765466   0.00901948   0.0104086   0.0119364   0.0138541   0.0163854   0.0191591   0.0246627   0.0313499   0.0454187   0.0735415   0.112727   0.154462   
-0.00597376   -0.00397582   -0.00228553   -0.000608418   0.00152449   0.00413301   -0.00174624   -0.00336217   -0.00164212   -0.000694807   3.61003e-10   0.000694784   0.00164203   0.00336195   0.00174605   -0.00413084   -0.00152294   0.000608567   0.00228415   0.0039726   0.00596775   0.00815278   0.0122961   0.0179449   0.0125813   -0.00521756   -0.0266409   -0.0478852   

1100000
-10   -9   -8   -7   -6   -5   -4   -3   -2   -1   0   1   2   3   4   5   6   7   8   9   10   11   12   13   14   15   16   17   
-1.07044   -0.976853   -0.878174   -0.777435   -0.678111   -0.581432   -0.445004   -0.324428   -0.218648   -0.109863   -1.16787e-09   0.109863   0.218649   0.324429   0.445005   0.581422   0.678103   0.777434   0.87818   0.976867   1.07046   1.16025   1.21989   1.2477   1.23166   1.16304   1.04811   0.944827   
0.0164061   0.0138495   0.0119197   0.0103975   0.00901001   0.00764833   0.0065395   0.00588859   0.00563341   0.00548695   0.00542346   0.00548695   0.0056334   0.00588859   0.00653945   0.0076482   0.0090099   0.0103974   0.0119195   0.0138495   0.016407   0.0191115   0.0247934   0.0311884   0.0450957   0.0730648   0.112037   0.155005   
-0.00598943   -0.00397401   -0.00227422   -0.000600329   0.00153407   0.00414293   -0.00177306   -0.00333404   -0.00162747   -0.000688089   2.22269e-10   0.000688072   0.00162737   0.00333382   0.00177276   -0.00414073   -0.00153252   0.000600477   0.00227287   0.0039708   0.00598352   0.00811903   0.0123852   0.0178926   0.0127794   -0.00494272   -0.0262693   -0.0481588   

1105000
-10   -9   -8   -7   -6   -5   -4   -3   -2   -1   0   1   2   3   4   5   6   7   8   9   10   11   12   13   14   15   16   
-1.07023   -0.976855   -0.878248   -0.777478   -0.678156   -0.581466   -0.444844   -0.324516   -0.218696   -0.10989   6.68355e-10   0.10989   0.218696   0.324517   0.444846   0.581456   0.678149   0.777477   0.878255   0.97687   1.07025   1.16057   1.21858   1.24946   1.23375   1.16578   1.05136   
0.0164366   0.0138463   0.0119029   0.0103865   0.00900054   0.00764202   0.00653358   0.00588719   0.00563234   0.00548355   0.00542005   0.00548355   0.00563234   0.00588718   0.00653353   0.00764187   0.00900043   0.0103864   0.0119028   0.0138464   0.0164375   0.0190644   0.0249387   0.0310319   0.0447789   0.072589   0.111375   
-0.00601171   -0.00397331   -0.00226297   -0.000592314   0.00154357   0.00415274   -0.00180275   -0.00330558   -0.00161265   -0.000681303   -8.63139e-11   0.00068128   0.00161256   0.00330536   0.00180241   -0.00415054   -0.00154202   0.000592471   0.00226162   0.00397011   0.00600591   0.00808562   0.0124835   0.0178373   0.0129739   -0.00466737   -0.0259117   

1110000
-10   -9   -8   -7   -6   -5   -4   -3   -1   0   1   3   4   5   6   7   8   9   10   11   12   13   14   15   16   17   
-1.06995   -0.976848   -0.878321   -0.77752   -0.678202   -0.581499   -0.444674   -0.324604   -0.109917   -1.39681e-10   0.109917   0.324605   0.444675   0.581488   0.678195   0.77752   0.878327   0.976863   1.06997   1.16088   1.21712   1.25117   1.23579   1.16848   1.05449   0.940749   
0.0164775   0.0138448   0.0118864   0.0103756   0.00899118   0.00763588   0.00652777   0.005886   0.00548038   0.00541687   0.00548038   0.00588599   0.00652773   0.00763574   0.00899107   0.0103754   0.0118863   0.0138449   0.0164788   0.0190178   0.0250988   0.0308802   0.044472   0.0721167   0.11074   0.156115   
-0.00604168   -0.00397383   -0.00225196   -0.000584383   0.001553   0.00416244   -0.00183499   -0.00327686   -0.000674453   1.25443e-10   0.000674429   0.00327664   0.00183464   -0.00416024   -0.00155144   0.000584542   0.0022506   0.00397065   0.00603604   0.00805255   0.0125918   0.0177796   0.0131603   -0.00439321   -0.0255685   -0.048728   

1115000
-10   -9   -8   -7   -6   -5   -4   -3   -2   -1   0   1   2   3   4   5   6   7   8   9   10   11   12   13   14   15   16   17   
-1.06958   -0.976832   -0.878393   -0.777562   -0.678247   -0.58153   -0.444493   -0.324674   -0.21878   -0.109944   -5.59378e-10   0.109944   0.21878   0.324675   0.444494   0.58152   0.678239   0.777562   0.8784   0.976846   1.06961   1.16119   1.21698   1.25285   1.2378   1.17117   1.05744   0.938677   
0.0165322   0.0138449   0.0118701   0.0103648   0.00898194   0.00762992   0.00652212   0.0058841   0.00562984   0.00547743   0.0054139   0.00547742   0.00562984   0.00588409   0.00652209   0.00762978   0.00898183   0.0103647   0.0118699   0.0138451   0.016532   0.0189717   0.0251129   0.0307331   0.0441731   0.071653   0.110141   0.156702   
-0.00608123   -0.00397563   -0.00224099   -0.00057653   0.00156236   0.00417203   -0.00186954   -0.00325358   -0.0015858   -0.000667551   9.62857e-11   0.000667526   0.0015857   0.00325337   0.00186916   -0.00416983   -0.0015608   0.000576696   0.00223964   0.00397248   0.00607447   0.00801982   0.0126019   0.0177188   0.01334   -0.00412142   -0.0252477   -0.0490172   

1120000
-10   -9   -8   -7   -6   -5   -4   -3   -2   -1   0   1   2   3   4   5   6   7   8   9   10   11   12   13   14   15   16   
-1.06981   -0.976804   -0.878465   -0.777604   -0.678291   -0.581561   -0.444302   -0.324737   -0.218805   -0.109971   1.29465e-09   0.109971   0.218806   0.324738   0.444304   0.581551   0.678284   0.777603   0.878471   0.976818   1.06984   1.1615   1.21796   1.25449   1.23978   1.1738   1.06027   
0.0164939   0.0138471   0.0118539   0.0103541   0.0089728   0.00762413   0.0065167   0.00588194   0.00562673   0.00547469   0.00541116   0.00547469   0.00562672   0.00588193   0.00651666   0.00762399   0.00897269   0.010354   0.0118538   0.0138472   0.0164935   0.0189262   0.0250028   0.0305904   0.043878   0.0711918   0.109575   
-0.00605574   -0.0039789   -0.00223013   -0.000568759   0.00157165   0.0041815   -0.00190615   -0.00323222   -0.00157681   -0.000660593   -2.34166e-10   0.000660569   0.00157672   0.00323201   0.00190578   -0.0041793   -0.00157009   0.000568926   0.00222878   0.00397574   0.00604895   0.00798744   0.0125282   0.0176553   0.0135184   -0.00385166   -0.0249439   

1125000
-10   -9   -8   -7   -6   -5   -4   -3   -2   -1   0   1   2   3   4   5   6   7   8   9   10   11   12   13   14   15   16   
-1.07004   -0.976764   -0.878536   -0.777645   -0.678335   -0.58159   -0.444103   -0.324805   -0.218845   -0.109998   8.58416e-11   0.109998   0.218845   0.324806   0.444105   0.58158   0.678328   0.777644   0.878542   0.976778   1.07007   1.1618   1.21892   1.2561   1.24173   1.17636   1.06305   
0.016456   0.0138514   0.0118378   0.0103435   0.00896377   0.00761863   0.00651135   0.00587966   0.00562178   0.00547216   0.0054087   0.00547216   0.00562178   0.00587965   0.00651132   0.00761851   0.00896366   0.0103434   0.0118377   0.0138515   0.0164556   0.0188811   0.0248952   0.0304517   0.0435882   0.0707441   0.10902   
-0.00603044   -0.00398373   -0.00221938   -0.000561066   0.00158088   0.00419072   -0.00194454   -0.00321014   -0.00156623   -0.000653611   -1.59949e-11   0.000653589   0.00156614   0.00320993   0.00194413   -0.00418857   -0.00157931   0.000561239   0.00221804   0.0039806   0.0060237   0.00795541   0.0124561   0.0175892   0.0136933   -0.00359139   -0.0246443   

1130000
-10   -9   -8   -7   -6   -5   -4   -3   -2   -1   0   1   2   3   4   5   6   7   8   9   10   11   12   13   14   15   16   
-1.07026   -0.976711   -0.878606   -0.777685   -0.678378   -0.581618   -0.443898   -0.32489   -0.218885   -0.110026   6.2023e-10   0.110026   0.218885   0.324891   0.4439   0.581608   0.678371   0.777685   0.878612   0.976725   1.0703   1.1621   1.21985   1.25768   1.24364   1.17888   1.06581   
0.0164185   0.013858   0.011822   0.0103331   0.00895485   0.00761342   0.00650609   0.00587497   0.00561706   0.00546982   0.00540651   0.00546982   0.00561706   0.00587496   0.00650606   0.00761327   0.00895474   0.010333   0.0118219   0.0138582   0.0164181   0.0188366   0.0247901   0.030317   0.043306   0.0703145   0.108468   
-0.00600547   -0.00399035   -0.00220873   -0.000553449   0.00159003   0.00419985   -0.00198439   -0.00318621   -0.00155544   -0.000646629   -1.30074e-10   0.000646599   0.00155534   0.003186   0.00198397   -0.00419765   -0.00158846   0.000553627   0.0022074   0.00398724   0.00599877   0.00792373   0.0123854   0.017521   0.0138611   -0.00334093   -0.0243472   

1135000
-10   -9   -8   -7   -6   -5   -4   -3   -2   -1   0   1   2   3   4   5   6   7   8   9   10   11   12   13   14   15   16   
-1.07049   -0.976642   -0.878675   -0.777726   -0.678421   -0.581645   -0.443687   -0.324976   -0.218925   -0.110053   2.39289e-10   0.110053   0.218926   0.324977   0.443689   0.581634   0.678414   0.777725   0.878681   0.976656   1.07052   1.1624   1.22076   1.25922   1.24554   1.18139   1.06855   
0.0163816   0.0138672   0.0118063   0.0103227   0.00894605   0.00760836   0.00650093   0.00587054   0.00561256   0.00546769   0.00540455   0.00546769   0.00561255   0.00587052   0.00650088   0.00760821   0.00894592   0.0103226   0.0118062   0.0138675   0.0163812   0.0187927   0.0246872   0.0301859   0.0430286   0.0698788   0.10792   
-0.00598083   -0.00399898   -0.00219819   -0.000545906   0.00159911   0.00420884   -0.00202558   -0.00316187   -0.00154445   -0.000639652   -4.34495e-11   0.000639633   0.00154435   0.00316166   0.00202515   -0.00420663   -0.00159754   0.000546089   0.00219686   0.00399585   0.00597415   0.00789242   0.0123162   0.0174509   0.014025   -0.00308621   -0.0240508   

1140000
-10   -9   -8   -7   -6   -5   -4   -3   -2   -1   0   1   2   3   4   5   6   7   8   9   10   11   12   13   14   15   16   
-1.0707   -0.976717   -0.878744   -0.777766   -0.678463   -0.581671   -0.443471   -0.325063   -0.218967   -0.110067   3.27826e-10   0.110067   0.218967   0.325064   0.443473   0.58166   0.678456   0.777765   0.87875   0.976733   1.07074   1.16269   1.22165   1.26074   1.24741   1.18389   1.07126   
0.0163451   0.0138517   0.0117907   0.0103124   0.00893735   0.00760345   0.00649578   0.00586636   0.00560826   0.0054645   0.00540281   0.0054645   0.00560826   0.00586635   0.00649575   0.0076033   0.00893723   0.0103123   0.0117906   0.0138515   0.0163447   0.0187492   0.0245866   0.0300583   0.0427541   0.0694455   0.107374   
-0.00595647   -0.00398931   -0.00218776   -0.000538431   0.00160812   0.0042177   -0.00206798   -0.00313709   -0.00153325   -0.000635264   -5.9355e-11   0.000635243   0.00153316   0.00313688   0.00206753   -0.00421551   -0.00160653   0.000538616   0.00218644   0.0039859   0.00594983   0.00786147   0.0122484   0.0173792   0.014188   -0.00283146   -0.0237576   

1145000
-10   -9   -8   -7   -6   -5   -4   -3   -2   -1   0   1   2   3   4   5   6   7   8   9   10   11   12   13   14   15   16   17   
-1.07092   -0.976848   -0.878812   -0.777805   -0.678505   -0.581696   -0.44325   -0.325151   -0.219009   -0.110073   3.3321e-10   0.110073   0.219009   0.325152   0.443252   0.581685   0.678498   0.777804   0.878818   0.976865   1.07095   1.16297   1.22251   1.26222   1.24926   1.18638   1.07392   0.926029   
0.016309   0.0138264   0.0117753   0.0103023   0.00892874   0.0075987   0.00649067   0.00586244   0.00560418   0.00546063   0.0054013   0.00546062   0.00560417   0.00586243   0.00649064   0.00759853   0.00892863   0.0103022   0.0117752   0.0138262   0.0163086   0.0187063   0.0244882   0.0299339   0.0424842   0.0690134   0.106845   0.160221   
-0.00593239   -0.00397253   -0.00217744   -0.000531034   0.00161704   0.00422647   -0.00211151   -0.00311192   -0.00152187   -0.00063264   -5.99796e-11   0.00063262   0.00152178   0.00311171   0.00211105   -0.00422427   -0.00161545   0.000531224   0.00217612   0.00396915   0.00592578   0.0078309   0.0121819   0.0173059   0.0143477   -0.0025761   -0.023472   -0.0507752   

1150000
-10   -9   -8   -7   -6   -5   -4   -3   -2   -1   0   1   2   3   4   5   6   7   8   9   10   11   12   13   14   15   16   17   
-1.07113   -0.976978   -0.878879   -0.777844   -0.678547   -0.58172   -0.443025   -0.325241   -0.219051   -0.110078   7.88386e-09   0.110078   0.219052   0.325242   0.443027   0.58171   0.678539   0.777843   0.878885   0.976994   1.07116   1.16325   1.22336   1.26368   1.25107   1.18884   1.07651   0.933613   
0.0162734   0.0138014   0.0117601   0.0102922   0.00892027   0.00759407   0.00648557   0.00585876   0.0056003   0.00545695   0.00539998   0.00545694   0.00560029   0.00585876   0.00648553   0.00759391   0.00892014   0.0102921   0.01176   0.0138012   0.016273   0.018664   0.0243918   0.029813   0.0422214   0.0685889   0.106332   0.158162   
-0.00590859   -0.00395597   -0.00216722   -0.000523712   0.00162592   0.00423514   -0.00215612   -0.00308638   -0.00151031   -0.000629939   -1.11338e-09   0.00062992   0.00151021   0.00308616   0.00215565   -0.00423292   -0.0016243   0.000523906   0.00216591   0.0039526   0.00590201   0.00780071   0.0121168   0.0172313   0.0145009   -0.00232487   -0.0231946   -0.0497731   

1155000
-10   -9   -8   -7   -6   -5   -3   -2   -1   0   1   2   3   5   6   7   8   9   10   11   12   13   14   15   16   17   
-1.07134   -0.977106   -0.878945   -0.777883   -0.678587   -0.581745   -0.325331   -0.219094   -0.110084   1.0987e-09   0.110084   0.219095   0.325332   0.581734   0.67858   0.777882   0.878951   0.977122   1.07137   1.16353   1.22418   1.26511   1.25286   1.19125   1.07901   0.94231   
0.0162382   0.0137767   0.011745   0.0102823   0.00891187   0.0075895   0.00585533   0.00559663   0.00545347   0.00539886   0.00545347   0.00559662   0.00585532   0.00758934   0.00891176   0.0102822   0.0117449   0.0137766   0.0162379   0.0186222   0.0242975   0.0296949   0.0419626   0.0681767   0.105842   0.155834   
-0.00588506   -0.00393961   -0.00215711   -0.000516462   0.0016347   0.00424378   -0.00306049   -0.00149856   -0.000627162   -1.9237e-10   0.000627141   0.00149846   0.00306027   -0.00424154   -0.00163307   0.000516662   0.0021558   0.00393627   0.00587851   0.00777092   0.0120529   0.0171548   0.0146514   -0.00208256   -0.0229306   -0.0486262   

1160000
-10   -9   -8   -7   -6   -5   -4   -3   -2   -1   1   2   3   4   5   6   7   8   9   10   11   12   13   14   15   16   17   
-1.07155   -0.977232   -0.879011   -0.777921   -0.678628   -0.581769   -0.442567   -0.325423   -0.219138   -0.110089   0.11009   0.219139   0.325424   0.442569   0.581758   0.67862   0.77792   0.879017   0.977248   1.07158   1.16381   1.22499   1.26652   1.25464   1.19363   1.0814   0.949032   
0.0162035   0.0137523   0.0117301   0.0102724   0.00890357   0.00758501   0.00647461   0.00585212   0.00559318   0.0054502   0.0054502   0.00559317   0.00585212   0.00647458   0.00758485   0.00890345   0.0102723   0.01173   0.0137522   0.0162031   0.018581   0.0242051   0.0295794   0.041706   0.0677695   0.105375   0.154057   
-0.00586179   -0.00392334   -0.00214712   -0.000509287   0.00164341   0.00425232   -0.00224773   -0.00303429   -0.00148661   -0.000624328   0.000624307   0.00148652   0.00303407   0.00224725   -0.00425013   -0.00164183   0.000509492   0.00214582   0.00391999   0.00585528   0.00774152   0.0119902   0.0170769   0.0148013   -0.00184323   -0.0226792   -0.047735   

1165000
-10   -9   -8   -7   -6   -5   -4   -3   -2   -1   0   1   2   3   4   5   6   7   8   9   10   11   12   13   14   15   16   17   
-1.07175   -0.977357   -0.879075   -0.777959   -0.678668   -0.581793   -0.442344   -0.325515   -0.219183   -0.110095   -9.92783e-11   0.110095   0.219183   0.325516   0.442346   0.581783   0.67866   0.777958   0.879081   0.977373   1.07179   1.16407   1.22577   1.2679   1.25639   1.19601   1.08379   0.953651   
0.0161691   0.0137282   0.0117154   0.0102627   0.00889534   0.00758049   0.00646734   0.00584916   0.00558994   0.00544718   0.00539642   0.00544718   0.00558994   0.00584915   0.0064673   0.00758033   0.00889522   0.0102625   0.0117153   0.0137281   0.0161688   0.0185405   0.0241145   0.0294666   0.0414531   0.0673605   0.104911   0.152849   
-0.00583879   -0.00390733   -0.00213724   -0.000502175   0.00165211   0.00426089   -0.00229403   -0.00300783   -0.0014745   -0.000621481   1.66457e-11   0.000621459   0.00147441   0.00300761   0.00229354   -0.00425867   -0.00165051   0.000502379   0.00213594   0.00390399   0.00583231   0.00771258   0.0119287   0.0169978   0.0149485   -0.00160097   -0.0224296   -0.0471259   

1170000
-10   -9   -8   -7   -6   -5   -4   -2   -1   0   1   2   4   5   6   7   8   9   10   11   12   13   14   15   16   17   
-1.07196   -0.97748   -0.879139   -0.777996   -0.678708   -0.581818   -0.442118   -0.219227   -0.1101   2.62078e-10   0.110101   0.219228   0.44212   0.581808   0.6787   0.777995   0.879145   0.977496   1.07199   1.16434   1.22654   1.26925   1.25811   1.19839   1.08617   0.957991   
0.0161352   0.0137044   0.0117009   0.010253   0.00888719   0.00757593   0.00646022   0.00558695   0.00544436   0.00539141   0.00544436   0.00558695   0.00646019   0.00757578   0.00888708   0.0102529   0.0117007   0.0137043   0.0161348   0.0185006   0.0240258   0.0293562   0.0412061   0.066951   0.104449   0.151724   
-0.00581604   -0.00389149   -0.00212748   -0.000495143   0.00166074   0.00426944   -0.0023408   -0.00146225   -0.000618571   -2.01023e-11   0.000618549   0.00146216   0.00234031   -0.00426722   -0.00165915   0.00049535   0.00212619   0.00388817   0.00580959   0.00768408   0.0118684   0.0169178   0.0150901   -0.00135711   -0.0221802   -0.0465547   

1175000
-10   -9   -8   -7   -6   -4   -3   -2   -1   0   1   2   3   4   6   7   8   9   10   11   12   13   14   15   16   17   
-1.07215   -0.977601   -0.879202   -0.778033   -0.678747   -0.441889   -0.325684   -0.219273   -0.110106   1.8571e-10   0.110106   0.219273   0.325685   0.441892   0.678739   0.778032   0.879208   0.977617   1.07219   1.1646   1.22729   1.27059   1.25981   1.20076   1.08858   0.962305   
0.0161016   0.0136809   0.0116865   0.0102434   0.00887914   0.00645322   0.00584301   0.00558418   0.00544174   0.00538661   0.00544174   0.00558417   0.005843   0.00645319   0.00887903   0.0102433   0.0116864   0.0136808   0.0161013   0.0184614   0.0239389   0.0292482   0.0409636   0.0665447   0.103997   0.150616   
-0.00579356   -0.00387584   -0.00211785   -0.000488183   0.00166932   -0.00238806   -0.00295912   -0.00144984   -0.000615599   -6.54634e-12   0.000615582   0.00144976   0.0029589   0.00238756   -0.00166771   0.000488394   0.00211656   0.00387253   0.00578713   0.00765607   0.0118094   0.016837   0.0152281   -0.001114   -0.0219312   -0.0459896   

1180000
-10   -9   -8   -7   -6   -5   -4   -3   -2   -1   0   1   2   3   4   5   6   7   8   9   10   11   12   13   14   15   16   17   
-1.07235   -0.977721   -0.879265   -0.77807   -0.678786   -0.581876   -0.441659   -0.325751   -0.219318   -0.110112   -9.00512e-11   0.110112   0.219319   0.325752   0.441661   0.581865   0.678778   0.778069   0.879271   0.977737   1.07238   1.16485   1.22803   1.2719   1.26151   1.2031   1.09097   0.966287   
0.0160685   0.0136577   0.0116723   0.010234   0.00887119   0.00756564   0.00644633   0.00583923   0.00558162   0.0054393   0.00538199   0.00543929   0.0055816   0.00583922   0.00644629   0.00756552   0.00887107   0.0102339   0.0116721   0.0136575   0.0160682   0.0184229   0.0238536   0.0291421   0.040723   0.0661447   0.103522   0.149599   
-0.00577132   -0.00386036   -0.00210832   -0.000481297   0.00167782   0.00428715   -0.00243576   -0.00293971   -0.00143728   -0.000612569   1.38464e-11   0.000612549   0.0014372   0.00293951   0.00243526   -0.00428492   -0.00167621   0.000481511   0.00210704   0.00385707   0.00576492   0.00762859   0.011751   0.0167548   0.0153649   -0.000874996   -0.0216787   -0.0454709   

1185000
-10   -9   -8   -7   -6   -5   -4   -3   -2   -1   0   1   2   3   4   5   6   7   8   9   10   11   12   13   14   15   16   17   
-1.07255   -0.977839   -0.879326   -0.778106   -0.678824   -0.581917   -0.441538   -0.325819   -0.219365   -0.110118   1.51096e-10   0.110118   0.219365   0.32582   0.441539   0.581906   0.678817   0.778105   0.879332   0.977855   1.07258   1.1651   1.22875   1.2732   1.26319   1.20539   1.09338   0.969538   
0.0160356   0.0136348   0.0116582   0.0102246   0.00886333   0.00755859   0.00643966   0.00583567   0.00557927   0.00543703   0.00537755   0.00543703   0.00557927   0.00583566   0.00643961   0.00755849   0.00886321   0.0102245   0.0116581   0.0136345   0.0160352   0.0183854   0.0237699   0.0290381   0.0404856   0.0657541   0.103054   0.148783   
-0.00574927   -0.00384506   -0.00209889   -0.000474495   0.00168627   0.00429704   -0.00245869   -0.00291991   -0.00142459   -0.000609468   -2.67111e-11   0.000609446   0.0014245   0.0029197   0.00245851   -0.00429483   -0.00168466   0.000474713   0.00209762   0.00384178   0.0057429   0.00760171   0.0116938   0.0166718   0.0154987   -0.000643443   -0.0214248   -0.0450519   

1190000
-10   -9   -8   -7   -6   -5   -4   -3   -2   -1   0   1   2   3   4   5   6   7   8   9   10   11   12   13   14   15   16   17   
-1.07274   -0.977956   -0.879387   -0.778142   -0.678862   -0.581957   -0.441437   -0.325888   -0.219411   -0.110124   -1.01023e-09   0.110125   0.219412   0.325889   0.441438   0.581946   0.678854   0.778141   0.879393   0.977972   1.07277   1.16534   1.22945   1.27447   1.26485   1.20769   1.09578   0.972522   
0.016003   0.013612   0.0116443   0.0102154   0.00885556   0.00755176   0.0064331   0.00583232   0.00557713   0.00543493   0.00537329   0.00543493   0.00557713   0.00583232   0.00643306   0.00755164   0.00885544   0.0102153   0.0116442   0.0136118   0.0160026   0.0183489   0.0236879   0.0289361   0.0402532   0.0653624   0.102594   0.148033   
-0.00572745   -0.00382992   -0.00208955   -0.000467769   0.00169465   0.00430689   -0.00247685   -0.00289971   -0.00141179   -0.000606286   1.76177e-10   0.000606264   0.0014117   0.00289949   0.00247662   -0.00430464   -0.00169303   0.00046799   0.00208828   0.00382663   0.0057211   0.00757551   0.0116377   0.0165881   0.0156272   -0.000409688   -0.0211742   -0.0446688   

1195000
-10   -9   -8   -7   -6   -5   -4   -3   -2   -1   0   1   2   3   4   5   6   7   8   9   10   11   12   13   14   15   16   17   
-1.07293   -0.978072   -0.879447   -0.778177   -0.678899   -0.581996   -0.441322   -0.325958   -0.219458   -0.110131   -9.89701e-10   0.110131   0.219459   0.325959   0.441323   0.581986   0.678892   0.778176   0.879454   0.978087   1.07296   1.16557   1.23014   1.27573   1.2665   1.21   1.09816   0.975433   
0.0159707   0.0135895   0.0116305   0.0102062   0.00884789   0.007545   0.00642664   0.00582922   0.00557521   0.00543299   0.0053692   0.00543298   0.00557521   0.00582922   0.00642661   0.00754484   0.00884777   0.0102061   0.0116303   0.0135894   0.0159704   0.0183132   0.0236074   0.028836   0.0400237   0.0649688   0.102133   0.147311   
-0.00570587   -0.00381496   -0.00208028   -0.000461118   0.00170298   0.00431662   -0.00249843   -0.00287917   -0.00139888   -0.000603011   2.43211e-10   0.000602989   0.00139879   0.00287895   0.00249816   -0.00431439   -0.00170134   0.000461343   0.00207898   0.00381171   0.00569956   0.00754993   0.0115826   0.0165039   0.0157529   -0.000173237   -0.0209258   -0.0442986   

1200000
-10   -9   -8   -7   -6   -5   -4   -3   -2   -1   0   1   2   3   4   5   6   7   8   9   10   11   12   13   14   15   16   17   
-1.07312   -0.978186   -0.879507   -0.778213   -0.678936   -0.582035   -0.441194   -0.326028   -0.219505   -0.110138   -5.47927e-09   0.110139   0.219506   0.326029   0.441195   0.582025   0.678929   0.778212   0.879513   0.978201   1.07315   1.1658   1.23082   1.27696   1.26813   1.21231   1.10048   0.978319   
0.0159388   0.0135674   0.0116168   0.0101971   0.00884031   0.00753835   0.00642027   0.0058264   0.00557349   0.00543119   0.00536527   0.00543119   0.00557349   0.00582639   0.00642025   0.00753824   0.00884019   0.010197   0.0116167   0.0135672   0.0159386   0.0182784   0.0235283   0.0287378   0.0397973   0.0645724   0.101687   0.146595   
-0.00568453   -0.00380014   -0.0020711   -0.000454542   0.00171121   0.00432627   -0.00252281   -0.00285827   -0.00138591   -0.00059962   1.14854e-09   0.000599597   0.00138582   0.00285806   0.00252252   -0.00432404   -0.0017096   0.000454771   0.00206985   0.00379693   0.00567826   0.00752493   0.0115285   0.0164194   0.0158769   6.67749e-05   -0.0206856   -0.0439292   

1205000
-10   -9   -8   -7   -6   -5   -4   -3   -1   0   1   3   4   5   6   7   8   9   10   11   12   13   14   15   16   17   
-1.0733   -0.978298   -0.879566   -0.778247   -0.678973   -0.582074   -0.441055   -0.3261   -0.110148   2.10481e-10   0.110148   0.326101   0.441056   0.582063   0.678965   0.778246   0.879572   0.978313   1.07333   1.16602   1.23148   1.27818   1.26974   1.21461   1.10274   0.981195   
0.0159073   0.0135454   0.0116033   0.0101881   0.00883283   0.00753184   0.00641399   0.0058238   0.00542928   0.00536152   0.00542928   0.00582379   0.00641396   0.0075317   0.00883271   0.010188   0.0116032   0.0135452   0.0159071   0.0182446   0.0234508   0.0286413   0.039576   0.064178   0.101262   0.145884   
-0.00566343   -0.00378553   -0.00206206   -0.000448043   0.00171939   0.00433588   -0.00254957   -0.00283703   -0.000595862   1.44439e-11   0.00059584   0.00283682   0.00254926   -0.00433363   -0.00171777   0.000448275   0.00206081   0.00378229   0.00565719   0.00750063   0.0114753   0.0163344   0.0159972   0.000306401   -0.0204553   -0.0435635   

1210000
-10   -9   -8   -7   -6   -5   -4   -3   -2   -1   0   1   2   3   4   5   6   7   8   9   10   11   12   13   14   15   16   17   
-1.07349   -0.978409   -0.879624   -0.778282   -0.679009   -0.582111   -0.440906   -0.326173   -0.219582   -0.110172   -3.66387e-11   0.110172   0.219583   0.326174   0.440908   0.582101   0.679001   0.778281   0.87963   0.978425   1.07352   1.16624   1.23212   1.27937   1.27133   1.21682   1.10497   0.984014   
0.0158762   0.0135237   0.01159   0.0101793   0.00882544   0.00752542   0.00640779   0.00582143   0.00556928   0.00542559   0.00535794   0.00542558   0.00556927   0.00582142   0.00640776   0.00752529   0.00882533   0.0101792   0.0115899   0.0135235   0.015876   0.0182115   0.0233746   0.0285465   0.0393585   0.0638038   0.100838   0.14519   
-0.00564256   -0.00377104   -0.0020531   -0.00044162   0.00172751   0.0043454   -0.00257844   -0.00281545   -0.00136393   -0.00059031   6.77755e-12   0.000590288   0.00136384   0.00281525   0.00257811   -0.00434315   -0.00172589   0.000441856   0.00205186   0.00376782   0.00563635   0.00747684   0.011423   0.0162491   0.016113   0.000532952   -0.0202275   -0.0432063   

1215000
-10   -9   -8   -7   -6   -5   -4   -3   -2   -1   0   1   2   3   4   5   6   7   8   9   10   11   12   13   14   15   16   17   
-1.07367   -0.978519   -0.879681   -0.778316   -0.679044   -0.582149   -0.44075   -0.326247   -0.219604   -0.110196   -3.0671e-10   0.110196   0.219604   0.326248   0.440751   0.582138   0.679037   0.778315   0.879687   0.978534   1.0737   1.16645   1.23276   1.28055   1.27292   1.219   1.10723   0.986649   
0.0158455   0.0135023   0.0115768   0.0101705   0.00881815   0.00751911   0.00640168   0.00581927   0.00556615   0.00542207   0.00535452   0.00542207   0.00556614   0.00581927   0.00640166   0.00751898   0.00881803   0.0101704   0.0115767   0.0135021   0.0158453   0.0181792   0.0232998   0.0284533   0.0391437   0.0634339   0.100414   0.144546   
-0.00562192   -0.00375672   -0.00204422   -0.000435275   0.00173556   0.00435484   -0.00260914   -0.00279358   -0.00135666   -0.000584716   5.51156e-11   0.000584695   0.00135657   0.00279337   0.0026088   -0.0043526   -0.00173394   0.000435514   0.00204299   0.00375351   0.00561573   0.0074536   0.0113715   0.0161637   0.0162257   0.000756475   -0.0199977   -0.0428745   

1220000
-10   -9   -8   -7   -6   -5   -4   -3   -2   -1   0   1   2   3   4   5   6   7   8   9   10   11   12   13   14   15   16   17   
-1.07384   -0.978628   -0.879738   -0.77835   -0.67908   -0.582185   -0.440586   -0.326321   -0.219626   -0.11022   -1.0363e-09   0.11022   0.219627   0.326322   0.440587   0.582175   0.679072   0.778349   0.879744   0.978643   1.07387   1.16665   1.23338   1.28171   1.2745   1.22119   1.10949   0.989019   
0.0158153   0.013481   0.0115637   0.0101618   0.00881095   0.0075129   0.00639565   0.00581736   0.00556322   0.00541875   0.00535126   0.00541875   0.00556322   0.00581735   0.00639562   0.00751277   0.00881083   0.0101616   0.0115636   0.0134809   0.0158149   0.0181477   0.0232262   0.0283616   0.0389301   0.063059   0.0999867   0.143975   
-0.00560154   -0.00374255   -0.00203541   -0.000429009   0.00174355   0.00436422   -0.00264145   -0.00277142   -0.00134921   -0.000579091   2.12102e-10   0.000579069   0.00134912   0.0027712   0.0026411   -0.00436196   -0.00174192   0.000429252   0.00203419   0.00373935   0.00559533   0.00743091   0.011321   0.0160782   0.0163374   0.000985636   -0.019766   -0.0425785   

1225000
-10   -9   -8   -7   -6   -5   -4   -3   -2   -1   0   1   2   3   4   5   6   7   8   9   10   11   12   13   14   15   16   17   
-1.07402   -0.978735   -0.879794   -0.778383   -0.679114   -0.582221   -0.440416   -0.326397   -0.219649   -0.110244   -2.61132e-10   0.110244   0.21965   0.326398   0.440417   0.582211   0.679107   0.778382   0.8798   0.97875   1.07405   1.16685   1.23399   1.28285   1.27608   1.2234   1.11178   0.991259   
0.0157853   0.01346   0.0115507   0.0101531   0.00880385   0.0075068   0.0063897   0.00581566   0.00556051   0.0054156   0.00534818   0.0054156   0.0055605   0.00581566   0.00638967   0.00750664   0.00880373   0.010153   0.0115506   0.0134599   0.0157849   0.0181169   0.023154   0.0282715   0.0387186   0.06268   0.0995516   0.143436   
-0.00558134   -0.00372852   -0.00202669   -0.000422821   0.00175147   0.00437352   -0.00267518   -0.00274899   -0.00134159   -0.00057342   5.54362e-11   0.000573399   0.0013415   0.00274878   0.00267482   -0.00437126   -0.00174984   0.000423067   0.00202546   0.00372534   0.00557517   0.00740878   0.0112712   0.0159931   0.0164465   0.0012195   -0.01953   -0.0422996   

1230000
-10   -9   -8   -7   -6   -5   -4   -3   -2   -1   0   1   2   3   4   5   6   7   8   9   10   11   12   13   14   15   16   17   18   
-1.07419   -0.978841   -0.87985   -0.778417   -0.679148   -0.582029   -0.440239   -0.326473   -0.219672   -0.110269   -3.39848e-10   0.110269   0.219673   0.326474   0.440241   0.582036   0.679141   0.778416   0.879856   0.978856   1.07422   1.16704   1.23458   1.28397   1.27765   1.22561   1.1141   0.993464   0.81818   
0.0157554   0.0134393   0.0115379   0.0101446   0.00879683   0.00750005   0.00638384   0.00581419   0.00555803   0.00541262   0.00534526   0.00541262   0.00555802   0.00581419   0.00638381   0.00749998   0.00879671   0.0101445   0.0115378   0.0134391   0.0157552   0.018087   0.023083   0.0281834   0.0385105   0.0622974   0.0991145   0.142919   0.230012   
-0.00556134   -0.00371465   -0.00201803   -0.000416709   0.00175933   0.00433228   -0.0027102   -0.00272633   -0.00133384   -0.00056771   1.01195e-10   0.000567688   0.00133375   0.00272612   0.00270983   -0.00433393   -0.00175769   0.000416959   0.00201681   0.00371147   0.00555521   0.00738725   0.0112223   0.0159084   0.0165516   0.00145751   -0.0192913   -0.0420276   -0.0784904   

1235000
-10   -9   -8   -7   -6   -5   -4   -3   -2   -1   0   1   2   3   4   5   6   7   8   9   10   11   12   13   14   15   16   17   
-1.07437   -0.978945   -0.879905   -0.77845   -0.679182   -0.581747   -0.440058   -0.326549   -0.219696   -0.110293   -7.17794e-11   0.110293   0.219696   0.32655   0.44006   0.581754   0.679174   0.778448   0.879911   0.97896   1.0744   1.16723   1.23517   1.28507   1.27921   1.22781   1.11641   0.995639   
0.0157261   0.0134187   0.0115251   0.0101362   0.00878991   0.00749314   0.00637806   0.00581295   0.0055558   0.00540981   0.00534252   0.00540981   0.0055558   0.00581294   0.00637803   0.00749305   0.00878979   0.0101361   0.011525   0.0134186   0.0157258   0.0180579   0.0230132   0.0280968   0.0383047   0.0619179   0.0986747   0.142389   
-0.00554156   -0.00370092   -0.00200945   -0.000410675   0.00176711   0.00427135   -0.00274634   -0.00270348   -0.00132596   -0.000561961   6.6649e-11   0.000561938   0.00132588   0.00270326   0.00274596   -0.00427298   -0.00176545   0.000410928   0.00200823   0.00369775   0.00553546   0.00736629   0.0111741   0.0158242   0.0166537   0.00169374   -0.0190513   -0.0417567   

1240000
-10   -9   -8   -7   -6   -5   -4   -2   -1   0   1   2   3   4   5   6   7   8   9   10   11   12   13   14   15   16   17   
-1.07454   -0.979049   -0.87996   -0.778482   -0.679215   -0.581468   -0.439872   -0.219719   -0.110318   -2.19499e-10   0.110318   0.21972   0.326627   0.439874   0.581475   0.679208   0.778481   0.879966   0.979064   1.07456   1.16741   1.23574   1.28615   1.28077   1.22999   1.11873   0.997812   
0.015697   0.0133984   0.0115125   0.0101278   0.00878308   0.00748627   0.00637237   0.00555378   0.00540716   0.00534002   0.00540715   0.00555377   0.00581191   0.00637233   0.00748619   0.00878296   0.0101277   0.0115124   0.0133983   0.0156968   0.0180296   0.0229445   0.0280114   0.0380999   0.0615454   0.0982356   0.141874   
-0.00552199   -0.00368733   -0.00200094   -0.000404721   0.00177484   0.00421101   -0.00278346   -0.00131794   -0.000556185   9.53369e-11   0.000556163   0.00131785   0.00268025   0.00278307   -0.00421263   -0.00177317   0.000404977   0.00199973   0.00368417   0.00551584   0.00734595   0.0111267   0.0157403   0.0167547   0.00192402   -0.018811   -0.0414886   

1245000
-10   -9   -8   -7   -6   -5   -4   -3   -2   -1   0   1   2   3   4   5   6   7   8   9   10   11   12   13   14   15   16   17   
-1.0747   -0.979151   -0.880014   -0.778514   -0.679248   -0.581191   -0.439683   -0.326688   -0.219743   -0.110343   -3.46547e-10   0.110343   0.219744   0.326689   0.439684   0.581198   0.679241   0.778513   0.88002   0.979166   1.07473   1.16759   1.23631   1.28722   1.28233   1.23218   1.12102   0.999992   
0.0156683   0.0133783   0.0115   0.0101196   0.00877634   0.00747953   0.00636676   0.00581021   0.00555196   0.00540466   0.00533771   0.00540465   0.00555196   0.0058102   0.00636673   0.00747945   0.00877622   0.0101195   0.0114999   0.0133782   0.0156681   0.0180022   0.022877   0.0279271   0.0378969   0.0611712   0.0978027   0.14136   
-0.00550261   -0.00367388   -0.0019925   -0.000398848   0.0017825   0.00415117   -0.00282152   -0.00266154   -0.00130975   -0.000550395   1.09754e-10   0.000550372   0.00130966   0.00266132   0.00282112   -0.00415277   -0.00178082   0.000399107   0.0019913   0.00367073   0.0054966   0.00732624   0.01108   0.0156567   0.0168533   0.00215652   -0.0185732   -0.0412206   

1250000
-10   -9   -8   -7   -6   -5   -4   -3   -2   -1   0   1   2   3   4   5   6   7   8   9   10   11   12   13   14   15   16   17   
-1.07487   -0.979252   -0.880068   -0.778545   -0.67928   -0.580916   -0.439489   -0.326737   -0.219768   -0.110368   -3.23384e-10   0.110368   0.219768   0.326738   0.439491   0.580922   0.679272   0.778544   0.880074   0.979267   1.0749   1.16776   1.23686   1.28828   1.28387   1.23438   1.12323   1.00219   
0.0156399   0.0133584   0.0114876   0.0101116   0.00876984   0.00747288   0.00636123   0.00580792   0.00555034   0.00540231   0.00533559   0.0054023   0.00555034   0.00580792   0.00636121   0.00747281   0.00876971   0.0101115   0.0114875   0.0133583   0.0156397   0.0179757   0.0228106   0.0278439   0.0376968   0.0607953   0.0973879   0.140839   
-0.00548349   -0.00366056   -0.00198415   -0.0003932   0.00178996   0.00409175   -0.00286041   -0.002646   -0.0013014   -0.000544602   9.64322e-11   0.000544578   0.00130131   0.00264578   0.00286002   -0.00409334   -0.00178832   0.000393463   0.00198295   0.00365743   0.00547747   0.00730717   0.0110341   0.0155736   0.0169481   0.00239311   -0.018345   -0.0409496   

1255000
-10   -9   -8   -7   -6   -5   -4   -3   -2   -1   0   1   2   3   4   5   6   7   8   9   10   11   12   13   14   15   16   17   
-1.07503   -0.979352   -0.880121   -0.778575   -0.67931   -0.580642   -0.439291   -0.326787   -0.219793   -0.110393   -2.74629e-10   0.110393   0.219794   0.326788   0.439293   0.580649   0.679303   0.778574   0.880127   0.979367   1.07506   1.16792   1.23741   1.28932   1.28542   1.23659   1.12532   1.00443   
0.0156119   0.0133387   0.0114752   0.0101038   0.0087635   0.00746633   0.00635579   0.0058059   0.00554891   0.00540009   0.00533365   0.00540009   0.0055489   0.00580589   0.00635576   0.00746626   0.00876337   0.0101037   0.0114751   0.0133386   0.0156117   0.0179501   0.0227452   0.0277616   0.0374989   0.0604116   0.0969987   0.140312   
-0.00546453   -0.00364738   -0.00197586   -0.000387722   0.00179729   0.00403269   -0.00290007   -0.00263009   -0.00129289   -0.000538823   7.9149e-11   0.000538801   0.0012928   0.00262987   0.00289967   -0.00403429   -0.00179565   0.000387964   0.00197466   0.00364426   0.00545854   0.00728879   0.0109888   0.015491   0.0170398   0.00263422   -0.0181318   -0.0406758   

1260000
-10   -9   -8   -7   -6   -5   -4   -3   -2   0   2   3   4   5   6   7   8   9   10   11   12   13   14   15   16   17   18   
-1.07519   -0.979451   -0.880174   -0.778604   -0.67934   -0.580371   -0.4392   -0.326838   -0.219819   -3.33811e-10   0.21982   0.326839   0.439201   0.580377   0.679333   0.778603   0.88018   0.979466   1.07522   1.16808   1.23794   1.29034   1.28696   1.23881   1.12743   1.00662   0.818444   
0.0155841   0.0133192   0.011463   0.0100961   0.00875725   0.00745981   0.00635068   0.00580413   0.00554764   0.00533191   0.00554764   0.00580412   0.00635066   0.00745974   0.00875712   0.010096   0.0114629   0.0133191   0.0155839   0.0179255   0.0226809   0.0276803   0.0373026   0.0600308   0.0966002   0.139794   0.229922   
-0.00544578   -0.00363433   -0.00196764   -0.000382276   0.00180457   0.00397424   -0.00291565   -0.00261381   -0.00128421   8.36921e-11   0.00128412   0.00261359   0.00291542   -0.00397579   -0.00180292   0.000382537   0.00196645   0.00363122   0.00543977   0.0072711   0.0109442   0.0154089   0.01713   0.00287499   -0.0179148   -0.0404069   -0.0784994   

1265000
-10   -9   -8   -7   -6   -5   -4   -3   -2   -1   0   1   3   4   5   6   7   8   9   10   11   12   13   14   15   16   17   
-1.07535   -0.979549   -0.880226   -0.778633   -0.67937   -0.580102   -0.439109   -0.32689   -0.219846   -0.110424   -5.38349e-10   0.110424   0.326891   0.43911   0.580109   0.679362   0.778632   0.880232   0.979564   1.07538   1.16823   1.23846   1.29135   1.28849   1.24101   1.12959   1.00874   
0.0155566   0.0133   0.011451   0.0100885   0.00875108   0.00745334   0.00634568   0.00580252   0.00554652   0.00539426   0.00533036   0.00539425   0.00580252   0.00634565   0.00745327   0.00875095   0.0100884   0.0114508   0.0132998   0.0155564   0.0179018   0.0226175   0.0276   0.0371089   0.0596569   0.0961967   0.139307   
-0.0054272   -0.0036214   -0.0019595   -0.000376919   0.00181177   0.00391637   -0.00293118   -0.00259716   -0.00127536   -0.00053069   9.53295e-11   0.000530669   0.00259695   0.00293094   -0.00391793   -0.00181012   0.000377277   0.00195831   0.00361832   0.00542125   0.00725414   0.0109003   0.0153277   0.0172175   0.0031097   -0.017693   -0.0401501   

1270000
-10   -9   -8   -7   -6   -5   -4   -3   -1   0   1   3   4   5   6   7   8   9   10   11   12   13   14   15   16   17   
-1.07551   -0.979646   -0.880278   -0.778662   -0.679399   -0.579835   -0.439006   -0.326944   -0.11043   -3.12161e-10   0.11043   0.326945   0.439007   0.579842   0.679392   0.778661   0.880284   0.979661   1.07554   1.16838   1.23898   1.29234   1.29001   1.24321   1.13178   1.01073   
0.0155294   0.0132809   0.011439   0.010081   0.00874498   0.00744698   0.00634077   0.00580108   0.00539053   0.00532901   0.00539052   0.00580108   0.00634074   0.00744691   0.00874485   0.0100809   0.0114389   0.0132807   0.0155293   0.0178792   0.0225551   0.0275207   0.0369176   0.0592822   0.0957849   0.138842   
-0.00540881   -0.0036086   -0.00195142   -0.00037166   0.00181892   0.00385879   -0.0029493   -0.00258012   -0.000528473   5.13773e-11   0.000528452   0.0025799   0.00294905   -0.00386034   -0.00181727   0.000371958   0.00195024   0.00360555   0.00540288   0.00723793   0.010857   0.0152475   0.0173015   0.00334525   -0.017466   -0.0399088   

1275000
-10   -9   -8   -7   -6   -4   -3   -2   -1   0   1   2   3   4   5   6   7   8   9   10   11   12   13   14   15   16   17   
-1.07567   -0.979742   -0.880329   -0.778691   -0.679428   -0.438892   -0.326999   -0.219904   -0.110436   -5.03081e-09   0.110436   0.219904   0.327   0.438893   0.579575   0.679421   0.778689   0.880335   0.979757   1.07569   1.16851   1.23948   1.29332   1.29152   1.24542   1.13403   1.01262   
0.0155026   0.0132619   0.0114271   0.0100735   0.00873895   0.006336   0.00579976   0.00554439   0.00538694   0.00532785   0.00538695   0.00554438   0.00579977   0.00633597   0.00744072   0.0087388   0.0100734   0.011427   0.0132618   0.0155024   0.0178577   0.0224938   0.0274422   0.0367283   0.0589024   0.0953633   0.138406   
-0.0053906   -0.0035959   -0.00194341   -0.000366478   0.00182602   -0.00296969   -0.00256269   -0.00125695   -0.0005262   9.73216e-10   0.000526176   0.00125686   0.00256247   0.00296942   -0.00380299   -0.00182434   0.000366758   0.00194223   0.00359281   0.0053847   0.00722252   0.0108146   0.0151682   0.0173829   0.00358549   -0.0172331   -0.0396809   

1280000
-10   -9   -8   -7   -6   -5   -4   -2   -1   0   1   2   3   4   5   6   7   8   9   10   11   12   13   14   15   16   17   
-1.07582   -0.979837   -0.88038   -0.778719   -0.679457   -0.579303   -0.438769   -0.219947   -0.110442   -1.07936e-10   0.110442   0.219947   0.327057   0.438771   0.579309   0.679449   0.778718   0.880386   0.979852   1.07585   1.16864   1.23998   1.29428   1.29304   1.24766   1.13631   1.0145   
0.015476   0.0132432   0.0114153   0.0100662   0.00873297   0.00743469   0.00633137   0.00554135   0.0053835   0.00532687   0.00538349   0.00554135   0.00579855   0.00633136   0.00743463   0.00873282   0.0100661   0.0114152   0.013243   0.0154758   0.0178373   0.0224332   0.0273644   0.0365398   0.0585187   0.0949396   0.137968   
-0.0053726   -0.00358331   -0.00193548   -0.00036136   0.00183306   0.00374427   -0.00299207   -0.00124621   -0.000523873   9.60491e-12   0.000523852   0.00124612   0.00254466   0.00299178   -0.00374582   -0.00183138   0.000361642   0.00193431   0.00358024   0.00536671   0.00720792   0.0107726   0.0150899   0.0174631   0.00383063   -0.0169986   -0.0394531   

1285000
-10   -9   -8   -7   -6   -5   -4   -3   -2   -1   0   1   2   3   4   5   6   7   8   9   10   11   12   13   14   15   16   17   
-1.07597   -0.979931   -0.88043   -0.778747   -0.679486   -0.579037   -0.438639   -0.327118   -0.219991   -0.110449   1.15081e-09   0.110449   0.219991   0.327119   0.43864   0.579044   0.679478   0.778746   0.880436   0.979946   1.076   1.16876   1.24047   1.29523   1.29455   1.2499   1.1386   1.01639   
0.0154497   0.0132247   0.0114037   0.0100589   0.00872705   0.00742869   0.00632683   0.00579706   0.0055385   0.0053802   0.00532604   0.00538019   0.00553849   0.00579705   0.00632681   0.0074286   0.00872692   0.0100588   0.0114036   0.0132245   0.0154494   0.0178181   0.0223736   0.0272873   0.0363531   0.0581372   0.0945101   0.137539   
-0.00535474   -0.00357084   -0.00192763   -0.000356324   0.00184006   0.00368726   -0.00301621   -0.00252651   -0.00123536   -0.0005215   -4.68936e-11   0.000521479   0.00123527   0.0025263   0.00301591   -0.00368882   -0.00183839   0.000356609   0.00192646   0.00356778   0.00534888   0.00719418   0.0107311   0.0150127   0.017541   0.00407491   -0.0167615   -0.0392273   

1290000
-10   -9   -8   -7   -6   -5   -4   -3   -2   -1   0   1   2   3   4   5   6   7   8   9   10   11   12   13   14   15   16   17   
-1.07612   -0.980024   -0.88048   -0.778774   -0.679514   -0.578773   -0.438501   -0.32719   -0.220035   -0.110455   2.67299e-11   0.110455   0.220035   0.327191   0.438502   0.578779   0.679506   0.778773   0.880485   0.980038   1.07615   1.16887   1.24095   1.29617   1.29605   1.25211   1.14091   1.01828   
0.0154236   0.0132062   0.0113921   0.0100517   0.00872117   0.00742276   0.00632238   0.00579391   0.00553582   0.00537704   0.00532537   0.00537703   0.00553582   0.00579391   0.00632235   0.00742268   0.00872104   0.0100516   0.011392   0.0132061   0.0154234   0.0178001   0.0223148   0.0272109   0.0361686   0.0577625   0.094083   0.137101   
-0.00533707   -0.00355852   -0.00191986   -0.000351365   0.00184702   0.00363039   -0.00304189   -0.00250697   -0.00122442   -0.00051908   -9.23515e-12   0.000519059   0.00122433   0.00250676   0.00304159   -0.00363195   -0.00184535   0.000351652   0.00191869   0.00355547   0.00533123   0.00718133   0.0106902   0.0149367   0.0176157   0.00431291   -0.0165257   -0.0390004   

1295000
-10   -9   -8   -7   -6   -5   -4   -3   -2   -1   1   2   3   4   5   6   7   8   9   10   11   12   13   14   15   16   17   
-1.07627   -0.980116   -0.880529   -0.778802   -0.679543   -0.578516   -0.438357   -0.327264   -0.220079   -0.110462   0.110462   0.22008   0.327265   0.438358   0.578522   0.679535   0.778801   0.880534   0.98013   1.0763   1.16898   1.24143   1.29709   1.29755   1.25432   1.14319   1.0202   
0.0153978   0.013188   0.0113807   0.0100446   0.00871532   0.00741682   0.00631801   0.00579095   0.00553332   0.00537404   0.00537404   0.00553332   0.00579094   0.00631799   0.00741676   0.00871519   0.0100445   0.0113806   0.0131879   0.0153976   0.0177834   0.0222569   0.0271352   0.0359859   0.0573871   0.0936684   0.136664   
-0.00531957   -0.0035463   -0.00191215   -0.00034652   0.00185396   0.00357524   -0.00306894   -0.00248715   -0.0012134   -0.000516645   0.000516624   0.00121331   0.00248694   0.00306863   -0.00357668   -0.00185231   0.000346775   0.00191099   0.00354326   0.00531374   0.00716944   0.0106498   0.014862   0.0176881   0.0045518   -0.0162956   -0.0387712   

1300000
-10   -9   -8   -7   -6   -5   -4   -3   -2   -1   0   1   2   3   4   5   6   7   8   9   10   11   12   13   14   15   16   17   
-1.07642   -0.980207   -0.880578   -0.778835   -0.679571   -0.578263   -0.438207   -0.327339   -0.220124   -0.110468   5.55767e-09   0.110468   0.220124   0.32734   0.438209   0.578269   0.679563   0.778834   0.880583   0.980221   1.07645   1.16907   1.24189   1.29799   1.29904   1.25656   1.14543   1.02215   
0.0153723   0.01317   0.0113694   0.0100364   0.00870949   0.00741092   0.00631373   0.00578815   0.00553102   0.00537121   0.00532435   0.00537121   0.00553102   0.00578815   0.00631371   0.00741086   0.00870936   0.0100363   0.0113693   0.0131699   0.0153721   0.0177681   0.0221998   0.02706   0.0358042   0.0570076   0.0932559   0.136228   
-0.00530222   -0.00353414   -0.00190451   -0.000340708   0.00186088   0.00352105   -0.00309721   -0.00246706   -0.00120233   -0.000514182   -6.89415e-10   0.000514161   0.00120224   0.00246685   0.00309689   -0.0035225   -0.00185922   0.000341011   0.00190335   0.00353117   0.00529642   0.00715854   0.01061   0.0147887   0.0177591   0.00479564   -0.0160719   -0.0385391   

1305000
-10   -9   -8   -7   -6   -5   -4   -3   -1   0   1   3   4   5   6   7   8   9   10   11   12   13   14   15   16   17   
-1.07656   -0.980297   -0.880626   -0.778883   -0.6796   -0.578011   -0.438053   -0.327415   -0.110474   4.16071e-11   0.110474   0.327415   0.438054   0.578017   0.679592   0.778882   0.880631   0.980311   1.07659   1.16916   1.24235   1.29889   1.30053   1.25881   1.14772   1.02412   
0.015347   0.0131522   0.0113581   0.0100258   0.00870366   0.0074051   0.00630951   0.00578554   0.00536853   0.00532181   0.00536852   0.00578553   0.0063095   0.00740504   0.00870353   0.0100257   0.011358   0.0131521   0.0153468   0.0177542   0.0221435   0.0269855   0.0356243   0.0566243   0.0928401   0.135775   
-0.00528505   -0.00352225   -0.00189694   -0.000332739   0.00186776   0.00346713   -0.00312658   -0.00244674   -0.000511684   -6.14826e-12   0.000511664   0.00244653   0.00312625   -0.00346857   -0.00186611   0.000333046   0.00189579   0.00351922   0.00527928   0.0071487   0.0105707   0.0147168   0.0178274   0.00504346   -0.0158432   -0.0383033   

1310000
-10   -9   -8   -7   -6   -5   -4   -3   -2   -1   0   1   2   3   4   5   7   8   9   10   11   12   13   14   15   16   17   
-1.07671   -0.980386   -0.880674   -0.77893   -0.679629   -0.577761   -0.437894   -0.327491   -0.220205   -0.110481   -1.32999e-09   0.110481   0.220205   0.327492   0.437895   0.577767   0.778929   0.880679   0.9804   1.07673   1.16923   1.2428   1.29976   1.30202   1.26106   1.15005   1.02614   
0.015322   0.0131346   0.011347   0.0100152   0.00869781   0.00739935   0.00630537   0.00578309   0.00552625   0.00536599   0.00531769   0.00536598   0.00552624   0.00578309   0.00630535   0.00739929   0.0100151   0.0113469   0.0131344   0.0153218   0.0177419   0.0220881   0.0269114   0.0354468   0.0562445   0.0924139   0.13532   
-0.00526803   -0.00351038   -0.00188944   -0.000324837   0.00187467   0.00341346   -0.00315692   -0.00242621   -0.00118187   -0.000509154   4.51517e-10   0.000509133   0.00118179   0.002426   0.00315658   -0.0034149   0.000325147   0.00188829   0.00350737   0.00526227   0.00714002   0.010532   0.0146469   0.017892   0.00528865   -0.0156084   -0.0380633   

1315000
-10   -9   -8   -7   -5   -4   -2   -1   0   1   2   4   6   7   8   9   10   11   12   13   14   15   16   17   
-1.07685   -0.980474   -0.880721   -0.778977   -0.577511   -0.437731   -0.220227   -0.110488   -1.13501e-09   0.110488   0.220228   0.437732   0.67965   0.778976   0.880726   0.980488   1.07688   1.1693   1.24325   1.30061   1.3035   1.26329   1.15244   1.02813   
0.0152972   0.0131171   0.011336   0.0100048   0.00739369   0.00630129   0.00552259   0.00536361   0.00531372   0.00536361   0.00552259   0.00630129   0.00869186   0.0100047   0.0113358   0.0131169   0.015297   0.0177312   0.0220332   0.0268372   0.0352707   0.055871   0.0919712   0.134864   
-0.00525114   -0.00349863   -0.001882   -0.000316994   0.00336001   -0.00318811   -0.00117561   -0.000506571   4.12679e-10   0.00050655   0.00117552   0.00318779   -0.00187981   0.000317309   0.00188086   0.00349562   0.00524539   0.00713252   0.0104937   0.0145822   0.0179541   0.00552798   -0.0153652   -0.0378265   

1320000
-10   -9   -8   -7   -6   -5   -4   -3   -2   -1   0   1   2   3   4   5   7   8   9   10   11   12   13   14   15   16   17   
-1.07699   -0.980561   -0.880768   -0.779024   -0.679687   -0.577262   -0.437564   -0.327624   -0.22025   -0.110494   -1.40058e-09   0.110494   0.22025   0.327625   0.437566   0.577268   0.779022   0.880773   0.980575   1.07702   1.16935   1.24369   1.30142   1.30499   1.26552   1.15489   1.0301   
0.0152725   0.0130997   0.011325   0.00999443   0.00868611   0.00738809   0.00629726   0.00577751   0.00551909   0.00536139   0.00530988   0.00536139   0.00551909   0.00577751   0.00629723   0.00738802   0.00999433   0.0113249   0.0130996   0.0152724   0.0177222   0.0219789   0.0267628   0.0350961   0.0554927   0.0915229   0.134418   
-0.00523438   -0.00348698   -0.00187463   -0.000309213   0.00188842   0.00330677   -0.00322009   -0.00239006   -0.00116922   -0.000503951   4.26983e-10   0.00050393   0.00116913   0.00238985   0.00321974   -0.00330821   0.000309531   0.00187349   0.00348398   0.00522866   0.00712628   0.0104558   0.0145232   0.0180139   0.00577163   -0.015117   -0.0375924   

1325000
-10   -9   -8   -7   -5   -4   -3   -2   -1   0   1   2   3   4   5   7   8   9   10   11   12   13   14   15   16   17   
-1.07713   -0.980648   -0.880814   -0.77907   -0.577014   -0.437395   -0.327675   -0.220273   -0.110501   -1.66949e-09   0.110501   0.220274   0.327676   0.437396   0.57702   0.779068   0.88082   0.980662   1.07716   1.16939   1.24412   1.3022   1.30647   1.26778   1.15736   1.03187   
0.0152482   0.0130826   0.0113142   0.00998416   0.00738256   0.00629326   0.005774   0.00551575   0.00535931   0.00530618   0.00535931   0.00551575   0.005774   0.00629326   0.0073825   0.00998406   0.0113141   0.0130824   0.015248   0.0177151   0.0219254   0.0266884   0.0349233   0.0551109   0.0910707   0.134032   
-0.0052178   -0.00347543   -0.00186733   -0.000301492   0.00325372   -0.00325274   -0.00237605   -0.0011627   -0.000501293   4.69564e-10   0.000501272   0.00116261   0.00237583   0.00325239   -0.00325516   0.000301813   0.0018662   0.00347245   0.00521208   0.00712137   0.0104184   0.0144686   0.0180706   0.00602023   -0.0148659   -0.0373872   

1330000
-10   -9   -8   -7   -6   -5   -4   -3   -2   -1   0   1   2   3   4   5   6   7   8   9   10   11   12   13   14   15   16   17   
-1.07727   -0.980733   -0.88086   -0.779116   -0.679753   -0.576767   -0.437223   -0.327728   -0.220297   -0.110508   1.81244e-09   0.110508   0.220297   0.327729   0.437225   0.576773   0.679745   0.779114   0.880866   0.980747   1.0773   1.16941   1.24455   1.30297   1.30795   1.27005   1.15984   1.03353   
0.0152241   0.0130655   0.0113034   0.00997398   0.0086734   0.0073771   0.00628929   0.00577065   0.00551256   0.00535739   0.00530261   0.00535739   0.00551256   0.00577065   0.00628927   0.00737703   0.00867329   0.00997388   0.0113033   0.0130654   0.0152239   0.01771   0.0218725   0.0266145   0.0347529   0.0547309   0.090616   0.13366   
-0.00520134   -0.00346397   -0.0018601   -0.000293829   0.00190291   0.00320082   -0.00328598   -0.00236171   -0.00115607   -0.000498597   -1.68751e-10   0.000498575   0.00115598   0.0023615   0.00328562   -0.00320226   -0.0019012   0.000294154   0.00185897   0.003461   0.00519567   0.0071179   0.0103815   0.0144147   0.0181236   0.00626868   -0.014614   -0.0371934   

1335000
-10   -9   -8   -7   -6   -5   -4   -3   -2   -1   0   1   2   3   4   5   6   7   8   9   10   11   12   13   14   15   16   17   
-1.0774   -0.980818   -0.880906   -0.779161   -0.679793   -0.57652   -0.43706   -0.327781   -0.220321   -0.110515   7.85114e-10   0.110515   0.220321   0.327782   0.437061   0.576526   0.679785   0.779159   0.880911   0.980832   1.07743   1.16943   1.24497   1.30373   1.30942   1.27229   1.1623   1.03517   
0.0152002   0.0130486   0.0112928   0.00996389   0.00866595   0.0073717   0.00628548   0.00576746   0.00550953   0.00535563   0.00529917   0.00535563   0.00550952   0.00576745   0.00628545   0.00737164   0.00866584   0.00996379   0.0112927   0.0130485   0.0152   0.017707   0.0218204   0.0265411   0.0345838   0.0543565   0.09017   0.133302   
-0.00518506   -0.00345262   -0.00185293   -0.000286227   0.001911   0.00314803   -0.0033172   -0.00234706   -0.00114932   -0.00049586   -5.87628e-12   0.000495836   0.00114924   0.00234685   0.00331696   -0.00314948   -0.0019093   0.000286567   0.00185181   0.00344965   0.00517938   0.00711596   0.0103452   0.014361   0.0181742   0.00651097   -0.0143671   -0.0370019   

1340000
-10   -9   -8   -7   -6   -5   -4   -3   -2   -1   0   1   2   3   4   5   6   7   8   9   10   11   12   13   14   15   16   17   
-1.07754   -0.980902   -0.880951   -0.779206   -0.679833   -0.576274   -0.436988   -0.327835   -0.220345   -0.110522   3.1115e-10   0.110522   0.220346   0.327836   0.436989   0.57628   0.679825   0.779204   0.880956   0.980916   1.07757   1.16942   1.24539   1.30449   1.3109   1.27453   1.16472   1.03681   
0.0151766   0.0130319   0.0112822   0.00995389   0.00865857   0.00736637   0.00628205   0.00576442   0.00550666   0.00535401   0.00529586   0.005354   0.00550666   0.00576442   0.00628205   0.00736631   0.00865847   0.0099538   0.0112821   0.0130318   0.0151764   0.0177067   0.0217689   0.0264686   0.0344164   0.0539843   0.0897353   0.132939   
-0.00516892   -0.00344137   -0.00184583   -0.000278679   0.00191904   0.00309536   -0.00332765   -0.00233213   -0.00114246   -0.000493072   6.20866e-11   0.000493051   0.00114237   0.00233192   0.0033274   -0.00309681   -0.00191734   0.00027905   0.00184471   0.00343841   0.00516327   0.00711597   0.0103092   0.0143079   0.0182221   0.0067522   -0.0141274   -0.0368125   

1345000
-10   -9   -8   -7   -6   -5   -4   -3   -2   -1   0   1   2   3   4   5   6   7   8   9   10   11   12   13   14   15   16   17   
-1.07767   -0.980986   -0.880996   -0.77925   -0.679873   -0.576028   -0.436906   -0.32789   -0.22037   -0.11053   -4.6056e-10   0.11053   0.22037   0.327891   0.436907   0.576034   0.679865   0.779249   0.881001   0.980999   1.0777   1.16939   1.24579   1.30523   1.31237   1.27678   1.16718   1.03848   
0.0151532   0.0130153   0.0112718   0.00994397   0.00865126   0.00736109   0.00627858   0.00576159   0.00550395   0.00535252   0.00529268   0.00535251   0.00550394   0.00576158   0.00627855   0.00736103   0.00865115   0.00994388   0.0112717   0.0130152   0.015153   0.0177092   0.021718   0.0263966   0.034251   0.0536058   0.089293   0.132572   
-0.00515295   -0.00343019   -0.0018388   -0.000271191   0.00192704   0.00304281   -0.00334054   -0.00231692   -0.00113548   -0.00049023   1.81715e-10   0.000490208   0.0011354   0.00231671   0.00334029   -0.00304426   -0.00192534   0.00027156   0.00183768   0.00342726   0.00514732   0.00711822   0.0102737   0.0142551   0.0182667   0.00699944   -0.0138826   -0.0366197   

1350000
-10   -9   -8   -7   -6   -5   -3   -2   -1   0   1   2   3   5   6   7   8   9   10   11   12   13   14   15   16   17   
-1.07781   -0.981068   -0.88104   -0.779294   -0.679912   -0.575783   -0.327946   -0.220395   -0.110537   -2.39498e-09   0.110537   0.220396   0.327947   0.575789   0.679904   0.779293   0.881045   0.981082   1.07783   1.16935   1.2462   1.30597   1.31384   1.27906   1.16971   1.04017   
0.01513   0.0129989   0.0112614   0.00993413   0.00864401   0.00735587   0.00575891   0.00550139   0.00535115   0.00528962   0.00535115   0.00550138   0.0057589   0.00735581   0.0086439   0.00993403   0.0112613   0.0129988   0.0151298   0.0177143   0.0216678   0.0263251   0.0340877   0.0532289   0.0888358   0.132206   
-0.00513711   -0.00341912   -0.00183184   -0.000263763   0.001935   0.00299035   -0.00230143   -0.00112841   -0.000487322   4.44069e-10   0.000487302   0.00112832   0.00230122   -0.00299181   -0.00193329   0.000264106   0.00183073   0.00341618   0.00513149   0.00712214   0.0102385   0.0142026   0.0183079   0.00724765   -0.0136291   -0.0364239   

1355000
-10   -9   -8   -7   -6   -5   -4   -3   -2   -1   0   1   2   3   4   5   6   7   8   9   10   11   12   13   14   15   16   17   
-1.07794   -0.98115   -0.881084   -0.779338   -0.679951   -0.575538   -0.436725   -0.328003   -0.220421   -0.110545   -2.53777e-09   0.110546   0.220421   0.328004   0.436726   0.575544   0.679943   0.779337   0.881089   0.981164   1.07796   1.16929   1.2466   1.3067   1.3153   1.2813   1.17232   1.04188   
0.015107   0.0129826   0.0112512   0.00992438   0.00863683   0.0073507   0.00626985   0.00575638   0.00549899   0.0053499   0.00528669   0.0053499   0.00549898   0.00575637   0.00626982   0.00735065   0.00863673   0.00992428   0.0112511   0.0129825   0.0151069   0.0177225   0.0216181   0.0262542   0.0339258   0.0528564   0.0883627   0.13183   
-0.0051214   -0.00340815   -0.00182494   -0.00025638   0.00194289   0.00293799   -0.00337175   -0.00228568   -0.00112123   -0.000484343   4.82225e-10   0.000484322   0.00112114   0.00228547   0.00337147   -0.00293944   -0.00194118   0.000256724   0.00182383   0.00340522   0.0051158   0.00712825   0.0102038   0.0141504   0.018347   0.00749106   -0.0133645   -0.036228   

1360000
-10   -9   -8   -7   -6   -5   -4   -3   -2   0   2   3   4   5   6   7   8   9   10   11   12   13   14   15   16   17   
-1.07807   -0.981231   -0.881127   -0.779381   -0.67999   -0.575294   -0.436629   -0.328061   -0.220446   -3.57319e-09   0.220447   0.328062   0.43663   0.5753   0.679982   0.77938   0.881132   0.981245   1.07809   1.1692   1.24699   1.30742   1.31676   1.28353   1.17497   1.04363   
0.0150843   0.0129665   0.011241   0.00991472   0.00862972   0.00734558   0.00626436   0.00575401   0.00549675   0.00528389   0.00549675   0.005754   0.00626433   0.00734553   0.00862961   0.00991461   0.0112409   0.0129663   0.0150841   0.0177341   0.0215692   0.0261838   0.0337656   0.0524899   0.087884   0.131456   
-0.00510582   -0.00339725   -0.00181812   -0.000249057   0.00195075   0.00288571   -0.00338945   -0.00226966   -0.00111394   6.27336e-10   0.00111386   0.00226945   0.00338916   -0.00288717   -0.00194903   0.0002494   0.00181701   0.00339432   0.00510026   0.00713679   0.0101695   0.0140986   0.018383   0.00772957   -0.0130982   -0.0360279   

1365000
-10   -9   -8   -7   -6   -5   -4   -3   -2   0   2   3   4   5   6   7   8   9   10   11   12   13   14   15   16   17   
-1.07819   -0.981311   -0.88117   -0.779424   -0.680028   -0.575049   -0.436526   -0.32812   -0.220472   -3.87038e-09   0.220472   0.328121   0.436528   0.575056   0.68002   0.779423   0.881175   0.981325   1.07822   1.16909   1.24737   1.30814   1.31822   1.28576   1.17766   1.0454   
0.0150618   0.0129505   0.0112309   0.00990513   0.00862266   0.00734051   0.00625894   0.00575179   0.00549467   0.00528127   0.00549467   0.00575179   0.00625892   0.00734045   0.00862255   0.00990504   0.0112308   0.0129503   0.0150616   0.0177494   0.0215208   0.0261139   0.0336076   0.0521183   0.0873978   0.13107   
-0.00509045   -0.00338643   -0.00181136   -0.000241785   0.00195856   0.00283352   -0.00340859   -0.00225339   -0.00110657   6.56007e-10   0.00110648   0.00225318   0.00340829   -0.00283498   -0.00195685   0.000242142   0.00181025   0.00338351   0.00508488   0.00714801   0.0101356   0.014047   0.0184156   0.00797354   -0.0128252   -0.0358233   

1370000
-10   -9   -8   -7   -6   -5   -4   -3   -2   -1   0   1   2   3   4   5   6   7   8   9   10   11   12   13   14   15   16   17   
-1.07832   -0.981391   -0.881213   -0.779467   -0.680066   -0.574806   -0.436418   -0.328179   -0.220498   -0.110577   -4.70826e-10   0.110577   0.220499   0.32818   0.436419   0.574812   0.680058   0.779466   0.881218   0.981405   1.07835   1.16895   1.24775   1.30885   1.31967   1.28801   1.18032   1.04722   
0.0150394   0.0129346   0.0112209   0.00989564   0.00861567   0.00733547   0.0062536   0.00574973   0.00549275   0.00534608   0.00527878   0.00534608   0.00549275   0.00574973   0.00625358   0.00733541   0.00861556   0.00989553   0.0112208   0.0129344   0.0150392   0.0177689   0.021473   0.0260445   0.0334516   0.0517468   0.086912   0.130665   
-0.00507506   -0.00337571   -0.00180466   -0.000234563   0.00196631   0.0027814   -0.00342898   -0.00223689   -0.0010991   -0.00047438   1.01733e-10   0.00047436   0.00109902   0.00223668   0.00342868   -0.00278287   -0.0019646   0.000234921   0.00180357   0.00337279   0.00506952   0.00716222   0.0101021   0.0139958   0.0184453   0.00821937   -0.0125563   -0.0356145   

1375000
-10   -9   -8   -7   -6   -5   -4   -3   -2   -1   0   1   2   3   4   5   6   7   8   9   10   11   12   13   14   15   16   17   
-1.07845   -0.98147   -0.881255   -0.779509   -0.680104   -0.574563   -0.436304   -0.32824   -0.220525   -0.110599   -6.13441e-10   0.110599   0.220525   0.328241   0.436305   0.574569   0.680096   0.779508   0.88126   0.981483   1.07847   1.16877   1.24813   1.30955   1.32112   1.29024   1.18293   1.0491   
0.0150172   0.0129187   0.011211   0.00988622   0.00860873   0.00733046   0.00624833   0.00574783   0.005491   0.00534342   0.00527643   0.00534342   0.005491   0.00574783   0.00624831   0.00733041   0.00860862   0.00988612   0.0112109   0.0129186   0.015017   0.0177932   0.0214256   0.0259755   0.0332972   0.0513824   0.0864453   0.130262   
-0.00505986   -0.00336508   -0.00179804   -0.000227399   0.00197404   0.00272936   -0.0034505   -0.00222016   -0.00109154   -0.000469682   1.19242e-10   0.000469661   0.00109146   0.00221995   0.00345019   -0.00273083   -0.00197232   0.000227761   0.00179695   0.00336217   0.00505435   0.00717984   0.0100689   0.0139449   0.0184727   0.00845981   -0.0122975   -0.0353992   

1380000
-10   -9   -8   -7   -6   -5   -4   -3   -2   -1   0   1   2   3   4   5   6   7   8   9   10   11   12   13   14   15   16   17   
-1.07857   -0.981548   -0.881296   -0.779551   -0.680141   -0.57432   -0.436186   -0.328301   -0.220551   -0.110621   -9.40645e-10   0.110621   0.220551   0.328302   0.436187   0.574326   0.680133   0.77955   0.881301   0.981561   1.0786   1.16855   1.2485   1.31024   1.32256   1.29243   1.18557   1.05102   
0.0149952   0.0129032   0.0112012   0.0098769   0.00860183   0.00732548   0.00624315   0.00574609   0.00548945   0.00534088   0.00527423   0.00534088   0.00548945   0.00574608   0.00624312   0.00732542   0.00860174   0.00987679   0.0112012   0.0129031   0.0149951   0.0178242   0.0213788   0.0259071   0.0331445   0.0510243   0.0859742   0.129849   
-0.0050448   -0.00335456   -0.00179149   -0.000220292   0.00198169   0.00267739   -0.003473   -0.00220322   -0.00108392   -0.000464966   1.69482e-10   0.000464945   0.00108383   0.00220301   0.00347269   -0.00267887   -0.00197999   0.000220655   0.0017904   0.00335167   0.00503929   0.00720245   0.010036   0.0138943   0.0184972   0.00869436   -0.0120356   -0.0351795   

1385000
-10   -9   -8   -7   -6   -5   -4   -3   -2   -1   0   1   2   3   4   5   6   7   8   9   10   11   12   13   14   15   16   17   
-1.0787   -0.981625   -0.881338   -0.779593   -0.680179   -0.574078   -0.436063   -0.328363   -0.220578   -0.110643   -6.49719e-10   0.110643   0.220578   0.328364   0.436065   0.574084   0.680171   0.779591   0.881343   0.981638   1.07872   1.16828   1.24887   1.31093   1.32399   1.29462   1.18831   1.05294   
0.0149734   0.0128877   0.0111915   0.00986766   0.00859503   0.00732052   0.00623804   0.0057445   0.0054881   0.00533846   0.00527217   0.00533845   0.00548809   0.0057445   0.00623801   0.00732046   0.00859493   0.00986755   0.0111914   0.0128876   0.0149733   0.0178623   0.0213325   0.0258392   0.0329941   0.0506628   0.0854916   0.129422   
-0.00502989   -0.00334413   -0.001785   -0.000213244   0.00198934   0.00262549   -0.0034963   -0.0021861   -0.00107623   -0.000460243   1.22728e-10   0.000460222   0.00107614   0.00218589   0.00349599   -0.00262699   -0.00198762   0.00021361   0.00178392   0.00334124   0.00502436   0.0072301   0.0100035   0.013844   0.0185186   0.00893359   -0.0117647   -0.0349576   

1390000
-10   -9   -8   -7   -6   -5   -4   -3   -2   -1   0   1   2   3   4   5   6   7   8   9   10   11   12   13   14   15   16   17   
-1.07882   -0.981701   -0.881378   -0.779634   -0.680215   -0.573836   -0.435938   -0.328425   -0.220604   -0.110665   -5.66642e-10   0.110665   0.220605   0.328426   0.435939   0.573842   0.680208   0.779632   0.881383   0.981715   1.07884   1.16796   1.24923   1.31161   1.32542   1.29682   1.19111   1.05488   
0.0149519   0.0128724   0.0111819   0.0098585   0.00858824   0.00731564   0.00623299   0.00574308   0.00548692   0.00533615   0.00527027   0.00533615   0.00548691   0.00574307   0.00623297   0.00731559   0.00858817   0.0098584   0.0111818   0.0128723   0.0149517   0.0179087   0.0212867   0.0257718   0.0328456   0.0503034   0.0849911   0.129011   
-0.00501501   -0.00333378   -0.00177859   -0.000206258   0.00199689   0.00257367   -0.00352031   -0.00216881   -0.00106846   -0.000455523   1.06278e-10   0.000455502   0.00106837   0.0021686   0.00351998   -0.00257516   -0.00199521   0.000206631   0.00177751   0.0033309   0.00500955   0.00726374   0.00997127   0.013794   0.0185379   0.00917404   -0.0114837   -0.0347384   

1395000
-10   -9   -8   -7   -6   -5   -4   -3   -2   -1   0   1   2   3   4   5   6   7   8   9   10   11   12   13   14   15   16   17   
-1.07894   -0.981778   -0.881419   -0.779674   -0.680252   -0.573594   -0.435809   -0.328488   -0.220631   -0.110687   -1.56013e-09   0.110687   0.220632   0.328489   0.435811   0.5736   0.680244   0.779673   0.881424   0.981791   1.07897   1.16756   1.24959   1.31229   1.32684   1.29898   1.19393   1.05678   
0.0149304   0.0128572   0.0111724   0.00984944   0.00858157   0.00731086   0.00622802   0.00574181   0.00548591   0.00533395   0.00526851   0.00533393   0.00548591   0.0057418   0.00622801   0.00731081   0.00858147   0.00984934   0.0111723   0.0128571   0.0149303   0.0179654   0.0212413   0.0257048   0.0326985   0.0499486   0.0844771   0.128599   
-0.00500032   -0.00332345   -0.00177225   -0.000199331   0.00200448   0.0025219   -0.0035449   -0.00215138   -0.00106062   -0.000450825   2.98352e-10   0.000450803   0.00106053   0.00215117   0.00354455   -0.00252339   -0.00200274   0.000199708   0.00177117   0.00332063   0.00499485   0.00730458   0.00993936   0.0137443   0.0185548   0.00941035   -0.011197   -0.0345219   

1400000
-10   -9   -8   -7   -6   -5   -4   -3   -2   0   2   3   4   5   6   7   8   9   10   11   12   13   14   15   16   17   
-1.07906   -0.981853   -0.881459   -0.779715   -0.680288   -0.573352   -0.435681   -0.32855   -0.220658   -8.00402e-11   0.220659   0.328551   0.435682   0.573359   0.68028   0.779713   0.881464   0.981866   1.07909   1.16707   1.24995   1.31296   1.32824   1.30109   1.19679   1.0586   
0.0149092   0.0128422   0.011163   0.00984046   0.00857489   0.00730609   0.00622314   0.00574066   0.00548508   0.00526691   0.00548507   0.00574066   0.00622312   0.00730604   0.00857482   0.00984036   0.0111629   0.012842   0.0149091   0.0180348   0.0211964   0.0256383   0.0325535   0.0496027   0.0839671   0.128207   
-0.0049857   -0.00331329   -0.00176598   -0.000192456   0.00201194   0.0024702   -0.00356931   -0.00213404   -0.00105271   1.15215e-11   0.00105262   0.00213383   0.00356905   -0.00247169   -0.00201026   0.000192836   0.0017649   0.00331044   0.00498026   0.00735447   0.00990776   0.0136949   0.018569   0.0096394   -0.0109103   -0.0343161   

1405000
-10   -9   -8   -7   -6   -5   -4   -3   -2   -1   0   1   2   3   4   5   6   7   8   9   10   11   12   13   14   15   16   17   
-1.07918   -0.981927   -0.881498   -0.779755   -0.680324   -0.573134   -0.43563   -0.32859   -0.220685   -0.110722   -6.52681e-09   0.110722   0.220686   0.328591   0.435631   0.57314   0.680317   0.779753   0.881503   0.981941   1.07921   1.16646   1.2503   1.31362   1.32964   1.30321   1.19958   1.06038   
0.0148882   0.0128271   0.0111537   0.00983155   0.00856829   0.00730129   0.00621842   0.00573826   0.00548442   0.00532888   0.00526546   0.00532888   0.00548441   0.00573826   0.0062184   0.00730124   0.00856824   0.00983144   0.0111536   0.012827   0.014888   0.018121   0.021152   0.0255723   0.0324107   0.0492562   0.0834728   0.127831   
-0.00497121   -0.00330318   -0.00175978   -0.000185623   0.00201939   0.0024238   -0.00357661   -0.00212253   -0.00104474   -0.000443091   1.1181e-09   0.00044307   0.00104465   0.00212232   0.00357634   -0.00242503   -0.00201772   0.000186007   0.00175871   0.00330032   0.00496579   0.00741617   0.00987651   0.0136458   0.0185803   0.00987155   -0.010634   -0.0341161   

1410000
-10   -9   -8   -7   -6   -5   -4   -3   -2   -1   0   1   2   3   4   5   6   7   8   9   10   11   12   13   14   15   16   17   
-1.0793   -0.982002   -0.881538   -0.779794   -0.68036   -0.572917   -0.435572   -0.328629   -0.220713   -0.110729   -4.30512e-10   0.110729   0.220713   0.32863   0.435573   0.572922   0.680352   0.779793   0.881543   0.982015   1.07932   1.1662   1.25064   1.31427   1.33104   1.30532   1.20234   1.06221   
0.0148673   0.0128123   0.0111444   0.0098227   0.00856176   0.00729647   0.00621378   0.005736   0.00548392   0.00532538   0.00526416   0.00532538   0.00548392   0.00573599   0.00621375   0.00729642   0.00856168   0.0098226   0.0111443   0.0128122   0.0148671   0.0181574   0.021108   0.0255067   0.0322697   0.0489107   0.0829881   0.127459   
-0.00495683   -0.00329313   -0.00175365   -0.000178836   0.00202683   0.0023775   -0.00358549   -0.00211087   -0.00103672   -0.000441074   1.72643e-10   0.000441054   0.00103663   0.00211066   0.00358521   -0.00237874   -0.00202513   0.000179227   0.00175259   0.00329028   0.00495143   0.00744271   0.00984549   0.013597   0.0185889   0.0101042   -0.0103635   -0.0339142   

1415000
-10   -9   -8   -7   -6   -5   -4   -3   -2   -1   0   1   2   3   4   5   6   7   8   9   10   11   12   13   14   15   16   17   
-1.07941   -0.982075   -0.881576   -0.779834   -0.680396   -0.5727   -0.435507   -0.32867   -0.22074   -0.110736   -3.4596e-10   0.110736   0.22074   0.328671   0.435508   0.572705   0.680388   0.779832   0.881581   0.982089   1.07944   1.16647   1.25098   1.31492   1.33242   1.30738   1.20517   1.06405   
0.0148466   0.0127975   0.0111353   0.00981391   0.00855529   0.00729165   0.0062092   0.00573389   0.00548358   0.00532199   0.00526301   0.00532199   0.00548357   0.00573389   0.00620918   0.0072916   0.00855519   0.00981381   0.0111352   0.0127974   0.0148464   0.018118   0.0210644   0.0254416   0.0321307   0.0485743   0.0824884   0.127062   
-0.00494256   -0.00328314   -0.0017476   -0.000172077   0.00203422   0.0023312   -0.00359573   -0.00209898   -0.00102865   -0.00043903   1.61648e-10   0.00043901   0.00102856   0.00209877   0.00359545   -0.00233244   -0.00203251   0.000172473   0.00174654   0.00328031   0.00493717   0.00741579   0.00981472   0.0135485   0.0185945   0.0103295   -0.010083   -0.0337068   

1420000
-10   -9   -8   -7   -6   -5   -4   -3   -1   0   1   3   4   5   6   7   8   9   10   11   12   13   14   15   16   17   
-1.07953   -0.982148   -0.881615   -0.779873   -0.680431   -0.572484   -0.435436   -0.328711   -0.110743   3.69908e-10   0.110744   0.328712   0.435438   0.572489   0.680423   0.779871   0.88162   0.982162   1.07956   1.16673   1.25132   1.31556   1.3338   1.30939   1.20809   1.06593   
0.014826   0.0127829   0.0111262   0.00980522   0.00854886   0.00728678   0.0062047   0.00573194   0.0053187   0.00526201   0.0053187   0.00573194   0.00620469   0.00728673   0.00854876   0.00980512   0.0111262   0.0127828   0.0148259   0.0180791   0.0210212   0.025377   0.0319942   0.0482493   0.0819729   0.126667   
-0.0049284   -0.00327322   -0.00174163   -0.000165397   0.00204157   0.0022849   -0.00360713   -0.00208686   -0.000436958   5.33619e-11   0.000436938   0.00208665   0.00360683   -0.00228615   -0.00203985   0.000165797   0.00174057   0.00327038   0.00492302   0.00738917   0.00978426   0.0135003   0.0185968   0.0105451   -0.00979201   -0.0334967   

1425000
-10   -9   -8   -7   -6   -5   -4   -3   -2   -1   0   1   2   3   4   6   7   8   9   10   11   12   13   14   15   16   17   
-1.07965   -0.98222   -0.881652   -0.779911   -0.680466   -0.572267   -0.435361   -0.328752   -0.220791   -0.110751   5.75853e-10   0.110751   0.220792   0.328753   0.435363   0.680458   0.77991   0.881657   0.982234   1.07967   1.16699   1.25166   1.3162   1.33517   1.31139   1.21103   1.06785   
0.0148057   0.0127684   0.0111173   0.00979661   0.00854249   0.00728189   0.00620028   0.00573018   0.00548297   0.00531552   0.00526115   0.00531552   0.00548297   0.00573018   0.00620028   0.00854238   0.00979651   0.0111172   0.0127683   0.0148055   0.0180406   0.0209784   0.0253129   0.0318595   0.0479258   0.0814515   0.126263   
-0.00491434   -0.0032634   -0.00173573   -0.000158765   0.00204887   0.0022386   -0.00361949   -0.00207456   -0.00101325   -0.00043486   4.58721e-11   0.00043484   0.00101317   0.00207436   0.00361919   -0.00204714   0.000159167   0.00173467   0.00326057   0.00490898   0.00736284   0.00975406   0.0134524   0.0185966   0.0107615   -0.00949693   -0.0332821   

1430000
-10   -9   -8   -7   -6   -5   -4   -3   -2   -1   0   1   2   3   4   5   6   7   8   9   10   11   12   13   14   15   16   17   
-1.07976   -0.982292   -0.88169   -0.77995   -0.680501   -0.572055   -0.435282   -0.328794   -0.2208   -0.110758   -3.00967e-09   0.110758   0.2208   0.328795   0.435284   0.572061   0.680493   0.779948   0.881695   0.982306   1.07978   1.16725   1.25199   1.31683   1.33654   1.31337   1.21398   1.06983   
0.0147854   0.012754   0.0111084   0.00978807   0.00853616   0.00727599   0.00619594   0.00572862   0.00548132   0.00531243   0.00526044   0.00531243   0.00548132   0.00572861   0.00619592   0.00727593   0.00853605   0.00978797   0.0111083   0.0127539   0.0147853   0.0180026   0.0209361   0.0252492   0.0317269   0.0476052   0.0809303   0.125849   
-0.00490039   -0.00325363   -0.0017299   -0.00015218   0.00205613   0.00219244   -0.00363266   -0.00206206   -0.0010092   -0.000432737   6.08088e-10   0.000432718   0.00100912   0.00206186   0.00363235   -0.00219371   -0.00205439   0.00015259   0.00172884   0.00325081   0.00489504   0.00733682   0.00972412   0.0134048   0.0185937   0.0109771   -0.00920138   -0.0330617   

1435000
-10   -9   -8   -7   -6   -5   -4   -3   -2   -1   0   1   2   3   4   5   6   7   8   9   10   11   12   13   14   15   16   17   
-1.07987   -0.982363   -0.881727   -0.779988   -0.680535   -0.571844   -0.4352   -0.328837   -0.220809   -0.110766   -6.01225e-09   0.110766   0.220809   0.328838   0.435201   0.57185   0.680527   0.779986   0.881732   0.982377   1.0799   1.1675   1.25232   1.31745   1.33789   1.31531   1.21683   1.07186   
0.0147654   0.0127397   0.0110996   0.0097796   0.00852986   0.00726996   0.00619168   0.00572721   0.00547978   0.00530945   0.00525985   0.00530945   0.00547977   0.0057272   0.00619166   0.00726989   0.00852978   0.0097795   0.0110995   0.0127396   0.0147652   0.017965   0.0208941   0.0251859   0.0315965   0.0472924   0.0804302   0.125424   
-0.00488653   -0.00324393   -0.00172413   -0.000145647   0.00206331   0.00214628   -0.00364647   -0.00204936   -0.00100501   -0.000430592   1.06414e-09   0.000430572   0.00100493   0.00204916   0.00364616   -0.00214756   -0.00206161   0.000146056   0.00172309   0.00324112   0.0048812   0.00731108   0.00969444   0.0133575   0.0185878   0.0111861   -0.00891884   -0.0328341   

1440000
-10   -9   -8   -7   -6   -5   -4   -3   -2   -1   0   1   2   3   4   5   6   7   8   9   10   11   12   13   14   15   16   17   
-1.07998   -0.982435   -0.881764   -0.780025   -0.680569   -0.571633   -0.435115   -0.32888   -0.220818   -0.110773   -2.59327e-10   0.110773   0.220819   0.328881   0.435116   0.571638   0.680561   0.780023   0.881769   0.982448   1.08001   1.16775   1.25264   1.31807   1.33923   1.3172   1.21963   1.07397   
0.0147455   0.0127254   0.011091   0.0097712   0.00852365   0.00726396   0.0061875   0.00572595   0.00547832   0.00530659   0.00525937   0.00530658   0.00547832   0.00572594   0.00618748   0.00726391   0.00852356   0.0097711   0.0110909   0.0127253   0.0147453   0.0179279   0.0208525   0.0251232   0.0314685   0.0469912   0.0799394   0.124982   
-0.00487278   -0.00323424   -0.00171846   -0.000139153   0.00207049   0.00210013   -0.00366081   -0.00203647   -0.00100068   -0.000428409   3.69255e-11   0.000428393   0.0010006   0.00203626   0.0036605   -0.00210141   -0.00206877   0.000139566   0.00171742   0.00323143   0.00486746   0.00728563   0.00966505   0.0133105   0.0185793   0.0113851   -0.00864129   -0.032598   

1445000
-10   -9   -8   -7   -6   -5   -4   -3   -2   -1   0   1   2   3   4   5   6   7   8   9   10   11   12   13   14   15   16   17   
-1.0801   -0.982504   -0.881799   -0.780063   -0.680603   -0.571421   -0.435028   -0.328924   -0.220829   -0.110781   -5.95626e-10   0.110781   0.220829   0.328925   0.435029   0.571427   0.680595   0.780061   0.881804   0.982518   1.08012   1.16799   1.25296   1.31868   1.34056   1.31906   1.22248   1.07611   
0.0147257   0.0127113   0.0110826   0.00976287   0.00851749   0.00725805   0.00618342   0.00572483   0.00547692   0.00530382   0.005259   0.00530382   0.00547692   0.00572483   0.00618339   0.00725797   0.00851739   0.00976276   0.0110825   0.0127112   0.0147256   0.0178912   0.0208112   0.0250609   0.0313425   0.0466938   0.0794376   0.124535   
-0.00485912   -0.00322471   -0.00171302   -0.000132703   0.00207764   0.00205395   -0.00367551   -0.00202338   -0.000996196   -0.000426215   1.27569e-10   0.000426194   0.000996112   0.00202317   0.00367522   -0.00205525   -0.00207591   0.000133114   0.00171198   0.00322187   0.00485381   0.00726046   0.00963586   0.0132638   0.0185685   0.0115829   -0.00835484   -0.0323596   

1450000
-10   -9   -8   -7   -6   -5   -4   -3   -2   -1   0   1   2   3   4   5   6   7   8   9   10   11   12   13   14   15   16   17   
-1.08021   -0.982574   -0.881833   -0.7801   -0.680637   -0.57121   -0.434939   -0.328969   -0.220845   -0.110788   6.06746e-09   0.110788   0.220845   0.32897   0.43494   0.571215   0.680629   0.780098   0.881838   0.982587   1.08023   1.16824   1.25328   1.31929   1.34188   1.3209   1.22534   1.07825   
0.0147061   0.0126973   0.0110743   0.0097546   0.00851138   0.00725214   0.00617942   0.00572386   0.00547487   0.00530118   0.0052587   0.00530118   0.00547486   0.00572385   0.0061794   0.00725208   0.00851127   0.00975448   0.0110742   0.0126972   0.014706   0.0178549   0.0207703   0.024999   0.0312186   0.0464007   0.0789295   0.124084   
-0.00484556   -0.0032152   -0.00170765   -0.0001263   0.00208474   0.00200777   -0.00369053   -0.0020101   -0.000991165   -0.000424012   -7.25143e-10   0.000423993   0.000991079   0.00200989   0.00369021   -0.00200908   -0.00208301   0.000126707   0.00170662   0.00321241   0.00484026   0.00723557   0.00960685   0.0132174   0.0185552   0.0117789   -0.00806262   -0.0321188   

1455000
-10   -9   -8   -7   -6   -5   -4   -3   -2   -1   0   1   2   3   4   5   6   7   8   9   10   11   12   13   14   15   16   17   18   
-1.08032   -0.982643   -0.881867   -0.780136   -0.68067   -0.570998   -0.434848   -0.329014   -0.220868   -0.110796   8.70573e-09   0.110796   0.220869   0.329015   0.434849   0.571004   0.680662   0.780135   0.881872   0.982656   1.08034   1.16848   1.25359   1.31989   1.34318   1.3227   1.22819   1.08037   0.931226   
0.0146867   0.0126834   0.0110661   0.00974638   0.00850531   0.0072463   0.00617558   0.00572302   0.00547171   0.00529865   0.00525845   0.00529865   0.0054717   0.00572301   0.00617557   0.00724623   0.0085052   0.00974629   0.0110661   0.0126833   0.0146865   0.017819   0.0207298   0.0249376   0.0310971   0.0461154   0.0784201   0.123641   0.17984   
-0.00483209   -0.00320575   -0.00170238   -0.000119943   0.00209179   0.00196158   -0.00370572   -0.00199663   -0.000985376   -0.000421792   -1.10252e-09   0.000421774   0.00098529   0.00199643   0.0037054   -0.0019629   -0.00209006   0.000120352   0.00170135   0.00320297   0.00482681   0.00721094   0.00957812   0.0131713   0.0185396   0.0119689   -0.00776762   -0.0318815   -0.060713   

1460000
-10   -9   -8   -7   -6   -5   -4   -3   -2   -1   0   1   2   3   4   5   6   7   8   9   10   11   12   13   14   15   16   17   
-1.08042   -0.982712   -0.881901   -0.780173   -0.680704   -0.570787   -0.434757   -0.32906   -0.220892   -0.110803   1.70814e-09   0.110803   0.220892   0.329061   0.434758   0.570793   0.680696   0.780171   0.881906   0.982725   1.08045   1.16871   1.2539   1.32048   1.34446   1.32444   1.23097   1.08243   
0.0146674   0.0126696   0.0110581   0.00973825   0.0084993   0.00724049   0.00617184   0.00572229   0.00546868   0.00529623   0.00525735   0.00529623   0.00546867   0.00572229   0.00617183   0.00724043   0.00849917   0.00973817   0.011058   0.0126695   0.0146672   0.0177835   0.0206896   0.0248767   0.0309787   0.0458421   0.0779227   0.123221   
-0.00481871   -0.00319637   -0.0016972   -0.00011363   0.0020988   0.0019154   -0.00372097   -0.00198299   -0.000979496   -0.000419557   -1.58404e-10   0.000419537   0.00097941   0.00198278   0.00372064   -0.00191672   -0.00209706   0.000114046   0.00169617   0.00319359   0.00481345   0.00718658   0.00954962   0.0131256   0.0185221   0.0121485   -0.0074793   -0.0316536   

1465000
-10   -9   -8   -7   -6   -5   -4   -3   -2   -1   0   1   2   3   4   5   6   7   8   9   10   11   12   13   14   15   16   17   18   
-1.08053   -0.98278   -0.881934   -0.780209   -0.680737   -0.570576   -0.434665   -0.329107   -0.220916   -0.110811   1.94117e-09   0.110811   0.220916   0.329108   0.434667   0.570581   0.680728   0.780207   0.881939   0.982793   1.08056   1.16895   1.25421   1.32107   1.34572   1.32613   1.23362   1.0844   0.951299   
0.0146482   0.0126559   0.0110501   0.00973016   0.00849333   0.00723473   0.00616822   0.00572168   0.00546578   0.00529392   0.00525377   0.00529392   0.00546577   0.00572168   0.0061682   0.00723467   0.00849321   0.00973009   0.01105   0.0126558   0.0146481   0.0177485   0.0206498   0.0248163   0.0308625   0.0455769   0.077454   0.122813   0.173758   
-0.00480543   -0.00318704   -0.0016921   -0.000107359   0.00210577   0.00186921   -0.00373617   -0.00196916   -0.000973534   -0.0004173   -1.69086e-10   0.000417281   0.000973449   0.00196895   0.00373584   -0.00187054   -0.00210403   0.000107771   0.00169108   0.00318427   0.00480018   0.00716248   0.00952134   0.0130801   0.0185027   0.0123227   -0.00720902   -0.031433   -0.0577494   

1470000
-10   -9   -8   -7   -6   -5   -4   -3   -2   -1   0   1   2   3   4   5   6   7   8   9   10   11   12   13   14   15   16   17   
-1.08064   -0.982848   -0.881967   -0.780245   -0.680769   -0.570364   -0.434624   -0.329155   -0.22094   -0.110818   1.91397e-09   0.110818   0.22094   0.329156   0.434626   0.57037   0.680761   0.780243   0.881971   0.982861   1.08066   1.16918   1.25452   1.32165   1.34697   1.32779   1.23625   1.08639   
0.0146293   0.0126423   0.0110423   0.00972214   0.00848742   0.00722902   0.00616475   0.00572116   0.005463   0.00529173   0.00525031   0.00529173   0.00546299   0.00572116   0.00616472   0.00722896   0.00848729   0.00972207   0.0110422   0.0126422   0.0146291   0.0177138   0.0206103   0.0247563   0.030749   0.045317   0.0769877   0.122391   
-0.00479228   -0.00317777   -0.0016871   -0.000101127   0.0021127   0.00182302   -0.00374041   -0.00195516   -0.000967492   -0.000415028   -1.0369e-10   0.000415009   0.000967407   0.00195495   0.00374012   -0.00182435   -0.00211095   0.000101535   0.00168608   0.00317501   0.00478704   0.00713864   0.00949327   0.013035   0.0184815   0.0124944   -0.006939   -0.0312075   

1475000
-10   -9   -8   -7   -6   -5   -4   -3   -2   -1   0   1   2   3   4   5   6   7   8   9   10   11   12   13   14   15   16   17   
-1.08074   -0.982915   -0.881999   -0.780281   -0.680802   -0.570153   -0.434587   -0.329204   -0.220964   -0.110826   7.89288e-10   0.110826   0.220965   0.329204   0.434588   0.570158   0.680793   0.780279   0.882003   0.982928   1.08077   1.16941   1.25482   1.32223   1.34819   1.3294   1.23891   1.08842   
0.0146105   0.0126287   0.0110346   0.00971419   0.00848156   0.00722336   0.00616136   0.00572072   0.00546035   0.00528966   0.00524695   0.00528966   0.00546034   0.00572072   0.00616135   0.00722329   0.00848143   0.00971412   0.0110345   0.0126286   0.0146103   0.0176795   0.0205711   0.0246967   0.0306379   0.0450651   0.076515   0.121968   
-0.00477924   -0.00316856   -0.0016822   -9.49292e-05   0.0021196   0.00177683   -0.00374379   -0.00194099   -0.000961367   -0.000412742   -5.73188e-11   0.000412723   0.000961282   0.00194079   0.00374346   -0.00177817   -0.00211784   9.53369e-05   0.00168118   0.00316581   0.00477401   0.00711505   0.00946542   0.0129901   0.0184586   0.0126609   -0.00666315   -0.0309785   

1480000
-10   -9   -8   -7   -6   -5   -4   -3   -2   -1   0   1   2   3   4   5   6   7   8   9   10   11   12   13   14   15   16   17   18   
-1.08085   -0.982982   -0.88203   -0.780316   -0.680834   -0.569941   -0.434546   -0.329253   -0.220989   -0.110834   8.06169e-11   0.110834   0.220989   0.329254   0.434547   0.569947   0.680826   0.780314   0.882035   0.982995   1.08087   1.16963   1.25512   1.3228   1.3494   1.33095   1.24153   1.09049   0.959329   
0.0145919   0.0126153   0.011027   0.00970629   0.00847575   0.00721771   0.00615811   0.00572035   0.00545782   0.0052877   0.0052437   0.0052877   0.00545781   0.00572034   0.00615809   0.00721766   0.00847563   0.00970623   0.0110269   0.0126152   0.0145917   0.0176456   0.0205322   0.0246377   0.030529   0.044824   0.0760482   0.121537   0.171456   
-0.00476626   -0.00315941   -0.00167742   -8.87701e-05   0.00212643   0.00173066   -0.00374774   -0.00192667   -0.000955161   -0.000410445   -8.58573e-12   0.000410426   0.000955077   0.00192646   0.00374743   -0.001732   -0.00212469   8.91779e-05   0.0016764   0.00315666   0.00476107   0.00709171   0.00943777   0.0129456   0.0184341   0.0128188   -0.00638984   -0.0307444   -0.0565965   

1485000
-10   -9   -8   -7   -6   -5   -4   -3   -2   -1   0   1   2   3   4   5   6   7   8   9   10   11   12   13   14   15   16   17   18   
-1.08095   -0.983048   -0.882061   -0.780351   -0.680864   -0.56973   -0.434502   -0.329303   -0.221014   -0.110841   -2.96214e-09   0.110841   0.221014   0.329304   0.434504   0.569736   0.680856   0.780349   0.882066   0.983061   1.08098   1.16985   1.25542   1.32337   1.35059   1.33243   1.2441   1.09261   0.961983   
0.0145733   0.0126019   0.0110195   0.00969846   0.00847013   0.00721212   0.00615495   0.00572001   0.00545541   0.00528586   0.00524055   0.00528586   0.00545541   0.00572001   0.00615494   0.00721206   0.00847002   0.00969839   0.0110194   0.0126018   0.0145732   0.0176121   0.0204936   0.0245791   0.0304227   0.0445959   0.0755887   0.121101   0.1707   
-0.00475342   -0.00315032   -0.0016727   -8.2649e-05   0.00213311   0.00168448   -0.00375216   -0.0019122   -0.000948875   -0.000408129   4.8689e-10   0.000408109   0.000948792   0.00191199   0.00375185   -0.00168583   -0.00213137   8.30571e-05   0.00167168   0.00314757   0.00474822   0.00706862   0.00941033   0.0129014   0.0184077   0.0129662   -0.00611997   -0.0305052   -0.0562196   

1490000
-10   -9   -8   -7   -6   -5   -4   -2   -1   0   1   2   4   5   6   7   8   9   10   11   12   13   14   15   16   17   18   
-1.08105   -0.983114   -0.882091   -0.780386   -0.680895   -0.569519   -0.434457   -0.221039   -0.110849   -7.67968e-12   0.110849   0.22104   0.434458   0.569524   0.680887   0.780384   0.882096   0.983127   1.08108   1.17007   1.25571   1.32392   1.35176   1.33385   1.24656   1.09479   0.964906   
0.014555   0.0125887   0.0110121   0.00969068   0.00846458   0.00720657   0.00615191   0.00545313   0.00528414   0.00523751   0.00528413   0.00545312   0.00615189   0.00720651   0.00846447   0.00969062   0.011012   0.0125886   0.0145548   0.0175789   0.0204554   0.024521   0.030319   0.0443768   0.0751526   0.120641   0.16986   
-0.00474063   -0.00314128   -0.0016681   -7.65659e-05   0.00213974   0.00163831   -0.00375688   -0.000942514   -0.000405796   -4.21997e-12   0.000405776   0.000942431   0.00375657   -0.00163967   -0.00213799   7.69741e-05   0.00166708   0.00313854   0.00473545   0.00704576   0.00938309   0.0128575   0.0183795   0.0131079   -0.00586451   -0.0302574   -0.0558052   

1495000
-10   -9   -8   -7   -6   -5   -4   -3   -2   -1   0   1   2   3   4   5   6   7   8   9   10   11   12   13   14   15   16   17   18   
-1.08116   -0.983179   -0.882121   -0.780421   -0.680925   -0.569307   -0.43441   -0.329398   -0.221065   -0.110856   1.00173e-10   0.110856   0.221065   0.329399   0.434412   0.569313   0.680917   0.780419   0.882126   0.983192   1.08118   1.17029   1.256   1.32448   1.35291   1.33522   1.24886   1.09705   0.968027   
0.0145367   0.0125755   0.0110049   0.00968301   0.00845908   0.00720106   0.00614898   0.00571599   0.00545097   0.00528253   0.00523456   0.00528253   0.00545097   0.00571599   0.00614896   0.00720099   0.00845897   0.0096829   0.0110048   0.0125754   0.0145366   0.0175461   0.0204174   0.0244633   0.0302178   0.0441667   0.0747454   0.120171   0.169009   
-0.00472794   -0.0031323   -0.0016636   -7.04598e-05   0.00214631   0.00159216   -0.00376176   -0.00188706   -0.000936072   -0.000403446   -3.49966e-11   0.000403426   0.000935989   0.00188685   0.00376144   -0.00159353   -0.00214457   7.09282e-05   0.00166259   0.00312956   0.00472277   0.00702314   0.00935604   0.012814   0.0183497   0.0132441   -0.00562764   -0.0300011   -0.0553671   

1500000
-10   -9   -8   -7   -6   -5   -4   -3   -2   -1   0   1   2   3   4   5   6   7   8   9   10   11   12   13   14   15   16   17   18   
-1.08126   -0.983244   -0.88215   -0.780455   -0.680955   -0.569096   -0.434363   -0.329436   -0.221091   -0.110864   3.86832e-11   0.110864   0.221091   0.329437   0.434364   0.569102   0.680947   0.780453   0.882155   0.983257   1.08128   1.1705   1.25629   1.32502   1.35404   1.33652   1.25113   1.09938   0.970512   
0.0145186   0.0125624   0.0109977   0.00967535   0.00845363   0.00719558   0.00614616   0.00571279   0.00544893   0.00528105   0.00523172   0.00528105   0.00544893   0.00571278   0.00614615   0.00719552   0.00845353   0.00967524   0.0109977   0.0125623   0.0145185   0.0175137   0.0203797   0.0244061   0.0301191   0.0439667   0.0743473   0.119685   0.168309   
-0.00471533   -0.00312337   -0.0016592   -6.4445e-05   0.00215284   0.00154604   -0.00376665   -0.0018771   -0.00092955   -0.00040108   -7.16849e-12   0.00040106   0.000929467   0.00187689   0.00376633   -0.00154741   -0.0021511   6.49194e-05   0.00165819   0.00312063   0.00471017   0.00700076   0.00932919   0.0127707   0.0183185   0.0133735   -0.00539459   -0.0297368   -0.0550162   

