5000
-10   -9   -8   -7   -6   -5   -4   -3   -2   -1   0   1   2   3   4   5   6   7   8   9   10   11   12   13   14   15   16   17   18   
-0.225922   -0.208956   -0.20019   -0.205495   -0.230368   -0.238326   -0.207575   -0.162103   -0.110371   -0.0554499   0.000965318   0.0580938   0.114914   0.170054   0.221854   0.268603   0.308488   0.340627   0.365727   0.386138   0.404929   0.424783   0.447299   0.472969   0.501607   0.53271   0.565813   0.600316   0.635693   
0.114681   0.103533   0.0922539   0.0809317   0.0701693   0.0630647   0.0596767   0.057843   0.0568789   0.0565581   0.056793   0.0575691   0.0589251   0.0609543   0.0638132   0.0677299   0.072996   0.0799147   0.0886402   0.0990118   0.110603   0.122895   0.135504   0.148255   0.161164   0.174229   0.187393   0.20064   0.213984   
-0.0336833   -0.0372728   -0.0409925   -0.0445679   -0.0459159   -0.041736   -0.0351182   -0.027973   -0.0208115   -0.0138369   -0.00712613   -0.000854006   0.00486932   0.00996309   0.0143071   0.0176979   0.0197851   0.020206   0.0187031   0.0154168   0.0108012   0.00530604   -0.000761005   -0.00720049   -0.0138973   -0.020767   -0.0277999   -0.0349906   -0.0423553   

10000
-10   -9   -8   -6   -5   -4   -3   -2   -1   0   1   2   3   4   5   6   7   8   9   10   11   12   13   14   15   16   17   18   
-0.198893   -0.372084   -0.41271   -0.176144   -0.2217   -0.205161   -0.164036   -0.114991   -0.0620012   -0.00711861   0.0480886   0.102931   0.156142   0.205821   0.249882   0.28656   0.315533   0.3387   0.359226   0.379741   0.401985   0.426897   0.454778   0.485411   0.518447   0.599395   0.654   0.707929   
0.105893   0.116148   0.105681   0.0588272   0.0487873   0.045026   0.043349   0.0425348   0.0423144   0.0426028   0.0433992   0.0447693   0.0468434   0.04983   0.0540293   0.0598084   0.0674687   0.0770607   0.0883535   0.100891   0.11424   0.128062   0.142156   0.15638   0.170662   0.197916   0.214322   0.232463   
-0.0325679   -0.00212981   0.000374204   -0.046475   -0.0446172   -0.0367462   -0.0284235   -0.0202739   -0.0124736   -0.00508633   0.00184346   0.00809279   0.0134764   0.0177969   0.0207541   0.021919   0.0209785   0.0179884   0.0134772   0.00808595   0.00223558   -0.00390441   -0.0102757   -0.0168267   -0.0235326   -0.0423187   -0.0522934   -0.0608463   

15000
-10   -9   -8   -7   -5   -4   -3   -2   -1   0   1   2   3   4   5   6   8   9   10   11   12   14   15   16   17   18   
-0.208394   -0.436537   -0.504429   -0.577827   -0.206248   -0.203293   -0.165205   -0.117905   -0.0663172   -0.0126716   0.0412488   0.0945579   0.146299   0.194556   0.237065   0.272349   0.324088   0.346042   0.368633   0.392984   0.467271   0.579084   0.435946   0.668495   0.485516   0.745132   
0.105986   0.116522   0.103016   0.0883147   0.0429888   0.0386778   0.03705   0.0363013   0.0361276   0.0364466   0.0372651   0.0386645   0.0408019   0.0439213   0.0483653   0.0545261   0.0727084   0.0844022   0.097359   0.111211   0.134945   0.172898   0.16562   0.204801   0.188823   0.2334   
-0.0270577   -0.00440645   -0.00923165   -0.00904822   -0.0460388   -0.0374967   -0.0285217   -0.0198502   -0.0115947   -0.00382402   0.0034291   0.00994683   0.0154229   0.0195838   0.0220842   0.0224993   0.0168892   0.0118772   0.00624074   0.000318124   -0.0181726   -0.0373939   -0.0160558   -0.0463553   -0.0201037   -0.0541419   

20000
-10   -8   -7   -6   -5   -4   -3   -2   -1   0   1   2   3   4   5   6   8   9   10   12   13   14   15   16   17   
-0.302977   -0.526521   -0.599711   -0.626599   -0.191634   -0.201611   -0.16598   -0.120023   -0.0695516   -0.0170152   0.0358806   0.0879409   0.138624   0.186023   0.227673   0.26209   0.52369   0.622917   0.636373   0.542666   0.579901   0.623494   0.458411   0.691362   0.494946   
0.117121   0.0995001   0.0838214   0.0673314   0.0399237   0.0349565   0.0333386   0.0326266   0.0324837   0.0328262   0.0336685   0.0351013   0.0373093   0.0405642   0.0452263   0.051672   0.080375   0.0927718   0.108882   0.143   0.158812   0.175952   0.164882   0.205034   0.18558   
-0.00651919   -0.0150423   -0.0150464   -0.0121472   -0.0468032   -0.0379652   -0.028543   -0.0195234   -0.010958   -0.00290749   0.00455382   0.0112393   0.0167232   0.020677   0.0227527   0.0225907   -0.0173356   -0.0184283   -0.0164558   -0.0297078   -0.0322951   -0.0350161   -0.0126536   -0.039894   -0.0155564   

25000
-10   -9   -8   -7   -6   -4   -3   -2   -1   0   1   2   3   4   5   8   9   10   11   12   13   14   18   
-0.373558   -0.342718   -0.519838   -0.610957   -0.63559   -0.200141   -0.166563   -0.121675   -0.0721141   -0.0205143   0.0315043   0.0826137   0.132442   0.179088   0.220031   0.934256   0.923124   0.81991   0.68743   0.423131   0.446331   0.457849   0.764619   
0.122665   0.108838   0.0983441   0.0812365   0.0644198   0.0324685   0.030839   0.0301492   0.030029   0.0303922   0.0312592   0.0327295   0.0350034   0.0383721   0.0432098   0.0532391   0.0673898   0.0863004   0.118521   0.132133   0.144684   0.15415   0.231972   
-0.00268612   -0.00119825   -0.0144326   -0.01724   -0.0132886   -0.0382978   -0.0285385   -0.0192631   -0.0104669   -0.00220382   0.00541379   0.0122007   0.0176605   0.0214197   0.0231334   -0.0118298   0.00315609   0.0131795   -0.00439546   -0.00915522   -0.0092673   -0.00873966   -0.0427668   

30000
-10   -9   -7   -6   -5   -4   -3   -2   -1   0   1   2   3   4   5   6   8   9   10   11   12   13   15   16   18   
-0.40967   -0.387405   -0.611554   -0.638014   -0.591443   -0.198757   -0.167019   -0.123025   -0.0742266   -0.0234307   0.0278052   0.0780818   0.127157   0.173184   0.213603   0.431097   0.944696   0.958425   0.885519   0.741677   0.61284   0.625766   0.490216   0.49973   0.760141   
0.123134   0.110752   0.0806227   0.0625988   0.0480331   0.0306624   0.0290155   0.0283425   0.0282411   0.0286222   0.0295108   0.0310141   0.0333467   0.0368167   0.0418036   0.0530776   0.0482752   0.0617122   0.0777388   0.105197   0.143613   0.157571   0.165036   0.174293   0.227324   
-0.00714868   -0.00153607   -0.0164905   -0.0133795   -0.00611737   -0.0385559   -0.0285243   -0.0190487   -0.0100709   -0.00163884   0.00610364   0.0129616   0.0183844   0.0219583   0.0233541   -0.00859665   -0.0109396   0.00274231   0.0176372   0.0116652   -0.0233746   -0.0233989   -0.00651198   -0.008003   -0.0402239   

35000
-10   -9   -7   -6   -5   -4   -3   -2   -1   0   1   2   3   4   5   6   7   8   9   10   11   15   16   
-0.445071   -0.421587   -0.610414   -0.64034   -0.594343   -0.197422   -0.167366   -0.12416   -0.0760302   -0.0259548   0.0245588   0.0741119   0.122534   0.168054   0.296488   0.535608   0.897392   0.946611   0.979875   0.931717   0.807122   0.493756   0.496185   
0.124052   0.110896   0.0825621   0.0609243   0.0466112   0.029281   0.0276098   0.0269493   0.026864   0.0272614   0.0281705   0.029705   0.0320923   0.0356541   0.0436041   0.0478032   0.0349681   0.0447827   0.0579316   0.0729169   0.0921171   0.162849   0.170732   
-0.0116318   -0.00527107   -0.0120807   -0.0133428   -0.00520707   -0.0387673   -0.0285085   -0.0188683   -0.00974138   -0.00116838   0.00667999   0.013587   0.0189643   0.0223623   0.0065974   -0.0181461   -0.0248804   -0.011112   0.000899398   0.01708   0.024516   -0.00412155   -0.00613129   

40000
-10   -9   -6   -5   -4   -2   -1   0   1   2   3   4   5   7   8   9   10   11   14   
-0.35749   -0.442395   -0.640686   -0.595219   -0.196129   -0.125136   -0.0776004   -0.0281765   0.0216625   0.070581   0.118434   0.163541   0.387679   0.893667   0.946803   0.988169   0.970119   0.833033   0.489413   
0.117673   0.109763   0.0601688   0.0451952   0.0281859   0.0258349   0.0257636   0.0261759   0.0271042   0.0286685   0.0311069   0.0347519   0.0426256   0.0326565   0.0422251   0.0551103   0.0692003   0.0865393   0.151412   
-0.0183435   -0.0101477   -0.0130261   -0.00437748   -0.0389466   -0.0187138   -0.00946143   -0.00076836   0.00717281   0.0141128   0.0194388   0.0226696   -0.00735729   -0.0237539   -0.0116007   -0.000134378   0.0147967   0.0281139   -0.00104344   

45000
-9   -8   -5   -4   -3   -2   -1   0   1   2   3   4   5   6   7   8   9   10   12   
-0.461144   -0.466527   -0.597661   -0.194876   -0.385937   -0.125985   -0.0789857   -0.0301636   0.0190554   0.0674045   0.114744   0.231099   0.451674   0.80538   0.888791   0.944483   0.996211   0.966085   0.652936   
0.108622   0.0976079   0.0440122   0.0272943   0.0258197   0.0249185   0.0248599   0.0252859   0.0262324   0.027825   0.0303109   0.0358607   0.0398415   0.0280402   0.0308464   0.0401551   0.0524895   0.0662658   0.136432   
-0.0143112   -0.00559318   -0.00323483   -0.039102   0.00497465   -0.01858   -0.00922007   -0.000421551   0.00759958   0.0145624   0.0198362   0.00925206   -0.0148998   -0.0375019   -0.0229281   -0.0117823   -0.00153023   0.0157608   -0.0100579   

50000
-10   -9   -8   -5   -3   -2   -1   0   1   2   3   4   5   6   7   8   9   10   11   18   
-0.374335   -0.477873   -0.484071   -0.598831   -0.168017   -0.126735   -0.0802228   -0.0319469   0.0166913   0.0645178   0.111401   0.297678   0.508264   0.837449   0.884037   0.941451   1.00846   0.90268   0.898174   0.523686   
0.11492   0.107642   0.0962365   0.0432548   0.0247882   0.0241488   0.0241017   0.024541   0.0255044   0.0271239   0.0296543   0.0356091   0.0365672   0.0248605   0.0293707   0.0383113   0.0503363   0.0540433   0.0787898   0.187648   
-0.0229885   -0.0176815   -0.00961706   -0.00288268   -0.0284647   -0.0184628   -0.0090092   -0.000119139   0.00797313   0.0149525   0.0201717   -0.00224803   -0.0207802   -0.0392544   -0.022289   -0.0119772   -0.00386946   0.0216651   0.0302469   -0.0095769   

55000
-10   -9   -5   -4   -3   -2   -1   0   1   2   3   4   5   6   7   8   9   10   11   14   
-0.47871   -0.48556   -0.600338   -0.509549   -0.400291   -0.127404   -0.0813387   -0.0335674   0.0145298   0.0618784   0.117073   0.347079   0.562323   0.84836   0.879858   0.93673   1.01009   0.992905   0.89833   0.503343   
0.117915   0.106048   0.0426703   0.0322793   0.0260016   0.0234916   0.0234548   0.0239064   0.0248861   0.0265313   0.0293181   0.0344502   0.0331402   0.0232727   0.0281158   0.0368124   0.0486584   0.0618684   0.0759781   0.148015   
-0.0254963   -0.0205592   -0.0023262   0.00448498   0.00792662   -0.0183594   -0.00882297   0.000148261   0.00830357   0.0152938   0.0187396   -0.00971469   -0.0262536   -0.0396329   -0.0218255   -0.011586   -0.00442757   0.0131437   0.0311425   0.00348066   

60000
-9   -4   -3   -2   -1   0   1   2   3   4   5   6   7   8   9   10   11   
-0.524561   -0.511171   -0.407353   -0.128005   -0.0823531   -0.0350506   0.0125406   0.05944   0.184764   0.390935   0.604359   0.852651   0.875529   0.934552   1.01469   0.997443   0.941994   
0.105762   0.031636   0.0255412   0.0229221   0.0228951   0.0233584   0.0243536   0.0260227   0.0300539   0.0329586   0.0300079   0.0222102   0.0270033   0.0355866   0.0472062   0.0595806   0.073377   
-0.0250489   0.0052132   0.00935909   -0.0182673   -0.00865711   0.000386794   0.00859842   0.0155967   0.00560569   -0.0159126   -0.0301841   -0.0396517   -0.021352   -0.0116404   -0.00555227   0.0126241   0.0288747   

65000
-5   -4   -3   -2   -1   0   1   2   3   4   5   6   7   8   9   10   11   
-0.603524   -0.512871   -0.412139   -0.128548   -0.0832811   -0.0364163   0.0106991   0.057177   0.231157   0.425937   0.645764   0.856552   0.872058   0.930601   1.01955   1.00619   0.93155   
0.0412482   0.0310865   0.0251128   0.022423   0.0224051   0.0228797   0.0238897   0.0255818   0.0298611   0.0313335   0.0269791   0.0213838   0.0260212   0.0343996   0.0457615   0.0577722   0.0712838   
-0.000549484   0.0058667   0.0103142   -0.0181849   -0.0085084   0.000601097   0.00886345   0.0158671   -0.00274666   -0.0205044   -0.0342907   -0.0399038   -0.0210148   -0.0113781   -0.00685789   0.0114177   0.0303012   

70000
-5   -4   -3   -2   -1   0   1   2   3   4   5   6   7   8   9   10   14   
-0.603727   -0.514234   -0.415566   -0.129041   -0.0841355   -0.0376815   0.00898534   0.0550728   0.269351   0.462415   0.686344   0.860093   0.870252   0.92614   1.02158   1.01532   0.504965   
0.0403791   0.0306136   0.0246939   0.0219813   0.0219719   0.0224573   0.0234814   0.0251956   0.029314   0.0296584   0.0241852   0.0207215   0.0251998   0.0333197   0.044237   0.0563823   0.144078   
-0.000421709   0.0066394   0.0110044   -0.0181111   -0.00837423   0.000794933   0.0091032   0.0161091   -0.00922165   -0.0253499   -0.0387144   -0.0402884   -0.0209775   -0.0110042   -0.00768401   0.0100636   0.00605319   

75000
-7   -4   -3   -2   -1   0   1   2   3   4   5   6   7   8   9   10   11   
-0.633355   -0.515941   -0.417966   -0.129494   -0.0849308   -0.0388576   0.00738406   0.0983802   0.300888   0.491247   0.709452   0.862891   0.86997   0.922091   1.01988   1.03534   0.96229   
0.0778147   0.0300973   0.0242932   0.0215878   0.0215859   0.0220816   0.0231192   0.0255925   0.0285698   0.0280634   0.0222649   0.0201741   0.02454   0.0323625   0.0427049   0.0553489   0.0688647   
-0.0146485   0.00693612   0.0116148   -0.018044   -0.0082515   0.000971077   0.00932114   0.00746917   -0.0143321   -0.0289873   -0.0410068   -0.0406666   -0.0212171   -0.0107195   -0.00778055   0.00684404   0.0280143   

80000
-10   -5   -4   -3   -2   -1   0   1   2   3   4   5   6   7   8   9   10   11   
-0.499718   -0.605573   -0.517092   -0.419882   -0.129911   -0.0856632   -0.0399548   0.00588232   0.137386   0.333009   0.515266   0.729719   0.865118   0.871308   0.917426   1.01503   0.956572   0.948799   
0.112792   0.0392928   0.0297279   0.0238948   0.0212342   0.0212399   0.0217453   0.0227955   0.0256686   0.0277732   0.0265911   0.0206529   0.0197049   0.0239958   0.0314286   0.0415514   0.0432649   0.0673211   
-0.0324128   0.000793142   0.00760732   0.0121637   -0.017983   -0.00814052   0.00113198   0.00952023   -5.81891e-05   -0.019496   -0.0319257   -0.0431664   -0.0410261   -0.0216768   -0.0101842   -0.00716416   0.0154434   0.0297299   

85000
-5   -4   -3   -2   -1   0   1   2   3   4   5   6   7   8   9   10   11   12   
-0.606783   -0.518098   -0.421501   -0.130295   -0.0863468   -0.0409824   0.00447231   0.170216   0.356561   0.546759   0.747554   0.867187   0.872956   0.915036   1.0201   1.03949   0.883306   0.762162   
0.0391087   0.0291944   0.0235463   0.0209144   0.0209274   0.0214422   0.0225048   0.0255239   0.026905   0.0250749   0.0193246   0.0193025   0.0235737   0.0307154   0.040614   0.053057   0.0556617   0.0739112   
0.000906811   0.00790352   0.0126569   -0.0179274   -0.00803891   0.00127948   0.00970273   -0.00617262   -0.023088   -0.0362749   -0.0452277   -0.0414025   -0.0222021   -0.00995252   -0.0085962   0.00597895   0.0356002   0.0434347   

90000
-5   -4   -3   -2   -1   0   1   2   3   4   5   6   7   8   9   10   18   
-0.608218   -0.518659   -0.422722   -0.130651   -0.0869865   -0.041948   0.0031432   0.1967   0.382639   0.561676   0.764112   0.868829   0.874983   0.913967   1.01506   1.02761   0.763224   
0.0389775   0.0287902   0.0232922   0.0206234   0.0206434   0.0211673   0.0222421   0.0251986   0.026042   0.0238869   0.0182233   0.018959   0.0232075   0.0301224   0.0396066   0.0518816   0.217564   
0.00110807   0.00843949   0.0131279   -0.0178766   -0.0079456   0.00141509   0.00987056   -0.0109639   -0.027161   -0.0379026   -0.0473346   -0.041734   -0.0227518   -0.0100822   -0.00775911   0.00796942   -0.0324299   

95000
-4   -3   -2   -1   0   1   2   3   4   5   6   7   8   9   10   
-0.518864   -0.424539   -0.130982   -0.0875861   -0.0428587   0.0254342   0.223388   0.401476   0.585556   0.782702   0.869811   0.87677   0.91237   1.02394   1.05112   
0.0283227   0.0229589   0.0203574   0.020384   0.0209169   0.0223113   0.0248467   0.0251943   0.0226144   0.017239   0.018644   0.0228855   0.0294965   0.0390688   0.0511562   
0.00910768   0.0134489   -0.01783   -0.00785979   0.00154027   0.00533219   -0.015716   -0.0299327   -0.0411874   -0.0499825   -0.0419709   -0.0232657   -0.00983461   -0.00997319   0.00371833   

100000
-8   -4   -3   -2   -1   0   1   2   3   4   5   6   7   8   9   10   18   
-0.643919   -0.519744   -0.425549   -0.13129   -0.0881502   -0.0437194   0.0564475   0.24617   0.420502   0.609124   0.796519   0.870435   0.878224   0.912033   1.01611   1.03684   0.758756   
0.0849155   0.0278377   0.0227669   0.0201132   0.0201462   0.0206876   0.0224235   0.0244154   0.0243761   0.0214026   0.016501   0.0183709   0.0226148   0.0290497   0.0380561   0.049851   0.216169   
-0.0279067   0.00920583   0.0138671   -0.0177872   -0.00778055   0.00165606   -0.000827764   -0.0196929   -0.0327781   -0.0445363   -0.0519853   -0.0421583   -0.0237179   -0.010057   -0.00850403   0.0062232   -0.0336161   

105000
-5   -4   -3   -2   -1   0   1   2   3   4   5   6   7   8   9   10   
-0.617596   -0.520174   -0.427137   -0.131578   -0.0886829   -0.0445344   0.0829078   0.265856   0.440852   0.617946   0.811423   0.870712   0.879708   0.911279   1.01796   1.05173   
0.0403945   0.0275412   0.0224833   0.0198881   0.0199271   0.0204768   0.0223964   0.0239417   0.0235678   0.0205219   0.0158584   0.0181344   0.0223833   0.0285255   0.0371876   0.048639   
0.00169015   0.0098843   0.0141583   -0.0177478   -0.00770712   0.00176345   -0.00599815   -0.0230639   -0.0359099   -0.045378   -0.0542939   -0.0422957   -0.024129   -0.00991466   -0.0091524   0.00338869   

110000
-3   -2   -1   0   1   2   3   4   5   6   7   8   9   10   11   13   
-0.42821   -0.131848   -0.0891864   -0.0453083   0.105945   0.283396   0.464052   0.633911   0.820436   0.870734   0.880967   0.910538   1.01815   1.04169   0.998261   0.612531   
0.0222613   0.0196799   0.0197248   0.0202825   0.0222761   0.0234563   0.0227595   0.0195577   0.0154059   0.017929   0.0221814   0.0280897   0.0366756   0.0476345   0.0592736   0.107663   
0.0145269   -0.0177113   -0.00763902   0.00186333   -0.0104258   -0.0260215   -0.0396227   -0.047557   -0.0556678   -0.0423968   -0.0244901   -0.0100108   -0.0094149   0.00516257   0.0250524   0.0255467   

115000
-4   -3   -2   -1   0   1   3   4   5   6   7   8   9   10   
-0.52265   -0.429547   -0.132102   -0.0896631   -0.0460446   0.127634   0.474624   0.649466   0.828361   0.87059   0.88195   0.911095   1.01425   1.05849   
0.0269207   0.0220551   0.0194867   0.0195371   0.0201027   0.022121   0.0220618   0.0186484   0.015037   0.017749   0.0220057   0.0277343   0.0359477   0.0465422   
0.0102254   0.0148053   -0.0176775   -0.00757573   0.00195641   -0.0145327   -0.0410186   -0.04974   -0.0568994   -0.0424744   -0.0248076   -0.010156   -0.00874104   0.00180441   

120000
-4   -3   -2   -1   0   1   2   3   4   5   6   8   9   10   11   
-0.523112   -0.430774   -0.132341   -0.0901157   -0.0432192   0.146317   0.319316   0.49179   0.663868   0.83329   0.870337   0.910885   1.01558   1.04798   1.03498   
0.0265949   0.0218271   0.0193068   0.0193627   0.0199688   0.0219013   0.0225029   0.0213436   0.0178121   0.0147536   0.0175906   0.0273107   0.0352228   0.0455855   0.0584727   
0.0107537   0.0150961   -0.0176461   -0.00751676   0.00132906   -0.0180235   -0.0321272   -0.0436989   -0.0517945   -0.0576515   -0.0425366   -0.0101727   -0.0093006   0.00372064   0.0197109   

125000
-4   -3   -2   -1   0   1   3   4   5   6   7   8   9   10   11   12   
-0.524248   -0.431572   -0.132567   -0.0905462   -0.0189881   0.163097   0.509395   0.669297   0.837225   0.870136   0.883579   0.910676   1.01748   1.04924   1.01134   0.833513   
0.0265041   0.0217165   0.0191388   0.0192   0.0200387   0.0216527   0.0206486   0.0172163   0.01452   0.0174442   0.0217084   0.0269913   0.0349217   0.0445622   0.0568852   0.0614526   
0.0110892   0.0154444   -0.017617   -0.00746169   -0.00356725   -0.0211199   -0.0465183   -0.052311   -0.058254   -0.0426095   -0.0253713   -0.0103505   -0.00991508   0.0034372   0.0234842   0.0449466   

130000
-4   -3   -2   -1   0   1   2   3   4   5   6   7   8   9   10   11   
-0.52542   -0.43293   -0.13278   -0.0909561   0.00250167   0.179128   0.348453   0.526475   0.676836   0.839936   0.869963   0.884418   0.911222   1.01248   1.06277   1.00545   
0.0262472   0.0214793   0.0189816   0.019048   0.0200628   0.0213956   0.0215634   0.019986   0.0166192   0.0143264   0.017312   0.0215734   0.0266834   0.0342685   0.0440538   0.0561805   
0.0111932   0.0156663   -0.0175899   -0.00741025   -0.00785699   -0.0240552   -0.0369857   -0.0492972   -0.0532584   -0.0586632   -0.0426872   -0.0256461   -0.010483   -0.00896161   0.000588851   0.0244764   

135000
-4   -3   -2   -1   0   1   2   3   4   5   6   7   8   9   10   11   
-0.526509   -0.433992   -0.132982   -0.0913469   0.0216039   0.196686   0.365101   0.542616   0.686575   0.841848   0.870004   0.885314   0.910933   1.01037   1.05472   1.0099   
0.0260225   0.0212553   0.0188342   0.0189055   0.020009   0.0211485   0.0211069   0.0193572   0.0160175   0.0141618   0.0171823   0.0214451   0.0262906   0.0336614   0.0432615   0.0554001   
0.0113654   0.0159418   -0.0175646   -0.00736216   -0.0116501   -0.0272862   -0.0398526   -0.05195   -0.0546589   -0.058949   -0.0428007   -0.0259167   -0.0104632   -0.00867108   0.0021183   0.0239897   

140000
-7   -3   -2   -1   0   1   2   3   4   5   6   7   8   9   10   11   
-0.661663   -0.434599   -0.133174   -0.09172   0.0387921   0.209152   0.381721   0.557985   0.695984   0.843053   0.870116   0.886242   0.910512   1.01115   1.05208   1.03864   
0.066559   0.0211851   0.0186956   0.0187717   0.0199229   0.020855   0.02066   0.0187606   0.0154652   0.0140187   0.017061   0.0213209   0.0259858   0.0330881   0.0426247   0.0552713   
-0.0188917   0.0162794   -0.017541   -0.00731714   -0.0150252   -0.0295111   -0.0427435   -0.0545062   -0.056059   -0.0591226   -0.0429245   -0.0261786   -0.0105555   -0.00909915   0.00261322   0.0193488   

145000
-4   -3   -2   -1   0   1   3   4   5   6   7   8   9   10   11   
-0.527687   -0.435849   -0.133356   -0.0920772   0.0548714   0.225592   0.572628   0.699201   0.843814   0.870282   0.887052   0.911007   1.01538   1.05405   1.02339   
0.0254846   0.0209242   0.018565   0.0186459   0.0198221   0.0205915   0.018193   0.0150783   0.0138949   0.0169473   0.0212053   0.0257026   0.0330601   0.0418218   0.0541452   
0.0120339   0.0164827   -0.0175189   -0.00727487   -0.0181555   -0.0325259   -0.0569661   -0.0563718   -0.059226   -0.0430558   -0.0264292   -0.0106696   -0.0101826   0.00218237   0.0219533   

150000
-4   -3   -2   -1   0   1   2   4   5   6   7   8   9   10   
-0.528683   -0.436816   -0.133529   -0.0924194   0.0710363   0.23534   0.401751   0.707795   0.844204   0.870496   0.887911   0.911324   1.0094   1.0744   
0.0256217   0.0207034   0.0184418   0.0185272   0.019725   0.02029   0.0198247   0.0146051   0.0137858   0.0168404   0.0210886   0.0253611   0.032419   0.0420892   
0.0125033   0.016738   -0.0174982   -0.00723515   -0.0212848   -0.0342141   -0.045989   -0.0577002   -0.0592716   -0.0431926   -0.0266963   -0.0107305   -0.00899948   -0.00214502   

155000
-4   -3   -2   -1   0   1   2   4   5   6   7   8   9   10   11   
-0.529529   -0.437474   -0.133694   -0.0927474   0.0840213   0.24892   0.414584   0.715643   0.844306   0.870669   0.889063   0.91135   1.00623   1.06365   1.0178   
0.0253293   0.0205748   0.0183254   0.0184152   0.0195672   0.0200118   0.0194162   0.0141766   0.013691   0.0167432   0.0209686   0.0250624   0.0319176   0.040985   0.0530142   
0.0125358   0.0170326   -0.0174788   -0.00719782   -0.0237718   -0.0366724   -0.0481981   -0.0589298   -0.0592716   -0.0433199   -0.0269513   -0.010835   -0.00840791   -2.33363e-05   0.0230549   

160000
-4   -3   -2   -1   0   1   2   3   4   5   6   7   8   9   10   11   12   18   
-0.530468   -0.438376   -0.133852   -0.0756896   0.0967801   0.263445   0.427396   0.596482   0.721518   0.844186   0.871236   0.889785   0.91167   1.00407   1.05895   1.02947   0.93997   0.766633   
0.0251184   0.0204605   0.0182151   0.0184215   0.0194137   0.0197385   0.0190171   0.0168126   0.0138117   0.0136083   0.0166355   0.0208692   0.0249169   0.0314242   0.0403341   0.0521592   0.0722999   0.21347   
0.0126368   0.0172442   -0.0174606   -0.010647   -0.0262031   -0.0393283   -0.0504254   -0.0605839   -0.0598216   -0.0592379   -0.0435111   -0.0271814   -0.0110605   -0.00808019   0.000916965   0.0214028   0.0380225   -0.0310598   

165000
-4   -3   -2   -1   0   1   2   3   4   5   6   7   8   9   10   11   
-0.531361   -0.439382   -0.134002   -0.0596706   0.110324   0.272526   0.439937   0.606423   0.73092   0.843888   0.871683   0.891162   0.91294   1.00314   1.05746   1.04731   
0.0249295   0.0202622   0.0181106   0.0184002   0.0192699   0.0194534   0.0186283   0.0163509   0.0133902   0.0135364   0.0165396   0.0207424   0.024606   0.0309428   0.0397305   0.0519623   
0.0127763   0.0174426   -0.0174435   -0.0138663   -0.0287863   -0.0409015   -0.0526208   -0.0622067   -0.0613832   -0.0591775   -0.0436799   -0.0274723   -0.0112324   -0.00806984   0.00120565   0.018195   

170000
-4   -3   -2   -1   0   1   2   3   4   5   6   7   8   9   10   
-0.532115   -0.440237   -0.134146   -0.0448864   0.120445   0.282565   0.452269   0.61537   0.736463   0.843443   0.872099   0.891887   0.914013   1.00365   1.06041   
0.0247277   0.0201025   0.0180113   0.0183689   0.0190882   0.0191739   0.0182476   0.0159087   0.0130704   0.0134741   0.0164513   0.0206504   0.024338   0.0306451   0.0389871   
0.0129523   0.0176573   -0.0174275   -0.0168188   -0.0306776   -0.0426752   -0.0547939   -0.0636459   -0.0622539   -0.0590955   -0.0438426   -0.0277098   -0.0114522   -0.00841563   0.000573184   

175000
-4   -3   -2   -1   0   1   2   3   4   5   6   7   8   9   10   
-0.532516   -0.440949   -0.134283   -0.0310156   0.13235   0.2943   0.464249   0.623648   0.745628   0.842873   0.872709   0.893355   0.914762   1.00743   1.07723   
0.0244658   0.0199848   0.0179169   0.0183245   0.0189268   0.0189016   0.0178756   0.0154864   0.01269   0.0134208   0.0163595   0.020527   0.0241093   0.0307185   0.0391067   
0.0132326   0.0178848   -0.0174124   -0.0195741   -0.0329278   -0.0447994   -0.0569151   -0.0649719   -0.0638081   -0.0589956   -0.0440357   -0.0279993   -0.0116737   -0.00928668   -0.002983   

180000
-4   -3   -2   -1   0   1   2   3   4   5   6   7   8   9   10   11   16   
-0.533138   -0.434936   -0.309544   -0.0181442   0.145208   0.306187   0.475982   0.631253   0.751321   0.842231   0.873053   0.894653   0.915097   1.00205   1.06825   1.06803   0.523668   
0.0245339   0.0199797   0.0152159   0.0182603   0.0187754   0.0186323   0.0175116   0.0150865   0.0123995   0.0133732   0.016286   0.0204122   0.0239996   0.0301653   0.0383165   0.0496028   0.156371   
0.013787   0.0167847   0.014444   -0.0221183   -0.0353722   -0.0469649   -0.0590053   -0.0661859   -0.0647361   -0.0588875   -0.0441835   -0.0283041   -0.0118853   -0.00821007   -0.00121827   0.0149281   0.00337843   

185000
-4   -3   -2   -1   0   1   2   3   4   5   6   7   8   9   10   11   
-0.533853   -0.423426   -0.300951   -0.00631705   0.152889   0.317966   0.487516   0.638245   0.759127   0.841655   0.873808   0.895264   0.916636   0.998949   1.06339   1.05556   
0.0243206   0.0198514   0.0152777   0.0181767   0.0185812   0.0183661   0.0171557   0.01471   0.0120784   0.0133243   0.0161976   0.0203403   0.0238154   0.0297345   0.0377962   0.048732   
0.0138116   0.0144973   0.0129701   -0.0244435   -0.0367688   -0.0491202   -0.0610737   -0.0672997   -0.0660587   -0.0587978   -0.044398   -0.0285106   -0.0121636   -0.0076066   -0.000254043   0.0171541   

190000
-4   -3   -2   -1   0   1   2   3   4   5   6   7   8   9   10   11   
-0.534659   -0.41295   -0.290859   0.00477945   0.163265   0.329446   0.498819   0.644711   0.765881   0.841044   0.874276   0.89694   0.918445   0.996768   1.0608   1.04789   
0.0241639   0.0197333   0.015424   0.0180859   0.0184091   0.0181032   0.0168085   0.0143532   0.0117949   0.0132817   0.0161283   0.0202139   0.0236025   0.029334   0.0373471   0.0481304   
0.0138796   0.0124236   0.0112883   -0.0266126   -0.0387142   -0.0512267   -0.0631147   -0.068327   -0.0671935   -0.0587049   -0.0445641   -0.0288338   -0.0124711   -0.00722569   0.000254016   0.0185759   

195000
-4   -3   -1   2   3   4   5   6   7   8   9   11   
-0.535476   -0.403556   0.0155503   0.50976   0.650731   0.770884   0.840388   0.874948   0.898331   0.920028   0.995099   1.04418   
0.0240334   0.0196097   0.0179946   0.0164729   0.0140144   0.0115641   0.0132454   0.0160535   0.0201037   0.0234083   0.0289382   0.0476229   
0.0139704   0.0105699   -0.0287118   -0.0651027   -0.069282   -0.0680153   -0.0586066   -0.0447628   -0.0291497   -0.012774   -0.00699419   0.0192984   

200000
-4   -3   -2   -1   0   1   2   3   4   5   6   7   8   9   10   
-0.536273   -0.395084   -0.278238   0.0270421   0.185635   0.341637   0.520171   0.656336   0.77556   0.839704   0.87545   0.899147   0.921427   0.99346   1.06066   
0.0239145   0.0194843   0.0153546   0.0179213   0.0180774   0.0176089   0.0161488   0.0136923   0.0113539   0.0132142   0.0159911   0.0200298   0.0232257   0.0285719   0.0362719   
0.0140753   0.00890948   0.00896174   -0.0309551   -0.0429439   -0.0532832   -0.0669995   -0.0701687   -0.0687778   -0.058506   -0.0449323   -0.0293877   -0.0130714   -0.00681121   0.000189454   

205000
-3   -2   -1   0   1   2   3   4   5   6   7   8   9   10   11   
-0.387342   -0.271077   0.0354754   0.190802   0.350627   0.529889   0.657138   0.779506   0.839225   0.876101   0.900763   0.922562   0.997947   1.06822   1.07288   
0.0193569   0.0153564   0.0177972   0.0178845   0.0173643   0.0158337   0.0134723   0.0111728   0.013176   0.0159251   0.0199152   0.0230682   0.0286133   0.0357505   0.0460457   
0.00740238   0.00765398   -0.0325711   -0.0438359   -0.054913   -0.0687649   -0.0701466   -0.0694072   -0.0584471   -0.0451251   -0.0297   -0.0133487   -0.007911   -0.00147021   0.0142007   

210000
-10   -4   -3   -2   -1   0   1   2   3   4   5   6   7   8   9   10   11   
-0.514351   -0.519189   -0.380767   -0.267281   0.0454888   0.199706   0.359712   0.538481   0.65938   0.78267   0.838718   0.876703   0.902286   0.923176   0.994874   1.07607   1.06452   
0.102477   0.0233513   0.0192213   0.0152267   0.0177011   0.0177095   0.0171235   0.0155288   0.0132344   0.0110208   0.0131438   0.0158656   0.0198063   0.0229814   0.0282923   0.0361872   0.0453353   
-0.0343574   0.0109362   0.00613476   0.00688845   -0.0345093   -0.0454937   -0.0565722   -0.070301   -0.0704103   -0.0698956   -0.0583849   -0.0453088   -0.0300209   -0.0135642   -0.00728974   -0.00325675   0.0158137   

215000
-4   -2   -1   0   1   2   3   4   6   7   8   9   10   11   
-0.508978   -0.259563   0.0557315   0.209112   0.368738   0.546366   0.662765   0.78463   0.877345   0.903616   0.924033   0.990555   1.06863   1.05878   
0.0231646   0.0152352   0.0176101   0.0175384   0.0168874   0.0152344   0.012983   0.0109013   0.015807   0.0197102   0.0229198   0.0278958   0.0354855   0.0448063   
0.00950616   0.0054857   -0.036494   -0.0472585   -0.058229   -0.0717012   -0.0709022   -0.0701777   -0.045498   -0.0303296   -0.0137841   -0.00639584   -0.00176687   0.0169201   

220000
-4   -3   -2   -1   0   1   2   3   4   5   6   7   8   9   10   11   
-0.500093   -0.367393   -0.257824   0.0627295   0.218583   0.377551   0.553731   0.66634   0.786296   0.837905   0.877967   0.904314   0.926156   0.9871   1.06408   1.05592   
0.0230618   0.0189812   0.0150421   0.0174807   0.0173685   0.0166554   0.0149502   0.0127351   0.0107975   0.01308   0.0157525   0.0196551   0.0227297   0.0275416   0.0349985   0.0443398   
0.00779957   0.00357944   0.0050756   -0.0378126   -0.0490423   -0.0598518   -0.0730037   -0.0714375   -0.0704099   -0.0583029   -0.045682   -0.0305405   -0.0141447   -0.0056892   -0.000841849   0.0175016   

225000
-4   -3   -2   -1   1   2   4   5   6   7   8   9   10   11   16   
-0.491956   -0.359861   -0.251609   0.0716057   0.386187   0.560612   0.787647   0.837557   0.878621   0.906038   0.92807   0.984288   1.06117   1.05599   0.521813   
0.0227655   0.0188813   0.015   0.0173744   0.0164282   0.0146758   0.0107086   0.0130509   0.0156995   0.0195421   0.0225625   0.0272117   0.0346053   0.0437851   0.155236   
0.00616369   0.00213585   0.00391568   -0.0395173   -0.0614487   -0.0742151   -0.0705881   -0.0582746   -0.0458704   -0.0308735   -0.0144948   -0.0051313   -0.00025028   0.0175737   0.00288309   

230000
-10   -4   -3   -2   -1   0   1   2   5   6   7   8   9   10   11   
-0.535526   -0.484687   -0.355371   -0.24851   0.080866   0.237299   0.394602   0.567017   0.837372   0.879256   0.907635   0.929824   0.981885   1.05927   1.0606   
0.0980902   0.022521   0.0187664   0.0148593   0.017273   0.017032   0.0162065   0.0144108   0.0130167   0.01565   0.0194368   0.0224061   0.0268934   0.0342408   0.0428709   
-0.0402944   0.0047252   0.0013154   0.00329403   -0.0413021   -0.0525785   -0.063011   -0.0753372   -0.0582775   -0.0460539   -0.0312023   -0.014838   -0.00467661   0.000131223   0.0168527   

235000
-4   -3   -2   -1   0   1   2   3   4   5   6   7   8   9   10   11   
-0.478123   -0.348562   -0.244016   0.0879702   0.239903   0.40281   0.573002   0.676926   0.789356   0.837202   0.879991   0.909122   0.93142   0.979793   1.05801   1.08835   
0.0222991   0.0186811   0.0147592   0.0171554   0.0168598   0.0159902   0.0141545   0.012035   0.0105674   0.012985   0.0155964   0.0193391   0.0222595   0.0265849   0.0338639   0.0433324   
0.0034498   2.05332e-05   0.00243088   -0.0426439   -0.0529634   -0.0645408   -0.076379   -0.0730604   -0.0707824   -0.0582834   -0.0462515   -0.0315277   -0.015172   -0.00430488   0.000366723   0.0112812   

240000
-7   -4   -3   -2   -1   0   1   2   3   5   6   7   8   9   10   11   12   
-0.67683   -0.471334   -0.344128   -0.238084   0.0949085   0.247187   0.410876   0.578592   0.677329   0.837132   0.880583   0.910298   0.932776   0.977648   1.05718   1.07897   0.995019   
0.0599978   0.0220826   0.0186102   0.0147001   0.0170374   0.0166931   0.015778   0.0139066   0.0118846   0.0129509   0.0155543   0.0192623   0.0221321   0.0262881   0.0334428   0.0423066   0.0559318   
-0.0161883   0.00216022   -0.00078622   0.00130936   -0.0439533   -0.0543144   -0.0660501   -0.0773459   -0.0730247   -0.0583083   -0.0464253   -0.0318098   -0.0154818   -0.0039351   0.000495036   0.0131851   0.035429   

245000
-3   -2   -1   0   1   2   3   5   6   8   9   10   
-0.338708   -0.236827   0.102795   0.254832   0.418833   0.583833   0.678303   0.837073   0.881425   0.933604   0.976373   1.05671   
0.0184764   0.014519   0.016927   0.0165288   0.0155692   0.013666   0.0117283   0.0129193   0.0154983   0.0220531   0.0260491   0.032964   
-0.00183442   0.00101954   -0.0454592   -0.0557444   -0.0675452   -0.0782453   -0.0731039   -0.0583355   -0.0466362   -0.0157169   -0.00376416   0.00051539   

250000
-4   -3   -2   -1   0   1   2   3   4   5   6   7   8   9   10   11   
-0.458807   -0.332733   -0.233302   0.10298   0.262533   0.426652   0.588737   0.68022   0.790474   0.837097   0.882075   0.912696   0.934313   0.978313   1.05849   1.06895   
0.0216334   0.0183569   0.0143951   0.0168298   0.0163666   0.0153643   0.0134324   0.0115572   0.0104184   0.0128855   0.0154557   0.0191127   0.0220087   0.0260298   0.0325191   0.0411778   
-0.000115409   -0.00299096   0.000325705   -0.0453441   -0.0571913   -0.0690195   -0.0790798   -0.0733672   -0.0708472   -0.0583779   -0.0468159   -0.0323372   -0.0159106   -0.00428146   5.59412e-05   0.0152487   

255000
-4   -3   -1   0   1   3   4   5   6   7   8   9   10   11   
-0.453991   -0.330648   0.0988166   0.270137   0.43431   0.6825   0.790573   0.837037   0.882911   0.914345   0.936508   0.980832   1.06076   1.06645   
0.0214141   0.0182153   0.0167249   0.0162054   0.0151638   0.0113828   0.010383   0.0128589   0.015403   0.0190111   0.0218605   0.0260704   0.0322989   0.0408062   
-0.000887759   -0.00335226   -0.0443363   -0.058623   -0.0704688   -0.0737037   -0.0708243   -0.0584054   -0.0470222   -0.0326689   -0.0162952   -0.00483637   -0.000549268   0.0157735   

260000
-4   -3   -2   -1   0   1   2   3   4   5   6   7   8   9   10   11   12   
-0.448171   -0.325656   -0.225407   0.0984516   0.277649   0.441879   0.590595   0.684973   0.790559   0.837176   0.883651   0.915878   0.938524   0.97806   1.07194   1.06502   1.02886   
0.0212867   0.0180956   0.0141817   0.0166383   0.0160464   0.0149666   0.0130968   0.0112086   0.0103514   0.0128238   0.0153575   0.0189165   0.0217284   0.0257584   0.0331027   0.0404677   0.0526332   
-0.00184599   -0.00430495   -0.00120162   -0.0441163   -0.0600409   -0.0719073   -0.0791696   -0.074081   -0.0707857   -0.058469   -0.0472127   -0.0329909   -0.0166629   -0.00423277   -0.00296322   0.0160898   0.0321493   

265000
-4   -3   -2   -1   0   1   2   3   4   5   6   7   8   9   10   11   
-0.440781   -0.319803   -0.222957   0.0933773   0.285074   0.449346   0.593978   0.687544   0.790481   0.83712   0.884345   0.917286   0.940405   0.976528   1.06629   1.06446   
0.0213716   0.0179854   0.0140436   0.0165134   0.0158888   0.0147725   0.0128971   0.011036   0.0103222   0.0128012   0.0153165   0.0188311   0.0216054   0.0255033   0.0325986   0.0401169   
-0.00317044   -0.00543323   -0.0016875   -0.0429405   -0.0614454   -0.0733314   -0.0797099   -0.0744798   -0.0707405   -0.0584975   -0.0473946   -0.0332987   -0.0170199   -0.00388724   -0.00183914   0.0162439   

270000
-4   -3   -2   -1   0   1   2   3   4   5   6   7   8   9   10   11   12   
-0.437967   -0.316293   -0.218788   0.0922217   0.292424   0.45666   0.597274   0.688652   0.790291   0.83731   0.885158   0.918429   0.942188   0.975686   1.06106   1.06472   1.02109   
0.0212719   0.0178697   0.0139418   0.0164151   0.0157323   0.0145812   0.0127012   0.0109044   0.010302   0.0127677   0.0152684   0.0187638   0.0214873   0.0252813   0.0320934   0.0397028   0.0522663   
-0.00369603   -0.00607932   -0.00249001   -0.0425739   -0.0628384   -0.0747288   -0.0802351   -0.0746111   -0.0706732   -0.0585704   -0.0475931   -0.0335653   -0.0173709   -0.00369239   -0.000770912   0.016247   0.0330908   

275000
-4   -3   -2   -1   0   1   2   3   4   5   6   7   8   9   10   11   12   14   
-0.432888   -0.313809   -0.213924   0.0906734   0.299674   0.463676   0.600425   0.689375   0.790106   0.837355   0.885821   0.919046   0.94389   0.975193   1.0564   1.06613   0.94517   0.60597   
0.0210134   0.017748   0.0138556   0.0163078   0.0155773   0.0143923   0.0125105   0.0107865   0.010278   0.0127436   0.0152314   0.0187323   0.0213744   0.0250763   0.0316481   0.039172   0.0407105   0.116342   
-0.00470687   -0.00651395   -0.00342222   -0.0421354   -0.0642152   -0.0760657   -0.0807339   -0.0746742   -0.0706157   -0.0586173   -0.0477677   -0.0337386   -0.0177175   -0.00358015   0.000193721   0.0160417   0.0394308   0.020331   

280000
-3   -2   -1   0   1   2   3   4   5   6   7   8   9   10   11   12   
-0.30937   -0.210969   0.0869489   0.303518   0.470121   0.603406   0.690869   0.789824   0.837476   0.886566   0.920435   0.945483   0.974887   1.05234   1.07007   1.01775   
0.017636   0.0137356   0.0161773   0.0154438   0.0142051   0.0123248   0.0106518   0.0102629   0.0127177   0.0151896   0.0186516   0.0212689   0.0248795   0.0312489   0.0384672   0.0519573   
-0.00735043   -0.00400319   -0.0412584   -0.0648522   -0.07728   -0.0812012   -0.0748817   -0.0705387   -0.0586778   -0.0479529   -0.0340189   -0.018054   -0.00351721   0.00103595   0.0153737   0.0335192   

285000
-4   -3   -2   -1   0   1   2   3   4   5   6   7   8   9   10   11   
-0.424685   -0.304265   -0.211431   0.0860875   0.295748   0.476163   0.606213   0.692707   0.789538   0.837631   0.887307   0.922014   0.946829   0.97467   1.049   1.07999   
0.0206166   0.0175291   0.0135528   0.0160699   0.015354   0.014021   0.012145   0.0105105   0.010247   0.0126913   0.0151491   0.0185583   0.0211797   0.0246865   0.0308918   0.0378105   
-0.00630807   -0.00832566   -0.00394993   -0.0409703   -0.0630654   -0.0784096   -0.0816362   -0.075154   -0.0704662   -0.0587442   -0.0481362   -0.0343318   -0.0183559   -0.00348133   0.0017264   0.0135356   

290000
-4   -3   -2   -1   0   1   2   3   4   5   6   7   8   9   10   11   12   13   
-0.420475   -0.29882   -0.208223   0.0875443   0.29315   0.481944   0.60885   0.694687   0.789227   0.837678   0.887918   0.923463   0.947702   0.974472   1.04631   1.08763   1.06331   0.991696   
0.0204391   0.0174274   0.0134412   0.0159493   0.0152514   0.0138391   0.0119697   0.0103676   0.0102335   0.0126727   0.0151181   0.0184734   0.0211231   0.0244958   0.0305662   0.0382196   0.0491011   0.0620639   
-0.00712026   -0.00937358   -0.00457151   -0.0411791   -0.0623428   -0.0794863   -0.0820386   -0.0754533   -0.0703914   -0.0587915   -0.0482987   -0.0346283   -0.018581   -0.00345435   0.00227813   0.0118568   0.0281761   0.0400522   

295000
-4   -3   -2   -1   0   1   2   3   4   5   6   7   8   9   10   11   12   13   
-0.415324   -0.298479   -0.204426   0.0810087   0.291988   0.48748   0.61132   0.69663   0.788857   0.837972   0.888677   0.924841   0.947839   0.974436   1.04406   1.09274   1.05974   0.853544   
0.0202641   0.0173142   0.0133409   0.0158191   0.0151383   0.0136604   0.0117999   0.0102287   0.0102239   0.0126418   0.0150771   0.0183936   0.0211238   0.0243183   0.0302575   0.0393403   0.0496826   0.0580957   
-0.00811565   -0.00936068   -0.00530189   -0.0397298   -0.0619278   -0.0805133   -0.0824094   -0.0757479   -0.070307   -0.0588819   -0.0484816   -0.034917   -0.0186779   -0.00347174   0.00273172   0.0105282   0.0283249   0.0465562   

300000
-9   -3   -2   -1   0   1   2   3   4   5   6   7   8   9   10   11   
-0.594655   -0.295432   -0.20031   0.0805135   0.291439   0.492774   0.613627   0.697173   0.78853   0.838115   0.889368   0.926116   0.949152   0.9746   0.969293   1.08411   
0.0798641   0.0172077   0.0132482   0.0156956   0.0150289   0.0134842   0.0116346   0.0101323   0.0102125   0.0126208   0.0150419   0.0183212   0.0210588   0.024167   0.0169571   0.0382652   
-0.0402925   -0.00991087   -0.00609102   -0.0395382   -0.0616531   -0.0814908   -0.0827493   -0.0757911   -0.0702348   -0.0589461   -0.0486534   -0.0351909   -0.0189384   -0.00354369   0.0122629   0.012333   

305000
-4   -3   -2   -1   0   1   2   3   4   5   6   7   8   9   10   11   12   13   
-0.40967   -0.291393   -0.196018   0.0810422   0.290514   0.493312   0.615769   0.698321   0.788097   0.838307   0.889969   0.92724   0.951246   0.975018   1.04038   1.07918   1.04897   0.978995   
0.0199605   0.0171045   0.0131608   0.0155725   0.0149283   0.0133505   0.0114744   0.0100211   0.0102092   0.0125986   0.0150133   0.0182586   0.0209449   0.0240668   0.029655   0.0376031   0.0482293   0.0623123   
-0.00914679   -0.0106688   -0.00691365   -0.0395649   -0.0613122   -0.0814248   -0.0830578   -0.0759451   -0.0701418   -0.0590183   -0.0488098   -0.0354413   -0.0193208   -0.003685   0.00344252   0.0133652   0.0300428   0.0401346   

310000
-4   -3   -2   -1   0   1   2   3   5   6   7   8   9   10   11   12   
-0.406062   -0.28694   -0.191623   0.0752927   0.282971   0.490498   0.617764   0.699774   0.838538   0.890712   0.928081   0.953184   0.975996   1.03884   1.07608   1.04654   
0.0198036   0.0170043   0.013077   0.0154473   0.0148253   0.0132461   0.011319   0.00990316   0.0125754   0.0149749   0.0182166   0.0208423   0.0240803   0.0293539   0.0371313   0.0479002   
-0.00981154   -0.011515   -0.00775753   -0.0382842   -0.0596126   -0.0806278   -0.0833389   -0.0761552   -0.0590973   -0.0489864   -0.0356426   -0.0196823   -0.00396578   0.003723   0.0140229   0.0304308   

315000
-4   -3   -2   -1   0   1   2   3   4   5   6   7   8   9   10   11   12   
-0.40174   -0.282264   -0.194382   0.0731653   0.281223   0.488021   0.619611   0.701394   0.78735   0.838636   0.89132   0.928845   0.95502   0.978279   1.03748   1.07407   1.04505   
0.0196419   0.016907   0.0128823   0.0153144   0.0147191   0.0131398   0.0111685   0.00978237   0.0101964   0.0125611   0.0149465   0.0181801   0.0207466   0.0242661   0.0290549   0.0367578   0.0476269   
-0.0106133   -0.0124106   -0.00726719   -0.0377708   -0.0591138   -0.0799119   -0.0835923   -0.0763954   -0.0699893   -0.0591531   -0.0491414   -0.0358206   -0.0200314   -0.00451571   0.00395557   0.0144599   0.0306852   

320000
-4   -3   -2   -1   0   1   2   3   4   5   6   7   8   9   10   11   12   
-0.397046   -0.277461   -0.192167   0.0728959   0.28119   0.481379   0.621312   0.702981   0.787049   0.838944   0.891938   0.930274   0.956771   0.977798   1.03641   1.07279   1.04453   
0.0194798   0.0168127   0.0127681   0.0151837   0.0145958   0.0130843   0.0110232   0.00966414   0.0101871   0.0125357   0.0149177   0.0180992   0.020656   0.024035   0.0287657   0.0364328   0.0473382   
-0.0114829   -0.0133356   -0.00769944   -0.0376456   -0.0589877   -0.0783895   -0.0838188   -0.0766301   -0.0699308   -0.0592449   -0.0492966   -0.0360978   -0.0203709   -0.00436046   0.00411999   0.0147513   0.0308139   

325000
-4   -3   -2   -1   0   1   2   3   5   6   7   8   9   10   11   12   14   
-0.392117   -0.279034   -0.189321   0.0717211   0.281066   0.47769   0.622891   0.703754   0.83917   0.892628   0.931602   0.958478   0.977869   1.03466   1.07204   1.0454   0.805564   
0.0193229   0.0167355   0.0126628   0.0150605   0.0144803   0.0129961   0.0108824   0.00957419   0.0125163   0.0148837   0.0180252   0.0205684   0.0238408   0.0284875   0.0361238   0.0469498   0.07458   
-0.0123944   -0.0129214   -0.00825119   -0.0373196   -0.0588491   -0.0774531   -0.0840232   -0.0767236   -0.0593225   -0.0494609   -0.0363611   -0.0207077   -0.00432348   0.004409   0.0149356   0.0307805   0.0431185   

330000
-4   -3   -2   -1   0   1   2   3   4   5   6   7   8   9   10   11   
-0.390747   -0.276087   -0.18615   0.0734395   0.282005   0.474996   0.622937   0.70487   0.786348   0.839316   0.893195   0.932867   0.960141   0.97825   1.03328   1.07173   
0.0192   0.0166529   0.0125633   0.014931   0.0143532   0.0128918   0.010783   0.00947467   0.0101783   0.0125026   0.0148592   0.0179554   0.0204828   0.0236731   0.0282472   0.0358076   
-0.0125849   -0.0134596   -0.00886369   -0.0376251   -0.0589489   -0.0767238   -0.0839434   -0.0768765   -0.0697976   -0.0593859   -0.0496059   -0.0366165   -0.0210415   -0.00435721   0.00461736   0.0150339   

335000
-4   -3   -2   -1   0   1   2   3   4   5   6   7   8   9   10   11   12   
-0.388886   -0.272551   -0.182821   0.0742355   0.281602   0.472486   0.622893   0.706178   0.785942   0.839648   0.8938   0.934081   0.961752   0.978808   0.961526   1.07179   1.08596   
0.019091   0.01657   0.0124674   0.0148059   0.0142462   0.0127864   0.0106888   0.00936987   0.0101786   0.0124786   0.0148319   0.0178889   0.0204002   0.0235231   0.0150366   0.0354646   0.0451484   
-0.0128688   -0.014124   -0.00950619   -0.0377318   -0.058761   -0.0760356   -0.0838497   -0.0770617   -0.0697218   -0.0594809   -0.0497551   -0.0368659   -0.0213704   -0.0044351   0.0134475   0.0150555   0.0253775   

340000
-3   -1   0   1   2   3   4   5   6   7   8   9   10   11   12   
-0.268803   0.0644873   0.273639   0.470432   0.622107   0.707591   0.785694   0.839843   0.894415   0.93526   0.963278   0.979464   1.03592   0.999571   1.07971   
0.0164749   0.0146665   0.0141644   0.0126739   0.010596   0.0092625   0.0101709   0.0124639   0.0148038   0.0178243   0.0203225   0.0233844   0.0281434   0.0230502   0.0444974   
-0.0148388   -0.0356314   -0.0569844   -0.0754482   -0.0835778   -0.0772637   -0.0696792   -0.0595524   -0.0499043   -0.0371116   -0.0216886   -0.00454005   0.00395301   0.0228497   0.0263606   

345000
-4   -3   -2   -1   1   2   3   4   5   6   7   8   9   10   11   12   
-0.381397   -0.264943   -0.175853   0.0616238   0.46833   0.617453   0.708461   0.785329   0.840079   0.894933   0.936395   0.964661   0.980179   1.05445   1.07328   1.07522   
0.0189737   0.0163724   0.0122857   0.0145341   0.0125626   0.0105477   0.00917721   0.0101709   0.0124477   0.0147835   0.0177631   0.0202529   0.0232527   0.0293768   0.0346485   0.0440653   
-0.014213   -0.015581   -0.0108499   -0.0349602   -0.0748544   -0.0824582   -0.0773758   -0.0696142   -0.0596303   -0.0500381   -0.0373515   -0.0219852   -0.00466368   0.000135372   0.014823   0.0270526   

350000
-8   -7   -3   -2   -1   0   1   2   3   4   5   6   7   8   9   10   11   12   13   
-0.681958   -0.65443   -0.261001   -0.172323   0.0648085   0.273485   0.466486   0.613168   0.709444   0.785076   0.840369   0.895504   0.937463   0.965823   0.980934   1.04786   1.07561   1.07191   1.00602   
0.0660069   0.0498624   0.0162723   0.0121979   0.0144037   0.0139214   0.0124483   0.0104918   0.00908841   0.0101658   0.0124287   0.0147589   0.0177067   0.0201966   0.0231254   0.0288884   0.0341927   0.0437638   0.0571584   
-0.0242495   -0.0226961   -0.0163417   -0.0115316   -0.0356034   -0.0567942   -0.0743203   -0.0814153   -0.0775051   -0.0695725   -0.0597172   -0.0501782   -0.037581   -0.0222445   -0.00480124   0.00147983   0.014405   0.0275565   0.0393196   

355000
-4   -3   -2   -1   0   1   2   3   4   5   6   7   8   9   10   11   12   14   
-0.3469   -0.256998   -0.17238   0.0650852   0.272137   0.460603   0.609199   0.710545   0.784783   0.840563   0.896088   0.938399   0.966627   0.981708   1.04284   1.08043   1.06949   0.843963   
0.00489129   0.0161745   0.01208   0.0142733   0.0138148   0.0124053   0.0104299   0.0089961   0.0101637   0.0124165   0.0147333   0.0176597   0.0201621   0.0229996   0.0284802   0.0338034   0.0435355   0.0677546   
-0.0186871   -0.0171168   -0.011524   -0.0356129   -0.0564199   -0.0730075   -0.0804401   -0.0776514   -0.0695238   -0.0597876   -0.0503191   -0.0377884   -0.0224399   -0.00494394   0.00250441   0.0135161   0.0279241   0.0445264   

360000
-4   -3   -2   -1   0   1   2   3   4   5   6   7   8   9   10   11   12   13   14   
-0.368228   -0.259315   -0.172816   0.0644843   0.273954   0.456889   0.605484   0.71171   0.784507   0.840847   0.896561   0.939133   0.966908   0.982514   1.03914   1.08309   1.06782   1.00284   0.926414   
0.0188034   0.0160875   0.0119518   0.0141428   0.0136824   0.0123246   0.010364   0.00890229   0.010162   0.0123993   0.0147165   0.0176269   0.0201596   0.0228782   0.0281404   0.0336761   0.0433401   0.0571641   0.0778272   
-0.0167621   -0.0165694   -0.0114542   -0.0354304   -0.0567446   -0.0721117   -0.0795219   -0.077805   -0.0694791   -0.0598725   -0.0504425   -0.0379597   -0.0225393   -0.00509785   0.00326132   0.0129486   0.028182   0.0394051   0.0352289   

365000
-8   -4   -3   -1   0   1   2   3   4   5   6   7   8   9   10   11   12   13   
-0.654485   -0.368841   -0.257715   0.063468   0.273837   0.454276   0.60222   0.712452   0.784298   0.841161   0.897135   0.939632   0.966565   0.98334   1.03645   1.09191   1.06685   0.92431   
0.0700497   0.0186608   0.0159958   0.0140132   0.0135616   0.0122274   0.0102884   0.00882715   0.010157   0.0123806   0.0146915   0.0176108   0.0201965   0.0227606   0.0278541   0.0344022   0.0431455   0.046664   
-0.0263685   -0.0166015   -0.0168424   -0.0351565   -0.0566422   -0.0714435   -0.0787018   -0.0778933   -0.0694484   -0.059962   -0.0505794   -0.0380865   -0.0225233   -0.00526092   0.0038139   0.011138   0.0283449   0.0451062   

370000
-5   -4   -3   -2   -1   0   1   2   3   4   5   6   7   8   9   10   11   13   
-0.485486   -0.367483   -0.255322   -0.16875   0.0667662   0.272672   0.452991   0.598683   0.71328   0.783982   0.841391   0.897616   0.940501   0.967786   0.984168   1.03449   1.09052   1.00252   
0.0252906   0.0185119   0.0159038   0.0117532   0.013891   0.0134454   0.0121116   0.0102251   0.00874948   0.0101597   0.0123681   0.0146737   0.017569   0.0201473   0.0226497   0.027607   0.0343961   0.0569482   
-0.0172833   -0.0168495   -0.0172817   -0.0122454   -0.035836   -0.0563057   -0.071063   -0.0778283   -0.0779917   -0.0693974   -0.0600373   -0.0507016   -0.0382679   -0.0227639   -0.00543029   0.00422155   0.0113551   0.0394051   

375000
-4   -3   -2   0   1   2   3   4   5   6   7   8   9   10   11   12   13   14   
-0.365037   -0.252579   -0.166132   0.274021   0.450767   0.594235   0.714162   0.783861   0.841679   0.898056   0.941723   0.969727   0.9194   1.03305   1.08559   1.06694   1.00398   0.918419   
0.0183639   0.0158119   0.0116651   0.013314   0.0120088   0.0102024   0.00867061   0.0101513   0.0123522   0.0146594   0.0175022   0.0200561   0.00910002   0.0273882   0.0339113   0.0426472   0.0566696   0.0789905   
-0.017321   -0.0177953   -0.012747   -0.0565292   -0.0704769   -0.0768178   -0.078095   -0.0693852   -0.0601217   -0.0508163   -0.0385071   -0.023127   0.00286011   0.0045224   0.0123149   0.0284008   0.0393593   0.0339862   

380000
-4   -3   -2   -1   0   1   2   3   4   5   6   7   8   9   10   11   12   15   
-0.36217   -0.249648   -0.163466   0.0549815   0.274389   0.448052   0.590809   0.714862   0.783647   0.842004   0.898574   0.942879   0.971527   0.985743   1.03198   1.08205   1.06825   0.687277   
0.0182206   0.0157209   0.0115776   0.0136194   0.0131871   0.0119128   0.0101528   0.00860153   0.0101497   0.0123342   0.0146388   0.0174399   0.0199734   0.0224618   0.0271887   0.0335369   0.0422873   0.106603   
-0.0178776   -0.0183492   -0.0132588   -0.0332751   -0.0565368   -0.069783   -0.076019   -0.0781711   -0.0693553   -0.0602116   -0.0509412   -0.0387359   -0.0234675   -0.00577339   0.00474909   0.0130018   0.0282686   0.0240816   

385000
-5   -4   -3   -2   -1   0   1   2   3   4   5   6   7   8   9   10   11   12   13   
-0.481232   -0.359063   -0.246611   -0.160751   0.0540779   0.273604   0.445759   0.587273   0.715478   0.783459   0.84226   0.898975   0.943985   0.973212   0.986397   1.03114   1.07949   1.07087   1.05436   
0.0244437   0.0180816   0.0156306   0.0114912   0.013486   0.0130657   0.0118132   0.0101034   0.00853723   0.0101473   0.0123214   0.0146273   0.0173812   0.0198973   0.0224008   0.0270021   0.0332367   0.0418047   0.0520395   
-0.018388   -0.0184825   -0.0189269   -0.0137816   -0.0330403   -0.0562889   -0.0691835   -0.0751842   -0.0782334   -0.0693309   -0.0602899   -0.0510479   -0.0389574   -0.0237897   -0.00593248   0.0049234   0.0135046   0.027972   0.0368207   

390000
-5   -4   -3   -2   -1   1   2   3   4   5   6   7   8   9   10   11   12   
-0.476627   -0.355805   -0.243516   -0.158005   0.0528282   0.445323   0.583553   0.716124   0.783357   0.842514   0.899432   0.945056   0.974836   0.986903   1.0305   1.0776   1.0753   
0.0238929   0.0179462   0.0155411   0.0114057   0.0133505   0.0116909   0.0100571   0.00847293   0.0101408   0.012309   0.0146112   0.0173246   0.0198247   0.0223761   0.0268239   0.0329869   0.0411545   
-0.0182441   -0.0191171   -0.0195178   -0.0143115   -0.0327279   -0.0689977   -0.0743046   -0.0782955   -0.0693235   -0.0603674   -0.0511615   -0.0391738   -0.0241023   -0.00607313   0.0050571   0.0138778   0.0274387   

395000
-5   -4   -3   -2   -1   0   1   2   3   4   5   6   7   8   9   10   11   12   13   
-0.47385   -0.352459   -0.240373   -0.155247   0.0513503   0.26314   0.443554   0.580918   0.712383   0.783163   0.84288   0.899865   0.946096   0.976398   0.987244   1.02998   1.07623   1.08258   1.04902   
0.0232875   0.0178138   0.0154526   0.0113214   0.0132135   0.0129066   0.0115849   0.00998871   0.00846268   0.0101405   0.0122892   0.014597   0.0172699   0.0197554   0.0224052   0.0266509   0.0327707   0.0403183   0.0527129   
-0.0192351   -0.0197684   -0.0201206   -0.0148449   -0.0323639   -0.0539423   -0.0685194   -0.0736578   -0.0774187   -0.0692988   -0.0604625   -0.0512706   -0.0393859   -0.0244051   -0.0061942   0.00516153   0.0141545   0.0265076   0.0369522   

400000
-4   -3   -2   -1   0   1   2   3   4   5   6   7   8   9   10   11   12   13   14   
-0.34905   -0.237201   -0.152478   0.0556327   0.264463   0.4412   0.578148   0.70872   0.783086   0.843181   0.900194   0.947108   0.977904   0.987516   1.02956   1.07522   1.09269   1.04513   0.978963   
0.017684   0.0153651   0.0112378   0.0131059   0.0127828   0.011486   0.0099239   0.00845483   0.0101339   0.0122742   0.0145912   0.017217   0.0196887   0.0225097   0.0264813   0.0325753   0.0396895   0.0522903   0.0700163   
-0.0204319   -0.0207309   -0.015382   -0.03327   -0.0541782   -0.0679132   -0.072982   -0.0765699   -0.0692967   -0.0605468   -0.0513629   -0.0395942   -0.0246999   -0.00631591   0.00524253   0.0143639   0.0250998   0.0372466   0.0389266   

405000
-5   -4   -3   -2   -1   0   1   2   3   4   6   7   8   9   10   12   13   
-0.467471   -0.345598   -0.234016   -0.14974   0.0573331   0.26505   0.435916   0.574965   0.705204   0.783022   0.900612   0.948096   0.979372   0.988074   1.02922   1.0974   1.04269   
0.0231406   0.0175564   0.0152785   0.0111548   0.0129853   0.0126618   0.011456   0.00986731   0.00844577   0.0101273   0.014578   0.0171656   0.0196233   0.0226055   0.0263141   0.0399296   0.0520706   
-0.0206775   -0.0211032   -0.0213458   -0.015914   -0.0336104   -0.0542516   -0.066755   -0.0722172   -0.075754   -0.0692974   -0.0514673   -0.0397993   -0.0249896   -0.00647127   0.00530365   0.024259   0.0374183   

410000
-5   -4   -3   -2   -1   0   1   2   3   4   5   6   7   8   9   10   11   12   13   15   
-0.464083   -0.342126   -0.23084   -0.147025   0.0546835   0.264383   0.432012   0.572213   0.701775   0.78288   0.843793   0.900909   0.949048   0.980797   0.988995   1.02895   1.07393   1.09844   1.04092   0.731827   
0.0230941   0.0174312   0.015193   0.0110723   0.0128572   0.0125451   0.0113919   0.00980466   0.00843672   0.0101261   0.0122441   0.0145744   0.0171166   0.01956   0.022453   0.0261494   0.032213   0.0410151   0.0519346   0.0981535   
-0.0214346   -0.0217774   -0.0219604   -0.0164424   -0.0330152   -0.0540461   -0.0658518   -0.0715471   -0.0749579   -0.0692837   -0.060715   -0.0515527   -0.0399987   -0.0252732   -0.00660284   0.00534664   0.0146385   0.0237724   0.0375368   0.0283052   

415000
-4   -3   -2   -1   0   1   2   3   4   5   6   7   8   9   10   12   13   
-0.345127   -0.227683   -0.144321   0.0426797   0.263226   0.431244   0.570165   0.698441   0.782867   0.844133   0.901302   0.949969   0.982189   0.990019   1.02878   1.09461   1.03963   
0.017373   0.0151088   0.0109906   0.0127142   0.0124294   0.0112891   0.0097312   0.00842682   0.0101179   0.0122269   0.0145629   0.0170697   0.0194979   0.0223221   0.0259887   0.0404237   0.0518398   
-0.021087   -0.0225727   -0.0169704   -0.030426   -0.0537314   -0.0656238   -0.0710326   -0.0741829   -0.0692943   -0.060804   -0.051651   -0.0401931   -0.0255523   -0.00676241   0.00536645   0.0244159   0.0376221   

420000
-5   -4   -3   -1   0   1   2   3   4   5   6   7   8   9   10   11   12   13   
-0.45615   -0.343486   -0.224534   0.0407545   0.261769   0.429782   0.567482   0.695605   0.782865   0.844423   0.90161   0.950838   0.983546   0.991083   1.02863   1.0733   1.09186   1.03867   
0.02252   0.0172683   0.0150254   0.0125794   0.0123144   0.0111924   0.00966901   0.00840471   0.0101095   0.0122136   0.0145583   0.0170265   0.0194369   0.0222059   0.0258338   0.0318521   0.0399702   0.0517622   
-0.0224585   -0.0213689   -0.0231845   -0.0299752   -0.0533489   -0.0652409   -0.070381   -0.0735129   -0.0693073   -0.0608843   -0.0517357   -0.0403787   -0.0258268   -0.00693616   0.00537864   0.0147818   0.0248837   0.0376847   

425000
-5   -4   -3   -2   -1   0   1   2   3   4   5   6   7   8   9   10   11   12   13   15   18   
-0.454213   -0.341297   -0.228068   -0.144048   0.0388974   0.260092   0.427668   0.56407   0.692598   0.782795   0.844698   0.901932   0.951616   0.984868   0.992162   1.02844   1.07317   1.08984   1.038   0.775255   0.536028   
0.0233966   0.0171613   0.0149737   0.0108096   0.0124428   0.0122003   0.0111011   0.00963083   0.00839231   0.0101058   0.0122016   0.0145524   0.01699   0.0193773   0.0221006   0.0256877   0.0316634   0.0396133   0.0516876   0.0900157   0.17648   
-0.0239324   -0.0217648   -0.0223784   -0.0170202   -0.0295346   -0.0529166   -0.0647131   -0.0695983   -0.0728222   -0.0693076   -0.0609617   -0.051821   -0.0405481   -0.0260965   -0.00711822   0.00539635   0.0148143   0.025232   0.0377285   0.0327758   -0.00924733   

430000
-4   -1   0   1   2   3   4   5   6   7   8   9   10   11   12   13   
-0.338837   0.0371092   0.261704   0.425227   0.561384   0.689386   0.782773   0.845098   0.902241   0.952281   0.986147   0.993243   1.02842   1.07315   1.08838   1.03761   
0.0170569   0.0123048   0.0120816   0.0110124   0.00959083   0.00838603   0.0101   0.0121803   0.0145475   0.0169614   0.0193194   0.0220031   0.0255575   0.0314668   0.0393267   0.0516033   
-0.0222189   -0.0291061   -0.0532241   -0.0641122   -0.0689943   -0.0720879   -0.0693172   -0.0610587   -0.0519035   -0.0406966   -0.0263598   -0.00730529   0.00537586   0.0148252   0.025492   0.0377547   

435000
-4   -3   -2   -1   1   2   3   4   5   6   7   8   9   10   11   12   13   
-0.336171   -0.225412   -0.142977   0.0386717   0.422585   0.559399   0.686027   0.782828   0.845449   0.902498   0.952825   0.987367   0.994318   1.02862   1.07322   1.08733   1.03752   
0.0169616   0.0148263   0.0106332   0.0121927   0.0109255   0.009535   0.00838437   0.0100897   0.0121629   0.0145467   0.0169416   0.0192645   0.0219118   0.0254532   0.0312619   0.0390895   0.0514999   
-0.0227132   -0.0228324   -0.017233   -0.0294208   -0.0634663   -0.0685298   -0.0713224   -0.0693411   -0.0611474   -0.051977   -0.0408218   -0.0266139   -0.00749564   0.00530668   0.0148147   0.0256845   0.0377633   

440000
-4   -3   -2   -1   0   1   2   3   4   5   6   7   8   9   10   11   12   13   14   
-0.333338   -0.223389   -0.141207   0.0426687   0.262447   0.419801   0.557052   0.683742   0.782818   0.845749   0.902829   0.953233   0.988505   0.995384   1.02912   1.0734   1.08663   1.03778   0.958804   
0.0168818   0.0147503   0.0105555   0.0120997   0.0118483   0.0108406   0.00948216   0.00835953   0.0100839   0.0121493   0.0145398   0.0169317   0.0192138   0.0218249   0.0253914   0.0310495   0.0388848   0.0513675   0.0713083   
-0.0232404   -0.023208   -0.0175739   -0.0302782   -0.0532878   -0.062789   -0.0679805   -0.0707858   -0.0693531   -0.0612276   -0.0520605   -0.0409202   -0.0268539   -0.00768821   0.00517025   0.0147818   0.0258228   0.0377527   0.0363662   

445000
-5   -4   -3   -2   -1   0   1   2   3   4   6   8   9   12   13   
-0.446735   -0.330336   -0.221207   -0.139344   0.0432194   0.261525   0.420565   0.554479   0.681033   0.780646   0.903063   0.98951   0.996442   1.08621   1.03844   
0.0214267   0.0168227   0.0146745   0.0104779   0.0119806   0.0117339   0.0107303   0.00943103   0.00834563   0.0100783   0.0145405   0.0191702   0.0217415   0.0386996   0.0511948   
-0.0234008   -0.0238028   -0.0236186   -0.0179356   -0.0303715   -0.0530305   -0.0629033   -0.0673784   -0.0701599   -0.0688774   -0.0521289   -0.0270704   -0.00788262   0.0259163   0.0377198   

450000
-5   -4   -3   -2   -1   0   1   2   3   4   5   6   7   8   9   10   11   12   
-0.444384   -0.327179   -0.218954   -0.137461   0.0430137   0.254021   0.419322   0.551744   0.678055   0.777257   0.846399   0.903372   0.954438   0.990336   0.997491   1.03294   1.07412   1.08604   
0.0215367   0.016786   0.0145991   0.0104002   0.0118553   0.0117143   0.0106349   0.00938132   0.00833796   0.0100765   0.0121186   0.0145353   0.0168834   0.0191367   0.0216606   0.0256045   0.0306119   0.0385228   
-0.0237831   -0.024401   -0.0240452   -0.0183026   -0.0302969   -0.0514149   -0.0625724   -0.0667386   -0.0694839   -0.06813   -0.0613942   -0.0522071   -0.0411765   -0.0272541   -0.00807872   0.00430998   0.0146404   0.0259712   

455000
-5   -4   -3   -2   -1   0   1   2   3   4   5   6   7   8   9   12   14   15   
-0.441734   -0.323905   -0.21664   -0.135562   0.029543   0.251715   0.417495   0.548887   0.674848   0.774021   0.846746   0.903638   0.955448   0.990921   0.998534   1.0861   0.958534   0.779788   
0.0216289   0.0167687   0.0145243   0.0103229   0.0117329   0.01162   0.0105441   0.00933314   0.00833533   0.0100693   0.0121016   0.0145333   0.0168296   0.019117   0.0215817   0.038348   0.0712464   0.0890318   
-0.0242642   -0.0250286   -0.024486   -0.0186742   -0.0273723   -0.0508724   -0.0621126   -0.0660708   -0.0687605   -0.0674152   -0.0614804   -0.0522785   -0.0413752   -0.0273933   -0.00827649   0.0259923   0.0361272   0.0328146   

460000
-5   -4   -3   -1   0   1   2   3   4   5   6   7   8   9   10   11   12   13   
-0.438907   -0.320832   -0.214278   0.0271248   0.249723   0.415365   0.545931   0.672922   0.770796   0.847054   0.903929   0.956414   0.991209   0.99959   1.03434   1.0756   1.08636   1.04422   
0.021708   0.0167173   0.0144502   0.0116127   0.0115201   0.0104563   0.00928681   0.00831117   0.0100655   0.0120877   0.0145292   0.0167786   0.0191149   0.021503   0.0256373   0.0301874   0.0381685   0.050248   
-0.0247976   -0.0256327   -0.0249381   -0.026829   -0.0503929   -0.0615869   -0.06538   -0.0683135   -0.0667055   -0.0615599   -0.0523526   -0.0415664   -0.0274765   -0.0084765   0.00402474   0.0143487   0.025983   0.0374094   

465000
-4   -3   -2   0   1   2   3   4   5   6   7   8   9   11   12   13   15   
-0.318241   -0.211884   -0.131684   0.247779   0.413044   0.544688   0.670531   0.767733   0.847329   0.90425   0.957343   0.99116   1.00064   1.07571   1.08681   1.04843   0.874207   
0.0165854   0.014377   0.0101701   0.0114173   0.0103707   0.00922061   0.00829614   0.0100572   0.0120764   0.0145224   0.0167301   0.019133   0.0214259   0.030014   0.0379802   0.0496662   0.103783   
-0.0261608   -0.0253985   -0.0194365   -0.0499209   -0.0610195   -0.0650686   -0.0677666   -0.0660305   -0.0616338   -0.0524307   -0.0417513   -0.0274965   -0.0086786   0.0143024   0.0259458   0.0371699   0.0161467   

470000
-4   -3   -1   0   1   2   3   4   5   7   8   9   10   11   12   13   15   
-0.315618   -0.209467   0.025003   0.245779   0.40855   0.543536   0.667817   0.764679   0.847631   0.958242   0.990791   1.00169   1.03244   1.07595   1.08745   1.05539   0.776631   
0.0164632   0.014305   0.011371   0.0113142   0.0103519   0.00915358   0.00828681   0.01005   0.012063   0.0166836   0.019172   0.0213508   0.0252889   0.0298664   0.0377801   0.0488029   0.0897459   
-0.0266941   -0.0258653   -0.0263288   -0.0494348   -0.0600584   -0.064778   -0.0671508   -0.0653587   -0.0617115   -0.0419311   -0.0274553   -0.00888145   0.00445809   0.0142277   0.0258821   0.0367581   0.0319501   

475000
-8   -4   -3   -1   0   1   2   3   4   5   6   7   8   9   10   12   13   
-0.599338   -0.312966   -0.207035   0.0242628   0.243755   0.405336   0.541781   0.664882   0.761703   0.847989   0.904852   0.959115   0.990314   1.00272   0.96604   1.08825   1.06753   
0.0571562   0.0163485   0.0142339   0.01125   0.0112105   0.0102925   0.00909383   0.00828136   0.0100417   0.0120452   0.0145117   0.0166387   0.0192201   0.0212778   0.0122961   0.0375658   0.0474743   
-0.0463798   -0.0272321   -0.0263365   -0.0261485   -0.0489419   -0.059327   -0.0643546   -0.0664893   -0.0647045   -0.0617976   -0.0525794   -0.0421068   -0.0273906   -0.00908463   0.0121715   0.0257932   0.0359758   

480000
-4   -2   0   1   2   3   4   5   6   7   8   10   11   12   13   
-0.310298   -0.125506   0.245676   0.404649   0.539621   0.662678   0.758904   0.84831   0.905178   0.959966   0.992049   1.03172   1.07754   1.08922   1.07925   
0.0162399   0.0099557   0.0111092   0.0102111   0.00904183   0.0082655   0.0100315   0.0120303   0.014504   0.0165952   0.0191339   0.0250093   0.0297344   0.0373358   0.0463729   
-0.0277729   -0.0206436   -0.0493355   -0.0591446   -0.0638481   -0.0659935   -0.0640903   -0.0618774   -0.0526571   -0.0422789   -0.027716   0.00465553   0.0138674   0.0256803   0.0351112   

485000
-4   -3   -2   -1   0   1   2   3   4   5   6   7   8   9   10   11   12   13   14   15   
-0.307623   -0.202156   -0.123441   0.0279541   0.246769   0.404654   0.536752   0.660804   0.756274   0.848598   0.905466   0.960796   0.993639   1.00468   1.03163   1.07982   1.09033   1.08342   1.0201   0.565368   
0.0161358   0.0140954   0.00988578   0.0110585   0.0110077   0.0101246   0.00901462   0.00824604   0.0100194   0.012018   0.0144994   0.016553   0.0190556   0.0211441   0.0248873   0.0298706   0.0370899   0.0460621   0.0624614   0.132353   
-0.0283146   -0.0272862   -0.0210493   -0.0269251   -0.0495444   -0.0591139   -0.0632192   -0.0655693   -0.0635139   -0.0619516   -0.0527287   -0.0424475   -0.0280163   -0.0094815   0.00469864   0.0134081   0.0255453   0.0347311   0.0390315   0.0124109   

490000
-5   -3   -2   -1   0   1   2   3   4   5   6   7   8   9   10   12   13   
-0.42218   -0.19972   -0.12138   0.0308389   0.246311   0.403445   0.53398   0.658475   0.753553   0.848858   0.905803   0.961609   0.995117   1.00556   1.03166   1.09161   1.08528   
0.0203354   0.0140275   0.00981661   0.0109742   0.0109058   0.0100451   0.00898053   0.00823313   0.0100092   0.0120079   0.0144905   0.0165119   0.0189834   0.0210877   0.0247736   0.0368272   0.0461089   
-0.0282269   -0.0277625   -0.0214556   -0.0275418   -0.0494058   -0.0588139   -0.0625996   -0.0650457   -0.0629176   -0.062021   -0.0528065   -0.0426134   -0.0282975   -0.0096661   0.00471712   0.0253854   0.0345034   

495000
-5   -4   -3   -1   0   1   2   3   4   5   6   7   8   9   10   11   12   13   
-0.419425   -0.312811   -0.197322   0.0319336   0.245369   0.401837   0.531222   0.655875   0.750733   0.849187   0.906225   0.962407   0.996508   1.00633   1.03178   1.08555   1.09302   1.08493   
0.0201667   0.0160497   0.0139604   0.0108748   0.0108041   0.00996768   0.00894338   0.00822413   0.00999979   0.0119924   0.0144745   0.0164716   0.0189166   0.0210416   0.0246665   0.0306847   0.0365499   0.0464512   
-0.028769   -0.0271413   -0.0282315   -0.0277645   -0.0491588   -0.0584247   -0.061977   -0.0644631   -0.0622992   -0.0621009   -0.0528973   -0.0427769   -0.0285642   -0.00983382   0.00471614   0.0122406   0.0252035   0.034433   

500000
-4   -3   -1   0   1   2   3   5   6   7   8   10   12   14   
-0.311097   -0.194928   0.0324094   0.244161   0.40001   0.528456   0.653088   0.849073   0.906606   0.963189   0.997827   1.03196   1.09459   1.01076   
0.0159631   0.0138938   0.0107709   0.0107027   0.00989068   0.0089048   0.00821795   0.0119754   0.0144617   0.0164322   0.018854   0.0245641   0.0362622   0.0632791   
-0.0274742   -0.028701   -0.0278506   -0.0488525   -0.0579867   -0.0613487   -0.0638396   -0.0620802   -0.0529818   -0.0429381   -0.0288194   0.00470028   0.0249981   0.0385919   

505000
-5   -4   -3   -1   0   1   2   3   4   5   6   7   8   9   10   11   12   
-0.413913   -0.309239   -0.192544   0.0326404   0.242782   0.398037   0.526891   0.651299   0.744804   0.845988   0.906955   0.963954   0.999087   1.00734   1.03219   1.0813   1.09644   
0.0198349   0.015877   0.0138279   0.010665   0.0106016   0.00981463   0.0088546   0.00820047   0.00998366   0.0119528   0.0144512   0.0163939   0.0187946   0.0209994   0.024465   0.0301399   0.0359664   
-0.029834   -0.0278374   -0.0291697   -0.0278834   -0.0485078   -0.0575158   -0.060984   -0.0634398   -0.0609976   -0.0613902   -0.0530616   -0.0430963   -0.0290652   -0.0100848   0.00467152   0.0130557   0.0247513   

510000
-4   -3   -1   0   1   2   3   4   5   7   8   9   10   11   12   13   14   15   
-0.307295   -0.190164   0.0327465   0.241288   0.395979   0.526409   0.649968   0.74272   0.843002   0.964702   1.00032   1.0075   1.03246   1.07981   1.09856   1.07744   1.01013   0.933833   
0.0157918   0.0137625   0.0105586   0.0105012   0.0097386   0.00879405   0.00817874   0.00996641   0.0119345   0.0163569   0.0187368   0.021013   0.0243688   0.0299124   0.0356684   0.0472377   0.0629091   0.0888728   
-0.0282185   -0.0296386   -0.0278893   -0.0481374   -0.0570262   -0.0608588   -0.0631413   -0.0605443   -0.0607245   -0.0432515   -0.0293073   -0.0101544   0.00463499   0.0133461   0.0244644   0.0348286   0.0382375   0.0264072   

515000
-4   -3   -1   0   1   2   3   4   5   6   7   8   9   10   11   12   13   14   
-0.305322   -0.187793   0.0327892   0.239722   0.393844   0.525049   0.648179   0.740428   0.840151   0.907717   0.965432   1.00154   1.00744   1.03276   1.07865   1.10093   1.07699   1.00993   
0.0157077   0.0136977   0.0104524   0.0104018   0.00966344   0.00874101   0.00816274   0.00995064   0.0119122   0.0144246   0.0163207   0.0186804   0.0210566   0.0242742   0.0297087   0.0353765   0.0467511   0.0628222   
-0.0286055   -0.030107   -0.0278818   -0.0477513   -0.0565197   -0.0605382   -0.0627422   -0.0600439   -0.0600887   -0.0532293   -0.0434039   -0.0295455   -0.0101845   0.00458952   0.013579   0.0241385   0.0349123   0.0381234   

520000
-5   -4   -3   -1   0   1   2   3   4   6   7   8   9   10   11   12   13   15   
-0.405693   -0.303298   -0.185431   0.0328055   0.238122   0.391652   0.52335   0.64612   0.737969   0.908149   0.966141   1.00271   1.00718   1.03308   1.07774   1.10231   1.07691   0.932454   
0.0192571   0.0156242   0.0136335   0.0103464   0.0103036   0.00958875   0.00869023   0.00814999   0.00993654   0.0144068   0.016286   0.018626   0.0211348   0.0241808   0.0295248   0.0351482   0.0463997   0.0894582   
-0.0312864   -0.0290033   -0.0305747   -0.0278694   -0.0473579   -0.0560008   -0.0601417   -0.0622836   -0.0595067   -0.0533211   -0.0435524   -0.0297784   -0.0101837   0.00453686   0.0137634   0.0239373   0.0349547   0.024884   

525000
-4   -3   -1   0   2   3   4   5   6   7   8   9   10   12   13   15   
-0.30124   -0.183078   0.0328058   0.236466   0.521456   0.643875   0.735381   0.834639   0.908558   0.966822   1.00386   1.00737   1.03343   1.10337   1.07699   0.931949   
0.0155417   0.0135698   0.0102414   0.0102072   0.00864119   0.00813948   0.00992342   0.0118682   0.0143906   0.0162533   0.0185732   0.0211737   0.0240886   0.0349556   0.0461261   0.0896872   
-0.0294082   -0.0310419   -0.0278538   -0.0469522   -0.0597015   -0.0617842   -0.0589404   -0.0588596   -0.0534095   -0.043696   -0.030007   -0.0102467   0.00447798   0.0237727   0.0349778   0.0244605   

530000
-5   -4   -3   -2   -1   0   1   2   3   4   5   6   7   8   9   10   11   12   
-0.400616   -0.299159   -0.180733   -0.105106   0.032814   0.230609   0.38715   0.51943   0.641509   0.732688   0.832002   0.908948   0.967459   1.00498   1.00865   1.0338   1.07654   1.10439   
0.0191254   0.0154599   0.0135067   0.00929907   0.0101372   0.0102037   0.00944176   0.00859307   0.00812942   0.00991104   0.0118444   0.0143758   0.0162237   0.0185215   0.0210779   0.0239974   0.0292048   0.0347962   
-0.0319186   -0.029818   -0.0315084   -0.024711   -0.0278408   -0.0457069   -0.0549376   -0.0592317   -0.0612599   -0.0583504   -0.0582711   -0.0534948   -0.0438316   -0.0302321   -0.0104644   0.00441366   0.0140234   0.0236071   

535000
-9   -5   -4   -3   -2   -1   1   2   3   4   5   6   7   8   9   10   12   13   
-0.541833   -0.406259   -0.297056   -0.178396   -0.103086   0.0328327   0.384864   0.517311   0.639063   0.729908   0.829356   0.909319   0.968051   1.00607   1.00991   1.03418   1.10535   1.07739   
0.0725637   0.0193951   0.0153789   0.013444   0.00923931   0.0100343   0.0093693   0.00854599   0.00811859   0.00989943   0.0118218   0.0143624   0.0161975   0.0184714   0.0209915   0.0239067   0.0346829   0.0457113   
-0.0543176   -0.0306398   -0.0302327   -0.0319742   -0.0251173   -0.0278306   -0.0543992   -0.058741   -0.0607205   -0.0577408   -0.0576812   -0.053577   -0.0439585   -0.0304531   -0.0106822   0.00434387   0.023442   0.034992   

540000
-4   -3   -2   -1   0   1   2   3   4   5   6   7   8   9   10   11   12   13   15   
-0.294941   -0.176068   -0.101083   0.0353286   0.225763   0.38765   0.514859   0.636528   0.728202   0.826885   0.909703   0.968586   1.00713   1.01115   1.03458   1.0759   1.10629   1.0777   0.830364   
0.0152987   0.0133819   0.00917997   0.00996255   0.0100486   0.00928682   0.0085118   0.00810924   0.00988033   0.011797   0.0143479   0.0161753   0.0184227   0.0209124   0.0238173   0.0289295   0.0346355   0.0455428   0.0797279   
-0.0306495   -0.0324394   -0.025521   -0.028362   -0.0445908   -0.0549994   -0.0581955   -0.0601613   -0.0573728   -0.0571306   -0.0536603   -0.0440745   -0.0306699   -0.0108983   0.00426932   0.0141785   0.0232702   0.0349872   0.0374442   

545000
-4   -3   -1   0   1   2   3   4   5   6   7   8   9   10   12   13   14   
-0.292819   -0.173749   0.0380722   0.223646   0.386559   0.512288   0.633922   0.726264   0.824299   0.910173   0.96907   1.00816   1.01235   1.035   1.10737   1.07807   0.917334   
0.0152189   0.0133202   0.00989437   0.00996621   0.00922421   0.00848209   0.00810105   0.00986303   0.0117744   0.014326   0.0161573   0.0183758   0.0208399   0.0237294   0.0346939   0.0453892   0.0538449   
-0.0310679   -0.0329038   -0.028948   -0.0440939   -0.0547464   -0.0576288   -0.0595859   -0.0569529   -0.0565546   -0.0537568   -0.0441802   -0.0308812   -0.0111113   0.00419023   0.0230655   0.0349758   0.0444449   

550000
-5   -4   -3   -1   0   1   2   3   4   5   6   7   8   9   10   11   12   13   14   16   
-0.399984   -0.290688   -0.171439   0.0395202   0.221605   0.383889   0.509764   0.632068   0.724106   0.822002   0.910625   0.969494   1.00915   1.01352   1.03538   1.07562   1.1084   1.07851   1.01119   0.659799   
0.01905   0.0151406   0.013259   0.00981186   0.0098829   0.00918954   0.00844929   0.00808809   0.00984689   0.0117494   0.0143054   0.0161435   0.0183311   0.0207726   0.0236428   0.0286825   0.0349303   0.045243   0.062317   0.121163   
-0.0319311   -0.0314887   -0.0333675   -0.0292511   -0.0436119   -0.054173   -0.0570673   -0.0591773   -0.0564836   -0.0560443   -0.0538506   -0.0442739   -0.0310861   -0.0113213   0.00411995   0.0142627   0.0228428   0.0349568   0.037749   0.013473   

555000
-5   -4   -1   0   1   2   3   4   5   6   7   8   9   10   12   13   14   15   
-0.397918   -0.28855   0.0404817   0.219603   0.381926   0.508859   0.631379   0.721797   0.819821   0.911063   0.969851   1.01008   1.01466   1.03579   1.10898   1.07903   0.917553   0.930145   
0.0188751   0.0150633   0.00972467   0.00979912   0.00913668   0.00840466   0.00806737   0.00983133   0.0117242   0.0142858   0.0161348   0.0182894   0.0207095   0.0235594   0.0354689   0.0451004   0.0535626   0.0905405   
-0.0323661   -0.0319108   -0.0294484   -0.0431371   -0.0537355   -0.0568622   -0.0590272   -0.0559801   -0.0555598   -0.053942   -0.044354   -0.0312821   -0.0115281   0.00404141   0.0226342   0.0349305   0.0442434   0.0230144   

560000
-5   -4   -2   -1   0   1   2   3   4   5   6   7   8   9   10   11   12   13   15   16   
-0.395857   -0.286415   -0.0934375   0.0411745   0.226235   0.380053   0.508645   0.62999   0.719374   0.817598   0.911486   0.970127   1.01094   0.947095   1.03621   1.0756   1.10814   1.07964   0.930225   0.72095   
0.0187277   0.0149867   0.00894555   0.00963588   0.00972816   0.00907887   0.00835418   0.00805222   0.00981603   0.0117   0.0142672   0.0161321   0.0182521   0.00729011   0.0234799   0.0284516   0.0361794   0.0449574   0.090591   0.111056   
-0.0327945   -0.0323339   -0.0270668   -0.0295875   -0.0446099   -0.0533115   -0.0568088   -0.0587221   -0.055451   -0.0550662   -0.0540311   -0.044418   -0.0314652   -0.0024622   0.00395839   0.0142972   0.0225966   0.0348965   0.0228902   0.0192047   

565000
-5   -4   -1   0   1   2   3   4   5   6   7   8   9   10   11   12   13   15   
-0.393782   -0.284276   0.0417163   0.225277   0.378184   0.507544   0.628336   0.716873   0.815331   0.911222   0.970327   1.0117   1.01687   1.03663   1.07566   1.10687   1.08034   0.930467   
0.0185951   0.0149111   0.00954639   0.00964771   0.00901862   0.00830883   0.00803541   0.00980093   0.0116763   0.0142448   0.0161348   0.0182202   0.0205935   0.0234051   0.0283396   0.0358145   0.0448103   0.0905771   
-0.0332222   -0.0327586   -0.029694   -0.0443731   -0.0528856   -0.0565565   -0.0583614   -0.054904   -0.0545627   -0.0539687   -0.0444668   -0.0316304   -0.0119333   0.00387159   0.0143001   0.0228314   0.0348538   0.0228033   

570000
-5   -4   -1   0   1   2   3   4   5   6   8   9   10   12   13   
-0.391689   -0.282157   0.0421621   0.224187   0.376306   0.506119   0.626478   0.714317   0.81302   0.908742   1.01234   1.01794   1.03706   1.10597   1.08115   
0.0184721   0.0148373   0.00945704   0.0095679   0.00895689   0.00826455   0.00802047   0.00978609   0.011653   0.0142081   0.0181956   0.0205392   0.0233365   0.0354991   0.0446572   
-0.033651   -0.033179   -0.0297799   -0.0441066   -0.0524554   -0.0562315   -0.0579555   -0.0543445   -0.054049   -0.0534151   -0.0317729   -0.0121325   0.00378138   0.0230054   0.0348024   

575000
-5   -4   -3   -1   0   1   2   3   4   5   6   7   8   9   10   11   12   13   14   
-0.353773   -0.280037   -0.160055   0.0425453   0.222975   0.374437   0.504518   0.624481   0.712993   0.810663   0.906341   0.971237   1.01283   1.019   1.03748   1.07589   1.10536   1.08207   1.0181   
0.00493501   0.0147652   0.0129602   0.00936785   0.00948816   0.00889418   0.00822082   0.00800676   0.0097679   0.0116301   0.0141733   0.0161016   0.01818   0.0204868   0.0232763   0.0281187   0.0352218   0.0444945   0.0611978   
-0.0383336   -0.0335993   -0.0356657   -0.0298526   -0.0438126   -0.0520265   -0.055866   -0.0575185   -0.0540641   -0.0535252   -0.0528795   -0.0446551   -0.0318871   -0.0123301   0.00368946   0.0142821   0.023135   0.034741   0.0377569   

580000
-5   -4   -2   -1   0   1   2   3   4   5   6   7   8   9   10   11   12   13   14   16   
-0.387457   -0.277908   -0.0869311   0.0428834   0.221663   0.372543   0.502806   0.62238   0.711343   0.808262   0.903967   0.972029   1.01313   1.02003   1.0379   1.07605   1.10496   1.08311   1.02067   0.845172   
0.0182435   0.0146952   0.0087116   0.00927931   0.00940882   0.00883099   0.00817744   0.00799416   0.00975076   0.0116076   0.0141399   0.0160593   0.0181751   0.020436   0.0232267   0.0280089   0.0349749   0.0443225   0.0608046   0.13026   
-0.0345123   -0.0340217   -0.0283697   -0.0299158   -0.0434958   -0.0515909   -0.0554747   -0.0570583   -0.0537101   -0.0529913   -0.0523503   -0.0448117   -0.0319664   -0.0125262   0.0035955   0.0142632   0.0232316   0.0346697   0.0377853   -0.000741234   

585000
-5   -4   -3   -1   0   1   2   3   4   5   6   7   8   9   10   11   12   13   
-0.385324   -0.275768   -0.155578   0.0431867   0.220274   0.370625   0.501034   0.6202   0.709454   0.805817   0.901668   0.972791   1.0132   1.02106   1.03828   1.00338   1.10472   1.08427   
0.0181347   0.0146276   0.0128436   0.00919163   0.00932992   0.00876767   0.00813389   0.00798244   0.00973408   0.0115856   0.0141033   0.0160191   0.0181838   0.0203867   0.0231918   0.0151924   0.0347527   0.0441379   
-0.0349442   -0.0344468   -0.0365757   -0.0299717   -0.0431616   -0.0511495   -0.0550694   -0.0565806   -0.0533018   -0.0524475   -0.0518373   -0.0449628   -0.0320028   -0.012721   0.00350301   0.0218681   0.0233023   0.0345876   

590000
-8   -5   -4   -3   -2   -1   0   1   2   3   4   5   6   7   8   9   10   11   12   13   14   15   
-0.55889   -0.38318   -0.273612   -0.153348   -0.0839191   0.0434734   0.218827   0.368687   0.499208   0.617958   0.707419   0.803997   0.899376   0.973527   1.01304   1.02207   1.03864   1.07644   1.10461   1.08556   1.02786   0.599707   
0.0489718   0.0180282   0.0145629   0.0127858   0.00859763   0.00910491   0.00925152   0.00870421   0.00809053   0.00797156   0.00971747   0.0115606   0.0140684   0.0159807   0.0182067   0.0203384   0.0231752   0.0277897   0.0345512   0.04394   0.059732   0.123677   
-0.0585464   -0.0353767   -0.0348753   -0.0370306   -0.0289694   -0.0300244   -0.0428142   -0.0507034   -0.0546517   -0.0560889   -0.0528602   -0.0520455   -0.051326   -0.0451091   -0.0319938   -0.0129147   0.00340965   0.0142097   0.023352   0.0344942   0.0378682   0.0147864   

595000
-5   -1   0   1   2   4   5   6   7   8   9   10   11   12   14   15   
-0.381033   0.0437501   0.217337   0.366735   0.497343   0.705286   0.802239   0.897053   0.974239   1.01262   1.02307   1.03898   1.07667   1.1046   1.03303   0.831195   
0.0179234   0.00901899   0.00917363   0.00864094   0.00804742   0.00970072   0.0115357   0.0140346   0.0159439   0.0182451   0.0202911   0.0231833   0.0276802   0.0343671   0.0589837   0.079828   
-0.0358089   -0.0300754   -0.0424571   -0.0502537   -0.0542247   -0.0523962   -0.0516577   -0.0508086   -0.0452513   -0.0319363   -0.0131073   0.00331493   0.0141756   0.0233849   0.0379288   0.0350578   

600000
-5   -4   -3   -1   0   1   2   3   4   5   6   7   8   9   10   11   12   13   14   
-0.378884   -0.269247   -0.148912   0.0440162   0.21582   0.364772   0.495197   0.613403   0.703083   0.800355   0.894836   0.97493   1.01243   1.02406   1.03931   1.07691   1.10468   1.08855   1.03956   
0.0178198   0.0144439   0.0126712   0.00893435   0.00909649   0.00857795   0.00801605   0.00794808   0.00968384   0.0115113   0.0139989   0.0159083   0.0182713   0.0202447   0.0232256   0.0275709   0.0341971   0.0435018   0.0580542   
-0.0362398   -0.035745   -0.0379376   -0.0301243   -0.0420937   -0.0498017   -0.0537525   -0.0550912   -0.051916   -0.0512413   -0.0503141   -0.0453898   -0.031916   -0.0132992   0.00321313   0.0141368   0.0234036   0.0342716   0.0379926   

605000
-5   -4   -3   -1   0   1   2   3   4   5   6   7   8   9   10   12   13   15   
-0.376736   -0.267032   -0.146715   0.0442664   0.214287   0.362805   0.493032   0.611105   0.700828   0.79837   0.892639   0.975603   1.01377   1.02506   1.03971   1.10483   1.09024   0.949462   
0.0177168   0.0143905   0.0126144   0.00885089   0.00902018   0.00851535   0.00798501   0.00793545   0.00966681   0.0114871   0.0139636   0.015874   0.018207   0.0201986   0.0233185   0.0340393   0.0432601   0.0866944   
-0.0366693   -0.0361877   -0.0383878   -0.0301697   -0.0417273   -0.0493486   -0.0532758   -0.0545881   -0.0514237   -0.0508022   -0.0498244   -0.0455252   -0.0321702   -0.0134923   0.00308918   0.0234111   0.0341414   0.0245771   

610000
-5   -4   -3   -1   0   2   3   4   5   6   7   8   9   10   11   12   13   14   15   
-0.374588   -0.264794   -0.144541   0.038252   0.21274   0.490895   0.610695   0.698532   0.7963   0.890386   0.976261   1.01503   1.02607   1.04037   1.07746   1.10503   1.09207   1.05681   0.769167   
0.017614   0.0143415   0.0125579   0.00882867   0.00894464   0.00795231   0.00791627   0.00964967   0.011463   0.0139294   0.0158405   0.0181477   0.0201524   0.0235013   0.0273534   0.0338916   0.0430041   0.0556931   0.137322   
-0.0370973   -0.0366364   -0.0388334   -0.0288969   -0.0413575   -0.0528022   -0.0545072   -0.0509219   -0.0503437   -0.0493226   -0.0456579   -0.0324089   -0.013688   0.00289807   0.0140465   0.0234092   0.0339989   0.0380624   -0.0013194   

615000
-5   -4   -3   -1   0   1   2   3   4   5   7   8   9   10   11   12   13   14   15   
-0.372442   -0.262536   -0.142402   0.0485878   0.211188   0.358938   0.488778   0.610008   0.697178   0.794154   0.976904   1.01621   1.02707   1.04151   1.07776   1.10528   1.094   1.0646   0.768945   
0.0175109   0.0142971   0.0125017   0.00873789   0.0088699   0.00839218   0.00791819   0.00789899   0.00963371   0.011439   0.015808   0.0180929   0.020107   0.0237502   0.0272458   0.0337523   0.042736   0.0546639   0.137408   
-0.0375232   -0.0370906   -0.0392717   -0.0310866   -0.0409872   -0.0484579   -0.0523305   -0.0543641   -0.0506357   -0.0498682   -0.0457881   -0.0326341   -0.0138832   0.00261124   0.0139954   0.0233993   0.0338452   0.0380323   -0.00136008   

620000
-5   -4   -3   -1   0   1   2   3   4   5   6   7   8   9   10   11   12   13   14   
-0.370298   -0.260247   -0.140315   0.0496748   0.209651   0.357011   0.48986   0.608774   0.696143   0.79194   0.886135   0.977534   1.01732   1.02806   1.04137   1.07807   1.10556   1.09603   1.0692   
0.0174074   0.0142569   0.012446   0.0086687   0.00879588   0.00833207   0.00787245   0.00788437   0.00961868   0.0114151   0.0138537   0.0157764   0.0180418   0.0200624   0.0236081   0.0271392   0.0336198   0.0424547   0.0540393   
-0.0379467   -0.0375529   -0.0396985   -0.0313132   -0.0406206   -0.0480144   -0.052572   -0.0540991   -0.0504229   -0.0493773   -0.048371   -0.0459161   -0.0328475   -0.0140784   0.0026746   0.0139406   0.0233823   0.03368   0.0379706   

625000
-5   -4   -3   -1   0   1   2   3   4   5   6   7   8   9   10   11   12   13   14   15   16   
-0.368179   -0.257938   -0.138303   0.050535   0.208154   0.360477   0.489876   0.607288   0.694823   0.789669   0.884   0.978151   1.01837   1.02904   1.04141   1.0784   1.10588   1.09815   1.0732   1.01055   0.73677   
0.0173035   0.0142208   0.0123906   0.00859763   0.00872269   0.00827442   0.0078295   0.00787105   0.00960166   0.0113913   0.0138142   0.0157456   0.0179938   0.020019   0.023477   0.0270341   0.0334929   0.0421638   0.0535064   0.0743487   0.109334   
-0.0383621   -0.0380207   -0.0401083   -0.0314913   -0.0402642   -0.0487831   -0.0525739   -0.0537779   -0.0501432   -0.0488736   -0.0478916   -0.0460417   -0.0330513   -0.0142717   0.00270119   0.0138824   0.0233595   0.0335045   0.0379082   0.0317293   0.0195487   

630000
-5   -4   -3   -2   -1   0   1   2   3   4   5   6   7   8   9   10   11   12   16   
-0.366081   -0.255609   -0.136392   -0.073027   0.0512517   0.206736   0.360273   0.489191   0.605673   0.69334   0.787348   0.881777   0.978756   1.01937   1.03001   1.0416   1.07875   1.10623   0.599758   
0.0171989   0.0141883   0.0123356   0.00816908   0.00852581   0.00865028   0.00821586   0.00778842   0.00785687   0.00958281   0.0113678   0.0137749   0.0157154   0.0179486   0.0199767   0.0233559   0.0269307   0.0333701   0.133804   
-0.0387701   -0.0384945   -0.0404948   -0.0311435   -0.0316386   -0.039927   -0.0487279   -0.0524181   -0.0534285   -0.0498253   -0.0483587   -0.0473928   -0.0461655   -0.0332463   -0.0144635   0.00269877   0.0138208   0.0233309   0.00773902   

635000
-5   -4   -3   -1   1   2   3   4   5   6   7   8   9   10   11   12   13   14   15   16   
-0.363988   -0.253262   -0.13457   0.0451584   0.358662   0.488213   0.603992   0.691726   0.785739   0.879911   0.979351   1.02034   1.03095   1.0419   1.07894   1.1066   1.10269   0.938187   1.00787   0.776395   
0.017093   0.0141592   0.0122812   0.00850868   0.00817267   0.00774817   0.00784069   0.00956413   0.0113433   0.0137367   0.0156859   0.0179053   0.0199356   0.0232441   0.0268329   0.0332508   0.0415568   0.0496956   0.0747138   0.15202   
-0.0391732   -0.0389736   -0.0408612   -0.0303496   -0.0483754   -0.0521963   -0.0530647   -0.0494773   -0.0480049   -0.0469748   -0.0462876   -0.0334351   -0.014653   0.00267382   0.0137846   0.0232975   0.0331207   0.0436984   0.0317016   -0.00955815   

640000
-5   -4   -3   -1   0   1   2   3   4   5   6   7   8   9   10   11   12   13   14   
-0.361897   -0.250897   -0.132774   0.0450451   0.200259   0.3565   0.487069   0.602225   0.690015   0.784317   0.878082   0.978519   1.02127   1.03188   1.04228   1.07913   1.107   1.10521   1.07972   
0.0169861   0.0141328   0.0122269   0.00844519   0.00858757   0.00813819   0.00770814   0.00782535   0.00954544   0.0113185   0.0136995   0.0156476   0.017864   0.0198962   0.0231408   0.0267379   0.0331341   0.0412383   0.0526791   
-0.0395709   -0.0394579   -0.0412221   -0.0303221   -0.038524   -0.0479088   -0.0519366   -0.0526816   -0.0491076   -0.0476938   -0.0465654   -0.0460963   -0.0336171   -0.0148395   0.00263113   0.0137487   0.0232596   0.0329052   0.0377815   

645000
-5   -4   -3   -1   0   1   2   3   4   5   6   7   8   9   10   11   12   13   14   
-0.359804   -0.248518   -0.131015   0.0451434   0.198471   0.354664   0.485818   0.600391   0.688232   0.782684   0.876247   0.976497   1.02217   1.03277   1.04272   1.07934   1.10742   1.10781   1.07988   
0.0168788   0.014109   0.0121731   0.00837995   0.00852885   0.00809652   0.00766834   0.00781035   0.00952659   0.011294   0.0136631   0.0156025   0.0178245   0.0198584   0.0230443   0.0266458   0.0330192   0.0409169   0.0526782   
-0.0399623   -0.0399466   -0.0415749   -0.030339   -0.0381206   -0.0475064   -0.0516526   -0.0522837   -0.0487212   -0.0473347   -0.0461547   -0.0456439   -0.0337939   -0.0150215   0.002574   0.0137098   0.0232174   0.0326793   0.0377753   

650000
-5   -4   -3   -2   -1   1   2   3   4   5   6   7   8   9   10   11   12   13   14   15   
-0.357702   -0.246548   -0.129291   -0.0680587   0.0453135   0.352938   0.484493   0.598509   0.686391   0.78091   0.874404   0.974546   1.02304   0.964705   1.04321   1.07956   1.10786   1.11046   1.07911   0.999049   
0.0167737   0.0140288   0.0121196   0.00797694   0.00831414   0.00805181   0.00762864   0.0077959   0.00950765   0.0112695   0.0136274   0.0155592   0.0177862   0.00651742   0.0229545   0.0265572   0.0329056   0.0405963   0.0528077   0.0761401   
-0.0403465   -0.0403607   -0.0419204   -0.0321359   -0.030371   -0.0471244   -0.0513517   -0.0518748   -0.0483215   -0.0469437   -0.0457425   -0.0452075   -0.0339661   -0.00563129   0.00250636   0.0136664   0.0231714   0.0324454   0.0377899   0.0311715   

655000
-4   -3   -1   0   1   2   3   4   5   6   7   8   9   10   11   12   13   14   
-0.24459   -0.127601   0.0455201   0.195508   0.351255   0.483114   0.59659   0.684502   0.779036   0.872553   0.972635   1.02391   1.03444   1.04374   1.07982   1.10832   1.11282   1.07742   
0.0139473   0.0120665   0.00824818   0.00840492   0.00800538   0.00758906   0.00778185   0.00948844   0.011245   0.0135924   0.0155173   0.0177484   0.0197906   0.0228704   0.0264725   0.0327932   0.0403037   0.0530607   
-0.0407733   -0.0422587   -0.0304108   -0.0374448   -0.0467497   -0.0510383   -0.0514576   -0.047911   -0.0465302   -0.0453285   -0.0447801   -0.0341371   -0.0153666   0.00243032   0.0136158   0.023122   0.0322321   0.0378242   

660000
-5   -4   -2   0   1   2   3   4   5   6   7   8   9   10   11   12   13   14   
-0.353413   -0.242615   -0.0656527   0.194201   0.34959   0.481663   0.594637   0.682577   0.777101   0.870704   0.970748   1.02475   1.0352   1.04429   1.0801   1.1088   1.11445   1.07488   
0.0166023   0.0138687   0.00788714   0.00834183   0.00795784   0.00755076   0.00776816   0.0094692   0.0112206   0.0135567   0.0154762   0.0177115   0.0197616   0.0227913   0.0263935   0.0326806   0.0400656   0.053422   
-0.0411219   -0.0411895   -0.0326154   -0.0371445   -0.0463771   -0.0507103   -0.0510327   -0.0474919   -0.0461028   -0.0449143   -0.0443582   -0.0343051   -0.015526   0.00234781   0.013561   0.0230693   0.0320756   0.037869   

665000
-4   0   1   2   3   4   5   6   7   8   9   10   11   12   13   
-0.240625   0.192968   0.34793   0.479977   0.592656   0.680618   0.775122   0.86888   0.968922   1.02558   1.03589   1.04486   1.08038   1.10929   1.11603   
0.0137925   0.0082786   0.00790959   0.00752021   0.007755   0.00944969   0.0111962   0.0135175   0.0154339   0.0176755   0.0197369   0.0227164   0.0263208   0.0325683   0.0398378   
-0.0416088   -0.0368608   -0.0460046   -0.0503411   -0.0506015   -0.0470651   -0.0456653   -0.0445027   -0.0439504   -0.0344699   -0.0156731   0.00226017   0.0135035   0.0230134   0.0319219   

670000
-5   -4   -1   0   1   2   3   4   6   7   8   9   10   11   12   13   
-0.348995   -0.238627   0.0462246   0.191799   0.346273   0.478311   0.59066   0.678631   0.86704   0.96711   1.0264   1.03649   1.04544   1.08067   1.1098   1.11754   
0.0165135   0.0137183   0.00805164   0.00821542   0.00786088   0.00748844   0.00774172   0.00943001   0.013479   0.0153929   0.0176404   0.0197173   0.0226453   0.0262561   0.0324557   0.0396203   
-0.0419601   -0.0420299   -0.0305479   -0.0365912   -0.0456316   -0.049974   -0.050167   -0.0466316   -0.0440876   -0.0435457   -0.0346318   -0.015805   0.00216861   0.0134437   0.0229543   0.0317723   

675000
-5   -4   -3   -1   0   1   2   3   4   5   6   7   8   9   10   11   12   13   16   
-0.346749   -0.236627   -0.121162   0.0464489   0.190686   0.344629   0.476674   0.588699   0.676619   0.771106   0.865179   0.965293   1.02719   0.968782   0.975757   1.08097   1.11032   1.11895   0.924497   
0.0164973   0.013646   0.0118578   0.00798717   0.00815241   0.00781191   0.00745568   0.00772565   0.00941016   0.0111444   0.0134411   0.0153531   0.017606   0.00636731   0.00948805   0.0262007   0.0323432   0.0394167   0.108322   
-0.0423952   -0.0424513   -0.043543   -0.0305911   -0.0363344   -0.0452608   -0.0496118   -0.0497402   -0.0461922   -0.0447746   -0.0436683   -0.0431404   -0.0347912   -0.00641673   0.0105213   0.0133813   0.0228926   0.0316299   0.0114013   

680000
-5   -4   -3   -2   -1   0   1   2   3   4   5   6   7   8   9   10   11   12   13   14   15   16   
-0.344495   -0.234633   -0.119631   -0.0610341   0.04664   0.189622   0.34303   0.475044   0.58673   0.674586   0.769076   0.863293   0.963459   1.02797   0.969479   0.976301   1.08126   1.11085   1.12024   1.06286   1.00338   0.588202   
0.0164927   0.0135754   0.0118066   0.00772167   0.00792354   0.00808972   0.00776258   0.00742217   0.00770984   0.00939002   0.0111185   0.0134041   0.0153141   0.0175724   0.00634339   0.00940137   0.0261577   0.0322302   0.0392292   0.0549301   0.0755907   0.136513   
-0.0428383   -0.0428714   -0.0438473   -0.0335336   -0.0306272   -0.0360886   -0.0448997   -0.0492496   -0.0493118   -0.0457477   -0.0443238   -0.0432438   -0.0427314   -0.034948   -0.00655528   0.0104437   0.0133172   0.0228279   0.0314957   0.0379418   0.0301436   0.0067048   

685000
-4   -3   -2   -1   0   1   2   3   4   5   6   7   8   9   10   11   12   13   14   15   16   
-0.232681   -0.118131   -0.0599053   0.0468453   0.188605   0.341422   0.473419   0.584753   0.672532   0.767037   0.861377   0.961646   1.02874   1.03766   1.04723   1.08155   1.1114   1.12142   1.06592   0.902047   0.751518   
0.0135066   0.0117557   0.00768341   0.00786061   0.00802738   0.00771338   0.00738819   0.00769431   0.00936986   0.0110928   0.0133682   0.0152751   0.0175391   0.0196981   0.0224494   0.02613   0.0321168   0.0390594   0.0543305   0.067397   0.107606   
-0.0432817   -0.0441448   -0.0337579   -0.0306664   -0.0358538   -0.044536   -0.0488874   -0.0488813   -0.0452986   -0.0438707   -0.0428134   -0.0423274   -0.0351029   -0.0160845   0.00187638   0.0132511   0.0227607   0.0313711   0.0377979   0.0390631   0.0198758   

690000
-5   -4   -2   -1   0   1   2   3   4   5   6   7   8   9   10   11   12   13   14   15   
-0.339996   -0.23077   -0.058802   0.0470583   0.187632   0.339802   0.4718   0.584913   0.670466   0.765741   0.859429   0.959916   1.0295   1.03779   1.04784   1.08184   1.11196   1.12247   1.06865   1.00817   
0.0165037   0.0134393   0.00764529   0.00779816   0.00796559   0.00766424   0.00735373   0.00767973   0.00934942   0.0110705   0.0133335   0.0152355   0.0175067   0.0197081   0.0223885   0.0261226   0.032003   0.0389085   0.053843   0.0748523   
-0.043739   -0.0436826   -0.0339751   -0.0307072   -0.0356294   -0.0441694   -0.0485254   -0.0489318   -0.0448464   -0.0435888   -0.0423765   -0.0419419   -0.0352556   -0.0161311   0.00177486   0.013182   0.022691   0.0312555   0.0376859   0.0302067   

695000
-5   -4   -3   -2   -1   0   1   2   3   4   5   6   7   8   9   10   11   12   13   14   15   16   
-0.337757   -0.228918   -0.115224   -0.0577016   0.0472745   0.191933   0.338172   0.470185   0.58453   0.668387   0.764664   0.858116   0.958159   1.03024   1.03779   0.978048   1.08214   1.11254   1.12344   1.07113   1.01036   0.918843   
0.0165133   0.0133737   0.0116552   0.00760853   0.00773645   0.007932   0.00761521   0.00731893   0.00766571   0.00932876   0.0110493   0.0133022   0.015197   0.017475   0.0197281   0.00917237   0.0261435   0.0318887   0.0387781   0.0534266   0.0745073   0.109966   
-0.0441935   -0.0440694   -0.0447201   -0.0341921   -0.0307486   -0.0365831   -0.0438003   -0.0481635   -0.0488601   -0.0443908   -0.0433571   -0.0420842   -0.0415505   -0.0354058   -0.0161516   0.0101841   0.0131078   0.0226191   0.0311476   0.0375937   0.0302646   0.00999324   

700000
-5   -4   -3   -1   0   1   2   3   4   5   6   7   8   9   10   11   12   13   14   15   
-0.335525   -0.227153   -0.113816   0.0480128   0.192505   0.336536   0.468577   0.583552   0.667188   0.763336   0.856728   0.956366   1.03097   1.03764   1.04906   1.08247   1.11312   1.12434   1.07341   1.01257   
0.0165246   0.0133095   0.0116055   0.00768131   0.00787958   0.00756639   0.007284   0.00765223   0.00931112   0.011027   0.0132711   0.0151593   0.017444   0.019759   0.0222718   0.0262071   0.0317741   0.0386711   0.0530604   0.0741525   
-0.04465   -0.044436   -0.044998   -0.0309007   -0.0367042   -0.0434291   -0.0478021   -0.0486549   -0.0441366   -0.0430677   -0.0417749   -0.0411516   -0.0355536   -0.016146   0.00156702   0.0130219   0.0225449   0.0310451   0.0375157   0.0303414   

705000
-5   -4   -3   -1   0   1   2   4   5   6   7   8   9   11   12   13   14   15   
-0.333297   -0.225483   -0.112436   0.0495497   0.192461   0.334889   0.466972   0.666959   0.761868   0.855289   0.954532   1.03168   1.03735   1.08289   1.11371   1.12511   1.07554   0.61046   
0.0165371   0.0132468   0.0115563   0.00763563   0.00782462   0.00751804   0.00724883   0.00929736   0.011004   0.0132365   0.0151222   0.0174136   0.0198017   0.0263479   0.031659   0.0385956   0.0527334   0.122586   
-0.0451081   -0.0447801   -0.0452698   -0.0312221   -0.0366879   -0.0430556   -0.047441   -0.0441053   -0.0427459   -0.0414516   -0.0407439   -0.0356986   -0.0161158   0.0129093   0.0224686   0.0309543   0.0374473   0.0146154   

710000
-4   -1   0   1   2   3   4   5   6   7   8   9   10   11   12   13   14   15   16   
-0.223848   0.0506243   0.192212   0.333237   0.465374   0.580969   0.666052   0.760318   0.853791   0.95274   1.03237   1.03694   1.05029   1.08372   1.11432   1.12564   1.07757   1.01741   0.927322   
0.0131853   0.00758569   0.00776923   0.00747001   0.00721362   0.00762565   0.00928153   0.0109805   0.0132006   0.0150854   0.0173843   0.0198573   0.0221597   0.0267183   0.0315435   0.0385615   0.052431   0.0733617   0.108758   
-0.0451164   -0.0314456   -0.0366262   -0.0426806   -0.0470806   -0.0481033   -0.0439185   -0.0424053   -0.0411142   -0.0403455   -0.0358403   -0.0160629   0.00135359   0.0126906   0.0223903   0.0308834   0.0373863   0.0305622   0.00995496   

715000
-4   -3   -2   -1   0   1   2   3   4   5   6   7   8   9   10   11   12   13   14   15   
-0.222239   -0.109768   -0.0534198   0.0514599   0.191854   0.331582   0.463782   0.579594   0.664878   0.758719   0.852236   0.951081   1.03304   1.03642   1.05091   1.08453   1.11493   1.12587   1.07951   1.02018   
0.0131248   0.011459   0.00746928   0.00753398   0.00771368   0.0074221   0.00717848   0.00760868   0.00926466   0.010957   0.0131643   0.0150489   0.0173561   0.019927   0.0221053   0.0271163   0.0314282   0.0385799   0.0521441   0.0728993   
-0.0454465   -0.0457939   -0.035032   -0.0316182   -0.0365404   -0.0423047   -0.0467211   -0.0478086   -0.0436706   -0.0420533   -0.0407639   -0.0399768   -0.0359791   -0.0159916   0.00124504   0.0124824   0.0223104   0.0308386   0.0373312   0.0307096   

720000
-5   -4   -2   -1   0   1   2   3   4   5   6   7   8   9   10   11   12   13   14   
-0.327148   -0.220657   -0.0523635   0.0521496   0.191446   0.329928   0.462186   0.578142   0.663552   0.757088   0.85063   0.949385   1.0337   1.03583   1.05153   1.08409   1.11555   1.1257   1.0814   
0.0161769   0.0130653   0.00743686   0.00748151   0.00765852   0.00737465   0.00714374   0.00759218   0.00924705   0.0109333   0.0131278   0.0150135   0.0173287   0.020012   0.0220517   0.026959   0.0313125   0.0386648   0.0518767   
-0.0464385   -0.0457707   -0.035239   -0.03176   -0.0364439   -0.0419289   -0.046361   -0.0474964   -0.0433879   -0.0416938   -0.0404019   -0.0396001   -0.0361145   -0.0159084   0.00113538   0.0125834   0.0222287   0.0308276   0.0372787   

725000
-5   -4   -3   -2   -1   0   1   2   3   4   5   6   7   8   9   11   12   13   14   15   16   
-0.325173   -0.219103   -0.107224   -0.0513165   0.0527421   0.191026   0.328281   0.46048   0.576632   0.662127   0.755434   0.848975   0.947659   1.03433   1.03694   1.08378   1.11617   1.12499   1.08326   1.02687   0.782289   
0.0160357   0.0130066   0.0113634   0.00740517   0.00742873   0.00760361   0.00732758   0.00711433   0.00757583   0.00922892   0.0109096   0.0130914   0.014979   0.0173026   0.0199578   0.0268096   0.0311967   0.0388354   0.051616   0.0717696   0.152077   
-0.0468688   -0.0460887   -0.0462911   -0.0354439   -0.0318812   -0.0363452   -0.0415546   -0.0459842   -0.0471713   -0.0430823   -0.0413289   -0.040029   -0.0392169   -0.036246   -0.0161122   0.0126613   0.0221456   0.0308619   0.0372282   0.0311021   -0.0105649   

730000
-5   -4   -3   -2   -1   0   1   2   3   4   5   6   7   8   9   10   11   12   13   14   15   
-0.323173   -0.21758   -0.105995   -0.0503123   0.0532625   0.19058   0.326651   0.458811   0.575078   0.660633   0.753765   0.847278   0.945907   1.03494   1.03823   0.98229   1.08358   1.11681   1.12355   1.08512   1.03092   
0.0159133   0.0129488   0.0113162   0.00737294   0.00737588   0.00754919   0.0072808   0.00708431   0.00755986   0.00921037   0.0108858   0.0130553   0.0149453   0.0172778   0.0198909   0.00875043   0.0266679   0.0310815   0.0391174   0.0513587   0.0710828   
-0.0473017   -0.0463995   -0.0465306   -0.0356383   -0.031987   -0.0362409   -0.0411839   -0.0456146   -0.0468363   -0.0427606   -0.0409602   -0.0396472   -0.038828   -0.0363733   -0.0163481   0.00951463   0.0127195   0.022061   0.0309555   0.0371784   0.0313475   

735000
-5   -4   -2   -1   0   1   2   3   4   5   6   7   8   9   10   11   12   13   14   15   16   
-0.321161   -0.216085   -0.0493072   0.0537275   0.190114   0.324939   0.457163   0.573492   0.659097   0.752082   0.845555   0.944133   1.03552   1.0395   1.05341   1.08348   1.11744   1.12117   1.08699   1.03552   0.580122   
0.0158018   0.0128918   0.00734189   0.00732312   0.00749511   0.0072368   0.00705395   0.00754422   0.00919151   0.0108619   0.0130198   0.0149124   0.0172545   0.0198282   0.0218955   0.0265332   0.0309666   0.0395355   0.0511024   0.070306   0.138523   
-0.0477355   -0.046704   -0.0358333   -0.0320812   -0.0361326   -0.0407976   -0.0452481   -0.0464937   -0.042429   -0.0405885   -0.0392599   -0.0384346   -0.0364955   -0.0165812   0.000799815   0.0127603   0.0219754   0.031125   0.0371279   0.0316265   0.00591436   

740000
-5   -4   -3   -2   -1   0   1   2   3   4   5   6   7   8   9   10   11   12   14   15   
-0.31915   -0.214617   -0.103623   -0.0518283   0.0541478   0.189641   0.322586   0.459844   0.571878   0.657518   0.750391   0.843811   0.942658   1.03607   1.04075   1.05403   1.08347   1.11808   1.0889   1.0407   
0.0156978   0.0128356   0.011223   0.00743089   0.0072707   0.00744149   0.00720807   0.00702264   0.00752887   0.00917257   0.010838   0.0129848   0.0148805   0.0172332   0.0197693   0.0218448   0.0264051   0.030852   0.0508431   0.0694345   
-0.0481679   -0.0470023   -0.0469908   -0.0353311   -0.0321658   -0.0360231   -0.0402856   -0.045855   -0.046145   -0.0420876   -0.0402145   -0.0388683   -0.0381081   -0.0366115   -0.0168114   0.000685893   0.0127864   0.0218888   0.0370762   0.0319379   

745000
-8   -5   -4   -2   -1   0   1   2   3   4   5   7   8   9   10   11   12   13   14   15   16   
-0.505941   -0.317157   -0.213177   -0.0491305   0.0545334   0.189169   0.320454   0.460167   0.570259   0.655934   0.748691   0.941211   1.03659   1.04197   1.05466   1.08353   1.11872   1.11454   1.09087   1.04653   0.942645   
0.042039   0.0155994   0.0127801   0.00734273   0.00721845   0.00738835   0.00717474   0.00699104   0.00751373   0.00915163   0.0108139   0.0148496   0.0172139   0.0197141   0.0217947   0.0262832   0.0307381   0.0405314   0.0505791   0.068457   0.105908   
-0.0724858   -0.0485951   -0.0472946   -0.0358604   -0.0322431   -0.035914   -0.0398173   -0.0459305   -0.0457949   -0.0417438   -0.0398384   -0.0377878   -0.0367209   -0.0170377   0.000571025   0.0128   0.0218011   0.0316136   0.037022   0.0322824   0.0109764   

750000
-5   -4   -3   -2   -1   0   1   2   3   4   5   6   7   8   9   10   11   12   13   14   15   16   
-0.315206   -0.211766   -0.101372   -0.0502728   0.0548911   0.1887   0.318477   0.459687   0.568624   0.654325   0.746982   0.840346   0.939746   1.03585   1.04317   1.05529   1.08364   1.11936   1.11565   1.0929   1.05327   0.94687   
0.0155057   0.0127254   0.0111315   0.00738877   0.00716666   0.00733582   0.00713886   0.00695945   0.00749899   0.00913062   0.0107897   0.0129101   0.0148192   0.0171809   0.0196618   0.0217454   0.0261672   0.0306246   0.0401982   0.0503084   0.067334   0.104965   
-0.049012   -0.0475802   -0.0474249   -0.0356278   -0.0323145   -0.0358063   -0.0393812   -0.0458249   -0.0454415   -0.0413938   -0.0394599   -0.0380856   -0.0374635   -0.0365554   -0.0172606   0.000455377   0.0128031   0.021713   0.0315347   0.0369649   0.0326791   0.011452   

755000
-5   -4   -3   -2   -1   0   1   2   3   4   5   6   7   8   9   10   11   12   13   14   15   16   
-0.313329   -0.210384   -0.100287   -0.0493691   0.0552236   0.188241   0.316642   0.458952   0.566973   0.652695   0.745261   0.838608   0.938264   1.03431   1.04434   1.05592   1.08381   1.12001   1.11679   1.09501   1.06078   0.953235   
0.0154161   0.0126714   0.0110864   0.00736601   0.00711532   0.00728365   0.00710129   0.00692791   0.00748442   0.00910954   0.0107654   0.0128725   0.0147897   0.0171392   0.0196123   0.0216961   0.0260569   0.0305131   0.0398962   0.0500299   0.0661081   0.103533   
-0.0494111   -0.0478594   -0.0476331   -0.035802   -0.0323806   -0.0357009   -0.0389755   -0.0456614   -0.0450843   -0.041039   -0.0390787   -0.0376927   -0.0371355   -0.0362096   -0.0174798   0.000339891   0.0127972   0.0216243   0.0314506   0.0369042   0.0331036   0.0122141   

760000
-5   -4   -3   -2   -1   0   1   2   4   5   6   7   8   9   11   12   13   14   16   
-0.311565   -0.209029   -0.0992282   -0.0485193   0.055531   0.187797   0.314956   0.458078   0.65105   0.743528   0.836857   0.936767   1.03278   1.04549   1.08401   1.12056   1.11795   1.09719   0.965402   
0.0153307   0.012618   0.0110417   0.00734171   0.00706448   0.00723215   0.00706259   0.00689638   0.00908834   0.0107409   0.0128363   0.014761   0.0170999   0.0195654   0.0259509   0.0304068   0.0396192   0.0497407   0.100783   
-0.0497838   -0.0481324   -0.0478359   -0.0359636   -0.0324412   -0.0355995   -0.0386026   -0.0454659   -0.0406807   -0.0386948   -0.0372975   -0.0368043   -0.0358688   -0.0176955   0.0127828   0.0215478   0.0313635   0.0368399   0.0137251   

765000
-5   -4   -1   0   1   2   3   4   5   6   7   8   9   10   11   12   13   14   15   16   
-0.309875   -0.207703   0.0558148   0.187372   0.3134   0.457116   0.563708   0.649396   0.742369   0.835146   0.935259   1.03126   1.04661   0.986579   1.08426   1.12104   1.11911   1.09947   1.07613   1.01384   
0.0152484   0.0125653   0.00701406   0.00718126   0.00702271   0.00686505   0.00745244   0.00906702   0.0107201   0.0128018   0.0147328   0.0170628   0.0195206   0.00840015   0.02585   0.0303051   0.0393642   0.049445   0.0636583   0.090138   
-0.050139   -0.0483993   -0.0324968   -0.0355026   -0.038259   -0.0452503   -0.0443771   -0.0403201   -0.038443   -0.0369122   -0.0364704   -0.0355314   -0.0179075   0.00880019   0.0127622   0.0214803   0.0312746   0.0367707   0.0338837   0.0197667   

770000
-5   -4   -3   -1   0   1   2   3   4   5   6   7   8   9   10   11   12   13   14   15   16   
-0.308215   -0.206406   -0.097251   0.056076   0.186958   0.31191   0.456089   0.562096   0.647737   0.741933   0.834245   0.93374   1.02975   1.04771   0.987193   1.08453   1.12153   1.12026   1.10183   1.08073   1.0233   
0.0151687   0.0125133   0.0109544   0.00696428   0.0071308   0.00698253   0.00683376   0.00743491   0.00904568   0.0107044   0.0127762   0.0147051   0.0170281   0.0194779   0.00835347   0.0257532   0.0302041   0.0391261   0.049138   0.0629407   0.0881791   
-0.0504869   -0.0486594   -0.0482104   -0.0325474   -0.0354086   -0.0379296   -0.0450199   -0.0440279   -0.039958   -0.0383583   -0.0367136   -0.0361341   -0.035196   -0.0181164   0.00869521   0.0127355   0.0214122   0.031185   0.036697   0.0340396   0.0207949   

775000
-10   -5   -4   -3   -2   -1   0   1   2   3   4   5   6   7   8   9   10   12   13   14   15   
-0.461232   -0.306589   -0.205139   -0.0963103   -0.0458717   0.0563272   0.186556   0.310479   0.455017   0.560476   0.646087   0.741122   0.833162   0.932215   1.02824   1.04879   1.05846   1.12201   1.1214   1.10428   1.08509   
0.0761541   0.0150911   0.012462   0.0109114   0.00726981   0.00691507   0.00708116   0.00694212   0.00680274   0.00741777   0.00902438   0.0106856   0.0127489   0.0146784   0.0169957   0.019437   0.0215056   0.0301043   0.038903   0.0488224   0.0622706   
-0.0674699   -0.0508271   -0.0489127   -0.0483872   -0.0364685   -0.032596   -0.0353177   -0.0376129   -0.0447786   -0.0436766   -0.0395978   -0.0381864   -0.0364729   -0.0357968   -0.0348616   -0.018322   -0.000127556   0.0213441   0.0310949   0.0366183   0.0341732   

780000
-5   -4   -1   0   1   2   3   4   5   6   7   8   9   10   11   12   13   14   15   
-0.304994   -0.203896   0.0565663   0.186164   0.309101   0.45381   0.55885   0.644449   0.740141   0.83198   0.930709   1.02673   1.04986   0.988421   1.08516   1.1225   1.12253   1.1068   1.08914   
0.0150154   0.0124112   0.00686646   0.00703191   0.00690156   0.00677455   0.00740095   0.00900313   0.0106645   0.0127209   0.0146525   0.0169657   0.0193976   0.00826227   0.0255712   0.0300063   0.038694   0.0484978   0.061649   
-0.05116   -0.0491609   -0.0326421   -0.0352294   -0.0373081   -0.0445118   -0.0433238   -0.0392402   -0.0379742   -0.0362097   -0.0354633   -0.034527   -0.0185248   0.00848331   0.012668   0.0212757   0.0310052   0.0365346   0.0342866   

785000
-8   -5   -4   -3   -2   -1   0   1   2   3   4   5   6   7   8   9   10   11   12   14   17   
-0.494904   -0.303455   -0.202683   -0.0945063   -0.044166   0.0567942   0.185783   0.307798   0.452547   0.557218   0.64282   0.739036   0.83074   0.92922   1.02523   1.0509   1.05972   1.0855   1.12298   1.1094   0.589372   
0.0387336   0.0149418   0.012361   0.010827   0.0072218   0.00681845   0.00698344   0.00686097   0.00674744   0.00738436   0.00898192   0.0106431   0.0126926   0.0146275   0.0169375   0.0193597   0.0214161   0.0254854   0.0299098   0.0481693   0.147059   
-0.0757002   -0.0514801   -0.0494023   -0.0487242   -0.0367916   -0.0326858   -0.0351438   -0.0370199   -0.0442333   -0.0429696   -0.0388841   -0.0377339   -0.0359329   -0.0351337   -0.0341968   -0.0187247   -0.000361994   0.0126285   0.0212073   0.0364452   -0.000213091   

790000
-5   -4   -3   -2   -1   0   1   2   3   4   5   6   7   8   9   10   11   12   13   14   15   17   
-0.301961   -0.201498   -0.0936394   -0.0433084   0.0570123   0.18476   0.306557   0.451276   0.555582   0.641198   0.737846   0.82946   0.927746   1.02374   1.05192   1.06033   1.08585   1.12346   1.12473   1.11203   1.09615   0.588181   
0.01487   0.0123115   0.0107855   0.00719848   0.00677107   0.00694643   0.00682044   0.00672031   0.00736806   0.00896077   0.0106213   0.0126643   0.0146031   0.0169116   0.0193232   0.0213732   0.0254026   0.029815   0.0383104   0.047833   0.0605859   0.147358   
-0.0517894   -0.0496373   -0.0488851   -0.0369542   -0.0327274   -0.0349242   -0.0367457   -0.0439523   -0.0426142   -0.0385296   -0.037474   -0.0356472   -0.0348073   -0.0338704   -0.0189222   -0.000478425   0.0125859   0.0211385   0.0308274   0.0363516   0.0344513   -0.000313712   

795000
-5   -4   -3   -1   0   1   2   3   4   5   6   7   8   9   10   11   12   13   14   15   
-0.300503   -0.200341   -0.09602   0.0572208   0.183168   0.305363   0.449999   0.553942   0.639585   0.736596   0.828154   0.926283   1.02225   1.05294   0.990292   1.08622   1.12394   1.1258   1.11469   1.09923   
0.0147996   0.0122625   0.0108029   0.00672434   0.00691925   0.00677983   0.00669294   0.00735212   0.00893959   0.0105993   0.0126361   0.0145796   0.0168888   0.0192877   0.00812782   0.0253225   0.0297221   0.038133   0.047495   0.0601219   
-0.0520907   -0.0498663   -0.0483551   -0.0327669   -0.0345857   -0.036482   -0.043669   -0.042258   -0.038177   -0.0372005   -0.0353555   -0.0344835   -0.0335434   -0.0191175   0.00816186   0.0125407   0.0210693   0.0307396   0.036253   0.034519   

800000
-5   -4   -3   -2   -1   0   1   2   3   4   5   6   7   8   9   10   11   12   13   14   15   
-0.299078   -0.19921   -0.0984273   -0.0415751   0.0580967   0.182104   0.304219   0.448738   0.552299   0.63798   0.735298   0.826829   0.92483   1.02075   1.05393   1.06154   1.08659   1.12443   1.12686   1.11739   1.10215   
0.0147306   0.0122141   0.0108183   0.00715377   0.0066873   0.00688385   0.00673934   0.00666559   0.00733628   0.00891856   0.0105768   0.012608   0.0145566   0.0168687   0.0192533   0.0212914   0.025245   0.029631   0.0379637   0.0471557   0.0596799   
-0.0523842   -0.0500894   -0.0478202   -0.0372837   -0.0329466   -0.034358   -0.0362292   -0.0433887   -0.0419011   -0.0378257   -0.036916   -0.0350596   -0.0341616   -0.0332152   -0.0193107   -0.000708088   0.0124931   0.0209989   0.0306524   0.0361498   0.0345919   

805000
-8   -5   -4   -3   -2   -1   0   1   2   3   4   5   6   7   8   9   10   11   12   13   14   15   
-0.490118   -0.297684   -0.19811   -0.0926299   -0.0407717   0.0588876   0.181245   0.303126   0.44749   0.550655   0.636382   0.733957   0.825509   0.923384   1.01924   1.05492   1.06212   1.08697   1.12493   1.1279   1.12011   1.10471   
0.0371018   0.0146627   0.0121661   0.0106911   0.00713054   0.00664974   0.00684542   0.00669904   0.00663825   0.00732093   0.00889756   0.0105543   0.0125782   0.0145342   0.0168513   0.0192198   0.0212528   0.0251696   0.0295416   0.0378014   0.0468131   0.0592908   
-0.0770648   -0.0526703   -0.0503057   -0.0490298   -0.0374344   -0.0331085   -0.034174   -0.0359883   -0.0431107   -0.0415436   -0.0374761   -0.0366215   -0.0347634   -0.0338413   -0.0328858   -0.0195022   -0.000820409   0.0124436   0.0209264   0.0305658   0.0360433   0.03466   

810000
-7   -5   -4   -3   -1   0   1   2   3   4   5   6   8   9   10   11   12   13   14   15   
-0.471793   -0.296321   -0.197043   -0.090431   0.0595592   0.180505   0.302081   0.446235   0.549009   0.634792   0.732582   0.824189   1.01771   1.05589   1.06269   1.08737   1.12544   1.12892   1.12283   0.916019   
0.0267347   0.014596   0.0121186   0.0106239   0.00661119   0.00680571   0.00665889   0.00661102   0.0073059   0.00887661   0.0105317   0.0125475   0.0168366   0.019187   0.0212161   0.0250964   0.0294546   0.0376453   0.0464713   0.0650131   
-0.0622825   -0.0529495   -0.0505151   -0.0494724   -0.0332454   -0.0340153   -0.035758   -0.0428305   -0.0411858   -0.0371279   -0.0363194   -0.0344662   -0.0325546   -0.0196922   -0.000930507   0.0123922   0.0208531   0.0304797   0.0359327   0.0382274   

815000
-10   -5   -4   -1   0   1   2   3   4   5   6   7   8   9   10   11   12   13   14   15   
-0.442199   -0.29499   -0.196005   0.0601443   0.179846   0.301073   0.444974   0.547363   0.633209   0.73118   0.822859   0.92053   1.01618   1.05686   1.06324   1.08776   1.12593   1.12993   1.12554   1.10831   
0.0746031   0.0145303   0.0120716   0.00657213   0.00676525   0.00661899   0.00658384   0.0072911   0.00885566   0.0105087   0.0125169   0.014488   0.0168248   0.0191549   0.0211817   0.0250249   0.0293705   0.0374946   0.0461339   0.0587397   
-0.0710823   -0.053221   -0.0507177   -0.033364   -0.0338738   -0.0355363   -0.0425483   -0.0408278   -0.0367811   -0.0360109   -0.0341668   -0.0332078   -0.0322222   -0.0198815   -0.0010378   0.0123394   0.0207805   0.030394   0.0358182   0.0347692   

820000
-10   -5   -4   -1   0   1   2   4   5   6   7   8   9   10   11   12   13   14   15   
-0.441128   -0.293694   -0.194996   0.0606615   0.179245   0.300104   0.443708   0.631632   0.729756   0.82152   0.919219   1.01465   1.05782   1.06376   1.08816   1.12642   1.13093   1.1282   1.10922   
0.0745791   0.0144656   0.0120252   0.00653278   0.00672438   0.00657944   0.00655688   0.00883476   0.0104857   0.0124866   0.0144521   0.0168161   0.0191234   0.0211494   0.0249548   0.0292895   0.037348   0.0458012   0.0585909   
-0.071341   -0.0534843   -0.050914   -0.0334684   -0.033745   -0.0353234   -0.0422644   -0.0364355   -0.0356975   -0.0338655   -0.0329116   -0.031892   -0.0200696   -0.00114138   0.012285   0.0207086   0.0303083   0.0357012   0.0348104   

825000
-10   -5   -4   -1   0   1   2   3   4   5   6   7   8   9   10   11   12   13   14   15   16   
-0.352575   -0.292431   -0.194014   0.0611261   0.178694   0.299172   0.442436   0.54413   0.630063   0.72833   0.820171   0.917906   1.01312   1.05877   1.06426   1.08857   1.1269   1.13193   1.13084   1.10947   1.03673   
0.0647795   0.0144018   0.0119793   0.00649331   0.0066833   0.00654015   0.00653012   0.00725986   0.00881381   0.0104627   0.0124565   0.0144166   0.0168108   0.0190925   0.0211198   0.0248863   0.0292121   0.037205   0.0454741   0.0585371   0.0851604   
-0.0739255   -0.0537399   -0.0511043   -0.0335617   -0.0336272   -0.0351191   -0.041979   -0.0401244   -0.0360914   -0.0353834   -0.033562   -0.0326151   -0.0315634   -0.0202567   -0.00124075   0.0122295   0.0206379   0.0302223   0.0355816   0.0348422   0.0223646   

830000
-5   -4   -1   0   1   2   3   4   5   6   7   9   10   11   12   13   14   15   16   
-0.2912   -0.193056   0.0615445   0.178186   0.298274   0.441146   0.542564   0.628509   0.726905   0.818813   0.916591   1.05972   0.994541   1.08898   1.12736   1.13292   1.13344   1.10901   1.03876   
0.0143389   0.011934   0.00645382   0.00664207   0.00650117   0.00650405   0.00724301   0.00879295   0.0104398   0.0124266   0.0143815   0.0190621   0.00784587   0.0248191   0.0291385   0.0370651   0.0451543   0.0585821   0.084885   
-0.0539882   -0.0512893   -0.0336452   -0.0335187   -0.0349224   -0.04169   -0.0397835   -0.035751   -0.0350693   -0.0332566   -0.0323182   -0.0204431   0.0074133   0.0121727   0.0205685   0.0301361   0.0354602   0.0348638   0.0223486   

835000
-5   -4   -2   -1   0   1   2   3   4   5   6   7   8   9   10   11   12   13   14   16   
-0.289998   -0.192125   -0.0360056   0.0619246   0.177715   0.297409   0.439801   0.545293   0.626963   0.725483   0.817445   0.915272   1.01017   1.06066   1.06515   1.0894   1.12781   1.1339   1.13547   1.04065   
0.0142768   0.0118893   0.00700099   0.00641442   0.00660105   0.00646263   0.00647948   0.00724056   0.00877207   0.0104169   0.0123969   0.0143469   0.01681   0.0190321   0.0210703   0.0247531   0.0290694   0.0369277   0.0448936   0.0846169   
-0.0542294   -0.0514682   -0.0383282   -0.0337206   -0.0334185   -0.0347336   -0.041392   -0.0404189   -0.035412   -0.0347557   -0.0329492   -0.0320206   -0.0309328   -0.0206287   -0.00142373   0.012115   0.0205008   0.0300494   0.0353531   0.022347   

840000
-7   -5   -4   -3   -1   0   1   2   3   4   5   6   7   8   9   10   11   12   13   14   16   
-0.458045   -0.28883   -0.191223   -0.0939248   0.0622796   0.177275   0.30242   0.438456   0.544931   0.625422   0.724068   0.816072   0.913948   1.0089   1.06159   1.06553   1.08981   1.12824   1.13488   1.13747   1.04244   
0.0280012   0.0142154   0.0118452   0.0105372   0.00637521   0.00656   0.00645345   0.00645494   0.00722894   0.00875118   0.0103942   0.0123676   0.0143126   0.0167913   0.0190026   0.0210513   0.0246882   0.0290055   0.0367924   0.0446397   0.0843663   
-0.0643777   -0.0544628   -0.0516405   -0.0486051   -0.0337908   -0.0333252   -0.0358553   -0.0410934   -0.040352   -0.035074   -0.0344436   -0.0326407   -0.0317222   -0.0306542   -0.0208138   -0.00150504   0.0120562   0.0204354   0.0299621   0.035245   0.0223545   

845000
-5   -4   -3   -2   -1   0   1   2   3   4   5   6   7   8   9   10   11   12   13   14   16   
-0.287696   -0.19035   -0.0933522   -0.0344576   0.0626124   0.176861   0.302193   0.437111   0.544146   0.623885   0.722662   0.814689   0.912926   1.00801   1.06252   1.06587   1.09023   1.12864   1.13586   1.13942   1.04413   
0.0141548   0.0118016   0.0105018   0.0069615   0.00633622   0.00651916   0.00641882   0.00643054   0.00721645   0.00873033   0.0103715   0.0123385   0.0142793   0.016736   0.0189736   0.0210364   0.0246243   0.0289466   0.0366585   0.0443913   0.0841316   
-0.0546881   -0.0518064   -0.0487052   -0.0386178   -0.0338564   -0.0332378   -0.0358087   -0.0407942   -0.0401891   -0.0347367   -0.0341332   -0.0323302   -0.0314913   -0.0304363   -0.0209983   -0.00157857   0.0119965   0.0203727   0.029874   0.0351371   0.0223697   

850000
-5   -4   -1   0   1   2   3   4   5   6   7   8   9   10   11   12   13   14   15   16   
-0.286594   -0.189504   0.0629214   0.176471   0.301844   0.435766   0.543183   0.625251   0.721265   0.813298   0.91203   1.0071   1.06344   1.06615   1.09066   1.12902   1.13684   1.14131   1.10352   1.04571   
0.014095   0.0117586   0.00629754   0.00647864   0.00638391   0.00640624   0.00720385   0.00873022   0.0103489   0.0123096   0.0142467   0.0166821   0.0189447   0.0210269   0.0245614   0.028894   0.0365259   0.0441489   0.059306   0.0838985   
-0.0549058   -0.0519662   -0.0339169   -0.0331556   -0.0357349   -0.0404942   -0.0399858   -0.0350697   -0.0338248   -0.0320181   -0.0312889   -0.0302176   -0.0211823   -0.00164296   0.011936   0.0203135   0.0297852   0.0350299   0.0347852   0.022394   

855000
-5   -4   -1   0   1   2   3   4   5   6   7   8   9   10   11   12   13   14   15   16   17   
-0.285522   -0.188684   0.0632108   0.176106   0.30134   0.43442   0.542112   0.624754   0.71988   0.811899   0.911081   1.00619   1.06436   1.06638   1.09108   1.12936   1.13782   1.14316   1.10568   1.04724   0.891672   
0.0140357   0.0117163   0.00625913   0.00643827   0.00634985   0.00638209   0.00719113   0.00871771   0.0103264   0.0122809   0.0142144   0.0166297   0.0189164   0.0210227   0.0244992   0.0288483   0.0363945   0.0439144   0.0590067   0.08368   0.13848   
-0.0551166   -0.05212   -0.0339734   -0.0330792   -0.0356277   -0.0401935   -0.0397577   -0.0349731   -0.033519   -0.0317042   -0.0310746   -0.0299977   -0.0213655   -0.00169798   0.0118747   0.0202583   0.0296956   0.0349231   0.0347264   0.0224235   -0.00765438   

860000
-5   -4   -3   -2   -1   0   1   2   3   4   5   6   7   8   9   10   11   12   13   14   15   16   17   
-0.28448   -0.187888   -0.0916819   -0.0323195   0.0634824   0.175772   0.300133   0.433072   0.540969   0.623924   0.7185   0.810492   0.91009   1.00527   1.0653   1.06654   1.09151   1.12967   1.1388   1.14495   1.10779   1.0487   0.963286   
0.0139772   0.0116745   0.0103973   0.006901   0.00622104   0.0063982   0.00632276   0.00635814   0.00717862   0.00870278   0.0103039   0.0122525   0.0141824   0.0165784   0.0188878   0.0210247   0.0244378   0.0288102   0.0362641   0.0436861   0.058718   0.0834639   0.118984   
-0.05532   -0.0522685   -0.0489955   -0.0390128   -0.0340261   -0.0330098   -0.0353717   -0.039892   -0.0395136   -0.0347995   -0.033214   -0.0313888   -0.0308512   -0.029777   -0.0215525   -0.0017422   0.0118126   0.0202079   0.0296051   0.0348173   0.0346773   0.0224598   0.00255947   

865000
-5   -4   -3   -2   -1   0   1   2   3   4   5   6   7   8   9   10   11   12   13   14   15   16   17   
-0.283469   -0.187147   -0.0911392   -0.0315921   0.0637381   0.175467   0.299073   0.431725   0.539774   0.622953   0.717122   0.809078   0.909067   1.00434   1.06625   1.06664   1.09194   1.12992   1.13978   1.14671   1.10984   1.05011   0.96469   
0.0139192   0.0116338   0.0103629   0.00688249   0.0061833   0.00635842   0.00629453   0.00633443   0.00716623   0.00868695   0.0102815   0.0122243   0.0141506   0.0165282   0.0188594   0.0210337   0.0243772   0.0287824   0.0361343   0.0434655   0.0584427   0.0832372   0.118778   
-0.0555159   -0.0524051   -0.0490894   -0.0391477   -0.0340754   -0.0329471   -0.0351467   -0.0395901   -0.0392575   -0.0345933   -0.0329096   -0.0310719   -0.0306207   -0.029555   -0.0217408   -0.00177525   0.0117498   0.0201629   0.0295137   0.0347117   0.0346359   0.0225054   0.00257819   

870000
-4   -1   0   1   2   3   4   5   6   7   8   9   10   11   12   13   14   15   16   17   
-0.186433   0.0639798   0.175184   0.298114   0.430379   0.538577   0.621896   0.715747   0.807682   0.908016   1.00341   1.06719   1.06666   1.01822   1.13012   1.14076   1.14844   1.11181   1.05152   0.966024   
0.0115938   0.00614593   0.00631897   0.00626555   0.00631093   0.0071527   0.00867042   0.0102591   0.0121938   0.014119   0.0164791   0.0188313   0.0210504   0.0113898   0.0287653   0.0360052   0.0432484   0.0581751   0.0830314   0.11859   
-0.0525353   -0.0341218   -0.0328894   -0.0349434   -0.0392879   -0.0390004   -0.0343672   -0.0326057   -0.0307572   -0.0303842   -0.0293318   -0.0219287   -0.00179632   0.0195772   0.0201246   0.0294214   0.0346071   0.034603   0.0225534   0.00260374   

875000
-5   -4   -1   0   1   2   3   4   5   6   7   8   9   10   11   12   13   14   15   16   17   
-0.281542   -0.185748   0.0642074   0.174921   0.297233   0.429034   0.537419   0.620784   0.714374   0.806287   0.906943   1.0025   1.06813   1.06661   1.09281   1.13026   1.14175   1.15018   1.11371   1.05291   0.967284   
0.0138054   0.0115545   0.00610895   0.00627987   0.00623618   0.00628763   0.00713708   0.00865348   0.0102367   0.0121628   0.0140875   0.0164309   0.0188034   0.0210757   0.0242576   0.0287615   0.0358766   0.0430346   0.057921   0.0828023   0.118412   
-0.055885   -0.0526592   -0.0341652   -0.0328363   -0.0347566   -0.0389859   -0.0387515   -0.034128   -0.0323019   -0.0304423   -0.0301428   -0.0291158   -0.0221166   -0.00180537   0.011622   0.0200943   0.0293281   0.0345021   0.0345753   0.0226124   0.00262998   

880000
-5   -4   -3   -1   0   1   2   3   4   5   6   7   8   9   10   11   12   13   14   15   16   17   
-0.280622   -0.185085   -0.0895973   0.0644212   0.174675   0.296408   0.427695   0.536226   0.61963   0.713001   0.804896   0.905851   1.00167   1.06906   1.06648   1.09324   1.13031   1.14274   1.15189   1.11554   0.574824   0.968478   
0.0137495   0.0115156   0.0102617   0.00607234   0.00624117   0.00620625   0.00626462   0.00712156   0.0086362   0.0102143   0.0121322   0.0140563   0.0163835   0.0187761   0.0211109   0.0241986   0.0287746   0.0357486   0.0428245   0.0576784   0.140028   0.118227   
-0.0560592   -0.052778   -0.0493523   -0.0342057   -0.0327872   -0.0345818   -0.0386847   -0.0384944   -0.0338794   -0.0319983   -0.0301286   -0.0298972   -0.0289164   -0.0223034   -0.00180199   0.011557   0.0200736   0.029234   0.0343987   0.0345525   0.00517061   0.00266383   

885000
-5   -4   -3   -2   -1   0   1   2   3   5   6   7   8   9   10   11   12   13   14   15   16   17   
-0.279729   -0.184447   -0.0891107   -0.0289307   0.0646212   0.175884   0.295634   0.426354   0.535005   0.711629   0.804214   0.904747   1.00082   1.06999   1.06627   1.09368   1.13025   1.14373   1.15353   1.11729   1.05573   0.969633   
0.0136945   0.0114775   0.0102285   0.00680907   0.00603613   0.00621748   0.00617618   0.00624202   0.00710629   0.0101919   0.0121125   0.0140253   0.0163371   0.0187488   0.0211575   0.0241401   0.0288093   0.0356212   0.0426225   0.0574441   0.0823475   0.11806   
-0.0562264   -0.0528911   -0.0494339   -0.0396341   -0.0342433   -0.0330514   -0.034418   -0.038384   -0.038231   -0.0316946   -0.02998   -0.0296491   -0.0287137   -0.0224903   -0.00178645   0.0114913   0.0200652   0.0291388   0.0342981   0.0345347   0.0227476   0.00269738   

890000
-5   -4   -3   -2   -1   0   1   2   3   5   6   7   8   9   10   12   13   14   15   16   17   
-0.278869   -0.183833   -0.0886375   -0.0282645   0.0648063   0.176857   0.294913   0.424999   0.53376   0.710256   0.8035   0.903637   0.999953   1.07091   1.06599   1.13006   1.14472   1.15511   1.11898   0.762695   0.970758   
0.0136404   0.01144   0.0101956   0.00679234   0.00600032   0.00619166   0.00614598   0.00622002   0.00709123   0.0101695   0.0120923   0.0139946   0.0162915   0.0187221   0.0212176   0.0288733   0.0354936   0.0424315   0.0572183   0.160086   0.117892   
-0.0563855   -0.052999   -0.0495127   -0.0397559   -0.0342776   -0.0332648   -0.0342656   -0.0380829   -0.037962   -0.0313908   -0.029824   -0.0293997   -0.0285082   -0.0226764   -0.00175968   0.0200725   0.0290429   0.0342002   0.0345206   -0.0134213   0.00273736   

895000
-10   -5   -4   -3   -2   -1   0   1   2   3   4   5   6   7   8   9   10   11   12   13   14   15   16   17   
-0.42873   -0.278039   -0.183241   -0.0881778   -0.0276305   0.0649747   0.177348   0.294253   0.423661   0.532493   0.616035   0.708883   0.802626   0.902522   0.999074   1.07183   1.06563   1.09457   1.12969   1.14571   1.15661   1.12063   1.05868   0.971864   
0.0749386   0.0135873   0.0114032   0.0101629   0.00677505   0.00596493   0.00616131   0.00611562   0.00619812   0.00707643   0.008582   0.010147   0.0120696   0.0139641   0.0162468   0.0186957   0.021294   0.0240244   0.0289798   0.0353665   0.0422502   0.0570011   0.0818525   0.117712   
-0.0740146   -0.0565371   -0.0531019   -0.0495886   -0.0398708   -0.0343082   -0.0333746   -0.0341264   -0.0377854   -0.037688   -0.0331   -0.0310868   -0.0296307   -0.0291492   -0.0283   -0.0228616   -0.00172281   0.0113577   0.0201008   0.028946   0.0341058   0.034509   0.0229149   0.00278532   

900000
-5   -4   -3   -2   -1   0   1   2   3   4   5   6   7   8   9   10   11   12   13   14   15   16   17   
-0.26785   -0.182667   -0.0877307   -0.0270353   0.0651251   0.177653   0.293628   0.422348   0.531208   0.614816   0.707509   0.801668   0.901405   0.998183   1.07274   0.999678   1.09502   1.12902   1.14671   1.15801   1.12223   1.06025   0.972967   
0.0026071   0.0113671   0.0101306   0.00675696   0.00592995   0.00612948   0.00608518   0.00617639   0.00706174   0.00856272   0.0101246   0.0120458   0.0139339   0.0162029   0.0186698   0.00758937   0.0239671   0.0291549   0.0352393   0.0420792   0.0567897   0.0815896   0.11752   
-0.0555586   -0.0532009   -0.0496618   -0.0399774   -0.034335   -0.0334443   -0.0339951   -0.0374931   -0.0374097   -0.0328346   -0.0307826   -0.0294176   -0.0288983   -0.0280896   -0.023046   0.00641386   0.0112899   0.0201612   0.0288483   0.0340163   0.0345003   0.0230106   0.00284162   

905000
-5   -4   -3   -2   -1   0   1   2   3   4   5   6   7   8   9   10   11   13   14   15   16   17   
-0.276458   -0.182113   -0.0872959   -0.0264322   0.0652651   0.177854   0.293035   0.421067   0.529906   0.613584   0.706134   0.800657   0.900288   0.99728   1.07364   1.06475   1.09547   1.1477   1.15932   1.12379   1.06188   0.974091   
0.013485   0.0113318   0.0100985   0.00673965   0.00589539   0.00609692   0.00605474   0.00615471   0.00704727   0.0085434   0.0101021   0.0120211   0.0139039   0.0161596   0.0186443   0.0215169   0.0239102   0.0351134   0.0419213   0.0565834   0.0813106   0.117332   
-0.0568198   -0.0532955   -0.0497324   -0.0400858   -0.0343595   -0.0334917   -0.0338708   -0.0372083   -0.0371276   -0.0325659   -0.0304781   -0.0291921   -0.0286473   -0.027877   -0.0232287   -0.00163234   0.0112215   0.0287495   0.0339317   0.0344942   0.0231142   0.00290302   

910000
-7   -5   -4   -3   -1   0   1   2   3   4   5   6   7   8   9   10   11   12   13   14   15   17   
-0.443172   -0.275718   -0.181581   -0.0868721   0.0653984   0.177988   0.292466   0.419832   0.52859   0.612344   0.70476   0.799615   0.89917   0.996368   1.07453   1.0643   1.09592   1.125   1.1487   1.16052   1.12533   0.975243   
0.0254077   0.0134355   0.0112971   0.0100668   0.00586132   0.00606405   0.00602434   0.00613317   0.00703301   0.00852407   0.0100796   0.0119961   0.0138741   0.016117   0.0186194   0.0216794   0.0238536   0.0302084   0.0349864   0.0417769   0.0563777   0.117131   
-0.0687321   -0.056953   -0.0533851   -0.0498007   -0.0343826   -0.0335248   -0.0337515   -0.0369339   -0.036842   -0.0322952   -0.0301736   -0.0289592   -0.0283962   -0.0276626   -0.0234098   -0.00159745   0.0111524   0.0205646   0.0286502   0.0338531   0.034491   0.0029743   

915000
-5   -4   -3   -2   -1   0   1   2   3   4   5   6   7   8   9   10   11   12   13   14   15   16   17   
-0.275   -0.181072   -0.0864576   -0.0251998   0.0655264   0.178075   0.291919   0.418655   0.527259   0.6111   0.703386   0.798554   0.898054   0.995446   1.0754   1.06498   1.09638   1.1254   1.1497   1.1616   1.12685   1.06539   0.976437   
0.0133876   0.0112633   0.0100354   0.00670732   0.00582771   0.00603094   0.00599402   0.00611175   0.00701889   0.00850481   0.0100571   0.0119709   0.0138446   0.0160751   0.018595   0.0215947   0.0237975   0.0300598   0.0348614   0.0416476   0.0561758   0.0807068   0.116927   
-0.0570812   -0.0534696   -0.0498671   -0.0403084   -0.0344046   -0.0335475   -0.0336372   -0.0366732   -0.0365531   -0.0320236   -0.0298692   -0.0287219   -0.0281455   -0.0274465   -0.0235889   -0.00170186   0.0110827   0.0205289   0.02855   0.0337814   0.034489   0.0233461   0.00305243   

920000
-6   -5   -4   -3   -1   0   1   2   3   4   5   6   7   8   9   10   11   12   13   14   15   16   17   
-0.372755   -0.274293   -0.180585   -0.0860536   0.0656519   0.178125   0.291392   0.417519   0.525915   0.609854   0.702013   0.797473   0.896939   0.994517   1.07627   1.06569   1.09683   1.12583   1.1507   1.16254   1.12835   1.06728   0.977671   
0.01925   0.0133418   0.0112303   0.0100042   0.00579459   0.00599785   0.00596382   0.00609047   0.00700495   0.0084856   0.0100346   0.0119455   0.0138153   0.0160337   0.0185713   0.0215141   0.0237417   0.0299165   0.0347361   0.0415351   0.0559738   0.0803774   0.116677   
-0.0613632   -0.057206   -0.0535492   -0.0499313   -0.0344262   -0.0335627   -0.0335271   -0.036422   -0.0362611   -0.0317514   -0.0295648   -0.0284801   -0.0278954   -0.0272289   -0.0237652   -0.00181449   0.0110124   0.0204873   0.0284492   0.0337179   0.0344892   0.0234757   0.00314627   

925000
-5   -4   -3   -1   0   1   2   3   4   5   6   7   8   9   10   11   12   13   14   15   16   17   
-0.273604   -0.184505   -0.0856638   0.065901   0.17815   0.290887   0.4164   0.524559   0.608608   0.700648   0.796379   0.895829   0.99358   1.07711   1.06642   1.0973   1.1263   1.1517   1.16331   1.12985   1.06926   0.978982   
0.0132984   0.0112871   0.0099734   0.00576355   0.00596485   0.00593377   0.0060694   0.00699131   0.00846647   0.0100121   0.01192   0.0137862   0.0159928   0.0185484   0.0214378   0.0236862   0.0297788   0.0346111   0.041442   0.0557749   0.0800285   0.116435   
-0.0573258   -0.0527147   -0.0499925   -0.0344736   -0.0335723   -0.033422   -0.0361744   -0.0359663   -0.0314787   -0.0292621   -0.0282351   -0.027646   -0.02701   -0.0239386   -0.00193157   0.0109414   0.020441   0.0283478   0.0336641   0.0344894   0.0236158   0.00324884   

930000
-5   -4   -3   -2   -1   0   1   2   3   4   5   6   7   8   9   10   12   13   14   15   16   17   
-0.272931   -0.184632   -0.0852873   -0.0235083   0.0664071   0.178157   0.290404   0.415297   0.523195   0.607361   0.699285   0.795275   0.894722   0.992782   1.07793   1.06717   1.12679   1.1527   1.1639   1.13135   1.07136   0.980361   
0.0132578   0.0112681   0.00994285   0.00665701   0.00573627   0.00593188   0.00590371   0.00604871   0.00697776   0.00844737   0.00998963   0.0118945   0.0137574   0.0159531   0.0185266   0.0213645   0.0296461   0.0344869   0.0413714   0.0555756   0.0796641   0.116173   
-0.0574414   -0.0526687   -0.0500508   -0.040609   -0.0345745   -0.0335783   -0.0333217   -0.0359304   -0.0356695   -0.0312059   -0.0289601   -0.0279877   -0.0273976   -0.0268228   -0.0241082   -0.00205482   0.0203904   0.028246   0.0336218   0.0344906   0.0237646   0.00336074   

935000
-5   -3   -1   0   1   2   4   5   6   7   8   9   10   11   12   13   14   15   16   17   
-0.272271   -0.0849246   0.0668593   0.178151   0.289942   0.41421   0.606114   0.697927   0.794164   0.893621   0.992028   1.07873   1.06794   1.02411   1.12731   1.1537   1.16426   1.13284   1.07356   0.981821   
0.0132204   0.00991266   0.00570873   0.00589909   0.0058739   0.00602824   0.00842836   0.00996718   0.0118691   0.0137287   0.015914   0.0185053   0.0212945   0.0106007   0.0295175   0.0343625   0.0413275   0.0553744   0.0792748   0.115875   
-0.0575535   -0.0501061   -0.0346642   -0.0335818   -0.0332263   -0.0356901   -0.0309328   -0.028659   -0.0277388   -0.0271502   -0.0266456   -0.0242739   -0.00218223   0.0187648   0.0203362   0.0281438   0.0335933   0.0344928   0.0239241   0.00348991   

940000
-5   -4   -3   -2   -1   0   1   2   3   4   5   6   7   8   9   11   12   13   14   15   16   17   
-0.271622   -0.18438   -0.0845887   -0.0223709   0.0672683   0.178137   0.289501   0.41313   0.520478   0.604868   0.69658   0.793049   0.892524   0.991264   1.07951   1.09869   1.12784   1.1547   1.16434   1.13434   1.07587   0.983399   
0.0131865   0.0112226   0.009883   0.00662651   0.00568104   0.00586651   0.00584424   0.00600781   0.00695039   0.00840941   0.00994482   0.0118437   0.0137003   0.0158755   0.0184854   0.0235218   0.0293936   0.0342393   0.0413144   0.0551736   0.0788696   0.115559   
-0.0576626   -0.0526828   -0.0501557   -0.0408116   -0.0347451   -0.0335836   -0.0331354   -0.0354533   -0.0350775   -0.0306599   -0.0283602   -0.0274889   -0.026904   -0.0264664   -0.0244346   0.0107248   0.0202788   0.0280408   0.0335826   0.0344948   0.0240901   0.00363324   

945000
-7   -5   -4   -3   -1   0   1   2   3   4   5   6   7   8   9   10   11   12   13   14   15   17   
-0.440436   -0.27098   -0.184152   -0.0842736   0.0676415   0.178116   0.289078   0.412061   0.519174   0.603628   0.695243   0.791932   0.891433   0.990494   1.08025   1.06952   1.09916   1.12839   1.1557   1.16409   1.13585   0.985103   
0.024532   0.0131565   0.011199   0.00985378   0.00565337   0.00583407   0.0058147   0.00598748   0.00693475   0.00839059   0.00992253   0.0118185   0.0136722   0.0158376   0.0184667   0.0211635   0.0234676   0.0292737   0.0341166   0.0413453   0.0549722   0.115203   
-0.069106   -0.0577697   -0.0527114   -0.0502008   -0.0348186   -0.033584   -0.0330487   -0.03522   -0.0347928   -0.0303881   -0.0280636   -0.0272385   -0.026659   -0.0262861   -0.0245898   -0.00244599   0.0106529   0.0202186   0.0279374   0.0335916   0.0344969   0.00379497   

950000
-8   -5   -4   -3   -1   0   1   2   3   4   5   6   7   8   9   10   11   12   13   14   15   16   17   
-0.464057   -0.270346   -0.183881   -0.0839697   0.0679831   0.17809   0.288673   0.41101   0.517885   0.602417   0.693919   0.790815   0.890348   0.98972   1.08096   1.07032   1.02552   1.12896   1.15669   1.1634   1.13737   1.08081   0.986966   
0.0341331   0.0131304   0.0111754   0.00982484   0.00562572   0.00580186   0.00578542   0.0059673   0.00691938   0.00837208   0.00990004   0.0117933   0.0136442   0.0158   0.0184494   0.0211018   0.0104354   0.0291576   0.0339937   0.0414255   0.0547687   0.0780067   0.114817   
-0.0813113   -0.0578753   -0.0527491   -0.0502435   -0.0348855   -0.0335837   -0.0329658   -0.0349904   -0.0345114   -0.0301228   -0.0277696   -0.026988   -0.0264154   -0.0261051   -0.0247387   -0.00258118   0.0185641   0.0201561   0.0278336   0.0336277   0.0344993   0.0244454   0.00397664   

955000
-8   -5   -4   -3   -2   -1   0   1   2   3   4   6   7   8   9   10   11   12   13   14   15   16   17   
-0.463502   -0.269717   -0.183588   -0.0836765   -0.0208153   0.068301   0.178062   0.288284   0.409974   0.516592   0.601216   0.789699   0.889269   0.988941   1.08016   1.07112   1.1001   1.12954   1.15769   1.16214   1.13891   1.08346   0.988992   
0.0340693   0.0131083   0.0111522   0.00979618   0.00657967   0.00559808   0.0057699   0.00575641   0.0059474   0.00690424   0.00835375   0.0117684   0.0136165   0.015763   0.0184095   0.0210425   0.0233606   0.0290451   0.0338727   0.0415743   0.0545638   0.0775447   0.114378   
-0.0814469   -0.0579796   -0.0527915   -0.050284   -0.0410835   -0.0349478   -0.0335831   -0.0328868   -0.0347643   -0.0342292   -0.0298596   -0.0267378   -0.0261731   -0.0259233   -0.0245521   -0.00271769   0.0105072   0.0200915   0.0277293   0.0336984   0.0345018   0.0246371   0.00418114   

960000
-5   -4   -3   -2   -1   0   1   2   3   4   6   7   8   9   10   11   12   14   15   16   17   
-0.269092   -0.183277   -0.0833931   -0.0202985   0.0685939   0.178034   0.287911   0.408955   0.515293   0.600021   0.788596   0.888199   0.988159   1.07935   1.07192   1.10058   1.13012   1.16007   1.14046   1.08623   0.99121   
0.0130899   0.0111294   0.00976781   0.00656511   0.00557063   0.00573821   0.00572762   0.00592775   0.00688929   0.0083356   0.0117438   0.0135889   0.0157265   0.0183708   0.0209855   0.0233076   0.0289361   0.0418195   0.0543569   0.0770641   0.11391   
-0.0580837   -0.0528377   -0.0503224   -0.0411738   -0.0350048   -0.0335826   -0.032811   -0.0345416   -0.0339451   -0.0295976   -0.0264906   -0.0259329   -0.0257411   -0.0243667   -0.00285538   0.0104331   0.0200252   0.0338163   0.0345042   0.0248357   0.00440688   

965000
-5   -4   -3   -2   -1   0   1   2   3   4   6   7   8   9   10   11   12   13   14   15   16   17   
-0.268475   -0.182956   -0.0831193   -0.0197738   0.0688652   0.178007   0.287557   0.40795   0.513985   0.598832   0.787509   0.887137   0.987375   1.07855   1.07272   1.10105   1.13071   1.15968   1.15773   1.14203   1.08908   0.993607   
0.0130754   0.0111074   0.00973974   0.00655139   0.00554331   0.00570678   0.00569903   0.00590841   0.00687442   0.00831764   0.0117196   0.0135616   0.0156904   0.0183335   0.0209304   0.023255   0.0288302   0.0336319   0.0420954   0.0541478   0.0765686   0.113387   
-0.058186   -0.052886   -0.0503588   -0.0412657   -0.0350575   -0.0335824   -0.0327396   -0.0343222   -0.033659   -0.0293369   -0.0262469   -0.0256944   -0.0255584   -0.0241827   -0.00299358   0.0103587   0.0199575   0.0275196   0.0339472   0.0345063   0.0250376   0.00465628   

970000
-8   -5   -4   -3   -2   -1   0   1   2   4   5   6   7   8   10   11   12   13   14   15   16   17   
-0.462169   -0.267897   -0.182622   -0.0828528   -0.0192676   0.0691162   0.177982   0.287222   0.406981   0.597649   0.688739   0.786437   0.886082   0.98659   1.07352   1.10153   1.13131   1.16067   1.15925   1.14363   1.09205   0.996257   
0.0338765   0.0130651   0.0110859   0.00971193   0.00653751   0.00551615   0.00567562   0.00567064   0.00588949   0.00829983   0.00981126   0.0116956   0.0135344   0.0156547   0.0208774   0.0232029   0.0287275   0.0335117   0.0418986   0.0539359   0.0760493   0.112826   
-0.0818036   -0.0582803   -0.0529373   -0.0503938   -0.0413538   -0.035106   -0.0335827   -0.0326727   -0.0341108   -0.0290774   -0.0266189   -0.0260063   -0.0254577   -0.0253756   -0.00313225   0.0102837   0.0198885   0.0274147   0.0338465   0.0345078   0.0252487   0.00493153   

975000
-5   -4   -3   -1   0   1   2   3   4   6   7   8   9   10   11   12   13   14   15   16   
-0.26733   -0.18228   -0.0825945   0.0693471   0.177959   0.286907   0.406024   0.511349   0.596471   0.785377   0.885035   0.985804   1.07694   1.07431   1.10202   1.13191   1.16166   1.16077   1.14524   1.09516   
0.0130581   0.0110653   0.00968445   0.00548918   0.0056448   0.00564245   0.00587079   0.0068453   0.00828212   0.0116721   0.0135076   0.0156193   0.0182636   0.0208262   0.0231511   0.0286275   0.0333931   0.0417063   0.0537201   0.0755186   
-0.0583722   -0.0529901   -0.0504272   -0.0351504   -0.0335837   -0.0326103   -0.0339021   -0.0330815   -0.0288189   -0.0257687   -0.0252225   -0.0251929   -0.023817   -0.00327104   0.0102083   0.0198186   0.0273094   0.0337468   0.0345092   0.0254649   

980000
-7   -5   -4   -1   0   1   2   3   4   5   6   7   8   9   10   11   12   13   14   15   16   
-0.43878   -0.266779   -0.181935   0.06911   0.177936   0.286614   0.405082   0.510019   0.595297   0.686271   0.784329   0.883995   0.985017   1.07614   1.07511   1.1025   1.13252   1.16264   1.16229   1.14688   1.09836   
0.0236835   0.0130544   0.0110456   0.00546917   0.0056142   0.00561448   0.00585248   0.00683093   0.00826449   0.00976829   0.0116487   0.0134809   0.0155844   0.018231   0.0207766   0.0230998   0.0285304   0.0332755   0.0415181   0.0535056   0.0749735   
-0.0691938   -0.0584612   -0.053044   -0.0350993   -0.0335845   -0.0325527   -0.0336967   -0.03279   -0.0285611   -0.0260704   -0.0255336   -0.024989   -0.0250102   -0.0236349   -0.00340987   0.0101325   0.0197478   0.0272038   0.0336483   0.0345082   0.0256847   

985000
-8   -7   -5   -3   -2   -1   0   1   2   3   4   5   6   7   8   9   10   11   12   13   14   15   16   17   18   
-0.461609   -0.438596   -0.266243   -0.0821007   -0.0178769   0.068602   0.177916   0.286341   0.404154   0.508682   0.594127   0.685068   0.783291   0.882964   0.984233   1.07533   1.07589   1.10298   1.13312   1.16358   1.16379   1.14854   1.10163   1.0059   0.869693   
0.0336462   0.0235726   0.0130537   0.00963018   0.00649426   0.00545307   0.00558403   0.00558674   0.00583451   0.00681672   0.00824694   0.00974744   0.0116256   0.0134544   0.0155496   0.0182   0.0207286   0.023049   0.0284357   0.0331626   0.0413343   0.0532875   0.0744185   0.11073   0.164429   
-0.0821244   -0.0691925   -0.0585471   -0.0504895   -0.041591   -0.034993   -0.0335864   -0.0324999   -0.0334945   -0.0324967   -0.0283041   -0.025803   -0.025301   -0.0247575   -0.024828   -0.0234528   -0.00354845   0.0100563   0.0196764   0.0271034   0.0335509   0.0345063   0.0259045   0.00596273   -0.0216568   

990000
-5   -3   -2   -1   0   1   2   3   4   5   6   7   8   10   11   12   13   14   15   16   17   18   
-0.265723   -0.0818705   -0.0173989   0.0682988   0.1779   0.285828   0.403243   0.507338   0.592961   0.683883   0.782263   0.88194   0.983452   1.07668   1.10346   1.13373   1.16448   1.16529   1.15022   1.10486   1.00977   0.870256   
0.0130559   0.00960348   0.00648139   0.00543378   0.00555408   0.0055628   0.00581656   0.00680268   0.00822947   0.00972672   0.0116027   0.0134283   0.015515   0.0206822   0.0229986   0.0283436   0.0330524   0.0411558   0.0530644   0.0738716   0.109894   0.164344   
-0.0586296   -0.0505172   -0.0416732   -0.0349286   -0.033589   -0.0323972   -0.0332969   -0.0322015   -0.028048   -0.0255398   -0.0250704   -0.0245274   -0.0246465   -0.00368678   0.00997995   0.0196045   0.0270056   0.0334543   0.0345042   0.0261182   0.00637873   -0.0216249   

995000
-8   -5   -4   -3   -2   -1   0   1   2   3   4   6   7   8   9   10   11   12   13   14   15   16   17   18   
-0.462731   -0.265221   -0.180861   -0.0816513   -0.0169189   0.068092   0.177874   0.285286   0.402353   0.505987   0.591799   0.781244   0.880924   0.982673   1.0737   1.07746   1.02988   1.13433   1.16539   1.16676   1.15194   1.10782   1.01407   0.870798   
0.0344966   0.0130609   0.0109922   0.00957704   0.00646907   0.005413   0.00552468   0.00553967   0.00579807   0.00678876   0.00821204   0.0115801   0.0134022   0.0154807   0.0181428   0.020637   0.0099627   0.0282538   0.0329423   0.0409805   0.0528406   0.0733805   0.108962   0.164261   
-0.0830844   -0.0587087   -0.0532137   -0.0505425   -0.0417557   -0.0348838   -0.0335898   -0.0322885   -0.0331054   -0.0319047   -0.0277925   -0.0248418   -0.0242993   -0.0244653   -0.0230871   -0.00382468   0.0179366   0.0195322   0.0269075   0.0333597   0.0345005   0.0263011   0.00684403   -0.0215926   

1000000
-5   -4   -3   -1   0   1   2   3   4   5   6   7   8   9   10   11   12   13   14   15   16   17   
-0.264734   -0.180496   -0.0814428   0.0679413   0.177333   0.284785   0.401474   0.50463   0.59064   0.681561   0.780232   0.879922   0.981895   1.07288   1.07823   1.03038   1.13494   1.1663   1.16822   1.15369   1.11082   1.01874   
0.0130687   0.0109764   0.00955088   0.00539134   0.00550208   0.00551641   0.00577987   0.00677503   0.00819474   0.00968592   0.0115576   0.0133764   0.0154467   0.0181169   0.0205931   0.00991208   0.0281661   0.0328335   0.0408097   0.0526132   0.0728822   0.107967   
-0.0587845   -0.053272   -0.0505657   -0.0348506   -0.0334828   -0.0321885   -0.0329162   -0.0316066   -0.0275376   -0.0250235   -0.0246148   -0.0240741   -0.0242847   -0.0229031   -0.00396221   0.0178651   0.0194595   0.0268086   0.0332664   0.034496   0.0264832   0.00734266   

1005000
-5   -4   -3   0   1   2   3   4   6   7   8   9   10   11   12   13   14   15   16   17   18   
-0.264263   -0.180133   -0.0812453   0.176891   0.28432   0.400607   0.503269   0.589483   0.779228   0.878938   0.981119   1.07204   1.079   1.10491   1.13554   1.16721   1.16966   1.15545   1.1139   1.0239   0.871818   
0.0130792   0.0109614   0.00952497   0.00547854   0.00549303   0.00576197   0.00676134   0.00817744   0.0115352   0.0133511   0.0154132   0.018093   0.0205505   0.0228508   0.0280806   0.0327254   0.0406428   0.0523827   0.0723752   0.106855   0.164092   
-0.0588571   -0.0533299   -0.0505865   -0.0333967   -0.0320964   -0.0327297   -0.0313074   -0.027283   -0.0243895   -0.023853   -0.0241046   -0.0227179   -0.00409937   0.00974973   0.0193866   0.0267093   0.0331747   0.0344907   0.0266673   0.00789868   -0.0215289   

1010000
-5   -4   -3   -2   -1   0   1   2   3   4   6   7   8   9   10   11   12   13   14   15   16   17   
-0.265705   -0.179769   -0.0810583   -0.0156568   0.0677376   0.176519   0.28389   0.399752   0.501906   0.588327   0.778236   0.877972   0.980345   1.0712   1.07976   1.10539   1.13615   1.16812   1.17107   1.15725   1.11704   1.02881   
0.0131603   0.0109474   0.00949936   0.00642766   0.00534667   0.00545443   0.00546953   0.00574437   0.0067478   0.0081602   0.0115131   0.0133259   0.0153799   0.0180709   0.0205088   0.0228027   0.0279969   0.0326177   0.0404805   0.0521502   0.0718544   0.105824   
-0.0585459   -0.053388   -0.0506052   -0.0419668   -0.0348042   -0.0333252   -0.0320116   -0.032546   -0.0310076   -0.0270285   -0.024167   -0.0236359   -0.0239251   -0.0225312   -0.0042359   0.00967291   0.0193136   0.0266095   0.0330841   0.0344839   0.0268563   0.0084095   

1015000
-6   -5   -4   -3   -2   -1   0   1   2   3   4   6   7   8   9   10   11   12   13   14   15   16   17   18   
-0.359638   -0.266141   -0.179407   -0.0808809   -0.0152155   0.0676658   0.176198   0.283491   0.398909   0.500545   0.587172   0.777249   0.877021   0.979574   1.07034   1.08052   1.10587   1.13675   1.16904   1.17247   1.15906   1.12024   1.03322   0.872755   
0.0159119   0.0132092   0.0109345   0.00947405   0.00641549   0.00532396   0.00542992   0.00544597   0.00572709   0.00673446   0.00814298   0.0114911   0.013301   0.015347   0.0180509   0.0204681   0.0227552   0.0279151   0.0325105   0.0403223   0.0519159   0.0713314   0.104918   0.163962   
-0.0619857   -0.0584375   -0.0534456   -0.050622   -0.0420417   -0.0347872   -0.0332646   -0.0319337   -0.0323649   -0.0307081   -0.0267741   -0.0239456   -0.0234221   -0.0237464   -0.0223427   -0.00437224   0.00959608   0.0192404   0.0265092   0.032995   0.0344755   0.0270444   0.00885075   -0.0214707   

1020000
-5   -4   -3   -1   0   1   2   3   4   5   6   7   8   9   10   11   12   13   14   15   16   17   18   
-0.266221   -0.179048   -0.0807134   0.067607   0.175918   0.283121   0.398077   0.499189   0.586016   0.677055   0.776267   0.876084   0.978806   1.06947   1.08127   1.10634   1.13735   1.16996   1.17384   1.16088   1.12345   1.0379   0.873239   
0.0132481   0.0109227   0.00944898   0.00530111   0.00540522   0.00542246   0.00571014   0.00672118   0.00812583   0.00960598   0.0114692   0.0132764   0.0153144   0.0180331   0.0204283   0.0227085   0.027835   0.0324039   0.040169   0.0516807   0.0708089   0.103956   0.163842   
-0.0584018   -0.0535025   -0.0506367   -0.0347729   -0.0332126   -0.031862   -0.0321863   -0.0304099   -0.0265195   -0.0240216   -0.0237252   -0.0232115   -0.0235685   -0.0221523   -0.00450806   0.0095197   0.0191671   0.0264081   0.0329066   0.0344652   0.0272274   0.00931851   -0.0214321   

1025000
-6   -5   -4   -3   -2   -1   0   1   2   3   4   6   7   8   9   10   11   12   13   14   15   16   17   18   
-0.360859   -0.266159   -0.17869   -0.0805544   -0.014369   0.0675583   0.17567   0.282776   0.397256   0.497885   0.584862   0.775289   0.875499   0.978041   1.06858   1.08202   1.10682   1.13795   1.17089   1.17519   1.16272   1.1267   1.04279   0.873698   
0.0159621   0.0132843   0.0109117   0.00942416   0.00639109   0.00527824   0.00538043   0.00539879   0.00569351   0.00670691   0.00810865   0.0114474   0.0132542   0.015282   0.0180175   0.0203895   0.0226626   0.0277565   0.0322976   0.0400182   0.0514445   0.0702802   0.10297   0.163784   
-0.061673   -0.0583953   -0.0535594   -0.0506498   -0.0421839   -0.0347606   -0.0331672   -0.0317958   -0.0320101   -0.0301232   -0.0262649   -0.0235057   -0.0230803   -0.0233912   -0.0219597   -0.00464339   0.00944358   0.0190938   0.0263061   0.0328203   0.0344529   0.0274114   0.00979649   -0.0214014   

1030000
-5   -4   -2   -1   0   1   2   3   4   5   6   7   8   9   10   11   12   13   14   15   16   17   18   
-0.266026   -0.172088   -0.0139764   0.0675172   0.175445   0.282456   0.396444   0.496641   0.583705   0.674854   0.774314   0.874949   0.977278   1.06768   1.08276   1.03338   1.13854   1.17182   1.17651   1.16458   1.12998   1.04796   0.874218   
0.0133201   0.00162967   0.00637834   0.00525537   0.0053556   0.00537529   0.00567727   0.00669174   0.00809149   0.00956642   0.0114257   0.0132323   0.01525   0.0180041   0.0203516   0.0096174   0.0276793   0.032192   0.0398711   0.0512053   0.0697468   0.101922   0.163658   
-0.0584036   -0.0525357   -0.0422487   -0.03475   -0.0331268   -0.0317348   -0.0318359   -0.0298495   -0.0260098   -0.0235318   -0.0232871   -0.0229571   -0.0232148   -0.0217649   -0.00477801   0.0174279   0.0190203   0.0262038   0.0327352   0.0344398   0.0275951   0.0103045   -0.0213544   

1035000
-9   -5   -4   -3   -2   -1   0   1   2   3   4   6   7   8   9   10   11   12   14   15   16   17   18   
-0.457977   -0.265853   -0.177985   -0.0802698   -0.0135793   0.0674821   0.175238   0.282155   0.395643   0.49543   0.582546   0.773343   0.874335   0.97652   1.06676   1.0835   1.10775   1.13914   1.17781   1.16647   1.13326   1.05322   0.874785   
0.0489987   0.0133565   0.0108928   0.00937412   0.00636628   0.00523253   0.0053308   0.00535183   0.00566139   0.00667666   0.00807432   0.0114042   0.0132102   0.0152183   0.0179932   0.0203145   0.0225729   0.0276035   0.0397274   0.0509656   0.0692182   0.10087   0.163535   
-0.0937563   -0.0584203   -0.0536706   -0.0506689   -0.0423145   -0.0347406   -0.0330898   -0.0316783   -0.0316641   -0.0295838   -0.0257541   -0.0230692   -0.0228194   -0.0230392   -0.0215675   -0.0049123   0.00929254   0.0189467   0.0326515   0.0344247   0.0277728   0.010809   -0.0213043   

1040000
-6   -5   -4   -3   -2   -1   0   1   2   3   4   6   7   8   9   10   11   12   14   15   16   17   18   
-0.362012   -0.266052   -0.177635   -0.0801407   -0.0131762   0.0674514   0.175045   0.281873   0.394853   0.494261   0.581385   0.772376   0.873684   0.975765   1.06583   1.08424   1.10821   1.13973   1.17909   1.16837   1.13653   1.05862   0.875456   
0.0160003   0.0132864   0.0108848   0.00934899   0.00635495   0.00520981   0.00530608   0.00532849   0.00564584   0.0066619   0.00805723   0.0113827   0.0131881   0.0151869   0.0179845   0.020278   0.0225294   0.0275288   0.0395868   0.0507236   0.0686962   0.0997966   0.163389   
-0.0613724   -0.0583738   -0.0537257   -0.0506757   -0.0423815   -0.0347321   -0.0330555   -0.0316256   -0.0314951   -0.0293278   -0.0254978   -0.0228521   -0.0226734   -0.0228647   -0.0213696   -0.00504618   0.00921797   0.0188732   0.0325688   0.0344085   0.0279438   0.0113225   -0.0212401   

1045000
-6   -5   -4   -3   -2   -1   0   1   2   3   4   5   6   7   8   10   11   12   13   14   16   17   18   
-0.362115   -0.266637   -0.177428   -0.0800149   -0.0127671   0.0674244   0.174868   0.281606   0.394092   0.493147   0.580222   0.671619   0.771412   0.87301   0.975014   1.08497   1.10866   1.14032   1.17457   1.18035   1.13984   1.06402   0.876266   
0.0160059   0.0131352   0.0108638   0.00932417   0.00634436   0.00518718   0.00528148   0.00530522   0.00562961   0.00664748   0.0080401   0.0095076   0.0113613   0.0131661   0.0151557   0.0202424   0.0224868   0.0274556   0.0318817   0.0394489   0.0681721   0.0987363   0.16321   
-0.0613295   -0.0582525   -0.0537505   -0.050682   -0.0424496   -0.0347244   -0.0330247   -0.031576   -0.0313336   -0.0290848   -0.0252407   -0.0228114   -0.0226356   -0.022522   -0.0226911   -0.00517938   0.00914406   0.0187996   0.0258976   0.032487   0.0281144   0.0118243   -0.0211539   

1050000
-6   -5   -4   -3   -2   -1   0   1   2   3   4   6   7   8   9   10   11   12   13   14   15   16   17   18   
-0.362165   -0.266923   -0.177387   -0.0798963   -0.0123898   0.0673997   0.174708   0.282059   0.393356   0.492079   0.579055   0.77045   0.872319   0.974267   1.06392   1.0857   1.03541   1.1409   1.17548   1.1816   1.17205   1.14312   1.06939   0.877278   
0.0160092   0.0130506   0.0108274   0.00929963   0.00633292   0.00516467   0.005257   0.0052888   0.00561262   0.0066334   0.00802295   0.0113399   0.013144   0.0151249   0.0179751   0.0202073   0.00943098   0.0273835   0.0317807   0.0393134   0.0502585   0.0676501   0.0976901   0.162955   
-0.0612983   -0.058185   -0.0537406   -0.0506868   -0.0425113   -0.0347172   -0.0329973   -0.0316815   -0.0311786   -0.0288526   -0.0249829   -0.0224198   -0.0223669   -0.0225185   -0.0209655   -0.00531252   0.0171311   0.0187261   0.0257961   0.0324062   0.03437   0.0282811   0.012316   -0.0210397   

1055000
-6   -5   -4   -3   -2   -1   0   1   2   3   4   6   7   8   9   10   11   12   13   14   15   16   18   
-0.362459   -0.267124   -0.177352   -0.0797861   -0.0120432   0.0673978   0.174562   0.282963   0.39263   0.491022   0.57789   0.769492   0.871617   0.973524   1.06294   1.08642   1.10955   1.14149   1.17638   1.18283   1.17386   1.14638   0.878541   
0.0158396   0.0129814   0.0107921   0.00927536   0.00632059   0.00514252   0.00523273   0.00527652   0.00559606   0.00661944   0.00800587   0.0113187   0.013122   0.0150943   0.0179748   0.0201727   0.0224045   0.0273125   0.0316806   0.0391802   0.0500331   0.0671419   0.16262   
-0.0614219   -0.0581329   -0.0537292   -0.05069   -0.0425667   -0.0347146   -0.0329731   -0.0318837   -0.0310257   -0.028623   -0.0247252   -0.0222047   -0.0222093   -0.0223469   -0.0207589   -0.00544544   0.00899912   0.0186526   0.0256954   0.032326   0.0343474   0.0284383   -0.0208911   

1060000
-6   -5   -4   -3   -2   -1   0   1   2   3   4   5   6   7   8   9   10   11   12   13   14   15   16   17   18   
-0.362173   -0.267275   -0.177329   -0.079684   -0.0116918   0.0676484   0.174567   0.283399   0.391911   0.489976   0.576732   0.668434   0.768536   0.870907   0.972785   1.06193   1.08714   1.10998   1.14207   1.17728   1.18405   1.17569   1.14962   1.0799   0.88019   
0.0160109   0.0129204   0.0107578   0.00925139   0.00630897   0.00512299   0.00521026   0.00525992   0.00557982   0.00660577   0.0079888   0.00944906   0.0112975   0.0131   0.015064   0.0179773   0.0201387   0.0223649   0.0272426   0.0315827   0.0390489   0.0498094   0.0666336   0.0956728   0.162147   
-0.0612568   -0.0580901   -0.0537153   -0.0506915   -0.042623   -0.0347634   -0.0329799   -0.0319852   -0.0308742   -0.0283958   -0.0244691   -0.0221016   -0.0219902   -0.0220499   -0.0221763   -0.020549   -0.00557818   0.00892833   0.0185793   0.0255944   0.0322464   0.0343219   0.0285938   0.013253   -0.0206877   

1065000
-6   -5   -4   -3   -1   0   1   2   3   4   5   7   8   9   10   11   12   13   14   15   16   17   18   
-0.362154   -0.267394   -0.177302   -0.0795897   0.0678779   0.175037   0.283665   0.3912   0.488939   0.575578   0.667964   0.87019   0.972051   1.0609   1.08786   1.1104   1.14265   1.17817   1.18526   1.17753   1.15289   1.08516   0.88247   
0.0160098   0.0128646   0.0107242   0.00922771   0.0051034   0.00519363   0.00524171   0.00556395   0.00659233   0.007972   0.00943558   0.0130783   0.015034   0.017983   0.0201052   0.0223265   0.0271738   0.0314857   0.0389191   0.0495813   0.0661276   0.0946695   0.161469   
-0.0612413   -0.0580529   -0.0537023   -0.0506914   -0.034808   -0.0330833   -0.0320501   -0.0307246   -0.028171   -0.0242138   -0.0220024   -0.0218888   -0.0220068   -0.0203356   -0.00571079   0.00885885   0.0185059   0.0254945   0.032167   0.0342964   0.0287477   0.01372   -0.0203993   

1070000
-7   -6   -5   -4   -3   -2   -1   0   1   2   3   4   5   6   7   8   9   10   11   12   13   14   15   16   17   18   
-0.441848   -0.362127   -0.267491   -0.177273   -0.0795035   -0.0109717   0.0680872   0.175371   0.283843   0.394032   0.487912   0.57443   0.666751   0.766649   0.869469   0.971321   1.05984   1.08858   1.11081   1.14323   1.17905   1.18645   1.17939   1.15613   1.09033   0.88567   
0.0222227   0.0160076   0.0128127   0.0106914   0.00920433   0.00628791   0.0050837   0.00517537   0.00522279   0.00556787   0.0065791   0.00795531   0.0094149   0.0112538   0.0130566   0.0150042   0.0179919   0.0200721   0.0222893   0.0271058   0.0313901   0.0387912   0.049352   0.0656269   0.0936859   0.160585   
-0.0676952   -0.0612279   -0.0580196   -0.0536896   -0.0506896   -0.0427393   -0.0348485   -0.0331583   -0.0320959   -0.0313668   -0.0279483   -0.0239596   -0.0217307   -0.0215652   -0.0217269   -0.0218382   -0.0201186   -0.0058433   0.00879078   0.0184326   0.0253954   0.0320879   0.0342695   0.0288972   0.0141772   -0.0199904   

1075000
-6   -5   -4   -3   -1   0   1   2   3   4   6   7   8   9   10   11   12   13   14   15   16   17   18   
-0.362095   -0.267574   -0.177247   -0.0794251   0.0682774   0.175624   0.283965   0.394004   0.486895   0.573286   0.76571   0.868745   0.970595   1.05877   1.0893   1.11121   1.05654   1.17992   1.18764   1.18127   1.15933   1.09537   0.889898   
0.0160042   0.0127637   0.0106592   0.00918126   0.00506397   0.00515618   0.00520339   0.00555644   0.00656612   0.00793865   0.0112321   0.013035   0.0149746   0.0180041   0.0200395   0.0222532   0.0145417   0.0312962   0.0386651   0.0491217   0.0651345   0.0927312   0.159333   
-0.0612156   -0.0579885   -0.0536763   -0.0506862   -0.0348851   -0.0332166   -0.0321296   -0.0313693   -0.027728   -0.0237062   -0.0213538   -0.0215644   -0.0216707   -0.0198979   -0.00597599   0.00872422   0.0266976   0.0252971   0.0320091   0.034241   0.0290413   0.0146238   -0.0194414   

1080000
-7   -6   -5   -4   -3   -2   -1   0   1   2   3   4   6   7   8   9   10   11   12   13   14   15   16   17   18   
-0.44265   -0.360731   -0.267646   -0.177223   -0.0793544   -0.0102937   0.0684502   0.175824   0.28405   0.393749   0.485887   0.572145   0.764775   0.868027   0.969873   1.05766   1.09001   1.1116   1.14438   1.18078   1.18882   1.18316   1.16252   1.10008   0.896637   
0.0221921   0.0161707   0.0127172   0.0106276   0.0091585   0.00626688   0.00504423   0.00513642   0.00518366   0.00554418   0.00655338   0.00792207   0.0112103   0.0130137   0.0149454   0.0180198   0.0200072   0.0222184   0.0269721   0.0312042   0.0385416   0.0488909   0.0646443   0.0918351   0.157418   
-0.0674169   -0.0614978   -0.0579591   -0.0536623   -0.0506813   -0.0428469   -0.0349183   -0.0332639   -0.0321553   -0.0313211   -0.0275099   -0.0234534   -0.021143   -0.021403   -0.0215041   -0.0196733   -0.00610817   0.00865936   0.0182857   0.0251998   0.0319301   0.0342108   0.0291842   0.0150382   -0.0185621   

1085000
-7   -6   -5   -4   -3   -2   -1   0   1   2   3   4   5   6   7   8   9   10   11   12   13   14   15   16   17   
-0.432172   -0.36074   -0.267712   -0.177204   -0.079291   -0.00998355   0.0686102   0.175985   0.284112   0.393392   0.484888   0.571006   0.667564   0.763842   0.867307   0.969154   1.05653   1.09072   1.11197   1.14495   1.18162   1.18998   1.18506   1.16568   1.1045   
0.0248444   0.0160405   0.0126726   0.0105966   0.00913604   0.00625576   0.0050245   0.0051162   0.00516375   0.00553174   0.00654085   0.00790552   0.00939045   0.0111887   0.0129925   0.0149163   0.0180391   0.0199753   0.022185   0.0269062   0.0311137   0.0384184   0.0486602   0.0641638   0.0910032   
-0.0688421   -0.061491   -0.0579307   -0.0536473   -0.0506749   -0.0428948   -0.0349489   -0.033303   -0.0321759   -0.03125   -0.0272939   -0.023201   -0.0219454   -0.0209329   -0.0212412   -0.0213384   -0.0194451   -0.00624059   0.0085964   0.0182122   0.0251038   0.0318521   0.0341787   0.0293221   0.0154208   

1090000
-6   -5   -4   -3   -2   -1   0   1   2   3   4   5   7   8   9   10   11   12   13   14   15   16   17   18   
-0.362347   -0.267773   -0.177189   -0.0792347   -0.00966825   0.0687586   0.176119   0.284158   0.392976   0.483898   0.569869   0.666618   0.866585   0.96844   1.05538   1.09143   1.11234   1.14552   1.18245   1.19114   1.18696   1.16875   1.10868   0.921209   
0.0157189   0.0126299   0.0105661   0.0091139   0.00624532   0.00500479   0.00509576   0.00514368   0.00551939   0.00652865   0.00788906   0.0093723   0.0129714   0.0148874   0.0180624   0.0199437   0.022153   0.0268414   0.0310254   0.0382964   0.0484305   0.0636984   0.0902182   0.150547   
-0.061371   -0.0579026   -0.0536313   -0.050667   -0.0429438   -0.0349772   -0.0333367   -0.032193   -0.0311655   -0.0270799   -0.0229489   -0.0217352   -0.021079   -0.0211736   -0.0192135   -0.00637318   0.00853548   0.0181387   0.025009   0.0317741   0.0341446   0.0294507   0.0157823   -0.0153531   

1095000
-5   -4   -3   -2   -1   0   1   3   4   6   7   8   9   10   11   12   13   14   15   16   17   18   
-0.267831   -0.177179   -0.0791851   -0.00934769   0.0688965   0.176233   0.284193   0.482916   0.568733   0.761987   0.865861   0.967729   1.0542   1.09214   1.11268   1.14609   1.18326   1.19229   1.18887   1.17176   1.11249   0.950014   
0.0125886   0.0105362   0.0090921   0.00623554   0.00498513   0.00507515   0.0051235   0.00651653   0.00787266   0.0111456   0.0129505   0.0148588   0.0180896   0.0199127   0.0221225   0.0267769   0.0309387   0.0381761   0.0482012   0.0632456   0.0895125   0.142882   
-0.0578749   -0.0536142   -0.0506578   -0.0429938   -0.0350034   -0.033366   -0.0322078   -0.0268679   -0.0226969   -0.020515   -0.0209164   -0.0210098   -0.0189784   -0.00650578   0.00847683   0.018065   0.0249156   0.0316958   0.0341088   0.0295732   0.0161036   -0.0116321   

1100000
-5   -4   -3   -1   0   1   2   3   4   6   7   8   9   10   11   12   13   14   15   16   17   18   
-0.267888   -0.177175   -0.0791399   0.0690248   0.17633   0.284218   0.392077   0.481944   0.567599   0.761069   0.865135   0.967023   1.053   1.09285   1.11301   1.14667   1.18406   1.19343   1.19078   1.17473   1.11595   0.963208   
0.0125486   0.0105069   0.00907058   0.0049655   0.00505442   0.00510329   0.00549366   0.0065047   0.00785621   0.0111243   0.0129298   0.0148304   0.0181209   0.0198816   0.0220937   0.026713   0.0308532   0.0380568   0.0479712   0.0628019   0.0888701   0.139564   
-0.057847   -0.0535958   -0.0506478   -0.0350277   -0.0333919   -0.0322206   -0.0309828   -0.0266583   -0.0224454   -0.0203081   -0.0207536   -0.0208469   -0.0187399   -0.00663805   0.0084207   0.0179913   0.0248241   0.0316174   0.0340717   0.0296922   0.0163931   -0.00999152   

1105000
-6   -5   -4   -3   -2   -1   0   1   2   3   4   5   6   7   8   10   11   12   13   14   15   16   17   18   
-0.360805   -0.267941   -0.177175   -0.0790994   -0.00870625   0.0691448   0.176414   0.284236   0.391639   0.480983   0.566468   0.659097   0.760159   0.86441   0.96632   1.09356   1.11332   1.14723   1.18485   1.19457   1.19272   1.17763   1.11906   0.976998   
0.0157866   0.0125099   0.010478   0.00904939   0.00621719   0.00494596   0.00503364   0.00508308   0.00547965   0.00649317   0.00783986   0.00927445   0.0111032   0.0129093   0.0148022   0.0198509   0.0220667   0.0266499   0.0307716   0.0379387   0.0477409   0.0623734   0.0882873   0.136173   
-0.0614297   -0.0578195   -0.0535764   -0.050637   -0.0430939   -0.0350503   -0.0334151   -0.0322319   -0.0308949   -0.0264513   -0.0221943   -0.0200166   -0.0201029   -0.0205906   -0.020685   -0.00677054   0.0083675   0.0179175   0.0247331   0.031539   0.034033   0.0298044   0.0166543   -0.00831514   

1110000
-6   -5   -4   -3   -2   -1   0   1   2   3   4   5   6   7   8   9   10   11   12   13   14   15   16   17   18   
-0.360834   -0.267997   -0.177181   -0.0790603   -0.00843189   0.0692566   0.176487   0.28425   0.391185   0.480075   0.565341   0.658301   0.759255   0.863684   0.965621   1.05197   1.09427   1.11361   1.1478   1.18562   1.1957   1.19466   1.1804   1.12182   0.989005   
0.0157378   0.0124722   0.0104497   0.00902857   0.00620637   0.00492646   0.00501287   0.00506289   0.00546574   0.00648056   0.00782352   0.00925799   0.0110822   0.0128889   0.0147743   0.0180433   0.0198205   0.0220416   0.026587   0.0306916   0.0378214   0.0475107   0.0619606   0.0877785   0.133304   
-0.0614096   -0.0577912   -0.0535557   -0.050626   -0.0431347   -0.0350714   -0.0334361   -0.0322422   -0.0308032   -0.0262558   -0.0219444   -0.0198409   -0.0198993   -0.0204277   -0.020524   -0.0184794   -0.00690309   0.00831739   0.0178435   0.0246443   0.0314605   0.0339928   0.0299086   0.0168801   -0.00689845   

1115000
-7   -6   -5   -4   -3   -2   -1   0   1   2   3   4   5   6   7   8   9   10   11   12   13   14   15   16   17   18   
-0.432482   -0.360868   -0.268051   -0.177192   -0.0792938   -0.00815223   0.0693609   0.176551   0.28426   0.390719   0.47923   0.564222   0.657075   0.75836   0.862958   0.964927   1.05163   1.09497   1.11388   1.14837   1.18637   1.19683   1.1966   1.1831   1.1242   0.998948   
0.0246657   0.0156917   0.0124356   0.0104218   0.0090165   0.0061961   0.00490712   0.00499206   0.00504283   0.00545206   0.00646674   0.00780723   0.00923605   0.0110614   0.0128687   0.0147465   0.0179872   0.0197904   0.0220187   0.0265248   0.0306138   0.0377049   0.0472809   0.0615658   0.087345   0.130991   
-0.0687465   -0.0613879   -0.0577631   -0.0535339   -0.0505669   -0.0431766   -0.0350909   -0.033455   -0.032252   -0.0307091   -0.0260741   -0.0216961   -0.0195644   -0.0196975   -0.0202646   -0.0203641   -0.0183776   -0.00703567   0.00827069   0.0177694   0.0245576   0.0313817   0.033951   0.0300055   0.0170691   -0.00575988   

1120000
-6   -5   -4   -3   -2   -1   0   1   2   3   4   5   6   7   8   9   10   11   12   13   14   15   16   17   18   
-0.360907   -0.268103   -0.177207   -0.0796777   -0.00786636   0.0694584   0.176606   0.284268   0.390245   0.478394   0.563114   0.656076   0.757472   0.862232   0.964238   1.05128   1.09568   1.11413   1.14894   1.18709   1.19795   1.19855   1.18573   1.12624   1.00825   
0.0156481   0.0123998   0.0103944   0.00900924   0.0061864   0.00488785   0.0049713   0.00502269   0.00543861   0.00645319   0.00779114   0.00921699   0.0110408   0.0128486   0.014719   0.0179325   0.0197605   0.0219978   0.0264629   0.0305375   0.0375889   0.0470533   0.0611803   0.0869717   0.128867   
-0.0613648   -0.0577352   -0.0535111   -0.0504814   -0.0432198   -0.0351091   -0.0334722   -0.032261   -0.0306131   -0.0258944   -0.0214503   -0.0193408   -0.0194972   -0.0201016   -0.0202053   -0.0182755   -0.00716832   0.00822761   0.0176951   0.0244735   0.0313025   0.0339069   0.0300995   0.0172294   -0.0047133   

1125000
-7   -6   -5   -4   -3   -2   -1   0   1   2   3   4   5   6   7   8   9   10   11   12   13   14   15   16   17   18   
-0.432574   -0.360948   -0.268166   -0.177226   -0.0799371   -0.00757286   0.0695496   0.176654   0.284276   0.389763   0.477568   0.562023   0.655084   0.75659   0.861507   0.963552   1.05093   1.09638   1.11434   1.14951   1.18779   1.19908   1.20049   1.18826   1.12794   1.01712   
0.0245871   0.0156064   0.0123651   0.0103674   0.00899822   0.00617728   0.00486872   0.00495058   0.00500274   0.00542545   0.00643988   0.00777512   0.009198   0.0110204   0.0128287   0.0146916   0.0178789   0.0197308   0.0219794   0.0264015   0.030466   0.0374735   0.0468266   0.0608106   0.0866577   0.126859   
-0.0687192   -0.061341   -0.0577049   -0.0534876   -0.0504181   -0.0432646   -0.0351261   -0.0334877   -0.0322702   -0.0305155   -0.025717   -0.0212085   -0.0191187   -0.0192986   -0.0199388   -0.0200473   -0.0181729   -0.00730102   0.0081886   0.0176207   0.024391   0.0312229   0.0338617   0.0301878   0.0173623   -0.00372474   

1130000
-5   -4   -3   -2   -1   0   1   2   3   5   6   7   8   9   10   11   12   13   14   15   16   17   18   
-0.268236   -0.177248   -0.0801305   -0.00727005   0.0696345   0.176693   0.284284   0.389276   0.476751   0.654099   0.755716   0.860783   0.96287   1.05058   1.09708   1.11453   1.15007   1.18846   1.2002   1.20243   1.19067   1.12933   1.02429   
0.0123314   0.0103408   0.00898525   0.00616888   0.00484969   0.00492991   0.00498288   0.00541246   0.00642684   0.00917911   0.0110001   0.0128089   0.0146644   0.0178265   0.0197014   0.0219636   0.0263405   0.0303961   0.0373585   0.0466004   0.0604604   0.0864026   0.125261   
-0.0576728   -0.0534637   -0.0503667   -0.0433114   -0.0351418   -0.0335013   -0.0322795   -0.0304166   -0.0255419   -0.0188982   -0.0191016   -0.0197762   -0.0198903   -0.0180701   -0.00743383   0.00815404   0.0175461   0.0243122   0.0311429   0.0338153   0.0302684   0.0174681   -0.00294227   

1135000
-7   -6   -5   -4   -3   -2   -1   0   1   2   3   4   5   6   7   8   9   10   11   12   13   14   15   16   17   18   
-0.432689   -0.361055   -0.26831   -0.177273   -0.0802804   -0.0069853   0.0697133   0.17673   0.284271   0.38879   0.475944   0.559929   0.653122   0.75485   0.86006   0.962193   1.05023   1.09778   1.11469   1.15064   1.18911   1.20133   1.20437   1.19295   1.1304   1.03033   
0.0244954   0.0155279   0.0122983   0.0103147   0.00897107   0.00615994   0.00483083   0.00490933   0.00496337   0.00539977   0.00641417   0.00774303   0.0091603   0.0109799   0.0127892   0.0146375   0.0177752   0.0196721   0.0219506   0.0262799   0.0303304   0.037244   0.0463743   0.0601315   0.0862061   0.123929   
-0.0686908   -0.0612871   -0.0576397   -0.0534389   -0.0503234   -0.0433546   -0.0351563   -0.0335144   -0.0322846   -0.0303179   -0.0253692   -0.020745   -0.0186792   -0.0189063   -0.0196138   -0.0197344   -0.017967   -0.00756691   0.00812432   0.0174713   0.0242358   0.0310623   0.0337677   0.0303409   0.0175467   -0.00229188   

1140000
-6   -5   -4   -3   -2   -1   0   1   2   3   4   5   6   7   8   9   10   11   12   13   14   15   16   17   18   
-0.361137   -0.268388   -0.177297   -0.0804024   -0.00673761   0.0697859   0.176767   0.284116   0.388315   0.475145   0.558943   0.652151   0.75399   0.85934   0.961523   1.04987   1.09849   1.11481   1.15121   1.18972   1.20245   1.20633   1.19512   1.13117   1.03509   
0.0154914   0.0122659   0.010289   0.00895617   0.00614952   0.00481207   0.00488883   0.00494584   0.00538751   0.00640155   0.00772677   0.0091416   0.01096   0.0127696   0.0146108   0.0177249   0.019643   0.0219406   0.0262197   0.0302678   0.0371299   0.0461497   0.0598191   0.086065   0.122889   
-0.0612539   -0.0576056   -0.0534146   -0.0502852   -0.0433904   -0.0351696   -0.0335276   -0.0322607   -0.030222   -0.0251983   -0.020527   -0.0184618   -0.0187124   -0.0194519   -0.0195801   -0.0178638   -0.0077002   0.00809993   0.0173963   0.0241631   0.0309814   0.0337182   0.030409   0.0175993   -0.00178875   

1145000
-5   -4   -3   -2   -1   0   1   2   3   4   5   6   7   8   9   10   11   12   13   14   15   16   17   18   
-0.26847   -0.177323   -0.0805152   -0.00648476   0.0698525   0.176804   0.283973   0.387835   0.474354   0.558002   0.651187   0.753138   0.85862   0.960856   1.0495   1.09919   1.1149   1.15178   1.1903   1.20358   1.20829   1.19717   1.13165   1.03902   
0.0122341   0.0102638   0.00894108   0.00613974   0.0047935   0.00486844   0.00492822   0.00537541   0.00638933   0.00771083   0.00912297   0.0109402   0.0127502   0.0145842   0.0176758   0.019614   0.0219341   0.0261597   0.0302089   0.037016   0.0459245   0.0595245   0.0859804   0.122038   
-0.0575702   -0.0533899   -0.0502487   -0.0434273   -0.0351816   -0.0335409   -0.0322394   -0.0301247   -0.0250292   -0.0203197   -0.0182458   -0.0185202   -0.0192901   -0.0194266   -0.0177602   -0.00783366   0.00808136   0.0173211   0.0240941   0.0309   0.0336685   0.0304722   0.0176264   -0.00137785   

1150000
-7   -5   -4   -3   -2   -1   0   1   2   3   4   5   6   7   8   9   10   11   12   13   14   15   16   17   18   
-0.432983   -0.268558   -0.177353   -0.0806108   -0.00622694   0.0699121   0.17684   0.283841   0.387352   0.47357   0.557084   0.650231   0.752292   0.857902   0.960195   1.04914   1.09989   1.11494   1.15235   1.19083   1.2047   1.21023   1.19908   1.13184   1.04212   
0.024316   0.012203   0.0102389   0.00892561   0.00613056   0.00477506   0.00484819   0.00491062   0.00536373   0.00637732   0.00769509   0.00910445   0.0109205   0.0127309   0.0145579   0.0176275   0.0195853   0.0219313   0.0261   0.0301541   0.0369033   0.0457001   0.0592503   0.0859436   0.121367   
-0.0686364   -0.0575335   -0.0533643   -0.0502154   -0.0434653   -0.0351923   -0.0335539   -0.0322203   -0.0300268   -0.0248619   -0.0201178   -0.0180314   -0.0183295   -0.0191287   -0.0192743   -0.0176565   -0.00796739   0.00806936   0.0172457   0.0240293   0.0308178   0.0336179   0.0305295   0.0176307   -0.00105864   

1155000
-6   -5   -4   -3   -2   -1   0   1   2   3   4   5   6   7   8   9   10   11   12   14   15   16   17   18   
-0.361435   -0.26865   -0.177389   -0.0806906   -0.00596368   0.069964   0.176874   0.283718   0.386864   0.472797   0.556181   0.649281   0.751453   0.857186   0.95954   1.04879   1.1006   1.11494   1.15291   1.20582   1.21217   1.20085   1.13178   1.0445   
0.0153887   0.0121724   0.0102144   0.00890977   0.00612202   0.00475679   0.00482807   0.00489307   0.00535222   0.00636566   0.0076795   0.00908602   0.0109009   0.0127118   0.0145319   0.01758   0.0195567   0.0219325   0.0260407   0.0367897   0.0454778   0.0589981   0.0859557   0.120857   
-0.0611409   -0.0574955   -0.0533376   -0.0501852   -0.0435042   -0.0352013   -0.0335666   -0.0322028   -0.0299277   -0.024697   -0.0199192   -0.0178184   -0.0181403   -0.0189678   -0.0191237   -0.017557   -0.00810139   0.00806416   0.0171703   0.0307358   0.0335661   0.0305803   0.0176123   -0.000818646   

1160000
-9   -6   -5   -4   -3   -2   -1   0   1   2   3   4   5   6   7   8   9   10   11   12   13   14   15   16   17   18   
-0.486547   -0.361552   -0.268749   -0.177429   -0.0807598   -0.00569313   0.0700067   0.176908   0.283601   0.386417   0.472033   0.555288   0.648338   0.750622   0.856472   0.958896   1.04846   1.10132   1.11488   1.15348   1.19177   1.20695   1.21409   1.20246   1.13147   1.04636   
0.0431773   0.0153564   0.0121424   0.0101903   0.00889376   0.00611423   0.00473867   0.0048081   0.00487551   0.0053395   0.00635422   0.00766404   0.00906769   0.0108816   0.0126928   0.0145061   0.0175332   0.0195278   0.0219385   0.0259821   0.0300585   0.0366774   0.0452585   0.0587686   0.0860112   0.120446   
-0.0897391   -0.0610987   -0.057456   -0.05331   -0.0501569   -0.0435447   -0.0352084   -0.0335792   -0.0321866   -0.0298387   -0.0245343   -0.0197231   -0.017607   -0.0179527   -0.0188073   -0.0189753   -0.0174626   -0.00823847   0.00806693   0.0170944   0.0239146   0.0306527   0.0335131   0.0306242   0.0175736   -0.000631413   

1165000
-5   -4   -3   -2   -1   0   1   2   3   4   5   6   7   8   9   10   11   12   13   14   15   16   17   18   
-0.268854   -0.177476   -0.0808186   -0.00543079   0.0700387   0.176942   0.28349   0.386006   0.471279   0.554408   0.647403   0.749798   0.855761   0.958257   1.04812   1.10205   1.11477   1.15405   1.19215   1.20807   1.216   1.20391   1.13093   1.04778   
0.0121129   0.0101666   0.00887753   0.00610638   0.00472074   0.00478827   0.00485799   0.00532584   0.00634307   0.00764871   0.00904946   0.0108624   0.0126739   0.0144806   0.0174873   0.019499   0.0219497   0.0259235   0.0300184   0.0365652   0.0450405   0.0585628   0.0861074   0.120155   
-0.0574149   -0.053281   -0.0501308   -0.0435834   -0.0352132   -0.0335916   -0.0321713   -0.029758   -0.024374   -0.0195297   -0.0173972   -0.017767   -0.0186473   -0.0188282   -0.0173679   -0.0083759   0.00807852   0.0170183   0.0238664   0.0305696   0.0334592   0.0306615   0.0175158   -0.000495419   

1170000
-6   -5   -4   -3   -2   -1   0   1   2   3   4   5   6   7   8   9   10   11   12   13   14   15   16   18   
-0.363136   -0.268965   -0.17753   -0.0808705   -0.00520893   0.0700622   0.176974   0.283387   0.385593   0.470533   0.55354   0.646475   0.748984   0.85505   0.957627   1.04779   1.10277   1.1146   1.15462   1.19247   1.20919   1.21791   1.20521   1.04878   
0.0154423   0.012084   0.0101434   0.00886122   0.00609682   0.00470302   0.00476863   0.00484052   0.00531243   0.00633223   0.00763352   0.00903135   0.0108433   0.0126552   0.0144553   0.0174422   0.0194704   0.0219668   0.0258652   0.0299851   0.0364544   0.0448233   0.0583806   0.119928   
-0.0609286   -0.0573724   -0.0532506   -0.0501059   -0.0436143   -0.0352163   -0.0336039   -0.0321577   -0.0296771   -0.0242158   -0.0193395   -0.0171891   -0.0175834   -0.0184877   -0.0186831   -0.0172727   -0.00851374   0.00809961   0.0169419   0.0238246   0.0304854   0.0334042   0.0306931   -0.000398266   

1175000
-6   -5   -4   -3   -2   -1   0   1   2   3   4   5   6   7   8   9   10   11   12   13   14   15   16   18   
-0.361956   -0.269081   -0.177585   -0.0809153   -0.0049834   0.0700802   0.177007   0.283292   0.385181   0.469797   0.552686   0.645562   0.748176   0.854343   0.957003   1.04745   1.1035   1.11435   1.1552   1.19272   1.21031   1.21982   1.20632   1.04944   
0.0152649   0.0120555   0.0101204   0.00884478   0.00608781   0.00468554   0.00474915   0.00482308   0.00529932   0.00632161   0.0076185   0.00901348   0.0108244   0.0126366   0.0144303   0.0173979   0.019442   0.0219909   0.0258071   0.0299587   0.0363436   0.0446075   0.0582225   0.11981   
-0.0609602   -0.0573284   -0.0532198   -0.0500825   -0.0436459   -0.0352181   -0.0336163   -0.0321458   -0.0295962   -0.0240597   -0.0191523   -0.0169842   -0.0174012   -0.0183285   -0.0185395   -0.0171774   -0.00865154   0.00813185   0.0168652   0.0237906   0.0304011   0.033348   0.0307196   -0.000344525   

1180000
-6   -5   -4   -3   -2   -1   0   1   2   3   4   5   6   7   8   9   10   11   12   13   14   15   16   17   18   
-0.362102   -0.269204   -0.177648   -0.0809558   -0.00475459   0.0702342   0.17704   0.283207   0.384768   0.469069   0.551843   0.644664   0.747375   0.853637   0.956386   1.0471   1.10422   1.11403   1.15577   1.19289   1.21143   1.22174   1.20725   1.12811   1.04979   
0.0152358   0.0120274   0.0100979   0.00882834   0.00607935   0.00466949   0.00472985   0.00480575   0.0052865   0.00631136   0.00760361   0.00899584   0.0108056   0.0126181   0.0144056   0.0173544   0.0194137   0.0220229   0.0257492   0.0299405   0.0362334   0.0443942   0.0580889   0.086614   0.119733   
-0.0609112   -0.0572831   -0.0531874   -0.0500599   -0.0436781   -0.035247   -0.0336287   -0.0321359   -0.0295152   -0.0239056   -0.0189678   -0.0167828   -0.0172203   -0.0181699   -0.0183976   -0.0170817   -0.00878982   0.00817623   0.0167883   0.0237657   0.0303165   0.0332901   0.0307408   0.0172406   -0.000318494   

1185000
-6   -5   -4   -3   -2   -1   0   1   2   3   4   5   6   7   8   9   10   11   12   13   14   15   16   17   18   
-0.362251   -0.269329   -0.177717   -0.0809923   -0.00452165   0.0704134   0.177074   0.28313   0.384356   0.468349   0.551012   0.64378   0.746579   0.852935   0.955931   1.04676   1.10495   1.11361   1.15634   1.19296   1.21254   1.22363   1.20798   1.12681   1.04986   
0.0152074   0.0119998   0.0100758   0.00881187   0.00607146   0.00465385   0.00471072   0.00478835   0.00527398   0.00630133   0.00758885   0.00897843   0.010787   0.0125998   0.0143822   0.0173117   0.0193856   0.0220645   0.0256915   0.0299316   0.0361229   0.0441822   0.0579841   0.0868473   0.119721   
-0.0608616   -0.057237   -0.0531538   -0.050038   -0.0437112   -0.0352809   -0.0336412   -0.0321276   -0.0294344   -0.0237533   -0.018786   -0.0165845   -0.0170409   -0.0180118   -0.0182924   -0.0169857   -0.00892819   0.00823476   0.016711   0.0237512   0.0302317   0.0332318   0.0307553   0.0171189   -0.000322861   

1190000
-8   -5   -4   -3   -2   -1   0   1   2   3   4   5   6   7   8   9   10   11   12   13   14   15   16   
-0.485162   -0.269461   -0.177791   -0.0810255   -0.0042834   0.0705796   0.177108   0.283062   0.383943   0.46765   0.550193   0.64291   0.74579   0.852236   0.95549   1.04641   1.10567   1.11307   1.15692   1.19292   1.21367   1.2255   1.20851   
0.0313052   0.0119727   0.0100541   0.00879541   0.00606423   0.00463822   0.00469178   0.00477106   0.00526177   0.00629115   0.00757426   0.00896125   0.0107685   0.0125817   0.0143592   0.0172697   0.0193576   0.0221181   0.0256341   0.029934   0.0360133   0.0439732   0.0579065   
-0.0779712   -0.0571893   -0.0531191   -0.0500169   -0.0437452   -0.0353123   -0.0336538   -0.0321211   -0.0293536   -0.0236058   -0.0186069   -0.0163893   -0.0168628   -0.0178547   -0.0181905   -0.0168896   -0.00906696   0.0083101   0.0166334   0.0237491   0.0301459   0.0331723   0.0307637   

1195000
-6   -5   -4   -3   -2   -1   0   1   2   3   4   5   6   7   8   9   10   11   12   13   14   15   16   17   18   
-0.362561   -0.269596   -0.17787   -0.0810557   -0.00403809   0.0707351   0.177142   0.283001   0.383531   0.467029   0.549386   0.642053   0.745007   0.851542   0.955039   1.04606   1.1064   1.1124   1.15749   1.19274   1.21479   1.22735   1.20884   1.12375   1.04932   
0.0151524   0.0119459   0.0100328   0.00877903   0.00605776   0.00462265   0.00467302   0.00475384   0.00524989   0.00627931   0.00755984   0.00894428   0.0107501   0.0125637   0.0143363   0.0172284   0.0193297   0.0221868   0.0255769   0.0299497   0.0359046   0.0437682   0.057857   0.087396   0.119836   
-0.0607594   -0.0571412   -0.0530834   -0.0499963   -0.0437806   -0.0353416   -0.0336664   -0.032116   -0.0292728   -0.0234751   -0.0184306   -0.0161971   -0.016686   -0.0176985   -0.0180862   -0.0167934   -0.00920593   0.0084056   0.0165554   0.023762   0.0300592   0.0331116   0.030766   0.0168372   -0.000401825   

1200000
-5   -4   -3   -2   -1   0   1   2   3   4   5   6   7   8   9   10   11   12   13   14   15   16   17   
-0.269727   -0.177954   -0.0810837   -0.00384002   0.0708807   0.177177   0.282946   0.383118   0.466415   0.54859   0.641209   0.744229   0.850853   0.954578   1.0457   1.10713   1.11156   1.15807   1.19238   1.2159   1.22919   1.20897   1.12202   
0.0119196   0.0100118   0.00876268   0.00604918   0.00460715   0.00465448   0.00473671   0.00523833   0.00626753   0.00754557   0.00892752   0.0107318   0.0125459   0.0143135   0.0171877   0.0193022   0.0222761   0.02552   0.0299825   0.0357938   0.0435649   0.0578359   0.087716   
-0.0570937   -0.0530469   -0.0499763   -0.0438069   -0.0353689   -0.0336791   -0.0321122   -0.0291919   -0.023346   -0.0182571   -0.016008   -0.0165106   -0.0175434   -0.0179799   -0.0166971   -0.00934526   0.00852663   0.0164772   0.0237933   0.0299735   0.0330501   0.0307621   0.0166747   

1205000
-6   -5   -4   -3   -2   -1   0   1   2   3   4   5   6   7   8   9   10   11   12   13   14   15   16   17   18   
-0.362904   -0.269862   -0.178041   -0.0811094   -0.00364603   0.0710185   0.17721   0.282897   0.382705   0.465807   0.547806   0.640379   0.743458   0.850168   0.954111   1.04535   1.10785   1.11047   1.15865   1.19181   1.21701   1.23103   1.20888   1.12168   1.04803   
0.0150999   0.0118936   0.00999128   0.00874634   0.00604076   0.00459169   0.00463616   0.00471967   0.00522704   0.00625607   0.00753149   0.00891097   0.0107137   0.0125283   0.0142908   0.0171477   0.0192746   0.0223959   0.0254632   0.0300373   0.0356887   0.043363   0.0578444   0.0877873   0.120088   
-0.0606495   -0.0570454   -0.0530097   -0.0499567   -0.0438323   -0.0353948   -0.0336915   -0.0321096   -0.0291108   -0.0232184   -0.0180863   -0.015822   -0.0163365   -0.0173892   -0.0178722   -0.0166006   -0.00948472   0.0086827   0.0163986   0.0238484   0.0298875   0.0329878   0.0307516   0.0166302   -0.000553697   

1210000
-6   -5   -4   -3   -2   -1   0   1   2   3   4   5   6   7   8   9   10   11   12   13   14   15   16   17   
-0.363089   -0.27   -0.178252   -0.0811347   -0.00344972   0.0711496   0.177242   0.282854   0.38229   0.465214   0.547033   0.639563   0.742692   0.849488   0.953639   1.04499   1.10858   1.10899   1.15923   1.19094   1.21811   1.23286   1.20859   1.12507   
0.0150745   0.011868   0.00997689   0.00873009   0.00603289   0.00457632   0.00461801   0.00470273   0.0052161   0.00624493   0.00751755   0.00889465   0.0106956   0.0125107   0.0142684   0.0171083   0.0192473   0.0225691   0.0254067   0.0301216   0.035583   0.0431634   0.057882   0.0871883   
-0.0605915   -0.0569964   -0.0529558   -0.0499373   -0.0438582   -0.0354195   -0.0337037   -0.0321082   -0.0290295   -0.0230942   -0.0179179   -0.0156391   -0.0161635   -0.017236   -0.0177633   -0.0165041   -0.00962426   0.00889456   0.0163197   0.0239354   0.0298014   0.0329245   0.0307347   0.0168984   

1215000
-7   -6   -5   -4   -3   -2   -1   0   1   2   3   5   6   7   8   9   10   11   12   13   14   15   16   17   18   
-0.441787   -0.363283   -0.270145   -0.17856   -0.0811593   -0.00325081   0.0712761   0.17727   0.282817   0.381875   0.464636   0.638762   0.741933   0.848811   0.953163   1.04463   1.10931   1.10692   1.07367   1.18962   1.21921   1.23468   1.20807   1.12846   1.04616   
0.0224436   0.0150498   0.0118429   0.00996731   0.00871392   0.00602553   0.00456103   0.00460008   0.0046859   0.00520556   0.00623401   0.00887855   0.0106777   0.0124935   0.014246   0.0170694   0.0192203   0.0228375   0.0125761   0.0302519   0.035476   0.0429671   0.05795   0.0865874   0.120503   
-0.0675572   -0.0605313   -0.0569458   -0.052889   -0.049918   -0.0438846   -0.0354433   -0.0337148   -0.0321082   -0.0289481   -0.0229735   -0.0154597   -0.0159921   -0.0170836   -0.0176536   -0.0164076   -0.00976411   0.00918874   0.0246623   0.0240696   0.0297156   0.0328599   0.0307111   0.0171688   -0.000774462   

1220000
-8   -6   -5   -4   -3   -2   -1   0   1   2   3   4   5   6   7   8   9   10   11   12   13   14   15   16   17   
-0.490637   -0.363486   -0.270296   -0.178815   -0.0811834   -0.00304832   0.0713995   0.177292   0.282787   0.381489   0.464066   0.545522   0.637976   0.741178   0.84814   0.952684   1.04427   1.11003   1.10754   1.16039   1.18753   1.22033   1.23647   1.20732   1.13189   
0.0303494   0.0150256   0.011818   0.00995534   0.00869781   0.00601876   0.00454582   0.00458234   0.00466919   0.00519428   0.00622333   0.00749017   0.00886274   0.0106599   0.0124763   0.0142238   0.0170311   0.0191934   0.0227658   0.0252943   0.0304639   0.0353719   0.0427731   0.0580512   0.0859828   
-0.0766886   -0.0604691   -0.0568939   -0.05283   -0.049899   -0.0439117   -0.0354667   -0.0337244   -0.0321094   -0.0288734   -0.0228547   -0.0175895   -0.0152841   -0.0158216   -0.0169323   -0.0175433   -0.0163111   -0.00990373   0.00909972   0.016161   0.0242856   0.0296278   0.0327949   0.0306796   0.017444   

1225000
-8   -5   -4   -3   -2   -1   0   1   2   3   4   5   6   7   8   9   10   11   12   13   14   15   17   
-0.491595   -0.270453   -0.179034   -0.0812073   -0.00283919   0.0715198   0.177307   0.282761   0.381149   0.463503   0.544786   0.637208   0.74043   0.847473   0.952202   1.04391   1.11076   1.10816   1.16098   1.18681   1.22143   1.23824   1.1353   
0.0301882   0.0117936   0.00994193   0.00868178   0.00601273   0.00453071   0.00456483   0.00465262   0.00518185   0.00621285   0.00747674   0.00884718   0.0106422   0.0124593   0.0142018   0.0169934   0.0191667   0.0226957   0.0252383   0.0305394   0.0352659   0.0425814   0.0853839   
-0.0764623   -0.0568404   -0.0527761   -0.04988   -0.0439401   -0.0354896   -0.0337323   -0.0321115   -0.0288096   -0.0227377   -0.0174299   -0.0151126   -0.0156526   -0.016782   -0.0174325   -0.0162147   -0.0100437   0.0090095   0.0160812   0.0243582   0.0295408   0.0327301   0.0177168   

1230000
-6   -5   -4   -3   -2   -1   0   1   2   3   4   5   6   7   8   9   10   12   13   15   16   17   
-0.363951   -0.270616   -0.17923   -0.0812323   -0.00263598   0.0716346   0.177319   0.282739   0.380813   0.462947   0.544064   0.63646   0.739686   0.84681   0.951719   1.04355   1.11149   1.16156   1.18781   1.23998   1.20514   1.13863   
0.0149858   0.0117695   0.00992757   0.00866588   0.00600675   0.00451572   0.00454755   0.00463618   0.00516973   0.00620268   0.00746349   0.00883193   0.0106247   0.0124424   0.01418   0.0169562   0.0191402   0.0251826   0.030436   0.0423947   0.0583496   0.0847996   
-0.0603509   -0.0567857   -0.0527259   -0.0498608   -0.0439674   -0.0355115   -0.0337397   -0.0321145   -0.0287465   -0.0226224   -0.0172736   -0.014946   -0.0154846   -0.0166326   -0.0173213   -0.0161184   -0.0101838   0.0160011   0.0242532   0.032664   0.0305942   0.017981   

1235000
-6   -5   -4   -3   -2   -1   0   1   2   3   4   5   6   7   8   9   10   11   12   13   14   15   16   17   18   
-0.364201   -0.270786   -0.179407   -0.0812567   -0.00247606   0.0717436   0.177354   0.282721   0.380478   0.462399   0.543363   0.635734   0.738949   0.846151   0.951236   1.04319   1.11221   1.10942   1.16215   1.18881   1.22364   1.24171   1.20369   1.14195   1.04108   
0.0149697   0.0117458   0.00991253   0.00864999   0.00599875   0.00450085   0.00453085   0.00461986   0.00515783   0.00619265   0.00745052   0.00881696   0.0106072   0.0124259   0.0141583   0.0169194   0.0191139   0.0225603   0.0251271   0.0303363   0.0350568   0.0422106   0.0585465   0.0842138   0.121558   
-0.0602979   -0.0567294   -0.0526786   -0.0498419   -0.0439863   -0.0355323   -0.0337516   -0.0321181   -0.0286839   -0.0225089   -0.017122   -0.0147843   -0.015318   -0.016484   -0.01721   -0.0160221   -0.0103234   0.0088256   0.0159209   0.0241465   0.0293642   0.0325973   0.0305407   0.0182472   -0.00134409   

1240000
-6   -5   -4   -3   -2   -1   0   1   2   3   4   6   7   8   9   10   11   12   13   14   15   16   17   18   
-0.364441   -0.270962   -0.179569   -0.081282   -0.00242551   0.0718474   0.177652   0.282704   0.380147   0.461857   0.542682   0.73822   0.845496   0.950751   1.04283   1.11293   1.11005   1.16273   1.18981   1.22475   1.24342   1.20202   1.14529   1.03962   
0.0149524   0.0117225   0.00989702   0.00863424   0.00599535   0.0044861   0.00451799   0.00460368   0.00514625   0.0061829   0.0074379   0.0105899   0.0124095   0.0141368   0.0168831   0.0190878   0.0224949   0.025072   0.0302371   0.0349532   0.0420285   0.058771   0.0836275   0.121877   
-0.0602441   -0.0566716   -0.0526334   -0.0498228   -0.0439848   -0.0355521   -0.0338168   -0.0321219   -0.0286219   -0.0223969   -0.0169752   -0.0151533   -0.0163363   -0.0170985   -0.0159263   -0.010463   0.00873257   0.0158407   0.0240403   0.0292751   0.0325304   0.0304804   0.0185159   -0.00151205   

1245000
-6   -5   -4   -3   -2   -1   0   1   2   3   4   5   6   7   8   9   10   11   12   13   14   15   17   18   
-0.364673   -0.271146   -0.179718   -0.0813084   -0.00244687   0.0719458   0.177911   0.282688   0.379817   0.461321   0.542014   0.634315   0.737501   0.844845   0.950266   1.04246   1.11365   1.11069   1.16332   1.19081   1.22585   1.24512   1.14858   1.04093   
0.0149343   0.0116997   0.00988106   0.00861859   0.00599538   0.00447147   0.00450471   0.00458766   0.00513495   0.0061734   0.00742541   0.00878716   0.0105728   0.0123932   0.0141155   0.0168472   0.0190621   0.0224309   0.0250172   0.0301396   0.0348493   0.0418493   0.0830532   0.121618   
-0.0601899   -0.0566122   -0.0525907   -0.0498036   -0.0439698   -0.0355709   -0.0338741   -0.0321255   -0.0285605   -0.0222864   -0.0168318   -0.0144687   -0.0149907   -0.0161896   -0.0169869   -0.0158302   -0.0106022   0.00863876   0.0157604   0.0239341   0.029186   0.0324632   0.018778   -0.0013947   

1250000
-7   -6   -5   -4   -3   -2   -1   0   1   2   3   4   5   6   7   8   9   10   11   12   13   14   15   16   17   18   
-0.444473   -0.364897   -0.271336   -0.179862   -0.0813353   -0.00243333   0.0720386   0.178139   0.282671   0.379491   0.460791   0.54136   0.633623   0.736791   0.844199   0.94978   1.0421   1.11436   1.11133   1.16391   1.1918   1.22695   1.24679   1.19975   1.1518   1.04413   
0.0221178   0.0149155   0.0116773   0.009865   0.00860305   0.00599507   0.00445696   0.00449117   0.00457178   0.00512392   0.00616414   0.00741326   0.00877207   0.0105559   0.0123771   0.0140945   0.0168119   0.0190366   0.0223682   0.0249627   0.0300425   0.0347462   0.0416732   0.0590893   0.0824923   0.120969   
-0.0668142   -0.0601357   -0.0565514   -0.0525485   -0.0497843   -0.0439613   -0.0355887   -0.0339253   -0.0321289   -0.0284998   -0.0221772   -0.0166913   -0.0143146   -0.0148301   -0.0160438   -0.0168752   -0.0157344   -0.0107413   0.00854436   0.0156798   0.0238285   0.0290966   0.0323957   0.0303891   0.0190327   -0.00108545   

1255000
-7   -6   -5   -4   -3   -2   -1   0   1   2   3   4   5   6   7   8   9   10   11   12   13   14   15   16   17   18   
-0.444784   -0.365114   -0.271533   -0.179996   -0.081363   -0.00238735   0.0721257   0.178344   0.282659   0.379168   0.460266   0.540721   0.632941   0.736088   0.843559   0.949294   1.04174   1.11508   1.11196   1.1645   1.19278   1.22806   1.24844   1.20239   1.15504   1.04734   
0.0220634   0.0148961   0.0116553   0.00984865   0.00858762   0.00599478   0.0044426   0.00447744   0.00455607   0.00511321   0.00615515   0.00740128   0.00875701   0.0105391   0.0123613   0.0140736   0.016777   0.0190113   0.0223069   0.0249083   0.0299473   0.0346437   0.041501   0.0587209   0.0819289   0.120331   
-0.0667354   -0.0600817   -0.0564891   -0.0525082   -0.049765   -0.0439591   -0.0356053   -0.0339716   -0.0321333   -0.0284397   -0.0220694   -0.0165545   -0.0141627   -0.0146713   -0.0158995   -0.0167636   -0.0156387   -0.0108799   0.00844946   0.0155989   0.0237228   0.0290063   0.0323279   0.0304776   0.0192906   -0.000779218   

1260000
-6   -5   -4   -3   -2   -1   0   1   2   3   4   5   6   7   8   9   10   11   12   13   14   15   16   17   18   
-0.365325   -0.271737   -0.180122   -0.0813912   -0.00233569   0.0722058   0.178529   0.28265   0.378846   0.459746   0.540095   0.632266   0.735394   0.842924   0.948809   1.04137   1.11579   1.1126   1.16508   1.19377   1.22916   1.25005   1.20499   1.15826   1.05061   
0.0148762   0.0116338   0.00983217   0.00857231   0.00599357   0.00442839   0.0044636   0.00454052   0.00510275   0.00614639   0.00738969   0.00874225   0.0105225   0.0123455   0.0140529   0.0167425   0.0189864   0.0222468   0.0248542   0.0298539   0.0345405   0.0413322   0.0583608   0.0813681   0.119672   
-0.0600278   -0.0564255   -0.0524691   -0.0497457   -0.043958   -0.0356206   -0.034014   -0.0321384   -0.02838   -0.0219629   -0.0164208   -0.0140124   -0.0145142   -0.0157563   -0.0166522   -0.0155434   -0.011018   0.00835417   0.0155177   0.0236172   0.0289156   0.0322603   0.0305613   0.0195478   -0.00046318   

1265000
-8   -6   -5   -4   -3   -2   -1   0   1   2   3   4   5   6   7   8   9   10   11   12   13   14   15   16   17   18   
-0.499778   -0.365532   -0.272011   -0.180248   -0.0814199   -0.00231027   0.0722784   0.178679   0.282646   0.378525   0.45923   0.539484   0.6316   0.734706   0.842294   0.948323   1.04103   1.11649   1.11323   1.16568   1.10426   1.23027   1.25164   1.20758   1.1614   1.05393   
0.0289624   0.0148558   0.0116202   0.00981577   0.00855712   0.00599007   0.00441432   0.00444988   0.00452513   0.00509268   0.0061379   0.00737834   0.0087275   0.010506   0.0123299   0.0140324   0.0167085   0.0189617   0.0221881   0.0248002   0.0165221   0.0344375   0.0411673   0.0580001   0.080825   0.119008   
-0.0745117   -0.059974   -0.056368   -0.05243   -0.0497263   -0.0439519   -0.0356344   -0.0340491   -0.0321444   -0.0283207   -0.0218573   -0.0162903   -0.0138643   -0.0143586   -0.0156141   -0.0165405   -0.0154538   -0.0111554   0.00825873   0.0154363   0.0309297   0.0288241   0.0321926   0.0306455   0.0197946   -0.000142321   

1270000
-6   -5   -4   -2   -1   0   1   2   3   4   5   6   7   8   9   10   11   12   13   14   15   16   17   18   
-0.365735   -0.27227   -0.180371   -0.00226726   0.0723463   0.178644   0.282647   0.378205   0.458719   0.538885   0.630943   0.734026   0.841668   0.947838   1.04072   1.1172   1.11387   1.16627   1.19571   1.23139   1.25319   1.21018   1.16453   1.05726   
0.0148352   0.0116051   0.00979937   0.00598662   0.00440045   0.00443756   0.00450993   0.00508288   0.00612958   0.00736727   0.00871291   0.0104896   0.0123145   0.0140121   0.0166749   0.0189374   0.0221304   0.0247463   0.0296706   0.0343348   0.0410064   0.0576432   0.0802865   0.118337   
-0.0599202   -0.0563098   -0.0523916   -0.0439491   -0.0356473   -0.0340462   -0.0321512   -0.0282615   -0.0217529   -0.0161628   -0.0137182   -0.0142047   -0.0154727   -0.0164291   -0.0153698   -0.0112921   0.00816297   0.0153547   0.0234068   0.0287317   0.0321252   0.0307278   0.0200396   0.000180261   

1275000
-6   -5   -4   -3   -2   -1   0   1   2   3   5   6   7   8   9   10   11   12   13   14   15   16   17   18   
-0.365935   -0.272515   -0.180488   -0.0814771   -0.00220923   0.07241   0.178614   0.282651   0.377885   0.458243   0.630295   0.733352   0.841046   0.947353   1.0404   1.04172   1.1145   1.16686   1.19668   1.23251   1.25472   1.21273   1.16768   1.0605   
0.0148141   0.0115889   0.00978286   0.00852715   0.00598324   0.00438676   0.0044251   0.00449487   0.00507336   0.00612065   0.00869846   0.0104734   0.0122992   0.013992   0.0166418   0.00601853   0.022074   0.024693   0.0295808   0.034232   0.0408484   0.0572891   0.0797433   0.117686   
-0.0598663   -0.0562516   -0.0523542   -0.0496879   -0.0439493   -0.0356593   -0.0340442   -0.0321589   -0.0282022   -0.021656   -0.013574   -0.0140521   -0.0153323   -0.0163179   -0.0152858   -0.00102119   0.00806708   0.0152728   0.0233024   0.0286387   0.0320579   0.0308084   0.0202884   0.00049382   

1280000
-8   -6   -5   -4   -3   -2   -1   0   1   2   3   4   5   6   7   8   9   10   11   12   13   14   15   16   17   18   
-0.502495   -0.366133   -0.272749   -0.180601   -0.0815045   -0.00213708   0.0724697   0.178587   0.282659   0.377564   0.457833   0.537723   0.629655   0.732684   0.840428   0.946868   1.04008   1.11858   1.11513   1.16745   1.19764   1.23363   1.25623   1.21524   1.17077   1.06373   
0.0285931   0.0147928   0.0115718   0.00976631   0.00851237   0.00598001   0.00437327   0.00441253   0.00448001   0.00506417   0.00611012   0.00734583   0.00868412   0.0104573   0.0122841   0.0139721   0.016609   0.01889   0.0220186   0.0246398   0.0294926   0.0341294   0.0406936   0.056945   0.0792136   0.117043   
-0.0738535   -0.0598123   -0.0561938   -0.0523174   -0.0496691   -0.0439522   -0.0356706   -0.0340431   -0.0321674   -0.0281428   -0.0215734   -0.0159163   -0.0134318   -0.013901   -0.0151927   -0.0162068   -0.0152008   -0.0115625   0.0079711   0.0151907   0.0231982   0.0285451   0.0319908   0.0308834   0.0205303   0.000804931   

1285000
-6   -5   -4   -3   -2   -1   0   1   2   3   4   5   6   7   8   9   10   11   12   13   14   15   16   17   18   
-0.366328   -0.272973   -0.180711   -0.0815304   -0.00204902   0.0725256   0.178563   0.282658   0.377292   0.457429   0.537158   0.629022   0.732022   0.839814   0.946384   1.03976   1.11926   1.11576   1.16804   1.19859   1.23476   1.25771   1.21773   1.17377   1.067   
0.0147712   0.0115542   0.00974973   0.00849772   0.00597711   0.00436   0.00439986   0.0044655   0.00505378   0.00609975   0.00733549   0.00866986   0.0104413   0.012269   0.0139525   0.0165766   0.018867   0.0219644   0.0245867   0.0294052   0.0340269   0.0405423   0.0566037   0.0786937   0.116396   
-0.0597581   -0.0561369   -0.0522811   -0.0496508   -0.0439581   -0.0356811   -0.0340425   -0.0321741   -0.0280945   -0.0214923   -0.0157968   -0.0132914   -0.0137512   -0.015054   -0.0160957   -0.0151158   -0.0116957   0.00787495   0.0151084   0.0230948   0.0284509   0.0319241   0.0309571   0.0207643   0.00112093   

1290000
-6   -5   -4   -3   -1   0   1   2   3   5   6   7   8   9   10   11   12   13   14   15   16   17   18   
-0.366523   -0.27319   -0.180817   -0.0815544   0.0724097   0.178542   0.2826   0.377058   0.45703   0.628398   0.731366   0.839204   0.945901   1.03943   1.11993   1.11639   1.16864   1.19953   1.23588   1.25916   1.22021   1.17682   1.07027   
0.0147493   0.0115361   0.0097331   0.0084832   0.0043489   0.00438712   0.00445196   0.00504248   0.00608966   0.00865574   0.0104255   0.0122542   0.0139331   0.0165446   0.0188444   0.0219111   0.0245339   0.0293192   0.0339247   0.040395   0.0562623   0.0781811   0.115733   
-0.0597037   -0.0560802   -0.0522454   -0.0496331   -0.035657   -0.0340426   -0.0321698   -0.0280549   -0.0214125   -0.0131527   -0.0136025   -0.0149162   -0.0159849   -0.0150308   -0.0118275   0.00777902   0.015026   0.0229918   0.0283562   0.0318581   0.0310308   0.0209978   0.00144144   

1295000
-5   -4   -2   -1   0   1   2   3   4   5   6   7   8   9   10   11   12   13   14   15   16   17   18   
-0.2734   -0.180923   -0.00188348   0.072314   0.178525   0.282882   0.376826   0.456637   0.536115   0.627781   0.730715   0.838598   0.945418   1.03911   1.1206   1.11701   1.16923   1.10613   1.23701   1.26056   1.22268   1.17985   1.07351   
0.0115176   0.00971651   0.00596947   0.00433883   0.00437431   0.00444304   0.00503147   0.00607984   0.00731196   0.00864176   0.0104098   0.0122395   0.0139139   0.016513   0.0188222   0.0218589   0.0244814   0.0163291   0.0338227   0.0402521   0.055927   0.0776643   0.115076   
-0.0560242   -0.05221   -0.0439682   -0.0356363   -0.0340433   -0.0322344   -0.0280157   -0.021334   -0.015575   -0.0130158   -0.0134551   -0.0147792   -0.0158742   -0.0149458   -0.0119581   0.00768294   0.0149434   0.0307219   0.0282611   0.0317929   0.0311013   0.0212336   0.00175784   

1300000
-8   -6   -5   -4   -3   -2   -1   0   1   2   3   4   5   6   7   8   9   10   11   12   13   14   15   16   17   18   
-0.47718   -0.368195   -0.273605   -0.181027   -0.0816208   -0.00181541   0.0722822   0.178509   0.283113   0.376595   0.456249   0.535613   0.627171   0.730068   0.837996   0.944933   1.03878   1.12125   1.11764   1.16982   1.20139   1.23813   1.26193   1.2251   1.18283   1.07667   
0.0152389   0.0159008   0.0114988   0.00969997   0.00845181   0.00596429   0.00432878   0.00436147   0.00443338   0.00502072   0.00607024   0.00730034   0.00862786   0.0103942   0.0122248   0.0138952   0.0164816   0.0188005   0.0218078   0.0244291   0.0291513   0.033721   0.040114   0.0555969   0.0771564   0.114454   
-0.0736132   -0.0600621   -0.0559685   -0.0521746   -0.0495926   -0.0439706   -0.0356278   -0.0340445   -0.0322886   -0.0279771   -0.0212569   -0.0154684   -0.0128807   -0.0133087   -0.0146432   -0.0157633   -0.0148603   -0.0120872   0.00758714   0.0148607   0.0227875   0.0281658   0.0317287   0.0311682   0.0214631   0.00205998   

1305000
-5   -4   -3   -2   -1   0   1   2   3   4   5   6   8   9   10   11   12   13   14   15   16   17   18   
-0.273804   -0.181127   -0.081655   -0.00173876   0.0722582   0.178498   0.283305   0.376367   0.455866   0.535122   0.62657   0.729427   0.944449   1.03846   1.1219   1.11826   1.17042   1.20231   1.23925   1.26325   1.22749   1.18577   1.07986   
0.0114797   0.00968335   0.00843622   0.0059593   0.00431856   0.00434859   0.00442318   0.00501033   0.00606083   0.00728891   0.0086141   0.0103787   0.0138767   0.0164506   0.0187792   0.0217576   0.0243771   0.0290689   0.0336194   0.0399811   0.0552746   0.076659   0.113824   
-0.0559134   -0.05214   -0.0495723   -0.0439747   -0.0356211   -0.0340465   -0.0323349   -0.0279388   -0.0211809   -0.0153644   -0.0127475   -0.0131634   -0.0156526   -0.014775   -0.0122146   0.00749142   0.0147778   0.0226864   0.0280704   0.0316659   0.0312309   0.0216865   0.00236645   

1310000
-10   -7   -6   -5   -4   -3   -2   -1   0   1   2   3   4   5   6   8   9   10   11   12   13   14   15   16   17   18   
-0.401746   -0.44871   -0.367297   -0.274   -0.181228   -0.0816891   -0.00165445   0.0722389   0.178489   0.283469   0.376141   0.455487   0.534642   0.625977   0.728791   0.943965   1.03813   1.12254   1.11887   1.17101   1.20322   1.24036   1.26451   1.22987   1.18871   1.0831   
0.0669588   0.0213805   0.0146593   0.0114604   0.00966683   0.00842077   0.00595452   0.00430822   0.00433571   0.00441258   0.0050002   0.00605167   0.00727769   0.0086005   0.0103633   0.0138585   0.0164199   0.0187586   0.0217082   0.0243253   0.0289879   0.0335189   0.039854   0.054953   0.0761615   0.113177   
-0.0867003   -0.0656321   -0.0594822   -0.0558585   -0.0521052   -0.049552   -0.0439803   -0.0356154   -0.0340491   -0.0323754   -0.027901   -0.021106   -0.0152631   -0.0126161   -0.0130192   -0.015542   -0.0146898   -0.0123401   0.00739559   0.0146949   0.0225858   0.027975   0.0316047   0.0312928   0.0219114   0.00268   

1315000
-8   -6   -5   -4   -3   -2   -1   0   1   2   3   4   5   6   7   8   9   10   11   12   13   14   15   16   17   18   
-0.504304   -0.367494   -0.274194   -0.181328   -0.0817238   -0.00156242   0.072224   0.178484   0.283613   0.375916   0.455111   0.534173   0.625391   0.728159   0.836213   0.943481   1.0378   1.12316   1.11949   1.1716   1.20412   1.24147   1.2657   1.23225   1.19152   1.08634   
0.0282889   0.0146363   0.011441   0.00965035   0.00840547   0.00594998   0.00429779   0.00432281   0.0044017   0.00499038   0.00604282   0.00726667   0.00858699   0.010348   0.0121818   0.0138407   0.0163895   0.0187386   0.0216598   0.0242738   0.0289081   0.033419   0.0397337   0.0546343   0.0756871   0.11254   
-0.073199   -0.0594254   -0.0558036   -0.0520706   -0.0495318   -0.0439874   -0.0356106   -0.0340524   -0.0324115   -0.0278635   -0.0210319   -0.0151644   -0.0124865   -0.012876   -0.0142398   -0.0154314   -0.0146045   -0.0124633   0.00730004   0.014612   0.0224857   0.0278796   0.0315459   0.0313528   0.022126   0.00299132   

1320000
-6   -5   -4   -3   -2   -1   0   1   2   3   4   5   6   7   8   9   10   11   12   13   14   15   16   17   18   
-0.36769   -0.27438   -0.181427   -0.0817595   -0.00146021   0.0722127   0.178481   0.283739   0.375693   0.454739   0.533715   0.624813   0.727531   0.835626   0.942996   1.03747   1.12377   1.1201   1.17219   1.20502   1.24258   1.26685   1.2346   1.1943   1.08952   
0.0146131   0.0114213   0.00963391   0.00839035   0.00594584   0.00428729   0.00430992   0.00439062   0.00498086   0.00603416   0.00725588   0.0085736   0.0103328   0.0121676   0.0138232   0.0163594   0.0187192   0.0216122   0.0242226   0.028829   0.0333195   0.0396192   0.054321   0.0752206   0.111908   
-0.0593684   -0.0557498   -0.0520361   -0.0495114   -0.0439964   -0.0356066   -0.0340563   -0.032444   -0.0278264   -0.0209588   -0.0150683   -0.0123585   -0.0127339   -0.0141069   -0.015321   -0.0145194   -0.0125843   0.00720458   0.014529   0.0223858   0.0277839   0.0314892   0.0314095   0.0223349   0.00329757   

1325000
-6   -5   -4   -3   -2   -1   0   1   2   3   5   6   7   8   9   10   11   12   13   14   15   16   17   18   
-0.367885   -0.274569   -0.181526   -0.0817945   -0.00134919   0.0722046   0.178481   0.283853   0.37547   0.454369   0.624242   0.726908   0.835042   0.942512   1.03714   1.12437   1.12071   1.17278   1.20591   1.24368   1.26793   1.23692   1.19708   1.09263   
0.0145895   0.0114017   0.00961756   0.00837532   0.00594209   0.00427673   0.00429708   0.00437937   0.00497167   0.00602574   0.00856032   0.0103177   0.0121535   0.013806   0.0163296   0.0187005   0.0215652   0.0241716   0.0287508   0.0332202   0.0395107   0.0540152   0.0747561   0.111294   
-0.0593111   -0.0556951   -0.0520016   -0.0494912   -0.0440072   -0.0356034   -0.0340605   -0.032474   -0.0277895   -0.0208861   -0.0122323   -0.0125927   -0.0139747   -0.0152105   -0.0144344   -0.0127029   0.00710892   0.014446   0.0222866   0.0276881   0.0314347   0.0314616   0.0225425   0.00359398   

1330000
-6   -5   -4   -3   -2   -1   0   1   2   3   4   5   6   7   8   9   10   11   12   13   14   15   16   17   18   
-0.36808   -0.274754   -0.181625   -0.0818305   -0.0012652   0.0721988   0.178481   0.283957   0.375248   0.454   0.532831   0.623677   0.72629   0.834462   0.942027   1.03681   1.12495   1.12132   1.17337   1.20679   1.24479   1.26895   1.23919   1.19989   1.09582   
0.0145656   0.0113819   0.00960124   0.00836046   0.00593671   0.00426611   0.00428424   0.00436803   0.00496281   0.00601761   0.00723486   0.00854716   0.0103027   0.0121396   0.0137891   0.0163001   0.0186824   0.0215192   0.024121   0.0286739   0.033121   0.0394088   0.0537118   0.074283   0.110667   
-0.0592536   -0.0556412   -0.0519672   -0.0494709   -0.0440129   -0.0356007   -0.034065   -0.032502   -0.0277527   -0.0208138   -0.0148837   -0.0121075   -0.0124525   -0.0138433   -0.0151002   -0.0143494   -0.012819   0.00701369   0.0143631   0.0221877   0.0275921   0.0313829   0.0315124   0.0227555   0.00389824   

1335000
-8   -6   -5   -4   -3   -2   -1   0   1   2   3   4   5   6   7   8   9   10   11   12   13   14   15   16   17   18   
-0.502134   -0.368273   -0.274939   -0.181723   -0.0818673   -0.00119062   0.0721947   0.178482   0.284052   0.375026   0.453634   0.532405   0.623119   0.725676   0.833885   0.941543   1.03649   1.12552   1.12192   1.17396   1.20767   1.24589   1.2699   1.24148   1.20271   1.09904   
0.028725   0.0145415   0.0113622   0.00958503   0.00834574   0.00593071   0.00425545   0.00427144   0.00435652   0.00495431   0.00600978   0.00722464   0.00853414   0.0102877   0.0121257   0.0137726   0.0162708   0.018665   0.0214739   0.0240707   0.0285979   0.0330223   0.0393137   0.0534131   0.0738079   0.110031   
-0.0732154   -0.059196   -0.055587   -0.0519328   -0.0494506   -0.0440169   -0.0355985   -0.0340695   -0.0325279   -0.0277158   -0.0207423   -0.0147953   -0.0119841   -0.0123133   -0.0137125   -0.01499   -0.0142648   -0.0129323   0.00691846   0.0142801   0.0220893   0.0274952   0.031334   0.0315606   0.0229693   0.00420661   

1340000
-6   -5   -4   -3   -2   -1   0   1   2   3   4   5   6   7   8   9   10   11   12   13   14   15   16   17   18   
-0.368464   -0.275123   -0.181822   -0.0819048   -0.00111041   0.0721919   0.178483   0.284141   0.374802   0.453273   0.531989   0.622567   0.725066   0.833311   0.941062   1.03616   1.12608   1.12252   1.17455   1.20854   1.247   1.27078   1.24374   1.2055   1.10231   
0.0145167   0.0113426   0.00956891   0.00833118   0.00592496   0.00424478   0.00425868   0.00434499   0.00494605   0.00600215   0.00721467   0.00852122   0.0102729   0.012112   0.0137563   0.0162419   0.0186484   0.0214295   0.0240207   0.0285229   0.032924   0.039226   0.0531151   0.0733434   0.109392   
-0.0591386   -0.0555328   -0.0518983   -0.0494302   -0.044022   -0.0355966   -0.0340738   -0.0325525   -0.0276785   -0.020672   -0.0147091   -0.0118624   -0.0121751   -0.0135824   -0.0148805   -0.0141803   -0.0130427   0.00682373   0.0141973   0.0219914   0.0273977   0.0312884   0.031608   0.0231763   0.00451949   

1345000
-8   -6   -5   -4   -3   -2   -1   0   1   2   3   4   5   6   8   9   10   11   12   13   14   15   16   17   18   
-0.477128   -0.368654   -0.275305   -0.181921   -0.0819437   -0.00102505   0.0721896   0.178482   0.284224   0.375098   0.452916   0.531583   0.622023   0.724461   0.940581   1.03583   1.12661   1.12312   1.17513   1.20941   1.24811   1.27157   1.24598   1.20831   1.10538   
0.0328574   0.0144916   0.0113229   0.00955288   0.00831679   0.00591944   0.00423409   0.00424596   0.0043334   0.00494505   0.00599472   0.00720484   0.00850841   0.0102581   0.0137403   0.0162132   0.0186327   0.0213858   0.023971   0.0284486   0.0328254   0.0391459   0.0528235   0.0728755   0.108789   
-0.0763351   -0.0590811   -0.055479   -0.0518636   -0.0494096   -0.0440282   -0.0355948   -0.0340778   -0.0325758   -0.027749   -0.0206028   -0.0146254   -0.0117426   -0.0120378   -0.0147711   -0.014096   -0.0131499   0.00672908   0.0141146   0.021894   0.0273001   0.0312461   0.0316515   0.0233843   0.00480988   

1350000
-6   -5   -4   -3   -2   -1   0   1   2   3   4   5   6   8   9   10   11   12   13   14   15   16   17   18   
-0.368845   -0.275485   -0.18202   -0.0819821   -0.000934481   0.0721872   0.178478   0.284302   0.375244   0.452565   0.531185   0.621487   0.723861   0.940099   1.0355   1.12713   1.12371   1.17572   1.21027   1.24923   1.27229   1.24818   1.21116   1.10832   
0.0144663   0.0113031   0.0095369   0.00830254   0.00591418   0.00422342   0.00423328   0.00432179   0.00494241   0.00598763   0.00719529   0.00849587   0.0102435   0.0137247   0.0161847   0.0186177   0.0213427   0.0239217   0.0283755   0.0327281   0.039074   0.0525387   0.0723988   0.108228   
-0.059023   -0.0554255   -0.051829   -0.0493892   -0.0440353   -0.0355932   -0.0340811   -0.032598   -0.0277883   -0.0205349   -0.0145438   -0.0116245   -0.0119018   -0.0146618   -0.014012   -0.0132536   0.00663469   0.014032   0.0217969   0.0272012   0.0312077   0.0316911   0.023597   0.00508229   

1355000
-6   -5   -4   -3   -2   -1   0   1   2   4   5   6   7   8   9   10   11   12   13   14   15   16   17   18   
-0.369036   -0.275662   -0.18212   -0.0820223   -0.000837758   0.0721837   0.178471   0.284375   0.375382   0.530797   0.62096   0.723266   0.831637   0.939619   1.03517   1.12763   1.12431   1.1763   1.21112   1.25034   1.27291   1.25036   1.21402   1.11134   
0.0144401   0.0112834   0.00952103   0.00828846   0.00590926   0.00421274   0.00422065   0.00431013   0.00493691   0.00718593   0.00848342   0.0102289   0.0120678   0.0137094   0.0161565   0.0186037   0.0213004   0.0238726   0.0283031   0.0326306   0.039011   0.0522568   0.0719243   0.107635   
-0.0589643   -0.0553721   -0.0517943   -0.0493685   -0.0440436   -0.0355914   -0.0340835   -0.0326191   -0.0278272   -0.0144644   -0.0115086   -0.0117669   -0.0132017   -0.0145526   -0.0139283   -0.0133539   0.00654025   0.0139495   0.0217003   0.0271024   0.0311736   0.031729   0.0238075   0.0053684   

1360000
-7   -6   -5   -4   -3   -2   -1   0   1   2   3   4   5   6   7   8   9   10   11   12   13   14   15   16   17   18   
-0.452657   -0.369228   -0.27584   -0.18222   -0.0820629   -0.000732951   0.0721804   0.178462   0.284444   0.375484   0.45193   0.530416   0.620442   0.722676   0.831115   0.939138   1.03485   1.12811   1.12489   1.17688   1.21197   1.25145   1.27344   1.25253   1.21685   1.11448   
0.0206755   0.0144137   0.0112636   0.00950527   0.00827453   0.00590479   0.00420209   0.00420809   0.00429849   0.00493017   0.00597238   0.00717678   0.0084711   0.0102145   0.0120493   0.0136943   0.0161286   0.0185906   0.0212588   0.0238237   0.0282317   0.0325337   0.0389573   0.0519762   0.0714573   0.107034   
-0.0644562   -0.0589051   -0.0553187   -0.0517594   -0.0493478   -0.0440535   -0.0355897   -0.0340854   -0.0326394   -0.0278589   -0.0204141   -0.0143868   -0.0113945   -0.0116332   -0.013082   -0.0144436   -0.0138448   -0.0134501   0.00644627   0.0138674   0.021604   0.027003   0.0311441   0.0317657   0.0240115   0.00566213   

1365000
-6   -5   -4   -3   -2   -1   0   1   2   3   4   5   6   7   8   9   10   11   12   13   14   15   16   17   18   
-0.369421   -0.276016   -0.182321   -0.0821048   -0.000621799   0.072178   0.178453   0.28451   0.375537   0.451671   0.530042   0.619931   0.722092   0.830596   0.938658   1.03452   1.12818   1.12548   1.17746   1.21281   1.25255   1.27386   1.2547   1.21973   1.11763   
0.0143865   0.0112438   0.00948957   0.00826077   0.00590071   0.00419149   0.00419562   0.00428687   0.00492316   0.00596348   0.0071679   0.00845894   0.0102001   0.012031   0.0136796   0.0161008   0.0185718   0.0212178   0.0237755   0.028161   0.0324369   0.0389137   0.0516985   0.0709826   0.106416   
-0.0588452   -0.0552652   -0.0517246   -0.0493269   -0.0440646   -0.0355882   -0.0340874   -0.0326588   -0.0278801   -0.0203664   -0.0143109   -0.0112826   -0.0115009   -0.0129627   -0.0143347   -0.0137617   -0.0134577   0.00635232   0.0137853   0.0215084   0.0269038   0.0311197   0.0318005   0.0242197   0.00596071   

1370000
-6   -5   -4   -3   -2   -1   0   1   2   3   4   5   6   7   8   9   10   11   12   13   14   15   16   17   18   
-0.369616   -0.276192   -0.182421   -0.0821479   -0.00053767   0.0721762   0.178444   0.284572   0.375554   0.451418   0.529674   0.61943   0.721515   0.830079   0.938178   1.0342   1.12787   1.12606   1.17803   1.21364   1.25366   1.27417   1.25683   1.22265   1.1208   
0.014359   0.0112241   0.00947397   0.00824718   0.00589506   0.00418093   0.00418322   0.00427525   0.004916   0.00595477   0.00715918   0.00844689   0.0101859   0.0120128   0.0136651   0.0160733   0.0185471   0.0211774   0.0237275   0.0280911   0.0323405   0.0388808   0.0514259   0.0705012   0.105814   
-0.0587844   -0.0552117   -0.0516898   -0.0493059   -0.0440707   -0.0355869   -0.0340892   -0.0326774   -0.0278935   -0.02032   -0.0142365   -0.0111726   -0.01137   -0.0128442   -0.0142259   -0.0136789   -0.013379   0.00625832   0.0137034   0.0214131   0.0268045   0.0311007   0.0318321   0.0244307   0.00625408   

1375000
-6   -5   -4   -3   -2   -1   0   1   2   3   4   5   6   7   8   9   10   11   12   13   14   15   16   17   18   
-0.369812   -0.27637   -0.182521   -0.0821923   -0.000461895   0.0721743   0.178435   0.28463   0.375541   0.451172   0.529311   0.620698   0.720944   0.829565   0.937698   1.03388   1.12755   1.12665   1.17861   1.21447   1.25476   1.27436   1.2589   1.22556   1.12408   
0.0143308   0.0112044   0.00945844   0.00823379   0.00588894   0.00417042   0.00417092   0.00426367   0.0049088   0.00594635   0.00715082   0.00845573   0.0101718   0.0119947   0.0136511   0.0160461   0.0185231   0.0211376   0.0236798   0.0280219   0.0322454   0.0388593   0.0511639   0.0700254   0.105177   
-0.058723   -0.0551583   -0.0516551   -0.0492847   -0.0440753   -0.0355857   -0.0340911   -0.0326951   -0.0279006   -0.0202753   -0.0141635   -0.0114766   -0.0112407   -0.0127262   -0.0141172   -0.0135965   -0.0133002   0.00616488   0.0136217   0.0213184   0.0267043   0.0310877   0.0318598   0.0246363   0.00656261   

1380000
-6   -5   -4   -3   -2   -1   0   1   2   3   4   6   7   8   9   10   11   12   13   14   15   16   17   18   
-0.370009   -0.27655   -0.182621   -0.0822381   -0.000382732   0.0721723   0.178427   0.284684   0.375503   0.45093   0.528955   0.720381   0.829055   0.937219   1.03355   1.12723   1.12722   1.17918   1.21529   1.25586   1.27442   1.26095   1.22846   1.12751   
0.0143019   0.0111846   0.00944303   0.00822057   0.00588304   0.00415999   0.00415869   0.00425214   0.00490165   0.00593812   0.00714262   0.0101578   0.0119768   0.0136374   0.016019   0.0184999   0.0210984   0.0236326   0.0279535   0.0321508   0.03885   0.0509055   0.069552   0.10452   
-0.0586607   -0.0551048   -0.0516204   -0.0492632   -0.0440806   -0.0355844   -0.0340929   -0.0327118   -0.0279024   -0.0202319   -0.0140919   -0.0111133   -0.0126089   -0.0140086   -0.0135142   -0.0132212   0.00607137   0.0135404   0.021224   0.0266042   0.0310811   0.0318858   0.0248387   0.00688421   

1385000
-7   -6   -5   -3   -2   -1   0   1   2   3   4   6   7   8   9   10   11   12   13   14   15   16   17   18   
-0.454796   -0.370208   -0.276728   -0.0822849   -0.000300266   0.0721701   0.178418   0.284733   0.375444   0.450695   0.528607   0.719827   0.828546   0.936739   1.03323   1.1269   1.1278   1.17974   1.21611   1.25696   1.27435   1.26301   1.23142   1.13101   
0.020304   0.0142723   0.011165   0.00820754   0.00587737   0.00414963   0.00414655   0.00424066   0.00489453   0.00593015   0.00713464   0.010144   0.011959   0.0136241   0.0159922   0.0184775   0.0210598   0.0235857   0.027886   0.0320569   0.038854   0.0506476   0.0690694   0.103853   
-0.0638102   -0.0585976   -0.0550513   -0.0492417   -0.0440865   -0.0355832   -0.0340947   -0.0327274   -0.0278995   -0.0201899   -0.0140224   -0.0109879   -0.0124922   -0.0139001   -0.0134324   -0.0131417   0.00597802   0.0134594   0.0211301   0.0265038   0.0310813   0.0319108   0.0250461   0.00721011   

1390000
-6   -5   -4   -3   -2   -1   0   1   2   3   4   5   6   7   8   9   10   11   12   13   14   15   16   17   18   
-0.370408   -0.276906   -0.182817   -0.0823328   -0.000214421   0.0721675   0.17841   0.284779   0.375366   0.450465   0.528267   0.62031   0.719283   0.82804   0.936259   1.03291   1.12657   1.12837   1.18031   1.21692   1.25804   1.27412   1.26505   1.23441   1.1345   
0.0142419   0.0111455   0.00941244   0.00819468   0.00587196   0.00413933   0.00413447   0.00422924   0.00488756   0.00592233   0.0071269   0.0084343   0.0101304   0.0119413   0.0136111   0.0159655   0.0184559   0.0210216   0.0235394   0.0278189   0.0319631   0.0388721   0.0503917   0.0685866   0.103185   
-0.0585336   -0.0549978   -0.051552   -0.04922   -0.0440931   -0.0355819   -0.0340964   -0.0327421   -0.0278925   -0.0201492   -0.013955   -0.011409   -0.0108648   -0.012376   -0.0137917   -0.0133509   -0.0130619   0.00588477   0.0133786   0.0210369   0.0264041   0.031089   0.0319341   0.0252521   0.0075339   

1395000
-7   -6   -5   -4   -3   -2   -1   0   1   2   3   4   5   6   7   8   9   11   12   13   14   15   16   17   18   
-0.455709   -0.37061   -0.277084   -0.182912   -0.0823819   -0.000124474   0.0721647   0.178402   0.284823   0.375272   0.45024   0.527937   0.620083   0.718751   0.827537   0.935779   1.03259   1.12894   1.18087   1.21772   1.25912   1.27374   1.26708   1.23737   1.13817   
0.0201548   0.0142106   0.0111261   0.00939729   0.00818201   0.00586683   0.00412913   0.00412252   0.00421789   0.00488073   0.00591477   0.00711938   0.00842627   0.0101169   0.0119237   0.0135985   0.0159391   0.0209841   0.0234934   0.0277526   0.0318703   0.0389057   0.0501391   0.0681139   0.102477   
-0.0635359   -0.0584685   -0.0549442   -0.0515186   -0.0491982   -0.0441005   -0.0355806   -0.0340982   -0.0327565   -0.027882   -0.0201098   -0.0138899   -0.0113636   -0.0107445   -0.0122605   -0.0136833   -0.0132697   0.00579173   0.0132981   0.020944   0.0263041   0.0311046   0.0319551   0.0254496   0.00787837   

1400000
-6   -5   -4   -3   -2   -1   0   1   2   3   5   6   7   8   9   10   11   12   13   14   15   16   17   18   
-0.370814   -0.277261   -0.183005   -0.0824316   -2.83817e-05   0.0721611   0.178394   0.284866   0.375164   0.450019   0.619837   0.718232   0.827037   0.935299   1.03228   1.1259   1.12951   1.18143   1.21852   1.26021   1.27317   1.26908   1.24035   1.14204   
0.0141785   0.0111068   0.00938217   0.00816957   0.00586215   0.00411901   0.00411068   0.00420662   0.00487404   0.00590744   0.00841805   0.0101037   0.0119062   0.0135863   0.0159129   0.0184153   0.0209471   0.0234477   0.0276871   0.031778   0.0389571   0.0498916   0.0676326   0.101742   
-0.0584024   -0.0548906   -0.0514858   -0.0491763   -0.044109   -0.0355791   -0.0340998   -0.0327705   -0.0278686   -0.0200716   -0.0113139   -0.0106275   -0.0121456   -0.013575   -0.013189   -0.0129009   0.00569867   0.0132179   0.0208516   0.0262038   0.0311293   0.0319728   0.0256506   0.00823886   

1405000
-6   -5   -4   -3   -2   -1   0   1   2   3   4   5   6   7   8   9   11   12   13   14   15   16   17   18   
-0.37102   -0.277438   -0.183098   -0.0824823   7.29174e-05   0.0721569   0.178386   0.284908   0.375045   0.449803   0.527333   0.619573   0.717722   0.82654   0.934818   1.03196   1.13008   1.18199   1.21931   1.26129   1.27241   1.27106   1.24338   1.14589   
0.0141453   0.0110877   0.0093671   0.00815734   0.00585784   0.00410901   0.00409894   0.00419544   0.00486756   0.00590032   0.00710327   0.0084099   0.0100907   0.0118888   0.0135746   0.0158869   0.0209105   0.0234024   0.0276223   0.0316858   0.039027   0.0496478   0.0671467   0.101008   
-0.0583351   -0.0548369   -0.0514529   -0.0491543   -0.0441186   -0.0355774   -0.0341015   -0.0327842   -0.0278526   -0.0200342   -0.0137716   -0.0112602   -0.0105126   -0.0120313   -0.0134666   -0.0131086   0.0056057   0.013138   0.0207596   0.0261034   0.0311629   0.0319879   0.0258534   0.00859577   

1410000
-6   -5   -4   -3   -2   -1   0   1   2   3   4   5   6   7   8   9   11   12   13   14   15   16   17   18   
-0.371228   -0.277616   -0.183192   -0.0825325   0.000176317   0.072152   0.178379   0.284948   0.374915   0.44959   0.527069   0.619301   0.717219   0.826045   0.934336   1.03164   1.13065   1.18254   1.22009   1.26237   1.27144   1.27304   1.24639   1.14991   
0.014111   0.0110687   0.00935213   0.00814528   0.00585376   0.00409913   0.0040873   0.00418432   0.00486127   0.00589349   0.00709408   0.00840169   0.0100777   0.0118716   0.0135633   0.015861   0.0208743   0.0233575   0.0275584   0.0315942   0.0391165   0.0494048   0.0666696   0.10025   
-0.0582665   -0.054783   -0.0514201   -0.0491326   -0.0441285   -0.0355757   -0.0341032   -0.0327976   -0.0278343   -0.0199979   -0.0137204   -0.0112047   -0.0103991   -0.0119176   -0.0133582   -0.0130286   0.00551263   0.0130585   0.020668   0.0260025   0.0312064   0.0320021   0.0260485   0.00896616   

1415000
-8   -6   -5   -4   -3   -2   -1   0   1   2   3   4   5   6   7   8   9   10   11   12   13   15   16   17   18   
-0.478741   -0.371439   -0.272371   -0.183285   -0.0826737   0.000241249   0.0721996   0.178372   0.284988   0.374774   0.449379   0.526815   0.619025   0.71672   0.825553   0.933854   1.03133   1.12486   1.13121   1.18309   1.22087   1.27025   1.27502   1.2494   1.15415   
0.0330165   0.0140756   0.00198492   0.00933721   0.008137   0.00584742   0.00408926   0.00407581   0.00417331   0.00485516   0.00588688   0.0070851   0.00839349   0.0100649   0.0118545   0.0135525   0.0158354   0.0183612   0.0208387   0.0233132   0.0274946   0.0392277   0.0491624   0.0661942   0.0994456   
-0.0758121   -0.0581966   -0.0531581   -0.0513874   -0.0490986   -0.0441314   -0.0355829   -0.0341049   -0.0328108   -0.0278137   -0.019962   -0.0136715   -0.011148   -0.0102869   -0.0118046   -0.0132499   -0.012949   -0.0126545   0.00542   0.0129795   0.0205774   0.0312603   0.032015   0.0262407   0.00936103   

1420000
-6   -5   -4   -3   -2   -1   0   1   3   4   5   6   7   8   9   10   11   12   13   14   15   16   17   18   
-0.371651   -0.277969   -0.183379   -0.0828119   0.000309863   0.0722497   0.178397   0.285018   0.449169   0.52657   0.618744   0.716227   0.825064   0.933372   1.03105   1.1245   1.13177   1.18363   1.22164   1.26452   1.26882   1.277   1.25248   1.15843   
0.0140388   0.0110314   0.00932247   0.00812867   0.00584139   0.00407946   0.00406476   0.00416246   0.00588049   0.00707634   0.00838529   0.0100521   0.0118375   0.0135421   0.0158101   0.0183452   0.0208035   0.0232693   0.0274319   0.0314128   0.0393632   0.048922   0.0657123   0.0986363   
-0.0581254   -0.0546754   -0.0513547   -0.0490653   -0.044135   -0.0355906   -0.034113   -0.0328224   -0.0199265   -0.0136248   -0.0110905   -0.0101758   -0.0116922   -0.0131415   -0.0128774   -0.0125709   0.00532725   0.012901   0.0204869   0.0257997   0.031325   0.0320261   0.0264359   0.00975565   

1425000
-8   -6   -5   -4   -3   -2   -1   0   1   2   3   4   6   7   8   9   11   12   13   14   15   16   17   18   
-0.479067   -0.371866   -0.278145   -0.183473   -0.082942   0.000381376   0.0722983   0.178542   0.285029   0.374566   0.44896   0.526334   0.715738   0.824578   0.932888   1.03081   1.13233   1.18417   1.22241   1.2656   1.26713   1.27895   1.25554   1.16286   
0.0330421   0.0140006   0.0110131   0.0093078   0.00812008   0.00583563   0.0040697   0.00405521   0.00415188   0.0048411   0.00587443   0.00706781   0.0100395   0.0118206   0.0135322   0.0157854   0.0207687   0.0232258   0.0273695   0.0313231   0.039524   0.0486851   0.0652335   0.097807   
-0.0757144   -0.0580525   -0.0546217   -0.051322   -0.0490332   -0.0441392   -0.0355982   -0.0341449   -0.0328307   -0.0277891   -0.0198912   -0.0135803   -0.0100658   -0.0115803   -0.0130331   -0.0128137   0.00523454   0.0128228   0.0203969   0.0256979   0.0314011   0.0320347   0.026627   0.0101628   

1430000
-5   -4   -3   -2   -1   0   1   2   3   4   5   6   7   8   9   10   11   12   13   14   15   16   17   18   
-0.278321   -0.183566   -0.0830643   0.000455708   0.0723458   0.178675   0.285039   0.374501   0.44875   0.526107   0.618195   0.715255   0.824094   0.932404   1.03056   1.12376   1.13289   1.18471   1.22317   1.26667   1.26731   1.28088   1.25854   1.16752   
0.010995   0.00929325   0.00811126   0.00583014   0.00405999   0.00404559   0.00414136   0.00483308   0.00586855   0.00705947   0.00836833   0.010027   0.0118038   0.0135228   0.0157607   0.0183163   0.0207343   0.0231827   0.0273077   0.0312336   0.0395055   0.0484528   0.0647634   0.0969252   
-0.0545679   -0.0512893   -0.0490022   -0.0441439   -0.0356057   -0.0341745   -0.0328389   -0.0277855   -0.0198557   -0.0135378   -0.0109777   -0.00995697   -0.0114691   -0.0129246   -0.01275   -0.0124006   0.00514185   0.0127452   0.0203073   0.0255961   0.0313919   0.0320403   0.0268104   0.0105959   

1435000
-7   -6   -5   -4   -3   -1   0   1   2   3   4   5   6   7   8   9   10   11   12   13   14   15   16   17   18   
-0.459514   -0.372303   -0.278495   -0.183661   -0.0831798   0.0723926   0.178801   0.28505   0.374429   0.448541   0.525887   0.617943   0.714776   0.823612   0.931918   1.03032   1.12337   1.13345   1.18524   1.22393   1.26774   1.269   1.28281   1.26163   1.17216   
0.0195476   0.0139204   0.0109773   0.00927885   0.00810223   0.00405033   0.00403589   0.00413089   0.00482523   0.00586291   0.00705139   0.00835865   0.0100145   0.0117871   0.0135138   0.0157363   0.0183036   0.0207003   0.0231402   0.0272463   0.0311447   0.0393394   0.0482227   0.064289   0.0960553   
-0.0623781   -0.0579014   -0.0545143   -0.0512565   -0.0489723   -0.0356132   -0.0342027   -0.0328471   -0.0277804   -0.0198206   -0.0134973   -0.0109252   -0.00984917   -0.0113584   -0.012816   -0.0126862   -0.012314   0.00504917   0.0126681   0.0202181   0.0254944   0.0313144   0.032044   0.0269955   0.0110225   

1440000
-6   -5   -4   -3   -2   -1   0   1   2   4   5   6   7   8   9   10   11   12   13   14   15   16   17   18   
-0.372526   -0.278668   -0.183755   -0.0832893   0.00061437   0.0724389   0.178918   0.285061   0.37435   0.525674   0.617691   0.714301   0.823133   0.931432   1.03007   1.12298   1.13401   1.18577   1.22469   1.2688   1.2707   1.28473   1.2647   1.17707   
0.0138785   0.0109597   0.00926452   0.00809303   0.0058201   0.00404072   0.00402617   0.00412049   0.00481759   0.00704355   0.00834907   0.0100022   0.0117705   0.0135054   0.015712   0.0182921   0.0206668   0.0230981   0.0271854   0.0310566   0.0391755   0.0479928   0.0638125   0.0951354   
-0.0578229   -0.0544611   -0.0512239   -0.0489433   -0.0441552   -0.0356207   -0.0342292   -0.0328553   -0.0277739   -0.0134586   -0.0108729   -0.00974238   -0.0112483   -0.0127073   -0.0126225   -0.0122261   0.0049565   0.0125915   0.0201291   0.0253926   0.0312349   0.0320466   0.0271796   0.0114774   

1445000
-6   -5   -4   -3   -2   -1   0   1   2   3   4   5   6   7   8   9   10   11   12   13   14   15   16   17   18   
-0.372749   -0.27884   -0.18385   -0.0833935   0.000701485   0.0724856   0.179029   0.285073   0.374265   0.448188   0.525468   0.617441   0.713831   0.822657   0.930943   1.02982   1.12258   1.13456   1.1863   1.22544   1.26986   1.27238   1.28666   1.26773   1.18201   
0.013835   0.0109427   0.00925034   0.00808368   0.0058157   0.00403117   0.00401641   0.00411017   0.00481017   0.00585054   0.00703589   0.00833957   0.00998994   0.0117541   0.0134976   0.0156879   0.0182818   0.0206336   0.0230564   0.0271248   0.0309691   0.0390129   0.047764   0.0633504   0.094209   
-0.0577426   -0.0544079   -0.0511912   -0.0489151   -0.0441624   -0.0356285   -0.0342542   -0.0328634   -0.0277662   -0.0197644   -0.0134215   -0.010821   -0.00963675   -0.0111387   -0.0125983   -0.0125588   -0.0121369   0.0048637   0.0125154   0.0200405   0.0252908   0.031155   0.0320476   0.0273531   0.0119355   

1450000
-9   -6   -5   -4   -3   -2   -1   0   1   2   3   4   5   6   7   8   9   10   11   12   13   14   15   16   17   18   
-0.470064   -0.372972   -0.27901   -0.183945   -0.0834929   0.000793418   0.0725337   0.179133   0.285085   0.374175   0.448071   0.525266   0.617192   0.713367   0.822183   0.930452   1.02958   1.12217   1.13511   1.18682   1.22618   1.27091   1.27405   1.28858   1.27077   1.18709   
0.0483916   0.0137903   0.0109258   0.0092363   0.00807421   0.00581171   0.00402167   0.00400663   0.00409992   0.00480296   0.00584292   0.00702853   0.00833021   0.00997781   0.0117377   0.0134903   0.0156639   0.0182728   0.0206007   0.0230154   0.0270652   0.0308824   0.0388527   0.0475374   0.0628868   0.0932577   
-0.0864712   -0.0576605   -0.0543554   -0.0511585   -0.0488878   -0.0441704   -0.0356368   -0.0342779   -0.0328716   -0.0277571   -0.0197489   -0.0133855   -0.0107695   -0.00953238   -0.0110297   -0.0124891   -0.0124951   -0.0120464   0.00477108   0.01244   0.0199519   0.0251893   0.031074   0.0320468   0.0275264   0.0124072   

1455000
-6   -5   -4   -3   -2   -1   0   1   2   3   5   6   7   8   9   10   11   12   14   15   16   17   18   
-0.373194   -0.279176   -0.184041   -0.083588   0.000888808   0.0725832   0.179231   0.285097   0.374079   0.447957   0.616944   0.712908   0.821711   0.929959   1.02933   1.12175   1.13567   1.18733   1.27195   1.27571   1.29047   1.27384   1.19238   
0.0137448   0.0109095   0.00922238   0.00806465   0.00580803   0.00401225   0.00399685   0.00408975   0.00479597   0.00583555   0.00832088   0.00996578   0.0117214   0.0134836   0.0156401   0.0182652   0.0205682   0.0229747   0.0307965   0.0386942   0.0473143   0.0624203   0.092268   
-0.0575774   -0.0543035   -0.0511257   -0.0488612   -0.0441792   -0.0356454   -0.0343004   -0.0328795   -0.0277468   -0.0197344   -0.0107184   -0.00942924   -0.0109212   -0.0123797   -0.0124314   -0.0119544   0.00467825   0.0123652   0.0250879   0.0309931   0.0320435   0.0276995   0.0129001   

1460000
-6   -5   -4   -3   -2   -1   0   1   2   3   4   5   6   7   8   9   10   11   12   13   14   15   16   17   18   
-0.373415   -0.279339   -0.184137   -0.083679   0.000949057   0.0726332   0.179326   0.285109   0.373978   0.447847   0.52488   0.616699   0.712454   0.821242   0.929464   1.02909   1.12131   1.13622   1.18784   1.22767   1.27299   1.27734   1.29235   1.27688   1.19762   
0.0136992   0.0108935   0.0092086   0.00805499   0.00580225   0.00400289   0.00398707   0.00407966   0.00478916   0.00582846   0.00701445   0.00831168   0.00995385   0.0117052   0.0134776   0.0156164   0.0182591   0.020536   0.0229346   0.0269463   0.0307113   0.0385389   0.0470951   0.0619668   0.0912937   
-0.0574928   -0.0542524   -0.0510929   -0.0488352   -0.0441815   -0.0356543   -0.0343223   -0.0328874   -0.0277355   -0.0197209   -0.0133177   -0.0106678   -0.00932734   -0.0108132   -0.0122699   -0.0123679   -0.0118608   0.00458525   0.0122912   0.0197757   0.0249869   0.0309113   0.0320378   0.0278629   0.0133832   

1465000
-10   -5   -4   -3   -2   -1   0   1   2   3   4   5   6   7   8   9   10   11   12   13   14   15   16   17   18   
-0.408666   -0.279497   -0.184234   -0.0837662   0.00101211   0.0726826   0.179416   0.285121   0.373872   0.447742   0.524696   0.616454   0.712006   0.820775   0.928967   1.02884   1.12087   1.13677   1.18834   1.2284   1.27402   1.27895   1.29422   1.27988   1.20311   
0.070326   0.010878   0.00919497   0.00804527   0.00579671   0.00399361   0.0039773   0.00406966   0.00478262   0.00582153   0.00700794   0.00830264   0.00994204   0.0116892   0.0134723   0.0155927   0.0182545   0.0205041   0.0228951   0.0268875   0.0306267   0.0383839   0.0468769   0.0615185   0.0902727   
-0.0809516   -0.0542024   -0.05106   -0.04881   -0.0441844   -0.0356632   -0.0343431   -0.0328951   -0.0277229   -0.0197085   -0.0132864   -0.0106173   -0.00922665   -0.0107058   -0.0121598   -0.0123047   -0.0117654   0.00449232   0.0122176   0.0196879   0.0248859   0.0308307   0.0320307   0.0280218   0.0138926   

1470000
-8   -6   -5   -4   -3   -2   -1   0   1   2   3   5   6   7   8   9   10   11   12   13   14   15   16   17   18   
-0.480745   -0.36396   -0.27965   -0.184331   -0.0838497   0.00107797   0.072731   0.179501   0.285133   0.37376   0.44764   0.616211   0.711562   0.820311   0.928467   1.0286   1.12041   1.13732   1.18884   1.22914   1.27505   1.28055   1.2961   1.28291   1.2085   
0.0331529   0.00337456   0.010863   0.00918147   0.00803548   0.00579141   0.00398439   0.00396753   0.00405976   0.00477633   0.00581492   0.00829372   0.00993034   0.0116732   0.0134676   0.0155691   0.0182515   0.0204725   0.0228561   0.0268292   0.0305425   0.03823   0.046659   0.061066   0.0892803   
-0.0752404   -0.0563024   -0.0541536   -0.051027   -0.0487854   -0.0441879   -0.0356719   -0.0343631   -0.0329028   -0.0277092   -0.019697   -0.0105673   -0.00912716   -0.010599   -0.0120495   -0.0122418   -0.0116683   0.00439905   0.0121449   0.0196002   0.0247846   0.0307494   0.0320223   0.0281818   0.0143853   

1475000
-9   -6   -4   -3   -2   -1   0   1   2   3   5   6   7   8   9   10   11   12   13   14   15   16   17   18   
-0.476646   -0.374049   -0.184429   -0.08393   0.00114694   0.0727785   0.179582   0.285145   0.373643   0.447542   0.615968   0.711124   0.819849   0.927964   1.02836   1.11994   1.13787   1.18933   1.22987   1.27608   1.28217   1.29798   1.28591   1.21408   
0.0486533   0.0135938   0.00916809   0.00802566   0.00578632   0.00397528   0.00395779   0.00404996   0.0047703   0.00580851   0.00828487   0.00991871   0.0116573   0.0134638   0.0155456   0.0182502   0.0204413   0.0228176   0.0267712   0.0304587   0.0380793   0.0464423   0.0606222   0.0882501   
-0.0857765   -0.0572683   -0.0509939   -0.0487614   -0.044192   -0.0356806   -0.0343822   -0.0329102   -0.0276942   -0.0196866   -0.0105175   -0.00902887   -0.0104928   -0.0119387   -0.0121789   -0.0115692   0.00430594   0.012073   0.0195127   0.0246832   0.0306657   0.0320125   0.0283353   0.0149004   

1480000
-6   -5   -4   -3   -2   -1   0   1   2   3   4   5   6   7   8   9   10   11   12   13   14   15   16   17   18   
-0.374255   -0.279945   -0.184529   -0.084007   0.00121942   0.0728251   0.17966   0.285156   0.37352   0.447515   0.525461   0.615726   0.710691   0.819392   0.927458   1.02811   1.11945   1.13842   1.18982   1.2306   1.27711   1.28376   1.29984   1.28884   1.21948   
0.0135641   0.0108346   0.0091549   0.00801581   0.00578148   0.00396624   0.00394809   0.00404025   0.0047645   0.00580318   0.00700725   0.00827618   0.00990718   0.0116416   0.0134607   0.0155223   0.0182506   0.0204104   0.0227798   0.0267137   0.0303753   0.0379288   0.0462278   0.0601917   0.0872605   
-0.0571973   -0.0540584   -0.0509607   -0.048738   -0.0441968   -0.0356892   -0.0344003   -0.0329174   -0.0276779   -0.0196915   -0.0134928   -0.0104678   -0.00893171   -0.0103874   -0.0118275   -0.0121161   -0.0114679   0.00421257   0.0120019   0.0194253   0.0245815   0.0305825   0.0320009   0.0284793   0.0153918   

1485000
-6   -5   -4   -3   -2   -1   0   1   2   3   5   6   7   8   9   10   11   12   13   14   15   16   17   18   
-0.374458   -0.280087   -0.184629   -0.0840815   0.0012965   0.0728712   0.179733   0.285165   0.373391   0.447867   0.615486   0.710263   0.818937   0.926947   1.02787   1.11895   1.13897   1.1903   1.23132   1.27814   1.28534   1.30168   1.29179   1.22504   
0.0135362   0.0108213   0.00914187   0.00800592   0.00577691   0.00395729   0.00393841   0.00403065   0.00475898   0.00580263   0.00826753   0.00989576   0.0116259   0.0134585   0.0154991   0.018253   0.0203797   0.0227425   0.0266563   0.0302923   0.0377798   0.0460167   0.0597607   0.0862491   
-0.0571269   -0.0540121   -0.0509273   -0.048715   -0.0442026   -0.0356978   -0.0344177   -0.0329241   -0.0276605   -0.0197773   -0.0104188   -0.00883566   -0.0102827   -0.0117157   -0.0120535   -0.0113644   0.00411938   0.0119317   0.0193381   0.0244795   0.0304992   0.0319872   0.0286228   0.0158981   

1490000
-6   -5   -4   -3   -2   -1   0   1   3   4   6   7   8   9   10   11   12   13   14   15   16   17   18   
-0.374659   -0.280226   -0.18473   -0.0841543   0.00138066   0.0729165   0.179802   0.285173   0.448087   0.525762   0.709839   0.818486   0.926433   1.02763   1.11843   1.13952   1.19077   1.23205   1.27917   1.28691   1.30351   1.29474   1.23034   
0.0135107   0.0108086   0.00912902   0.00799602   0.00577272   0.00394842   0.00392876   0.00402116   0.00580078   0.00700529   0.00988442   0.0116104   0.0134571   0.0154761   0.0182572   0.0203494   0.0227059   0.0265995   0.0302098   0.0376324   0.0458102   0.0593332   0.0852821   
-0.0570572   -0.0539666   -0.0508938   -0.0486924   -0.0442098   -0.0357063   -0.0344342   -0.0329304   -0.019835   -0.0135836   -0.00874067   -0.0101789   -0.0116034   -0.0119909   -0.0112584   0.00402602   0.0118623   0.019251   0.0243773   0.0304158   0.0319706   0.0287631   0.0163777   

1495000
-6   -5   -4   -3   -2   -1   0   1   2   3   4   5   6   7   8   9   10   11   12   13   14   15   16   17   18   
-0.374855   -0.280361   -0.184832   -0.0842245   0.00147142   0.0729613   0.179867   0.285179   0.373198   0.448249   0.525904   0.615022   0.70942   0.818039   0.925914   1.02739   1.11789   1.14006   1.19124   1.23277   1.28019   1.28845   1.30533   1.29761   1.23575   
0.0134878   0.0107966   0.00911634   0.00798608   0.00576887   0.00393965   0.00391914   0.00401177   0.0047464   0.00579851   0.00700062   0.00825066   0.00987318   0.0115949   0.0134567   0.0154531   0.0182637   0.0203194   0.0226698   0.0265431   0.030128   0.0374871   0.0456033   0.0589204   0.0843022   
-0.0569888   -0.0539219   -0.0508602   -0.0486703   -0.0442183   -0.0357147   -0.0344499   -0.032936   -0.0276398   -0.0198802   -0.013625   -0.0103244   -0.00864675   -0.0100758   -0.0114904   -0.0119285   -0.0111497   0.00393251   0.011794   0.019164   0.0242748   0.0303324   0.0319538   0.0288937   0.0168675   

1500000
-8   -6   -4   -3   -2   -1   0   1   2   3   5   6   7   8   9   10   11   12   13   14   15   16   17   18   
-0.482104   -0.375049   -0.184934   -0.0842925   0.00156692   0.0730051   0.179928   0.285181   0.373146   0.448365   0.614797   0.709006   0.817595   0.92539   1.02715   1.11733   1.14061   1.19169   1.23348   1.28121   1.28997   1.30716   1.30045   1.24089   
0.0332172   0.0134678   0.00910379   0.00797612   0.00576536   0.00393099   0.00390956   0.0040025   0.004739   0.0057959   0.00824248   0.00986203   0.0115796   0.0134572   0.0154304   0.0182724   0.0202895   0.0226345   0.026487   0.0300461   0.037344   0.0453969   0.0585131   0.0833807   
-0.0748951   -0.0569215   -0.0508266   -0.0486486   -0.0442278   -0.035723   -0.0344646   -0.0329409   -0.0276393   -0.0199156   -0.0102787   -0.00855408   -0.00997351   -0.0113767   -0.0118663   -0.0110383   0.00383895   0.0117266   0.0190772   0.0241726   0.0302494   0.0319359   0.0290206   0.0173247   

